class,predicate,distinct_objects,total_objects,uniqueness
Person,careerStation,1985932,1985932,1.000000
Species,careerStation,1985932,1985932,1.000000
Species,label,1608007,1608007,1.000000
Person,label,1581432,1581432,1.000000
Species,name,1504798,1773252,0.848609
Person,name,1491875,1759966,0.847673
Species,thumbnail,741786,762700,0.972579
Person,thumbnail,734620,754700,0.973393
Person,termPeriod,469898,469898,1.000000
Species,termPeriod,469897,469897,1.000000
Species,caption,422798,465747,0.907785
Person,caption,420947,463520,0.908153
Person,occupation,310453,509756,0.609023
Species,occupation,310453,509756,0.609023
Person,spouse,277135,528880,0.524004
Species,spouse,277135,528880,0.524004
Person,birthPlace,267743,1674941,0.159852
Species,birthPlace,267742,1674938,0.159852
Person,birthName,262716,265785,0.988453
Species,birthName,262714,265783,0.988453
Person,predecessor,243974,342861,0.711583
Species,predecessor,243974,342861,0.711583
Person,successor,232477,310550,0.748598
Species,successor,232477,310550,0.748598
Person,birthName,206264,207702,0.993077
Species,birthName,206263,207701,0.993077
Species,fullname,194014,196503,0.987334
Person,fullname,194013,196502,0.987333
Person,currentMember,189445,555975,0.340744
Species,currentMember,189445,555974,0.340744
Species,title,155368,458422,0.338919
Person,title,155209,458251,0.338699
Person,occupation,137335,680314,0.201870
Species,occupation,137335,680310,0.201871
Person,birthPlace,128318,1707413,0.075153
Species,birthPlace,128318,1707411,0.075154
Species,wikiPageUsesTemplate,124766,16219428,0.007692
Person,wikiPageUsesTemplate,123401,16063645,0.007682
Person,office,120389,375707,0.320433
Species,office,120389,375706,0.320434
Person,knownFor,119406,150806,0.791785
Species,knownFor,119406,150806,0.791785
Species,deathPlace,116916,554877,0.210706
Person,deathPlace,116907,554852,0.210699
Person,after,115850,157136,0.737259
Species,after,115850,157136,0.737259
Person,before,113858,156775,0.726251
Species,before,113858,156775,0.726251
Person,birthDate,109875,1323199,0.083037
Species,birthDate,109874,1323197,0.083037
Species,deathDate,102303,561954,0.182049
Person,deathDate,102258,561268,0.182191
Person,birthDate,93292,1132001,0.082413
Species,birthDate,93292,1132000,0.082413
Person,clubs,92291,1251830,0.073725
Species,clubs,92291,1251830,0.073725
Person,deathDate,83743,439762,0.190428
Species,deathDate,83743,439761,0.190428
Species,url,74210,78371,0.946906
Person,url,74000,78058,0.948013
Person,spouse,68213,73618,0.926580
Species,spouse,68213,73618,0.926580
Person,children,66933,197046,0.339682
Species,children,66933,197046,0.339682
Person,website,63180,64179,0.984434
Species,website,63180,64179,0.984434
Person,other,62473,143943,0.434012
Species,other,62473,143943,0.434012
Person,knownFor,61280,96563,0.634612
Species,knownFor,61280,96563,0.634612
Species,awards,59425,180687,0.328884
Person,awards,58394,176918,0.330063
AdministrativeRegion,label,57273,57273,1.000000
Person,deathPlace,56078,529011,0.106005
Species,deathPlace,56078,529010,0.106006
Person,youthclubs,55316,210034,0.263367
Species,youthclubs,55316,210034,0.263367
Person,votes,55002,116828,0.470795
Species,votes,55002,116828,0.470795
Person,relatives,52894,69460,0.761503
Species,relatives,52894,69460,0.761503
Person,child,52714,63779,0.826510
Species,child,52714,63779,0.826510
Person,education,52658,201956,0.260740
Species,education,52658,201956,0.260740
Person,termEnd,52582,356385,0.147543
Species,termEnd,52582,356384,0.147543
Person,termStart,52186,415405,0.125627
Species,termStart,52186,415404,0.125627
Person,team,51781,1644514,0.031487
Species,team,51781,1644514,0.031487
Person,parents,50445,56786,0.888335
Species,parents,50445,56786,0.888335
Person,candidate,49960,61581,0.811289
Species,candidate,49960,61581,0.811289
Person,nativeName,48610,52893,0.919025
Species,nativeName,48610,52893,0.919025
Species,id,45881,50331,0.911585
Person,id,45752,50175,0.911849
Person,almaMater,44967,312787,0.143762
Species,almaMater,44967,312787,0.143762
Person,notableWorks,43189,49153,0.878665
Species,notableWorks,43189,49153,0.878665
Person,associatedActs,42486,67895,0.625760
Species,associatedActs,42486,67895,0.625760
Species,source,41882,42952,0.975088
Person,source,41838,42896,0.975336
Person,fullName,39339,40498,0.971381
Species,fullName,39339,40498,0.971381
Person,militaryCommand,39227,59263,0.661914
Species,militaryCommand,39227,59263,0.661914
Species,issue,38130,51585,0.739168
Person,issue,38129,51584,0.739163
AdministrativeRegion,name,38007,41823,0.908758
AdministrativeRegion,thumbnail,36564,39600,0.923333
Person,father,35597,46273,0.769282
Species,father,35597,46273,0.769282
Person,associatedBand,34530,68134,0.506795
Person,associatedMusicalArtist,34530,68134,0.506795
Species,associatedBand,34530,68134,0.506795
Species,associatedMusicalArtist,34530,68134,0.506795
Person,parent,34324,52465,0.654227
Species,parent,34324,52465,0.654227
Person,otherNames,33927,36355,0.933214
Species,otherNames,33927,36355,0.933214
Species,label,33592,82552,0.406919
Person,label,33551,82507,0.406644
Person,title,33450,58594,0.570878
Species,title,33450,58594,0.570878
Person,relative,31819,42667,0.745752
Species,relative,31819,42667,0.745752
Person,managerclubs,31037,153135,0.202677
Species,managerclubs,31037,153135,0.202677
Person,successor,30179,33430,0.902752
Species,successor,30179,33430,0.902752
Person,imdbId,29199,29232,0.998871
Species,imdbId,29199,29232,0.998871
Species,alt,29044,30672,0.946922
Person,alt,29002,30630,0.946849
Person,relation,27236,35653,0.763919
Species,relation,27236,35653,0.763919
Person,highlights,26600,39504,0.673350
Species,highlights,26600,39504,0.673350
AdministrativeRegion,wikiPageUsesTemplate,26341,644195,0.040890
Person,predecessor,26035,29148,0.893200
Species,predecessor,26035,29148,0.893200
AdministrativeRegion,populationTotal,24908,33541,0.742614
Species,award,24648,215247,0.114510
Person,commands,24584,63965,0.384335
Species,commands,24584,63965,0.384335
Person,award,24480,212577,0.115158
Person,team,24228,159253,0.152135
Species,team,24228,159253,0.152135
Person,pfr,24041,24074,0.998629
Species,pfr,24041,24074,0.998629
Person,mother,23148,30013,0.771266
Species,mother,23148,30013,0.771266
Person,constituency,22450,60717,0.369748
Species,constituency,22450,60717,0.369748
Person,residence,21970,44989,0.488342
Species,residence,21970,44989,0.488342
Person,battles,21495,85054,0.252722
Species,battles,21495,85054,0.252722
Person,club,21483,108122,0.198692
Species,club,21483,108122,0.198692
Person,signature,21432,21648,0.990022
Species,signature,21432,21648,0.990022
AdministrativeRegion,populationTotal,21346,24545,0.869668
Person,relations,21257,25338,0.838938
Species,relations,21257,25338,0.838938
Person,alias,21230,23396,0.907420
Species,alias,21230,23396,0.907420
Person,currentclub,20543,103381,0.198712
Species,currentclub,20543,103381,0.198712
Person,militaryService,20018,20018,1.000000
Species,militaryService,20018,20018,1.000000
Person,teams,19821,36313,0.545838
Species,teams,19821,36313,0.545838
Person,managerClub,19629,117809,0.166617
Species,managerClub,19629,117809,0.166617
Person,pastteams,18532,26393,0.702156
Species,pastteams,18532,26393,0.702156
Person,restingPlace,18372,35481,0.517798
Species,restingPlace,18371,35480,0.517785
Person,almaMater,18281,264352,0.069154
Species,almaMater,18281,264352,0.069154
Person,br,18181,18185,0.999780
Species,br,18181,18185,0.999780
Person,brm,18125,18139,0.999228
Species,brm,18125,18139,0.999228
Person,workplaces,18105,73512,0.246286
Species,workplaces,18105,73512,0.246286
Person,education,17739,155956,0.113744
Species,education,17739,155956,0.113744
Person,nickname,17706,23551,0.751815
Species,nickname,17706,23551,0.751815
Person,notableworks,17247,18514,0.931565
Species,notableworks,17247,18514,0.931565
Species,years,17099,1599936,0.010687
Person,years,17092,1599923,0.010683
Person,thesisTitle,16846,16969,0.992751
Species,thesisTitle,16846,16969,0.992751
Person,succeeded,16570,18566,0.892492
Species,succeeded,16570,18566,0.892492
AdministrativeRegion,areaTotal,16547,22848,0.724221
AdministrativeRegion,areaTotal,16547,22848,0.724221
Person,genre,16454,172538,0.095364
Species,genre,16454,172533,0.095367
Person,alongside,16423,23137,0.709815
Species,alongside,16423,23137,0.709815
AdministrativeRegion,subdivision,16409,60944,0.269247
Person,preceded,16362,18762,0.872082
Species,preceded,16362,18762,0.872082
Person,highSchool,16195,54323,0.298124
Species,highSchool,16195,54323,0.298124
Person,party,15625,231921,0.067372
Species,party,15625,231920,0.067372
Person,percentage,15612,95305,0.163811
Species,percentage,15612,95305,0.163811
AdministrativeRegion,imageMap,15469,18296,0.845485
ChemicalCompound,alternativeName,15260,15322,0.995954
Person,birthname,15109,15251,0.990689
Species,birthname,15109,15251,0.990689
Person,residence,15037,44035,0.341478
Species,residence,15037,44035,0.341478
Person,doctoralAdvisor,14781,20698,0.714127
Species,doctoralAdvisor,14781,20698,0.714127
ChemicalCompound,imagefile,14457,16208,0.891967
ChemicalCompound,label,14447,14447,1.000000
AdministrativeRegion,p,14363,16200,0.886605
Person,originalName,13958,14216,0.981851
Species,originalName,13958,14216,0.981851
ChemicalCompound,iupacName,13819,13843,0.998266
Person,restingPlace,13803,53013,0.260370
Species,restingPlace,13803,53013,0.260370
Person,employer,13781,23029,0.598419
Species,employer,13781,23029,0.598419
ChemicalCompound,thumbnail,13246,13581,0.975333
Species,hangul,13241,15329,0.863788
Person,hangul,13225,15312,0.863702
AdministrativeRegion,areaTotalKm,13189,16890,0.780876
Person,coachTeam,13159,60734,0.216666
Species,coachTeam,13159,60734,0.216666
AdministrativeRegion,mapCaption,12614,18366,0.686813
Species,p,12462,13117,0.950065
Person,p,12440,13095,0.949981
Person,doctoralStudents,12401,13841,0.895961
Species,doctoralStudents,12401,13841,0.895961
Person,pastcoaching,12381,20831,0.594355
Species,pastcoaching,12381,20831,0.594355
Species,with,12311,14169,0.868869
Person,with,12310,14168,0.868859
AdministrativeRegion,seat,12246,14140,0.866054
ChemicalCompound,othernames,12189,15181,0.802912
Species,genus,12132,17515,0.692663
Person,highschool,11760,36488,0.322298
Species,highschool,11760,36488,0.322298
Person,notableWork,11738,12282,0.955708
Species,notableWork,11738,12282,0.955708
Person,names,11481,12161,0.944084
Species,names,11481,12161,0.944084
AdministrativeRegion,subdivisionName,11361,64412,0.176380
Species,image,11135,11830,0.941251
Species,quote,11107,11374,0.976525
Person,quote,11020,11287,0.976344
Person,battle,10994,107504,0.102266
Species,battle,10994,107504,0.102266
Person,pastMemberOf,10973,16778,0.654011
Species,pastMemberOf,10973,16778,0.654011
Person,image,10901,11595,0.940147
Person,fields,10874,39546,0.274971
Species,fields,10874,39546,0.274971
Person,coach,10854,15445,0.702752
Species,coach,10854,15445,0.702752
Person,overallRecord,10802,12692,0.851087
Species,overallRecord,10802,12692,0.851087
AdministrativeRegion,politicalLeader,10404,10404,1.000000
Person,party,10315,230771,0.044698
Species,party,10315,230770,0.044698
Person,profession,10270,45918,0.223660
Species,profession,10270,45918,0.223660
Person,doctoralStudent,10237,10717,0.955211
Species,doctoralStudent,10237,10717,0.955211
Person,mlb,10228,10235,0.999316
Species,mlb,10228,10235,0.999316
Species,date,10147,147798,0.068655
Person,date,10141,147210,0.068888
Species,origin,10038,28064,0.357682
Person,espn,9971,10059,0.991252
Species,espn,9971,10059,0.991252
Person,partner,9950,10935,0.909922
Species,partner,9950,10935,0.909922
Person,termstart,9874,28005,0.352580
Species,termstart,9874,28005,0.352580
AdministrativeRegion,leaderName,9801,11697,0.837907
AdministrativeRegion,nativeName,9696,11279,0.859651
Person,signature,9695,9701,0.999382
Species,signature,9695,9701,0.999382
Person,consecration,9632,12692,0.758903
Species,consecration,9632,12692,0.758903
Person,employer,9446,19493,0.484584
Species,employer,9446,19493,0.484584
Person,fangraphs,9408,9410,0.999787
Species,fangraphs,9408,9410,0.999787
Person,institution,9387,54871,0.171074
Species,institution,9387,54871,0.171074
Species,s,9383,12307,0.762412
Person,s,9372,12295,0.762261
Person,thesisUrl,9334,9616,0.970674
Species,thesisUrl,9334,9616,0.970674
Person,origin,9285,26133,0.355298
Person,number,9256,100340,0.092246
Species,number,9256,100340,0.092246
Person,nationality,9061,317908,0.028502
Species,nationality,9061,317906,0.028502
Person,personFunction,9031,9031,1.000000
Species,personFunction,9031,9031,1.000000
AdministrativeRegion,imageSkyline,9014,9285,0.970813
AdministrativeRegion,caption,8980,11057,0.812155
AdministrativeRegion,imageCaption,8911,9092,0.980092
Person,unit,8767,28675,0.305737
Species,unit,8767,28675,0.305737
Person,field,8759,38029,0.230324
Species,field,8759,38029,0.230324
Person,termend,8750,22424,0.390207
Species,termend,8750,22424,0.390207
Person,college,8719,63950,0.136341
Species,college,8719,63950,0.136341
Person,recordLabel,8704,59367,0.146613
Species,recordLabel,8704,59367,0.146613
Person,family,8658,11243,0.770079
Species,family,8658,11243,0.770079
Species,race,8625,48100,0.179314
Person,order,8547,38505,0.221971
Species,order,8547,38505,0.221971
AdministrativeRegion,originalName,8418,9012,0.934088
Person,doctoralAdvisor,8326,13023,0.639330
Species,doctoralAdvisor,8326,13023,0.639330
AdministrativeRegion,repname,8301,9475,0.876095
Person,1namedata,8295,17213,0.481903
Species,1namedata,8295,17213,0.481903
Person,deputy,7981,9502,0.839928
Species,deputy,7981,9502,0.839928
Person,organization,7910,10083,0.784489
Species,organization,7910,10083,0.784489
AdministrativeRegion,website,7822,7953,0.983528
Species,species,7773,11296,0.688120
Species,reason,7677,11228,0.683737
Person,reason,7652,11202,0.683092
Species,binomial,7632,7646,0.998169
Person,placeofburial,7620,13599,0.560335
Species,placeofburial,7620,13599,0.560335
Species,t,7560,7661,0.986816
Person,t,7550,7651,0.986799
Person,deliveries,7520,30997,0.242604
Person,number,7520,46684,0.161083
Species,deliveries,7520,30997,0.242604
Species,number,7520,46684,0.161083
Person,hometown,7238,29963,0.241565
Species,hometown,7238,29963,0.241565
Person,ordination,7137,12027,0.593415
Species,ordination,7137,12027,0.593415
Person,careerPrizeMoney,7133,7231,0.986447
Species,careerPrizeMoney,7133,7231,0.986447
Person,careerprizemoney,7080,7204,0.982787
Species,careerprizemoney,7080,7204,0.982787
Species,c,6854,7142,0.959675
Person,c,6842,7130,0.959607
Person,otherparty,6830,32751,0.208543
Species,otherparty,6830,32751,0.208543
Person,instrument,6773,63774,0.106203
Species,instrument,6773,63774,0.106203
Person,change,6647,14037,0.473534
Species,change,6647,14037,0.473534
ChemicalCompound,verifiedrevid,6631,6770,0.979468
Person,burialPlace,6481,10209,0.634832
Species,burialPlace,6481,10209,0.634832
Species,trainer,6476,14887,0.435010
Person,academicDiscipline,6400,53420,0.119805
Species,academicDiscipline,6400,53420,0.119805
Person,pcupdate,6396,40961,0.156149
Species,pcupdate,6396,40961,0.156149
AdministrativeRegion,officialName,6313,6674,0.945909
Person,previousPost,6268,10622,0.590096
Species,previousPost,6268,10622,0.590096
Person,retro,6244,6245,0.999840
Species,retro,6244,6245,0.999840
Person,amateurteam,6228,9077,0.686130
Species,amateurteam,6228,9077,0.686130
Person,cteam,6186,17529,0.352901
Species,cteam,6186,17529,0.352901
AdministrativeRegion,s,6162,7603,0.810470
Person,pb,6158,16785,0.366875
Species,pb,6158,16785,0.366875
Person,runs,6120,37971,0.161176
Species,runs,6120,37971,0.161176
Species,synonym,6055,6111,0.990836
Person,militaryUnit,6019,20004,0.300890
Species,militaryUnit,6019,20004,0.300890
Person,appointed,5821,8038,0.724185
Species,appointed,5821,8038,0.724185
Species,genusAuthority,5806,8433,0.688486
Species,subdivision,5798,6421,0.902975
Species,hanja,5710,6232,0.916239
Person,hanja,5705,6227,0.916172
Star,label,5698,5698,1.000000
Person,primeminister,5688,39918,0.142492
Species,primeminister,5688,39918,0.142492
Person,prizes,5658,11862,0.476985
Species,prizes,5658,11862,0.476985
Person,movement,5626,17889,0.314495
Species,movement,5626,17889,0.314495
Person,succession,5617,18989,0.295803
Species,succession,5617,18989,0.295803
Person,ntupdate,5577,22394,0.249040
Species,ntupdate,5577,22394,0.249040
Person,laterwork,5573,7151,0.779332
Species,laterwork,5573,7151,0.779332
AdministrativeRegion,blankInfoSec,5540,7617,0.727320
Person,pseudonym,5513,5590,0.986225
Species,pseudonym,5513,5590,0.986225
Person,consecratedBy,5508,10766,0.511611
Species,consecratedBy,5508,10766,0.511611
Person,pseudonym,5506,5737,0.959735
Species,pseudonym,5506,5737,0.959735
Person,workInstitutions,5487,13405,0.409325
Species,updated,5487,21022,0.261012
Species,workInstitutions,5487,13405,0.409325
Person,rank,5473,66668,0.082093
Species,rank,5473,66668,0.082093
Person,mainInterests,5426,13732,0.395135
Species,mainInterests,5426,13729,0.395222
Species,text,5419,8717,0.621659
Person,text,5416,8714,0.621529
Person,honorificSuffix,5358,36952,0.144999
Species,honorificSuffix,5358,36952,0.144999
Species,horsename,5330,5358,0.994774
Person,works,5323,6103,0.872194
Species,works,5323,6103,0.872194
Species,wstitle,5283,5558,0.950522
Person,wstitle,5282,5557,0.950513
AdministrativeRegion,postalCode,5271,7082,0.744281
Person,reign,5231,21954,0.238271
Species,reign,5231,21954,0.238271
Person,constituencyMp,5229,12378,0.422443
Species,constituencyMp,5229,12378,0.422443
Species,imageCaption,5223,5510,0.947913
Species,dam,5195,5615,0.925200
Person,goals,5188,629277,0.008244
Species,goals,5188,629277,0.008244
Star,parallax,5156,5449,0.946229
Person,television,5091,8743,0.582294
Species,television,5091,8743,0.582294
Person,othername,5072,5236,0.968678
Species,othername,5072,5236,0.968678
AdministrativeRegion,location,5056,16886,0.299420
Person,governor,5028,14906,0.337314
Species,governor,5028,14906,0.337314
Person,playerTeam,5002,15526,0.322169
Species,playerTeam,5002,15526,0.322169
Person,proteam,4993,9255,0.539492
Species,proteam,4993,9255,0.539492
AdministrativeRegion,pop,4986,7389,0.674787
Person,president,4984,42862,0.116280
Species,president,4984,42862,0.116280
Person,statvalue,4949,62525,0.079152
Species,statvalue,4949,62525,0.079152
Person,updated,4945,19208,0.257445
Person,allegiance,4943,33556,0.147306
Species,allegiance,4943,33556,0.147306
Person,clubUpdate,4937,59972,0.082322
Species,clubUpdate,4937,59972,0.082322
Person,bowlAvg,4784,30064,0.159127
Species,bowlAvg,4784,30064,0.159127
Person,batAvg,4780,37843,0.126311
Species,batAvg,4780,37843,0.126311
Person,majority,4749,5838,0.813464
Species,majority,4749,5838,0.813464
Person,formerTeam,4711,178481,0.026395
Species,formerTeam,4711,178481,0.026395
Person,otherPost,4624,7229,0.639646
Species,otherPost,4624,7229,0.639646
Person,race,4592,23388,0.196340
Person,significantBuildings,4560,4892,0.932134
Species,significantBuildings,4560,4892,0.932134
Person,currentMemberOf,4545,6792,0.669170
Species,currentMemberOf,4545,6792,0.669170
AdministrativeRegion,centre,4543,4609,0.985680
Person,training,4511,9147,0.493167
Species,training,4511,9147,0.493167
AdministrativeRegion,postalCode,4506,6773,0.665289
Species,earnings,4485,4597,0.975636
Person,influences,4459,9167,0.486419
Species,influences,4459,9167,0.486419
Person,nationalteam,4453,193232,0.023045
Species,nationalteam,4453,193232,0.023045
Species,m,4372,8848,0.494123
Person,subject,4368,7481,0.583879
Species,subject,4368,7481,0.583879
AdministrativeRegion,url,4346,4973,0.873919
Person,father,4331,4737,0.914292
Species,father,4331,4737,0.914292
Person,oldId,4324,4547,0.950957
Species,oldId,4324,4547,0.950957
Person,school,4303,12356,0.348252
Species,school,4303,12356,0.348252
Person,branch,4301,51288,0.083860
Species,branch,4301,51288,0.083860
Person,genre,4300,148914,0.028876
Species,genre,4300,148910,0.028877
Person,significantBuilding,4292,4622,0.928602
Species,significantBuilding,4292,4622,0.928602
Person,activeYearsStartDate,4254,5951,0.714838
Species,activeYearsStartDate,4254,5951,0.714838
Star,propMoRa,4254,4354,0.977033
Star,propMoDec,4224,4328,0.975970
Person,academicAdvisors,4182,5380,0.777323
Species,academicAdvisors,4182,5380,0.777323
Person,restingplace,4164,8087,0.514900
Species,restingplace,4164,8087,0.514900
Person,as,4152,7637,0.543669
Species,as,4152,7637,0.543669
Species,owner,4146,6951,0.596461
Person,spouses,4120,6567,0.627379
Species,spouses,4120,6567,0.627379
Person,currentTeam,4091,10033,0.407754
Species,currentTeam,4091,10033,0.407754
Species,synonyms,4082,4148,0.984089
Person,club,4081,14906,0.273782
Species,club,4081,14906,0.273782
Person,raceHorse,4054,5875,0.690043
Species,raceHorse,4054,5875,0.690043
AdministrativeRegion,imageFlag,4046,4383,0.923112
ChemicalCompound,name,4045,4501,0.898689
Person,trainer,4032,8336,0.483685
Person,honorificPrefix,4028,72205,0.055786
Species,honorificPrefix,4028,72205,0.055786
Person,subDiscipline,4006,7740,0.517571
Species,subDiscipline,4006,7740,0.517571
Person,newId,4001,4280,0.934813
Species,newId,4001,4280,0.934813
Person,originalteam,4000,12685,0.315333
Species,originalteam,4000,12685,0.315333
AdministrativeRegion,nearS,3994,5083,0.785756
Person,hometown,3974,5938,0.669249
Species,hometown,3974,5938,0.669249
AdministrativeRegion,nearN,3973,5058,0.785488
Person,partner,3966,4146,0.956585
Species,partner,3966,4146,0.956585
Species,horses,3966,5264,0.753419
Person,horses,3965,5263,0.753373
Species,imageName,3942,4453,0.885246
AdministrativeRegion,east,3932,4634,0.848511
Person,activeYearsEndDate,3928,4978,0.789072
Species,activeYearsEndDate,3928,4978,0.789072
Species,mm,3922,7078,0.554111
Person,nationalteamUpdate,3913,17947,0.218031
Species,nationalteamUpdate,3913,17947,0.218031
AdministrativeRegion,nearW,3907,5042,0.774891
AdministrativeRegion,north,3900,4647,0.839251
AdministrativeRegion,west,3898,4625,0.842811
AdministrativeRegion,south,3892,4619,0.842607
AdministrativeRegion,nearE,3881,5149,0.753739
Person,boards,3876,4341,0.892882
Species,boards,3876,4341,0.892882
Person,notableStudents,3848,4359,0.882771
Species,notableStudents,3848,4359,0.882771
Person,motto,3813,5820,0.655155
Species,motto,3813,5820,0.655155
Person,diocese,3767,15234,0.247276
Species,diocese,3767,15234,0.247276
Species,binomialAuthority,3767,7530,0.500266
Species,race,3729,45616,0.081748
Species,author,3709,5376,0.689918
Person,orderInOffice,3705,6094,0.607975
Species,orderInOffice,3705,6094,0.607975
Person,author,3704,5371,0.689629
Person,allegiance,3703,41647,0.088914
Species,allegiance,3703,41647,0.088914
Person,playedFor,3675,48237,0.076186
Species,playedFor,3675,48237,0.076186
Person,workInstitution,3665,9551,0.383729
Species,workInstitution,3665,9551,0.383729
Species,breeder,3654,5734,0.637251
Person,draftPick,3613,25398,0.142255
Species,draftPick,3613,25398,0.142255
AdministrativeRegion,nearSw,3560,4655,0.764769
Person,position,3555,350514,0.010142
Species,position,3555,350514,0.010142
AdministrativeRegion,nearNw,3543,4678,0.757375
ChemicalCompound,iupacname,3510,6059,0.579304
Person,event,3505,40281,0.087014
Species,event,3505,40281,0.087014
Species,mmm,3504,4241,0.826220
AdministrativeRegion,nearSe,3489,4684,0.744876
Person,credits,3470,4592,0.755662
Species,credits,3470,4592,0.755662
AdministrativeRegion,nearNe,3456,4665,0.740836
Person,postseason,3429,20760,0.165173
Species,postseason,3429,20760,0.165173
Species,genus,3424,6478,0.528558
Person,motto,3417,3845,0.888687
Species,motto,3417,3845,0.888687
Person,discipline,3410,27811,0.122613
Species,discipline,3410,27811,0.122613
Species,typeSpecies,3360,3367,0.997921
Person,serviceNumber,3356,3383,0.992019
Species,serviceNumber,3356,3383,0.992019
Person,highschool,3316,5313,0.624129
Species,highschool,3316,5313,0.624129
Person,regent,3286,4294,0.765254
Species,regent,3286,4294,0.765254
Person,term,3285,32083,0.102391
Species,term,3285,32083,0.102391
AdministrativeRegion,demoCsd,3255,5954,0.546691
Person,careerhighlights,3249,3637,0.893319
Species,careerhighlights,3249,3637,0.893319
Person,college,3212,25210,0.127410
Species,college,3212,25210,0.127410
Person,sname,3196,3204,0.997503
Species,sname,3196,3204,0.997503
Species,family,3194,20595,0.155086
Person,imageName,3191,3212,0.993462
Person,titles,3183,7295,0.436326
Species,titles,3183,7295,0.436326
Species,last,3180,7215,0.440748
Person,last,3179,7214,0.440671
AdministrativeRegion,area,3149,3591,0.876915
Species,mmmm,3138,3945,0.795437
AdministrativeRegion,areaLand,3118,4622,0.674600
Person,stat2value,3117,24731,0.126036
Species,stat2value,3117,24731,0.126036
Person,ordainedBy,3114,4854,0.641533
Species,ordainedBy,3114,4854,0.641533
Person,votesmart,3107,3133,0.991701
Species,votesmart,3107,3133,0.991701
Star,class,3106,5954,0.521666
Species,style,3085,16491,0.187072
Person,style,3084,16490,0.187022
AdministrativeRegion,percentage,3046,4054,0.751357
Person,majorwins,3026,6173,0.490199
Species,majorwins,3026,6173,0.490199
Person,sherdog,2987,2987,1.000000
Species,sherdog,2987,2987,1.000000
Person,nfl,2978,3479,0.855993
Species,nfl,2978,3479,0.855993
AdministrativeRegion,place,2974,2977,0.998992
AdministrativeRegion,countySeat,2969,2973,0.998655
Species,familia,2965,16325,0.181623
AdministrativeRegion,capital,2951,3526,0.836926
AdministrativeRegion,largestCity,2945,2998,0.982322
Person,fideid,2934,2943,0.996942
Species,fideid,2934,2943,0.996942
Person,draftpick,2929,19282,0.151903
Species,draftpick,2929,19282,0.151903
Person,bbr,2910,2913,0.998970
Species,bbr,2910,2913,0.998970
Species,damsire,2910,5565,0.522911
AdministrativeRegion,votes,2910,4450,0.653933
Person,office,2908,3763,0.772788
Species,office,2908,3763,0.772788
Person,ribbon,2891,46119,0.062686
Species,ribbon,2891,46119,0.062686
Galaxy,label,2888,2888,1.000000
AdministrativeRegion,exImage,2888,2901,0.995519
Person,influenced,2879,3637,0.791586
Species,influenced,2879,3637,0.791586
AdministrativeRegion,exImageCap,2876,2936,0.979564
AdministrativeRegion,northeast,2839,3146,0.902416
AdministrativeRegion,southeast,2834,3180,0.891195
Species,trainer,2830,10527,0.268833
Person,yearsActive,2823,151305,0.018658
Species,yearsActive,2823,151304,0.018658
Person,deathCause,2822,10305,0.273848
Species,deathCause,2822,10305,0.273848
AdministrativeRegion,southwest,2805,3125,0.897600
AdministrativeRegion,value,2803,7169,0.390989
Person,notableIdeas,2793,3121,0.894905
Species,notableIdeas,2793,3121,0.894905
Person,training,2785,9298,0.299527
Species,training,2785,9298,0.299527
AdministrativeRegion,northwest,2763,3090,0.894175
Person,bwfbadmintonId,2758,2759,0.999638
Species,bwfbadmintonId,2758,2759,0.999638
Person,2a,2742,3983,0.688426
Species,2a,2742,3983,0.688426
Person,academicAdvisor,2731,3349,0.815467
Species,academicAdvisor,2731,3349,0.815467
Person,nationality,2730,127782,0.021365
Species,nationality,2730,127781,0.021365
Species,sire,2714,5618,0.483090
Person,d,2712,4562,0.594476
Species,d,2712,4562,0.594476
Person,location,2708,4809,0.563111
Species,location,2708,4809,0.563111
Person,citizenship,2706,30018,0.090146
Species,citizenship,2706,30017,0.090149
Person,school,2704,11439,0.236384
Species,school,2704,11439,0.236384
Person,1a,2699,3896,0.692762
Species,1a,2699,3896,0.692762
Person,minister,2693,4166,0.646423
Species,minister,2693,4166,0.646423
Person,notableStudent,2676,2867,0.933380
Species,notableStudent,2676,2867,0.933380
Species,foaled,2670,5615,0.475512
Person,ended,2663,3134,0.849713
Species,ended,2663,3134,0.849713
Galaxy,name,2659,2743,0.969377
Galaxy,thumbnail,2654,2709,0.979697
AdministrativeRegion,populationDensity,2651,4118,0.643759
AdministrativeRegion,populationDensity,2651,4118,0.643759
Person,enthroned,2645,2992,0.884024
Person,realname,2645,2734,0.967447
Species,enthroned,2645,2992,0.884024
Species,realname,2645,2734,0.967447
Galaxy,caption,2634,2685,0.981006
Species,mf,2627,7109,0.369532
ChemicalCompound,pin,2622,5609,0.467463
Person,report,2611,2813,0.928191
Species,report,2611,2813,0.928191
Person,district,2599,43318,0.059998
Species,district,2599,43318,0.059998
Person,board,2575,3041,0.846761
Species,board,2575,3041,0.846761
Species,video,2572,4322,0.595095
Person,video,2570,4317,0.595321
Person,diocese,2562,8255,0.310357
Species,diocese,2562,8255,0.310357
Person,servicenumber,2556,3350,0.762985
Species,servicenumber,2556,3350,0.762985
Person,bowlname,2555,6296,0.405813
Species,bowlname,2555,6296,0.405813
Person,formerTeams,2531,22035,0.114863
Species,formerTeams,2531,22035,0.114863
AdministrativeRegion,id,2521,2770,0.910108
Star,temperature,2514,3699,0.679643
Species,data,2500,3746,0.667379
Person,stat3value,2497,24554,0.101694
Species,stat3value,2497,24554,0.101694
Person,data,2494,3739,0.667023
Person,serviceyears,2481,48708,0.050936
Species,serviceyears,2481,48708,0.050936
Species,f,2475,7296,0.339227
Person,amatteam,2469,8230,0.300000
Species,amatteam,2469,8230,0.300000
AdministrativeRegion,establishedDate,2468,6199,0.398129
ChemicalCompound,imagename,2465,2922,0.843600
AdministrativeRegion,conventionalLongName,2439,2542,0.959481
AdministrativeRegion,nameLocal,2438,2793,0.872897
Person,constituencyAm,2433,5266,0.462021
Species,constituencyAm,2433,5266,0.462021
Person,agent,2422,6256,0.387148
Species,agent,2422,6256,0.387148
AdministrativeRegion,population,2407,3142,0.766073
Person,see,2391,4830,0.495031
Species,see,2391,4830,0.495031
Person,patronage,2386,3040,0.784868
Species,patronage,2386,3040,0.784868
Person,stat1value,2359,25013,0.094311
Species,stat1value,2359,25013,0.094311
Person,appointer,2343,12096,0.193700
Species,appointer,2343,12096,0.193700
Person,activeYearsStartYear,2338,227120,0.010294
Species,activeYearsStartYear,2338,227119,0.010294
Person,buried,2337,3606,0.648087
Species,buried,2337,3606,0.648087
Species,fm,2328,7161,0.325094
Species,foalDate,2327,2705,0.860259
Species,mmf,2327,4258,0.546501
AdministrativeRegion,t,2317,2404,0.963810
AdministrativeRegion,namedFor,2313,3122,0.740871
Person,coatOfArms,2303,2606,0.883730
Species,coatOfArms,2303,2606,0.883730
Person,race,2298,22847,0.100582
AdministrativeRegion,demographics1Info,2295,4334,0.529534
Person,house,2292,13533,0.169364
Species,house,2292,13533,0.169364
AdministrativeRegion,web,2284,2284,1.000000
AdministrativeRegion,elevation,2280,5011,0.454999
AdministrativeRegion,areaKm,2270,2699,0.841052
Person,careerNumber,2259,5035,0.448659
Species,careerNumber,2259,5035,0.448659
Person,2namedata,2233,3193,0.699342
Species,2namedata,2233,3193,0.699342
Person,activeYearsEndYear,2226,108787,0.020462
Species,activeYearsEndYear,2226,108787,0.020462
Galaxy,z,2221,2416,0.919288
Star,luminosity,2216,3410,0.649853
Star,appmagV,2194,5761,0.380837
Species,note,2192,9387,0.233514
Person,coronation,2183,2641,0.826581
Species,coronation,2183,2641,0.826581
AdministrativeRegion,commonName,2178,2311,0.942449
Species,footer,2172,2225,0.976180
AdministrativeRegion,established,2171,4678,0.464087
Person,footer,2158,2211,0.976029
Person,note,2152,9347,0.230234
Species,mmmf,2152,3946,0.545362
AdministrativeRegion,seatWl,2132,2824,0.754958
Person,formercoach,2131,3332,0.639556
Species,formercoach,2131,3332,0.639556
Species,first,2125,8440,0.251777
Person,first,2124,8437,0.251748
AdministrativeRegion,title,2121,2692,0.787890
Species,mfm,2116,4246,0.498351
Person,prevSeries,2112,9854,0.214329
Species,prevSeries,2112,9854,0.214329
Species,honours,2099,3516,0.596985
Person,movement,2086,12236,0.170481
Species,movement,2086,12236,0.170481
AdministrativeRegion,largestCityWl,2080,2582,0.805577
Person,vicepresident,2069,2921,0.708319
Species,vicepresident,2069,2921,0.708319
AdministrativeRegion,bishop,2058,2311,0.890524
AdministrativeRegion,populationEst,2050,2069,0.990817
AdministrativeRegion,date,2044,6278,0.325581
Person,coachteams,2041,4264,0.478659
Species,coachteams,2041,4264,0.478659
Species,description,2039,2161,0.943545
Person,description,2038,2160,0.943519
Person,championships,2035,10417,0.195354
Species,championships,2035,10417,0.195354
ChemicalCompound,wikiPageUsesTemplate,2033,171867,0.011829
AdministrativeRegion,areaTotalSqMi,2030,3495,0.580830
AdministrativeRegion,county,2029,5433,0.373458
Person,archive,2016,2051,0.982935
Species,archive,2016,2051,0.982935
Star,absmagV,2011,3944,0.509888
AdministrativeRegion,foundingDate,2011,3522,0.570982
AdministrativeRegion,cathedral,2009,2209,0.909461
Species,w,2005,2412,0.831260
Person,w,2002,2409,0.831050
Person,deathYear,1999,168396,0.011871
Species,deathYear,1999,168396,0.011871
AdministrativeRegion,areaCode,1990,5059,0.393358
Star,pError,1988,5439,0.365508
Person,placeOfBurial,1978,2844,0.695499
Species,placeOfBurial,1978,2844,0.695499
AdministrativeRegion,imageShield,1975,2020,0.977723
Person,retired,1973,14863,0.132746
Species,retired,1973,14863,0.132746
Species,mmfm,1969,3947,0.498860
Person,bishop,1965,2006,0.979561
Species,bishop,1965,2006,0.979561
ChemicalCompound,imagealt,1948,2227,0.874719
Person,apprehended,1936,2283,0.848007
Person,lieutenant,1936,2280,0.849123
Species,apprehended,1936,2283,0.848007
Species,lieutenant,1936,2280,0.849123
AdministrativeRegion,populationDensityKm,1934,20270,0.095412
Person,significantProjects,1912,2022,0.945598
Species,significantProjects,1912,2022,0.945598
Species,typeStrain,1894,1922,0.985432
Star,thumbnail,1889,3490,0.541261
AdministrativeRegion,areaLandSqMi,1883,3325,0.566316
Person,debut,1874,4309,0.434904
Species,debut,1874,4309,0.434904
Star,component,1868,3543,0.527237
Person,militaryBranch,1866,35885,0.051999
Species,militaryBranch,1866,35885,0.051999
Species,fmm,1865,4248,0.439030
Species,mfmm,1861,3945,0.471736
Person,fightingOutOf,1853,4496,0.412144
Species,fightingOutOf,1853,4496,0.412144
Person,notableIdea,1842,2286,0.805774
Species,notableIdea,1842,2286,0.805774
Person,profession,1821,17864,0.101937
Species,profession,1821,17864,0.101937
Person,elected,1816,2231,0.813985
Species,elected,1816,2231,0.813985
Person,adminTeam,1815,4201,0.432040
Species,adminTeam,1815,4201,0.432040
Person,conviction,1808,7974,0.226737
Species,conviction,1808,7974,0.226737
Person,leader,1807,4913,0.367800
Species,leader,1807,4913,0.367800
AdministrativeRegion,city,1807,2039,0.886219
Person,stateOfOrigin,1805,44046,0.040980
Species,stateOfOrigin,1805,44046,0.040980
AdministrativeRegion,elevationM,1805,4298,0.419963
AdministrativeRegion,dist,1800,13042,0.138016
Galaxy,names,1772,1908,0.928721
Person,monarch,1768,17153,0.103072
Species,monarch,1768,17153,0.103072
Person,escutcheon,1764,2202,0.801090
Species,escutcheon,1764,2202,0.801090
Person,influencedBy,1763,4235,0.416293
Species,influencedBy,1763,4235,0.416293
AdministrativeRegion,capital,1754,2306,0.760624
AdministrativeRegion,julPrecipitationMm,1754,2971,0.590374
AdministrativeRegion,pushpinMapCaption,1754,6330,0.277093
Person,parliament,1744,12740,0.136892
Species,parliament,1744,12740,0.136892
Person,birthYear,1743,310325,0.005617
Species,birthYear,1743,310325,0.005617
Person,formerpartner,1736,1862,0.932331
Person,posthumousName,1736,2217,0.783040
Species,formerpartner,1736,1862,0.932331
Species,posthumousName,1736,2217,0.783040
Person,significantProject,1726,1913,0.902248
Species,significantProject,1726,1913,0.902248
Person,tournamentRecord,1721,3739,0.460283
Species,tournamentRecord,1721,3739,0.460283
Galaxy,hRadialV,1717,1982,0.866297
AdministrativeRegion,junPrecipitationMm,1713,2968,0.577156
Person,imageCaption,1706,1736,0.982719
Person,attend,1698,4039,0.420401
Species,attend,1698,4039,0.420401
AdministrativeRegion,postcode,1688,5732,0.294487
AdministrativeRegion,qid,1680,1728,0.972222
AdministrativeRegion,augPrecipitationMm,1678,2969,0.565173
AdministrativeRegion,latin,1664,1678,0.991657
Species,fmmm,1661,3947,0.420826
Star,simbad,1656,1691,0.979302
Person,competitions,1655,4096,0.404053
Species,competitions,1655,4096,0.404053
Species,sire,1649,4459,0.369814
Person,attendance,1641,1860,0.882258
Species,attendance,1641,1860,0.882258
Species,typeSpeciesAuthority,1634,2577,0.634071
AdministrativeRegion,imageCoa,1634,1656,0.986715
AdministrativeRegion,data,1626,1686,0.964413
Person,trainer,1624,5568,0.291667
Person,nobleFamily,1618,5123,0.315831
Species,nobleFamily,1618,5123,0.315831
Person,filename,1615,1679,0.961882
Species,filename,1615,1679,0.961882
AdministrativeRegion,established,1613,2010,0.802488
Person,sport,1611,88491,0.018205
Species,sport,1611,88491,0.018205
Person,nativeNameLang,1609,49901,0.032244
Species,nativeNameLang,1609,49901,0.032244
Person,practice,1602,1762,0.909194
Species,practice,1602,1762,0.909194
Person,apprehended,1599,1690,0.946154
Species,apprehended,1599,1690,0.946154
AdministrativeRegion,area,1594,1825,0.873425
AdministrativeRegion,area,1594,1825,0.873425
Person,consecrationDate,1589,1701,0.934156
Species,consecrationDate,1589,1701,0.934156
Star,radialV,1588,2133,0.744491
Person,bwfId,1587,2435,0.651745
Species,bwfId,1587,2435,0.651745
Person,organizations,1582,2729,0.579700
Species,organizations,1582,2729,0.579700
AdministrativeRegion,synonym,1572,1603,0.980661
AdministrativeRegion,imageMapCaption,1571,1790,0.877654
Person,afl,1565,1567,0.998724
Species,afl,1565,1567,0.998724
Person,ruClubupdate,1559,2706,0.576127
Species,ruClubupdate,1559,2706,0.576127
Person,careerHighlights,1553,2630,0.590494
Species,careerHighlights,1553,2630,0.590494
Star,radius,1552,3462,0.448296
Species,page,1533,3182,0.481772
Person,page,1532,3181,0.481610
Species,ff,1530,7114,0.215069
AdministrativeRegion,mayPrecipitationMm,1519,2968,0.511792
AdministrativeRegion,territory,1517,2047,0.741085
Person,mainInterest,1514,6939,0.218187
Species,mainInterest,1514,6936,0.218281
AdministrativeRegion,otherName,1507,1556,0.968509
AdministrativeRegion,areaCode,1503,4829,0.311245
Person,crest,1500,2022,0.741840
Species,crest,1500,2022,0.741840
Person,cfl,1497,1501,0.997335
Species,cfl,1497,1501,0.997335
Person,majorShrine,1496,1653,0.905021
Species,majorShrine,1496,1653,0.905021
Person,majorShrine,1493,2109,0.707918
Species,majorShrine,1493,2109,0.707918
Person,yahoo,1484,1485,0.999327
Species,yahoo,1484,1485,0.999327
Person,billed,1482,2675,0.554019
Species,billed,1482,2675,0.554019
Person,fec,1478,1485,0.995286
Species,fec,1478,1485,0.995286
Species,j,1477,1479,0.998648
Person,j,1472,1474,0.998643
Person,theywork,1472,1473,0.999321
Species,theywork,1472,1473,0.999321
AdministrativeRegion,sepPrecipitationMm,1465,2970,0.493266
Person,elite,1460,1469,0.993873
Species,elite,1460,1469,0.993873
Person,institutions,1459,3518,0.414724
Species,institutions,1458,3515,0.414794
AdministrativeRegion,enName,1457,1571,0.927435
Species,fmf,1454,4257,0.341555
AdministrativeRegion,image,1449,1479,0.979716
Person,weight,1441,105857,0.013613
Person,weight,1441,105857,0.013613
Species,weight,1441,105857,0.013613
Species,weight,1441,105857,0.013613
Person,field,1438,13942,0.103142
Species,field,1438,13942,0.103142
Person,skatingClub,1434,2458,0.583401
Species,skatingClub,1434,2458,0.583401
Person,soundRecording,1431,1431,1.000000
Species,soundRecording,1431,1431,1.000000
Person,students,1423,1557,0.913937
Species,students,1422,1556,0.913882
Species,mfmf,1419,3947,0.359514
AdministrativeRegion,replink,1411,1631,0.865113
AdministrativeRegion,change,1402,1983,0.707010
AdministrativeRegion,ruName,1399,1525,0.917377
Species,grandsire,1396,5438,0.256712
Person,suboffice,1392,5929,0.234778
Species,suboffice,1392,5929,0.234778
Person,boxrec,1388,1400,0.991429
Species,boxrec,1388,1400,0.991429
Star,mass,1388,4434,0.313036
Person,weight,1382,54676,0.025276
Species,weight,1382,54676,0.025276
Person,nba,1381,1382,0.999276
Species,nba,1381,1382,0.999276
AdministrativeRegion,admCtrName,1381,1432,0.964385
Person,hockeydb,1377,1385,0.994224
Species,fmmf,1377,3947,0.348873
Species,hockeydb,1377,1385,0.994224
Person,highestsinglesranking,1376,8353,0.164731
Species,highestsinglesranking,1376,8353,0.164731
Person,publicwhip,1374,1374,1.000000
Species,publicwhip,1374,1374,1.000000
AdministrativeRegion,areaWater,1374,3924,0.350153
Species,damsire,1373,3708,0.370280
Species,mff,1373,4256,0.322603
AdministrativeRegion,pushpinLabel,1370,1567,0.874282
Person,ruNtupdate,1365,2502,0.545564
Species,ruNtupdate,1365,2502,0.545564
AdministrativeRegion,demographics2Info,1363,2073,0.657501
Person,schoolTradition,1362,5059,0.269223
Species,schoolTradition,1362,5059,0.269223
AdministrativeRegion,pop2010census,1357,1379,0.984046
Person,curlingClub,1356,3945,0.343726
Species,curlingClub,1356,3945,0.343726
Person,1blankname,1353,13185,0.102617
Species,1blankname,1353,13185,0.102617
Person,authorAbbrevBot,1351,1352,0.999260
Person,footnotes,1351,2016,0.670139
Species,authorAbbrevBot,1351,1352,0.999260
Species,footnotes,1351,2016,0.670139
Person,honours,1345,2242,0.599911
Person,attributes,1343,2520,0.532937
Species,attributes,1343,2520,0.532937
Person,aflstatvalue,1339,4592,0.291594
Species,aflstatvalue,1339,4592,0.291594
Person,collegeteam,1334,4866,0.274147
Species,collegeteam,1334,4866,0.274147
AdministrativeRegion,marPrecipitationMm,1333,2967,0.449275
Person,clubupdate,1327,3491,0.380120
Species,clubupdate,1327,3491,0.380120
AdministrativeRegion,aprPrecipitationMm,1326,2968,0.446765
Species,mmff,1320,3947,0.334431
Person,headcoach,1314,2363,0.556073
Species,headcoach,1314,2363,0.556073
AdministrativeRegion,catholics,1313,1475,0.890169
Person,coach,1307,4215,0.310083
Species,coach,1307,4215,0.310083
AdministrativeRegion,settlementType,1302,28001,0.046498
Person,university,1296,4821,0.268824
Species,university,1296,4821,0.268824
Person,highestdoublesranking,1284,7658,0.167668
Species,highestdoublesranking,1284,7658,0.167668
AdministrativeRegion,imageView,1281,1286,0.996112
AdministrativeRegion,munFormation,1277,1369,0.932798
AdministrativeRegion,isoCodeRegion,1276,1397,0.913386
AdministrativeRegion,marSun,1271,1902,0.668244
AdministrativeRegion,leaderTitle,1263,10497,0.120320
Person,debutdate,1261,28332,0.044508
Species,debutdate,1261,28332,0.044508
Species,type,1256,39908,0.031472
AdministrativeRegion,janSun,1256,1903,0.660011
Person,type,1255,39906,0.031449
Person,committee,1250,1776,0.703829
Species,committee,1250,1776,0.703829
Species,altname,1241,1353,0.917221
Person,altname,1240,1352,0.917160
AdministrativeRegion,maySun,1240,1902,0.651945
Species,owner,1239,3694,0.335409
ChemicalCompound,imagefiler,1239,1401,0.884368
AdministrativeRegion,febSun,1239,1903,0.651077
AdministrativeRegion,octPrecipitationMm,1239,2971,0.417031
Person,formerPartner,1238,1515,0.817162
Species,formerPartner,1238,1515,0.817162
ChemicalCompound,imagefilel,1238,1408,0.879261
AdministrativeRegion,mayor,1238,1265,0.978656
Person,3a,1235,1583,0.780164
Species,3a,1235,1583,0.780164
Person,congbio,1228,1229,0.999186
Species,congbio,1228,1229,0.999186
Star,appmag,1226,1352,0.906805
AdministrativeRegion,junSun,1213,1902,0.637750
Species,cultivar,1210,1250,0.968000
Person,bbr,1207,1209,0.998346
Species,bbr,1207,1209,0.998346
AdministrativeRegion,octSun,1206,1903,0.633736
Person,patrons,1205,1364,0.883431
Species,honours,1205,6157,0.195712
Species,patrons,1205,1364,0.883431
AdministrativeRegion,aprSun,1201,1902,0.631441
AdministrativeRegion,decSun,1200,1902,0.630915
Person,riding,1197,3017,0.396752
Species,riding,1197,3017,0.396752
AdministrativeRegion,areaLandKm,1196,1250,0.956800
AdministrativeRegion,leader,1191,1308,0.910550
Person,restaurants,1190,1452,0.819559
Species,restaurants,1190,1452,0.819559
AdministrativeRegion,label,1185,9096,0.130277
Person,premier,1183,5361,0.220668
Species,premier,1183,5361,0.220668
Species,fmfm,1181,3946,0.299290
Person,teacher,1177,1677,0.701849
Species,teacher,1177,1677,0.701849
AdministrativeRegion,febPrecipitationMm,1176,2968,0.396226
Star,bV,1174,3358,0.349613
AdministrativeRegion,janPrecipitationMm,1171,2970,0.394276
Species,ffm,1165,4249,0.274182
Person,stat4value,1161,3207,0.362021
Species,stat4value,1161,3207,0.362021
Person,pid,1157,1173,0.986360
Species,pid,1157,1173,0.986360
Species,rr,1151,1227,0.938060
Person,regnalName,1149,1251,0.918465
Species,regnalName,1149,1251,0.918465
Person,artist,1147,1229,0.933279
Species,artist,1147,1229,0.933279
Person,rr,1145,1221,0.937756
Species,country,1145,56102,0.020409
Person,instrument,1138,25243,0.045082
Species,instrument,1138,25243,0.045082
Person,recruit,1137,1137,1.000000
Species,recruit,1137,1137,1.000000
Person,country,1136,50515,0.022488
Person,points,1136,39375,0.028851
Species,points,1136,39375,0.028851
AdministrativeRegion,novSun,1135,1903,0.596427
AdministrativeRegion,novPrecipitationMm,1133,2969,0.381610
AdministrativeRegion,sepSun,1131,1901,0.594950
AdministrativeRegion,decPrecipitationMm,1128,2968,0.380054
Person,pastexecutive,1126,1787,0.630106
Species,pastexecutive,1126,1787,0.630106
Person,currentPartner,1123,1260,0.891270
Species,currentPartner,1123,1260,0.891270
Person,bio,1121,1121,1.000000
Species,bio,1121,1121,1.000000
Person,supporters,1116,1481,0.753545
Species,supporters,1116,1481,0.753545
AdministrativeRegion,julSun,1116,1903,0.586442
Person,dynasty,1115,4892,0.227923
Species,dynasty,1115,4892,0.227923
Person,open,1109,2626,0.422315
Species,open,1109,2626,0.422315
Person,repupdate,1107,2503,0.442269
Species,repupdate,1107,2503,0.442269
Species,mffm,1106,3946,0.280284
Species,height,1102,142578,0.007729
Person,height,1098,142573,0.007701
Person,language,1091,10860,0.100460
Species,language,1091,10860,0.100460
AdministrativeRegion,subdivisionType,1087,79742,0.013631
Person,league,1084,17396,0.062313
Species,league,1084,17396,0.062313
Species,taxon,1083,1084,0.999077
Species,poj,1080,1083,0.997230
AdministrativeRegion,translitLang1Info,1075,1213,0.886232
Person,poj,1073,1076,0.997212
Person,usopen,1073,2612,0.410796
Species,usopen,1073,2612,0.410796
Person,committees,1068,1678,0.636472
Species,committees,1068,1678,0.636472
Person,currentdoublesranking,1067,1926,0.553998
Species,currentdoublesranking,1067,1926,0.553998
AdministrativeRegion,seal,1066,1072,0.994403
Person,deathCause,1064,6446,0.165064
Species,deathCause,1064,6446,0.165064
AdministrativeRegion,isoCode,1063,1447,0.734623
AdministrativeRegion,parts,1060,1967,0.538892
AdministrativeRegion,populationUrban,1059,1119,0.946381
AdministrativeRegion,populationUrban,1048,1149,0.912097
Person,espnId,1046,1047,0.999045
Species,espnId,1046,1047,0.999045
AdministrativeRegion,coorPinpoint,1033,1074,0.961825
AdministrativeRegion,text,1030,1100,0.936364
AdministrativeRegion,demoElectors,1027,1048,0.979962
AdministrativeRegion,lga,1027,7087,0.144913
Person,pages,1025,3402,0.301293
Species,pages,1025,3403,0.301205
AdministrativeRegion,statPop,1017,1038,0.979769
Person,pastschools,1016,2217,0.458277
Person,views,1016,1268,0.801262
Species,pastschools,1016,2217,0.458277
Species,views,1016,1268,0.801262
AdministrativeRegion,demoPop,1013,1053,0.962013
Person,reference,1010,1078,0.936920
Species,reference,1010,1078,0.936920
Person,currentsinglesranking,1009,1851,0.545111
Species,currentsinglesranking,1009,1851,0.545111
Galaxy,distLy,1008,1411,0.714387
Person,beatifiedDate,1007,1637,0.615150
Species,beatifiedDate,1007,1637,0.615150
Person,1pp,1004,3580,0.280447
Species,1pp,1004,3580,0.280447
Person,influenced,1003,1166,0.860206
Species,influenced,1003,1166,0.860206
Person,mawards,1002,4615,0.217118
Species,mawards,1002,4615,0.217118
AdministrativeRegion,blankInfo,1001,1772,0.564898
Person,irish,1000,1029,0.971817
Species,irish,1000,1029,0.971817
AdministrativeRegion,augSun,1000,1903,0.525486
Person,article,996,1072,0.929104
Species,article,996,1072,0.929104
Species,wins,996,10431,0.095485
Person,caps,992,966319,0.001027
Species,caps,992,966319,0.001027
Person,placeOfBurial,991,1519,0.652403
Species,placeOfBurial,991,1519,0.652403
Person,fid,990,994,0.995976
Species,fid,990,994,0.995976
Person,module,984,7690,0.127958
Species,module,984,7691,0.127942
Species,ordo,983,15611,0.062968
Person,2pp,979,3514,0.278600
Species,2pp,979,3514,0.278600
Species,ffmm,977,3946,0.247592
Person,youthyears,976,148280,0.006582
Species,youthyears,976,148280,0.006582
Person,nationalcompetition,975,1784,0.546525
Species,nationalcompetition,975,1784,0.546525
Species,record,973,10396,0.093594
Person,wickets,971,30292,0.032055
Species,wickets,971,30292,0.032055
Person,disappearedPlace,966,1096,0.881387
Species,disappearedPlace,966,1096,0.881387
Person,religion,963,21116,0.045605
Species,religion,963,21115,0.045607
AdministrativeRegion,logo,963,1065,0.904225
Person,instruments,960,5400,0.177778
Species,instruments,960,5400,0.177778
Person,writer,958,1097,0.873291
Species,writer,958,1097,0.873291
Person,www,956,956,1.000000
Species,www,956,956,1.000000
AdministrativeRegion,local,956,1119,0.854334
AdministrativeRegion,populationBlank,956,1480,0.645946
Person,archdiocese,952,3151,0.302126
Species,archdiocese,952,3151,0.302126
Species,order,948,19524,0.048556
Person,billed,947,2453,0.386058
Person,church,947,14296,0.066242
Species,billed,947,2453,0.386058
Species,church,947,14296,0.066242
Species,fmff,946,3945,0.239797
Person,highestRanking,945,5353,0.176537
Species,highestRanking,945,5353,0.176537
Person,ruProclubs,938,3463,0.270863
Species,ruProclubs,938,3463,0.270863
Person,agency,937,3756,0.249468
Species,agency,937,3756,0.249468
Person,opponent,935,3884,0.240731
Species,opponent,935,3884,0.240731
Person,congress,934,935,0.998930
Species,congress,934,935,0.998930
AdministrativeRegion,demonym,926,992,0.933468
Person,currentteam,925,4584,0.201789
Species,currentteam,925,4584,0.201789
Person,doctoralAdvisors,923,1011,0.912957
Species,doctoralAdvisors,923,1011,0.912957
Species,ffmf,919,3947,0.232835
Person,occupations,918,5021,0.182832
Person,period,918,7687,0.119422
Species,occupations,918,5021,0.182832
Species,period,918,7687,0.119422
Person,lic,913,913,1.000000
Species,lic,913,913,1.000000
Person,institution,912,2041,0.446840
Person,subscribers,912,1294,0.704791
Species,institution,912,2041,0.446840
Species,subscribers,912,1294,0.704791
Galaxy,type,912,2750,0.331636
Person,choreographer,907,1593,0.569366
Species,choreographer,907,1593,0.569366
AdministrativeRegion,otherpartyNo,903,1098,0.822404
Star,uB,901,2542,0.354445
Person,commitdate,900,1116,0.806452
Person,spouse(s),900,1318,0.682853
Species,commitdate,900,1116,0.806452
Species,spouse(s),900,1318,0.682853
Person,states,899,2860,0.314336
Species,states,899,2860,0.314336
Person,record,897,4998,0.179472
Species,fff,894,4261,0.209810
AdministrativeRegion,territory,891,1008,0.883929
Person,victims,885,3265,0.271057
Species,victims,885,3265,0.271057
Person,criminalCharge,884,1471,0.600952
Species,criminalCharge,884,1471,0.600952
Person,prevrests,881,1066,0.826454
Species,prevrests,881,1066,0.826454
Person,overallRecord,879,12302,0.071452
Species,overallRecord,879,12302,0.071452
Person,dateOfHighestRanking,877,1569,0.558955
Species,dateOfHighestRanking,877,1569,0.558955
Species,breeder,875,2558,0.342064
AdministrativeRegion,maximumElevation,873,1024,0.852539
Person,thesis1Title,871,872,0.998853
Species,thesis1Title,871,872,0.998853
ChemicalCompound,imagecaption,870,979,0.888662
Person,award,869,2901,0.299552
Species,award,869,2901,0.299552
Species,mfff,869,3947,0.220167
Person,alternativeName,864,864,1.000000
Species,alternativeName,864,864,1.000000
Species,mr,864,881,0.980704
ChemicalCompound,systematicname,864,2049,0.421669
Person,region,863,3313,0.260489
Species,region,863,3313,0.260489
Person,mr,861,878,0.980638
AdministrativeRegion,elevation,861,3362,0.256098
AdministrativeRegion,div,860,862,0.997680
Species,grandsire,857,4742,0.180725
Person,viaf,850,871,0.975890
Species,viaf,850,871,0.975890
AdministrativeRegion,type,848,27610,0.030714
Person,beatifiedDate,846,1426,0.593268
Species,beatifiedDate,846,1426,0.593268
Person,pga,841,2591,0.324585
Species,pga,841,2591,0.324585
AdministrativeRegion,areaWaterSqMi,838,3309,0.253249
AdministrativeRegion,statArea,838,916,0.914847
Person,restingPlacePosition,837,837,1.000000
Species,restingPlacePosition,837,837,1.000000
Person,music,833,1011,0.823937
Person,time,833,3247,0.256545
Species,music,833,1011,0.823937
Species,time,833,3247,0.256545
AdministrativeRegion,otherparty,831,1062,0.782486
AdministrativeRegion,event,826,1091,0.757104
AdministrativeRegion,provRep,826,841,0.982164
Person,labelName,823,1007,0.817279
Species,labelName,823,1007,0.817279
Person,nominator,819,3050,0.268525
Species,nominator,819,3050,0.268525
Person,totalcaps,815,32155,0.025346
Species,totalcaps,815,32155,0.025346
AdministrativeRegion,candidate,812,3158,0.257125
Star,rotationalVelocity,810,2841,0.285111
Person,bodyDiscovered,809,843,0.959668
Species,bodyDiscovered,809,843,0.959668
AdministrativeRegion,demoArea,803,962,0.834719
AdministrativeRegion,popCommunity,803,998,0.804609
Species,from,802,802,1.000000
Person,formerchoreographer,801,1381,0.580014
Species,formerchoreographer,801,1381,0.580014
Person,channelHandle,799,802,0.996259
Person,eraDates,799,938,0.851812
Person,next,799,845,0.945562
Species,channelHandle,799,802,0.996259
Species,eraDates,799,938,0.851812
Species,next,799,845,0.945562
Person,notes,798,949,0.840885
Species,notes,798,949,0.840885
Person,signatureAlt,796,1052,0.756654
Species,signatureAlt,796,1052,0.756654
Person,year,795,129755,0.006127
Species,year,795,129757,0.006127
Person,1p,794,6225,0.127550
Person,combinedTotal,794,906,0.876380
Person,prenomen,794,1010,0.786139
Species,1p,794,6225,0.127550
Species,combinedTotal,794,906,0.876380
Species,prenomen,794,1010,0.786139
Person,masters,789,2642,0.298637
Species,masters,789,2642,0.298637
Person,count,788,809,0.974042
Species,count,788,809,0.974042
AdministrativeRegion,founded,781,1861,0.419667
Person,citizenship,780,9788,0.079689
Species,citizenship,780,9788,0.079689
Person,convictionPenalty,779,2700,0.288519
Species,convictionPenalty,779,2700,0.288519
Person,2p,778,6295,0.123590
Species,2p,778,6295,0.123590
AdministrativeRegion,yearStart,778,2400,0.324167
Person,nomen,774,1013,0.764067
Species,nomen,774,1013,0.764067
Person,fsScore,772,900,0.857778
Species,fsScore,772,900,0.857778
Person,depictionDescription,771,774,0.996124
Species,depictionDescription,771,774,0.996124
AdministrativeRegion,imageSeal,770,808,0.952970
Person,philosophicalSchool,768,3369,0.227961
Species,philosophicalSchool,768,3369,0.227961
Person,burialDate,767,816,0.939951
Species,burialDate,767,816,0.939951
AdministrativeRegion,flag,767,848,0.904481
Person,debutteam,766,25637,0.029879
Species,debutteam,766,25637,0.029879
Star,exoplanet,765,1527,0.500982
Species,accessdate,761,1147,0.663470
Person,currentRecord,758,962,0.787942
Species,currentRecord,758,962,0.787942
Person,accessdate,757,1143,0.662292
Person,endyear,757,22221,0.034067
Person,spScore,757,907,0.834620
Species,endyear,757,22221,0.034067
Species,spScore,757,907,0.834620
Person,province,756,5544,0.136364
Species,province,756,5544,0.136364
Person,criminalCharge,753,999,0.753754
Species,criminalCharge,753,999,0.753754
Person,known,751,796,0.943467
Species,known,751,796,0.943467
Person,collegehof,750,751,0.998668
Species,collegehof,750,751,0.998668
AdministrativeRegion,populationDemonym,750,820,0.914634
AdministrativeRegion,rainfall,749,1009,0.742319
Person,playingTeam,748,9014,0.082982
Species,playingTeam,748,9014,0.082982
AdministrativeRegion,popMunicunit,748,769,0.972692
Star,period,744,764,0.973822
Person,nationalgoals,742,134890,0.005501
Species,length,742,6876,0.107912
Species,nationalgoals,742,134890,0.005501
AdministrativeRegion,captionSkyline,742,757,0.980185
Person,length,741,6875,0.107782
AdministrativeRegion,emeritusBishops,741,777,0.953668
Star,gravity,740,2972,0.248991
AdministrativeRegion,areaMunicunit,735,764,0.962042
AdministrativeRegion,flagS,735,1798,0.408788
Person,nicknames,732,889,0.823397
Species,nicknames,732,889,0.823397
AdministrativeRegion,imageCoat,732,836,0.875598
Person,honours,731,5013,0.145821
Person,imprisoned,730,1254,0.582137
Person,post1preceded,730,1093,0.667887
Species,imprisoned,730,1254,0.582137
Species,post1preceded,730,1093,0.667887
Star,wikiPageUsesTemplate,727,101879,0.007136
Person,notableWork,724,835,0.867066
Person,peakrating,724,3441,0.210404
Species,header,724,1213,0.596867
Species,notableWork,724,835,0.867066
Species,peakrating,724,3441,0.210404
Person,header,721,1210,0.595868
AdministrativeRegion,today,718,2309,0.310957
AdministrativeRegion,yearPrecipitationMm,717,767,0.934811
Person,monuments,716,762,0.939633
Person,post1followed,716,1095,0.653881
Species,fffm,716,3946,0.181450
Species,monuments,716,762,0.939633
Species,post1followed,716,1095,0.653881
Person,ringNames,713,729,0.978052
Species,ringNames,713,729,0.978052
Person,coConsecrators,711,783,0.908046
Person,commonscat,711,821,0.866017
Species,coConsecrators,711,783,0.908046
Species,commonscat,711,821,0.866017
Galaxy,appmagV,709,2288,0.309878
Species,binomialAuthority,706,2052,0.344055
AdministrativeRegion,demonym,705,749,0.941255
AdministrativeRegion,janRecordLowC,705,2536,0.277997
Person,serviceStartYear,703,31479,0.022332
Species,serviceStartYear,703,31479,0.022332
Person,overall,701,79655,0.008800
Species,overall,701,79655,0.008800
Star,name,700,913,0.766703
Person,post,698,2238,0.311886
Person,ruClub,698,1970,0.354315
Species,post,698,2238,0.311886
Species,ruClub,698,1970,0.354315
Person,conference,693,55083,0.012581
Species,conference,693,55083,0.012581
Person,mother,692,759,0.911726
Species,mother,692,759,0.911726
AdministrativeRegion,dateEvent,692,1048,0.660305
Person,station,690,869,0.794016
Species,station,690,869,0.794016
AdministrativeRegion,pushpinMap,690,11317,0.060970
Species,honors,687,1077,0.637883
AdministrativeRegion,idnumber,687,726,0.946281
AdministrativeRegion,registrationPlate,687,1052,0.653042
Person,locations,679,789,0.860583
Species,locations,679,789,0.860583
Person,stadium,677,1603,0.422333
Species,stadium,677,1603,0.422333
AdministrativeRegion,febRecordLowC,676,2534,0.266772
AdministrativeRegion,eventEnd,675,1395,0.483871
AdministrativeRegion,footnotes,675,1804,0.374169
Person,channelDisplayName,672,674,0.997033
Species,channelDisplayName,672,674,0.997033
Person,testcap,671,3285,0.204262
Species,testcap,671,3285,0.204262
Person,relatedTo,670,806,0.831266
Species,relatedTo,670,806,0.831266
AdministrativeRegion,province,668,4215,0.158482
Person,finalteam,665,21252,0.031291
Species,finalteam,665,21252,0.031291
AdministrativeRegion,decRecordLowC,665,2536,0.262224
Person,indivyear,663,2162,0.306660
Species,indivyear,663,2162,0.306660
Person,bowlingSide,654,17330,0.037738
Species,bowlingSide,654,17330,0.037738
Person,show,648,701,0.924394
Species,show,648,701,0.924394
Species,sign,648,663,0.977376
Person,extra,647,665,0.972932
Person,sign,647,662,0.977341
Species,extra,647,665,0.972932
Star,ageMyr,647,1323,0.489040
Person,serviceEndYear,645,29412,0.021930
Species,serviceEndYear,645,29412,0.021930
Person,league,643,16628,0.038670
Species,league,643,16628,0.038670
Person,contributions,642,739,0.868742
Species,contributions,642,739,0.868742
Person,commons,641,1915,0.334726
Species,commons,641,1915,0.334726
Person,cabinet,638,1281,0.498048
Species,cabinet,638,1281,0.498048
Species,width,636,18188,0.034968
Person,electorate,635,2164,0.293438
Species,electorate,635,2164,0.293438
Person,nationals,633,1167,0.542416
Person,width,633,18103,0.034967
Species,nationals,633,1167,0.542416
Species,ffff,632,3948,0.160081
AdministrativeRegion,elevationMaxM,632,736,0.858696
Person,canonizedDate,625,1494,0.418340
Species,canonizedDate,625,1494,0.418340
AdministrativeRegion,l,624,708,0.881356
Person,skip,623,945,0.659259
Species,skip,623,945,0.659259
Person,cardinalName,620,623,0.995185
Person,thesis1Url,620,641,0.967239
Species,cardinalName,620,623,0.995185
Species,thesis1Url,620,641,0.967239
Person,list,619,2027,0.305377
Person,referee,619,1472,0.420516
Species,list,619,2027,0.305377
Species,referee,619,1472,0.420516
Person,criminalPenalty,616,1749,0.352201
Species,criminalPenalty,616,1749,0.352201
AdministrativeRegion,catholicsPercent,615,1255,0.490040
AdministrativeRegion,c,614,649,0.946071
Species,q,612,1780,0.343820
Person,formerCoach,611,2433,0.251130
Person,q,611,1779,0.343451
Person,repecId,611,620,0.985484
Person,stat22value,611,1618,0.377627
Species,formerCoach,611,2433,0.251130
Species,repecId,611,620,0.985484
Species,stat22value,611,1618,0.377627
Person,era,610,4465,0.136618
Species,era,610,4464,0.136649
Person,second,608,950,0.640000
Person,teamyear,608,2646,0.229781
Species,second,608,950,0.640000
Species,teamyear,608,2646,0.229781
Person,genres,607,1614,0.376084
Species,genres,607,1614,0.376084
Person,cflArchive,605,606,0.998350
Species,cflArchive,605,606,0.998350
AdministrativeRegion,areaPercentage,605,2925,0.206838
Person,university,604,3938,0.153377
Person,repteam,604,13709,0.044059
Species,university,604,3938,0.153377
Species,repteam,604,13709,0.044059
Person,statlabel,600,66015,0.009089
Species,statlabel,600,66015,0.009089
Species,timestamp,600,601,0.998336
Person,timestamp,599,600,0.998333
Person,convictionStatus,598,1931,0.309684
Species,convictionStatus,598,1931,0.309684
AdministrativeRegion,mapAlt,597,808,0.738861
Person,audio,596,676,0.881657
Species,audio,596,676,0.881657
Person,lead,593,923,0.642470
Species,lead,593,923,0.642470
Person,matches,591,37582,0.015726
Species,matches,591,37582,0.015726
AdministrativeRegion,marRecordLowC,590,2534,0.232833
Person,third,587,891,0.658810
Species,third,587,891,0.658810
Person,charge,586,1002,0.584830
Species,charge,586,1002,0.584830
Species,subfamilia,586,2372,0.247049
AdministrativeRegion,novRecordLowC,585,2533,0.230951
AdministrativeRegion,source,583,3678,0.158510
Person,indivhonour,581,2246,0.258682
Species,indivhonour,581,2246,0.258682
Galaxy,ngc,578,587,0.984668
AdministrativeRegion,province,578,1659,0.348403
Person,3pp,577,1397,0.413028
Species,country,577,43293,0.013328
Species,3pp,577,1397,0.413028
Person,stumpings,575,36543,0.015735
Species,stumpings,575,36543,0.015735
Person,dateOfConsecration,574,602,0.953488
Person,endDate,574,851,0.674501
Species,dateOfConsecration,574,602,0.953488
Species,endDate,574,851,0.674501
Person,beginyear,573,2117,0.270666
Species,beginyear,573,2117,0.270666
AdministrativeRegion,janHighC,573,3337,0.171711
AdministrativeRegion,nickname,573,610,0.939344
AdministrativeRegion,motto,569,597,0.953099
Person,coachingTeam,568,1141,0.497809
Species,coachingTeam,568,1141,0.497809
AdministrativeRegion,janLowC,567,3337,0.169913
Person,country,566,40964,0.013817
Person,cand,565,614,0.920195
Species,cand,565,614,0.920195
Person,display,562,585,0.960684
Species,display,562,585,0.960684
Person,cflstatvalue,561,1529,0.366906
Species,cflstatvalue,561,1529,0.366906
Person,careerWins,558,764,0.730366
Species,careerWins,558,764,0.730366
Person,role,556,23563,0.023596
Species,role,556,23563,0.023596
AdministrativeRegion,blank1InfoSec,554,928,0.596983
AdministrativeRegion,decHighC,552,3340,0.165269
Person,majorWorks,550,577,0.953206
Species,majorWorks,550,577,0.953206
Person,winnerVotes,549,567,0.968254
Species,winnerVotes,549,567,0.968254
Person,primeMinister,548,1040,0.526923
Species,primeMinister,548,1040,0.526923
Person,search,547,568,0.963028
Species,search,547,568,0.963028
Species,area,545,1509,0.361166
AdministrativeRegion,hangul,544,589,0.923599
Person,area,543,1507,0.360319
Star,inclination,542,757,0.715984
Person,pfrcoach,541,542,0.998155
Person,royalHouse,541,1835,0.294823
Species,pfrcoach,541,542,0.998155
Species,royalHouse,541,1835,0.294823
AdministrativeRegion,decLowC,541,3339,0.162025
Person,height,540,299180,0.001805
Species,height,540,299180,0.001805
Person,pastadmin,539,734,0.734332
Person,significantDesign,539,576,0.935764
Species,familiaAuthority,539,675,0.798519
Species,pastadmin,539,734,0.734332
Species,significantDesign,539,576,0.935764
Person,cardinal,537,1796,0.298998
Species,cardinal,537,1796,0.298998
Star,semimajor,537,629,0.853736
Person,currentRanking,535,1738,0.307825
Species,currentRanking,535,1738,0.307825
Species,hybrid,535,688,0.777616
AdministrativeRegion,eventStart,535,806,0.663772
Person,medium,533,2689,0.198215
Person,sentence,533,2202,0.242053
Person,siteStadium,533,2550,0.209020
Species,medium,533,2689,0.198215
Species,sentence,533,2202,0.242053
Species,siteStadium,533,2550,0.209020
AdministrativeRegion,nation,533,2471,0.215702
Person,wins,532,1137,0.467898
Person,horus,532,558,0.953405
Person,vicegovernor,532,593,0.897133
Species,origin,532,1569,0.339069
Species,wins,532,1137,0.467898
Species,horus,532,558,0.953405
Species,vicegovernor,532,593,0.897133
AdministrativeRegion,febLowC,530,3331,0.159111
AdministrativeRegion,nearestTownOrCity,530,907,0.584344
Person,feastDay,529,5660,0.093463
Species,feastDay,529,5660,0.093463
Person,achievements,527,1456,0.361951
Species,achievements,527,1456,0.361951
AdministrativeRegion,governingBody,525,685,0.766423
AdministrativeRegion,stategov,525,7313,0.071790
Star,eccentricity,524,1229,0.426363
AdministrativeRegion,densitySqMi,524,2044,0.256360
Person,honors,523,752,0.695479
AdministrativeRegion,content,522,522,1.000000
Person,wrestlingdata,521,522,0.998084
Species,wrestlingdata,521,522,0.998084
AdministrativeRegion,foundedBy,521,887,0.587373
Person,3p,520,2218,0.234445
Species,3p,520,2218,0.234445
AdministrativeRegion,markTitle,520,779,0.667522
AdministrativeRegion,janMeanC,516,2427,0.212608
Species,authority,515,1378,0.373730
Species,y,515,563,0.914742
Person,bowling,514,17129,0.030008
Person,wcdebut,514,865,0.594220
Person,y,514,562,0.914591
Species,bowling,514,17129,0.030008
Species,wcdebut,514,865,0.594220
AdministrativeRegion,areaWaterKm,513,668,0.767964
Person,tournamentRecord,512,3448,0.148492
Species,tournamentRecord,512,3448,0.148492
Person,organisation,511,631,0.809826
Species,organisation,511,631,0.809826
AdministrativeRegion,percentageOfAreaWater,511,3458,0.147773
AdministrativeRegion,decMeanC,511,2427,0.210548
Person,singlesrecord,509,5193,0.098017
Species,singlesrecord,509,5193,0.098017
Person,cagematch,506,510,0.992157
Species,cagematch,506,510,0.992157
AdministrativeRegion,urbanPop2010census,503,1356,0.370944
Person,4a,502,616,0.814935
Species,4a,502,616,0.814935
AdministrativeRegion,motto,502,648,0.774691
AdministrativeRegion,febHighC,501,3333,0.150315
AdministrativeRegion,ruralPop2010census,501,1357,0.369197
Person,president,500,1037,0.482160
Person,startDate,500,952,0.525210
Species,president,500,1037,0.482160
Species,startDate,500,952,0.525210
Star,ageGyr,500,1081,0.462535
Person,officesHeld,498,567,0.878307
Species,officesHeld,498,567,0.878307
AdministrativeRegion,janRecordHighC,498,2546,0.195601
Person,wusopen,497,889,0.559055
Species,wusopen,497,889,0.559055
Person,motive,496,997,0.497492
Species,motive,496,997,0.497492
AdministrativeRegion,municunit,496,1701,0.291593
Person,nat,494,32178,0.015352
Species,nat,494,32178,0.015352
Person,appearances,493,22781,0.021641
Species,appearances,493,22781,0.021641
Person,language,491,5088,0.096502
Person,2blankname,491,2162,0.227105
Species,language,491,5088,0.096502
Species,2blankname,491,2162,0.227105
Person,disappearedDate,489,514,0.951362
Species,disappearedDate,489,514,0.951362
Species,l,489,958,0.510438
Person,weightClass,488,10313,0.047319
Species,weightClass,488,10313,0.047319
AdministrativeRegion,headquarters,488,568,0.859155
Person,turnoutVotes,486,501,0.970060
Species,turnoutVotes,486,501,0.970060
AdministrativeRegion,flagP,485,1051,0.461465
AdministrativeRegion,imageBlankEmblem,485,488,0.993852
AdministrativeRegion,y,485,836,0.580144
Person,imageSize,482,76809,0.006275
Species,imageSize,482,76842,0.006273
Person,currenttraininglocations,481,1138,0.422671
Species,currenttraininglocations,481,1138,0.422671
AdministrativeRegion,yearEnd,481,2461,0.195449
Person,stat5value,480,1164,0.412371
Species,stat5value,480,1164,0.412371
AdministrativeRegion,blank1Info,479,603,0.794362
AdministrativeRegion,febMeanC,479,2429,0.197200
Person,wikidata,478,482,0.991701
Species,wikidata,478,482,0.991701
Person,l,477,946,0.504228
Person,smallimage,477,478,0.997908
Species,smallimage,477,478,0.997908
Species,accessDate,476,588,0.809524
AdministrativeRegion,metropolitan,476,969,0.491228
Person,iwd,475,478,0.993724
Species,iwd,475,478,0.993724
Species,dam,474,585,0.810256
AdministrativeRegion,establishedTitle,474,7986,0.059354
Person,height,473,261777,0.001807
Person,currentTitle,473,3351,0.141152
Person,nhl,473,677,0.698671
Species,height,473,261777,0.001807
Species,currentTitle,473,3351,0.141152
Species,nhl,473,677,0.698671
Person,statsUpdate,472,1012,0.466403
Species,statsUpdate,472,1012,0.466403
Star,metalFe,470,2155,0.218097
Person,draft,468,11274,0.041511
Person,manageryears,468,165494,0.002828
Species,draft,468,11274,0.041511
Species,manageryears,468,165494,0.002828
Species,status,466,7799,0.059751
AdministrativeRegion,novHighC,464,3340,0.138922
Person,teamhonour,462,2821,0.163772
Species,teamhonour,462,2821,0.163772
AdministrativeRegion,decRecordHighC,462,2544,0.181604
Star,nsted,461,464,0.993534
Person,dateOfPriestlyOrdination,460,478,0.962343
Species,dateOfPriestlyOrdination,460,478,0.962343
Person,confstanding,459,50883,0.009021
Species,confstanding,459,50883,0.009021
Person,o,458,1460,0.313699
Species,o,458,1460,0.313699
Person,formertraininglocations,457,929,0.491927
Species,formertraininglocations,457,929,0.491927
Person,bodyDiscovered,456,520,0.876923
Person,accessDate,456,526,0.866920
Species,bodyDiscovered,456,520,0.876923
ChemicalCompound,imagenamel,456,531,0.858757
Person,parliamentarygroup,455,1317,0.345482
Person,yearsactive,455,26738,0.017017
Species,parliamentarygroup,455,1317,0.345482
Species,yearsactive,455,26738,0.017017
Galaxy,wikiPageUsesTemplate,455,30695,0.014823
AdministrativeRegion,aprRecordLowC,455,2533,0.179629
AdministrativeRegion,elevationFt,455,636,0.715409
AdministrativeRegion,est,455,2023,0.224913
AdministrativeRegion,populationDensitySqMi,455,1308,0.347859
Person,conf,454,12363,0.036722
Species,conf,454,12363,0.036722
AdministrativeRegion,novLowC,454,3339,0.135969
AdministrativeRegion,octRecordLowC,453,2537,0.178557
AdministrativeRegion,marLowC,452,3336,0.135492
Person,assistcoach,450,706,0.637394
Person,status,450,7543,0.059658
Species,assistcoach,450,706,0.637394
Person,mission,449,1423,0.315531
Person,governorGeneral,449,1492,0.300938
Species,mission,449,1423,0.315531
Species,governorGeneral,449,1492,0.300938
Galaxy,sizeV,449,1711,0.262420
AdministrativeRegion,governmentType,448,1898,0.236038
AdministrativeRegion,w,448,471,0.951168
Star,k,447,487,0.917864
Person,3namedata,444,545,0.814679
Person,specialism,444,724,0.613260
Species,3namedata,444,545,0.814679
Species,specialism,444,724,0.613260
AdministrativeRegion,coat,444,463,0.958963
Person,motive,443,900,0.492222
Species,motive,443,900,0.492222
AdministrativeRegion,blank2InfoSec,443,549,0.806922
Person,nationalyears,442,176039,0.002511
Species,nationalyears,442,176039,0.002511
Star,rotation,442,583,0.758148
Person,debutagainst,440,3654,0.120416
Person,discography,440,495,0.888889
Person,region,440,3380,0.130178
Person,rivalsRefTitle,440,895,0.491620
Species,debutagainst,440,3654,0.120416
Species,discography,440,495,0.888889
Species,region,440,3379,0.130216
Species,rivalsRefTitle,440,895,0.491620
Galaxy,pgc,440,444,0.990991
AdministrativeRegion,febRecordHighC,439,2543,0.172631
Person,cfbhofId,438,439,0.997722
Species,cfbhofId,438,439,0.997722
AdministrativeRegion,metroArchbishop,438,864,0.506944
Person,winnerPercent,435,551,0.789474
Species,winnerPercent,435,551,0.789474
Person,lpga,434,869,0.499425
Person,no,434,47141,0.009206
Species,lpga,434,869,0.499425
Species,no,434,47141,0.009206
AdministrativeRegion,marHighC,434,3335,0.130135
AdministrativeRegion,populationRank,434,1575,0.275556
AdministrativeRegion,country,432,1810,0.238674
Person,commonsSearch,431,442,0.975113
Species,commonsSearch,431,442,0.975113
Star,periodUnitless,428,550,0.778182
Person,totalgoals,427,32177,0.013270
Species,totalgoals,427,32177,0.013270
Species,fossilRange,426,1167,0.365039
Person,criminalCharges,425,553,0.768535
Person,debutfor,425,2869,0.148135
Species,criminalCharges,425,553,0.768535
Species,debutfor,425,2869,0.148135
AdministrativeRegion,novMeanC,424,2431,0.174414
Person,wnbaProfile,423,423,1.000000
Species,wnbaProfile,423,423,1.000000
ChemicalCompound,imagenamer,423,509,0.831041
Galaxy,appmagB,420,832,0.504808
Person,dateOfCurrentRanking,419,1200,0.349167
Species,dateOfCurrentRanking,419,1200,0.349167
Person,chancellor,417,1538,0.271131
Species,chancellor,417,1538,0.271131
AdministrativeRegion,imageAlt,416,419,0.992840
AdministrativeRegion,x,415,730,0.568493
Person,criminalStatus,414,1587,0.260870
Species,criminalStatus,414,1587,0.260870
Person,debutTeam,411,25720,0.015980
Person,lieutenantGovernor,411,724,0.567680
Person,researchField,411,479,0.858038
Person,stat23value,411,1631,0.251993
Species,debutTeam,411,25720,0.015980
Species,lieutenantGovernor,411,724,0.567680
Species,researchField,411,479,0.858038
Species,stat23value,411,1631,0.251993
AdministrativeRegion,areaRank,411,1478,0.278078
AdministrativeRegion,pushpinMapAlt,411,534,0.769663
Person,post2preceded,410,528,0.776515
Species,post2preceded,410,528,0.776515
Person,bowlgames,409,595,0.687395
Person,candidate2Votes,409,441,0.927438
Person,post2followed,409,535,0.764486
Species,bowlgames,409,595,0.687395
Species,candidate2Votes,409,441,0.927438
Species,post2followed,409,535,0.764486
Species,classis,408,16893,0.024152
Person,bbc,407,410,0.992683
Person,otherName,407,415,0.980723
Person,retireddate,407,522,0.779693
Species,bbc,407,410,0.992683
Species,otherName,407,415,0.980723
Species,retireddate,407,522,0.779693
AdministrativeRegion,country,407,49115,0.008287
Person,cname,406,406,1.000000
Person,st,406,791,0.513274
Person,winner,406,2092,0.194073
Species,cname,406,406,1.000000
Species,st,406,791,0.513274
Species,winner,406,2092,0.194073
AdministrativeRegion,marMeanC,406,2430,0.167078
Person,beatifiedPlace,405,1790,0.226257
Species,beatifiedPlace,405,1790,0.226257
Species,class,403,18254,0.022077
Person,coachteam,402,2076,0.193642
Species,coachteam,402,2076,0.193642
Species,superfamilia,402,2372,0.169477
Person,career,400,11572,0.034566
Person,portal,400,24745,0.016165
Species,career,400,11572,0.034566
Species,portal,400,24745,0.016165
Star,sn,400,855,0.467836
AdministrativeRegion,largestCity,398,414,0.961353
AdministrativeRegion,junRainMm,397,457,0.868709
Person,portfolio,395,408,0.968137
Person,coachYears,395,63988,0.006173
Species,portfolio,395,408,0.968137
Species,coachYears,395,63988,0.006173
AdministrativeRegion,janRainMm,395,458,0.862445
AdministrativeRegion,octRainMm,394,458,0.860262
AdministrativeRegion,decRainMm,393,458,0.858079
AdministrativeRegion,novRainMm,393,458,0.858079
AdministrativeRegion,yearLeader,393,942,0.417197
Person,descriptionUrl,392,404,0.970297
Person,topScore,392,36932,0.010614
Species,descriptionUrl,392,404,0.970297
Species,topScore,392,36932,0.010614
AdministrativeRegion,populationRural,391,398,0.982412
Person,formerSkatingClub,390,523,0.745698
Species,formerSkatingClub,390,523,0.745698
Person,lastagainst,389,2086,0.186481
Species,lastagainst,389,2086,0.186481
Star,primary,388,621,0.624799
AdministrativeRegion,sepRainMm,388,458,0.847162
Person,doublesrecord,387,4953,0.078134
Species,doublesrecord,387,4953,0.078134
Person,olympics,386,1554,0.248391
Person,targetLink,386,513,0.752437
Person,teammates,386,446,0.865471
Species,olympics,386,1554,0.248391
Species,targetLink,386,513,0.752437
Species,teammates,386,446,0.865471
Person,ruCurrentteam,384,1245,0.308434
Species,ruCurrentteam,384,1245,0.308434
AdministrativeRegion,mayRainMm,384,458,0.838428
AdministrativeRegion,mayRecordLowC,384,2536,0.151420
Person,position,383,385144,0.000994
Person,gym,383,707,0.541726
Person,nationalTeam,383,2090,0.183254
Person,worldMasters,383,538,0.711896
Species,position,383,385144,0.000994
Species,gym,383,707,0.541726
Species,nationalTeam,383,2090,0.183254
Species,worldMasters,383,538,0.711896
AdministrativeRegion,aprRainMm,383,458,0.836245
Person,nationalcaps,382,170790,0.002237
Species,nationalcaps,382,170790,0.002237
Person,databasefootball,381,381,1.000000
Person,siteCityst,381,2557,0.149003
Species,databasefootball,381,381,1.000000
Species,siteCityst,381,2557,0.149003
Person,canonizedDate,380,737,0.515604
Species,canonizedDate,380,737,0.515604
AdministrativeRegion,febRainMm,380,458,0.829694
AdministrativeRegion,aprHighC,379,3334,0.113677
AdministrativeRegion,populationRural,379,386,0.981865
AdministrativeRegion,marRainMm,378,458,0.825328
Person,ordained,376,511,0.735812
Species,ordained,376,511,0.735812
Galaxy,ugc,375,379,0.989446
AdministrativeRegion,center,375,376,0.997340
Person,veneratedIn,374,6470,0.057805
Species,veneratedIn,374,6470,0.057805
AdministrativeRegion,novRecordHighC,374,2544,0.147013
Person,apps,373,22038,0.016925
Person,ci,373,770,0.484416
Person,released,373,861,0.433217
Species,apps,373,22038,0.016925
Species,ci,373,770,0.484416
Species,released,373,861,0.433217
Person,congregations,372,407,0.914005
Species,congregations,372,407,0.914005
AdministrativeRegion,julRainMm,372,457,0.814004
Person,odidebutdate,371,4009,0.092542
Person,reppoints,371,14839,0.025002
Species,odidebutdate,371,4009,0.092542
Species,reppoints,371,14839,0.025002
AdministrativeRegion,aprLowC,370,3338,0.110845
AdministrativeRegion,hebname,370,378,0.978836
Person,gamesGoals,369,19757,0.018677
Person,hof,369,371,0.994609
Species,gamesGoals,369,19757,0.018677
Species,hof,369,371,0.994609
Person,4p,367,844,0.434834
Species,4p,367,844,0.434834
AdministrativeRegion,augRecordLowC,367,2532,0.144945
AdministrativeRegion,sepRecordLowC,367,2534,0.144830
Person,beatifiedPlace,366,1869,0.195827
Person,confrecord,366,11515,0.031785
Species,beatifiedPlace,366,1869,0.195827
Species,confrecord,366,11515,0.031785
AdministrativeRegion,augRainMm,366,456,0.802632
AdministrativeRegion,marRecordHighC,366,2544,0.143868
Person,lastodidate,365,3700,0.098649
Person,partners,365,405,0.901235
Species,lastodidate,365,3700,0.098649
Species,partners,365,405,0.901235
Person,squadNumber,364,457881,0.000795
Person,turnedpro,364,5432,0.067010
Species,squadNumber,364,457880,0.000795
Species,turnedpro,364,5432,0.067010
Star,periastron,363,476,0.762605
AdministrativeRegion,district,363,5404,0.067172
AdministrativeRegion,fedRep,363,374,0.970588
Person,currentSeries,362,2320,0.156034
Person,draft,362,11151,0.032463
Person,guardian,362,363,0.997245
Species,currentSeries,362,2320,0.156034
Species,draft,362,11151,0.032463
Species,guardian,362,363,0.997245
AdministrativeRegion,julRecordLowC,361,2537,0.142294
AdministrativeRegion,junRecordLowC,361,2534,0.142463
Person,location,360,606,0.594059
Species,location,360,606,0.594059
Person,medaltemplates,359,3249,0.110496
Species,medaltemplates,359,3249,0.110496
Species,ref,359,693,0.518038
AdministrativeRegion,octHighC,359,3336,0.107614
Person,ref,358,692,0.517341
Person,wbritopen,358,740,0.483784
Species,wbritopen,358,740,0.483784
Person,bg,357,17345,0.020582
Species,bg,357,17345,0.020582
Person,mission,356,889,0.400450
Species,mission,356,889,0.400450
Person,tracks,355,403,0.880893
Species,tracks,355,403,0.880893
AdministrativeRegion,julLowC,354,3335,0.106147
Person,state,353,26354,0.013395
Species,state,353,26354,0.013395
Person,religion,352,10838,0.032478
Species,religion,352,10837,0.032481
AdministrativeRegion,formerName,352,357,0.985994
Person,nativeLang1Name,351,445,0.788764
Person,playerYears,351,14295,0.024554
Species,nativeLang1Name,351,445,0.788764
Species,playerYears,351,14295,0.024554
Star,names,351,365,0.961644
Person,assistantreferees,350,771,0.453956
Species,assistantreferees,350,771,0.453956
AdministrativeRegion,octLowC,349,3340,0.104491
Person,authorLink,348,799,0.435544
Person,lasttestdate,348,3146,0.110617
Species,authorLink,348,799,0.435544
Species,lasttestdate,348,3146,0.110617
Person,gamesGoalstotal,347,3386,0.102481
Species,gamesGoalstotal,347,3386,0.102481
ChemicalCompound,date,347,569,0.609842
AdministrativeRegion,aprMeanC,347,2427,0.142975
AdministrativeRegion,carsign,347,347,1.000000
AdministrativeRegion,junLowC,347,3335,0.104048
Person,lastt20idate,346,2545,0.135953
Person,testdebutdate,346,3742,0.092464
Person,weightLb,346,41672,0.008303
Species,lastt20idate,346,2545,0.135953
Species,testdebutdate,346,3742,0.092464
Species,weightLb,346,41672,0.008303
Person,lastdate,345,2107,0.163740
Species,lastdate,345,2107,0.163740
AdministrativeRegion,demoCd,345,1743,0.197935
Person,t20idebutdate,344,2754,0.124909
Species,t20idebutdate,344,2754,0.124909
Person,blank,343,2934,0.116905
Person,coachplayers,343,475,0.722105
Person,lastfor,343,1748,0.196224
Species,blank,343,2934,0.116905
Species,coachplayers,343,475,0.722105
Species,lastfor,343,1748,0.196224
Person,tenure,341,488,0.698770
Species,tenure,341,488,0.698770
Person,bishopOf,340,582,0.584192
Person,golden,340,354,0.960452
Person,hansardcurr,340,341,0.997067
Species,bishopOf,340,582,0.584192
Species,golden,340,354,0.960452
Species,hansardcurr,340,341,0.997067
AdministrativeRegion,augLowC,340,3339,0.101827
AdministrativeRegion,mayHighC,339,3337,0.101588
AdministrativeRegion,mayLowC,339,3338,0.101558
Person,subjects,338,413,0.818402
Species,subjects,338,413,0.818402
Person,ruPosition,337,7682,0.043869
Species,ruPosition,337,7682,0.043869
AdministrativeRegion,coatofarms,337,353,0.954674
AdministrativeRegion,politicalSubdiv,337,479,0.703549
AdministrativeRegion,populationAsOf,336,28477,0.011799
AdministrativeRegion,subdivision,336,2327,0.144392
Person,authorAbbrevZoo,335,339,0.988201
Person,priorTerm,335,617,0.542950
Species,authorAbbrevZoo,335,339,0.988201
Species,priorTerm,335,617,0.542950
Person,totalLength,333,340,0.979412
Species,color,333,2671,0.124672
Species,totalLength,333,340,0.979412
Person,ridertype,332,3283,0.101127
Species,ridertype,332,3283,0.101127
Person,candidate2Percent,331,430,0.769767
Person,rivalsOverall,331,848,0.390330
Person,tournament,331,688,0.481105
Species,candidate2Percent,331,430,0.769767
Species,rivalsOverall,331,848,0.390330
Species,tournament,331,688,0.481105
AdministrativeRegion,fedDistrictNumber,331,426,0.776995
Person,otherParty,330,620,0.532258
Species,otherParty,330,620,0.532258
AdministrativeRegion,namedAfter,330,356,0.926966
Galaxy,size,329,1095,0.300457
Person,team(s),328,825,0.397576
Species,otherarticle,328,329,0.996960
Species,team(s),328,825,0.397576
Person,euro,327,328,0.996951
Person,otherarticle,327,328,0.996951
Species,euro,327,328,0.996951
Star,caption,327,346,0.945087
AdministrativeRegion,julHighC,326,3335,0.097751
AdministrativeRegion,octMeanC,326,2429,0.134212
AdministrativeRegion,yearPrecipitationDays,326,382,0.853403
Person,nabisco,325,632,0.514241
Species,nabisco,325,632,0.514241
Person,coachclub,324,893,0.362822
Person,mixedDoublesPartner,324,334,0.970060
Species,coachclub,324,893,0.362822
Species,mixedDoublesPartner,324,334,0.970060
AdministrativeRegion,junHighC,324,3334,0.097181
Person,disabilityClass,323,2808,0.115028
Species,disabilityClass,323,2808,0.115028
Person,producer,322,334,0.964072
Person,weapons,322,547,0.588665
Species,producer,322,334,0.964072
Species,weapons,322,547,0.588665
AdministrativeRegion,wikt,321,432,0.743056
Person,dSearch,320,323,0.990712
Person,portfolio,320,411,0.778589
Species,dSearch,320,323,0.990712
Species,portfolio,320,411,0.778589
Person,prevSeriesYears,317,7922,0.040015
Person,statsend,317,13487,0.023504
Species,prevSeriesYears,317,7922,0.040015
Species,statsend,317,13487,0.023504
Person,logo,315,443,0.711061
Species,logo,315,443,0.711061
AdministrativeRegion,sepLowC,315,3339,0.094340
Person,update,314,735,0.427211
Species,update,314,735,0.427211
AdministrativeRegion,deputy,314,336,0.934524
AdministrativeRegion,parish,314,461,0.681128
Person,amatyears,313,4151,0.075404
Person,content,313,326,0.960123
Person,worlds,313,963,0.325026
Species,amatyears,313,4151,0.075404
Species,content,313,326,0.960123
Species,regions,313,453,0.690949
Species,worlds,313,963,0.325026
Person,playerPositions,312,8323,0.037486
Person,qid,312,320,0.975000
Species,playerPositions,312,8323,0.037486
Species,qid,312,320,0.975000
Species,type,312,30290856,0.000010
Person,background,311,20625,0.015079
Person,network,311,470,0.661702
Species,background,311,20625,0.015079
Species,network,311,470,0.661702
Person,ruProvinceupdate,310,465,0.666667
Species,ruProvinceupdate,310,465,0.666667
Person,universityteam,309,424,0.728774
Person,won,309,8832,0.034986
Species,universityteam,309,424,0.728774
Species,won,309,8832,0.034986
AdministrativeRegion,popMunicipality,308,309,0.996764
AdministrativeRegion,augHighC,307,3331,0.092165
AdministrativeRegion,reason,307,341,0.900293
Person,significantAwards,306,572,0.534965
Species,significantAwards,306,572,0.534965
Person,4pp,305,480,0.635417
Person,hansard,305,305,1.000000
Species,4pp,305,480,0.635417
Species,hansard,305,305,1.000000
Galaxy,notes,305,471,0.647558
AdministrativeRegion,areaMunicipality,305,308,0.990260
Person,nebty,304,308,0.987013
Species,nebty,304,308,0.987013
Person,penalty,303,776,0.390464
Species,penalty,303,776,0.390464
AdministrativeRegion,julRecordHighC,303,2547,0.118963
Person,statyear,301,4022,0.074838
Species,statyear,301,4022,0.074838
AdministrativeRegion,junRecordHighC,301,2539,0.118551
AdministrativeRegion,municipality,301,2608,0.115414
Person,regType,300,1689,0.177620
Species,regType,300,1689,0.177620
AdministrativeRegion,meaning,300,305,0.983607
Person,super14update,299,495,0.604040
Species,super14update,299,495,0.604040
AdministrativeRegion,dateEnd,299,741,0.403509
AdministrativeRegion,noOfRuralLocalities,299,1341,0.222968
Species,wineRegion,297,534,0.556180
Person,bbrWnba,296,296,1.000000
Person,militaryData,296,444,0.666667
Species,bbrWnba,296,296,1.000000
Species,militaryData,296,444,0.666667
AdministrativeRegion,poj,295,301,0.980066
Person,titleYears,294,2843,0.103412
Species,titleYears,294,2843,0.103412
AdministrativeRegion,mayMeanC,294,2426,0.121187
AdministrativeRegion,region,294,2669,0.110154
AdministrativeRegion,sepHighC,294,3336,0.088129
Person,color,293,1244,0.235531
AdministrativeRegion,patron,293,522,0.561303
Person,baptised,292,296,0.986486
Person,homepage,292,294,0.993197
Species,baptised,292,296,0.986486
Species,homepage,292,294,0.993197
AdministrativeRegion,location,292,337,0.866469
Person,thesisYear,291,16177,0.017989
Species,thesisYear,291,16177,0.017989
AdministrativeRegion,dateStart,291,625,0.465600
Person,bdoWorld,290,385,0.753247
Species,bdoWorld,290,385,0.753247
AdministrativeRegion,color,290,6787,0.042729
AdministrativeRegion,kreisschlüssel,290,290,1.000000
AdministrativeRegion,members,290,319,0.909091
AdministrativeRegion,octRecordHighC,290,2545,0.113949
AdministrativeRegion,foundedDate,289,1144,0.252622
Person,authorlink,287,1223,0.234669
Person,founder,287,302,0.950331
Person,hp,287,288,0.996528
Species,authorlink,287,1223,0.234669
Species,founder,287,302,0.950331
Species,hp,287,288,0.996528
Person,headline,286,318,0.899371
Species,headline,286,318,0.899371
Person,choreographer,285,814,0.350123
Person,disability,285,1016,0.280512
Person,wins,285,9491,0.030028
Species,choreographer,285,814,0.350123
Species,disability,285,1016,0.280512
Star,periarg,285,348,0.818966
Person,gpTotalPoints,284,394,0.720812
Person,individualStarts,284,1386,0.204906
Person,placeOfConsecration,284,373,0.761394
Species,gpTotalPoints,284,394,0.720812
Species,individualStarts,284,1386,0.204906
Species,placeOfConsecration,284,373,0.761394
Person,repyears,283,18124,0.015615
Species,repyears,283,18124,0.015615
Person,imagesize,282,21276,0.013254
Person,subterm,282,5615,0.050223
Person,type,282,30106008,0.000009
Species,imagesize,282,21276,0.013254
Species,subterm,282,5615,0.050223
AdministrativeRegion,aprRecordHighC,282,2544,0.110849
AdministrativeRegion,blankNameSec,282,6763,0.041697
AdministrativeRegion,districtAdmin,282,282,1.000000
Person,debutyear,281,26992,0.010410
Person,stat21value,281,1639,0.171446
Species,debutyear,281,26992,0.010410
Species,stat21value,281,1639,0.171446
AdministrativeRegion,augRecordHighC,280,2545,0.110020
AdministrativeRegion,populationIncrease,280,531,0.527307
Person,began,279,387,0.720930
Person,odicap,279,3992,0.069890
Species,began,279,387,0.720930
Species,group,279,1158,0.240933
Species,odicap,279,3992,0.069890
Person,memorials,277,290,0.955172
Species,memorials,277,290,0.955172
Person,veneratedIn,275,6610,0.041604
Species,veneratedIn,275,6610,0.041604
Species,tribus,275,632,0.435127
AdministrativeRegion,preceded,274,688,0.398256
AdministrativeRegion,webpage,274,274,1.000000
AdministrativeRegion,suffragans,273,285,0.957895
Person,year1end,272,7436,0.036579
Species,year1end,272,7436,0.036579
Person,nfldraftedpick,270,493,0.547667
Person,weightLbs,270,22332,0.012090
Species,nfldraftedpick,270,493,0.547667
Species,weightLbs,270,22332,0.012090
AdministrativeRegion,succeeded,270,442,0.610860
Person,alternate,269,491,0.547862
Person,year1start,269,9054,0.029711
Species,alternate,269,491,0.547862
Species,year1start,269,9054,0.029711
AdministrativeRegion,yearHighC,269,681,0.395007
Person,totalCupRaces,268,725,0.369655
Species,totalCupRaces,268,725,0.369655
Person,heir,267,268,0.996269
Person,lost,267,9161,0.029145
Person,royalName,267,283,0.943463
Species,heir,267,268,0.996269
Species,lost,267,9161,0.029145
Species,royalName,267,283,0.943463
AdministrativeRegion,sepMeanC,267,2427,0.110012
Person,clubteam,266,1316,0.202128
Person,nameNonen,266,266,1.000000
Species,clubteam,266,1316,0.202128
Species,nameNonen,266,266,1.000000
AdministrativeRegion,mayRecordHighC,266,2544,0.104560
Person,eraName,265,346,0.765896
Species,eraName,265,346,0.765896
Galaxy,groupCluster,265,618,0.428803
Person,formerChoreographer,264,1132,0.233216
Person,finaldate,264,18839,0.014013
Person,total,264,5367,0.049189
Species,formerChoreographer,264,1132,0.233216
Species,alsoCalled,264,369,0.715447
Species,finaldate,264,18839,0.014013
Species,total,264,5367,0.049189
AdministrativeRegion,numberOfMembers,264,276,0.956522
Person,fourthofficial,263,457,0.575492
Species,fourthofficial,263,457,0.575492
ChemicalCompound,url,263,289,0.910035
AdministrativeRegion,julMeanC,263,2428,0.108320
AdministrativeRegion,junMeanC,263,2426,0.108409
AdministrativeRegion,julPrecipitationDays,262,2338,0.112062
Person,album,261,272,0.959559
Person,doublestitles,261,6954,0.037532
Species,album,261,272,0.959559
Species,doublestitles,261,6954,0.037532
Person,martialArt,260,933,0.278671
Person,ukOpen,260,378,0.687831
Species,martialArt,260,933,0.278671
Species,ukOpen,260,378,0.687831
Galaxy,alt,260,263,0.988593
Person,prevshow,259,283,0.915194
Species,prevshow,259,283,0.915194
AdministrativeRegion,augMeanC,257,2426,0.105936
Person,chapter,256,537,0.476723
Person,formerGroups,256,531,0.482109
Person,starts,256,2323,0.110202
Species,chapter,256,537,0.476723
Species,formerGroups,256,531,0.482109
Species,starts,256,2323,0.110202
AdministrativeRegion,img,256,257,0.996109
Person,notablework,255,258,0.988372
Species,notablework,255,258,0.988372
AdministrativeRegion,augPrecipitationDays,255,2340,0.108974
Person,department,254,625,0.406400
Species,department,254,625,0.406400
Person,firstRace,253,504,0.501984
Person,ordainedPriestBy,253,278,0.910072
Species,firstRace,253,504,0.501984
Species,ordainedPriestBy,253,278,0.910072
AdministrativeRegion,sepRecordHighC,253,2544,0.099450
AdministrativeRegion,titleLeader,253,608,0.416118
AdministrativeRegion,yearLowC,253,690,0.366667
Person,currentRecord,252,943,0.267232
Person,pdcWorld,252,412,0.611650
Species,currentRecord,252,943,0.267232
Species,pdcWorld,252,412,0.611650
Person,major,251,597,0.420436
Species,major,251,597,0.420436
Person,canonizedBy,250,984,0.254065
Person,partyVotes,250,343,0.728863
Person,writings,250,279,0.896057
Species,canonizedBy,250,984,0.254065
Species,partyVotes,250,343,0.728863
Species,writings,250,279,0.896057
Star,star,250,251,0.996016
Person,thesis2Title,249,249,1.000000
Species,thesis2Title,249,249,1.000000
AdministrativeRegion,nativeNameLang,248,9214,0.026916
AdministrativeRegion,parishes,248,1013,0.244817
AdministrativeRegion,yearRecordLowC,248,449,0.552339
Person,lcheading,246,246,1.000000
Species,lcheading,246,246,1.000000
AdministrativeRegion,aprHumidity,245,1952,0.125512
AdministrativeRegion,junPrecipitationDays,245,2337,0.104835
AdministrativeRegion,near,245,249,0.983936
Person,rating,244,362,0.674033
Species,rating,244,362,0.674033
Star,epe,244,245,0.995918
Person,asstCoach,242,511,0.473581
Person,otherTitles,242,359,0.674095
Species,asstCoach,242,511,0.473581
Species,otherTitles,242,359,0.674095
Star,variable,242,2033,0.119036
AdministrativeRegion,incumbent,242,263,0.920152
Person,rating,241,353,0.682720
Person,espnOverall,241,658,0.366261
Species,rating,241,353,0.682720
Species,espnOverall,241,658,0.366261
AdministrativeRegion,governmentType,240,1136,0.211268
AdministrativeRegion,janHumidity,240,1951,0.123014
Person,archbishopOf,239,632,0.378165
Person,round,239,2193,0.108983
Person,ruClubcaps,239,2233,0.107031
Person,value,239,449,0.532294
Species,archbishopOf,239,632,0.378165
Species,round,239,2193,0.108983
Species,ruClubcaps,239,2233,0.107031
Species,value,239,449,0.532294
AdministrativeRegion,lifeSpan,239,357,0.669468
Person,event,238,464,0.512931
Person,coaching,238,241,0.987552
Person,swing,238,281,0.846975
Species,event,238,464,0.512931
Species,coaching,238,241,0.987552
Species,swing,238,281,0.846975
Person,teama,237,6629,0.035752
Person,tries,237,20012,0.011843
Species,teama,237,6629,0.035752
Species,tries,237,20012,0.011843
AdministrativeRegion,marHumidity,237,1950,0.121538
Person,in,236,2502,0.094325
Person,opponents,236,297,0.794613
Person,placeOfPriestlyOrdination,236,307,0.768730
Species,in,236,2502,0.094325
Species,opponents,236,297,0.794613
Species,placeOfPriestlyOrdination,236,307,0.768730
Person,dbf,235,235,1.000000
Person,wsopMainEventBestFinishRank,235,691,0.340087
Species,dbf,235,235,1.000000
Species,wsopMainEventBestFinishRank,235,691,0.340087
AdministrativeRegion,foundedYear,235,1729,0.135917
Person,block,234,1245,0.187952
Person,provincepoints,234,1550,0.150968
Species,block,234,1245,0.187952
Species,provincepoints,234,1550,0.150968
Person,artikel,232,235,0.987234
Species,artikel,232,235,0.987234
Person,assembly,231,4765,0.048478
Person,metropolis,231,322,0.717391
Species,assembly,231,4765,0.048478
Species,metropolis,231,322,0.717391
ChemicalCompound,image,231,243,0.950617
AdministrativeRegion,patron,231,506,0.456522
AdministrativeRegion,partsType,231,4853,0.047599
Person,spike,230,1333,0.172543
Person,aflstatlabel,230,4817,0.047748
Person,clubnumber,230,63786,0.003606
Species,spike,230,1333,0.172543
Species,aflstatlabel,230,4817,0.047748
Species,clubnumber,230,63786,0.003606
Person,death,229,768,0.298177
Species,death,229,768,0.298177
AdministrativeRegion,minimumElevation,229,416,0.550481
AdministrativeRegion,mayHumidity,229,1953,0.117256
Person,channelId,228,228,1.000000
Person,city,228,417,0.546763
Person,ruYear1start,228,789,0.288973
Species,channelId,228,228,1.000000
Species,city,228,417,0.546763
Species,ruYear1start,228,789,0.288973
Person,afldraftpick,227,672,0.337798
Species,afldraftpick,227,672,0.337798
AdministrativeRegion,novHumidity,227,1953,0.116231
AdministrativeRegion,timezone,227,22157,0.010245
Person,cbs,226,226,1.000000
Person,coneDrill,226,6006,0.037629
Person,highestranking,226,839,0.269368
Person,ruSevensupdate,226,361,0.626039
Species,cbs,226,226,1.000000
Species,coneDrill,226,6006,0.037629
Species,highestranking,226,839,0.269368
Species,ruSevensupdate,226,361,0.626039
AdministrativeRegion,blank3InfoSec,226,252,0.896825
Person,tennishofid,225,225,1.000000
Species,hybrid,225,447,0.503356
Species,lat,225,234,0.961538
Species,tennishofid,225,225,1.000000
AdministrativeRegion,febHumidity,225,1956,0.115031
Person,end,224,4708,0.047579
Species,end,224,4708,0.047579
AdministrativeRegion,archdeacons,224,240,0.933333
AdministrativeRegion,foundation,224,684,0.327485
Person,careerEnd,223,21430,0.010406
Person,lat,223,232,0.961207
Person,m,223,1714,0.130105
Species,bgcolor,223,1539,0.144899
Species,careerEnd,223,21430,0.010406
AdministrativeRegion,commonscat,223,538,0.414498
AdministrativeRegion,sepPrecipitationDays,223,2339,0.095340
Person,lastRace,222,358,0.620112
Person,personalbest,222,558,0.397849
Person,post3followed,222,263,0.844106
Species,lastRace,222,358,0.620112
Species,personalbest,222,558,0.397849
Species,post3followed,222,263,0.844106
Person,domesticpartner,221,234,0.944444
Person,post3preceded,221,261,0.846743
Species,domesticpartner,221,234,0.944444
Species,post3preceded,221,261,0.846743
AdministrativeRegion,j,221,222,0.995495
AdministrativeRegion,utmEasting,221,221,1.000000
AdministrativeRegion,utmNorthing,221,221,1.000000
Person,significantDesign,220,244,0.901639
Person,classes,220,2013,0.109290
Species,significantDesign,220,244,0.901639
Species,classes,220,2013,0.109290
AdministrativeRegion,demographics1Title,220,3387,0.064954
AdministrativeRegion,maxtemp,220,995,0.221106
AdministrativeRegion,octHumidity,220,1955,0.112532
AdministrativeRegion,statusText,220,610,0.360656
Person,pronunciation,219,222,0.986486
Species,pronunciation,219,222,0.986486
AdministrativeRegion,decHumidity,219,1954,0.112078
AdministrativeRegion,junHumidity,218,1953,0.111623
Person,cfhof,216,216,1.000000
Species,cfhof,216,216,1.000000
Person,hr,215,215,1.000000
Person,pastMembers,215,215,1.000000
Person,strokes,215,7474,0.028766
Person,teamb,215,3476,0.061853
Person,yearaend,215,3546,0.060632
Species,hr,215,215,1.000000
Species,pastMembers,215,215,1.000000
Species,strokes,215,7474,0.028766
Species,teamb,215,3476,0.061853
Species,yearaend,215,3546,0.060632
Star,distance,215,215,1.000000
AdministrativeRegion,elevationMaxPoint,215,227,0.947137
Person,coachyears,214,5768,0.037101
Person,draftPick,214,5475,0.039087
Person,templeName,214,424,0.504717
Person,year2end,214,4018,0.053260
Species,coachyears,214,5768,0.037101
Species,draftPick,214,5475,0.039087
Species,templeName,214,424,0.504717
Species,year2end,214,4018,0.053260
Person,bestwin,213,280,0.760714
Person,year2start,213,6153,0.034617
Species,bestwin,213,280,0.760714
Species,year2start,213,6153,0.034617
Star,distPc,213,294,0.724490
AdministrativeRegion,foundingYear,213,1809,0.117745
AdministrativeRegion,firstIncumbent,213,228,0.934211
AdministrativeRegion,mayPrecipitationDays,213,2338,0.091104
Person,bgcolor,212,1510,0.140397
Person,currentConference,212,2988,0.070950
Person,givenName,212,225,0.942222
Person,provinceyears,212,3476,0.060990
Species,currentConference,212,2988,0.070950
Species,givenName,212,225,0.942222
Species,provinceyears,212,3476,0.060990
Star,axis,212,227,0.933921
AdministrativeRegion,community,212,290,0.731034
AdministrativeRegion,octPrecipitationDays,212,2337,0.090715
Person,channels,211,252,0.837302
Person,danceScore,211,323,0.653251
Person,denomination,211,1928,0.109440
Species,channels,211,252,0.837302
Species,danceScore,211,323,0.653251
Species,denomination,211,1927,0.109497
Star,node,211,224,0.941964
AdministrativeRegion,statYear,211,1122,0.188057
Person,5a,210,237,0.886076
Person,post1years,210,1094,0.191956
Person,totalBuschRaces,210,800,0.262500
Species,5a,210,237,0.886076
Species,post1years,210,1094,0.191956
Species,totalBuschRaces,210,800,0.262500
AdministrativeRegion,sepHumidity,210,1954,0.107472
Person,coachgamesWins,209,873,0.239404
Person,postNominals,209,372,0.561828
Species,coachgamesWins,209,873,0.239404
Species,postNominals,209,372,0.561828
AdministrativeRegion,marPrecipitationDays,209,2334,0.089546
Person,fdScore,208,327,0.636086
Person,lineage,208,344,0.604651
Species,fdScore,208,327,0.636086
Species,lineage,208,344,0.604651
Person,gpLastRace,207,421,0.491686
Species,gpLastRace,207,421,0.491686
Person,final2date,206,928,0.221983
Person,singlestitles,206,7220,0.028532
Species,final2date,206,928,0.221983
Species,singlestitles,206,7220,0.028532
AdministrativeRegion,auxiliaryBishops,206,217,0.949309
Person,carNumber,205,1915,0.107050
Person,disappearedStatus,205,280,0.732143
Person,queen,205,220,0.931818
Person,realName,205,208,0.985577
Person,yearastart,205,5932,0.034558
Species,carNumber,205,1915,0.107050
Species,disappearedStatus,205,280,0.732143
Species,queen,205,220,0.931818
Species,realName,205,208,0.985577
Species,yearastart,205,5932,0.034558
AdministrativeRegion,julHumidity,205,1955,0.104859
Person,birth,204,766,0.266319
Person,debut2date,204,1393,0.146447
Person,homeTown,204,217,0.940092
Species,birth,204,766,0.266319
Species,debut2date,204,1393,0.146447
Species,homeTown,204,217,0.940092
Species,marketingNames,204,206,0.990291
Species,long,203,212,0.957547
Person,currentMembers,202,206,0.980583
Person,hofPlayer,202,202,1.000000
Person,lastyear,202,1878,0.107561
Person,succeeding,202,202,1.000000
Species,currentMembers,202,206,0.980583
Species,hofPlayer,202,202,1.000000
Species,lastyear,202,1878,0.107561
Species,succeeding,202,202,1.000000
ChemicalCompound,reason,202,211,0.957346
AdministrativeRegion,augHumidity,202,1955,0.103325
AdministrativeRegion,mintemp,202,999,0.202202
AdministrativeRegion,priests,202,538,0.375465
AdministrativeRegion,yearMeanC,202,375,0.538667
Person,altName,201,205,0.980488
Person,long,201,210,0.957143
Species,altName,201,205,0.980488
AdministrativeRegion,yearRainDays,201,214,0.939252
Person,manageteam,200,217,0.921659
Person,orders,200,356,0.561798
Person,worldranking,200,722,0.277008
Species,manageteam,200,217,0.921659
Species,orders,200,356,0.561798
Species,worldranking,200,722,0.277008
Person,n,199,3776,0.052701
Species,n,199,3776,0.052701
AdministrativeRegion,janPrecipitationDays,199,2335,0.085225
AdministrativeRegion,party,199,1047,0.190067
Person,nationalTeam,198,2643,0.074915
Person,proyears,198,29917,0.006618
Person,scoutOverall,198,501,0.395210
Species,nationalTeam,198,2643,0.074915
Species,proyears,198,29917,0.006618
Species,scoutOverall,198,501,0.395210
AdministrativeRegion,fedgov,198,6852,0.028897
Person,markTitle,197,203,0.970443
Person,playingYears,197,5261,0.037445
Species,species,197,1418,0.138928
Species,above,197,213,0.924883
Species,markTitle,197,203,0.970443
Species,playingYears,197,5261,0.037445
Person,bowlRecord,196,1210,0.161983
Person,monarch,196,497,0.394366
Person,247Overall,196,477,0.410901
Person,above,196,212,0.924528
Person,adminYears,196,4333,0.045234
Person,gpFirstRace,196,423,0.463357
Species,bowlRecord,196,1210,0.161983
Species,monarch,196,497,0.394366
Species,247Overall,196,477,0.410901
Species,adminYears,196,4333,0.045234
Species,gpFirstRace,196,423,0.463357
AdministrativeRegion,governingBody,196,300,0.653333
AdministrativeRegion,aprPrecipitationDays,196,2336,0.083904
Person,finalyear,195,19955,0.009772
Species,finalyear,195,19955,0.009772
AdministrativeRegion,leaderParty,195,666,0.292793
Person,coachgames,194,1091,0.177819
Person,draftTeam,194,12700,0.015276
Species,coachgames,194,1091,0.177819
Species,draftTeam,194,12700,0.015276
Person,block,193,1284,0.150312
Person,bordercolor,193,9224,0.020924
Person,codename,193,200,0.965000
Person,currentteammate,193,204,0.946078
Person,headercolor,193,9053,0.021319
Person,ruProvinceyears,193,1557,0.123956
Species,block,193,1284,0.150312
Species,bordercolor,193,9224,0.020924
Species,codename,193,200,0.965000
Species,currentteammate,193,204,0.946078
Species,headercolor,193,9054,0.021317
Species,ruProvinceyears,193,1557,0.123956
AdministrativeRegion,julRainDays,193,374,0.516043
AdministrativeRegion,legislature,193,209,0.923445
AdministrativeRegion,vicarGeneral,193,201,0.960199
AdministrativeRegion,yearRainMm,193,195,0.989744
AdministrativeRegion,areaWaterPercent,192,524,0.366412
Person,currentnumber,191,4100,0.046585
Person,evian,191,531,0.359699
Person,partyPercent,191,289,0.660900
Species,currentnumber,191,4100,0.046585
Species,evian,191,531,0.359699
Species,partyPercent,191,289,0.660900
Star,type,191,1980,0.096465
Person,aux,190,202,0.940594
Person,lastSeries,190,675,0.281481
Person,weightKg,190,3880,0.048969
Species,aux,190,202,0.940594
Species,lastSeries,190,675,0.281481
Species,weightKg,190,3880,0.048969
AdministrativeRegion,novPrecipitationDays,190,2339,0.081231
AdministrativeRegion,postal2Code,190,195,0.974359
Person,careerStart,189,35108,0.005383
Person,stat6value,189,278,0.679856
Person,synagogue,189,217,0.870968
Species,careerStart,189,35108,0.005383
Species,stat6value,189,278,0.679856
Species,synagogue,189,217,0.870968
AdministrativeRegion,blank4InfoSec,189,253,0.747036
AdministrativeRegion,decPrecipitationDays,189,2337,0.080873
Person,3blankname,188,414,0.454106
Person,reach,188,3132,0.060026
Person,ruAmateurclubs,188,260,0.723077
Person,ruYear1end,188,663,0.283560
Person,symbolism,188,199,0.944724
Species,3blankname,188,414,0.454106
Species,reach,188,3132,0.060026
Species,ruAmateurclubs,188,260,0.723077
Species,ruYear1end,188,663,0.283560
Species,symbolism,188,199,0.944724
Person,cyears,187,16760,0.011158
Person,ruProvince,187,1497,0.124916
Species,cyears,187,16760,0.011158
Species,ruProvince,187,1497,0.124916
Star,aricns,187,194,0.963918
Person,partyChange,186,238,0.781513
Species,partyChange,186,238,0.781513
AdministrativeRegion,augRainDays,186,374,0.497326
AdministrativeRegion,junRainDays,186,374,0.497326
Person,canonizedPlace,185,707,0.261669
Person,collaborators,185,210,0.880952
Person,dateOfBurial,185,186,0.994624
Species,canonizedPlace,185,707,0.261669
Species,collaborators,185,210,0.880952
Species,dateOfBurial,185,186,0.994624
AdministrativeRegion,percent,185,199,0.929648
Person,eponymousskills,184,188,0.978723
Person,r1votes,184,208,0.884615
Species,eponymousskills,184,188,0.978723
Species,r1votes,184,208,0.884615
ChemicalCompound,imagealtr,184,226,0.814159
Person,kickboxWin,183,1139,0.160667
Person,start,183,1118,0.163685
Species,kickboxWin,183,1139,0.160667
Species,start,183,1118,0.163685
AdministrativeRegion,founder,183,299,0.612040
Person,missions,182,292,0.623288
Person,tribe,182,287,0.634146
Species,missions,182,292,0.623288
Species,tribe,182,287,0.634146
AdministrativeRegion,anthem,182,212,0.858491
AdministrativeRegion,width,182,3074,0.059206
Person,spalten,180,203,0.886700
Person,spike,180,1367,0.131675
Species,spalten,180,203,0.886700
Species,spike,180,1367,0.131675
AdministrativeRegion,febPrecipitationDays,179,2339,0.076528
Person,5p,178,262,0.679389
Person,coa,178,705,0.252482
Person,user,178,178,1.000000
Species,5p,178,262,0.679389
Species,coa,178,705,0.252482
Species,user,178,178,1.000000
Person,convictionPenalty,177,1368,0.129386
Person,icupdate,177,376,0.470745
Species,convictionPenalty,177,1368,0.129386
Species,icupdate,177,376,0.470745
Person,icyears,176,1328,0.132530
Person,startYear,176,372,0.473118
Species,icyears,176,1328,0.132530
Species,startYear,176,372,0.473118
Star,massEarth,176,195,0.902564
AdministrativeRegion,alt,175,180,0.972222
AdministrativeRegion,sepRainDays,175,375,0.466667
Person,associate,174,187,0.930481
Person,gpFirstWin,174,263,0.661597
Person,gpLastWin,174,260,0.669231
Species,associate,174,187,0.930481
Species,gpFirstWin,174,263,0.661597
Species,gpLastWin,174,260,0.669231
Star,apparentMagnitude,173,173,1.000000
AdministrativeRegion,localMapCaption,173,173,1.000000
AdministrativeRegion,yearHumidity,173,306,0.565359
AdministrativeRegion,yearSun,173,178,0.971910
Person,background,172,20542,0.008373
Person,repcaps,172,16512,0.010417
Person,year3end,172,2485,0.069215
Species,background,172,20542,0.008373
Species,repcaps,172,16512,0.010417
Species,year3end,172,2485,0.069215
ChemicalCompound,imagealtl,172,213,0.807512
Person,percent,171,181,0.944751
Person,positionOrQuorum,171,1073,0.159366
Species,percent,171,181,0.944751
Species,positionOrQuorum,171,1073,0.159366
ChemicalCompound,caption,171,190,0.900000
AdministrativeRegion,toyr,171,21117,0.008098
Person,opponent,170,185,0.918919
Species,opponent,170,185,0.918919
Person,50s,169,27404,0.006167
Person,1y,169,3167,0.053363
Person,provinceapps,169,2373,0.071218
Species,50s,169,27404,0.006167
Species,1y,169,3167,0.053363
Species,provinceapps,169,2373,0.071218
AdministrativeRegion,mayRainDays,169,374,0.451872
Person,dumaurier,168,284,0.591549
Person,issueLink,168,1672,0.100478
Person,targets,168,196,0.857143
Species,dumaurier,168,284,0.591549
Species,issueLink,168,1672,0.100478
Species,targets,168,196,0.857143
Star,axisUnitless,168,240,0.700000
Person,governor,167,208,0.802885
Person,amatapps,167,849,0.196702
Person,year3start,167,4046,0.041275
Species,governor,167,208,0.802885
Species,amatapps,167,849,0.196702
Species,year3start,167,4046,0.041275
AdministrativeRegion,blank2Info,167,250,0.668000
Person,canonizedBy,166,910,0.182418
Person,2y,166,3215,0.051633
Person,amateuryears,166,10480,0.015840
Person,post2years,166,529,0.313800
Species,canonizedBy,166,910,0.182418
Species,2y,166,3215,0.051633
Species,amateuryears,166,10480,0.015840
Species,post2years,166,529,0.313800
Species,subgenus,166,203,0.817734
AdministrativeRegion,yearRecordHighC,166,457,0.363239
Person,heightIn,165,71077,0.002321
Person,reignType,165,2570,0.064202
Person,ruYearastart,165,514,0.321012
Person,shuttle,165,6523,0.025295
Species,heightIn,165,71077,0.002321
Species,reignType,165,2570,0.064202
Species,ruYearastart,165,514,0.321012
Species,shuttle,165,6523,0.025295
Person,service,164,368,0.445652
Species,service,164,368,0.445652
AdministrativeRegion,left,164,1033,0.158761
Person,worldChampionTitleYear,163,168,0.970238
Person,dash,163,7281,0.022387
Person,otherAppearances,163,849,0.191991
Person,refereecomps,163,557,0.292639
Person,superpoints,163,1773,0.091935
Species,worldChampionTitleYear,163,168,0.970238
Species,dash,163,7281,0.022387
Species,otherAppearances,163,849,0.191991
Species,refereecomps,163,557,0.292639
Species,superpoints,163,1773,0.091935
Person,plays,162,7387,0.021930
Species,plays,162,7387,0.021930
AdministrativeRegion,arname,162,179,0.905028
AdministrativeRegion,demonyms,162,166,0.975904
Person,pfrexec,161,162,0.993827
Species,pfrexec,161,162,0.993827
Star,metallicity,161,162,0.993827
AdministrativeRegion,janRainDays,161,373,0.431635
AdministrativeRegion,yearDeputy,161,315,0.511111
Species,material,160,401,0.399002
AdministrativeRegion,blank1NameSec,160,914,0.175055
AdministrativeRegion,fromyr,160,21803,0.007338
Person,amatpoints,159,811,0.196054
Person,fivefor,159,23812,0.006677
Person,ruAmupdate,159,197,0.807107
Species,amatpoints,159,811,0.196054
Species,fivefor,159,23812,0.006677
Species,ruAmupdate,159,197,0.807107
Galaxy,absmagV,159,164,0.969512
AdministrativeRegion,octRainDays,159,375,0.424000
AdministrativeRegion,wylie,159,159,1.000000
Person,whaDraft,158,476,0.331933
Person,convictions,158,196,0.806122
Person,material,158,398,0.396985
Species,whaDraft,158,476,0.331933
Species,class,158,5206,0.030350
Species,convictions,158,196,0.806122
Species,subordo,158,3583,0.044097
AdministrativeRegion,diocese,158,159,0.993711
AdministrativeRegion,hanja,158,164,0.963415
Person,channel,157,158,0.993671
Person,class,157,5205,0.030163
Person,firstproshow,157,224,0.700893
Person,meet,157,243,0.646091
Person,resultyears,157,687,0.228530
Species,channel,157,158,0.993671
Species,firstproshow,157,224,0.700893
Species,meet,157,243,0.646091
Species,resultyears,157,687,0.228530
Star,luminosityBolometric,157,185,0.848649
Person,coachingRecord,156,159,0.981132
Person,ruCurrentclub,156,273,0.571429
Person,whaDraft,156,472,0.330508
Species,coachingRecord,156,159,0.981132
Species,jockey,156,206,0.757282
Species,ruCurrentclub,156,273,0.571429
Species,whaDraft,156,472,0.330508
Person,beatifiedBy,155,1471,0.105370
Person,cause,155,831,0.186522
Person,creation,155,637,0.243328
Person,icposition,155,1262,0.122821
Person,otherInfo,155,181,0.856354
Person,patternB,155,263,0.589354
Species,beatifiedBy,155,1471,0.105370
Species,cause,155,831,0.186522
Species,creation,155,637,0.243328
Species,icposition,155,1262,0.122821
Species,otherInfo,155,181,0.856354
Species,patternB,155,263,0.589354
AdministrativeRegion,elevationMaxFt,155,167,0.928144
AdministrativeRegion,marRainDays,155,374,0.414439
Person,draftTeam,154,12928,0.011912
Person,burial,154,190,0.810526
Person,group,154,816,0.188725
Person,stat32value,154,209,0.736842
Species,draftTeam,154,12928,0.011912
Species,burial,154,190,0.810526
Species,stat32value,154,209,0.736842
Person,dances,153,261,0.586207
Person,gpRaceStarts,153,416,0.367788
Person,guernsey,153,1728,0.088542
Species,dances,153,261,0.586207
Species,gpRaceStarts,153,416,0.367788
Species,guernsey,153,1728,0.088542
AdministrativeRegion,aprRainDays,153,374,0.409091
AdministrativeRegion,decRainDays,153,374,0.409091
AdministrativeRegion,right,153,1028,0.148833
Person,ambassadorFrom,152,1437,0.105776
Person,endReason,152,447,0.340045
Person,fg,152,16760,0.009069
Person,place,152,171,0.888889
Species,ambassadorFrom,152,1437,0.105776
Species,endReason,152,447,0.340045
Species,fg,152,16760,0.009069
Species,place,152,171,0.888889
Species,publisher,152,243,0.625514
Star,distLy,152,198,0.767677
AdministrativeRegion,febRainDays,152,373,0.407507
Person,active,151,1906,0.079224
Person,coachingYears,151,908,0.166300
Person,debut2team,151,1492,0.101206
Person,publisher,151,242,0.623967
Person,rivalsSchool,151,783,0.192848
Person,ruProvinceapps,151,825,0.183030
Person,sbkTotalPoints,151,221,0.683258
Person,season,151,52223,0.002891
Person,startyear,151,22599,0.006682
Person,topic,151,7284,0.020730
Person,yearpro,151,3648,0.041393
Species,active,151,1906,0.079224
Species,coachingYears,151,908,0.166300
Species,debut2team,151,1492,0.101206
Species,rivalsSchool,151,783,0.192848
Species,ruProvinceapps,151,825,0.183030
Species,sbkTotalPoints,151,221,0.683258
Species,season,151,52223,0.002891
Species,startyear,151,22599,0.006682
Species,topic,151,7302,0.020679
Species,yearpro,151,3648,0.041393
AdministrativeRegion,areaCodes,151,312,0.483974
AdministrativeRegion,era,151,931,0.162191
Person,journalisted,150,150,1.000000
Person,timeslot,150,289,0.519031
Species,journalisted,150,150,1.000000
Species,timeslot,150,289,0.519031
Person,cupTopTens,149,726,0.205234
Person,currentGroup,149,296,0.503378
Person,gamename,149,857,0.173862
Person,restingPlaceCoordinates,149,159,0.937107
Species,cupTopTens,149,726,0.205234
Species,currentGroup,149,296,0.503378
Species,gamename,149,857,0.173862
Species,imageAlt,149,157,0.949045
Species,restingPlaceCoordinates,149,159,0.937107
AdministrativeRegion,footer,149,154,0.967532
AdministrativeRegion,zwpy,149,149,1.000000
Person,agency,148,1258,0.117647
Person,clyears,148,654,0.226300
Person,ruTeama,148,605,0.244628
Species,agency,148,1258,0.117647
Species,clyears,148,654,0.226300
Species,ruTeama,148,605,0.244628
Star,credit,148,246,0.601626
AdministrativeRegion,elevationMinM,148,237,0.624473
Person,careerRecord,147,175,0.840000
Person,maidenname,147,150,0.980000
Person,teachers,147,176,0.835227
Species,careerRecord,147,175,0.840000
Species,maidenname,147,150,0.980000
Species,teachers,147,176,0.835227
AdministrativeRegion,last,147,172,0.854651
Person,5pp,146,180,0.811111
Person,bestBuschPos,146,777,0.187902
Species,5pp,146,180,0.811111
Species,bestBuschPos,146,777,0.187902
Star,date,146,212,0.688679
Person,year4start,145,2582,0.056158
Person,yeshiva,145,236,0.614407
Species,link,145,316,0.458861
Species,year4start,145,2582,0.056158
Species,yeshiva,145,236,0.614407
Person,currentcoachteam,144,156,0.923077
Person,cwin,144,188,0.765957
Person,regionals,144,285,0.505263
Species,currentcoachteam,144,156,0.923077
Species,cwin,144,188,0.765957
Species,regionals,144,285,0.505263
AdministrativeRegion,novRainDays,144,373,0.386059
Person,comp,143,653,0.218989
Person,createdCardinalBy,143,1609,0.088875
Person,electionTitle,143,564,0.253546
Person,ruSevensnationalcomp,143,512,0.279297
Species,comp,143,653,0.218989
Species,createdCardinalBy,143,1609,0.088875
Species,electionTitle,143,564,0.253546
Species,ruSevensnationalcomp,143,512,0.279297
AdministrativeRegion,seatType,143,11564,0.012366
Person,corType,142,771,0.184176
Person,superapps,142,1999,0.071036
Species,corType,142,771,0.184176
Species,superapps,142,1999,0.071036
Person,closs,141,186,0.758065
Person,lords,141,409,0.344743
Person,sdScore,141,215,0.655814
Person,yearbstart,141,3172,0.044451
Species,closs,141,186,0.758065
Species,lords,141,409,0.344743
Species,sdScore,141,215,0.655814
Species,yearbstart,141,3172,0.044451
AdministrativeRegion,first,141,203,0.694581
Person,canonizedPlace,139,783,0.177522
Person,heya,139,686,0.202624
Person,nativeLang,139,559,0.248658
Person,sooyears,139,624,0.222756
Person,volume,139,8161,0.017032
Species,canonizedPlace,139,783,0.177522
Species,heya,139,686,0.202624
Species,nativeLang,139,559,0.248658
Species,sooyears,139,624,0.222756
Species,volume,139,8162,0.017030
AdministrativeRegion,cocathedral,139,142,0.978873
Person,creator,138,156,0.884615
Species,creator,138,156,0.884615
Person,collegeyears,137,9945,0.013776
Person,ethnicity,137,264,0.518939
Person,prevBuschPos,137,391,0.350384
Person,ruClubyears,137,3212,0.042653
Species,collegeyears,137,9945,0.013776
Species,ethnicity,137,264,0.518939
Species,institute,137,168,0.815476
Species,prevBuschPos,137,391,0.350384
Species,ruClubyears,137,3212,0.042653
AdministrativeRegion,geocode,137,141,0.971631
AdministrativeRegion,residence,137,146,0.938356
Person,significantAdvance,136,147,0.925170
Species,significantAdvance,136,147,0.925170
Star,rI,136,188,0.723404
AdministrativeRegion,marSnowDays,136,1561,0.087124
AdministrativeRegion,politicalGroups,136,402,0.338308
AdministrativeRegion,popLatest,136,140,0.971429
Person,matchplay,135,158,0.854430
Person,placeofburialLabel,135,4962,0.027207
Person,teamc,135,1586,0.085120
Person,testdebutyear,135,3747,0.036029
Person,titlestyle,135,1106,0.122061
Person,year4end,135,1433,0.094208
Person,yearAdopted,135,190,0.710526
Species,matchplay,135,158,0.854430
Species,placeofburialLabel,135,4962,0.027207
Species,teamc,135,1586,0.085120
Species,testdebutyear,135,3747,0.036029
Species,titlestyle,135,1106,0.122061
Species,year4end,135,1433,0.094208
Species,yearAdopted,135,190,0.710526
Galaxy,ra,135,146,0.924658
Person,bestFinish,134,352,0.380682
Person,highestRank,134,543,0.246777
Person,ruProvincepoints,134,627,0.213716
Species,bestFinish,134,352,0.380682
Species,highestRank,134,543,0.246777
Species,ruProvincepoints,134,627,0.213716
AdministrativeRegion,decSnowDays,134,1561,0.085842
Person,bestArcaPos,133,522,0.254789
Person,co,133,597,0.222781
Person,peakranking,133,602,0.220930
Person,pointsa,133,5202,0.025567
Species,bestArcaPos,133,522,0.254789
Species,co,133,597,0.222781
Species,peakranking,133,602,0.220930
Species,pointsa,133,5202,0.025567
Galaxy,dec,133,145,0.917241
AdministrativeRegion,jurisdiction,133,2257,0.058928
AdministrativeRegion,licence,133,1954,0.068066
AdministrativeRegion,rr,133,157,0.847134
AdministrativeRegion,symbolType,133,250,0.532000
Person,cy,132,132,1.000000
Person,dipstyle,132,3323,0.039723
Person,inventoryNumber,132,132,1.000000
Person,penalties,132,134,0.985075
Person,ruYear2start,132,293,0.450512
Person,ruYearaend,132,284,0.464789
Person,thesis1Year,132,846,0.156028
Person,totalTruckRaces,132,770,0.171429
Person,wghofid,132,135,0.977778
Species,cy,132,132,1.000000
Species,dipstyle,132,3323,0.039723
Species,inventoryNumber,132,132,1.000000
Species,penalties,132,134,0.985075
Species,ruYear2start,132,293,0.450512
Species,ruYearaend,132,284,0.464789
Species,thesis1Year,132,846,0.156028
Species,totalTruckRaces,132,770,0.171429
Species,wghofid,132,135,0.977778
AdministrativeRegion,timeZone,132,21849,0.006041
AdministrativeRegion,janSnowDays,132,1565,0.084345
Person,channelName,131,131,1.000000
Person,highRanking,131,533,0.245779
Person,orgArchive,131,131,1.000000
Person,thesis2Url,131,152,0.861842
Species,channelName,131,131,1.000000
Species,highRanking,131,533,0.245779
Species,orgArchive,131,131,1.000000
Species,thesis2Url,131,152,0.861842
AdministrativeRegion,janDewPointC,131,190,0.689474
AdministrativeRegion,postalCodeType,131,6545,0.020015
AdministrativeRegion,provElectionFirst,131,1586,0.082598
Person,lasttestyear,130,3146,0.041322
Person,link,130,301,0.431894
Species,lasttestyear,130,3146,0.041322
AdministrativeRegion,abolished,130,321,0.404984
AdministrativeRegion,areaCommunity,130,130,1.000000
Person,discipline,129,2308,0.055893
Person,body,129,346,0.372832
Person,eldername,129,333,0.387387
Person,final2team,129,1039,0.124158
Person,legislature,129,156,0.826923
Person,singles,129,287,0.449477
Species,discipline,129,2308,0.055893
Species,body,129,346,0.372832
Species,eldername,129,333,0.387387
Species,final2team,129,1039,0.124158
Species,legislature,129,156,0.826923
Species,singles,129,287,0.449477
Person,1loc,128,140,0.914286
Person,autor,128,227,0.563877
Species,1loc,128,140,0.914286
Species,autor,128,227,0.563877
Person,bishopName,127,128,0.992188
Person,cis,127,811,0.156597
Person,coachwins,127,1077,0.117920
Species,bishopName,127,128,0.992188
Species,cis,127,811,0.156597
Species,coachwins,127,1077,0.117920
AdministrativeRegion,provCreated,127,1559,0.081462
Person,bestCupPos,126,706,0.178470
Person,bikeNumber,126,509,0.247544
Person,coachyear1start,126,858,0.146853
Person,grandSlam,126,168,0.750000
Person,institute,126,153,0.823529
Person,ruNationalyears,126,914,0.137856
Species,bestCupPos,126,706,0.178470
Species,bikeNumber,126,509,0.247544
Species,coachyear1start,126,858,0.146853
Species,grandSlam,126,168,0.750000
Species,ruNationalyears,126,914,0.137856
AdministrativeRegion,blankEmblemType,126,455,0.276923
AdministrativeRegion,language,126,1007,0.125124
AdministrativeRegion,octDewPointC,126,190,0.663158
Person,dharmaName,125,143,0.874126
Person,positions,125,589,0.212224
Person,ruCoachupdate,125,134,0.932836
Person,sSearch,125,138,0.905797
Person,stat33value,125,207,0.603865
Person,yearcstart,125,1476,0.084688
Species,dharmaName,125,143,0.874126
Species,positions,125,589,0.212224
Species,ruCoachupdate,125,134,0.932836
Species,sSearch,125,138,0.905797
Species,stat33value,125,207,0.603865
Species,yearcstart,125,1476,0.084688
ChemicalCompound,imagesize,125,8061,0.015507
AdministrativeRegion,decDewPointC,125,190,0.657895
AdministrativeRegion,febDewPointC,125,190,0.657895
Person,decWins,124,6926,0.017904
Person,moto2TotalPoints,124,251,0.494024
Person,result,124,736,0.168478
Person,sbkRaceStarts,124,229,0.541485
Species,concern,124,255,0.486275
Species,decWins,124,6926,0.017904
Species,moto2TotalPoints,124,251,0.494024
Species,result,124,736,0.168478
Species,sbkRaceStarts,124,229,0.541485
ChemicalCompound,imagecaptionl,124,156,0.794872
AdministrativeRegion,marDewPointC,124,190,0.652632
AdministrativeRegion,membership,124,317,0.391167
Person,activeYears,123,236,0.521186
Person,hairColor,123,3493,0.035213
Person,cflstatlabel,123,1570,0.078344
Person,commander,123,128,0.960938
Person,domesticPartner,123,131,0.938931
Person,espnRefTitle,123,709,0.173484
Person,fedcupresult,123,858,0.143357
Person,lit,123,124,0.991935
Person,lyrics,123,124,0.991935
Person,retirement,123,129,0.953488
Person,t20icap,123,2769,0.044420
Species,activeYears,123,236,0.521186
Species,hairColor,123,3493,0.035213
Species,cflstatlabel,123,1570,0.078344
Species,commander,123,128,0.960938
Species,domesticPartner,123,131,0.938931
Species,espnRefTitle,123,709,0.173484
Species,fedcupresult,123,858,0.143357
Species,lit,123,124,0.991935
Species,lyrics,123,124,0.991935
Species,retirement,123,129,0.953488
Species,t20icap,123,2769,0.044420
AdministrativeRegion,munDataAsOf,123,1358,0.090574
Person,feastDay,122,128,0.953125
Person,prev,122,129,0.945736
Person,prevTruckPos,122,453,0.269316
Species,feastDay,122,128,0.953125
Species,prev,122,129,0.945736
Species,prevTruckPos,122,453,0.269316
AdministrativeRegion,utcOffset,122,25475,0.004789
AdministrativeRegion,areaSqmi,122,129,0.945736
AdministrativeRegion,congregations,122,176,0.693182
AdministrativeRegion,febSnowDays,122,1561,0.078155
Person,clposition,121,641,0.188768
Species,clposition,121,641,0.188768
AdministrativeRegion,coaCaption,121,129,0.937984
AdministrativeRegion,etymology,121,125,0.968000
Person,coachedFor,120,154,0.779221
Person,grandPrix,120,143,0.839161
Person,pcFinals,120,171,0.701754
Person,presenter,120,142,0.845070
Person,ssTotalPoints,120,201,0.597015
Species,coachedFor,120,154,0.779221
Species,grandPrix,120,143,0.839161
Species,pcFinals,120,171,0.701754
Species,presenter,120,142,0.845070
Species,ssTotalPoints,120,201,0.597015
Galaxy,constellationName,120,2807,0.042750
AdministrativeRegion,flagCaption,120,126,0.952381
Person,concern,119,218,0.545872
Person,totalWidth,119,1818,0.065457
Person,twentySplit,119,6684,0.017804
Person,yearbend,119,1690,0.070414
Species,totalWidth,119,1831,0.064992
Species,twentySplit,119,6684,0.017804
Species,yearbend,119,1690,0.070414
AdministrativeRegion,novDewPointC,119,190,0.626316
AdministrativeRegion,psp,119,121,0.983471
Person,debutstadium,118,2081,0.056704
Person,poll,118,11141,0.010592
Person,scoutS,118,444,0.265766
Person,semicha,118,178,0.662921
Species,debutstadium,118,2081,0.056704
Species,poll,118,11141,0.010592
Species,scoutS,118,444,0.265766
Species,semicha,118,178,0.662921
Species,talk,118,142,0.830986
Person,bestTruckPos,117,743,0.157470
Person,disciples,117,120,0.975000
Person,loser,117,1554,0.075290
Person,thesis2Year,117,243,0.481481
Species,bestTruckPos,117,743,0.157470
Species,disciples,117,120,0.975000
Species,loser,117,1554,0.075290
Species,thesis2Year,117,243,0.481481
Star,age,117,122,0.959016
ChemicalCompound,imagecaptionr,117,147,0.795918
AdministrativeRegion,aprDewPointC,117,190,0.615789
AdministrativeRegion,aprSnowDays,117,1553,0.075338
Person,collegecaps,116,5854,0.019816
Person,contract,116,151,0.768212
Person,ko,116,5116,0.022674
Person,talk,116,140,0.828571
Species,collegecaps,116,5854,0.019816
Species,contract,116,151,0.768212
Species,ko,116,5116,0.022674
Person,court,115,600,0.191667
Person,ruPoints,115,558,0.206093
Species,court,115,600,0.191667
Species,ruPoints,115,558,0.206093
AdministrativeRegion,populationAsOf,115,519,0.221580
Person,crew,114,220,0.518182
Person,photo,114,114,1.000000
Species,crew,114,220,0.518182
Species,photo,114,114,1.000000
Species,phylum,114,14721,0.007744
AdministrativeRegion,bishopric,114,115,0.991304
Person,bestFinish,113,2441,0.046293
Person,otherInterests,113,123,0.918699
Person,ruAppearances,113,673,0.167905
Person,statleague,113,24610,0.004592
Person,yearcend,113,835,0.135329
Person,yeardstart,113,551,0.205082
Species,bestFinish,113,2441,0.046293
Species,otherInterests,113,123,0.918699
Species,ruAppearances,113,673,0.167905
Species,statleague,113,24610,0.004592
Species,yearcend,113,835,0.135329
Species,yeardstart,113,551,0.205082
Star,constell,113,5486,0.020598
AdministrativeRegion,managingAuthorities,113,1260,0.089683
AdministrativeRegion,novSnowDays,113,1556,0.072622
Person,3y,112,1335,0.083895
Person,crank,112,145,0.772414
Person,espnSchoolid,112,645,0.173643
Person,ordinationReason,112,143,0.783217
Person,repsevenscomp,112,410,0.273171
Person,year5start,112,1640,0.068293
Person,zuiderduinMasters,112,127,0.881890
Species,3y,112,1335,0.083895
Species,crank,112,145,0.772414
Species,espnSchoolid,112,645,0.173643
Species,ordinationReason,112,143,0.783217
Species,repsevenscomp,112,410,0.273171
Species,year5start,112,1640,0.068293
Species,zuiderduinMasters,112,127,0.881890
AdministrativeRegion,countyclerk,112,112,1.000000
AdministrativeRegion,sepDewPointC,112,190,0.589474
AdministrativeRegion,sheriff,112,112,1.000000
Person,hrank,111,262,0.423664
Person,internationalspan,111,3608,0.030765
Person,rightarm,111,342,0.324561
Person,weapon,111,191,0.581152
Species,hrank,111,262,0.423664
Species,internationalspan,111,3608,0.030765
Species,rightarm,111,342,0.324561
Species,weapon,111,191,0.581152
AdministrativeRegion,circuitclerk,111,111,1.000000
AdministrativeRegion,decLowF,111,130,0.853846
Person,coachstatsend,110,221,0.497738
Person,coachyear1end,110,596,0.184564
Person,electionNote,110,200,0.550000
Person,leftarm,110,332,0.331325
Person,longTitle,110,110,1.000000
Person,mainWork,110,110,1.000000
Person,sect,110,328,0.335366
Species,jockey,110,156,0.705128
Species,coachstatsend,110,221,0.497738
Species,coachyear1end,110,596,0.184564
Species,electionNote,110,200,0.550000
Species,leftarm,110,332,0.331325
Species,longTitle,110,110,1.000000
Species,mainWork,110,110,1.000000
Species,sect,110,328,0.335366
Species,subclassis,110,1355,0.081181
AdministrativeRegion,assessor,110,110,1.000000
AdministrativeRegion,augDewPointC,110,189,0.582011
AdministrativeRegion,density,110,114,0.964912
Person,vicePresident,109,115,0.947826
Person,badge,109,117,0.931624
Person,coachlosses,109,1081,0.100833
Person,congresses,109,3423,0.031843
Person,hofvote,109,185,0.589189
Person,ntlTeam,109,6724,0.016211
Person,ruYear2end,109,215,0.506977
Species,vicePresident,109,115,0.947826
Species,badge,109,117,0.931624
Species,coachlosses,109,1081,0.100833
Species,congresses,109,3423,0.031843
Species,hofvote,109,185,0.589189
Species,ntlTeam,109,6724,0.016211
Species,ruYear2end,109,215,0.506977
Star,radiusEarth,109,119,0.915966
AdministrativeRegion,election,109,199,0.547739
AdministrativeRegion,janLowF,109,131,0.832061
AdministrativeRegion,prosecutor,109,109,1.000000
AdministrativeRegion,visitationNum,109,125,0.872000
Person,buschTopTens,108,803,0.134496
Person,coachtournamentrecord,108,191,0.565445
Person,post3years,108,258,0.418605
Person,post4followed,108,113,0.955752
Person,r1votespercent,108,137,0.788321
Person,seam,108,108,1.000000
Person,stat3label,108,24861,0.004344
Person,tl,108,109,0.990826
Person,wsopMoneyFinishes,108,739,0.146143
Species,buschTopTens,108,803,0.134496
Species,coachtournamentrecord,108,191,0.565445
Species,post3years,108,258,0.418605
Species,post4followed,108,113,0.955752
Species,r1votespercent,108,137,0.788321
Species,seam,108,108,1.000000
Species,stat3label,108,24861,0.004344
Species,tl,108,109,0.990826
Species,wsopMoneyFinishes,108,739,0.146143
AdministrativeRegion,administrator,108,108,1.000000
AdministrativeRegion,blankName,108,1922,0.056191
AdministrativeRegion,presiding,108,108,1.000000
AdministrativeRegion,recorder,108,108,1.000000
AdministrativeRegion,treasurer,108,108,1.000000
Person,counties,107,1442,0.074202
Person,natlteam,107,1972,0.054260
Person,otherwork,107,118,0.906780
Person,shorts,107,337,0.317507
Species,phylum,107,14999,0.007134
Species,counties,107,1442,0.074202
Species,natlteam,107,1972,0.054260
Species,otherwork,107,118,0.906780
Species,shorts,107,337,0.317507
Star,url,107,135,0.792593
AdministrativeRegion,churches,107,136,0.786765
Person,4namedata,106,127,0.834646
Person,achievement,106,139,0.762590
Person,coachingRecords,106,117,0.905983
Person,temple,106,113,0.938053
Species,4namedata,106,127,0.834646
Species,achievement,106,139,0.762590
Species,coachingRecords,106,117,0.905983
Species,temple,106,113,0.938053
Galaxy,sbrightness,106,134,0.791045
Person,eyeColor,105,3377,0.031093
Person,coachEnd,105,921,0.114007
Person,dharmaNames,105,110,0.954545
Person,diffId,105,169,0.621302
Person,fcumpired,105,158,0.664557
Person,format,105,546,0.192308
Person,gpActiveYears,105,431,0.243619
Person,umptestdebutyr,105,364,0.288462
Person,worldDartsTrophy,105,175,0.600000
Species,eyeColor,105,3377,0.031093
Species,coachEnd,105,921,0.114007
Species,dharmaNames,105,110,0.954545
Species,diffId,105,169,0.621302
Species,fcumpired,105,158,0.664557
Species,format,105,546,0.192308
Species,gpActiveYears,105,431,0.243619
Species,umptestdebutyr,105,364,0.288462
Species,worldDartsTrophy,105,175,0.600000
AdministrativeRegion,julDewPointC,105,190,0.552632
AdministrativeRegion,junDewPointC,105,190,0.552632
AdministrativeRegion,mayDewPointC,105,190,0.552632
Person,post1note,104,124,0.838710
Person,shortTitle,104,104,1.000000
Person,stat2label,104,24990,0.004162
Species,post1note,104,124,0.838710
Species,shortTitle,104,104,1.000000
Species,stat2label,104,24990,0.004162
AdministrativeRegion,archdeaconries,104,121,0.859504
AdministrativeRegion,novLowF,104,130,0.800000
Person,picture,103,231,0.445887
Person,coachStart,103,2739,0.037605
Person,post4preceded,103,114,0.903509
Person,racquet,103,637,0.161695
Person,year5end,103,819,0.125763
Species,picture,103,231,0.445887
Species,coachStart,103,2739,0.037605
Species,post4preceded,103,114,0.903509
Species,racquet,103,637,0.161695
Species,year5end,103,819,0.125763
AdministrativeRegion,blank5InfoSec,103,131,0.786260
AdministrativeRegion,coroner,103,103,1.000000
AdministrativeRegion,decHighF,103,130,0.792308
AdministrativeRegion,decPercentsun,103,1648,0.062500
AdministrativeRegion,febLowF,103,130,0.792308
AdministrativeRegion,janHighF,103,130,0.792308
AdministrativeRegion,meetingPlace,103,109,0.944954
AdministrativeRegion,termStart,103,104,0.990385
AdministrativeRegion,tp,103,106,0.971698
Person,calledBy,102,587,0.173765
Person,discipleOf,102,134,0.761194
Person,lastFinish,102,261,0.390805
Person,moto3TotalPoints,102,188,0.542553
Person,num,102,154,0.662338
Person,odishirt,102,1052,0.096958
Person,socks,102,342,0.298246
Person,warsAndBattles,102,117,0.871795
Species,calledBy,102,587,0.173765
Species,discipleOf,102,134,0.761194
Species,lastFinish,102,261,0.390805
Species,moto3TotalPoints,102,188,0.542553
Species,num,102,154,0.662338
Species,odishirt,102,1052,0.096958
Species,socks,102,342,0.298246
Species,warsAndBattles,102,117,0.871795
AdministrativeRegion,janPercentsun,102,1650,0.061818
Person,brn,101,101,1.000000
Person,coronet,101,481,0.209979
Person,dimensions,101,127,0.795276
Person,heightCm,101,2467,0.040940
Person,kickboxingwins,101,258,0.391473
Person,pointsb,101,2937,0.034389
Person,ruNationalteam,101,712,0.141854
Species,brn,101,101,1.000000
Species,coronet,101,481,0.209979
Species,dimensions,101,127,0.795276
Species,heightCm,101,2467,0.040940
Species,kanji,101,101,1.000000
Species,kickboxingwins,101,258,0.391473
Species,notableWines,101,108,0.935185
Species,pointsb,101,2937,0.034389
Species,ruNationalteam,101,712,0.141854
AdministrativeRegion,altname,101,107,0.943925
AdministrativeRegion,collector,101,101,1.000000
AdministrativeRegion,marLowF,101,129,0.782946
AdministrativeRegion,octLowF,101,130,0.776923
AdministrativeRegion,provElectionLast,101,1582,0.063843
AdministrativeRegion,quote,101,115,0.878261
AdministrativeRegion,termEnd,101,103,0.980583
Person,coachyearastart,100,314,0.318471
Person,coatOfArmsAlt,100,125,0.800000
Person,debut3date,100,180,0.555556
Person,natname,100,265,0.377358
Person,ruCurrentposition,100,681,0.146843
Species,coachyearastart,100,314,0.318471
Species,coatOfArmsAlt,100,125,0.800000
Species,debut3date,100,180,0.555556
Species,natname,100,265,0.377358
Species,ruCurrentposition,100,681,0.146843
AdministrativeRegion,demographics2Title,100,1502,0.066578
Person,statisticValue,99,168,0.589286
Person,child,99,133,0.744361
Person,coachyear2start,99,379,0.261214
Person,collegegoals,99,5688,0.017405
Person,kanji,99,99,1.000000
Person,yesorretiredyear,99,153,0.647059
Species,statisticValue,99,168,0.589286
Species,child,99,133,0.744361
Species,coachyear2start,99,379,0.261214
Species,collegegoals,99,5688,0.017405
Species,yesorretiredyear,99,153,0.647059
AdministrativeRegion,novPercentsun,99,1651,0.059964
Person,6a,98,108,0.907407
Person,debutleague,98,24938,0.003930
Person,fatalities,98,495,0.197980
Person,keyPeople,98,104,0.942308
Person,t20ishirt,98,802,0.122195
Species,6a,98,108,0.907407
Species,bpmf,98,99,0.989899
Species,debutleague,98,24938,0.003930
Species,fatalities,98,495,0.197980
Species,keyPeople,98,104,0.942308
Species,t20ishirt,98,802,0.122195
AdministrativeRegion,decPrecipitationInch,98,111,0.882883
AdministrativeRegion,febHighF,98,130,0.753846
AdministrativeRegion,junLowF,98,130,0.753846
AdministrativeRegion,sepPrecipitationInch,98,111,0.882883
Person,deputy,97,110,0.881818
Person,coachSport,97,6406,0.015142
Person,eva,97,190,0.510526
Person,extour,97,6030,0.016086
Person,headCoach,97,254,0.381890
Person,ruNationalcaps,97,825,0.117576
Person,seasons,97,1850,0.052432
Species,deputy,97,110,0.881818
Species,coachSport,97,6406,0.015142
Species,eva,97,190,0.510526
Species,extour,97,6030,0.016086
Species,headCoach,97,254,0.381890
Species,ruNationalcaps,97,825,0.117576
Species,seasons,97,1850,0.052432
AdministrativeRegion,flagLink,97,106,0.915094
AdministrativeRegion,julLowF,97,130,0.746154
AdministrativeRegion,mayLowF,97,130,0.746154
AdministrativeRegion,novHighF,97,130,0.746154
Person,crewChief,96,100,0.960000
Person,koWins,96,6954,0.013805
Person,members,96,108,0.888889
Person,playerName,96,96,1.000000
Person,prowins,96,3825,0.025098
Species,crewChief,96,100,0.960000
Species,koWins,96,6954,0.013805
Species,members,96,108,0.888889
Species,playerName,96,96,1.000000
Species,prowins,96,3825,0.025098
AdministrativeRegion,aprLowF,96,130,0.738462
AdministrativeRegion,febPercentsun,96,1650,0.058182
AdministrativeRegion,octHighF,96,129,0.744186
AdministrativeRegion,octPercentsun,96,1651,0.058147
AdministrativeRegion,state,96,12819,0.007489
AdministrativeRegion,titleDeputy,96,147,0.653061
Person,beatifiedBy,95,1328,0.071536
Person,baseballRef,95,95,1.000000
Person,european,95,131,0.725191
Person,scoutRefTitle,95,552,0.172101
Person,shrine,95,99,0.959596
Person,stat31value,95,210,0.452381
Person,totalapps,95,111,0.855856
Person,umptestlastyr,95,262,0.362595
Species,beatifiedBy,95,1328,0.071536
Species,baseballRef,95,95,1.000000
Species,european,95,131,0.725191
Species,scoutRefTitle,95,552,0.172101
Species,shrine,95,99,0.959596
Species,stat31value,95,210,0.452381
Species,totalapps,95,111,0.855856
Species,umptestlastyr,95,262,0.362595
AdministrativeRegion,octPrecipitationInch,95,111,0.855856
AdministrativeRegion,octSnowDays,95,1553,0.061172
AdministrativeRegion,overlay,95,95,1.000000
AdministrativeRegion,sepLowF,95,129,0.736434
Person,founded,94,126,0.746032
Person,gpTeams,94,552,0.170290
Person,kickboxKowin,94,889,0.105737
Person,listNotes,94,101,0.930693
Person,organisationposition,94,151,0.622517
Person,teamd,94,598,0.157191
Person,yeardend,94,240,0.391667
Species,founded,94,126,0.746032
Species,gpTeams,94,552,0.170290
Species,kickboxKowin,94,889,0.105737
Species,listNotes,94,101,0.930693
Species,organisationposition,94,151,0.622517
Species,teamd,94,598,0.157191
Species,yeardend,94,240,0.391667
AdministrativeRegion,aprHighF,94,129,0.728682
AdministrativeRegion,divLink,94,102,0.921569
AdministrativeRegion,marPrecipitationInch,94,110,0.854545
Person,draftYear,93,37275,0.002495
Person,bpmf,93,94,0.989362
Person,missUsa,93,165,0.563636
Species,draftYear,93,37275,0.002495
Species,missUsa,93,165,0.563636
Star,notes,93,93,1.000000
Galaxy,date,93,111,0.837838
AdministrativeRegion,augPrecipitationInch,93,110,0.845455
AdministrativeRegion,blank2NameSec,93,462,0.201299
AdministrativeRegion,marHighF,93,130,0.715385
Person,bsize,92,337,0.272997
Person,hofdate,92,788,0.116751
Person,offstyle,92,3266,0.028169
Person,preNominals,92,275,0.334545
Person,suppressfields,92,425,0.216471
Person,t20idebutagainst,92,2753,0.033418
Species,bsize,92,337,0.272997
Species,hofdate,92,788,0.116751
Species,offstyle,92,3266,0.028169
Species,preNominals,92,275,0.334545
Species,suppressfields,92,425,0.216471
Species,t20idebutagainst,92,2753,0.033418
AdministrativeRegion,junPrecipitationInch,92,111,0.828829
AdministrativeRegion,marPercentsun,92,1649,0.055791
Person,6p,91,107,0.850467
Person,charges,91,105,0.866667
Person,clubapps,91,207,0.439614
Person,clubyears,91,1280,0.071094
Person,moto2RaceStarts,91,251,0.362550
Person,royalAssent,91,105,0.866667
Person,ruYear3start,91,147,0.619048
Person,umpfcdebutyr,91,156,0.583333
Person,wikititle,91,91,1.000000
Person,worldChamp,91,108,0.842593
Species,6p,91,107,0.850467
Species,charges,91,105,0.866667
Species,clubapps,91,207,0.439614
Species,clubyears,91,1280,0.071094
Species,moto2RaceStarts,91,251,0.362550
Species,royalAssent,91,105,0.866667
Species,ruYear3start,91,147,0.619048
Species,umpfcdebutyr,91,156,0.583333
Species,wikititle,91,91,1.000000
Species,worldChamp,91,108,0.842593
AdministrativeRegion,janPrecipitationInch,91,111,0.819820
AdministrativeRegion,mayPrecipitationInch,91,111,0.819820
AdministrativeRegion,notes,91,110,0.827273
AdministrativeRegion,sepHighF,91,130,0.700000
AdministrativeRegion,sepPercentsun,91,1650,0.055152
Person,undraftedYear,90,10549,0.008532
Person,administratingTeam,90,197,0.456853
Person,coachgamesWinstotal,90,99,0.909091
Person,draftyear,90,16027,0.005616
Person,prospectTeam,90,295,0.305085
Person,undraftedyear,90,10274,0.008760
Person,work,90,112,0.803571
Person,year6start,90,1009,0.089197
Species,undraftedYear,90,10549,0.008532
Species,administratingTeam,90,197,0.456853
Species,coachgamesWinstotal,90,99,0.909091
Species,draftyear,90,16027,0.005616
Species,prospectTeam,90,295,0.305085
Species,undraftedyear,90,10274,0.008760
Species,work,90,112,0.803571
Species,year6start,90,1009,0.089197
AdministrativeRegion,novPrecipitationInch,90,110,0.818182
Person,hallOfFame,89,317,0.280757
Person,battlesLabel,89,1244,0.071543
Person,disciplines,89,2223,0.040036
Person,icapps(points),89,657,0.135464
Person,lastt20iagainst,89,2546,0.034957
Person,playerNameLink,89,89,1.000000
Person,selectionDate,89,115,0.773913
Person,totalArcaRaces,89,570,0.156140
Species,hallOfFame,89,317,0.280757
Species,battlesLabel,89,1244,0.071543
Species,disciplines,89,2223,0.040036
Species,icapps(points),89,657,0.135464
Species,lastt20iagainst,89,2546,0.034957
Species,playerNameLink,89,89,1.000000
Species,selectionDate,89,115,0.773913
Species,totalArcaRaces,89,570,0.156140
AdministrativeRegion,aprPrecipitationInch,89,111,0.801802
AdministrativeRegion,augLowF,89,129,0.689922
AdministrativeRegion,coatCaption,89,148,0.601351
AdministrativeRegion,junHighF,89,130,0.684615
AdministrativeRegion,mayHighF,89,130,0.684615
AdministrativeRegion,years,89,107,0.831776
Person,retired,88,90,0.977778
Person,combatant,88,97,0.907216
Person,pp,88,105,0.838095
Species,retired,88,90,0.977778
Species,combatant,88,97,0.907216
Species,pp,88,105,0.838095
Star,jK,88,90,0.977778
AdministrativeRegion,febPrecipitationInch,88,111,0.792793
Person,prospectTeam,87,295,0.294915
Person,firstYear,87,2189,0.039744
Person,goldstars,87,614,0.141694
Person,militaryBlank,87,368,0.236413
Person,originalairdate,87,87,1.000000
Person,polltype,87,312,0.278846
Person,totalpodiums,87,1567,0.055520
Person,wcpodiums,87,670,0.129851
Species,prospectTeam,87,295,0.294915
Species,firstYear,87,2189,0.039744
Species,goldstars,87,614,0.141694
Species,militaryBlank,87,368,0.236413
Species,originalairdate,87,87,1.000000
Species,polltype,87,312,0.278846
Species,totalpodiums,87,1567,0.055520
Species,wcpodiums,87,670,0.129851
AdministrativeRegion,bishopTitle,87,760,0.114474
AdministrativeRegion,dir,87,9589,0.009073
Person,timeInSpace,86,106,0.811321
Person,timeInSpace,86,106,0.811321
Person,champion,86,382,0.225131
Person,daviscupresult,86,781,0.110115
Person,debut2year,86,1492,0.057641
Person,formerPartner,86,94,0.914894
Person,termLabel,86,2061,0.041727
Species,timeInSpace,86,106,0.811321
Species,timeInSpace,86,106,0.811321
Species,champion,86,382,0.225131
Species,daviscupresult,86,781,0.110115
Species,debut2year,86,1492,0.057641
Species,formerPartner,86,94,0.914894
Species,imageUpright,86,3447,0.024949
Species,pedigree,86,110,0.781818
Species,termLabel,86,2061,0.041727
AdministrativeRegion,aprPercentsun,86,1647,0.052216
AdministrativeRegion,julHighF,86,129,0.666667
Person,era,85,2397,0.035461
Person,draftYear,85,20550,0.004136
Person,heightM,85,3175,0.026772
Person,imageUpright,85,3394,0.025044
Person,injuries,85,285,0.298246
Person,losses,85,5229,0.016255
Person,playingstyle,85,455,0.186813
Person,practiceName,85,96,0.885417
Person,stat24value,85,112,0.758929
Species,era,85,2397,0.035461
Species,draftYear,85,20550,0.004136
Species,heightM,85,3175,0.026772
Species,injuries,85,285,0.298246
Species,losses,85,5229,0.016255
Species,playingstyle,85,455,0.186813
Species,practiceName,85,96,0.885417
Species,stat24value,85,112,0.758929
AdministrativeRegion,populationTotalRanking,85,948,0.089662
AdministrativeRegion,julPercentsun,85,1646,0.051640
AdministrativeRegion,julPrecipitationInch,85,110,0.772727
AdministrativeRegion,locName,85,85,1.000000
Person,4y,84,527,0.159393
Person,careerPosition,84,10067,0.008344
Person,final3date,84,116,0.724138
Person,firstCupRace,84,724,0.116022
Person,motogpTotalPoints,84,123,0.682927
Person,nomenhiero,84,87,0.965517
Person,odisumpired,84,379,0.221636
Person,opposed,84,110,0.763636
Person,patriarchOf,84,455,0.184615
Person,ruYearbstart,84,159,0.528302
Species,4y,84,527,0.159393
Species,careerPosition,84,10067,0.008344
Species,final3date,84,116,0.724138
Species,firstCupRace,84,724,0.116022
Species,motogpTotalPoints,84,123,0.682927
Species,nomenhiero,84,87,0.965517
Species,odisumpired,84,379,0.221636
Species,opposed,84,110,0.763636
Species,patriarchOf,84,455,0.184615
Species,ruYearbstart,84,159,0.528302
AdministrativeRegion,founder,84,132,0.636364
AdministrativeRegion,2a,84,84,1.000000
AdministrativeRegion,augHighF,84,129,0.651163
AdministrativeRegion,districtsList,84,88,0.954545
AdministrativeRegion,line,84,423,0.198582
AdministrativeRegion,senators,84,115,0.730435
Person,athlete,83,83,1.000000
Person,coachyear2end,83,258,0.321705
Person,markDescription,83,84,0.988095
Person,previous,83,83,1.000000
Person,professional,83,580,0.143103
Person,username,83,85,0.976471
Species,athlete,83,83,1.000000
Species,coachyear2end,83,258,0.321705
Species,image2Caption,83,119,0.697479
Species,markDescription,83,84,0.988095
Species,ordoAuthority,83,89,0.932584
Species,previous,83,83,1.000000
Species,professional,83,580,0.143103
Species,username,83,85,0.976471
Star,spectralType,83,83,1.000000
AdministrativeRegion,empasB,83,83,1.000000
AdministrativeRegion,empasK,83,83,1.000000
AdministrativeRegion,junPercentsun,83,1649,0.050334
AdministrativeRegion,populationBlank2Title,83,820,0.101220
AdministrativeRegion,provAbolished,83,801,0.103620
AdministrativeRegion,smallparty,83,100,0.830000
AdministrativeRegion,tib,83,92,0.902174
Person,afldraftedpick,82,110,0.745455
Person,arcaCarTeam,82,156,0.525641
Person,evaTime,82,90,0.911111
Person,oleft,82,325,0.252308
Person,otop,82,328,0.250000
Person,paralympics,82,375,0.218667
Person,publishDate,82,98,0.836735
Person,tenSplit,82,6713,0.012215
Species,afldraftedpick,82,110,0.745455
Species,arcaCarTeam,82,156,0.525641
Species,colour,82,5052,0.016231
Species,evaTime,82,90,0.911111
Species,langcode,82,510,0.160784
Species,oleft,82,325,0.252308
Species,otop,82,328,0.250000
Species,paralympics,82,375,0.218667
Species,publishDate,82,98,0.836735
Species,romaji,82,82,1.000000
Species,tenSplit,82,6713,0.012215
Person,2loc,81,99,0.818182
Person,4blankname,81,116,0.698276
Person,anainspiration,81,204,0.397059
Person,formerNllTeams,81,766,0.105744
Person,langcode,81,508,0.159449
Person,nomenHiero,81,82,0.987805
Person,oclc,81,84,0.964286
Person,season1LooseBalls,81,127,0.637795
Person,song,81,82,0.987805
Person,tv,81,908,0.089207
Person,year6end,81,492,0.164634
Species,2loc,81,99,0.818182
Species,4blankname,81,116,0.698276
Species,anainspiration,81,204,0.397059
Species,formerNllTeams,81,766,0.105744
Species,nomenHiero,81,82,0.987805
Species,oclc,81,84,0.964286
Species,season1LooseBalls,81,127,0.637795
Species,song,81,82,0.987805
Species,tv,81,908,0.089207
Species,year6end,81,492,0.164634
Star,apoapsis,81,88,0.920455
AdministrativeRegion,augPercentsun,81,1652,0.049031
AdministrativeRegion,mayPercentsun,81,1646,0.049210
AdministrativeRegion,populationBlank1Title,81,1624,0.049877
AdministrativeRegion,smallpartyNo,81,88,0.920455
Person,candidate3Votes,80,104,0.769231
Person,darts,80,709,0.112835
Person,fibaHofPlayer,80,80,1.000000
Person,followers,80,94,0.851064
Person,lastCupRace,80,616,0.129870
Person,legends,80,80,1.000000
Person,ruTeamb,80,190,0.421053
Person,stat1label,80,25234,0.003170
Person,verdict,80,171,0.467836
Species,candidate3Votes,80,104,0.769231
Species,darts,80,709,0.112835
Species,fibaHofPlayer,80,80,1.000000
Species,followers,80,94,0.851064
Species,lastCupRace,80,616,0.129870
Species,legends,80,80,1.000000
Species,ruTeamb,80,190,0.421053
Species,stat1label,80,25234,0.003170
Species,u,80,82,0.975610
Species,verdict,80,171,0.467836
Star,jH,80,83,0.963855
AdministrativeRegion,areaCodeType,80,1804,0.044346
AdministrativeRegion,maySnowDays,80,1543,0.051847
AdministrativeRegion,type,80,12506,0.006397
Person,coachyear3start,79,204,0.387255
Person,houseType,79,2028,0.038955
Person,prevCupPos,79,193,0.409326
Person,refereeyears,79,391,0.202046
Person,repsevensteam,79,654,0.120795
Person,ruClubpoints,79,848,0.093160
Person,selection,79,660,0.119697
Person,stat2year,79,395,0.200000
Person,totalpoints,79,111,0.711712
Person,u,79,81,0.975309
Person,vertical,79,7140,0.011064
Species,coachyear3start,79,204,0.387255
Species,houseType,79,2028,0.038955
Species,lonDeg,79,152,0.519737
Species,prevCupPos,79,193,0.409326
Species,refereeyears,79,391,0.202046
Species,repsevensteam,79,654,0.120795
Species,ruClubpoints,79,848,0.093160
Species,selection,79,660,0.119697
Species,stat2year,79,395,0.200000
Species,totalpoints,79,111,0.711712
Species,vertical,79,7140,0.011064
AdministrativeRegion,deaneries,79,151,0.523179
Person,coachteama,78,337,0.231454
Person,lonDeg,78,151,0.516556
Person,pv,78,81,0.962963
Person,romaji,78,78,1.000000
Person,season2LooseBalls,78,124,0.629032
Person,target,78,79,0.987342
Species,notableWine,78,96,0.812500
Species,coachteama,78,337,0.231454
Species,latDeg,78,152,0.513158
Species,pv,78,81,0.962963
Species,season2LooseBalls,78,124,0.629032
Species,target,78,79,0.987342
AdministrativeRegion,2011Population,78,78,1.000000
AdministrativeRegion,2011TotalPvtDwell,78,78,1.000000
AdministrativeRegion,2016LandArea,78,78,1.000000
AdministrativeRegion,2016TotalPvtDwell,78,78,1.000000
AdministrativeRegion,elevationMax,78,89,0.876404
AdministrativeRegion,extinctDate,78,172,0.453488
AdministrativeRegion,nate,78,79,0.987342
Person,125TotalPoints,77,200,0.385000
Person,consort,77,2440,0.031557
Person,ideology,77,95,0.810526
Person,latDeg,77,151,0.509934
Person,moto3RaceStarts,77,188,0.409574
Person,ranking,77,11466,0.006716
Person,season3LooseBalls,77,117,0.658120
Person,umpiregames,77,99,0.777778
Person,v,77,2686,0.028667
Species,125TotalPoints,77,200,0.385000
Species,consort,77,2440,0.031557
Species,ideology,77,95,0.810526
Species,moto3RaceStarts,77,188,0.409574
Species,ranking,77,11466,0.006716
Species,season3LooseBalls,77,117,0.658120
Species,umpiregames,77,99,0.777778
Species,v,77,2686,0.028667
Star,epoch,77,5547,0.013881
Star,metal,77,94,0.819149
AdministrativeRegion,2006LandArea,77,77,1.000000
AdministrativeRegion,2006TotalPvtDwell,77,77,1.000000
AdministrativeRegion,2011LandArea,77,77,1.000000
AdministrativeRegion,2016Population,77,78,0.987179
AdministrativeRegion,admDataAsOf,77,1329,0.057938
AdministrativeRegion,elevationMinPoint,77,94,0.819149
AdministrativeRegion,mps,77,93,0.827957
AdministrativeRegion,pages,77,98,0.785714
Person,dateOfDiaconalOrdination,76,77,0.987013
Person,eyeColor,76,2371,0.032054
Person,missUniverse,76,296,0.256757
Person,tour,76,2706,0.028086
Person,venerated,76,617,0.123177
Species,dateOfDiaconalOrdination,76,77,0.987013
Species,eyeColor,76,2371,0.032054
Species,missUniverse,76,296,0.256757
Species,tour,76,2706,0.028086
Species,venerated,76,617,0.123177
AdministrativeRegion,2006Population,76,77,0.987013
AdministrativeRegion,diedYear,76,77,0.987013
AdministrativeRegion,eventPre,76,86,0.883721
AdministrativeRegion,officeholder,76,77,0.987013
AdministrativeRegion,periphunit,76,2903,0.026180
AdministrativeRegion,schools,76,199,0.381910
Person,bestArcaWestPos,75,250,0.300000
Person,equipment,75,88,0.852273
Person,famousFlights,75,79,0.949367
Person,firstRace,75,543,0.138122
Person,nllDraft,75,293,0.255973
Person,reorganization,75,95,0.789474
Person,salary,75,80,0.937500
Person,season4LooseBalls,75,113,0.663717
Person,stateSenate,75,9776,0.007672
Species,bestArcaWestPos,75,250,0.300000
Species,equipment,75,88,0.852273
Species,famousFlights,75,79,0.949367
Species,firstRace,75,543,0.138122
Species,gr,75,76,0.986842
Species,nllDraft,75,293,0.255973
Species,reorganization,75,95,0.789474
Species,salary,75,80,0.937500
Species,season4LooseBalls,75,113,0.663717
Species,stateSenate,75,9776,0.007672
Species,unrankedSuperfamilia,75,2898,0.025880
AdministrativeRegion,flagAlt,75,81,0.925926
AdministrativeRegion,n,75,196,0.382653
Person,awardYears,74,436,0.169725
Person,cfbhofYear,74,457,0.161926
Person,games,74,153,0.483660
Person,hairColor,74,2482,0.029815
Person,manageyears,74,990,0.074747
Person,motogpRaceStarts,74,124,0.596774
Person,postNoms,74,122,0.606557
Person,rd1Team,74,76,0.973684
Person,season5LooseBalls,74,107,0.691589
Person,season7LooseBalls,74,96,0.770833
Person,spaceTime,74,87,0.850575
Person,yearestart,74,194,0.381443
Species,awardYears,74,436,0.169725
Species,cfbhofYear,74,457,0.161926
Species,documenturl,74,77,0.961039
Species,games,74,153,0.483660
Species,hairColor,74,2482,0.029815
Species,manageyears,74,990,0.074747
Species,motogpRaceStarts,74,124,0.596774
Species,postNoms,74,122,0.606557
Species,rd1Team,74,76,0.973684
Species,season5LooseBalls,74,107,0.691589
Species,season7LooseBalls,74,96,0.770833
Species,spaceTime,74,87,0.850575
Species,yearestart,74,194,0.381443
AdministrativeRegion,2016MeanHhIncome,74,75,0.986667
AdministrativeRegion,bpmf,74,78,0.948718
AdministrativeRegion,populationDensityRank,74,210,0.352381
Person,militaryRank,73,196,0.372449
Person,status,73,3939,0.018533
Person,beganskating,73,1929,0.037843
Person,bestwinyear,73,224,0.325893
Person,cfldraftedyear,73,799,0.091364
Person,documenturl,73,76,0.960526
Person,gr,73,74,0.986486
Person,halloffame,73,318,0.229560
Person,odScore,73,114,0.640351
Person,plays,73,7711,0.009467
Person,season6LooseBalls,73,100,0.730000
Person,spinoffs,73,81,0.901235
Species,militaryRank,73,196,0.372449
Species,status,73,3939,0.018533
Species,beganskating,73,1929,0.037843
Species,bestwinyear,73,224,0.325893
Species,cfldraftedyear,73,799,0.091364
Species,halloffame,73,318,0.229560
Species,odScore,73,114,0.640351
Species,plays,73,7711,0.009467
Species,season6LooseBalls,73,100,0.730000
Species,spinoffs,73,81,0.901235
AdministrativeRegion,leaderName,73,73,1.000000
AdministrativeRegion,federalSubject,73,1502,0.048602
AdministrativeRegion,flagType,73,171,0.426901
AdministrativeRegion,utcOffset,73,20646,0.003536
AdministrativeRegion,yearHighF,73,90,0.811111
Person,appearancesa,72,5640,0.012766
Person,conferenceSeason,72,119,0.605042
Person,missWorld,72,190,0.378947
Person,nws,72,175,0.411429
Person,pointsc,72,1389,0.051836
Person,ssRaceStarts,72,204,0.352941
Person,year7start,72,652,0.110429
Species,appearancesa,72,5640,0.012766
Species,conferenceSeason,72,119,0.605042
Species,missWorld,72,190,0.378947
Species,nws,72,175,0.411429
Species,pointsc,72,1389,0.051836
Species,ssRaceStarts,72,204,0.352941
Species,year7start,72,652,0.110429
AdministrativeRegion,display,72,73,0.986301
Person,electionDate,71,98,0.724490
Person,listaumpired,71,94,0.755319
Person,nfldraftedyear,71,513,0.138402
Person,ocArchive,71,71,1.000000
Person,ratings,71,383,0.185379
Person,tennishofyear,71,231,0.307359
Person,truckTopTens,71,775,0.091613
Person,wantedBy,71,99,0.717172
Species,electionDate,71,98,0.724490
Species,kana,71,71,1.000000
Species,listaumpired,71,94,0.755319
Species,nfldraftedyear,71,513,0.138402
Species,ocArchive,71,71,1.000000
Species,ratings,71,383,0.185379
Species,tennishofyear,71,231,0.307359
Species,truckTopTens,71,775,0.091613
Species,wantedBy,71,99,0.717172
Star,constellation,71,71,1.000000
AdministrativeRegion,start,71,8734,0.008129
AdministrativeRegion,yearLowF,71,88,0.806818
Person,authorAbbreviationBot,70,70,1.000000
Person,baskhofId,70,70,1.000000
Person,cdScore,70,114,0.614035
Person,coachyearaend,70,180,0.388889
Person,cup,70,113,0.619469
Person,final2year,70,1041,0.067243
Person,horushiero,70,71,0.985915
Person,kana,70,70,1.000000
Person,patternRa,70,126,0.555556
Person,podiums,70,1385,0.050542
Person,results,70,154,0.454545
Person,rNo,70,594,0.117845
Person,shootout,70,70,1.000000
Person,starring,70,75,0.933333
Person,umpfclastyr,70,137,0.510949
Species,authorAbbreviationBot,70,70,1.000000
Species,baskhofId,70,70,1.000000
Species,cdScore,70,114,0.614035
Species,coachyearaend,70,180,0.388889
Species,cup,70,113,0.619469
Species,final2year,70,1041,0.067243
Species,horushiero,70,71,0.985915
Species,patternRa,70,126,0.555556
Species,podiums,70,1385,0.050542
Species,results,70,154,0.454545
Species,rNo,70,594,0.117845
Species,shootout,70,70,1.000000
Species,starring,70,75,0.933333
Species,umpfclastyr,70,137,0.510949
AdministrativeRegion,1a,70,70,1.000000
AdministrativeRegion,2006PopDelta,70,77,0.909091
AdministrativeRegion,canparty,70,3267,0.021426
Person,armSpan,69,7131,0.009676
Person,convicted,69,69,1.000000
Person,currentRank,69,123,0.560976
Person,gpPodiums,69,421,0.163895
Person,horusHiero,69,69,1.000000
Person,offices,69,81,0.851852
Person,othernames,69,69,1.000000
Person,tenfor,69,20727,0.003329
Person,trial,69,170,0.405882
Species,armSpan,69,7131,0.009676
Species,convicted,69,69,1.000000
Species,currentRank,69,123,0.560976
Species,gpPodiums,69,421,0.163895
Species,horusHiero,69,69,1.000000
Species,offices,69,81,0.851852
Species,othernames,69,69,1.000000
Species,tenfor,69,20727,0.003329
Species,trial,69,170,0.405882
AdministrativeRegion,2016PopDensity,69,76,0.907895
AdministrativeRegion,2021LandArea,69,69,1.000000
AdministrativeRegion,2021Population,69,69,1.000000
AdministrativeRegion,blank3NameSec,69,308,0.224026
AdministrativeRegion,datePre,69,76,0.907895
AdministrativeRegion,denomination,69,1625,0.042462
Person,callsign,68,68,1.000000
Person,cfldraftedpick,68,758,0.089710
Person,nbaHistorical,68,69,0.985507
Person,operation,68,87,0.781609
Person,perp,68,70,0.971429
Person,perpetrators,68,77,0.883117
Person,repstatsend,68,251,0.270916
Person,shortSummary,68,68,1.000000
Person,since,68,727,0.093535
Person,victim,68,68,1.000000
Species,callsign,68,68,1.000000
Species,cfldraftedpick,68,758,0.089710
Species,nbaHistorical,68,69,0.985507
Species,operation,68,87,0.781609
Species,perp,68,70,0.971429
Species,perpetrators,68,77,0.883117
Species,repstatsend,68,251,0.270916
Species,shortSummary,68,68,1.000000
Species,since,68,727,0.093535
Species,trinomial,68,68,1.000000
Species,victim,68,68,1.000000
AdministrativeRegion,2011PopDelta,68,78,0.871795
AdministrativeRegion,2011PopDensity,68,77,0.883117
AdministrativeRegion,2016PopDelta,68,78,0.871795
AdministrativeRegion,2021TotalPvtDwell,68,69,0.985507
AdministrativeRegion,bornYear,68,70,0.971429
AdministrativeRegion,piccap,68,75,0.906667
AdministrativeRegion,surveyor,68,70,0.971429
AdministrativeRegion,translitLang1Type,68,1892,0.035941
AdministrativeRegion,uly,68,69,0.985507
Person,accused,67,72,0.930556
Person,bestArcaEastPos,67,276,0.242754
Person,candidate3Percent,67,99,0.676768
Person,composer,67,71,0.943662
Person,highestrank,67,608,0.110197
Person,iccfRating,67,71,0.943662
Person,industry,67,84,0.797619
Person,lastRace,67,367,0.182561
Person,patternLa,67,125,0.536000
Person,season1TeamLink,67,192,0.348958
Species,accused,67,72,0.930556
Species,bestArcaEastPos,67,276,0.242754
Species,candidate3Percent,67,99,0.676768
Species,composer,67,71,0.943662
Species,highestrank,67,608,0.110197
Species,iccfRating,67,71,0.943662
Species,industry,67,84,0.797619
Species,lastRace,67,367,0.182561
Species,patternLa,67,125,0.536000
Species,season1TeamLink,67,192,0.348958
Star,posang,67,69,0.971014
AdministrativeRegion,2001LandArea,67,67,1.000000
AdministrativeRegion,2001Population,67,67,1.000000
AdministrativeRegion,2001TotalPvtDwell,67,67,1.000000
AdministrativeRegion,author,67,117,0.572650
AdministrativeRegion,ethnicity,67,104,0.644231
AdministrativeRegion,munFormation1LeaderName,67,67,1.000000
Person,125RaceStarts,66,204,0.323529
Person,6pp,66,75,0.880000
Person,administratingYears,66,132,0.500000
Person,archiveUrl,66,66,1.000000
Person,britamateur,66,76,0.868421
Person,coDriver,66,70,0.942857
Person,firstCupWin,66,165,0.400000
Person,firstminister,66,372,0.177419
Person,kickboxLoss,66,1117,0.059087
Person,otherElements,66,86,0.767442
Person,prenomenhiero,66,68,0.970588
Person,principalIdeas,66,67,0.985075
Person,ruSevensnationalteam,66,622,0.106109
Person,topCcaRanking,66,491,0.134420
Species,125RaceStarts,66,204,0.323529
Species,6pp,66,75,0.880000
Species,administratingYears,66,132,0.500000
Species,archiveUrl,66,66,1.000000
Species,britamateur,66,76,0.868421
Species,coDriver,66,70,0.942857
Species,firstCupWin,66,165,0.400000
Species,firstminister,66,372,0.177419
Species,kickboxLoss,66,1117,0.059087
Species,otherElements,66,86,0.767442
Species,prenomenhiero,66,68,0.970588
Species,principalIdeas,66,67,0.985075
Species,ruSevensnationalteam,66,622,0.106109
Species,topCcaRanking,66,491,0.134420
Star,disk,66,108,0.611111
Star,kic,66,66,1.000000
AdministrativeRegion,augAfthumidity,66,280,0.235714
AdministrativeRegion,yearPrecipitationInch,66,70,0.942857
Person,250TotalPoints,65,113,0.575221
Person,coachrecord,65,128,0.507812
Person,conferenceTournament,65,102,0.637255
Person,nfldraftedteam,65,319,0.203762
Person,season8LooseBalls,65,85,0.764706
Species,250TotalPoints,65,113,0.575221
Species,coachrecord,65,128,0.507812
Species,conferenceTournament,65,102,0.637255
Species,nfldraftedteam,65,319,0.203762
Species,season8LooseBalls,65,85,0.764706
AdministrativeRegion,assembly%23,65,20205,0.003217
AdministrativeRegion,blank1Name,65,546,0.119048
AdministrativeRegion,pic,65,69,0.942029
AdministrativeRegion,sepAfthumidity,65,278,0.233813
AdministrativeRegion,suffragan,65,68,0.955882
AdministrativeRegion,usy,65,65,1.000000
AdministrativeRegion,yearSnowDays,65,69,0.942029
Person,coachyear3end,64,146,0.438356
Person,coachyearbstart,64,110,0.581818
Person,county,64,1387,0.046143
Person,maxvotes,64,64,1.000000
Person,missTeenUsa,64,107,0.598131
Person,season2TeamLink,64,196,0.326531
Person,signatureSize,64,605,0.105785
Species,coachyear3end,64,146,0.438356
Species,coachyearbstart,64,110,0.581818
Species,county,64,1387,0.046143
Species,maxvotes,64,64,1.000000
Species,missTeenUsa,64,107,0.598131
Species,parent,64,69,0.927536
Species,season2TeamLink,64,196,0.326531
Species,signatureSize,64,605,0.105785
Species,vivcNumber,64,65,0.984615
Star,angdistsec,64,64,1.000000
AdministrativeRegion,governor,64,106,0.603774
AdministrativeRegion,julAfthumidity,64,280,0.228571
Person,callSign,63,63,1.000000
Person,draftRound,63,21992,0.002865
Person,airForce,63,96,0.656250
Person,dateOfElevation,63,150,0.420000
Person,fidArchive,63,63,1.000000
Person,missInternational,63,174,0.362069
Person,parent,63,68,0.926471
Person,stat4label,63,3255,0.019355
Person,sufiOrder,63,269,0.234201
Person,t20isumpired,63,173,0.364162
Person,wrestling,63,442,0.142534
Species,callSign,63,63,1.000000
Species,draftRound,63,21992,0.002865
Species,airForce,63,96,0.656250
Species,dateOfElevation,63,150,0.420000
Species,fidArchive,63,63,1.000000
Species,missInternational,63,174,0.362069
Species,speciesAuthority,63,73,0.863014
Species,stat4label,63,3255,0.019355
Species,subdivisionRanks,63,5058,0.012456
Species,sufiOrder,63,268,0.235075
Species,t20isumpired,63,173,0.364162
Species,wrestling,63,442,0.142534
Star,periapsis,63,73,0.863014
AdministrativeRegion,2006PopDensity,63,77,0.818182
AdministrativeRegion,demographicsType,63,2550,0.024706
AdministrativeRegion,febMeanF,63,68,0.926471
AdministrativeRegion,iso,63,63,1.000000
AdministrativeRegion,janRecordLowF,63,79,0.797468
AdministrativeRegion,licensePlates,63,63,1.000000
AdministrativeRegion,octAfthumidity,63,279,0.225806
AdministrativeRegion,pop2021census,63,63,1.000000
AdministrativeRegion,sw,63,73,0.863014
AdministrativeRegion,uyy,63,63,1.000000
Person,amWin,62,229,0.270742
Person,cheight,62,274,0.226277
Person,compartment,62,63,0.984127
Person,finalleague,62,18743,0.003308
Person,firstproshowyear,62,209,0.296651
Person,goalsa,62,5143,0.012055
Person,headquarters,62,69,0.898551
Person,ncaaTeam,62,112,0.553571
Person,owner,62,66,0.939394
Person,pbrankings,62,154,0.402597
Person,perpetrator,62,64,0.968750
Person,post4years,62,115,0.539130
Person,refereeapps,62,154,0.402597
Person,ruCoachteam,62,84,0.738095
Person,truckCarTeam,62,106,0.584906
Person,wislink,62,62,1.000000
Species,amWin,62,229,0.270742
Species,cheight,62,274,0.226277
Species,compartment,62,63,0.984127
Species,finalleague,62,18743,0.003308
Species,firstproshowyear,62,209,0.296651
Species,goalsa,62,5143,0.012055
Species,headquarters,62,69,0.898551
Species,ncaaTeam,62,112,0.553571
Species,pbrankings,62,154,0.402597
Species,perpetrator,62,64,0.968750
Species,post4years,62,115,0.539130
Species,refereeapps,62,154,0.402597
Species,ruCoachteam,62,84,0.738095
Species,truckCarTeam,62,106,0.584906
Species,wislink,62,62,1.000000
Star,vR,62,71,0.873239
Galaxy,mass,62,73,0.849315
ChemicalCompound,footer,62,62,1.000000
AdministrativeRegion,elevationMinFt,62,93,0.666667
AdministrativeRegion,febRecordLowF,62,79,0.784810
AdministrativeRegion,hp,62,64,0.968750
AdministrativeRegion,junAfthumidity,62,280,0.221429
AdministrativeRegion,timezoneDst,62,2559,0.024228
AdministrativeRegion,voy,62,441,0.140590
Person,cfhofyear,61,197,0.309645
Person,eyecolor,61,762,0.080052
Person,itfName,61,61,1.000000
Person,ruNationalpoints,61,786,0.077608
Person,teame,61,209,0.291866
Person,teamStarts,61,1219,0.050041
Species,at,61,87,0.701149
Species,cfhofyear,61,197,0.309645
Species,eyecolor,61,762,0.080052
Species,itfName,61,61,1.000000
Species,ruNationalpoints,61,786,0.077608
Species,subgenusAuthority,61,105,0.580952
Species,teame,61,209,0.291866
Species,teamStarts,61,1219,0.050041
AdministrativeRegion,areaUrban,61,62,0.983871
AdministrativeRegion,areaUrban,61,62,0.983871
AdministrativeRegion,2001PopDelta,61,66,0.924242
AdministrativeRegion,2001PopDensity,61,67,0.910448
AdministrativeRegion,incumbentNote,61,64,0.953125
Person,altTitle,60,60,1.000000
Person,died,60,65,0.923077
Person,expansiondraftpick,60,108,0.555556
Person,familyName,60,189,0.317460
Person,fm,60,64,0.937500
Person,mbid,60,66,0.909091
Person,pmoyYear,60,85,0.705882
Person,ruAmateuryears,60,145,0.413793
Person,season4TeamLink,60,167,0.359281
Person,season9LooseBalls,60,78,0.769231
Person,sourcepath,60,60,1.000000
Person,stateHouse,60,16628,0.003608
Person,testsumpired,60,364,0.164835
Person,titletext,60,77,0.779221
Person,totalArcaWestRaces,60,272,0.220588
Person,wikt,60,2669,0.022480
Species,altTitle,60,60,1.000000
Species,died,60,65,0.923077
Species,expansiondraftpick,60,108,0.555556
Species,familyName,60,189,0.317460
Species,mbid,60,66,0.909091
Species,pmoyYear,60,85,0.705882
Species,ruAmateuryears,60,145,0.413793
Species,season4TeamLink,60,167,0.359281
Species,season9LooseBalls,60,78,0.769231
Species,sourcepath,60,60,1.000000
Species,stateHouse,60,16628,0.003608
Species,testsumpired,60,364,0.164835
Species,titletext,60,77,0.779221
Species,totalArcaWestRaces,60,272,0.220588
Species,wikt,60,2669,0.022480
AdministrativeRegion,2016MedianAge,60,77,0.779221
AdministrativeRegion,2016MedianAgeM,60,76,0.789474
AdministrativeRegion,2021PopDensity,60,69,0.869565
AdministrativeRegion,decMeanF,60,68,0.882353
AdministrativeRegion,lengthMi,60,66,0.909091
AdministrativeRegion,m,60,67,0.895522
AdministrativeRegion,mayAfthumidity,60,280,0.214286
AdministrativeRegion,novAfthumidity,60,278,0.215827
AdministrativeRegion,novMeanF,60,68,0.882353
Person,2ps,59,60,0.983333
Person,5y,59,208,0.283654
Person,archiveurl,59,59,1.000000
Person,bdo,59,596,0.098993
Person,captain,59,60,0.983333
Person,dname,59,59,1.000000
Person,election,59,76,0.776316
Person,foundation,59,60,0.983333
Person,initiator,59,66,0.893939
Person,maxvotespercent,59,63,0.936508
Person,mc,59,60,0.983333
Person,playerSport,59,3342,0.017654
Person,prenomenHiero,59,60,0.983333
Person,regionalsYear,59,198,0.297980
Person,shortsummary,59,59,1.000000
Person,spouseType,59,1262,0.046751
Person,tag,59,62,0.951613
Person,tp,59,60,0.983333
Person,umpireyears,59,109,0.541284
Species,2ps,59,60,0.983333
Species,5y,59,208,0.283654
Species,archiveurl,59,59,1.000000
Species,bdo,59,596,0.098993
Species,captain,59,60,0.983333
Species,dname,59,59,1.000000
Species,election,59,76,0.776316
Species,foundation,59,60,0.983333
Species,initiator,59,66,0.893939
Species,maxvotespercent,59,63,0.936508
Species,mc,59,60,0.983333
Species,playerSport,59,3342,0.017654
Species,prenomenHiero,59,60,0.983333
Species,regionalsYear,59,198,0.297980
Species,shortsummary,59,59,1.000000
Species,spouseType,59,1262,0.046751
Species,tag,59,62,0.951613
Species,tp,59,60,0.983333
Species,umpireyears,59,109,0.541284
Star,projsep,59,60,0.983333
AdministrativeRegion,2021PopDelta,59,69,0.855072
AdministrativeRegion,decAfthumidity,59,279,0.211470
AdministrativeRegion,dissolved,59,124,0.475806
AdministrativeRegion,janAfthumidity,59,280,0.210714
AdministrativeRegion,janMeanF,59,68,0.867647
AdministrativeRegion,marMeanF,59,68,0.867647
AdministrativeRegion,mon,59,59,1.000000
AdministrativeRegion,monr,59,59,1.000000
AdministrativeRegion,munwebpage,59,59,1.000000
Person,5namedata,58,64,0.906250
Person,amateurTeam,58,135,0.429630
Person,fourth,58,87,0.666667
Person,highestRankingDate,58,70,0.828571
Person,listOfWorks,58,65,0.892308
Person,lm,58,61,0.950820
Person,manager,58,74,0.783784
Person,monasticName,58,67,0.865672
Person,pmoyPreceded,58,81,0.716049
Person,pmoySucceeded,58,81,0.716049
Person,politicalOffice,58,62,0.935484
Person,rebounds,58,58,1.000000
Person,reincarnationOf,58,60,0.966667
Person,repsevensyears,58,880,0.065909
Person,ruProvincecaps,58,93,0.623656
Person,ruYear3end,58,96,0.604167
Person,super,58,1432,0.040503
Person,superyears,58,2424,0.023927
Person,worldSeriesFinals,58,78,0.743590
Person,year7end,58,313,0.185304
Species,5namedata,58,64,0.906250
Species,amateurTeam,58,135,0.429630
Species,fourth,58,87,0.666667
Species,highestRankingDate,58,70,0.828571
Species,listOfWorks,58,65,0.892308
Species,lm,58,61,0.950820
Species,manager,58,74,0.783784
Species,monasticName,58,67,0.865672
Species,pmoyPreceded,58,81,0.716049
Species,pmoySucceeded,58,81,0.716049
Species,politicalOffice,58,62,0.935484
Species,rebounds,58,58,1.000000
Species,reincarnationOf,58,60,0.966667
Species,repsevensyears,58,880,0.065909
Species,ruProvincecaps,58,93,0.623656
Species,ruYear3end,58,96,0.604167
Species,section,58,157,0.369427
Species,super,58,1432,0.040503
Species,superyears,58,2424,0.023927
Species,worldSeriesFinals,58,78,0.743590
Species,year7end,58,313,0.185304
Star,massMj,58,85,0.682353
AdministrativeRegion,2016MedianAgeF,58,76,0.763158
AdministrativeRegion,commons,58,78,0.743590
AdministrativeRegion,marAfthumidity,58,279,0.207885
AdministrativeRegion,octMeanF,58,68,0.852941
AdministrativeRegion,sepMeanF,58,68,0.852941
AdministrativeRegion,structure,58,62,0.935484
AdministrativeRegion,uig,58,59,0.983051
Person,debut3team,57,189,0.301587
Person,fieldgoals,57,9737,0.005854
Person,iccfPeakrating,57,60,0.950000
Person,moto2Manufacturers,57,456,0.125000
Person,reg.Electors,57,58,0.982759
Person,season3TeamLink,57,180,0.316667
Person,section,57,145,0.393103
Person,spinoffOf,57,68,0.838235
Species,debut3team,57,189,0.301587
Species,fieldgoals,57,9737,0.005854
Species,iccfPeakrating,57,60,0.950000
Species,moto2Manufacturers,57,456,0.125000
Species,reg.Electors,57,58,0.982759
Species,season3TeamLink,57,180,0.316667
Species,spinoffOf,57,68,0.838235
ChemicalCompound,width,57,102,0.558824
AdministrativeRegion,aprMeanF,57,68,0.838235
AdministrativeRegion,areaKm2Rank,57,64,0.890625
AdministrativeRegion,augMeanF,57,68,0.838235
AdministrativeRegion,decRecordLowF,57,80,0.712500
AdministrativeRegion,eventPost,57,71,0.802817
AdministrativeRegion,mayMeanF,57,67,0.850746
AdministrativeRegion,sessionRoom,57,58,0.982759
AdministrativeRegion,total,57,1881,0.030303
Person,boxWin,56,430,0.130233
Person,branchLabel,56,2304,0.024306
Person,bwfparaId,56,58,0.965517
Person,cfldraftpick,56,228,0.245614
Person,coachyear4start,56,97,0.577320
Person,currentposition,56,2239,0.025011
Person,decLosses,56,6080,0.009211
Person,ex,56,57,0.982456
Person,part,56,164,0.341463
Person,pvPct,56,65,0.861538
Person,season6Assists,56,129,0.434109
Person,summary,56,69,0.811594
Person,wbhof,56,56,1.000000
Person,wsopMainEventBestFinishYear,56,546,0.102564
Person,year8start,56,394,0.142132
Species,boxWin,56,430,0.130233
Species,branchLabel,56,2304,0.024306
Species,bwfparaId,56,58,0.965517
Species,cfldraftpick,56,228,0.245614
Species,coachyear4start,56,97,0.577320
Species,currentposition,56,2239,0.025011
Species,decLosses,56,6080,0.009211
Species,ex,56,57,0.982456
Species,part,56,166,0.337349
Species,pvPct,56,65,0.861538
Species,season6Assists,56,129,0.434109
Species,summary,56,69,0.811594
Species,wbhof,56,56,1.000000
Species,wsopMainEventBestFinishYear,56,546,0.102564
Species,year8start,56,394,0.142132
AdministrativeRegion,2006MeanHhIncome,56,59,0.949153
AdministrativeRegion,febAfthumidity,56,279,0.200717
AdministrativeRegion,junMeanF,56,68,0.823529
AdministrativeRegion,lengthKm,56,62,0.903226
Person,assist,55,55,1.000000
Person,commencement,55,72,0.763889
Person,dutchOpen,55,63,0.873016
Person,fastestLaps,55,1988,0.027666
Person,highestRank,55,175,0.314286
Person,issuePipe,55,877,0.062714
Person,lastCupWin,55,125,0.440000
Person,lastodiyear,55,3699,0.014869
Person,odidebutyear,55,4008,0.013723
Person,ordainedDeaconBy,55,61,0.901639
Person,partner(s),55,62,0.887097
Person,qSearch,55,56,0.982143
Person,races,55,517,0.106383
Person,ttLastWin,55,65,0.846154
Species,assist,55,55,1.000000
Species,commencement,55,72,0.763889
Species,dutchOpen,55,63,0.873016
Species,fastestLaps,55,1988,0.027666
Species,highestRank,55,175,0.314286
Species,issuePipe,55,877,0.062714
Species,lastCupWin,55,125,0.440000
Species,lastodiyear,55,3699,0.014869
Species,odidebutyear,55,4008,0.013723
Species,ordainedDeaconBy,55,61,0.901639
Species,partner(s),55,62,0.887097
Species,pos,55,6036,0.009112
Species,qSearch,55,56,0.982143
Species,races,55,517,0.106383
Species,ttLastWin,55,65,0.846154
AdministrativeRegion,2006MedianAgeM,55,77,0.714286
AdministrativeRegion,aprAfthumidity,55,279,0.197133
AdministrativeRegion,council,55,1058,0.051985
AdministrativeRegion,fedCreated,55,922,0.059653
AdministrativeRegion,logoPic,55,55,1.000000
AdministrativeRegion,popYear,55,875,0.062857
AdministrativeRegion,rite,55,1898,0.028978
AdministrativeRegion,tl,55,57,0.964912
Person,agencies,54,58,0.931034
Person,appearancesb,54,3036,0.017787
Person,baskhofYear,54,105,0.514286
Person,buschCarTeam,54,106,0.509434
Person,captureStatus,54,101,0.534653
Person,coachteamb,54,126,0.428571
Person,hangulmo,54,60,0.900000
Person,hanjamo,54,60,0.900000
Person,literaryWorks,54,59,0.915254
Person,pos,54,6031,0.008954
Person,ruSevensnationalyears,54,967,0.055843
Person,season4Assists,54,156,0.346154
Person,ttFirstWin,54,68,0.794118
Person,umpodidebutyr,54,379,0.142480
Species,agencies,54,58,0.931034
Species,appearancesb,54,3036,0.017787
Species,baskhofYear,54,105,0.514286
Species,buschCarTeam,54,106,0.509434
Species,captureStatus,54,101,0.534653
Species,coachteamb,54,126,0.428571
Species,hangulmo,54,60,0.900000
Species,hanjamo,54,60,0.900000
Species,literaryWorks,54,59,0.915254
Species,piccap,54,54,1.000000
Species,ruSevensnationalyears,54,967,0.055843
Species,season4Assists,54,156,0.346154
Species,ttFirstWin,54,68,0.794118
Species,typeGenus,54,54,1.000000
Species,umpodidebutyr,54,379,0.142480
Galaxy,url,54,61,0.885246
AdministrativeRegion,1p,54,59,0.915254
AdministrativeRegion,2006MedianAge,54,77,0.701299
AdministrativeRegion,datePost,54,68,0.794118
AdministrativeRegion,imageMap2Caption,54,56,0.964286
AdministrativeRegion,marRecordLowF,54,80,0.675000
AdministrativeRegion,post,54,54,1.000000
Person,altstyle,53,182,0.291209
Person,chapterUrl,53,145,0.365517
Person,currentRankingDate,53,156,0.339744
Person,desc,53,57,0.929825
Person,finals,53,253,0.209486
Person,find,53,793,0.066835
Person,formercountry,53,165,0.321212
Person,int.DartsLeague,53,72,0.736111
Person,international,53,7383,0.007179
Person,licenseDate,53,59,0.898305
Person,openparl,53,53,1.000000
Person,otherwins,53,2006,0.026421
Person,placeOfDiaconalOrdination,53,67,0.791045
Person,rk,53,53,1.000000
Person,ruAppearancesa,53,433,0.122402
Person,ruTries,53,569,0.093146
Person,saintTitle,53,120,0.441667
Person,season10LooseBalls,53,66,0.803030
Person,season3Assists,53,175,0.302857
Person,season5Assists,53,147,0.360544
Person,tomb,53,58,0.913793
Person,womenshof,53,53,1.000000
Species,altstyle,53,182,0.291209
Species,chapterUrl,53,145,0.365517
Species,currentRankingDate,53,156,0.339744
Species,desc,53,57,0.929825
Species,finals,53,253,0.209486
Species,find,53,793,0.066835
Species,formercountry,53,165,0.321212
Species,int.DartsLeague,53,72,0.736111
Species,international,53,7383,0.007179
Species,licenseDate,53,59,0.898305
Species,openparl,53,53,1.000000
Species,otherwins,53,2006,0.026421
Species,pic,53,53,1.000000
Species,placeOfDiaconalOrdination,53,67,0.791045
Species,rk,53,53,1.000000
Species,ruAppearancesa,53,433,0.122402
Species,ruTries,53,569,0.093146
Species,saintTitle,53,120,0.441667
Species,season10LooseBalls,53,66,0.803030
Species,season3Assists,53,175,0.302857
Species,season5Assists,53,147,0.360544
Species,tomb,53,58,0.913793
Species,womenshof,53,53,1.000000
AdministrativeRegion,2006MedianAgeF,53,77,0.688312
AdministrativeRegion,portal,53,375,0.141333
AdministrativeRegion,widthKm,53,61,0.868852
Person,arcaWestCarTeam,52,73,0.712329
Person,bench,52,5929,0.008770
Person,coachregrecord,52,99,0.525253
Person,firstArcaWestRace,52,273,0.190476
Person,philosophy,52,88,0.590909
Person,piccap,52,52,1.000000
Person,post2note,52,62,0.838710
Person,preceding,52,56,0.928571
Person,stance,52,2200,0.023636
Person,vegas,52,72,0.722222
Person,vpName,52,59,0.881356
Person,wonderlic,52,668,0.077844
Species,arcaWestCarTeam,52,73,0.712329
Species,bench,52,5929,0.008770
Species,coachregrecord,52,99,0.525253
Species,firstArcaWestRace,52,273,0.190476
Species,philosophy,52,88,0.590909
Species,post2note,52,62,0.838710
Species,preceding,52,56,0.928571
Species,r,52,202,0.257426
Species,stance,52,2200,0.023636
Species,vegas,52,72,0.722222
Species,vpName,52,59,0.881356
Species,wonderlic,52,668,0.077844
AdministrativeRegion,state,52,2910,0.017869
AdministrativeRegion,2p,52,57,0.912281
AdministrativeRegion,areaUrbanKm,52,53,0.981132
AdministrativeRegion,communities,52,75,0.693333
AdministrativeRegion,episcopalVicar,52,57,0.912281
AdministrativeRegion,julMeanF,52,68,0.764706
AdministrativeRegion,mayorAsOf,52,515,0.100971
AdministrativeRegion,sgs,52,52,1.000000
Person,1ps,51,51,1.000000
Person,247RefTitle,51,74,0.689189
Person,arcaTopTens,51,570,0.089474
Person,at,51,68,0.750000
Person,banner,51,66,0.772727
Person,bannerimage,51,53,0.962264
Person,debutopponent,51,682,0.074780
Person,draws,51,4601,0.011085
Person,escaped,51,52,0.980769
Person,goalsb,51,2921,0.017460
Person,incumbent,51,58,0.879310
Person,r,51,201,0.253731
Person,season5TeamLink,51,156,0.326923
Person,season7Assists,51,114,0.447368
Person,sucType,51,765,0.066667
Species,1ps,51,51,1.000000
Species,247RefTitle,51,74,0.689189
Species,arcaTopTens,51,570,0.089474
Species,banner,51,66,0.772727
Species,bannerimage,51,53,0.962264
Species,debutopponent,51,682,0.074780
Species,draws,51,4601,0.011085
Species,escaped,51,52,0.980769
Species,goalsb,51,2921,0.017460
Species,incumbent,51,58,0.879310
Species,season5TeamLink,51,156,0.326923
Species,season7Assists,51,114,0.447368
Species,sucType,51,765,0.066667
Star,absmagBol,51,52,0.980769
ChemicalCompound,title,51,79,0.645570
AdministrativeRegion,language,51,114,0.447368
AdministrativeRegion,apostolicAdmin,51,52,0.980769
AdministrativeRegion,areaNote,51,61,0.836066
AdministrativeRegion,d,51,440,0.115909
AdministrativeRegion,e,51,69,0.739130
AdministrativeRegion,end,51,8711,0.005855
AdministrativeRegion,header,51,198,0.257576
AdministrativeRegion,officeholderSort,51,51,1.000000
AdministrativeRegion,pop2021censusRank,51,52,0.980769
AdministrativeRegion,shieldAlt,51,53,0.962264
AdministrativeRegion,wstitle,51,53,0.962264
Person,250RaceStarts,50,114,0.438596
Person,capacity,50,131,0.381679
Person,coLeader,50,51,0.980392
Person,grid,50,50,1.000000
Person,ncaaeliteeight,50,75,0.666667
Person,pic,50,50,1.000000
Person,ruPointsa,50,354,0.141243
Person,season1Assists,50,200,0.250000
Person,showMedals,50,37326,0.001340
Person,silverYear,50,543,0.092081
Person,super14caps,50,79,0.632911
Person,valid,50,52,0.961538
Person,vicepremier,50,59,0.847458
Species,250RaceStarts,50,114,0.438596
Species,capacity,50,131,0.381679
Species,coLeader,50,51,0.980392
Species,grid,50,50,1.000000
Species,ncaaeliteeight,50,75,0.666667
Species,ruPointsa,50,354,0.141243
Species,season1Assists,50,200,0.250000
Species,showMedals,50,37327,0.001340
Species,silverYear,50,543,0.092081
Species,super14caps,50,79,0.632911
Species,valid,50,52,0.961538
Species,vicepremier,50,59,0.847458
AdministrativeRegion,f,50,51,0.980392
AdministrativeRegion,former,50,468,0.106838
Person,afldraftround,49,768,0.063802
Person,firstBuschRace,49,797,0.061481
Person,heightm,49,290,0.168966
Person,patternSh,49,97,0.505155
Person,pdc,49,785,0.062420
Person,pointsd,49,513,0.095517
Person,rewardAmount,49,57,0.859649
Person,season11LooseBalls,49,61,0.803279
Person,season4Goals,49,156,0.314103
Person,season4PenaltyMinutes,49,139,0.352518
Person,umpodilastyr,49,301,0.162791
Person,wcwins,49,549,0.089253
Species,afldraftround,49,768,0.063802
Species,carbs,49,49,1.000000
Species,firstBuschRace,49,797,0.061481
Species,heightm,49,290,0.168966
Species,patternSh,49,97,0.505155
Species,pdc,49,785,0.062420
Species,pointsd,49,513,0.095517
Species,rewardAmount,49,57,0.859649
Species,season11LooseBalls,49,61,0.803279
Species,season4Goals,49,156,0.314103
Species,season4PenaltyMinutes,49,139,0.352518
Species,umpodilastyr,49,301,0.162791
Species,wcwins,49,549,0.089253
AdministrativeRegion,2001MedianAgeM,49,66,0.742424
AdministrativeRegion,2011MedianAgeM,49,60,0.816667
AdministrativeRegion,agencyname,49,53,0.924528
AdministrativeRegion,janSnowInch,49,57,0.859649
AdministrativeRegion,judiciary,49,49,1.000000
AdministrativeRegion,largestmetro,49,52,0.942308
AdministrativeRegion,novRecordLowF,49,78,0.628205
AdministrativeRegion,provRepLink,49,49,1.000000
Person,almamater,48,51,0.941176
Person,b,48,2658,0.018059
Person,cupPoles,48,723,0.066390
Person,distributor,48,65,0.738462
Person,headerimage,48,226,0.212389
Person,issues,48,58,0.827586
Person,largestWin,48,58,0.827586
Person,lastBuschRace,48,674,0.071217
Person,lifePartner,48,49,0.979592
Person,logoCaption,48,49,0.979592
Person,moretext,48,421,0.114014
Person,nebtyhiero,48,48,1.000000
Person,originaltitle,48,48,1.000000
Person,post5followed,48,49,0.979592
Person,post5preceded,48,48,1.000000
Person,rd2Team,48,50,0.960000
Person,ruCoachclubs,48,53,0.905660
Person,season2Assists,48,188,0.255319
Person,season3PenaltyMinutes,48,152,0.315789
Person,season5Goals,48,141,0.340426
Person,season6TeamLink,48,139,0.345324
Person,sgpStarts,48,67,0.716418
Person,si,48,48,1.000000
Person,stat5label,48,1367,0.035113
Person,suppdraftpick,48,48,1.000000
Person,titleholders,48,74,0.648649
Person,year8end,48,186,0.258065
Species,almamater,48,51,0.941176
Species,b,48,2658,0.018059
Species,cupPoles,48,723,0.066390
Species,distributor,48,65,0.738462
Species,headerimage,48,226,0.212389
Species,issues,48,58,0.827586
Species,largestWin,48,58,0.827586
Species,lastBuschRace,48,674,0.071217
Species,lifePartner,48,49,0.979592
Species,logoCaption,48,49,0.979592
Species,moretext,48,421,0.114014
Species,nebtyhiero,48,48,1.000000
Species,originaltitle,48,48,1.000000
Species,post5followed,48,49,0.979592
Species,post5preceded,48,48,1.000000
Species,rd2Team,48,50,0.960000
Species,ruCoachclubs,48,53,0.905660
Species,season2Assists,48,188,0.255319
Species,season3PenaltyMinutes,48,152,0.315789
Species,season5Goals,48,141,0.340426
Species,season6TeamLink,48,139,0.345324
Species,sgpStarts,48,67,0.716418
Species,si,48,48,1.000000
Species,stat5label,48,1367,0.035113
Species,suppdraftpick,48,48,1.000000
Species,titleholders,48,74,0.648649
Species,typeGenusAuthority,48,50,0.960000
Species,year8end,48,186,0.258065
ChemicalCompound,iupacnames,48,51,0.941176
AdministrativeRegion,archbishopric,48,49,0.979592
AdministrativeRegion,febSnowInch,48,57,0.842105
AdministrativeRegion,lieutenantGovernor,48,81,0.592593
AdministrativeRegion,naver,48,48,1.000000
AdministrativeRegion,ruralPop2021census,48,53,0.905660
AdministrativeRegion,urbanPop2021census,48,54,0.888889
Person,sportCountry,47,276,0.170290
Person,starring,47,47,1.000000
Person,a,47,78,0.602564
Person,cfldraftyear,47,228,0.206140
Person,cupWins,47,723,0.065007
Person,draftPickPba,47,444,0.105856
Person,f,47,146,0.321918
Person,final3team,47,129,0.364341
Person,firstArcaRace,47,570,0.082456
Person,haircolor,47,778,0.060411
Person,homecountry,47,116,0.405172
Person,nebtyHiero,47,47,1.000000
Person,rd,47,64,0.734375
Person,sbkPodiums,47,236,0.199153
Person,season1Shots,47,79,0.594937
Person,season1Team,47,99,0.474747
Person,sortkey,47,48,0.979167
Person,tradition,47,95,0.494737
Person,trialEnd,47,53,0.886792
Person,yeshivaposition,47,199,0.236181
Species,sportCountry,47,276,0.170290
Species,starring,47,47,1.000000
Species,a,47,78,0.602564
Species,cfldraftyear,47,228,0.206140
Species,cupWins,47,723,0.065007
Species,draftPickPba,47,444,0.105856
Species,final3team,47,129,0.364341
Species,firstArcaRace,47,570,0.082456
Species,haircolor,47,778,0.060411
Species,homecountry,47,116,0.405172
Species,nebtyHiero,47,47,1.000000
Species,rd,47,64,0.734375
Species,sbkPodiums,47,236,0.199153
Species,season1Shots,47,79,0.594937
Species,season1Team,47,99,0.474747
Species,sortkey,47,48,0.979167
Species,tradition,47,95,0.494737
Species,trialEnd,47,53,0.886792
Species,yeshivaposition,47,199,0.236181
AdministrativeRegion,2001MeanHhIncome,47,48,0.979167
AdministrativeRegion,2001MedianAgeF,47,66,0.712121
AdministrativeRegion,2011MedianAge,47,61,0.770492
AdministrativeRegion,2021OccPvtDwell,47,47,1.000000
AdministrativeRegion,admittanceorder,47,47,1.000000
AdministrativeRegion,areaTotalDunam,47,48,0.979167
AdministrativeRegion,fedAbolished,47,579,0.081174
AdministrativeRegion,height,47,101,0.465347
AdministrativeRegion,octRecordLowF,47,79,0.594937
AdministrativeRegion,sepRecordLowF,47,79,0.594937
Person,5blankname,46,59,0.779661
Person,archiveDate,46,50,0.920000
Person,conflong,46,545,0.084404
Person,espnGrade,46,785,0.058599
Person,kickboxinglosses,46,256,0.179688
Person,landscape,46,3980,0.011558
Person,moto2LastPosition,46,224,0.205357
Person,quashed,46,48,0.958333
Person,refereeappearances,46,98,0.469388
Person,season10Assists,46,72,0.638889
Person,season2Shots,46,75,0.613333
Person,season6Goals,46,124,0.370968
Person,season8Assists,46,93,0.494624
Person,subscriberDate,46,53,0.867925
Person,translittitle,46,46,1.000000
Person,usamateur,46,56,0.821429
Person,wantedSince,46,53,0.867925
Species,5blankname,46,59,0.779661
Species,archiveDate,46,50,0.920000
Species,conflong,46,545,0.084404
Species,espnGrade,46,785,0.058599
Species,kickboxinglosses,46,256,0.179688
Species,landscape,46,3980,0.011558
Species,moto2LastPosition,46,224,0.205357
Species,quashed,46,48,0.958333
Species,refereeappearances,46,98,0.469388
Species,season10Assists,46,72,0.638889
Species,season2Shots,46,75,0.613333
Species,season6Goals,46,124,0.370968
Species,season8Assists,46,93,0.494624
Species,subscriberDate,46,53,0.867925
Species,translittitle,46,46,1.000000
Species,usamateur,46,56,0.821429
Species,wantedSince,46,53,0.867925
Galaxy,title,46,66,0.696970
AdministrativeRegion,populationMetro,46,48,0.958333
AdministrativeRegion,blank2Name,46,309,0.148867
AdministrativeRegion,divisionsnames,46,64,0.718750
AdministrativeRegion,highSheriffOffice,46,46,1.000000
AdministrativeRegion,lang1Content,46,80,0.575000
AdministrativeRegion,lordLieutenantName,46,46,1.000000
AdministrativeRegion,lordLieutenantOffice,46,46,1.000000
AdministrativeRegion,populationNote,46,104,0.442308
Person,winsAtMajors,45,45,1.000000
Person,combinedDate,45,906,0.049669
Person,creed,45,545,0.082569
Person,honoredIn,45,239,0.188285
Person,initiationDate,45,48,0.937500
Person,leagueResult,45,70,0.642857
Person,missWorldPanamá,45,59,0.762712
Person,parlinfo,45,45,1.000000
Person,patternSo,45,79,0.569620
Person,poles,45,2539,0.017724
Person,previousOccupation,45,72,0.625000
Person,previousVersions,45,55,0.818182
Person,ruYearbend,45,67,0.671642
Person,sbkLastPosition,45,181,0.248619
Person,season2Team,45,91,0.494505
Person,season3Goals,45,173,0.260116
Person,season5PenaltyMinutes,45,140,0.321429
Person,spDate,45,905,0.049724
Person,studio,45,212,0.212264
Person,superupdate,45,50,0.900000
Species,winsAtMajors,45,45,1.000000
Species,combinedDate,45,906,0.049669
Species,creed,45,545,0.082569
Species,honoredIn,45,239,0.188285
Species,initiationDate,45,48,0.937500
Species,leagueResult,45,70,0.642857
Species,missWorldPanamá,45,59,0.762712
Species,parlinfo,45,45,1.000000
Species,patternSo,45,79,0.569620
Species,poles,45,2539,0.017724
Species,previousOccupation,45,72,0.625000
Species,previousVersions,45,55,0.818182
Species,refs,45,56,0.803571
Species,ruYearbend,45,67,0.671642
Species,sbkLastPosition,45,181,0.248619
Species,season2Team,45,91,0.494505
Species,season3Goals,45,173,0.260116
Species,season5PenaltyMinutes,45,140,0.321429
Species,size,45,392,0.114796
Species,spDate,45,905,0.049724
Species,studio,45,212,0.212264
Species,superupdate,45,50,0.900000
AdministrativeRegion,2001MedianAge,45,66,0.681818
AdministrativeRegion,admittancedate,45,46,0.978261
AdministrativeRegion,altoffsp,45,45,1.000000
AdministrativeRegion,aprRecordLowF,45,78,0.576923
AdministrativeRegion,fedElectionLast,45,906,0.049669
AdministrativeRegion,gr,45,47,0.957447
AdministrativeRegion,lowerhouse,45,45,1.000000
AdministrativeRegion,munFormation1RepresentativeBody,45,49,0.918367
AdministrativeRegion,upperhouse,45,45,1.000000
Person,appearancesc,44,1405,0.031317
Person,arcaWestTopTens,44,273,0.161172
Person,champCarTeam,44,54,0.814815
Person,coachyear,44,289,0.152249
Person,countryRepresented,44,106,0.415094
Person,director,44,45,0.977778
Person,draftYearPba,44,530,0.083019
Person,formerMllTeams,44,332,0.132530
Person,fsDate,44,898,0.048998
Person,lyricist,44,48,0.916667
Person,missPanamáUniverse,44,56,0.785714
Person,mnc,44,88,0.500000
Person,moto3LastPosition,44,183,0.240437
Person,originalreldate,44,44,1.000000
Person,products,44,49,0.897959
Person,refs,44,53,0.830189
Person,ruTeamc,44,74,0.594595
Person,ruYear4start,44,62,0.709677
Person,ruYearcstart,44,64,0.687500
Person,score,44,1919,0.022929
Person,season12LooseBalls,44,50,0.880000
Person,season2Goals,44,188,0.234043
Person,season6PenaltyMinutes,44,125,0.352000
Person,ssLastPosition,44,154,0.285714
Person,survey,44,45,0.977778
Person,totalArcaEastRaces,44,280,0.157143
Species,appearancesc,44,1405,0.031317
Species,arcaWestTopTens,44,273,0.161172
Species,champCarTeam,44,54,0.814815
Species,coachyear,44,289,0.152249
Species,countryRepresented,44,106,0.415094
Species,director,44,45,0.977778
Species,draftYearPba,44,530,0.083019
Species,formerMllTeams,44,332,0.132530
Species,fsDate,44,898,0.048998
Species,lyricist,44,48,0.916667
Species,missPanamáUniverse,44,56,0.785714
Species,mnc,44,88,0.500000
Species,moto3LastPosition,44,183,0.240437
Species,originalreldate,44,44,1.000000
Species,products,44,49,0.897959
Species,ruTeamc,44,74,0.594595
Species,ruYear4start,44,62,0.709677
Species,ruYearcstart,44,64,0.687500
Species,score,44,1919,0.022929
Species,season12LooseBalls,44,50,0.880000
Species,season2Goals,44,188,0.234043
Species,season6PenaltyMinutes,44,125,0.352000
Species,ssLastPosition,44,154,0.285714
Species,survey,44,45,0.977778
Species,totalArcaEastRaces,44,280,0.157143
Species,trinomialAuthority,44,58,0.758621
Galaxy,credit,44,147,0.299320
ChemicalCompound,imagesizel,44,573,0.076789
AdministrativeRegion,2011MedianAgeF,44,60,0.733333
AdministrativeRegion,areaAsOf,44,184,0.239130
AdministrativeRegion,highSheriffName,44,44,1.000000
AdministrativeRegion,populationMetro,44,46,0.956522
AdministrativeRegion,utcOffsetDst,44,1994,0.022066
AdministrativeRegion,yearMeanF,44,48,0.916667
AdministrativeRegion,type,44,572467,0.000077
Person,races,43,507,0.084813
Person,bestCanadaPos,43,71,0.605634
Person,draftRound,43,5503,0.007814
Person,firstBuschWin,43,162,0.265432
Person,imageAlt,43,46,0.934783
Person,invalid,43,45,0.955556
Person,lpgawins,43,380,0.113158
Person,motogpManufacturers,43,266,0.161654
Person,recorded,43,56,0.767857
Person,season2PenaltyMinutes,43,174,0.247126
Person,season9Assists,43,84,0.511905
Person,strength,43,51,0.843137
Person,tr,43,43,1.000000
Person,trialStart,43,49,0.877551
Person,umplistadebutyr,43,94,0.457447
Species,races,43,507,0.084813
Species,bestCanadaPos,43,71,0.605634
Species,draftRound,43,5503,0.007814
Species,firstBuschWin,43,162,0.265432
Species,invalid,43,45,0.955556
Species,lpgawins,43,380,0.113158
Species,motogpManufacturers,43,266,0.161654
Species,recorded,43,56,0.767857
Species,season2PenaltyMinutes,43,174,0.247126
Species,season9Assists,43,84,0.511905
Species,sex,43,6537,0.006578
Species,strength,43,51,0.843137
Species,tr,43,43,1.000000
Species,trialStart,43,49,0.877551
Species,umplistadebutyr,43,94,0.457447
ChemicalCompound,alt,43,48,0.895833
AdministrativeRegion,2016AccessDate,43,76,0.565789
AdministrativeRegion,blank6InfoSec,43,50,0.860000
AdministrativeRegion,gssCode,43,47,0.914894
AdministrativeRegion,largestcounty,43,43,1.000000
AdministrativeRegion,symbol,43,49,0.877551
Person,badgenumber,42,42,1.000000
Person,citation,42,97,0.432990
Person,cupCarTeam,42,55,0.763636
Person,hangulja,42,42,1.000000
Person,hanjaja,42,42,1.000000
Person,initiation,42,52,0.807692
Person,lastBuschWin,42,126,0.333333
Person,missInternationalPanamá,42,59,0.711864
Person,ncaasweetsixteen,42,84,0.500000
Person,nllDraftTeam,42,293,0.143345
Person,nom,42,219,0.191781
Person,nominations,42,94,0.446809
Person,otherTeam,42,47,0.893617
Person,partof,42,45,0.933333
Person,prevCanadaPos,42,51,0.823529
Person,qn,42,42,1.000000
Person,refereecomp,42,144,0.291667
Person,rev,42,70,0.600000
Person,season3Shots,42,63,0.666667
Person,season7Goals,42,107,0.392523
Person,size,42,385,0.109091
Person,subWins,42,3005,0.013977
Person,synagogueposition,42,168,0.250000
Person,timezone,42,92,0.456522
Person,western,42,54,0.777778
Person,wghofyear,42,135,0.311111
Species,badgenumber,42,42,1.000000
Species,citation,42,97,0.432990
Species,cupCarTeam,42,55,0.763636
Species,hangulja,42,42,1.000000
Species,hanjaja,42,42,1.000000
Species,initiation,42,52,0.807692
Species,lastBuschWin,42,126,0.333333
Species,missInternationalPanamá,42,59,0.711864
Species,ncaasweetsixteen,42,84,0.500000
Species,nllDraftTeam,42,293,0.143345
Species,nom,42,219,0.191781
Species,nominations,42,94,0.446809
Species,otherTeam,42,47,0.893617
Species,partof,42,45,0.933333
Species,prevCanadaPos,42,51,0.823529
Species,qn,42,42,1.000000
Species,refereecomp,42,144,0.291667
Species,rev,42,70,0.600000
Species,season3Shots,42,63,0.666667
Species,season7Goals,42,107,0.392523
Species,subWins,42,3005,0.013977
Species,synagogueposition,42,168,0.250000
Species,timezone,42,92,0.456522
Species,western,42,54,0.777778
Species,wghofyear,42,135,0.311111
Galaxy,type,42,204,0.205882
Galaxy,absmagB,42,44,0.954545
AdministrativeRegion,decSnowInch,42,56,0.750000
AdministrativeRegion,imageSize,42,1113,0.037736
AdministrativeRegion,locLang,42,90,0.466667
AdministrativeRegion,marSnowInch,42,57,0.736842
AdministrativeRegion,mayRecordLowF,42,79,0.531646
AdministrativeRegion,police,42,89,0.471910
AdministrativeRegion,seats,42,91,0.461538
AdministrativeRegion,sepSnowDays,42,1539,0.027290
AdministrativeRegion,tradabbreviation,42,42,1.000000
Person,archbishopName,41,41,1.000000
Person,heightFt,41,65330,0.000628
Person,judges,41,41,1.000000
Person,minister1Termend,41,41,1.000000
Person,ncaacollegecup,41,57,0.719298
Person,pidArchive,41,41,1.000000
Person,reachIn,41,591,0.069374
Person,season7PenaltyMinutes,41,105,0.390476
Person,teamf,41,84,0.488095
Person,totalCanadaRaces,41,74,0.554054
Person,tourneyResult,41,161,0.254658
Person,umplistalastyr,41,85,0.482353
Species,archbishopName,41,41,1.000000
Species,heightFt,41,65330,0.000628
Species,judges,41,41,1.000000
Species,minister1Termend,41,41,1.000000
Species,ncaacollegecup,41,57,0.719298
Species,parentAuthority,41,47,0.872340
Species,pidArchive,41,41,1.000000
Species,potassiumMg,41,45,0.911111
Species,reachIn,41,591,0.069374
Species,season7PenaltyMinutes,41,105,0.390476
Species,teamf,41,84,0.488095
Species,totalCanadaRaces,41,74,0.554054
Species,tourneyResult,41,161,0.254658
Species,umplistalastyr,41,85,0.482353
Galaxy,arp,41,43,0.953488
ChemicalCompound,imagesizer,41,577,0.071057
AdministrativeRegion,h,41,42,0.976190
AdministrativeRegion,julRecordLowF,41,80,0.512500
AdministrativeRegion,junRecordLowF,41,78,0.525641
AdministrativeRegion,languages,41,43,0.953488
AdministrativeRegion,pushpinLabelPosition,41,7217,0.005681
AdministrativeRegion,timezone1Dst,41,1193,0.034367
AdministrativeRegion,year,41,53,0.773585
Person,247School,40,65,0.615385
Person,7a,40,41,0.975610
Person,almanac,40,40,1.000000
Person,dateDecided,40,40,1.000000
Person,goalsc,40,1382,0.028944
Person,gpRaceWins,40,425,0.094118
Person,guru,40,40,1.000000
Person,heightcm,40,102,0.392157
Person,jurisprudence,40,832,0.048077
Person,kickboxingkowins,40,215,0.186047
Person,mmaKowin,40,2730,0.014652
Person,motoeTotalPoints,40,43,0.930233
Person,myr,40,40,1.000000
Person,polyDate,40,40,1.000000
Person,scoreb,40,52,0.769231
Person,season8Goals,40,90,0.444444
Person,soloists,40,41,0.975610
Person,teampodiums,40,1143,0.034996
Person,timeAtLarge,40,41,0.975610
Person,universe,40,50,0.800000
Person,urlname,40,40,1.000000
Person,viewDate,40,49,0.816327
Person,yahrtzeit,40,112,0.357143
Species,247School,40,65,0.615385
Species,7a,40,41,0.975610
Species,almanac,40,40,1.000000
Species,dateDecided,40,40,1.000000
Species,goalsc,40,1382,0.028944
Species,gpRaceWins,40,425,0.094118
Species,guru,40,40,1.000000
Species,heightcm,40,102,0.392157
Species,ironMg,40,47,0.851064
Species,jurisprudence,40,831,0.048135
Species,kickboxingkowins,40,215,0.186047
Species,mmaKowin,40,2730,0.014652
Species,motoeTotalPoints,40,43,0.930233
Species,myr,40,40,1.000000
Species,polyDate,40,40,1.000000
Species,scoreb,40,52,0.769231
Species,season8Goals,40,90,0.444444
Species,soloists,40,41,0.975610
Species,teampodiums,40,1143,0.034996
Species,timeAtLarge,40,41,0.975610
Species,universe,40,50,0.800000
Species,urlname,40,40,1.000000
Species,viewDate,40,49,0.816327
Species,yahrtzeit,40,112,0.357143
Star,title,40,52,0.769231
AdministrativeRegion,2010pop,40,40,1.000000
AdministrativeRegion,febRecordHighF,40,79,0.506329
AdministrativeRegion,gazetted,40,92,0.434783
AdministrativeRegion,imagesize,40,1020,0.039216
AdministrativeRegion,mapsize,40,5925,0.006751
AdministrativeRegion,style,40,131,0.305344
Person,6y,39,94,0.414894
Person,affiliation,39,82,0.475610
Person,boxKowin,39,363,0.107438
Person,careerStartCoach,39,75,0.520000
Person,classification,39,139,0.280576
Person,coachpfr,39,39,1.000000
Person,coachyear4end,39,74,0.527027
Person,cwidth,39,267,0.146067
Person,draftround,39,15945,0.002446
Person,hangulstage,39,39,1.000000
Person,koIpa,39,39,1.000000
Person,lastodiagainst,39,3701,0.010538
Person,mmaSubwin,39,2542,0.015342
Person,ncaatourneys,39,128,0.304688
Person,odidebutagainst,39,4009,0.009728
Person,pgawins,39,817,0.047736
Person,r2votes,39,41,0.951220
Person,ruGoals,39,389,0.100257
Person,ruYear4end,39,47,0.829787
Person,season7TeamLink,39,119,0.327731
Person,signatureType,39,296,0.131757
Person,statsLeague,39,1506,0.025896
Person,triesa,39,5179,0.007530
Person,usOpen,39,61,0.639344
Person,wt20isumpired,39,237,0.164557
Person,yearfstart,39,78,0.500000
Species,6y,39,94,0.414894
Species,affiliation,39,82,0.475610
Species,boxKowin,39,363,0.107438
Species,careerStartCoach,39,75,0.520000
Species,cat,39,65,0.600000
Species,classification,39,139,0.280576
Species,coachpfr,39,39,1.000000
Species,coachyear4end,39,74,0.527027
Species,cwidth,39,267,0.146067
Species,draftround,39,15945,0.002446
Species,hangulstage,39,39,1.000000
Species,koIpa,39,39,1.000000
Species,lastodiagainst,39,3701,0.010538
Species,mmaSubwin,39,2542,0.015342
Species,ncaatourneys,39,128,0.304688
Species,odidebutagainst,39,4009,0.009728
Species,pgawins,39,817,0.047736
Species,r2votes,39,41,0.951220
Species,ruGoals,39,389,0.100257
Species,ruYear4end,39,47,0.829787
Species,season7TeamLink,39,119,0.327731
Species,signatureType,39,296,0.131757
Species,statsLeague,39,1506,0.025896
Species,triesa,39,5179,0.007530
Species,usOpen,39,61,0.639344
Species,vitcMg,39,44,0.886364
Species,wt20isumpired,39,237,0.164557
Species,yearfstart,39,78,0.500000
Galaxy,galV,39,49,0.795918
AdministrativeRegion,congressionalDistrict,39,89,0.438202
AdministrativeRegion,augRecordLowF,39,78,0.500000
AdministrativeRegion,chief1name,39,39,1.000000
AdministrativeRegion,govAsOf,39,65,0.600000
AdministrativeRegion,junSnowDays,39,1530,0.025490
AdministrativeRegion,ontparty,39,917,0.042530
AdministrativeRegion,suiIurisChurch,39,887,0.043968
AdministrativeRegion,widthMi,39,48,0.812500
AdministrativeRegion,yearRecordLowF,39,48,0.812500
Person,appointer,38,44,0.863636
Person,allWriting,38,38,1.000000
Person,authorAbbreviationZoo,38,38,1.000000
Person,by,38,1510,0.025166
Person,cat,38,64,0.593750
Person,coachyear5start,38,58,0.655172
Person,conflict,38,38,1.000000
Person,cover,38,38,1.000000
Person,draftedpick,38,41,0.926829
Person,draftedyear,38,68,0.558824
Person,goldYear,38,481,0.079002
Person,handSpan,38,7165,0.005304
Person,initiationPlace,38,41,0.926829
Person,justice,38,43,0.883721
Person,lastArcaRace,38,473,0.080338
Person,majoritypercent,38,38,1.000000
Person,moto3Manufacturers,38,366,0.103825
Person,relstyle,38,2295,0.016558
Person,scorea,38,55,0.690909
Person,season11Assists,38,62,0.612903
Person,season12Assists,38,50,0.760000
Person,season1Goals,38,196,0.193878
Person,season1PenaltyMinutes,38,162,0.234568
Person,season3Team,38,80,0.475000
Person,stateabb,38,123,0.308943
Person,tourney,38,169,0.224852
Person,umpwodidebutyr,38,286,0.132867
Person,wdf,38,223,0.170404
Person,year9start,38,235,0.161702
Species,appointer,38,44,0.863636
Species,allWriting,38,38,1.000000
Species,authorAbbreviationZoo,38,38,1.000000
Species,by,38,1511,0.025149
Species,coachyear5start,38,58,0.655172
Species,conflict,38,38,1.000000
Species,cover,38,38,1.000000
Species,draftedpick,38,41,0.926829
Species,draftedyear,38,68,0.558824
Species,goldYear,38,481,0.079002
Species,handSpan,38,7165,0.005304
Species,initiationPlace,38,41,0.926829
Species,justice,38,43,0.883721
Species,lastArcaRace,38,473,0.080338
Species,majoritypercent,38,38,1.000000
Species,moto3Manufacturers,38,366,0.103825
Species,protein,38,48,0.791667
Species,relstyle,38,2295,0.016558
Species,scorea,38,55,0.690909
Species,season11Assists,38,62,0.612903
Species,season12Assists,38,50,0.760000
Species,season1Goals,38,196,0.193878
Species,season1PenaltyMinutes,38,162,0.234568
Species,season3Team,38,80,0.475000
Species,stateabb,38,123,0.308943
Species,tourney,38,169,0.224852
Species,umpwodidebutyr,38,286,0.132867
Species,vitb6Mg,38,44,0.863636
Species,wdf,38,223,0.170404
Species,year9start,38,235,0.161702
AdministrativeRegion,arbeiderpartiet,38,3728,0.010193
AdministrativeRegion,order,38,428,0.088785
AdministrativeRegion,populationFootnotes,38,94,0.404255
AdministrativeRegion,populationpercent,38,56,0.678571
AdministrativeRegion,totalWidth,38,133,0.285714
Person,coachyearbend,37,54,0.685185
Person,codriver,37,37,1.000000
Person,debut3year,37,192,0.192708
Person,districtOrd,37,355,0.104225
Person,misc,37,37,1.000000
Person,nSearch,37,38,0.973684
Person,refereeyear1start,37,55,0.672727
Person,revision,37,37,1.000000
Person,season9Goals,37,82,0.451220
Person,spalte,37,37,1.000000
Person,umpwtestdebutyr,37,81,0.456790
Person,wbbr,37,37,1.000000
Person,wnba,37,37,1.000000
Person,wsopFinalTables,37,284,0.130282
Person,year9end,37,108,0.342593
Person,yeareend,37,65,0.569231
Species,coachyearbend,37,54,0.685185
Species,codriver,37,37,1.000000
Species,debut3year,37,192,0.192708
Species,districtOrd,37,355,0.104225
Species,folateUg,37,43,0.860465
Species,manganeseMg,37,39,0.948718
Species,misc,37,37,1.000000
Species,niacinMg,37,42,0.880952
Species,nSearch,37,38,0.973684
Species,pantothenicMg,37,40,0.925000
Species,refereeyear1start,37,55,0.672727
Species,revision,37,37,1.000000
Species,season9Goals,37,82,0.451220
Species,spalte,37,37,1.000000
Species,sugars,37,39,0.948718
Species,umpwtestdebutyr,37,81,0.456790
Species,wbbr,37,37,1.000000
Species,wnba,37,37,1.000000
Species,wsopFinalTables,37,284,0.130282
Species,year9end,37,108,0.342593
Species,yeareend,37,65,0.569231
ChemicalCompound,id,37,37,1.000000
AdministrativeRegion,1pp,37,37,1.000000
AdministrativeRegion,decRecordHighF,37,78,0.474359
AdministrativeRegion,encyber,37,37,1.000000
AdministrativeRegion,escutcheon,37,37,1.000000
AdministrativeRegion,incomerank,37,46,0.804348
AdministrativeRegion,janRecordHighF,37,79,0.468354
AdministrativeRegion,marRecordHighF,37,78,0.474359
AdministrativeRegion,novSnowInch,37,57,0.649123
AdministrativeRegion,poprank,37,40,0.925000
AdministrativeRegion,provRepPartyLink,37,179,0.206704
AdministrativeRegion,visitationYear,37,120,0.308333
Person,bestBowling,36,27089,0.001329
Person,crewchief,36,71,0.507042
Person,firstFlightDate,36,41,0.878049
Person,gp,36,61,0.590164
Person,hcYear,36,254,0.141732
Person,insignia,36,497,0.072435
Person,nativeLang2Name,36,36,1.000000
Person,player,36,36,1.000000
Person,premierLeague,36,48,0.750000
Person,regularRecord,36,122,0.295082
Person,season8PenaltyMinutes,36,87,0.413793
Person,single,36,36,1.000000
Person,soogamesGoals,36,766,0.046997
Person,upright,36,3041,0.011838
Person,world,36,41,0.878049
Person,worldsYear,36,131,0.274809
Species,bestBowling,36,27089,0.001329
Species,calciumMg,36,46,0.782609
Species,crewchief,36,71,0.507042
Species,firstFlightDate,36,41,0.878049
Species,gp,36,61,0.590164
Species,hazards,36,39,0.923077
Species,hcYear,36,254,0.141732
Species,insignia,36,497,0.072435
Species,kj,36,41,0.878049
Species,my,36,38,0.947368
Species,nativeLang2Name,36,36,1.000000
Species,player,36,36,1.000000
Species,premierLeague,36,48,0.750000
Species,regularRecord,36,122,0.295082
Species,season8PenaltyMinutes,36,87,0.413793
Species,single,36,36,1.000000
Species,soogamesGoals,36,766,0.046997
Species,upright,36,3041,0.011838
Species,world,36,41,0.878049
Species,worldsYear,36,131,0.274809
AdministrativeRegion,2021MedianAge,36,69,0.521739
AdministrativeRegion,2021MedianAgeM,36,68,0.529412
AdministrativeRegion,localLists,36,1616,0.022277
AdministrativeRegion,membershipTitle,36,250,0.144000
AdministrativeRegion,myr,36,37,0.972973
AdministrativeRegion,nutsCode,36,36,1.000000
Person,125LastPosition,35,144,0.243056
Person,appearancesd,35,522,0.067050
Person,band,35,258,0.135659
Person,chairman,35,121,0.289256
Person,ft,35,2128,0.016447
Person,h,35,35,1.000000
Person,helm,35,60,0.583333
Person,justiceStart,35,35,1.000000
Person,lastArcaWestRace,35,205,0.170732
Person,my,35,37,0.945946
Person,nextTitle,35,35,1.000000
Person,nllDraftYear,35,292,0.119863
Person,partyElection,35,53,0.660377
Person,season2GroundBalls,35,74,0.472973
Person,sgpNo,35,36,0.972222
Person,tours(points),35,66,0.530303
Person,tsn,35,35,1.000000
Person,usopenresult,35,4585,0.007634
Person,war,35,38,0.921053
Person,worldsteams,35,740,0.047297
Species,sex,35,5608,0.006241
Species,125LastPosition,35,144,0.243056
Species,appearancesd,35,522,0.067050
Species,band,35,258,0.135659
Species,chairman,35,121,0.289256
Species,ft,35,2128,0.016447
Species,h,35,35,1.000000
Species,helm,35,60,0.583333
Species,justiceStart,35,35,1.000000
Species,lastArcaWestRace,35,205,0.170732
Species,nextTitle,35,35,1.000000
Species,nllDraftYear,35,292,0.119863
Species,partyElection,35,53,0.660377
Species,season2GroundBalls,35,74,0.472973
Species,sgpNo,35,36,0.972222
Species,superfamiliaAuthority,35,38,0.921053
Species,tours(points),35,66,0.530303
Species,tsn,35,35,1.000000
Species,usopenresult,35,4585,0.007634
Species,war,35,38,0.921053
Species,worldsteams,35,740,0.047297
AdministrativeRegion,2021MeanHhIncome,35,49,0.714286
AdministrativeRegion,blank3Info,35,42,0.833333
AdministrativeRegion,blank4NameSec,35,184,0.190217
AdministrativeRegion,blank5NameSec,35,82,0.426829
AdministrativeRegion,janAvgRecordLowC,35,35,1.000000
AdministrativeRegion,novRecordHighF,35,77,0.454545
AdministrativeRegion,page,35,37,0.945946
AdministrativeRegion,yearPercentsun,35,40,0.875000
AdministrativeRegion,yearSnowInch,35,36,0.972222
Person,lieutenant,34,35,0.971429
Person,7p,34,36,0.944444
Person,christeningDate,34,36,0.944444
Person,coachyearcstart,34,46,0.739130
Person,commonwealth,34,48,0.708333
Person,expansiondraftround,34,108,0.314815
Person,extraColumn,34,76,0.447368
Person,firstArcaWin,34,93,0.365591
Person,goldenHiero,34,34,1.000000
Person,handle,34,34,1.000000
Person,highestWs,34,106,0.320755
Person,hofCoach,34,34,1.000000
Person,justiceEnd,34,34,1.000000
Person,lastt20ifor,34,73,0.465753
Person,leagueTopscorer,34,44,0.772727
Person,mixedrecord,34,98,0.346939
Person,mncRom,34,42,0.809524
Person,nllTeam,34,213,0.159624
Person,oldid,34,34,1.000000
Person,otherYears,34,46,0.739130
Person,penName,34,34,1.000000
Person,post5years,34,49,0.693878
Person,sbkActiveYears,34,164,0.207317
Person,season13LooseBalls,34,44,0.772727
Person,season1Year,34,220,0.154545
Person,season4Shots,34,47,0.723404
Person,season8TeamLink,34,101,0.336634
Person,sp,34,36,0.944444
Person,stat6label,34,348,0.097701
Person,torse,34,59,0.576271
Person,totalpercent,34,36,0.944444
Person,ttContested,34,110,0.309091
Person,wimbledonresult,34,5165,0.006583
Person,wptMoneyFinishes,34,495,0.068687
Person,yearsInCup,34,725,0.046897
Species,lieutenant,34,35,0.971429
Species,7p,34,36,0.944444
Species,christeningDate,34,36,0.944444
Species,coachyearcstart,34,46,0.739130
Species,commonwealth,34,48,0.708333
Species,expansiondraftround,34,108,0.314815
Species,extraColumn,34,76,0.447368
Species,firstArcaWin,34,93,0.365591
Species,goldenHiero,34,34,1.000000
Species,handle,34,34,1.000000
Species,highestWs,34,106,0.320755
Species,hofCoach,34,34,1.000000
Species,justiceEnd,34,34,1.000000
Species,lastt20ifor,34,73,0.465753
Species,leagueTopscorer,34,44,0.772727
Species,mixedrecord,34,98,0.346939
Species,mncRom,34,42,0.809524
Species,nllTeam,34,213,0.159624
Species,oldid,34,34,1.000000
Species,otherYears,34,46,0.739130
Species,penName,34,34,1.000000
Species,post5years,34,49,0.693878
Species,sbkActiveYears,34,164,0.207317
Species,season13LooseBalls,34,44,0.772727
Species,season1Year,34,220,0.154545
Species,season4Shots,34,47,0.723404
Species,season8TeamLink,34,101,0.336634
Species,sp,34,36,0.944444
Species,stat6label,34,348,0.097701
Species,torse,34,59,0.576271
Species,totalpercent,34,36,0.944444
Species,ttContested,34,110,0.309091
Species,wimbledonresult,34,5165,0.006583
Species,wptMoneyFinishes,34,495,0.068687
Species,yearsInCup,34,725,0.046897
ChemicalCompound,last,34,34,1.000000
AdministrativeRegion,adminHq,34,34,1.000000
AdministrativeRegion,areaBlank1Km,34,34,1.000000
AdministrativeRegion,coaPic,34,34,1.000000
AdministrativeRegion,dean,34,44,0.772727
AdministrativeRegion,group,34,52,0.653846
AdministrativeRegion,janAvgRecordHighC,34,34,1.000000
AdministrativeRegion,longitude,34,45,0.755556
AdministrativeRegion,marAvgRecordHighC,34,34,1.000000
AdministrativeRegion,marAvgRecordLowC,34,35,0.971429
AdministrativeRegion,octAvgRecordLowC,34,35,0.971429
Person,electionMajority,33,33,1.000000
Person,australianopenresult,33,3973,0.008306
Person,border,33,555,0.059459
Person,bsbTotalPoints,33,33,1.000000
Person,coachgamesa,33,252,0.130952
Person,coachyear5end,33,45,0.733333
Person,colyears,33,55,0.600000
Person,conferenceShort,33,122,0.270492
Person,coregency,33,37,0.891892
Person,engine,33,71,0.464789
Person,firstArcaWestWin,33,57,0.578947
Person,flourished,33,40,0.825000
Person,frenchopenresult,33,4506,0.007324
Person,gpFastestLaps,33,417,0.079137
Person,grandSlamVictories,33,247,0.133603
Person,investiture,33,33,1.000000
Person,laicized,33,36,0.916667
Person,largestLoss,33,40,0.825000
Person,lastTruckRace,33,634,0.052050
Person,olympicsWeight,33,107,0.308411
Person,originalText,33,33,1.000000
Person,otheroccupation,33,37,0.891892
Person,prevLink,33,33,1.000000
Person,refereeyear1end,33,44,0.750000
Person,saTotalPoints,33,33,1.000000
Person,season1GroundBalls,33,77,0.428571
Person,sooteam,33,824,0.040049
Person,t20umpired,33,42,0.785714
Species,electionMajority,33,33,1.000000
Species,australianopenresult,33,3973,0.008306
Species,border,33,573,0.057592
Species,bsbTotalPoints,33,33,1.000000
Species,coachgamesa,33,252,0.130952
Species,coachyear5end,33,45,0.733333
Species,colyears,33,55,0.600000
Species,conferenceShort,33,122,0.270492
Species,coregency,33,37,0.891892
Species,engine,33,71,0.464789
Species,firstArcaWestWin,33,57,0.578947
Species,flourished,33,40,0.825000
Species,frenchopenresult,33,4506,0.007324
Species,gpFastestLaps,33,417,0.079137
Species,grandSlamVictories,33,247,0.133603
Species,investiture,33,33,1.000000
Species,laicized,33,36,0.916667
Species,largestLoss,33,40,0.825000
Species,lastTruckRace,33,634,0.052050
Species,olympicsWeight,33,107,0.308411
Species,originalText,33,33,1.000000
Species,otheroccupation,33,37,0.891892
Species,prevLink,33,33,1.000000
Species,refereeyear1end,33,44,0.750000
Species,saTotalPoints,33,33,1.000000
Species,season1GroundBalls,33,77,0.428571
Species,sooteam,33,824,0.040049
Species,t20umpired,33,42,0.785714
Species,thiaminMg,33,42,0.785714
ChemicalCompound,section,33,35,0.942857
AdministrativeRegion,2011MeanHhIncome,33,48,0.687500
AdministrativeRegion,2021MedianAgeF,33,68,0.485294
AdministrativeRegion,aprAvgRecordLowC,33,35,0.942857
AdministrativeRegion,augAvgRecordHighC,33,34,0.970588
AdministrativeRegion,febAvgRecordLowC,33,35,0.942857
AdministrativeRegion,julAvgRecordLowC,33,35,0.942857
AdministrativeRegion,junAvgRecordHighC,33,34,0.970588
AdministrativeRegion,junAvgRecordLowC,33,35,0.942857
AdministrativeRegion,mayAvgRecordHighC,33,34,0.970588
AdministrativeRegion,novAvgRecordLowC,33,35,0.942857
AdministrativeRegion,sepAvgRecordLowC,33,35,0.942857
AdministrativeRegion,titleoverride,33,50,0.660000
AdministrativeRegion,yearDewPointC,33,37,0.891892
Person,afldraftedround,32,97,0.329897
Person,amKowin,32,131,0.244275
Person,assists,32,52,0.615385
Person,averageAttendance,32,32,1.000000
Person,bsbRaceStarts,32,35,0.914286
Person,buschWins,32,803,0.039851
Person,dates,32,37,0.864865
Person,day,32,457,0.070022
Person,firstTruckRace,32,772,0.041451
Person,formerteams,32,36,0.888889
Person,fullwidthvotes,32,34,0.941176
Person,goldenhiero,32,32,1.000000
Person,inches,32,1516,0.021108
Person,jersey,32,50,0.640000
Person,missEarthPanamá,32,46,0.695652
Person,month,32,474,0.067511
Person,ncaachampion,32,35,0.914286
Person,ncaarunnerup,32,37,0.864865
Person,optionName,32,61,0.524590
Person,prospectLeague,32,698,0.045845
Person,sbkFastestLaps,32,235,0.136170
Person,sbkRaceWins,32,227,0.140969
Person,season2Year,32,212,0.150943
Person,season3GroundBalls,32,62,0.516129
Person,season5GroundBalls,32,41,0.780488
Person,season5Shots,32,40,0.800000
Person,stat7value,32,33,0.969697
Person,taoiseach,32,443,0.072235
Person,treasury,32,37,0.864865
Species,afldraftedround,32,97,0.329897
Species,amKowin,32,131,0.244275
Species,assists,32,52,0.615385
Species,averageAttendance,32,32,1.000000
Species,bsbRaceStarts,32,35,0.914286
Species,buschWins,32,803,0.039851
Species,dates,32,37,0.864865
Species,day,32,458,0.069869
Species,fat,32,50,0.640000
Species,firstTruckRace,32,772,0.041451
Species,formerteams,32,36,0.888889
Species,fullwidthvotes,32,34,0.941176
Species,goldenhiero,32,32,1.000000
Species,inches,32,1516,0.021108
Species,jersey,32,50,0.640000
Species,missEarthPanamá,32,46,0.695652
Species,month,32,476,0.067227
Species,ncaachampion,32,35,0.914286
Species,ncaarunnerup,32,37,0.864865
Species,optionName,32,61,0.524590
Species,phosphorusMg,32,44,0.727273
Species,prospectLeague,32,698,0.045845
Species,sbkFastestLaps,32,235,0.136170
Species,sbkRaceWins,32,227,0.140969
Species,season2Year,32,212,0.150943
Species,season3GroundBalls,32,62,0.516129
Species,season5GroundBalls,32,41,0.780488
Species,season5Shots,32,40,0.800000
Species,stat7value,32,33,0.969697
Species,subfamiliaAuthority,32,33,0.969697
Species,taoiseach,32,443,0.072235
Species,treasury,32,37,0.864865
Species,vie,32,32,1.000000
Species,zincMg,32,42,0.761905
Galaxy,e,32,40,0.800000
ChemicalCompound,indicatorName,32,32,1.000000
AdministrativeRegion,2006AccessDate,32,77,0.415584
AdministrativeRegion,commonLanguages,32,32,1.000000
AdministrativeRegion,decAvgRecordHighC,32,34,0.941176
AdministrativeRegion,febdSun,32,47,0.680851
AdministrativeRegion,flagSize,32,475,0.067368
AdministrativeRegion,jundSun,32,46,0.695652
AdministrativeRegion,largestcity,32,46,0.695652
AdministrativeRegion,mayAvgRecordLowC,32,35,0.914286
AdministrativeRegion,mayRecordHighF,32,77,0.415584
AdministrativeRegion,munFormation1NoOfRuralSettlements,32,1269,0.025217
AdministrativeRegion,nicknames,32,32,1.000000
AdministrativeRegion,novAvgRecordHighC,32,34,0.941176
AdministrativeRegion,novdSun,32,47,0.680851
AdministrativeRegion,octAvgRecordHighC,32,34,0.941176
AdministrativeRegion,popLatestDate,32,139,0.230216
AdministrativeRegion,yearAvgRecordLowC,32,32,1.000000
Person,selection,31,648,0.047840
Person,about,31,425,0.072941
Person,canadaTopTens,31,75,0.413333
Person,character,31,31,1.000000
Person,clapps(points),31,157,0.197452
Person,cstatsLeague,31,186,0.166667
Person,eptMoneyFinishes,31,304,0.101974
Person,eventType,31,71,0.436620
Person,firstArcaEastRace,31,280,0.110714
Person,firstTruckWin,31,118,0.262712
Person,fs,31,31,1.000000
Person,sr,31,1745,0.017765
Person,lccn,31,33,0.939394
Person,more,31,928,0.033405
Person,nfldraftedround,31,508,0.061024
Person,numEpisodes,31,31,1.000000
Person,percentFirstpreference,31,31,1.000000
Person,prevBuschYear,31,389,0.079692
Person,production,31,31,1.000000
Person,properties,31,57,0.543860
Person,ruYearcend,31,38,0.815789
Person,sbkLastSeason,31,183,0.169399
Person,season10Goals,31,67,0.462687
Person,season14LooseBalls,31,35,0.885714
Person,season3Year,31,196,0.158163
Person,season9PenaltyMinutes,31,76,0.407895
Person,totalIrlRaces,31,32,0.968750
Person,translation,31,31,1.000000
Person,triesb,31,2931,0.010577
Person,votesFirstpreference,31,31,1.000000
Person,votesTwocandidate,31,31,1.000000
Person,worldchampion,31,40,0.775000
Person,year10start,31,152,0.203947
Person,yearsInBusch,31,800,0.038750
Person,yearstart,31,112,0.276786
Species,selection,31,648,0.047840
Species,about,31,425,0.072941
Species,canadaTopTens,31,75,0.413333
Species,character,31,31,1.000000
Species,clapps(points),31,157,0.197452
Species,cstatsLeague,31,186,0.166667
Species,eptMoneyFinishes,31,304,0.101974
Species,eventType,31,71,0.436620
Species,fiber,31,43,0.720930
Species,firstArcaEastRace,31,280,0.110714
Species,firstTruckWin,31,118,0.262712
Species,fs,31,31,1.000000
Species,hiragana,31,31,1.000000
Species,sr,31,1745,0.017765
Species,lccn,31,33,0.939394
Species,more,31,928,0.033405
Species,nfldraftedround,31,508,0.061024
Species,numEpisodes,31,31,1.000000
Species,percentFirstpreference,31,31,1.000000
Species,prevBuschYear,31,389,0.079692
Species,production,31,31,1.000000
Species,properties,31,57,0.543860
Species,ruYearcend,31,38,0.815789
Species,sbkLastSeason,31,183,0.169399
Species,season10Goals,31,67,0.462687
Species,season14LooseBalls,31,35,0.885714
Species,season3Year,31,196,0.158163
Species,season9PenaltyMinutes,31,76,0.407895
Species,subtribus,31,58,0.534483
Species,totalIrlRaces,31,32,0.968750
Species,translation,31,31,1.000000
Species,triesb,31,2931,0.010577
Species,vitkUg,31,32,0.968750
Species,votesFirstpreference,31,31,1.000000
Species,votesTwocandidate,31,31,1.000000
Species,worldchampion,31,40,0.775000
Species,year10start,31,152,0.203947
Species,yearsInBusch,31,800,0.038750
Species,yearstart,31,112,0.276786
Star,metal2Fe,31,40,0.775000
AdministrativeRegion,2011AccessDate,31,78,0.397436
AdministrativeRegion,aprAvgRecordHighC,31,34,0.911765
AdministrativeRegion,aprAvgRecordHighF,31,31,1.000000
AdministrativeRegion,augAvgRecordLowC,31,35,0.885714
AdministrativeRegion,augAvgRecordLowF,31,31,1.000000
AdministrativeRegion,decAvgRecordLowC,31,35,0.885714
AdministrativeRegion,elecref,31,44,0.704545
AdministrativeRegion,febAvgRecordLowF,31,31,1.000000
AdministrativeRegion,flower,31,35,0.885714
AdministrativeRegion,food,31,32,0.968750
AdministrativeRegion,janAvgRecordLowF,31,31,1.000000
AdministrativeRegion,jandSun,31,47,0.659574
AdministrativeRegion,julAvgRecordLowF,31,31,1.000000
AdministrativeRegion,juldSun,31,47,0.659574
AdministrativeRegion,junRecordHighF,31,77,0.402597
AdministrativeRegion,marAvgRecordLowF,31,31,1.000000
AdministrativeRegion,mayAvgRecordLowF,31,31,1.000000
AdministrativeRegion,noOfSelsovietsType,31,969,0.031992
AdministrativeRegion,octRecordHighF,31,80,0.387500
AdministrativeRegion,sealSize,31,179,0.173184
AdministrativeRegion,sepAvgRecordHighC,31,34,0.911765
AdministrativeRegion,tree,31,35,0.885714
AdministrativeRegion,yearAvgRecordLowF,31,31,1.000000
Person,250LastPosition,30,80,0.375000
Person,accomplices,30,30,1.000000
Person,arcaEastTopTens,30,279,0.107527
Person,championship,30,8248,0.003637
Person,changeFirstpreference,30,31,0.967742
Person,changeTwocandidate,30,31,0.967742
Person,coachsinglestitles,30,51,0.588235
Person,discuss,30,30,1.000000
Person,escapeEnd,30,31,0.967742
Person,gpChampionships,30,224,0.133929
Person,hangulho,30,33,0.909091
Person,hanjaho,30,33,0.909091
Person,hiragana,30,30,1.000000
Person,interior,30,31,0.967742
Person,jlpgawins,30,114,0.263158
Person,koLosses,30,5664,0.005297
Person,lang,30,53,0.566038
Person,lastTruckWin,30,81,0.370370
Person,legendsm,30,30,1.000000
Person,letter,30,335,0.089552
Person,lt,30,43,0.697674
Person,minister2Termstart,30,30,1.000000
Person,motogpLastPosition,30,116,0.258621
Person,otherDevice,30,1103,0.027199
Person,percentTwocandidate,30,31,0.967742
Person,perps,30,33,0.909091
Person,portrayer,30,30,1.000000
Person,presentPost,30,30,1.000000
Person,prevTitle,30,30,1.000000
Person,regionalsWeight,30,85,0.352941
Person,ridername,30,30,1.000000
Person,ruCoachyears,30,55,0.545455
Person,saPodiums,30,33,0.909091
Person,season4Team,30,64,0.468750
Person,sgpFinals,30,64,0.468750
Person,t20idebutfor,30,88,0.340909
Person,ttPodiums,30,111,0.270270
Person,umpwodilastyr,30,195,0.153846
Person,vie,30,30,1.000000
Person,viewers,30,30,1.000000
Person,yearend,30,66,0.454545
Species,250LastPosition,30,80,0.375000
Species,accomplices,30,30,1.000000
Species,arcaEastTopTens,30,279,0.107527
Species,championship,30,8248,0.003637
Species,changeFirstpreference,30,31,0.967742
Species,changeTwocandidate,30,31,0.967742
Species,coachsinglestitles,30,51,0.588235
Species,discuss,30,30,1.000000
Species,escapeEnd,30,31,0.967742
Species,gpChampionships,30,224,0.133929
Species,hangulho,30,33,0.909091
Species,hanjaho,30,33,0.909091
Species,interior,30,31,0.967742
Species,jlpgawins,30,114,0.263158
Species,koLosses,30,5664,0.005297
Species,lang,30,53,0.566038
Species,lastTruckWin,30,81,0.370370
Species,legendsm,30,30,1.000000
Species,letter,30,335,0.089552
Species,lt,30,43,0.697674
Species,minister2Termstart,30,30,1.000000
Species,motogpLastPosition,30,116,0.258621
Species,otherDevice,30,1103,0.027199
Species,percentTwocandidate,30,31,0.967742
Species,perps,30,33,0.909091
Species,portrayer,30,30,1.000000
Species,presentPost,30,30,1.000000
Species,prevTitle,30,30,1.000000
Species,regionalsWeight,30,85,0.352941
Species,ridername,30,30,1.000000
Species,ruCoachyears,30,55,0.545455
Species,saPodiums,30,33,0.909091
Species,season4Team,30,64,0.468750
Species,sgpFinals,30,64,0.468750
Species,t20idebutfor,30,88,0.340909
Species,ttPodiums,30,111,0.270270
Species,umpwodilastyr,30,195,0.153846
Species,viewers,30,30,1.000000
Species,water,30,35,0.857143
Species,yearend,30,66,0.454545
AdministrativeRegion,anthem,30,34,0.882353
AdministrativeRegion,dissolutionDate,30,77,0.389610
AdministrativeRegion,augRecordHighF,30,80,0.375000
AdministrativeRegion,border,30,370,0.081081
AdministrativeRegion,citySeal,30,30,1.000000
AdministrativeRegion,decAvgRecordHighF,30,31,0.967742
AdministrativeRegion,decAvgRecordLowF,30,31,0.967742
AdministrativeRegion,febAvgRecordHighC,30,34,0.882353
AdministrativeRegion,høyre,30,2207,0.013593
AdministrativeRegion,julAvgRecordHighC,30,34,0.882353
AdministrativeRegion,julRecordHighF,30,80,0.375000
AdministrativeRegion,junAvgRecordHighF,30,31,0.967742
AdministrativeRegion,ldx,30,53,0.566038
AdministrativeRegion,mayAvgRecordHighF,30,31,0.967742
AdministrativeRegion,novAvgRecordLowF,30,31,0.967742
AdministrativeRegion,octAvgRecordLowF,30,31,0.967742
AdministrativeRegion,popEstAsOf,30,2168,0.013838
AdministrativeRegion,scale,30,55,0.545455
AdministrativeRegion,se,30,36,0.833333
AdministrativeRegion,timezone2Location,30,32,0.937500
AdministrativeRegion,volume,30,108,0.277778
AdministrativeRegion,yearAvgRecordHighC,30,31,0.967742
Person,supplementalDraftYear,29,92,0.315217
Person,aga,29,56,0.517857
Person,align,29,9612,0.003017
Person,buschPoles,29,803,0.036115
Person,clubname,29,29,1.000000
Person,eurowins,29,597,0.048576
Person,gpPoles,29,417,0.069544
Person,hangulph,29,31,0.935484
Person,imageFile,29,29,1.000000
Person,keywords,29,31,0.935484
Person,motogpPodiums,29,122,0.237705
Person,nation,29,103,0.281553
Person,otherVersions,29,45,0.644444
Person,outcome,29,29,1.000000
Person,penname,29,29,1.000000
Person,placeofburialCoordinates,29,30,0.966667
Person,presidentStart,29,29,1.000000
Person,pubDate,29,33,0.878788
Person,ruRefereeupdate,29,35,0.828571
Person,ruYear5start,29,42,0.690476
Person,saRaceStarts,29,29,1.000000
Person,sbkManufacturers,29,414,0.070048
Person,season3PlayoffLooseBalls,29,77,0.376623
Person,season4GroundBalls,29,49,0.591837
Person,season4Year,29,175,0.165714
Person,season5Year,29,162,0.179012
Person,ssPodiums,29,203,0.142857
Person,teamCoach,29,30,0.966667
Person,teamnumber,29,701,0.041369
Person,wcseasons,29,716,0.040503
Person,wodisumpired,29,286,0.101399
Person,x,29,134,0.216418
Species,supplementalDraftYear,29,92,0.315217
Species,aga,29,56,0.517857
Species,align,29,9675,0.002997
Species,buschPoles,29,803,0.036115
Species,clubname,29,29,1.000000
Species,eurowins,29,597,0.048576
Species,gpPoles,29,417,0.069544
Species,hangulph,29,31,0.935484
Species,imageFile,29,29,1.000000
Species,keywords,29,31,0.935484
Species,motogpPodiums,29,122,0.237705
Species,nation,29,103,0.281553
Species,otherVersions,29,45,0.644444
Species,outcome,29,29,1.000000
Species,penname,29,29,1.000000
Species,placeofburialCoordinates,29,30,0.966667
Species,presidentStart,29,29,1.000000
Species,pubDate,29,33,0.878788
Species,ruRefereeupdate,29,35,0.828571
Species,ruYear5start,29,42,0.690476
Species,saRaceStarts,29,29,1.000000
Species,sbkManufacturers,29,414,0.070048
Species,season3PlayoffLooseBalls,29,77,0.376623
Species,season4GroundBalls,29,49,0.591837
Species,season4Year,29,175,0.165714
Species,season5Year,29,162,0.179012
Species,ssPodiums,29,203,0.142857
Species,subspecies,29,37,0.783784
Species,teamCoach,29,30,0.966667
Species,teamnumber,29,701,0.041369
Species,wcseasons,29,716,0.040503
Species,wines,29,32,0.906250
Species,wodisumpired,29,286,0.101399
Species,x,29,134,0.216418
ChemicalCompound,first,29,31,0.935484
ChemicalCompound,highPh,29,34,0.852941
ChemicalCompound,lowPh,29,34,0.852941
AdministrativeRegion,2001AccessDate,29,68,0.426471
AdministrativeRegion,aprdSun,29,46,0.630435
AdministrativeRegion,aprRecordHighF,29,77,0.376623
AdministrativeRegion,decdSun,29,47,0.617021
AdministrativeRegion,febAvgRecordHighF,29,31,0.935484
AdministrativeRegion,fedElectionFirst,29,924,0.031385
AdministrativeRegion,gd,29,29,1.000000
AdministrativeRegion,imageRoute,29,29,1.000000
AdministrativeRegion,janAvgRecordHighF,29,30,0.966667
AdministrativeRegion,junAvgRecordLowF,29,31,0.935484
AdministrativeRegion,lang,29,92,0.315217
AdministrativeRegion,novAvgRecordHighF,29,31,0.935484
AdministrativeRegion,octAvgRecordHighF,29,31,0.935484
AdministrativeRegion,octdSun,29,47,0.617021
AdministrativeRegion,otherCities,29,29,1.000000
AdministrativeRegion,statRef,29,121,0.239669
AdministrativeRegion,symbolism,29,29,1.000000
AdministrativeRegion,unitaryCouncil,29,29,1.000000
AdministrativeRegion,yearAfthumidity,29,65,0.446154
AdministrativeRegion,yearAvgRecordHighF,29,31,0.935484
Person,statisticYear,28,47,0.595745
Person,articleUrl,28,28,1.000000
Person,bats,28,26795,0.001045
Person,casualties,28,45,0.622222
Person,chartPosition,28,28,1.000000
Person,currentyears,28,132,0.212121
Person,draftTeamPba,28,499,0.056112
Person,final3year,28,128,0.218750
Person,firstFlightAircraft,28,28,1.000000
Person,for,28,31,0.903226
Person,hanjaph,28,29,0.965517
Person,iccfworldchampion,28,39,0.717949
Person,judge,28,29,0.965517
Person,loc,28,28,1.000000
Person,minister1Termstart,28,28,1.000000
Person,mmaDecwin,28,2571,0.010891
Person,mmaWin,28,134,0.208955
Person,nameExplanation,28,28,1.000000
Person,presidentEnd,28,28,1.000000
Person,preType,28,163,0.171779
Person,season10PenaltyMinutes,28,70,0.400000
Person,season11Goals,28,59,0.474576
Person,season12Goals,28,49,0.571429
Person,season13Assists,28,45,0.622222
Person,season9TeamLink,28,93,0.301075
Person,selectionProcess,28,65,0.430769
Person,serviceYears,28,29,0.965517
Person,subcat,28,145,0.193103
Person,termlabel,28,221,0.126697
Person,usopendoublesresult,28,3024,0.009259
Person,women'sWorldChamp,28,39,0.717949
Person,year11start,28,98,0.285714
Person,yushos,28,632,0.044304
Species,statisticYear,28,47,0.595745
Species,articleUrl,28,28,1.000000
Species,bats,28,26795,0.001045
Species,casualties,28,45,0.622222
Species,chartPosition,28,28,1.000000
Species,currentyears,28,132,0.212121
Species,draftTeamPba,28,499,0.056112
Species,final3year,28,128,0.218750
Species,firstFlightAircraft,28,28,1.000000
Species,for,28,31,0.903226
Species,hanjaph,28,29,0.965517
Species,iccfworldchampion,28,39,0.717949
Species,judge,28,29,0.965517
Species,loc,28,28,1.000000
Species,minister1Termstart,28,28,1.000000
Species,mmaDecwin,28,2571,0.010891
Species,mmaWin,28,134,0.208955
Species,nameExplanation,28,28,1.000000
Species,presidentEnd,28,28,1.000000
Species,preType,28,163,0.171779
Species,riboflavinMg,28,43,0.651163
Species,season10PenaltyMinutes,28,70,0.400000
Species,season11Goals,28,59,0.474576
Species,season12Goals,28,49,0.571429
Species,season13Assists,28,45,0.622222
Species,season9TeamLink,28,93,0.301075
Species,selectionProcess,28,65,0.430769
Species,serviceYears,28,29,0.965517
Species,subcat,28,145,0.193103
Species,termlabel,28,221,0.126697
Species,usopendoublesresult,28,3024,0.009259
Species,viteMg,28,29,0.965517
Species,women'sWorldChamp,28,39,0.717949
Species,year11start,28,98,0.285714
Species,yushos,28,632,0.044304
Star,an,28,53,0.528302
Star,radiusRj,28,37,0.756757
ChemicalCompound,b,28,108,0.259259
AdministrativeRegion,aprAvgRecordLowF,28,31,0.903226
AdministrativeRegion,aprSnowInch,28,55,0.509091
AdministrativeRegion,augAvgRecordHighF,28,31,0.903226
AdministrativeRegion,crest,28,28,1.000000
AdministrativeRegion,demoElectorsDate,28,966,0.028986
AdministrativeRegion,logoSize,28,75,0.373333
AdministrativeRegion,marAvgRecordHighF,28,31,0.903226
AdministrativeRegion,mr,28,28,1.000000
AdministrativeRegion,sepAvgRecordLowF,28,31,0.903226
AdministrativeRegion,shapeColor,28,78,0.358974
AdministrativeRegion,utcOffset1Dst,28,1073,0.026095
Person,australianopendoublesresult,27,2773,0.009737
Person,beehive,27,27,1.000000
Person,bookNumber,27,54,0.500000
Person,brierAppearances,27,359,0.075209
Person,canadaCarTeam,27,28,0.964286
Person,channelWebsite,27,27,1.000000
Person,coachteamc,27,48,0.562500
Person,colleges,27,135,0.200000
Person,e,27,28,0.964286
Person,financeStart,27,31,0.870968
Person,fontsize,27,427,0.063232
Person,game,27,35,0.771429
Person,hosting,27,28,0.964286
Person,japwins,27,351,0.076923
Person,lastArcaEastRace,27,223,0.121076
Person,mlcts,27,27,1.000000
Person,participants,27,28,0.964286
Person,playoffRecord,27,62,0.435484
Person,politicalParty,27,28,0.964286
Person,portaldisp,27,370,0.072973
Person,published,27,28,0.964286
Person,racingAircraft,27,50,0.540000
Person,ruRefereeyears,27,32,0.843750
Person,ruTeamd,27,37,0.729730
Person,season10TeamLink,27,80,0.337500
Person,season14Assists,27,34,0.794118
Person,season2PlayoffLooseBalls,27,75,0.360000
Person,season5Team,27,56,0.482143
Person,season6Year,27,142,0.190141
Person,seniorsWorld,27,43,0.627907
Person,siglum,27,27,1.000000
Person,ssActiveYears,27,155,0.174194
Person,stateAssembly,27,3198,0.008443
Person,stateEnd,27,27,1.000000
Person,stateStart,27,27,1.000000
Person,super14years,27,220,0.122727
Person,suppdraftyear,27,89,0.303371
Person,totalyears,27,110,0.245455
Person,vpState,27,49,0.551020
Species,australianopendoublesresult,27,2773,0.009737
Species,beehive,27,27,1.000000
Species,bookNumber,27,54,0.500000
Species,brierAppearances,27,359,0.075209
Species,canadaCarTeam,27,28,0.964286
Species,channelWebsite,27,27,1.000000
Species,coachteamc,27,48,0.562500
Species,colleges,27,135,0.200000
Species,colwidth,27,1480,0.018243
Species,e,27,28,0.964286
Species,financeStart,27,31,0.870968
Species,fontsize,27,443,0.060948
Species,game,27,35,0.771429
Species,hosting,27,28,0.964286
Species,imageWidth,27,438,0.061644
Species,japwins,27,351,0.076923
Species,lastArcaEastRace,27,223,0.121076
Species,lat3Deg,27,31,0.870968
Species,lon3Deg,27,31,0.870968
Species,mlcts,27,27,1.000000
Species,participants,27,28,0.964286
Species,playoffRecord,27,62,0.435484
Species,politicalParty,27,28,0.964286
Species,portaldisp,27,370,0.072973
Species,published,27,28,0.964286
Species,racingAircraft,27,50,0.540000
Species,ruRefereeyears,27,32,0.843750
Species,ruTeamd,27,37,0.729730
Species,season10TeamLink,27,80,0.337500
Species,season14Assists,27,34,0.794118
Species,season2PlayoffLooseBalls,27,75,0.360000
Species,season5Team,27,56,0.482143
Species,season6Year,27,142,0.190141
Species,seniorsWorld,27,43,0.627907
Species,siglum,27,27,1.000000
Species,ssActiveYears,27,155,0.174194
Species,stateAssembly,27,3198,0.008443
Species,stateEnd,27,27,1.000000
Species,stateStart,27,27,1.000000
Species,super14years,27,220,0.122727
Species,superordo,27,123,0.219512
Species,suppdraftyear,27,89,0.303371
Species,totalyears,27,110,0.245455
Species,vitaUg,27,30,0.900000
Species,vpState,27,49,0.551020
Star,habitableOuter,27,30,0.900000
Galaxy,reference,27,27,1.000000
AdministrativeRegion,areaTotalRank,27,28,0.964286
AdministrativeRegion,coordinates,27,50,0.540000
AdministrativeRegion,extinctTitle,27,169,0.159763
AdministrativeRegion,julAvgRecordHighF,27,31,0.870968
AdministrativeRegion,ldy,27,57,0.473684
AdministrativeRegion,mammal,27,34,0.794118
AdministrativeRegion,mardSun,27,47,0.574468
AdministrativeRegion,maydSun,27,47,0.574468
AdministrativeRegion,shieldSize,27,408,0.066176
AdministrativeRegion,status,27,45,0.600000
AdministrativeRegion,yearRecordHighF,27,50,0.540000
Person,chancellor,26,31,0.838710
Person,7pp,26,27,0.962963
Person,7y,26,40,0.650000
Person,ac1Year,26,227,0.114537
Person,bowloutcome,26,3009,0.008641
Person,bsbPodiums,26,36,0.722222
Person,candidate4Percent,26,27,0.962963
Person,christeningPlace,26,30,0.866667
Person,coachdraws,26,886,0.029345
Person,coachplayoffrecord,26,68,0.382353
Person,code,26,1476,0.017615
Person,colorcode,26,27,0.962963
Person,europeanChampionshipAppearances,26,839,0.030989
Person,fdDate,26,327,0.079511
Person,financeEnd,26,30,0.866667
Person,fp,26,50,0.520000
Person,goalsd,26,510,0.050980
Person,ground,26,31,0.838710
Person,hgf,26,57,0.456140
Person,highestAttendance,26,27,0.962963
Person,hofmethod,26,197,0.131980
Person,interiorStart,26,26,1.000000
Person,irlCarTeam,26,28,0.928571
Person,lastArcaWestWin,26,34,0.764706
Person,lat3Deg,26,30,0.866667
Person,lifespan,26,26,1.000000
Person,lon3Deg,26,30,0.866667
Person,lowestAttendance,26,26,1.000000
Person,moto2ActiveYears,26,177,0.146893
Person,moto2Podiums,26,249,0.104418
Person,nextLink,26,26,1.000000
Person,noContests,26,1518,0.017128
Person,olympicteams,26,698,0.037249
Person,opponentevents,26,26,1.000000
Person,opprank,26,1254,0.020734
Person,prevTruckYear,26,452,0.057522
Person,prevYear,26,57,0.456140
Person,rankLabel,26,95,0.273684
Person,ruPointsb,26,121,0.214876
Person,saLastPoints,26,33,0.787879
Person,season4PlayoffLooseBalls,26,77,0.337662
Person,season5PlayoffLooseBalls,26,78,0.333333
Person,season7Year,26,125,0.208000
Person,seat,26,72,0.361111
Person,serviceyearsLabel,26,632,0.041139
Person,siblings,26,26,1.000000
Person,speaker,26,28,0.928571
Person,spoken,26,77,0.337662
Person,teamwins,26,660,0.039394
Person,widthMetric,26,26,1.000000
Species,chancellor,26,31,0.838710
Species,division,26,2830,0.009187
Species,7pp,26,27,0.962963
Species,7y,26,40,0.650000
Species,ac1Year,26,227,0.114537
Species,bowloutcome,26,3009,0.008641
Species,bsbPodiums,26,36,0.722222
Species,candidate4Percent,26,27,0.962963
Species,christeningPlace,26,30,0.866667
Species,coachdraws,26,886,0.029345
Species,coachplayoffrecord,26,68,0.382353
Species,code,26,1476,0.017615
Species,colorcode,26,27,0.962963
Species,europeanChampionshipAppearances,26,839,0.030989
Species,fdDate,26,327,0.079511
Species,financeEnd,26,30,0.866667
Species,fp,26,50,0.520000
Species,goalsd,26,510,0.050980
Species,ground,26,31,0.838710
Species,hgf,26,57,0.456140
Species,highestAttendance,26,27,0.962963
Species,hofmethod,26,197,0.131980
Species,interiorStart,26,26,1.000000
Species,irlCarTeam,26,28,0.928571
Species,lastArcaWestWin,26,34,0.764706
Species,lifespan,26,26,1.000000
Species,lowestAttendance,26,26,1.000000
Species,magnesiumMg,26,44,0.590909
Species,moto2ActiveYears,26,177,0.146893
Species,moto2Podiums,26,249,0.104418
Species,nextLink,26,26,1.000000
Species,noContests,26,1518,0.017128
Species,olympicteams,26,698,0.037249
Species,opponentevents,26,26,1.000000
Species,opprank,26,1254,0.020734
Species,prevTruckYear,26,452,0.057522
Species,prevYear,26,57,0.456140
Species,rankLabel,26,95,0.273684
Species,ruPointsb,26,121,0.214876
Species,saLastPoints,26,33,0.787879
Species,season4PlayoffLooseBalls,26,77,0.337662
Species,season5PlayoffLooseBalls,26,78,0.333333
Species,season7Year,26,125,0.208000
Species,seat,26,72,0.361111
Species,serviceyearsLabel,26,632,0.041139
Species,siblings,26,26,1.000000
Species,speaker,26,28,0.928571
Species,spoken,26,77,0.337662
Species,teamwins,26,660,0.039394
Species,widthMetric,26,26,1.000000
Star,habitableInner,26,29,0.896552
Star,luminosityVisual,26,26,1.000000
Galaxy,ref,26,26,1.000000
AdministrativeRegion,areaMetro,26,31,0.838710
AdministrativeRegion,jurisdiction,26,1569,0.016571
AdministrativeRegion,areaMetro,26,31,0.838710
AdministrativeRegion,abbreviation,26,34,0.764706
AdministrativeRegion,augdSun,26,47,0.553191
AdministrativeRegion,fish,26,34,0.764706
AdministrativeRegion,house,26,40,0.650000
AdministrativeRegion,incumbentsince,26,52,0.500000
AdministrativeRegion,sepdSun,26,46,0.565217
AdministrativeRegion,sepRecordHighF,26,79,0.329114
AdministrativeRegion,stations,26,33,0.787879
AdministrativeRegion,translitLang,26,590,0.044068
Person,1optionName,25,40,0.625000
Person,address,25,25,1.000000
Person,candidate4Votes,25,26,0.961538
Person,captionLeft,25,26,0.961538
Person,captionRight,25,26,0.961538
Person,careerWinnings,25,25,1.000000
Person,coachyear6start,25,28,0.892857
Person,colwidth,25,1405,0.017794
Person,confChamp,25,26,0.961538
Person,countryCode,25,51,0.490196
Person,danceDate,25,323,0.077399
Person,deaths,25,26,0.961538
Person,elevatedBy,25,136,0.183824
Person,ev,25,38,0.657895
Person,finance,25,31,0.806452
Person,firstArcaEastWin,25,54,0.462963
Person,haircolour,25,143,0.174825
Person,heightMetric,25,25,1.000000
Person,imageWidth,25,40,0.625000
Person,lastArcaWin,25,51,0.490196
Person,lastodifor,25,114,0.219298
Person,line,25,99,0.252525
Person,locality,25,30,0.833333
Person,locationCity,25,25,1.000000
Person,lon,25,25,1.000000
Person,medal,25,256,0.097656
Person,missEarth,25,89,0.280899
Person,nextYear,25,42,0.595238
Person,officePredecessor,25,25,1.000000
Person,photo1a,25,30,0.833333
Person,pmid,25,25,1.000000
Person,refereeyear2start,25,36,0.694444
Person,ruAppearancesb,25,139,0.179856
Person,sa,25,25,1.000000
Person,season11TeamLink,25,74,0.337838
Person,season12PenaltyMinutes,25,48,0.520833
Person,season6PlayoffLooseBalls,25,76,0.328947
Person,season8Year,25,105,0.238095
Person,season9PlayoffLooseBalls,25,60,0.416667
Person,shortConf,25,242,0.103306
Person,skis,25,78,0.320513
Person,slogan,25,25,1.000000
Person,ssLastSeason,25,155,0.161290
Person,tdsrank,25,116,0.215517
Person,territory,25,26,0.961538
Person,titleyears,25,31,0.806452
Species,1optionName,25,40,0.625000
Species,address,25,25,1.000000
Species,candidate4Votes,25,26,0.961538
Species,captionLeft,25,26,0.961538
Species,captionRight,25,26,0.961538
Species,careerWinnings,25,25,1.000000
Species,coachyear6start,25,28,0.892857
Species,confChamp,25,26,0.961538
Species,countryCode,25,51,0.490196
Species,danceDate,25,323,0.077399
Species,deaths,25,26,0.961538
Species,elevatedBy,25,136,0.183824
Species,ev,25,38,0.657895
Species,finance,25,31,0.806452
Species,firstArcaEastWin,25,54,0.462963
Species,haircolour,25,143,0.174825
Species,heightMetric,25,25,1.000000
Species,lastArcaWin,25,51,0.490196
Species,lastodifor,25,114,0.219298
Species,line,25,99,0.252525
Species,locality,25,30,0.833333
Species,locationCity,25,25,1.000000
Species,lon,25,25,1.000000
Species,medal,25,256,0.097656
Species,missEarth,25,89,0.280899
Species,nextYear,25,42,0.595238
Species,officePredecessor,25,25,1.000000
Species,photo1a,25,30,0.833333
Species,pmid,25,25,1.000000
Species,refereeyear2start,25,36,0.694444
Species,ruAppearancesb,25,139,0.179856
Species,sa,25,25,1.000000
Species,season11TeamLink,25,74,0.337838
Species,season12PenaltyMinutes,25,48,0.520833
Species,season6PlayoffLooseBalls,25,76,0.328947
Species,season8Year,25,105,0.238095
Species,season9PlayoffLooseBalls,25,60,0.416667
Species,shortConf,25,242,0.103306
Species,skis,25,78,0.320513
Species,slogan,25,25,1.000000
Species,ssLastSeason,25,155,0.161290
Species,tdsrank,25,116,0.215517
Species,territory,25,26,0.961538
Species,titleyears,25,31,0.806452
ChemicalCompound,book,25,47,0.531915
AdministrativeRegion,archdiocese,25,28,0.892857
AdministrativeRegion,blank4Info,25,26,0.961538
AdministrativeRegion,elevationMin,25,96,0.260417
AdministrativeRegion,fossil,25,27,0.925926
AdministrativeRegion,frameLong,25,25,1.000000
AdministrativeRegion,ne,25,28,0.892857
AdministrativeRegion,note,25,192,0.130208
AdministrativeRegion,officialLangList,25,26,0.961538
AdministrativeRegion,patriarch,25,131,0.190840
AdministrativeRegion,precededBy,25,27,0.925926
AdministrativeRegion,regierungsbezirk,25,177,0.141243
AdministrativeRegion,sealLink,25,26,0.961538
AdministrativeRegion,sepAvgRecordHighF,25,31,0.806452
AdministrativeRegion,yeardSun,25,34,0.735294
Person,prospectLeague,24,709,0.033850
Person,125Podiums,24,204,0.117647
Person,agf,24,56,0.428571
Person,broadFt,24,6871,0.003493
Person,bsbActiveYears,24,35,0.685714
Person,cfldraftedteam,24,579,0.041451
Person,championshipLeague,24,27,0.888889
Person,champwins,24,252,0.095238
Person,clubnat,24,32,0.750000
Person,debut2league,24,1495,0.016054
Person,defendant,24,24,1.000000
Person,draftteam,24,45,0.533333
Person,fibaHofCoach,24,24,1.000000
Person,firstCanadaRace,24,75,0.320000
Person,footMontage,24,29,0.827586
Person,formerName,24,26,0.923077
Person,founders,24,24,1.000000
Person,heightinch,24,1086,0.022099
Person,interiorEnd,24,24,1.000000
Person,isbn,24,99,0.242424
Person,maddhab,24,154,0.155844
Person,moto3Podiums,24,188,0.127660
Person,motoeRaceStarts,24,43,0.558140
Person,nameTranscription,24,25,0.960000
Person,ncaaroundof,24,47,0.510638
Person,odidebutfor,24,125,0.192000
Person,officeSuccessor,24,24,1.000000
Person,oppseed,24,404,0.059406
Person,otherTitle,24,41,0.585366
Person,poll1Final,24,102,0.235294
Person,rd3Team,24,24,1.000000
Person,saRaceWins,24,33,0.727273
Person,season6Shots,24,29,0.827586
Person,season7PlayoffLooseBalls,24,67,0.358209
Person,season9Year,24,95,0.252632
Person,species,24,1953,0.012289
Person,stat3year,24,55,0.436364
Person,teamg,24,43,0.558140
Person,triesc,24,1385,0.017329
Person,turnout,24,24,1.000000
Person,uslaxhofYear,24,43,0.558140
Person,weightclass,24,36,0.666667
Person,whaDraftTeam,24,452,0.053097
Person,z,24,24,1.000000
Species,prospectLeague,24,709,0.033850
Species,125Podiums,24,204,0.117647
Species,agf,24,56,0.428571
Species,broadFt,24,6871,0.003493
Species,bsbActiveYears,24,35,0.685714
Species,cfldraftedteam,24,579,0.041451
Species,championshipLeague,24,27,0.888889
Species,champwins,24,252,0.095238
Species,clubnat,24,32,0.750000
Species,debut2league,24,1495,0.016054
Species,defendant,24,24,1.000000
Species,divisio,24,2239,0.010719
Species,draftteam,24,45,0.533333
Species,fibaHofCoach,24,24,1.000000
Species,firstCanadaRace,24,75,0.320000
Species,footMontage,24,29,0.827586
Species,formerName,24,26,0.923077
Species,founders,24,24,1.000000
Species,heightinch,24,1086,0.022099
Species,interiorEnd,24,24,1.000000
Species,isbn,24,99,0.242424
Species,lat4Deg,24,27,0.888889
Species,lon4Deg,24,27,0.888889
Species,maddhab,24,154,0.155844
Species,moto3Podiums,24,188,0.127660
Species,motoeRaceStarts,24,43,0.558140
Species,nameTranscription,24,25,0.960000
Species,ncaaroundof,24,47,0.510638
Species,odidebutfor,24,125,0.192000
Species,officeSuccessor,24,24,1.000000
Species,oppseed,24,404,0.059406
Species,otherTitle,24,41,0.585366
Species,poll1Final,24,102,0.235294
Species,rd3Team,24,24,1.000000
Species,saRaceWins,24,33,0.727273
Species,season6Shots,24,29,0.827586
Species,season7PlayoffLooseBalls,24,67,0.358209
Species,season9Year,24,95,0.252632
Species,sodiumMg,24,37,0.648649
Species,stat3year,24,55,0.436364
Species,teamg,24,43,0.558140
Species,triesc,24,1385,0.017329
Species,turnout,24,24,1.000000
Species,uslaxhofYear,24,43,0.558140
Species,weightclass,24,36,0.666667
Species,whaDraftTeam,24,452,0.053097
Species,z,24,24,1.000000
Star,appmag1Passband,24,455,0.052747
Galaxy,image,24,24,1.000000
ChemicalCompound,p,24,88,0.272727
AdministrativeRegion,areaBlank1Title,24,61,0.393443
AdministrativeRegion,blankEmblemSize,24,163,0.147239
AdministrativeRegion,borgerligeFelleslister,24,947,0.025343
AdministrativeRegion,labelAngle,24,28,0.857143
AdministrativeRegion,latitude,24,45,0.533333
AdministrativeRegion,parentChurch,24,115,0.208696
AdministrativeRegion,phfs,24,24,1.000000
AdministrativeRegion,representative,24,105,0.228571
AdministrativeRegion,wuu,24,26,0.923077
AdministrativeRegion,xej,24,24,1.000000
Person,whaDraftTeam,23,455,0.050549
Person,125Manufacturers,23,313,0.073482
Person,250Podiums,23,113,0.203540
Person,abbreviation,23,23,1.000000
Person,alliance,23,24,0.958333
Person,bjkcupresult,23,32,0.718750
Person,built,23,24,0.958333
Person,careerEndCoach,23,33,0.696970
Person,careerFootnotes,23,255,0.090196
Person,clupdate,23,82,0.280488
Person,coachwinsa,23,252,0.091270
Person,column,23,38265,0.000601
Person,committee,23,23,1.000000
Person,events,23,23,1.000000
Person,eventsort,23,184,0.125000
Person,explain,23,23,1.000000
Person,firstname,23,23,1.000000
Person,hairColour,23,166,0.138554
Person,hga,23,55,0.418182
Person,k,23,23,1.000000
Person,lastname,23,23,1.000000
Person,lat4Deg,23,26,0.884615
Person,licensePlace,23,25,0.920000
Person,lon4Deg,23,26,0.884615
Person,mark,23,59,0.389831
Person,mmaDecloss,23,2444,0.009411
Person,museum,23,26,0.884615
Person,nscaarank,23,129,0.178295
Person,officialName,23,23,1.000000
Person,pointse,23,181,0.127072
Person,post3note,23,25,0.920000
Person,ruCoachyear1start,23,30,0.766667
Person,ruTriesa,23,323,0.071207
Person,saActiveYears,23,36,0.638889
Person,season10PlayoffLooseBalls,23,40,0.575000
Person,season11PenaltyMinutes,23,62,0.370968
Person,season13Goals,23,42,0.547619
Person,season15LooseBalls,23,24,0.958333
Person,seasonTopscorer,23,28,0.821429
Person,ss300TotalPoints,23,26,0.884615
Person,truckWins,23,774,0.029716
Person,warEnd,23,23,1.000000
Person,warStart,23,23,1.000000
Species,whaDraftTeam,23,455,0.050549
Species,125Manufacturers,23,313,0.073482
Species,250Podiums,23,113,0.203540
Species,abbreviation,23,23,1.000000
Species,alliance,23,24,0.958333
Species,bjkcupresult,23,32,0.718750
Species,built,23,24,0.958333
Species,careerEndCoach,23,33,0.696970
Species,careerFootnotes,23,255,0.090196
Species,clupdate,23,82,0.280488
Species,coachwinsa,23,252,0.091270
Species,column,23,38265,0.000601
Species,committee,23,23,1.000000
Species,events,23,23,1.000000
Species,eventsort,23,184,0.125000
Species,explain,23,23,1.000000
Species,firstname,23,23,1.000000
Species,hairColour,23,166,0.138554
Species,hga,23,55,0.418182
Species,k,23,23,1.000000
Species,lastname,23,23,1.000000
Species,licensePlace,23,25,0.920000
Species,mark,23,60,0.383333
Species,mmaDecloss,23,2444,0.009411
Species,museum,23,26,0.884615
Species,nscaarank,23,129,0.178295
Species,officialName,23,23,1.000000
Species,pointse,23,181,0.127072
Species,post3note,23,25,0.920000
Species,ruCoachyear1start,23,30,0.766667
Species,ruTriesa,23,323,0.071207
Species,saActiveYears,23,36,0.638889
Species,season10PlayoffLooseBalls,23,40,0.575000
Species,season11PenaltyMinutes,23,62,0.370968
Species,season13Goals,23,42,0.547619
Species,season15LooseBalls,23,24,0.958333
Species,seasonTopscorer,23,28,0.821429
Species,ss300TotalPoints,23,26,0.884615
Species,truckWins,23,774,0.029716
Species,warEnd,23,23,1.000000
Species,warStart,23,23,1.000000
Star,data,23,24,0.958333
Star,p,23,28,0.821429
AdministrativeRegion,1y,23,36,0.638889
AdministrativeRegion,2pp,23,23,1.000000
AdministrativeRegion,3a,23,23,1.000000
AdministrativeRegion,bird,23,35,0.657143
AdministrativeRegion,labelColor,23,32,0.718750
AdministrativeRegion,langcode,23,31,0.741935
AdministrativeRegion,nw,23,27,0.851852
AdministrativeRegion,partyterms%23,23,4357,0.005279
AdministrativeRegion,prevName,23,23,1.000000
AdministrativeRegion,votes%25,23,25,0.920000
Person,3loc,22,22,1.000000
Person,8a,22,22,1.000000
Person,absent,22,359,0.061281
Person,baptized,22,22,1.000000
Person,boxLoss,22,386,0.056995
Person,callnumber,22,23,0.956522
Person,cflundraftedyear,22,82,0.268293
Person,championshipList,22,25,0.880000
Person,coachgamesb,22,97,0.226804
Person,coachingawards,22,24,0.916667
Person,convocation,22,255,0.086275
Person,designation,22,137,0.160584
Person,dissolved,22,24,0.916667
Person,draftedround,22,68,0.323529
Person,embed,22,63,0.349206
Person,eyecolour,22,155,0.141935
Person,fromAlbum,22,22,1.000000
Person,latMin,22,27,0.814815
Person,mllTeam,22,102,0.215686
Person,musicVideos,22,96,0.229167
Person,photo1b,22,27,0.814815
Person,pim,22,44,0.500000
Person,playername,22,22,1.000000
Person,previousYear,22,139,0.158273
Person,recordinfo,22,55,0.400000
Person,refname,22,73,0.301370
Person,ruYear5end,22,29,0.758621
Person,sbkPoles,22,234,0.094017
Person,season10Year,22,81,0.271605
Person,season11Year,22,75,0.293333
Person,season13PenaltyMinutes,22,44,0.500000
Person,season14Goals,22,33,0.666667
Person,season1PlayoffLooseBalls,22,66,0.333333
Person,season6Team,22,39,0.564103
Person,stat42value,22,23,0.956522
Person,stat43value,22,23,0.956522
Person,t20idebutyear,22,2755,0.007985
Person,tHk,22,22,1.000000
Person,totalChampRaces,22,22,1.000000
Person,umpwt20idebutyr,22,237,0.092827
Person,wimbledondoublesresult,22,3731,0.005897
Person,yearsInTruck,22,770,0.028571
Species,3loc,22,22,1.000000
Species,8a,22,22,1.000000
Species,absent,22,359,0.061281
Species,baptized,22,22,1.000000
Species,boxLoss,22,386,0.056995
Species,callnumber,22,23,0.956522
Species,cflundraftedyear,22,82,0.268293
Species,championshipList,22,25,0.880000
Species,coachgamesb,22,97,0.226804
Species,coachingawards,22,24,0.916667
Species,convocation,22,255,0.086275
Species,designation,22,137,0.160584
Species,dissolved,22,24,0.916667
Species,draftedround,22,68,0.323529
Species,embed,22,63,0.349206
Species,eyecolour,22,155,0.141935
Species,fromAlbum,22,22,1.000000
Species,latMin,22,27,0.814815
Species,mllTeam,22,102,0.215686
Species,musicVideos,22,96,0.229167
Species,photo1b,22,27,0.814815
Species,pim,22,44,0.500000
Species,playername,22,22,1.000000
Species,previousYear,22,139,0.158273
Species,recordinfo,22,55,0.400000
Species,refname,22,73,0.301370
Species,ruYear5end,22,29,0.758621
Species,sbkPoles,22,234,0.094017
Species,season10Year,22,81,0.271605
Species,season11Year,22,75,0.293333
Species,season13PenaltyMinutes,22,44,0.500000
Species,season14Goals,22,33,0.666667
Species,season1PlayoffLooseBalls,22,66,0.333333
Species,season6Team,22,39,0.564103
Species,stat42value,22,23,0.956522
Species,stat43value,22,23,0.956522
Species,t20idebutyear,22,2755,0.007985
Species,tHk,22,22,1.000000
Species,totalChampRaces,22,22,1.000000
Species,umpwt20idebutyr,22,237,0.092827
Species,wimbledondoublesresult,22,3731,0.005897
Species,yearsInTruck,22,770,0.028571
Star,periargPrimary,22,22,1.000000
Galaxy,gc,22,22,1.000000
AdministrativeRegion,2y,22,34,0.647059
AdministrativeRegion,alternativeLocationMap,22,136,0.161765
AdministrativeRegion,areaTotalHa,22,23,0.956522
AdministrativeRegion,disestablished,22,425,0.051765
AdministrativeRegion,frameLat,22,23,0.956522
AdministrativeRegion,newspaper,22,22,1.000000
AdministrativeRegion,otherpartyNumber,22,955,0.023037
AdministrativeRegion,palgrid,22,27,0.814815
AdministrativeRegion,senterpartiet,22,2300,0.009565
AdministrativeRegion,showflag,22,63,0.349206
AdministrativeRegion,timezone1Location,22,31,0.709677
AdministrativeRegion,tzNote,22,24,0.916667
Person,album1Releasedate,21,21,1.000000
Person,assistantreferee,21,21,1.000000
Person,broadIn,21,6875,0.003055
Person,canlaxhof,21,29,0.724138
Person,cj,21,129,0.162791
Person,coachyearcend,21,26,0.807692
Person,company,21,23,0.913043
Person,creationDate,21,35,0.600000
Person,currentstatus,21,39,0.538462
Person,eyeColour,21,158,0.132911
Person,fightingoutof,21,22,0.954545
Person,frenchopendoublesresult,21,3029,0.006933
Person,heading,21,21,1.000000
Person,initiated,21,21,1.000000
Person,lastt20iyear,21,2545,0.008251
Person,lonMin,21,27,0.777778
Person,medals,21,77,0.272727
Person,mllDraft,21,45,0.466667
Person,motogpActiveYears,21,91,0.230769
Person,navy,21,24,0.875000
Person,post6preceded,21,21,1.000000
Person,refereeStart,21,24,0.875000
Person,ruAppearancesc,21,59,0.355932
Person,runtime,21,27,0.777778
Person,sc,21,533,0.039400
Person,season4GamesPlayed,21,179,0.117318
Person,season8PlayoffLooseBalls,21,48,0.437500
Person,sportCountry,21,45,0.466667
Person,subsect,21,57,0.368421
Person,sunwins,21,204,0.102941
Person,trialdate,21,21,1.000000
Person,truckPoles,21,774,0.027132
Person,umpt20idebutyr,21,173,0.121387
Person,ward,21,37,0.567568
Person,worldChampionshipAppearances,21,1569,0.013384
Person,year12start,21,58,0.362069
Person,yearsInArca,21,570,0.036842
Species,kingdom,21,13428,0.001564
Species,album1Releasedate,21,21,1.000000
Species,assistantreferee,21,21,1.000000
Species,broadIn,21,6875,0.003055
Species,canlaxhof,21,29,0.724138
Species,cj,21,129,0.162791
Species,coachyearcend,21,26,0.807692
Species,company,21,23,0.913043
Species,creationDate,21,35,0.600000
Species,currentstatus,21,39,0.538462
Species,eyeColour,21,158,0.132911
Species,fightingoutof,21,22,0.954545
Species,frenchopendoublesresult,21,3029,0.006933
Species,heading,21,21,1.000000
Species,hex,21,29,0.724138
Species,infraordo,21,262,0.080153
Species,initiated,21,21,1.000000
Species,lastt20iyear,21,2545,0.008251
Species,lat2Deg,21,28,0.750000
Species,license,21,81,0.259259
Species,lon2Deg,21,28,0.750000
Species,lonMin,21,27,0.777778
Species,medals,21,77,0.272727
Species,mllDraft,21,45,0.466667
Species,motogpActiveYears,21,91,0.230769
Species,navy,21,24,0.875000
Species,post6preceded,21,21,1.000000
Species,refereeStart,21,24,0.875000
Species,ruAppearancesc,21,59,0.355932
Species,runtime,21,27,0.777778
Species,sc,21,533,0.039400
Species,season4GamesPlayed,21,179,0.117318
Species,season8PlayoffLooseBalls,21,48,0.437500
Species,sportCountry,21,45,0.466667
Species,subsect,21,57,0.368421
Species,sunwins,21,204,0.102941
Species,trialdate,21,21,1.000000
Species,truckPoles,21,774,0.027132
Species,umpt20idebutyr,21,173,0.121387
Species,ward,21,37,0.567568
Species,worldChampionshipAppearances,21,1569,0.013384
Species,year12start,21,58,0.362069
Species,yearsInArca,21,570,0.036842
Star,appmag2Passband,21,374,0.056150
Star,appmag4Passband,21,280,0.075000
Galaxy,c,21,21,1.000000
AdministrativeRegion,2000density,21,21,1.000000
AdministrativeRegion,2000densityus,21,22,0.954545
AdministrativeRegion,after,21,22,0.954545
AdministrativeRegion,altunosp,21,21,1.000000
AdministrativeRegion,areaBlank1SqMi,21,27,0.777778
AdministrativeRegion,blank5Info,21,22,0.954545
AdministrativeRegion,countyCouncil,21,21,1.000000
AdministrativeRegion,lastElection,21,96,0.218750
AdministrativeRegion,locatorMap,21,36,0.583333
AdministrativeRegion,lonDeg,21,27,0.777778
AdministrativeRegion,otherarticle,21,21,1.000000
AdministrativeRegion,raw,21,21,1.000000
AdministrativeRegion,religion,21,30,0.700000
AdministrativeRegion,venstre,21,1772,0.011851
Person,ac2Year,20,216,0.092593
Person,altId,20,20,1.000000
Person,alttitle,20,20,1.000000
Person,appearancese,20,182,0.109890
Person,author2Link,20,31,0.645161
Person,bestConvPos,20,23,0.869565
Person,bsbRaceWins,20,36,0.555556
Person,cbbaskhofYear,20,244,0.081967
Person,characters,20,24,0.833333
Person,clcounty,20,837,0.023895
Person,coachlossesa,20,250,0.080000
Person,col2Data,20,47,0.425532
Person,colour,20,34,0.588235
Person,designation1Date,20,20,1.000000
Person,episodenumber,20,68,0.294118
Person,hangulrt,20,20,1.000000
Person,hanjart,20,20,1.000000
Person,hex,20,28,0.714286
Person,lat2Deg,20,27,0.740741
Person,license,20,80,0.250000
Person,logoSize,20,231,0.086580
Person,lon2Deg,20,27,0.740741
Person,mmaKoloss,20,2275,0.008791
Person,mmaSubloss,20,2020,0.009901
Person,motoeLastPosition,20,42,0.476190
Person,motogpLastSeason,20,116,0.172414
Person,motogpPoles,20,122,0.163934
Person,nationalId,20,20,1.000000
Person,nextseason,20,41,0.487805
Person,ocBs,20,30,0.666667
Person,olympicsresult,20,687,0.029112
Person,phfs,20,20,1.000000
Person,prevseason,20,40,0.500000
Person,refereeyear2end,20,27,0.740741
Person,releaseDate,20,21,0.952381
Person,ruYeardstart,20,32,0.625000
Person,season11PlayoffLooseBalls,20,35,0.571429
Person,season12TeamLink,20,61,0.327869
Person,season13TeamLink,20,54,0.370370
Person,season5GamesPlayed,20,165,0.121212
Person,season6GroundBalls,20,29,0.689655
Person,seed,20,199,0.100503
Person,segpres,20,20,1.000000
Person,segpresStart,20,20,1.000000
Person,shoots,20,15672,0.001276
Person,ss300RaceStarts,20,26,0.769231
Person,stat22label,20,1621,0.012338
Person,subLosses,20,2502,0.007994
Person,throws,20,27052,0.000739
Person,totalConvRaces,20,26,0.769231
Person,ttWins,20,109,0.183486
Person,umpirecrew,20,72,0.277778
Person,weburl,20,20,1.000000
Person,worldsWeight,20,57,0.350877
Person,yearsInArcaWest,20,273,0.073260
Species,ac2Year,20,216,0.092593
Species,altId,20,20,1.000000
Species,alttitle,20,20,1.000000
Species,appearancese,20,182,0.109890
Species,author2Link,20,31,0.645161
Species,bestConvPos,20,23,0.869565
Species,betacaroteneUg,20,22,0.909091
Species,bsbRaceWins,20,36,0.555556
Species,cbbaskhofYear,20,244,0.081967
Species,characters,20,24,0.833333
Species,clcounty,20,837,0.023895
Species,coachlossesa,20,250,0.080000
Species,col2Data,20,47,0.425532
Species,designation1Date,20,20,1.000000
Species,episodenumber,20,68,0.294118
Species,hangulrt,20,20,1.000000
Species,hanjart,20,20,1.000000
Species,lat5Deg,20,22,0.909091
Species,logoSize,20,231,0.086580
Species,lon5Deg,20,22,0.909091
Species,mmaKoloss,20,2275,0.008791
Species,mmaSubloss,20,2020,0.009901
Species,motoeLastPosition,20,42,0.476190
Species,motogpLastSeason,20,116,0.172414
Species,motogpPoles,20,122,0.163934
Species,nationalId,20,20,1.000000
Species,nextseason,20,41,0.487805
Species,ocBs,20,30,0.666667
Species,olympicsresult,20,687,0.029112
Species,phfs,20,20,1.000000
Species,prevseason,20,40,0.500000
Species,refereeyear2end,20,27,0.740741
Species,releaseDate,20,21,0.952381
Species,ruYeardstart,20,32,0.625000
Species,season11PlayoffLooseBalls,20,35,0.571429
Species,season12TeamLink,20,61,0.327869
Species,season13TeamLink,20,54,0.370370
Species,season5GamesPlayed,20,165,0.121212
Species,season6GroundBalls,20,29,0.689655
Species,seed,20,199,0.100503
Species,segpres,20,20,1.000000
Species,segpresStart,20,20,1.000000
Species,shoots,20,15672,0.001276
Species,ss300RaceStarts,20,26,0.769231
Species,stat22label,20,1621,0.012338
Species,subLosses,20,2502,0.007994
Species,throws,20,27052,0.000739
Species,totalConvRaces,20,26,0.769231
Species,ttWins,20,109,0.183486
Species,umpirecrew,20,72,0.277778
Species,weburl,20,20,1.000000
Species,worldsWeight,20,57,0.350877
Species,yearsInArcaWest,20,273,0.073260
ChemicalCompound,totalWidth,20,42,0.476190
AdministrativeRegion,areaCouncilKm,20,20,1.000000
AdministrativeRegion,cityType,20,656,0.030488
AdministrativeRegion,countyMayor,20,20,1.000000
AdministrativeRegion,divisions,20,41,0.487805
AdministrativeRegion,gemstone,20,22,0.909091
AdministrativeRegion,government,20,23,0.869565
AdministrativeRegion,labela,20,21,0.952381
AdministrativeRegion,leader1Type,20,120,0.166667
AdministrativeRegion,područje,20,20,1.000000
AdministrativeRegion,provRepParty,20,803,0.024907
AdministrativeRegion,pushpinMapsize,20,2844,0.007032
AdministrativeRegion,selsovietType,20,970,0.020619
Person,rankingWins,19,79,0.240506
Person,sport,19,1087,0.017479
Person,winsInEurope,19,28,0.678571
Person,125LastSeason,19,143,0.132867
Person,alternativemap,19,61,0.311475
Person,author1Link,19,35,0.542857
Person,backgroundColor,19,30,0.633333
Person,bestIrlPos,19,29,0.655172
Person,bonusTracks,19,19,1.000000
Person,bowlRecord,19,1177,0.016143
Person,coachgamesc,19,42,0.452381
Person,coachyeardstart,19,20,0.950000
Person,criminalActivities,19,20,0.950000
Person,debut4date,19,19,1.000000
Person,draftLeague,19,1622,0.011714
Person,educationStart,19,19,1.000000
Person,episodes,19,19,1.000000
Person,eptFinalTables,19,248,0.076613
Person,firstAired,19,19,1.000000
Person,heartsAppearances,19,349,0.054441
Person,imageLeft,19,23,0.826087
Person,ingredients,19,19,1.000000
Person,kickboxKoloss,19,534,0.035581
Person,lastArcaEastWin,19,33,0.575758
Person,lat5Deg,19,21,0.904762
Person,letwins,19,275,0.069091
Person,lon5Deg,19,21,0.904762
Person,mapCaption,19,19,1.000000
Person,marrieddate,19,19,1.000000
Person,mmaLoss,19,124,0.153226
Person,motogpRaceWins,19,121,0.157025
Person,post6followed,19,20,0.950000
Person,prevCupYear,19,71,0.267606
Person,reldate,19,19,1.000000
Person,ruGoalsa,19,311,0.061093
Person,ruRefereecomps,19,35,0.542857
Person,saChampionships,19,31,0.612903
Person,season12Year,19,61,0.311475
Person,season13PlayoffLooseBalls,19,27,0.703704
Person,season13Year,19,54,0.351852
Person,season14PenaltyMinutes,19,34,0.558824
Person,season15Assists,19,23,0.826087
Person,season2GamesPlayed,19,215,0.088372
Person,season3GamesPlayed,19,197,0.096447
Person,segpresEnd,19,19,1.000000
Person,shield,19,20,0.950000
Person,ssManufacturers,19,359,0.052925
Person,textcolor,19,482,0.039419
Person,treasuryEnd,19,19,1.000000
Person,treasuryStart,19,19,1.000000
Person,triesd,19,511,0.037182
Person,uslaxhof,19,22,0.863636
Person,worldcup,19,28,0.678571
Person,year10end,19,59,0.322034
Person,year11end,19,50,0.380000
Person,yearfend,19,29,0.655172
Person,yeargstart,19,39,0.487179
Species,colour,19,4739,0.004009
Species,rankingWins,19,79,0.240506
Species,sport,19,1087,0.017479
Species,winsInEurope,19,28,0.678571
Species,125LastSeason,19,143,0.132867
Species,alternativemap,19,61,0.311475
Species,author1Link,19,35,0.542857
Species,backgroundColor,19,30,0.633333
Species,bestIrlPos,19,29,0.655172
Species,bonusTracks,19,19,1.000000
Species,bowlRecord,19,1177,0.016143
Species,coachgamesc,19,42,0.452381
Species,coachyeardstart,19,20,0.950000
Species,criminalActivities,19,20,0.950000
Species,debut4date,19,19,1.000000
Species,draftLeague,19,1622,0.011714
Species,educationStart,19,19,1.000000
Species,episodes,19,19,1.000000
Species,eptFinalTables,19,248,0.076613
Species,firstAired,19,19,1.000000
Species,heartsAppearances,19,349,0.054441
Species,imageLeft,19,24,0.791667
Species,ingredients,19,19,1.000000
Species,kickboxKoloss,19,534,0.035581
Species,lastArcaEastWin,19,33,0.575758
Species,letwins,19,275,0.069091
Species,mapCaption,19,19,1.000000
Species,marrieddate,19,19,1.000000
Species,mmaLoss,19,124,0.153226
Species,motogpRaceWins,19,121,0.157025
Species,post6followed,19,20,0.950000
Species,prevCupYear,19,71,0.267606
Species,reldate,19,19,1.000000
Species,ruGoalsa,19,311,0.061093
Species,ruRefereecomps,19,35,0.542857
Species,saChampionships,19,31,0.612903
Species,season12Year,19,61,0.311475
Species,season13PlayoffLooseBalls,19,27,0.703704
Species,season13Year,19,54,0.351852
Species,season14PenaltyMinutes,19,34,0.558824
Species,season15Assists,19,23,0.826087
Species,season2GamesPlayed,19,215,0.088372
Species,season3GamesPlayed,19,197,0.096447
Species,segpresEnd,19,19,1.000000
Species,shield,19,20,0.950000
Species,ssManufacturers,19,359,0.052925
Species,textcolor,19,482,0.039419
Species,treasuryEnd,19,19,1.000000
Species,treasuryStart,19,19,1.000000
Species,triesd,19,511,0.037182
Species,uslaxhof,19,22,0.863636
Species,worldcup,19,28,0.678571
Species,year10end,19,59,0.322034
Species,year11end,19,50,0.380000
Species,yearfend,19,29,0.655172
Species,yeargstart,19,39,0.487179
Star,appmag3Passband,19,368,0.051630
Star,e,19,19,1.000000
AdministrativeRegion,areaMetroKm,19,19,1.000000
AdministrativeRegion,bcparty,19,226,0.084071
AdministrativeRegion,before,19,20,0.950000
AdministrativeRegion,buc,19,21,0.904762
AdministrativeRegion,description,19,20,0.950000
AdministrativeRegion,districts,19,31,0.612903
AdministrativeRegion,exImageSize,19,1030,0.018447
AdministrativeRegion,fremskrittspartiet,19,1092,0.017399
AdministrativeRegion,hq,19,19,1.000000
AdministrativeRegion,insect,19,32,0.593750
AdministrativeRegion,kristeligFolkeparti,19,1669,0.011384
AdministrativeRegion,mayorParty,19,486,0.039095
AdministrativeRegion,populationDemonyms,19,22,0.863636
AdministrativeRegion,subdivname,19,20,0.950000
AdministrativeRegion,zoom,19,1951,0.009739
Person,added,18,18,1.000000
Person,additionalpodiums,18,145,0.124138
Person,adopted,18,19,0.947368
Person,amLoss,18,154,0.116883
Person,award3n,18,51,0.352941
Person,bowlList,18,19,0.947368
Person,bsbLastPosition,18,34,0.529412
Person,bsbManufacturers,18,74,0.243243
Person,charta,18,47,0.382979
Person,diamondYear,18,151,0.119205
Person,educationEnd,18,18,1.000000
Person,firstIrlRace,18,32,0.562500
Person,foundingLocation,18,19,0.947368
Person,gender,18,1794,0.010033
Person,healthStart,18,18,1.000000
Person,hoflink,18,822,0.021898
Person,issueType,18,124,0.145161
Person,srAndState,18,49,0.367347
Person,laborStart,18,18,1.000000
Person,locationCountry,18,25,0.720000
Person,medaltemplatesTitle,18,731,0.024624
Person,minister2Termend,18,18,1.000000
Person,missPhilippinesEarth,18,18,1.000000
Person,mllDraftYear,18,44,0.409091
Person,moto3ActiveYears,18,145,0.124138
Person,motogpFastestLaps,18,120,0.150000
Person,name1a,18,18,1.000000
Person,newArchive,18,18,1.000000
Person,peak2a,18,19,0.947368
Person,peak3a,18,18,1.000000
Person,percentchange,18,18,1.000000
Person,rankingWins,18,76,0.236842
Person,receipts,18,18,1.000000
Person,refnum,18,18,1.000000
Person,reportedDeaths,18,27,0.666667
Person,ruCoachyear1end,18,22,0.818182
Person,ruPointsc,18,56,0.321429
Person,ruYearestart,18,19,0.947368
Person,saManufacturers,18,20,0.900000
Person,seal,18,42,0.428571
Person,season14Year,18,44,0.409091
Person,season1GamesPlayed,18,227,0.079295
Person,season1PlayoffPenaltyMinutes,18,46,0.391304
Person,season4PlayoffAssists,18,94,0.191489
Person,season5PlayoffAssists,18,90,0.200000
Person,season6GamesPlayed,18,144,0.125000
Person,season6PlayoffAssists,18,75,0.240000
Person,season7GamesPlayed,18,125,0.144000
Person,season7Team,18,34,0.529412
Person,season9GamesPlayed,18,95,0.189474
Person,segegobEnd,18,18,1.000000
Person,segegobStart,18,18,1.000000
Person,seniorsMasters,18,27,0.666667
Person,shapeColor,18,30,0.600000
Person,site,18,19,0.947368
Person,sr,18,60,0.300000
Person,ssRaceWins,18,203,0.088670
Person,stat24label,18,113,0.159292
Person,statweek,18,485,0.037113
Person,tds,18,18,1.000000
Person,teamevents,18,18,1.000000
Person,umpt20ilastyr,18,153,0.117647
Person,umpt20lastyr,18,39,0.461538
Person,vicePresident,18,20,0.900000
Person,volumenumber,18,44,0.409091
Person,words,18,23,0.782609
Person,worldchamp,18,20,0.900000
Person,yearsInCanada,18,75,0.240000
Species,added,18,18,1.000000
Species,additionalpodiums,18,145,0.124138
Species,adopted,18,19,0.947368
Species,amLoss,18,154,0.116883
Species,award3n,18,51,0.352941
Species,bowlList,18,19,0.947368
Species,bsbLastPosition,18,34,0.529412
Species,bsbManufacturers,18,74,0.243243
Species,charta,18,47,0.382979
Species,crossingYear,18,21,0.857143
Species,diamondYear,18,151,0.119205
Species,educationEnd,18,18,1.000000
Species,firstIrlRace,18,32,0.562500
Species,foundingLocation,18,19,0.947368
Species,gender,18,1794,0.010033
Species,healthStart,18,18,1.000000
Species,hoflink,18,822,0.021898
Species,issueType,18,124,0.145161
Species,srAndState,18,49,0.367347
Species,laborStart,18,18,1.000000
Species,locationCountry,18,25,0.720000
Species,medaltemplatesTitle,18,731,0.024624
Species,minister2Termend,18,18,1.000000
Species,missPhilippinesEarth,18,18,1.000000
Species,mllDraftYear,18,44,0.409091
Species,moto3ActiveYears,18,145,0.124138
Species,motogpFastestLaps,18,120,0.150000
Species,name1a,18,18,1.000000
Species,newArchive,18,18,1.000000
Species,peak2a,18,19,0.947368
Species,peak3a,18,18,1.000000
Species,percentchange,18,18,1.000000
Species,rankingWins,18,76,0.236842
Species,receipts,18,18,1.000000
Species,refnum,18,18,1.000000
Species,reportedDeaths,18,27,0.666667
Species,ruCoachyear1end,18,22,0.818182
Species,ruPointsc,18,56,0.321429
Species,ruYearestart,18,19,0.947368
Species,saManufacturers,18,20,0.900000
Species,seal,18,42,0.428571
Species,season14Year,18,44,0.409091
Species,season1GamesPlayed,18,227,0.079295
Species,season1PlayoffPenaltyMinutes,18,46,0.391304
Species,season4PlayoffAssists,18,94,0.191489
Species,season5PlayoffAssists,18,90,0.200000
Species,season6GamesPlayed,18,144,0.125000
Species,season6PlayoffAssists,18,75,0.240000
Species,season7GamesPlayed,18,125,0.144000
Species,season7Team,18,34,0.529412
Species,season9GamesPlayed,18,95,0.189474
Species,segegobEnd,18,18,1.000000
Species,segegobStart,18,18,1.000000
Species,seniorsMasters,18,27,0.666667
Species,shapeColor,18,30,0.600000
Species,site,18,19,0.947368
Species,sr,18,60,0.300000
Species,ssRaceWins,18,203,0.088670
Species,stat24label,18,113,0.159292
Species,statweek,18,485,0.037113
Species,tds,18,18,1.000000
Species,teamevents,18,18,1.000000
Species,umpt20ilastyr,18,153,0.117647
Species,umpt20lastyr,18,39,0.461538
Species,varietas,18,18,1.000000
Species,vicePresident,18,20,0.900000
Species,volumenumber,18,44,0.409091
Species,words,18,23,0.782609
Species,worldchamp,18,20,0.900000
Species,yearsInCanada,18,75,0.240000
Star,appmag5Passband,18,189,0.095238
Galaxy,halfLightRadiusPc,18,21,0.857143
ChemicalCompound,dailymedid,18,18,1.000000
ChemicalCompound,height,18,18,1.000000
ChemicalCompound,highPhColor,18,34,0.529412
AdministrativeRegion,length,18,20,0.900000
AdministrativeRegion,2016OccPvtDwell,18,18,1.000000
AdministrativeRegion,affiliation,18,811,0.022195
AdministrativeRegion,augSnowDays,18,1525,0.011803
AdministrativeRegion,densityKm,18,30,0.600000
AdministrativeRegion,fv,18,51,0.352941
AdministrativeRegion,image2Alt,18,18,1.000000
AdministrativeRegion,mayortitle,18,134,0.134328
AdministrativeRegion,num,18,18,1.000000
AdministrativeRegion,octSnowInch,18,54,0.333333
AdministrativeRegion,minus,18,18,1.000000
AdministrativeRegion,rock,18,22,0.818182
AdministrativeRegion,route,18,18,1.000000
AdministrativeRegion,stdheb,18,18,1.000000
AdministrativeRegion,supporters,18,18,1.000000
AdministrativeRegion,system,18,199,0.090452
AdministrativeRegion,unitPref,18,11597,0.001552
Person,winsAtAsia,17,29,0.586207
Person,album2Releasedate,17,17,1.000000
Person,albumspan,17,73,0.232877
Person,arcaWestPoles,17,273,0.062271
Person,arcaWestWins,17,273,0.062271
Person,auswins,17,236,0.072034
Person,award1n,17,62,0.274194
Person,book,17,31,0.548387
Person,books,17,17,1.000000
Person,bsbFastestLaps,17,32,0.531250
Person,careerHighlight,17,18,0.944444
Person,certyear,17,38,0.447368
Person,conducted,17,17,1.000000
Person,cup2Result,17,30,0.566667
Person,doi,17,195,0.087179
Person,finalResult,17,46,0.369565
Person,firstChampRace,17,23,0.739130
Person,formerClaTeams,17,21,0.809524
Person,freeText,17,18,0.944444
Person,health,17,18,0.944444
Person,healthEnd,17,17,1.000000
Person,hqLocationCity,17,18,0.944444
Person,labor,17,18,0.944444
Person,laborEnd,17,17,1.000000
Person,languages,17,41,0.414634
Person,lastCanadaRace,17,49,0.346939
Person,lemma,17,17,1.000000
Person,listVotes,17,17,1.000000
Person,locmapin,17,22,0.772727
Person,loss,17,374,0.045455
Person,missPhilippinesAir,17,18,0.944444
Person,missPhilippinesFire,17,19,0.894737
Person,motherTongue,17,19,0.894737
Person,nonus,17,442,0.038462
Person,pacificChampionshipAppearances,17,198,0.085859
Person,photos,17,35,0.485714
Person,post6years,17,19,0.894737
Person,provider,17,24,0.708333
Person,psaId,17,17,1.000000
Person,ruTeame,17,19,0.894737
Person,saLastSeason,17,33,0.515152
Person,season11GamesPlayed,17,75,0.226667
Person,season15Goals,17,22,0.772727
Person,season16Assists,17,19,0.894737
Person,season16LooseBalls,17,19,0.894737
Person,season1FaceoffsAtt,17,24,0.708333
Person,season1PlayoffShots,17,39,0.435897
Person,season3PlayoffAssists,17,96,0.177083
Person,season7GroundBalls,17,17,1.000000
Person,season7Shots,17,18,0.944444
Person,segegob,17,18,0.944444
Person,series,17,18,0.944444
Person,sgpWin,17,63,0.269841
Person,ssPoles,17,203,0.083744
Person,stat23label,17,1632,0.010417
Person,statseason,17,2822,0.006024
Person,suppressedDate,17,17,1.000000
Person,term1a,17,18,0.944444
Person,titleplace,17,22,0.772727
Person,under,17,29,0.586207
Person,warNavyEnd,17,21,0.809524
Person,warNavyStart,17,21,0.809524
Person,wctitles,17,1382,0.012301
Person,wiktSearch,17,18,0.944444
Person,writers,17,17,1.000000
Person,yearsInIrl,17,32,0.531250
Person,zoom,17,58,0.293103
Species,winsAtAsia,17,29,0.586207
Species,album2Releasedate,17,17,1.000000
Species,albumspan,17,73,0.232877
Species,arcaWestPoles,17,273,0.062271
Species,arcaWestWins,17,273,0.062271
Species,auswins,17,236,0.072034
Species,award1n,17,62,0.274194
Species,book,17,31,0.548387
Species,books,17,17,1.000000
Species,bsbFastestLaps,17,32,0.531250
Species,careerHighlight,17,18,0.944444
Species,certyear,17,38,0.447368
Species,classisAuthority,17,22,0.772727
Species,conducted,17,17,1.000000
Species,cup2Result,17,30,0.566667
Species,doi,17,195,0.087179
Species,finalResult,17,46,0.369565
Species,firstChampRace,17,23,0.739130
Species,formerClaTeams,17,21,0.809524
Species,freeText,17,18,0.944444
Species,health,17,18,0.944444
Species,healthEnd,17,17,1.000000
Species,hqLocationCity,17,18,0.944444
Species,labor,17,18,0.944444
Species,laborEnd,17,17,1.000000
Species,languages,17,41,0.414634
Species,lastCanadaRace,17,49,0.346939
Species,lemma,17,17,1.000000
Species,listVotes,17,17,1.000000
Species,locmapin,17,22,0.772727
Species,loss,17,374,0.045455
Species,missPhilippinesAir,17,18,0.944444
Species,missPhilippinesFire,17,19,0.894737
Species,motherTongue,17,19,0.894737
Species,nonus,17,442,0.038462
Species,pacificChampionshipAppearances,17,198,0.085859
Species,photos,17,35,0.485714
Species,post6years,17,19,0.894737
Species,provider,17,24,0.708333
Species,psaId,17,17,1.000000
Species,ruTeame,17,19,0.894737
Species,saLastSeason,17,33,0.515152
Species,season11GamesPlayed,17,75,0.226667
Species,season15Goals,17,22,0.772727
Species,season16Assists,17,19,0.894737
Species,season16LooseBalls,17,19,0.894737
Species,season1FaceoffsAtt,17,24,0.708333
Species,season1PlayoffShots,17,39,0.435897
Species,season3PlayoffAssists,17,96,0.177083
Species,season7GroundBalls,17,17,1.000000
Species,season7Shots,17,18,0.944444
Species,segegob,17,18,0.944444
Species,series,17,18,0.944444
Species,sgpWin,17,63,0.269841
Species,ssPoles,17,203,0.083744
Species,stat23label,17,1632,0.010417
Species,statseason,17,2822,0.006024
Species,suppressedDate,17,17,1.000000
Species,term1a,17,18,0.944444
Species,titleplace,17,22,0.772727
Species,under,17,29,0.586207
Species,warNavyEnd,17,21,0.809524
Species,warNavyStart,17,21,0.809524
Species,wctitles,17,1382,0.012301
Species,wiktSearch,17,18,0.944444
Species,writers,17,17,1.000000
Species,yearsInIrl,17,32,0.531250
Species,zoom,17,58,0.293103
Star,c,17,20,0.850000
Galaxy,ic,17,17,1.000000
Galaxy,massLightRatio,17,17,1.000000
Galaxy,references,17,30,0.566667
AdministrativeRegion,width,17,18,0.944444
AdministrativeRegion,abparty,17,212,0.080189
AdministrativeRegion,areaCouncilRank,17,20,0.850000
AdministrativeRegion,areaDunam,17,17,1.000000
AdministrativeRegion,article,17,19,0.894737
AdministrativeRegion,assistantBishops,17,17,1.000000
AdministrativeRegion,auditor,17,17,1.000000
AdministrativeRegion,judicialVicar,17,17,1.000000
AdministrativeRegion,julSnowDays,17,1525,0.011148
AdministrativeRegion,latDeg,17,27,0.629630
AdministrativeRegion,leader2Type,17,115,0.147826
AdministrativeRegion,terminusA,17,17,1.000000
AdministrativeRegion,terminusB,17,17,1.000000
AdministrativeRegion,yearAdopted,17,18,0.944444
Person,draftLeague,16,1643,0.009738
Person,shoots,16,17226,0.000929
Person,250ActiveYears,16,78,0.205128
Person,3ps,16,16,1.000000
Person,500Manufacturers,16,35,0.457143
Person,8y,16,18,0.888889
Person,allstars,16,578,0.027682
Person,amLabel,16,38,0.421053
Person,arcaPoles,16,570,0.028070
Person,arcaWins,16,570,0.028070
Person,architect,16,16,1.000000
Person,bsbLastSeason,16,34,0.470588
Person,bsbPoles,16,34,0.470588
Person,campaign,16,34,0.470588
Person,cfldraftedround,16,770,0.020779
Person,citations,16,18,0.888889
Person,clprovince,16,207,0.077295
Person,coachteamd,16,24,0.666667
Person,coachwinsc,16,42,0.380952
Person,debut4team,16,19,0.842105
Person,float,16,2832,0.005650
Person,hoftype,16,823,0.019441
Person,icprovince,16,1014,0.015779
Person,imageTop,16,21,0.761905
Person,irlPodiums,16,32,0.500000
Person,klpgawins,16,57,0.280702
Person,lastUpdated,16,22,0.727273
Person,mediaType,16,38,0.421053
Person,minister1Party,16,18,0.888889
Person,missPhilippinesEcoTourism,16,20,0.800000
Person,missPhilippinesWater,16,20,0.800000
Person,name2a,16,18,0.888889
Person,nationalUpdate,16,20,0.800000
Person,navyEnd,16,16,1.000000
Person,navyStart,16,16,1.000000
Person,objno,16,16,1.000000
Person,on3Overall,16,20,0.800000
Person,orgName,16,16,1.000000
Person,peak4a,16,18,0.888889
Person,pretendFrom,16,17,0.941176
Person,publishers,16,18,0.888889
Person,racingBest,16,35,0.457143
Person,rd1Seed,16,43,0.372093
Person,refereeyear3start,16,20,0.800000
Person,repealingLegislation,16,43,0.372093
Person,sdDate,16,215,0.074419
Person,season10GamesPlayed,16,81,0.197531
Person,season12GamesPlayed,16,61,0.262295
Person,season13GamesPlayed,16,54,0.296296
Person,season14TeamLink,16,44,0.363636
Person,season17Assists,16,16,1.000000
Person,season17LooseBalls,16,16,1.000000
Person,season2PlayoffPenaltyMinutes,16,61,0.262295
Person,season3PlayoffPenaltyMinutes,16,61,0.262295
Person,season4PlayoffGoals,16,85,0.188235
Person,season8GamesPlayed,16,105,0.152381
Person,socialdev,16,16,1.000000
Person,socialdevStart,16,16,1.000000
Person,ssFastestLaps,16,202,0.079208
Person,stat2league,16,1642,0.009744
Person,stat41value,16,23,0.695652
Person,supranational,16,42,0.380952
Person,term2a,16,18,0.888889
Person,term3a,16,17,0.941176
Person,term4a,16,17,0.941176
Person,timeBegin,16,17,0.941176
Person,umpt20debutyr,16,42,0.380952
Person,umpwt20ilastyr,16,164,0.097561
Person,usopenmixedresult,16,779,0.020539
Person,womensworldchampion,16,16,1.000000
Person,worldopenresult,16,71,0.225352
Species,draftLeague,16,1643,0.009738
Species,shoots,16,17226,0.000929
Species,250ActiveYears,16,78,0.205128
Species,3ps,16,16,1.000000
Species,500Manufacturers,16,35,0.457143
Species,8y,16,18,0.888889
Species,allstars,16,578,0.027682
Species,amLabel,16,38,0.421053
Species,arcaPoles,16,570,0.028070
Species,arcaWins,16,570,0.028070
Species,architect,16,16,1.000000
Species,breed,16,152,0.105263
Species,bsbLastSeason,16,34,0.470588
Species,bsbPoles,16,34,0.470588
Species,campaign,16,34,0.470588
Species,cfldraftedround,16,770,0.020779
Species,citations,16,18,0.888889
Species,clprovince,16,207,0.077295
Species,coachteamd,16,24,0.666667
Species,coachwinsc,16,42,0.380952
Species,debut4team,16,19,0.842105
Species,float,16,2838,0.005638
Species,hoftype,16,823,0.019441
Species,icprovince,16,1014,0.015779
Species,imageTop,16,22,0.727273
Species,irlPodiums,16,32,0.500000
Species,klpgawins,16,57,0.280702
Species,lastUpdated,16,22,0.727273
Species,mediaType,16,38,0.421053
Species,minister1Party,16,18,0.888889
Species,missPhilippinesEcoTourism,16,20,0.800000
Species,missPhilippinesWater,16,20,0.800000
Species,name2a,16,18,0.888889
Species,nationalUpdate,16,20,0.800000
Species,navyEnd,16,16,1.000000
Species,navyStart,16,16,1.000000
Species,objno,16,16,1.000000
Species,on3Overall,16,20,0.800000
Species,orgName,16,16,1.000000
Species,peak4a,16,18,0.888889
Species,pretendFrom,16,17,0.941176
Species,publishers,16,18,0.888889
Species,racingBest,16,35,0.457143
Species,rd1Seed,16,43,0.372093
Species,refereeyear3start,16,20,0.800000
Species,repealingLegislation,16,43,0.372093
Species,sdDate,16,215,0.074419
Species,season10GamesPlayed,16,81,0.197531
Species,season12GamesPlayed,16,61,0.262295
Species,season13GamesPlayed,16,54,0.296296
Species,season14TeamLink,16,44,0.363636
Species,season17Assists,16,16,1.000000
Species,season17LooseBalls,16,16,1.000000
Species,season2PlayoffPenaltyMinutes,16,61,0.262295
Species,season3PlayoffPenaltyMinutes,16,61,0.262295
Species,season4PlayoffGoals,16,85,0.188235
Species,season8GamesPlayed,16,105,0.152381
Species,showflag,16,111,0.144144
Species,socialdev,16,16,1.000000
Species,socialdevStart,16,16,1.000000
Species,ssFastestLaps,16,202,0.079208
Species,stat2league,16,1642,0.009744
Species,stat41value,16,23,0.695652
Species,supranational,16,42,0.380952
Species,term2a,16,18,0.888889
Species,term3a,16,17,0.941176
Species,term4a,16,17,0.941176
Species,timeBegin,16,17,0.941176
Species,umpt20debutyr,16,42,0.380952
Species,umpwt20ilastyr,16,164,0.097561
Species,usopenmixedresult,16,779,0.020539
Species,womensworldchampion,16,16,1.000000
Species,worldopenresult,16,71,0.225352
Species,wuu,16,16,1.000000
Star,image,16,16,1.000000
AdministrativeRegion,areaRural,16,16,1.000000
AdministrativeRegion,cityType,16,656,0.024390
AdministrativeRegion,areaFootnotes,16,87,0.183908
AdministrativeRegion,coatSize,16,339,0.047198
AdministrativeRegion,imageS,16,52,0.307692
AdministrativeRegion,iucnCategory,16,1127,0.014197
AdministrativeRegion,periph,16,2908,0.005502
AdministrativeRegion,prevName1Date,16,17,0.941176
AdministrativeRegion,sealAlt,16,16,1.000000
AdministrativeRegion,seat1Type,16,216,0.074074
AdministrativeRegion,soil,16,16,1.000000
AdministrativeRegion,subdivisions,16,19,0.842105
Person,125Poles,15,204,0.073529
Person,250LastSeason,15,80,0.187500
Person,250RaceWins,15,113,0.132743
Person,2optionName,15,30,0.500000
Person,500TotalPoints,15,17,0.882353
Person,ahcYear,15,19,0.789474
Person,album1Label,15,15,1.000000
Person,allLyrics,15,15,1.000000
Person,altdate,15,15,1.000000
Person,amateurTitle,15,129,0.116279
Person,anchorYear,15,21,0.714286
Person,armiger,15,15,1.000000
Person,assocCoach,15,19,0.789474
Person,athleticDirector,15,17,0.882353
Person,award2n,15,59,0.254237
Person,bestChampPos,15,22,0.681818
Person,coachlossesb,15,97,0.154639
Person,coachyear6end,15,18,0.833333
Person,coachyear7start,15,19,0.789474
Person,convTopTens,15,26,0.576923
Person,coverArtist,15,15,1.000000
Person,csn,15,15,1.000000
Person,dateOfDeath,15,15,1.000000
Person,deathstyle,15,320,0.046875
Person,defenseStart,15,15,1.000000
Person,earth,15,24,0.625000
Person,editor,15,31,0.483871
Person,established,15,16,0.937500
Person,eventsInYellow,15,24,0.625000
Person,fate,15,17,0.882353
Person,firstCanadaWin,15,23,0.652174
Person,formation,15,16,0.937500
Person,grandInternational,15,32,0.468750
Person,hanjastage,15,15,1.000000
Person,headercss,15,23,0.652174
Person,home,15,15,1.000000
Person,kickboxDraw,15,673,0.022288
Person,lastChampRace,15,23,0.652174
Person,leagueType,15,34,0.441176
Person,majorityVotes,15,15,1.000000
Person,mllDraftTeam,15,45,0.333333
Person,moto2FastestLaps,15,246,0.060976
Person,moto2LastSeason,15,224,0.066964
Person,name3a,15,15,1.000000
Person,name4a,15,16,0.937500
Person,olympicsYear,15,110,0.136364
Person,parenthood,15,16,0.937500
Person,patron,15,16,0.937500
Person,placeOfDeath,15,17,0.882353
Person,played,15,15,1.000000
Person,playlist,15,15,1.000000
Person,pointsf,15,75,0.200000
Person,prevCanadaYear,15,51,0.294118
Person,ruTeamf,15,15,1.000000
Person,saLastPosition,15,33,0.454545
Person,season12PlayoffLooseBalls,15,35,0.428571
Person,season15PenaltyMinutes,15,25,0.600000
Person,season15Year,15,29,0.517241
Person,season3PlayoffShots,15,34,0.441176
Person,season4PlayoffShots,15,26,0.576923
Person,season5PlayoffGoals,15,84,0.178571
Person,season5PlayoffPenaltyMinutes,15,55,0.272727
Person,season6PlayoffGoals,15,75,0.200000
Person,seniorsMatchplay,15,26,0.576923
Person,sex,15,929,0.016146
Person,sgpPodium,15,24,0.625000
Person,showflag,15,109,0.137615
Person,sl,15,15,1.000000
Person,socialdevEnd,15,15,1.000000
Person,ss300LastPosition,15,26,0.576923
Person,stat21label,15,1640,0.009146
Person,stat25value,15,15,1.000000
Person,timeEnd,15,17,0.882353
Person,titel,15,15,1.000000
Person,titleBg,15,41,0.365854
Person,usc,15,15,1.000000
Person,verfasser,15,17,0.882353
Person,worldsmedals,15,597,0.025126
Person,wsopBraceletCount,15,731,0.020520
Person,wuu,15,15,1.000000
Species,conservationStatus,15,247,0.060729
Species,125Poles,15,204,0.073529
Species,250LastSeason,15,80,0.187500
Species,250RaceWins,15,113,0.132743
Species,2optionName,15,30,0.500000
Species,500TotalPoints,15,17,0.882353
Species,ahcYear,15,19,0.789474
Species,album1Label,15,15,1.000000
Species,allLyrics,15,15,1.000000
Species,altdate,15,15,1.000000
Species,amateurTitle,15,129,0.116279
Species,anchorYear,15,21,0.714286
Species,armiger,15,15,1.000000
Species,assocCoach,15,19,0.789474
Species,athleticDirector,15,17,0.882353
Species,award2n,15,59,0.254237
Species,bestChampPos,15,22,0.681818
Species,coachlossesb,15,97,0.154639
Species,coachyear6end,15,18,0.833333
Species,coachyear7start,15,19,0.789474
Species,convTopTens,15,26,0.576923
Species,coverArtist,15,15,1.000000
Species,csn,15,15,1.000000
Species,dateOfDeath,15,15,1.000000
Species,deathstyle,15,320,0.046875
Species,defenseStart,15,15,1.000000
Species,earth,15,24,0.625000
Species,editor,15,31,0.483871
Species,established,15,16,0.937500
Species,eventsInYellow,15,24,0.625000
Species,fate,15,17,0.882353
Species,firstCanadaWin,15,23,0.652174
Species,foaledPlace,15,18,0.833333
Species,formation,15,16,0.937500
Species,grandInternational,15,32,0.468750
Species,hanjastage,15,15,1.000000
Species,headercss,15,23,0.652174
Species,home,15,15,1.000000
Species,kickboxDraw,15,673,0.022288
Species,lastChampRace,15,23,0.652174
Species,leagueType,15,34,0.441176
Species,luteinUg,15,16,0.937500
Species,majorityVotes,15,15,1.000000
Species,mllDraftTeam,15,45,0.333333
Species,moto2FastestLaps,15,246,0.060976
Species,moto2LastSeason,15,224,0.066964
Species,name3a,15,15,1.000000
Species,name4a,15,16,0.937500
Species,olympicsYear,15,110,0.136364
Species,parenthood,15,16,0.937500
Species,patron,15,16,0.937500
Species,placeOfDeath,15,17,0.882353
Species,played,15,15,1.000000
Species,playlist,15,15,1.000000
Species,pointsf,15,75,0.200000
Species,prevCanadaYear,15,51,0.294118
Species,ruTeamf,15,15,1.000000
Species,saLastPosition,15,33,0.454545
Species,season12PlayoffLooseBalls,15,35,0.428571
Species,season15PenaltyMinutes,15,25,0.600000
Species,season15Year,15,29,0.517241
Species,season3PlayoffShots,15,34,0.441176
Species,season4PlayoffShots,15,26,0.576923
Species,season5PlayoffGoals,15,84,0.178571
Species,season5PlayoffPenaltyMinutes,15,55,0.272727
Species,season6PlayoffGoals,15,75,0.200000
Species,seniorsMatchplay,15,26,0.576923
Species,sgpPodium,15,24,0.625000
Species,sl,15,15,1.000000
Species,socialdevEnd,15,15,1.000000
Species,ss300LastPosition,15,26,0.576923
Species,stat21label,15,1640,0.009146
Species,stat25value,15,15,1.000000
Species,subphylum,15,159,0.094340
Species,timeEnd,15,17,0.882353
Species,titel,15,15,1.000000
Species,titleBg,15,41,0.365854
Species,usc,15,15,1.000000
Species,verfasser,15,17,0.882353
Species,worldsmedals,15,597,0.025126
Species,wsopBraceletCount,15,731,0.020520
Star,angdist,15,15,1.000000
Galaxy,magK,15,15,1.000000
ChemicalCompound,pages,15,16,0.937500
AdministrativeRegion,blank3Name,15,40,0.375000
AdministrativeRegion,blank6NameSec,15,29,0.517241
AdministrativeRegion,chapter,15,26,0.576923
AdministrativeRegion,countryAdminDivisions,15,16,0.937500
AdministrativeRegion,day,15,15,1.000000
AdministrativeRegion,elevationFootnotes,15,77,0.194805
AdministrativeRegion,employees,15,15,1.000000
AdministrativeRegion,febDewPointF,15,15,1.000000
AdministrativeRegion,janDewPointF,15,15,1.000000
AdministrativeRegion,julDewPointF,15,15,1.000000
AdministrativeRegion,labelPos,15,76,0.197368
AdministrativeRegion,lat,15,15,1.000000
AdministrativeRegion,latMin,15,21,0.714286
AdministrativeRegion,lit,15,24,0.625000
AdministrativeRegion,nextElection,15,73,0.205479
AdministrativeRegion,nkp,15,427,0.035129
AdministrativeRegion,octDewPointF,15,15,1.000000
AdministrativeRegion,other,15,27,0.555556
AdministrativeRegion,partsStyle,15,3492,0.004296
AdministrativeRegion,patch,15,15,1.000000
AdministrativeRegion,sepDewPointF,15,15,1.000000
AdministrativeRegion,sworn,15,16,0.937500
AdministrativeRegion,urbanTypeSettlementOfDistrictSignificanceType,15,406,0.036946
Person,winsAtOtherTournaments,14,14,1.000000
Person,1option,14,35,0.400000
Person,250FastestLaps,14,113,0.123894
Person,2option,14,23,0.608696
Person,album3Releasedate,14,14,1.000000
Person,allMusic,14,14,1.000000
Person,architecture,14,15,0.933333
Person,art,14,572,0.024476
Person,bcsbowl,14,158,0.088608
Person,bestGneastPos,14,17,0.823529
Person,build,14,14,1.000000
Person,burialCoordinates,14,14,1.000000
Person,canadaPoles,14,75,0.186667
Person,cflstatseason,14,52,0.269231
Person,coachingrecords,14,15,0.933333
Person,contentstyle,14,32,0.437500
Person,cup3Result,14,22,0.636364
Person,currenttours(currentpoints),14,22,0.636364
Person,debut4year,14,19,0.736842
Person,defense,14,14,1.000000
Person,defenseEnd,14,14,1.000000
Person,draftRoundPba,14,449,0.031180
Person,drivers,14,14,1.000000
Person,fontcolor,14,37,0.378378
Person,formerCoach,14,15,0.933333
Person,from,14,14,1.000000
Person,goalse,14,179,0.078212
Person,goldButton,14,574,0.024390
Person,headerstyle,14,32,0.437500
Person,heightin,14,924,0.015152
Person,heirType,14,222,0.063063
Person,host,14,14,1.000000
Person,internationalyears,14,15,0.933333
Person,kunrei,14,14,1.000000
Person,leagueCoach,14,32,0.437500
Person,legend,14,5532,0.002531
Person,logoAlt,14,14,1.000000
Person,majorityPercent,14,14,1.000000
Person,marker,14,14,1.000000
Person,memberAssociation,14,40,0.350000
Person,minister3Termstart,14,14,1.000000
Person,moto2Poles,14,250,0.056000
Person,moto2RaceWins,14,249,0.056225
Person,moto3LastSeason,14,184,0.076087
Person,moto3RaceWins,14,188,0.074468
Person,nationalgamesGoals,14,184,0.076087
Person,nc,14,1109,0.012624
Person,nominee,14,14,1.000000
Person,olympicsdoublesresult,14,459,0.030501
Person,pointsg,14,39,0.358974
Person,positionplain,14,35,0.400000
Person,postEnd,14,14,1.000000
Person,postStart,14,14,1.000000
Person,rd1Score,14,42,0.333333
Person,repealDate,14,36,0.388889
Person,revhep,14,14,1.000000
Person,rtc,14,14,1.000000
Person,runningmate,14,14,1.000000
Person,season10PlayoffAssists,14,34,0.411765
Person,season14GamesPlayed,14,44,0.318182
Person,season1FaceoffsWon,14,22,0.636364
Person,season1PlayoffGroundBalls,14,36,0.388889
Person,season2FaceoffsAtt,14,24,0.583333
Person,season2PlayoffAssists,14,78,0.179487
Person,season3PlayoffGoals,14,95,0.147368
Person,season4PlayoffGamesPlayed,14,124,0.112903
Person,season4PlayoffPenaltyMinutes,14,56,0.250000
Person,season5PlayoffGamesPlayed,14,115,0.121739
Person,season5PlayoffShots,14,25,0.560000
Person,season7PlayoffAssists,14,63,0.222222
Person,side,14,18,0.777778
Person,silverButton,14,714,0.019608
Person,stat7label,14,56,0.250000
Person,suz,14,14,1.000000
Person,totalGneastRaces,14,26,0.538462
Person,uniformNumber,14,17,0.823529
Person,vicePresidentEnd,14,14,1.000000
Person,vicePresidentStart,14,14,1.000000
Person,wptFinalTables,14,453,0.030905
Person,year12end,14,30,0.466667
Person,yearspan,14,69,0.202899
Species,winsAtOtherTournaments,14,14,1.000000
Species,1option,14,35,0.400000
Species,250FastestLaps,14,113,0.123894
Species,2option,14,23,0.608696
Species,album3Releasedate,14,14,1.000000
Species,allMusic,14,14,1.000000
Species,architecture,14,15,0.933333
Species,art,14,572,0.024476
Species,bcsbowl,14,158,0.088608
Species,bestGneastPos,14,17,0.823529
Species,build,14,14,1.000000
Species,burialCoordinates,14,14,1.000000
Species,canadaPoles,14,75,0.186667
Species,cflstatseason,14,52,0.269231
Species,coachingrecords,14,15,0.933333
Species,contentstyle,14,32,0.437500
Species,cup3Result,14,22,0.636364
Species,currenttours(currentpoints),14,22,0.636364
Species,debut4year,14,19,0.736842
Species,defense,14,14,1.000000
Species,defenseEnd,14,14,1.000000
Species,draftRoundPba,14,449,0.031180
Species,drivers,14,14,1.000000
Species,fontcolor,14,37,0.378378
Species,formerCoach,14,15,0.933333
Species,goalse,14,179,0.078212
Species,goldButton,14,574,0.024390
Species,headerstyle,14,32,0.437500
Species,heightin,14,924,0.015152
Species,heirType,14,222,0.063063
Species,host,14,14,1.000000
Species,internationalyears,14,15,0.933333
Species,kunrei,14,14,1.000000
Species,leagueCoach,14,32,0.437500
Species,legend,14,5532,0.002531
Species,logoAlt,14,14,1.000000
Species,majorityPercent,14,14,1.000000
Species,marker,14,14,1.000000
Species,memberAssociation,14,40,0.350000
Species,minister3Termstart,14,14,1.000000
Species,moto2Poles,14,250,0.056000
Species,moto2RaceWins,14,249,0.056225
Species,moto3LastSeason,14,184,0.076087
Species,moto3RaceWins,14,188,0.074468
Species,nationalgamesGoals,14,184,0.076087
Species,nc,14,1109,0.012624
Species,nominee,14,14,1.000000
Species,olympicsdoublesresult,14,459,0.030501
Species,pointsg,14,39,0.358974
Species,positionplain,14,35,0.400000
Species,postEnd,14,14,1.000000
Species,postStart,14,14,1.000000
Species,rd1Score,14,42,0.333333
Species,repealDate,14,36,0.388889
Species,revhep,14,14,1.000000
Species,rtc,14,14,1.000000
Species,runningmate,14,14,1.000000
Species,season10PlayoffAssists,14,34,0.411765
Species,season14GamesPlayed,14,44,0.318182
Species,season1FaceoffsWon,14,22,0.636364
Species,season1PlayoffGroundBalls,14,36,0.388889
Species,season2FaceoffsAtt,14,24,0.583333
Species,season2PlayoffAssists,14,78,0.179487
Species,season3PlayoffGoals,14,95,0.147368
Species,season4PlayoffGamesPlayed,14,124,0.112903
Species,season4PlayoffPenaltyMinutes,14,56,0.250000
Species,season5PlayoffGamesPlayed,14,115,0.121739
Species,season5PlayoffShots,14,25,0.560000
Species,season7PlayoffAssists,14,63,0.222222
Species,side,14,18,0.777778
Species,silverButton,14,714,0.019608
Species,stat7label,14,56,0.250000
Species,suz,14,14,1.000000
Species,totalGneastRaces,14,26,0.538462
Species,uniformNumber,14,17,0.823529
Species,unrankedOrdo,14,132,0.106061
Species,vicePresidentEnd,14,14,1.000000
Species,vicePresidentStart,14,14,1.000000
Species,wptFinalTables,14,453,0.030905
Species,year12end,14,30,0.466667
Species,yearspan,14,69,0.202899
Star,galLat,14,14,1.000000
Star,galLon,14,14,1.000000
Star,radiusKm,14,14,1.000000
Galaxy,imageSize,14,416,0.033654
Galaxy,stars,14,18,0.777778
ChemicalCompound,tradename,14,14,1.000000
ChemicalCompound,volume,14,20,0.700000
ChemicalCompound,wikt,14,25,0.560000
ChemicalCompound,year,14,17,0.823529
AdministrativeRegion,areaRuralKm,14,14,1.000000
AdministrativeRegion,areaTotalAcre,14,15,0.933333
AdministrativeRegion,augDewPointF,14,15,0.933333
AdministrativeRegion,cand,14,14,1.000000
AdministrativeRegion,candidates,14,18,0.777778
AdministrativeRegion,colwidth,14,139,0.100719
AdministrativeRegion,dataMax,14,30,0.466667
AdministrativeRegion,demoCensusDate,14,1152,0.012153
AdministrativeRegion,designation1Date,14,15,0.933333
AdministrativeRegion,in,14,14,1.000000
AdministrativeRegion,junDewPointF,14,15,0.933333
AdministrativeRegion,legend1title,14,14,1.000000
AdministrativeRegion,long,14,14,1.000000
AdministrativeRegion,lonMin,14,21,0.666667
AdministrativeRegion,marDewPointF,14,15,0.933333
AdministrativeRegion,markSize,14,25,0.560000
AdministrativeRegion,mayDewPointF,14,15,0.933333
AdministrativeRegion,mineral,14,16,0.875000
AdministrativeRegion,novDewPointF,14,15,0.933333
AdministrativeRegion,officiallang,14,48,0.291667
AdministrativeRegion,shieldLink,14,15,0.933333
AdministrativeRegion,totalType,14,907,0.015436
AdministrativeRegion,unitname,14,17,0.823529
AdministrativeRegion,yearDewPointF,14,14,1.000000
Person,characterInPlay,13,13,1.000000
Person,125RaceWins,13,204,0.063725
Person,250Manufacturers,13,158,0.082278
Person,250Poles,13,113,0.115044
Person,500RaceStarts,13,17,0.764706
Person,agriculture,13,13,1.000000
Person,al,13,56,0.232143
Person,alternative,13,20,0.650000
Person,boxKoloss,13,195,0.066667
Person,bSearch,13,13,1.000000
Person,buc,13,13,1.000000
Person,candidate2Party,13,224,0.058036
Person,candidate3Party,13,47,0.276596
Person,cbasehofYear,13,26,0.500000
Person,championsLeague,13,14,0.928571
Person,coachwinsb,13,97,0.134021
Person,comments,13,13,1.000000
Person,connectedmembers,13,13,1.000000
Person,cup1Result,13,31,0.419355
Person,custom,13,13,1.000000
Person,defunct,13,13,1.000000
Person,designation1Offname,13,13,1.000000
Person,ep,13,130,0.100000
Person,gneastTopTens,13,26,0.500000
Person,goalscorer,13,13,1.000000
Person,ia,13,26,0.500000
Person,illustrator,13,15,0.866667
Person,ipct,13,16,0.812500
Person,irlPoles,13,32,0.406250
Person,isfachampion,13,16,0.812500
Person,lasttestagainst,13,3061,0.004247
Person,mixedtitles,13,221,0.058824
Person,mmaDraw,13,728,0.017857
Person,moto3Poles,13,188,0.069149
Person,option,13,56,0.232143
Person,paralympicsdoublesresult,13,77,0.168831
Person,paralympicsresult,13,83,0.156627
Person,peak5a,13,14,0.928571
Person,platforms,13,15,0.866667
Person,polyNotes,13,13,1.000000
Person,postText,13,14,0.928571
Person,premiere,13,13,1.000000
Person,premierLink,13,46,0.282609
Person,quota,13,13,1.000000
Person,rabbi,13,15,0.866667
Person,reachCm,13,20,0.650000
Person,refereeyear4start,13,14,0.928571
Person,rev1score,13,16,0.812500
Person,ruCoachyear2start,13,14,0.928571
Person,ruYear6start,13,15,0.866667
Person,season14PlayoffLooseBalls,13,23,0.565217
Person,season15GamesPlayed,13,30,0.433333
Person,season15PlayoffLooseBalls,13,18,0.722222
Person,season15TeamLink,13,30,0.433333
Person,season16Goals,13,18,0.722222
Person,season16PenaltyMinutes,13,18,0.722222
Person,season1GoalsAgainst,13,13,1.000000
Person,season1PlayoffGamesPlayed,13,118,0.110169
Person,season1Saves,13,13,1.000000
Person,season2FaceoffsWon,13,19,0.684211
Person,season2Minutes,13,13,1.000000
Person,season2PlayoffGamesPlayed,13,116,0.112069
Person,season2PlayoffGoals,13,77,0.168831
Person,season2Saves,13,13,1.000000
Person,season7PlayoffPenaltyMinutes,13,39,0.333333
Person,seneurowins,13,167,0.077844
Person,serviceLabel,13,33,0.393939
Person,ss300Podiums,13,26,0.500000
Person,stateLegislature,13,217,0.059908
Person,suspended,13,13,1.000000
Person,tailNumber,13,15,0.866667
Person,testdebutagainst,13,3675,0.003537
Person,uid,13,13,1.000000
Person,weightClassType,13,19,0.684211
Person,wimbledonmixedresult,13,1440,0.009028
Person,year13start,13,31,0.419355
Species,characterInPlay,13,13,1.000000
Species,125RaceWins,13,204,0.063725
Species,250Manufacturers,13,158,0.082278
Species,250Poles,13,113,0.115044
Species,500RaceStarts,13,17,0.764706
Species,agriculture,13,13,1.000000
Species,al,13,56,0.232143
Species,alternative,13,20,0.650000
Species,boxKoloss,13,195,0.066667
Species,bSearch,13,13,1.000000
Species,buc,13,13,1.000000
Species,candidate2Party,13,224,0.058036
Species,candidate3Party,13,47,0.276596
Species,cbasehofYear,13,26,0.500000
Species,championsLeague,13,14,0.928571
Species,coachwinsb,13,97,0.134021
Species,comments,13,13,1.000000
Species,connectedmembers,13,13,1.000000
Species,cup1Result,13,31,0.419355
Species,custom,13,13,1.000000
Species,defunct,13,13,1.000000
Species,designation1Offname,13,13,1.000000
Species,diversity,13,21,0.619048
Species,ep,13,130,0.100000
Species,gneastTopTens,13,26,0.500000
Species,goalscorer,13,13,1.000000
Species,ia,13,26,0.500000
Species,illustrator,13,15,0.866667
Species,ipct,13,16,0.812500
Species,irlPoles,13,32,0.406250
Species,isfachampion,13,16,0.812500
Species,lasttestagainst,13,3061,0.004247
Species,lat9Deg,13,15,0.866667
Species,lon9Deg,13,15,0.866667
Species,mixedtitles,13,221,0.058824
Species,mmaDraw,13,728,0.017857
Species,moto3Poles,13,188,0.069149
Species,option,13,56,0.232143
Species,paralympicsdoublesresult,13,77,0.168831
Species,paralympicsresult,13,83,0.156627
Species,peak5a,13,14,0.928571
Species,platforms,13,15,0.866667
Species,polyNotes,13,13,1.000000
Species,postText,13,14,0.928571
Species,premiere,13,13,1.000000
Species,premierLink,13,46,0.282609
Species,quota,13,13,1.000000
Species,rabbi,13,15,0.866667
Species,reachCm,13,20,0.650000
Species,refereeyear4start,13,14,0.928571
Species,regnum,13,12940,0.001005
Species,rev1score,13,16,0.812500
Species,ruCoachyear2start,13,14,0.928571
Species,ruYear6start,13,15,0.866667
Species,season14PlayoffLooseBalls,13,23,0.565217
Species,season15GamesPlayed,13,30,0.433333
Species,season15PlayoffLooseBalls,13,18,0.722222
Species,season15TeamLink,13,30,0.433333
Species,season16Goals,13,18,0.722222
Species,season16PenaltyMinutes,13,18,0.722222
Species,season1GoalsAgainst,13,13,1.000000
Species,season1PlayoffGamesPlayed,13,118,0.110169
Species,season1Saves,13,13,1.000000
Species,season2FaceoffsWon,13,19,0.684211
Species,season2Minutes,13,13,1.000000
Species,season2PlayoffGamesPlayed,13,116,0.112069
Species,season2PlayoffGoals,13,77,0.168831
Species,season2Saves,13,13,1.000000
Species,season7PlayoffPenaltyMinutes,13,39,0.333333
Species,seneurowins,13,167,0.077844
Species,serviceLabel,13,33,0.393939
Species,ss300Podiums,13,26,0.500000
Species,stateLegislature,13,217,0.059908
Species,subclassisAuthority,13,18,0.722222
Species,suspended,13,13,1.000000
Species,tailNumber,13,15,0.866667
Species,testdebutagainst,13,3675,0.003537
Species,uid,13,13,1.000000
Species,weightClassType,13,19,0.684211
Species,wimbledonmixedresult,13,1440,0.009028
Species,year13start,13,31,0.419355
Star,angdistmas,13,13,1.000000
Star,width,13,22,0.590909
Galaxy,magH,13,13,1.000000
Galaxy,magJ,13,13,1.000000
ChemicalCompound,compound,13,13,1.000000
ChemicalCompound,drugbank,13,13,1.000000
ChemicalCompound,number,13,13,1.000000
AdministrativeRegion,2020densityus,13,13,1.000000
AdministrativeRegion,admCtrType,13,1409,0.009226
AdministrativeRegion,adminParty,13,251,0.051793
AdministrativeRegion,afs,13,310,0.041935
AdministrativeRegion,aprDewPointF,13,15,0.866667
AdministrativeRegion,aprSnowCm,13,13,1.000000
AdministrativeRegion,avholdspartiet,13,46,0.282609
AdministrativeRegion,coadjutor,13,13,1.000000
AdministrativeRegion,coatAlt,13,55,0.236364
AdministrativeRegion,currency,13,16,0.812500
AdministrativeRegion,decSnowCm,13,13,1.000000
AdministrativeRegion,designation,13,23,0.565217
AdministrativeRegion,febSnowCm,13,13,1.000000
AdministrativeRegion,formedyear,13,13,1.000000
AdministrativeRegion,gdp,13,13,1.000000
AdministrativeRegion,houseType,13,104,0.125000
AdministrativeRegion,imageP,13,69,0.188406
AdministrativeRegion,incomePerCapita,13,14,0.928571
AdministrativeRegion,janSnowCm,13,13,1.000000
AdministrativeRegion,largestTown,13,13,1.000000
AdministrativeRegion,lmz,13,13,1.000000
AdministrativeRegion,longTitle,13,13,1.000000
AdministrativeRegion,repterms%23,13,4466,0.002911
AdministrativeRegion,royalAssent,13,13,1.000000
AdministrativeRegion,rte,13,19,0.684211
AdministrativeRegion,slogan,13,13,1.000000
AdministrativeRegion,sosialistiskVenstreparti,13,940,0.013830
AdministrativeRegion,votingSystem,13,50,0.260000
Person,battingSide,12,22898,0.000524
Person,runtime,12,12,1.000000
Person,runtime,12,12,1.000000
Person,agricultureStart,12,12,1.000000
Person,album2Label,12,12,1.000000
Person,appearancesf,12,75,0.160000
Person,arcaEastWins,12,279,0.043011
Person,arenafan,12,12,1.000000
Person,asiawins,12,284,0.042254
Person,award1w,12,62,0.193548
Person,award3w,12,52,0.230769
Person,bot,12,15960,0.000752
Person,cartoonist,12,760,0.015789
Person,cdDate,12,114,0.105263
Person,cflstatus,12,742,0.016173
Person,champPodiums,12,23,0.521739
Person,cinematography,12,13,0.923077
Person,confRecord,12,251,0.047809
Person,coronaTopTens,12,13,0.923077
Person,currentOccupation,12,25,0.480000
Person,dataMax,12,14,0.857143
Person,details,12,12,1.000000
Person,dqLosses,12,538,0.022305
Person,dqWins,12,751,0.015979
Person,economy,12,12,1.000000
Person,economyStart,12,12,1.000000
Person,executiveProducer,12,13,0.923077
Person,expanded,12,26,0.461538
Person,films,12,13,0.923077
Person,findagrave,12,12,1.000000
Person,fr,12,570,0.021053
Person,height(inch),12,43,0.279070
Person,heightweight,12,12,1.000000
Person,hw,12,55,0.218182
Person,i,12,13,0.923077
Person,icallireland,12,1000,0.012000
Person,index,12,228,0.052632
Person,initiationName,12,12,1.000000
Person,lastAired,12,16,0.750000
Person,lastIrlRace,12,22,0.545455
Person,lat9Deg,12,14,0.857143
Person,latSec,12,16,0.750000
Person,ldx,12,12,1.000000
Person,leaderName,12,12,1.000000
Person,level,12,32,0.375000
Person,lon9Deg,12,14,0.857143
Person,madh'hab,12,58,0.206897
Person,moto3FastestLaps,12,188,0.063830
Person,motoePodiums,12,43,0.279070
Person,nationalAssets,12,12,1.000000
Person,nationalAssetsStart,12,12,1.000000
Person,natvar,12,140,0.085714
Person,numEmployees,12,13,0.923077
Person,odDate,12,114,0.105263
Person,officialMaximums,12,80,0.150000
Person,organizationposition,12,13,0.923077
Person,peak1a,12,12,1.000000
Person,posthumous,12,21,0.571429
Person,prep,12,12,1.000000
Person,racingLicence,12,1135,0.010573
Person,rd2Seed,12,33,0.363636
Person,refereeyear4end,12,12,1.000000
Person,rivalsArchiveurl,12,12,1.000000
Person,rows,12,9302,0.001290
Person,ruAmateurcaps,12,12,1.000000
Person,ruCoachteama,12,14,0.857143
Person,ruTriesb,12,116,0.103448
Person,ruYearfstart,12,14,0.857143
Person,season16Year,12,23,0.521739
Person,season17Year,12,20,0.600000
Person,season1Minutes,12,13,0.923077
Person,season1PlayoffAssists,12,80,0.150000
Person,season1PlayoffGoals,12,90,0.133333
Person,season2GoalsAgainst,12,13,0.923077
Person,season2PlayoffShots,12,22,0.545455
Person,season3FaceoffsAtt,12,16,0.750000
Person,season3GoalsAgainst,12,12,1.000000
Person,season3Minutes,12,12,1.000000
Person,season3PlayoffGamesPlayed,12,136,0.088235
Person,season3PlayoffGroundBalls,12,32,0.375000
Person,season3Saves,12,12,1.000000
Person,season4GoalsAgainst,12,12,1.000000
Person,season4Minutes,12,12,1.000000
Person,season4Saves,12,12,1.000000
Person,season5Minutes,12,12,1.000000
Person,season5Saves,12,12,1.000000
Person,season6GoalsAgainst,12,12,1.000000
Person,season6PlayoffGamesPlayed,12,99,0.121212
Person,season6PlayoffShots,12,13,0.923077
Person,season6Saves,12,12,1.000000
Person,season7Minutes,12,12,1.000000
Person,season8PlayoffAssists,12,39,0.307692
Person,season8Team,12,20,0.600000
Person,season9PlayoffAssists,12,51,0.235294
Person,seats1Title,12,16,0.750000
Person,seniorsChampions,12,14,0.857143
Person,showteam,12,37,0.324324
Person,sources,12,12,1.000000
Person,spoilt,12,12,1.000000
Person,suffix,12,95,0.126316
Person,suspects,12,13,0.923077
Person,term3b,12,12,1.000000
Person,term4b,12,12,1.000000
Person,totalCoronaRaces,12,13,0.923077
Person,treasuryDate,12,16,0.750000
Person,viceprimeminister,12,12,1.000000
Person,warNavy,12,18,0.666667
Person,wcoveralls,12,1605,0.007477
Person,worldWheelchairChampionshipAppearances,12,161,0.074534
Person,xej,12,13,0.923077
Person,yearsInArcaEast,12,280,0.042857
Species,battingSide,12,22898,0.000524
Species,runtime,12,12,1.000000
Species,runtime,12,12,1.000000
Species,agricultureStart,12,12,1.000000
Species,album2Label,12,12,1.000000
Species,appearancesf,12,75,0.160000
Species,arcaEastWins,12,279,0.043011
Species,arenafan,12,12,1.000000
Species,asiawins,12,284,0.042254
Species,award1w,12,62,0.193548
Species,award3w,12,52,0.230769
Species,bot,12,16068,0.000747
Species,cartoonist,12,760,0.015789
Species,cdDate,12,114,0.105263
Species,cflstatus,12,742,0.016173
Species,champPodiums,12,23,0.521739
Species,cinematography,12,13,0.923077
Species,confRecord,12,251,0.047809
Species,coronaTopTens,12,13,0.923077
Species,currentOccupation,12,25,0.480000
Species,dataMax,12,14,0.857143
Species,details,12,12,1.000000
Species,dqLosses,12,538,0.022305
Species,dqWins,12,751,0.015979
Species,economy,12,12,1.000000
Species,economyStart,12,12,1.000000
Species,executiveProducer,12,13,0.923077
Species,expanded,12,26,0.461538
Species,films,12,13,0.923077
Species,findagrave,12,12,1.000000
Species,fr,12,570,0.021053
Species,height(inch),12,43,0.279070
Species,heightweight,12,12,1.000000
Species,hw,12,55,0.218182
Species,i,12,13,0.923077
Species,icallireland,12,1000,0.012000
Species,index,12,228,0.052632
Species,initiationName,12,12,1.000000
Species,lastAired,12,16,0.750000
Species,lastIrlRace,12,22,0.545455
Species,lat7Deg,12,16,0.750000
Species,latSec,12,16,0.750000
Species,ldx,12,12,1.000000
Species,leaderName,12,12,1.000000
Species,level,12,32,0.375000
Species,lon7Deg,12,16,0.750000
Species,madh'hab,12,58,0.206897
Species,moto3FastestLaps,12,188,0.063830
Species,motoePodiums,12,43,0.279070
Species,nationalAssets,12,12,1.000000
Species,nationalAssetsStart,12,12,1.000000
Species,natvar,12,140,0.085714
Species,numEmployees,12,13,0.923077
Species,odDate,12,114,0.105263
Species,officialMaximums,12,80,0.150000
Species,organizationposition,12,13,0.923077
Species,peak1a,12,12,1.000000
Species,posthumous,12,21,0.571429
Species,prep,12,12,1.000000
Species,racingLicence,12,1135,0.010573
Species,rd2Seed,12,33,0.363636
Species,refereeyear4end,12,12,1.000000
Species,rivalsArchiveurl,12,12,1.000000
Species,rows,12,9302,0.001290
Species,ruAmateurcaps,12,12,1.000000
Species,ruCoachteama,12,14,0.857143
Species,ruTriesb,12,116,0.103448
Species,ruYearfstart,12,14,0.857143
Species,season16Year,12,23,0.521739
Species,season17Year,12,20,0.600000
Species,season1Minutes,12,13,0.923077
Species,season1PlayoffAssists,12,80,0.150000
Species,season1PlayoffGoals,12,90,0.133333
Species,season2GoalsAgainst,12,13,0.923077
Species,season2PlayoffShots,12,22,0.545455
Species,season3FaceoffsAtt,12,16,0.750000
Species,season3GoalsAgainst,12,12,1.000000
Species,season3Minutes,12,12,1.000000
Species,season3PlayoffGamesPlayed,12,136,0.088235
Species,season3PlayoffGroundBalls,12,32,0.375000
Species,season3Saves,12,12,1.000000
Species,season4GoalsAgainst,12,12,1.000000
Species,season4Minutes,12,12,1.000000
Species,season4Saves,12,12,1.000000
Species,season5Minutes,12,12,1.000000
Species,season5Saves,12,12,1.000000
Species,season6GoalsAgainst,12,12,1.000000
Species,season6PlayoffGamesPlayed,12,99,0.121212
Species,season6PlayoffShots,12,13,0.923077
Species,season6Saves,12,12,1.000000
Species,season7Minutes,12,12,1.000000
Species,season8PlayoffAssists,12,39,0.307692
Species,season8Team,12,20,0.600000
Species,season9PlayoffAssists,12,51,0.235294
Species,seats1Title,12,16,0.750000
Species,seniorsChampions,12,14,0.857143
Species,showteam,12,37,0.324324
Species,sources,12,12,1.000000
Species,spoilt,12,12,1.000000
Species,suffix,12,95,0.126316
Species,suspects,12,13,0.923077
Species,term3b,12,12,1.000000
Species,term4b,12,12,1.000000
Species,totalCoronaRaces,12,13,0.923077
Species,treasuryDate,12,16,0.750000
Species,tribusAuthority,12,12,1.000000
Species,viceprimeminister,12,12,1.000000
Species,warNavy,12,18,0.666667
Species,wcoveralls,12,1605,0.007477
Species,worldWheelchairChampionshipAppearances,12,161,0.074534
Species,xej,12,13,0.923077
Species,yearsInArcaEast,12,280,0.042857
Star,appmag6Passband,12,110,0.109091
Star,otop,12,12,1.000000
Star,reason,12,13,0.923077
Star,vI,12,12,1.000000
Star,x,12,12,1.000000
Star,y,12,12,1.000000
Galaxy,m,12,12,1.000000
Galaxy,years,12,18,0.666667
ChemicalCompound,wstitle,12,13,0.923077
AdministrativeRegion,amphibian,12,13,0.923077
AdministrativeRegion,badge,12,12,1.000000
AdministrativeRegion,bsize,12,13,0.923077
AdministrativeRegion,butterfly,12,14,0.857143
AdministrativeRegion,code1Info,12,13,0.923077
AdministrativeRegion,decDewPointF,12,15,0.800000
AdministrativeRegion,divname,12,21,0.571429
AdministrativeRegion,v,12,85,0.141176
AdministrativeRegion,economicRegion,12,66,0.181818
AdministrativeRegion,fedRepPartyLink,12,131,0.091603
AdministrativeRegion,gdpRank,12,13,0.923077
AdministrativeRegion,gdpRankPercent,12,13,0.923077
AdministrativeRegion,imageArms,12,12,1.000000
AdministrativeRegion,imageUpright,12,401,0.029925
AdministrativeRegion,majorArchbishop,12,85,0.141176
AdministrativeRegion,marker,12,12,1.000000
AdministrativeRegion,marSnowCm,12,13,0.923077
AdministrativeRegion,maySnowInch,12,52,0.230769
AdministrativeRegion,noOfUrbanTypeSettlements,12,594,0.020202
AdministrativeRegion,novSnowCm,12,13,0.923077
AdministrativeRegion,oleft,12,13,0.923077
AdministrativeRegion,onsCode,12,14,0.857143
AdministrativeRegion,otop,12,13,0.923077
AdministrativeRegion,picsize,12,24,0.500000
AdministrativeRegion,populationDensityBlank1Km,12,12,1.000000
AdministrativeRegion,seats%25,12,13,0.923077
AdministrativeRegion,utcOffset2Dst,12,28,0.428571
Person,governorGeneral,11,14,0.785714
Person,supplementalDraftRound,11,92,0.119565
Person,winsAtNWIDE,11,23,0.478261
Person,125ActiveYears,11,137,0.080292
Person,8p,11,11,1.000000
Person,age,11,11,1.000000
Person,agricultureEnd,11,11,1.000000
Person,airdate,11,12,0.916667
Person,amatupdate,11,14,0.785714
Person,australianopenmixedresult,11,632,0.017405
Person,award2w,11,60,0.183333
Person,award4n,11,41,0.268293
Person,award5n,11,33,0.333333
Person,canadaWins,11,75,0.146667
Person,chartb,11,25,0.440000
Person,churches,11,12,0.916667
Person,cm,11,13,0.846154
Person,coachdoublestitles,11,26,0.423077
Person,collegehofyear,11,13,0.846154
Person,colours,11,17,0.647059
Person,compilation,11,43,0.255814
Person,contribution,11,20,0.550000
Person,cs1Dates,11,1324,0.008308
Person,current,11,56,0.196429
Person,diamondButton,11,223,0.049327
Person,economyEnd,11,11,1.000000
Person,evas,11,86,0.127907
Person,extinctionDate,11,12,0.916667
Person,final2league,11,1039,0.010587
Person,footerBackground,11,27,0.407407
Person,foreignAffairs,11,11,1.000000
Person,foreignAffairsStart,11,11,1.000000
Person,formerSchool(s),11,12,0.916667
Person,foundedBy,11,11,1.000000
Person,freeLabel,11,16,0.687500
Person,hofcolor,11,352,0.031250
Person,homeStation,11,11,1.000000
Person,imageGap,11,28,0.392857
Person,interiorForeignAffairsStart,11,14,0.785714
Person,inventor,11,11,1.000000
Person,irlWins,11,32,0.343750
Person,issueDate,11,11,1.000000
Person,kickboxingdraws,11,143,0.076923
Person,kickboxingkolosses,11,153,0.071895
Person,lat7Deg,11,15,0.733333
Person,listPercentage,11,11,1.000000
Person,lon7Deg,11,15,0.733333
Person,markSize,11,26,0.423077
Person,medalAlt,11,152,0.072368
Person,miningStart,11,11,1.000000
Person,ministerFrom,11,114,0.096491
Person,name4b,11,11,1.000000
Person,nationalAssetsEnd,11,11,1.000000
Person,nllhof,11,26,0.423077
Person,olympicmixeddoublesresult,11,92,0.119565
Person,operator,11,13,0.846154
Person,otherfamilies,11,11,1.000000
Person,peak4b,11,11,1.000000
Person,pi,11,11,1.000000
Person,pllTeam,11,54,0.203704
Person,polyWives,11,42,0.261905
Person,ps,11,13,0.846154
Person,publicWorks,11,11,1.000000
Person,publicWorksStart,11,11,1.000000
Person,refereeyear3end,11,13,0.846154
Person,ruAppearancesd,11,31,0.354839
Person,ruPointsd,11,30,0.366667
Person,season10PlayoffGoals,11,32,0.343750
Person,season16PlayoffLooseBalls,11,12,0.916667
Person,season17GamesPlayed,11,20,0.550000
Person,season17Goals,11,15,0.733333
Person,season17PenaltyMinutes,11,16,0.687500
Person,season2PlayoffGroundBalls,11,21,0.523810
Person,season4Seconds,11,11,1.000000
Person,season5Seconds,11,11,1.000000
Person,season6Minutes,11,12,0.916667
Person,season6PlayoffPenaltyMinutes,11,46,0.239130
Person,season6Seconds,11,11,1.000000
Person,season7GoalsAgainst,11,12,0.916667
Person,season7PlayoffGoals,11,57,0.192982
Person,season7Saves,11,12,0.916667
Person,season8GoalsAgainst,11,11,1.000000
Person,season8Minutes,11,11,1.000000
Person,season8PlayoffGoals,11,37,0.297297
Person,season8Saves,11,11,1.000000
Person,season9PlayoffGoals,11,43,0.255814
Person,subsequentActions,11,11,1.000000
Person,testdebutfor,11,131,0.083969
Person,throne,11,17,0.647059
Person,translator,11,12,0.916667
Person,typeofclimber,11,13,0.846154
Person,uuid,11,12,0.916667
Person,web,11,11,1.000000
Person,webSeries,11,11,1.000000
Person,worldMixedDoublesChampionshipAppearances,11,283,0.038869
Species,governorGeneral,11,14,0.785714
Species,supplementalDraftRound,11,92,0.119565
Species,winsAtNWIDE,11,23,0.478261
Species,125ActiveYears,11,137,0.080292
Species,8p,11,11,1.000000
Species,age,11,11,1.000000
Species,agricultureEnd,11,11,1.000000
Species,airdate,11,12,0.916667
Species,amatupdate,11,14,0.785714
Species,australianopenmixedresult,11,632,0.017405
Species,award2w,11,60,0.183333
Species,award4n,11,41,0.268293
Species,award5n,11,33,0.333333
Species,canadaWins,11,75,0.146667
Species,chartb,11,25,0.440000
Species,cholineMg,11,12,0.916667
Species,churches,11,12,0.916667
Species,cm,11,13,0.846154
Species,coachdoublestitles,11,26,0.423077
Species,collegehofyear,11,13,0.846154
Species,colours,11,17,0.647059
Species,compilation,11,43,0.255814
Species,contribution,11,20,0.550000
Species,cs1Dates,11,1331,0.008264
Species,current,11,56,0.196429
Species,diamondButton,11,223,0.049327
Species,economyEnd,11,11,1.000000
Species,evas,11,86,0.127907
Species,extinctionDate,11,12,0.916667
Species,final2league,11,1039,0.010587
Species,footerBackground,11,27,0.407407
Species,foreignAffairs,11,11,1.000000
Species,foreignAffairsStart,11,11,1.000000
Species,forma,11,11,1.000000
Species,formerSchool(s),11,12,0.916667
Species,foundedBy,11,11,1.000000
Species,freeLabel,11,16,0.687500
Species,hofcolor,11,352,0.031250
Species,homeStation,11,11,1.000000
Species,imageGap,11,28,0.392857
Species,interiorForeignAffairsStart,11,14,0.785714
Species,inventor,11,11,1.000000
Species,irlWins,11,32,0.343750
Species,issueDate,11,11,1.000000
Species,kickboxingdraws,11,143,0.076923
Species,kickboxingkolosses,11,153,0.071895
Species,lat6Deg,11,14,0.785714
Species,listPercentage,11,11,1.000000
Species,lon6Deg,11,14,0.785714
Species,lon8Deg,11,11,1.000000
Species,markSize,11,26,0.423077
Species,medalAlt,11,152,0.072368
Species,miningStart,11,11,1.000000
Species,ministerFrom,11,114,0.096491
Species,name4b,11,11,1.000000
Species,nationalAssetsEnd,11,11,1.000000
Species,nllhof,11,26,0.423077
Species,olympicmixeddoublesresult,11,92,0.119565
Species,operator,11,13,0.846154
Species,otherfamilies,11,11,1.000000
Species,peak4b,11,11,1.000000
Species,pi,11,11,1.000000
Species,pllTeam,11,54,0.203704
Species,polyWives,11,42,0.261905
Species,ps,11,13,0.846154
Species,publicWorks,11,11,1.000000
Species,publicWorksStart,11,11,1.000000
Species,refereeyear3end,11,13,0.846154
Species,ruAppearancesd,11,31,0.354839
Species,ruPointsd,11,30,0.366667
Species,season10PlayoffGoals,11,32,0.343750
Species,season16PlayoffLooseBalls,11,12,0.916667
Species,season17GamesPlayed,11,20,0.550000
Species,season17Goals,11,15,0.733333
Species,season17PenaltyMinutes,11,16,0.687500
Species,season2PlayoffGroundBalls,11,21,0.523810
Species,season4Seconds,11,11,1.000000
Species,season5Seconds,11,11,1.000000
Species,season6Minutes,11,12,0.916667
Species,season6PlayoffPenaltyMinutes,11,46,0.239130
Species,season6Seconds,11,11,1.000000
Species,season7GoalsAgainst,11,12,0.916667
Species,season7PlayoffGoals,11,57,0.192982
Species,season7Saves,11,12,0.916667
Species,season8GoalsAgainst,11,11,1.000000
Species,season8Minutes,11,11,1.000000
Species,season8PlayoffGoals,11,37,0.297297
Species,season8Saves,11,11,1.000000
Species,season9PlayoffGoals,11,43,0.255814
Species,speciesGroup,11,15,0.733333
Species,subsequentActions,11,11,1.000000
Species,testdebutfor,11,131,0.083969
Species,throne,11,17,0.647059
Species,translator,11,12,0.916667
Species,typeofclimber,11,13,0.846154
Species,uuid,11,12,0.916667
Species,web,11,11,1.000000
Species,webSeries,11,11,1.000000
Species,wineGeneral,11,13,0.846154
Species,worldMixedDoublesChampionshipAppearances,11,283,0.038869
Star,alt,11,11,1.000000
Star,label,11,15,0.733333
Star,oleft,11,12,0.916667
ChemicalCompound,author,11,11,1.000000
ChemicalCompound,c,11,12,0.916667
ChemicalCompound,forwardEnzyme,11,13,0.846154
ChemicalCompound,vSearch,11,11,1.000000
AdministrativeRegion,2020density,11,11,1.000000
AdministrativeRegion,accessdate,11,26,0.423077
AdministrativeRegion,authorLink,11,12,0.916667
AdministrativeRegion,blank7InfoSec,11,11,1.000000
AdministrativeRegion,citation,11,13,0.846154
AdministrativeRegion,commonsSearch,11,20,0.550000
AdministrativeRegion,countyTown,11,11,1.000000
AdministrativeRegion,designation1Number,11,11,1.000000
AdministrativeRegion,designation1Offname,11,13,0.846154
AdministrativeRegion,footnote,11,34,0.323529
AdministrativeRegion,governance,11,51,0.215686
AdministrativeRegion,governorAsOf,11,19,0.578947
AdministrativeRegion,imageQuarter,11,28,0.392857
AdministrativeRegion,sp,11,27,0.407407
AdministrativeRegion,listByPop,11,13,0.846154
AdministrativeRegion,logoUpright,11,193,0.056995
AdministrativeRegion,mapframeZoom,11,46,0.239130
AdministrativeRegion,mapSize,11,88,0.125000
AdministrativeRegion,minister,11,11,1.000000
AdministrativeRegion,octSnowCm,11,13,0.846154
AdministrativeRegion,pop2Year,11,80,0.137500
AdministrativeRegion,reptile,11,16,0.687500
AdministrativeRegion,section,11,15,0.733333
AdministrativeRegion,smallpartyNumber,11,99,0.111111
AdministrativeRegion,song,11,12,0.916667
AdministrativeRegion,timezone2Dst,11,29,0.379310
AdministrativeRegion,titlebar,11,889,0.012373
AdministrativeRegion,translitLang2Info,11,11,1.000000
Person,winsAtAus,10,10,1.000000
Person,writer,10,10,1.000000
Person,125FastestLaps,10,203,0.049261
Person,aka,10,10,1.000000
Person,album3Label,10,10,1.000000
Person,announced,10,10,1.000000
Person,arcaEastPoles,10,279,0.035842
Person,areaServed,10,21,0.476190
Person,base,10,10,1.000000
Person,bestCoronaPos,10,13,0.769231
Person,bodyclass,10,14,0.714286
Person,bodystyle,10,19,0.526316
Person,boxrecName,10,10,1.000000
Person,cc,10,230,0.043478
Person,certmonth,10,23,0.434783
Person,coachgamesd,10,15,0.666667
Person,coachlossesc,10,42,0.238095
Person,coachyear7end,10,12,0.833333
Person,coachyear8start,10,11,0.909091
Person,coachyeardend,10,14,0.714286
Person,col2DataMax,10,13,0.769231
Person,colors,10,16,0.625000
Person,contentcss,10,16,0.625000
Person,currentrank,10,11,0.909091
Person,designation1Number,10,10,1.000000
Person,destination,10,11,0.909091
Person,edition,10,34,0.294118
Person,espnArchiveurl,10,10,1.000000
Person,fetchwikidata,10,2745,0.003643
Person,final4date,10,10,1.000000
Person,final4team,10,12,0.833333
Person,firstChampWin,10,11,0.909091
Person,firstIrlWin,10,13,0.769231
Person,foreignAffairsEnd,10,10,1.000000
Person,formerPllTeams,10,37,0.270270
Person,frameHeight,10,11,0.909091
Person,frenchopendoublesjuniorresult,10,214,0.046729
Person,frenchopenjuniorresult,10,227,0.044053
Person,frenchproresult,10,40,0.250000
Person,futwins,10,182,0.054945
Person,groups,10,10,1.000000
Person,head,10,10,1.000000
Person,headerBackground,10,17,0.588235
Person,hqLocationCountry,10,18,0.555556
Person,import,10,2283,0.004380
Person,intercontinental,10,17,0.588235
Person,interiorForeignAffairs,10,14,0.714286
Person,interiorForeignAffairsEnd,10,13,0.769231
Person,ipa,10,11,0.909091
Person,journal,10,10,1.000000
Person,labelSize,10,30,0.333333
Person,lasttestfor,10,105,0.095238
Person,lat6Deg,10,13,0.769231
Person,leaderTitle,10,12,0.833333
Person,linecolor,10,12,0.833333
Person,lon6Deg,10,13,0.769231
Person,lon8Deg,10,10,1.000000
Person,managerwins,10,10,1.000000
Person,maxround,10,39,0.256410
Person,mining,10,11,0.909091
Person,miningEnd,10,10,1.000000
Person,name3b,10,10,1.000000
Person,name5a,10,10,1.000000
Person,name6a,10,10,1.000000
Person,name7a,10,10,1.000000
Person,new,10,3509,0.002850
Person,notableFamily,10,10,1.000000
Person,pname,10,10,1.000000
Person,post4note,10,10,1.000000
Person,prevIrlPos,10,11,0.909091
Person,publicWorksEnd,10,10,1.000000
Person,rd2Score,10,29,0.344828
Person,records,10,10,1.000000
Person,refereeEnd,10,10,1.000000
Person,religious,10,27,0.370370
Person,ruCoachyear2end,10,12,0.833333
Person,ruCoachyearastart,10,10,1.000000
Person,ruFieldgoals,10,338,0.029586
Person,ruTriesc,10,57,0.175439
Person,season11PlayoffAssists,10,26,0.384615
Person,season13PlayoffAssists,10,19,0.526316
Person,season16GamesPlayed,10,23,0.434783
Person,season16TeamLink,10,23,0.434783
Person,season17TeamLink,10,20,0.500000
Person,season18Year,10,14,0.714286
Person,season2Seconds,10,11,0.909091
Person,season3FaceoffsWon,10,14,0.714286
Person,season4PlayoffGroundBalls,10,25,0.400000
Person,season5FaceoffsAtt,10,10,1.000000
Person,season5GoalsAgainst,10,12,0.833333
Person,season5PlayoffGroundBalls,10,21,0.476190
Person,season8GroundBalls,10,10,1.000000
Person,season9PlayoffPenaltyMinutes,10,28,0.357143
Person,serviceNumber,10,10,1.000000
Person,services,10,14,0.714286
Person,special,10,26,0.384615
Person,sponsors,10,10,1.000000
Person,stagewins,10,15,0.666667
Person,suppdraftround,10,89,0.112360
Person,sz,10,15,0.666667
Person,term5a,10,10,1.000000
Person,term6a,10,10,1.000000
Person,term7a,10,10,1.000000
Person,th,10,11,0.909091
Person,triese,10,180,0.055556
Person,tstyle,10,33,0.303030
Person,umpirerole,10,95,0.105263
Person,usopenjuniorresult,10,225,0.044444
Person,venue,10,10,1.000000
Person,win,10,338,0.029586
Person,worldsgolds,10,332,0.030120
Person,write,10,956,0.010460
Person,year14start,10,18,0.555556
Person,yearGranted,10,14,0.714286
Person,yearsInCorona,10,13,0.769231
Person,yes,10,11,0.909091
Person,zh,10,10,1.000000
Species,winsAtAus,10,10,1.000000
Species,writer,10,10,1.000000
Species,125FastestLaps,10,203,0.049261
Species,aka,10,10,1.000000
Species,album3Label,10,10,1.000000
Species,announced,10,10,1.000000
Species,arcaEastPoles,10,279,0.035842
Species,areaServed,10,21,0.476190
Species,base,10,10,1.000000
Species,bestCoronaPos,10,13,0.769231
Species,bodyclass,10,14,0.714286
Species,bodystyle,10,19,0.526316
Species,boxrecName,10,10,1.000000
Species,cc,10,230,0.043478
Species,certmonth,10,23,0.434783
Species,coachgamesd,10,15,0.666667
Species,coachlossesc,10,42,0.238095
Species,coachyear7end,10,12,0.833333
Species,coachyear8start,10,11,0.909091
Species,coachyeardend,10,14,0.714286
Species,col2DataMax,10,13,0.769231
Species,colors,10,16,0.625000
Species,contentcss,10,16,0.625000
Species,currentrank,10,11,0.909091
Species,designation1Number,10,10,1.000000
Species,destination,10,11,0.909091
Species,edition,10,34,0.294118
Species,espnArchiveurl,10,10,1.000000
Species,fetchwikidata,10,2746,0.003642
Species,final4date,10,10,1.000000
Species,final4team,10,12,0.833333
Species,firstChampWin,10,11,0.909091
Species,firstIrlWin,10,13,0.769231
Species,foreignAffairsEnd,10,10,1.000000
Species,formerPllTeams,10,37,0.270270
Species,frameHeight,10,11,0.909091
Species,frenchopendoublesjuniorresult,10,214,0.046729
Species,frenchopenjuniorresult,10,227,0.044053
Species,frenchproresult,10,40,0.250000
Species,futwins,10,182,0.054945
Species,groups,10,10,1.000000
Species,head,10,10,1.000000
Species,headerBackground,10,17,0.588235
Species,hqLocationCountry,10,18,0.555556
Species,import,10,2283,0.004380
Species,infraclassis,10,24,0.416667
Species,intercontinental,10,17,0.588235
Species,interiorForeignAffairs,10,14,0.714286
Species,interiorForeignAffairsEnd,10,13,0.769231
Species,ipa,10,11,0.909091
Species,journal,10,10,1.000000
Species,key,10,62,0.161290
Species,labelSize,10,30,0.333333
Species,lasttestfor,10,105,0.095238
Species,lat1Deg,10,10,1.000000
Species,lat8Deg,10,11,0.909091
Species,leaderTitle,10,12,0.833333
Species,linecolor,10,12,0.833333
Species,managerwins,10,10,1.000000
Species,maxround,10,39,0.256410
Species,mining,10,11,0.909091
Species,miningEnd,10,10,1.000000
Species,name3b,10,10,1.000000
Species,name5a,10,10,1.000000
Species,name6a,10,10,1.000000
Species,name7a,10,10,1.000000
Species,new,10,3509,0.002850
Species,notableFamily,10,10,1.000000
Species,pname,10,10,1.000000
Species,post4note,10,10,1.000000
Species,prevIrlPos,10,11,0.909091
Species,publicWorksEnd,10,10,1.000000
Species,rangeMap,10,10,1.000000
Species,rd2Score,10,29,0.344828
Species,records,10,10,1.000000
Species,refereeEnd,10,10,1.000000
Species,religious,10,27,0.370370
Species,ruCoachyear2end,10,12,0.833333
Species,ruCoachyearastart,10,10,1.000000
Species,ruFieldgoals,10,338,0.029586
Species,ruTriesc,10,57,0.175439
Species,season11PlayoffAssists,10,26,0.384615
Species,season13PlayoffAssists,10,19,0.526316
Species,season16GamesPlayed,10,23,0.434783
Species,season16TeamLink,10,23,0.434783
Species,season17TeamLink,10,20,0.500000
Species,season18Year,10,14,0.714286
Species,season2Seconds,10,11,0.909091
Species,season3FaceoffsWon,10,14,0.714286
Species,season4PlayoffGroundBalls,10,25,0.400000
Species,season5FaceoffsAtt,10,10,1.000000
Species,season5GoalsAgainst,10,12,0.833333
Species,season5PlayoffGroundBalls,10,21,0.476190
Species,season8GroundBalls,10,10,1.000000
Species,season9PlayoffPenaltyMinutes,10,28,0.357143
Species,serviceNumber,10,10,1.000000
Species,services,10,14,0.714286
Species,special,10,26,0.384615
Species,sponsors,10,10,1.000000
Species,stagewins,10,15,0.666667
Species,suppdraftround,10,89,0.112360
Species,sz,10,15,0.666667
Species,term5a,10,10,1.000000
Species,term6a,10,10,1.000000
Species,term7a,10,10,1.000000
Species,th,10,11,0.909091
Species,triese,10,180,0.055556
Species,tstyle,10,33,0.303030
Species,umpirerole,10,95,0.105263
Species,usopenjuniorresult,10,225,0.044444
Species,venue,10,10,1.000000
Species,win,10,338,0.029586
Species,worldsgolds,10,332,0.030120
Species,write,10,956,0.010460
Species,year14start,10,18,0.555556
Species,yearGranted,10,14,0.714286
Species,yearsInCorona,10,13,0.769231
Species,yes,10,11,0.909091
Species,zh,10,10,1.000000
Star,appmag7Passband,10,48,0.208333
Star,appmag8Passband,10,17,0.588235
ChemicalCompound,page,10,10,1.000000
ChemicalCompound,product,10,11,0.909091
ChemicalCompound,productImage,10,11,0.909091
ChemicalCompound,symbol,10,10,1.000000
ChemicalCompound,uniprot,10,10,1.000000
ChemicalCompound,wiktSearch,10,10,1.000000
AdministrativeRegion,2010density,10,10,1.000000
AdministrativeRegion,2021AccessDate,10,69,0.144928
AdministrativeRegion,3y,10,14,0.714286
AdministrativeRegion,commander,10,10,1.000000
AdministrativeRegion,countryAdminDivisionsTitle,10,15,0.666667
AdministrativeRegion,ethnicGroups,10,10,1.000000
AdministrativeRegion,sp,10,20,0.500000
AdministrativeRegion,hundred,10,10,1.000000
AdministrativeRegion,markDescription,10,12,0.833333
AdministrativeRegion,mnc,10,11,0.909091
AdministrativeRegion,month,10,10,1.000000
AdministrativeRegion,pop2010censusRank,10,10,1.000000
AdministrativeRegion,quarterReleaseDate,10,29,0.344828
AdministrativeRegion,registrationPlateType,10,168,0.059524
AdministrativeRegion,sda,10,20,0.500000
AdministrativeRegion,sign,10,10,1.000000
AdministrativeRegion,singleLine,10,3381,0.002958
AdministrativeRegion,v,10,34,0.294118
AdministrativeRegion,teo,10,10,1.000000
AdministrativeRegion,translitLang2Type,10,18,0.555556
AdministrativeRegion,typeHouse,10,12,0.833333
AdministrativeRegion,utc,10,1277,0.007831
AdministrativeRegion,wsw,10,10,1.000000
AdministrativeRegion,zipCodes,10,40,0.250000
Person,winsAtJapan,9,20,0.450000
Person,3optionName,9,18,0.500000
Person,ac3Year,9,65,0.138462
Person,afldraftedteam,9,18,0.500000
Person,afldraftyear,9,701,0.012839
Person,aircraftType,9,11,0.818182
Person,album4Releasedate,9,11,0.818182
Person,album5Releasedate,9,10,0.900000
Person,alpgwins,9,85,0.105882
Person,appearancesg,9,39,0.230769
Person,archivedate,9,11,0.818182
Person,audioFormat,9,17,0.529412
Person,australianopenjuniorresult,9,195,0.046154
Person,author(s),9,9,1.000000
Person,aw,9,54,0.166667
Person,batch,9,12,0.750000
Person,boxDraw,9,195,0.046154
Person,cadre,9,12,0.750000
Person,candidate4Party,9,16,0.562500
Person,candidate5Percent,9,9,1.000000
Person,capital,9,9,1.000000
Person,careerRole,9,9,1.000000
Person,category,9,34,0.264706
Person,certification,9,9,1.000000
Person,cfldraftround,9,228,0.039474
Person,channelDirectUrl,9,9,1.000000
Person,clallireland,9,124,0.072581
Person,clcountyh,9,28,0.321429
Person,coaches,9,9,1.000000
Person,columns,9,20319,0.000443
Person,confederation,9,20,0.450000
Person,course,9,17,0.529412
Person,cup4Result,9,13,0.692308
Person,deathManner,9,9,1.000000
Person,debut3league,9,191,0.047120
Person,descr,9,10,0.900000
Person,developer,9,9,1.000000
Person,dwgs,9,14,0.642857
Person,editing,9,9,1.000000
Person,expiry,9,20,0.450000
Person,fascicle,9,327,0.027523
Person,fecDate,9,13,0.692308
Person,feet,9,1516,0.005937
Person,fibaHofOfficial,9,9,1.000000
Person,fieldgoalsa,9,5111,0.001761
Person,final4year,9,12,0.750000
Person,frameWidth,9,11,0.818182
Person,frenchopenmixedresult,9,882,0.010204
Person,goalsf,9,75,0.120000
Person,hide,9,49,0.183673
Person,hl,9,54,0.166667
Person,housing,9,9,1.000000
Person,housingStart,9,9,1.000000
Person,ja,9,9,1.000000
Person,jaLatn,9,9,1.000000
Person,koLatn,9,9,1.000000
Person,labelColor,9,12,0.750000
Person,lastCanadaWin,9,17,0.529412
Person,lat1Deg,9,9,1.000000
Person,lat8Deg,9,10,0.900000
Person,launchDate,9,9,1.000000
Person,lon2Min,9,9,1.000000
Person,lonSec,9,15,0.600000
Person,mainwidth,9,32,0.281250
Person,majoritypercentchange,9,9,1.000000
Person,managerlosses,9,9,1.000000
Person,mantling,9,32,0.281250
Person,masterscupresult,9,155,0.058065
Person,match,9,9,1.000000
Person,membershipEst,9,11,0.818182
Person,mixed,9,655,0.013740
Person,mmawins,9,10,0.900000
Person,mps,9,9,1.000000
Person,name2b,9,9,1.000000
Person,name2Explanation,9,9,1.000000
Person,nbanew,9,9,1.000000
Person,nihon,9,9,1.000000
Person,numcounts,9,15,0.600000
Person,olympicAppearances,9,434,0.020737
Person,olympicmedals,9,514,0.017510
Person,orchestra,9,10,0.900000
Person,otherOffices,9,9,1.000000
Person,otherParty,9,18,0.500000
Person,otherWins,9,70,0.128571
Person,pa,9,9,1.000000
Person,paralympicAppearances,9,116,0.077586
Person,peak3b,9,9,1.000000
Person,peak6a,9,9,1.000000
Person,peak7a,9,10,0.900000
Person,picupright,9,32,0.281250
Person,registered,9,9,1.000000
Person,relatedLegislation,9,9,1.000000
Person,relationship,9,9,1.000000
Person,rivalsStars,9,1115,0.008072
Person,row,9,51,0.176471
Person,ruAppearancese,9,18,0.500000
Person,ruPointse,9,18,0.500000
Person,ruTeamg,9,9,1.000000
Person,ruYear6end,9,9,1.000000
Person,season10GoalsAgainst,9,9,1.000000
Person,season10Minutes,9,9,1.000000
Person,season10Saves,9,9,1.000000
Person,season18Assists,9,11,0.818182
Person,season18Goals,9,11,0.818182
Person,season18LooseBalls,9,11,0.818182
Person,season2Loss,9,11,0.818182
Person,season2Wins,9,11,0.818182
Person,season3Seconds,9,10,0.900000
Person,season4FaceoffsAtt,9,10,0.900000
Person,season4PlayoffGoalsAgainst,9,9,1.000000
Person,season4PlayoffMinutes,9,9,1.000000
Person,season4PlayoffSaves,9,9,1.000000
Person,season5FaceoffsWon,9,10,0.900000
Person,season7PlayoffGamesPlayed,9,81,0.111111
Person,season7Seconds,9,10,0.900000
Person,season8Seconds,9,11,0.818182
Person,season9GoalsAgainst,9,9,1.000000
Person,season9Minutes,9,9,1.000000
Person,season9Saves,9,9,1.000000
Person,season9Seconds,9,9,1.000000
Person,season9Shots,9,9,1.000000
Person,season9Team,9,20,0.450000
Person,showName,9,9,1.000000
Person,split,9,11,0.818182
Person,spotter,9,9,1.000000
Person,spousesType,9,62,0.145161
Person,sstyle,9,12,0.750000
Person,stat25label,9,15,0.600000
Person,stat32label,9,209,0.043062
Person,tc,9,9,1.000000
Person,term8a,9,9,1.000000
Person,tib,9,9,1.000000
Person,titleFnt,9,44,0.204545
Person,titleOrig,9,9,1.000000
Person,tournamentList,9,9,1.000000
Person,transport,9,9,1.000000
Person,transportStart,9,9,1.000000
Person,umpireleague,9,100,0.090000
Person,umpwtestlastyr,9,13,0.692308
Person,usproresult,9,68,0.132353
Person,voices,9,9,1.000000
Person,wimbledonjuniorresult,9,228,0.039474
Person,writtenby,9,9,1.000000
Person,wtachampionshipsdoublesresult,9,114,0.078947
Person,wylie,9,9,1.000000
Person,year13end,9,17,0.529412
Person,yearsInChamp,9,22,0.409091
Species,cultivatedVariety,9,19,0.473684
Species,winsAtJapan,9,20,0.450000
Species,3optionName,9,18,0.500000
Species,ac3Year,9,65,0.138462
Species,afldraftedteam,9,18,0.500000
Species,afldraftyear,9,701,0.012839
Species,aircraftType,9,11,0.818182
Species,album4Releasedate,9,11,0.818182
Species,album5Releasedate,9,10,0.900000
Species,alpgwins,9,85,0.105882
Species,appearancesg,9,39,0.230769
Species,archivedate,9,11,0.818182
Species,audioFormat,9,17,0.529412
Species,australianopenjuniorresult,9,195,0.046154
Species,author(s),9,9,1.000000
Species,aw,9,54,0.166667
Species,batch,9,12,0.750000
Species,below,9,12,0.750000
Species,boxDraw,9,195,0.046154
Species,cadre,9,12,0.750000
Species,candidate4Party,9,16,0.562500
Species,candidate5Percent,9,9,1.000000
Species,capital,9,9,1.000000
Species,careerRole,9,9,1.000000
Species,category,9,34,0.264706
Species,certification,9,9,1.000000
Species,cfldraftround,9,228,0.039474
Species,channelDirectUrl,9,9,1.000000
Species,clallireland,9,124,0.072581
Species,clcountyh,9,28,0.321429
Species,coaches,9,9,1.000000
Species,columns,9,20319,0.000443
Species,confederation,9,20,0.450000
Species,copperMg,9,9,1.000000
Species,course,9,17,0.529412
Species,cup4Result,9,13,0.692308
Species,deathManner,9,9,1.000000
Species,debut3league,9,191,0.047120
Species,descr,9,10,0.900000
Species,developer,9,9,1.000000
Species,dwgs,9,14,0.642857
Species,editing,9,9,1.000000
Species,expiry,9,20,0.450000
Species,fascicle,9,327,0.027523
Species,fecDate,9,13,0.692308
Species,feet,9,1516,0.005937
Species,fibaHofOfficial,9,9,1.000000
Species,fieldgoalsa,9,5111,0.001761
Species,final4year,9,12,0.750000
Species,frameWidth,9,11,0.818182
Species,frenchopenmixedresult,9,882,0.010204
Species,goalsf,9,75,0.120000
Species,hide,9,51,0.176471
Species,hl,9,54,0.166667
Species,housing,9,9,1.000000
Species,housingStart,9,9,1.000000
Species,ja,9,9,1.000000
Species,jaLatn,9,9,1.000000
Species,katakana,9,9,1.000000
Species,koLatn,9,9,1.000000
Species,labelColor,9,12,0.750000
Species,lastCanadaWin,9,17,0.529412
Species,lat11Deg,9,12,0.750000
Species,launchDate,9,9,1.000000
Species,lon11Deg,9,12,0.750000
Species,lon1Deg,9,10,0.900000
Species,lon2Min,9,9,1.000000
Species,lonSec,9,15,0.600000
Species,mainwidth,9,32,0.281250
Species,majoritypercentchange,9,9,1.000000
Species,managerlosses,9,9,1.000000
Species,mantling,9,32,0.281250
Species,masterscupresult,9,155,0.058065
Species,match,9,9,1.000000
Species,membershipEst,9,11,0.818182
Species,mixed,9,655,0.013740
Species,mmawins,9,10,0.900000
Species,mps,9,9,1.000000
Species,name2b,9,9,1.000000
Species,name2Explanation,9,9,1.000000
Species,nbanew,9,9,1.000000
Species,nihon,9,9,1.000000
Species,numcounts,9,15,0.600000
Species,olympicAppearances,9,434,0.020737
Species,olympicmedals,9,514,0.017510
Species,orchestra,9,10,0.900000
Species,otherOffices,9,9,1.000000
Species,otherParty,9,18,0.500000
Species,otherWins,9,70,0.128571
Species,pa,9,9,1.000000
Species,paralympicAppearances,9,116,0.077586
Species,peak3b,9,9,1.000000
Species,peak6a,9,9,1.000000
Species,peak7a,9,10,0.900000
Species,picupright,9,33,0.272727
Species,racingColors,9,9,1.000000
Species,registered,9,9,1.000000
Species,relatedLegislation,9,9,1.000000
Species,relationship,9,9,1.000000
Species,rivalsStars,9,1115,0.008072
Species,row,9,51,0.176471
Species,ruAppearancese,9,18,0.500000
Species,ruPointse,9,18,0.500000
Species,ruTeamg,9,9,1.000000
Species,ruYear6end,9,9,1.000000
Species,season10GoalsAgainst,9,9,1.000000
Species,season10Minutes,9,9,1.000000
Species,season10Saves,9,9,1.000000
Species,season18Assists,9,11,0.818182
Species,season18Goals,9,11,0.818182
Species,season18LooseBalls,9,11,0.818182
Species,season2Loss,9,11,0.818182
Species,season2Wins,9,11,0.818182
Species,season3Seconds,9,10,0.900000
Species,season4FaceoffsAtt,9,10,0.900000
Species,season4PlayoffGoalsAgainst,9,9,1.000000
Species,season4PlayoffMinutes,9,9,1.000000
Species,season4PlayoffSaves,9,9,1.000000
Species,season5FaceoffsWon,9,10,0.900000
Species,season7PlayoffGamesPlayed,9,81,0.111111
Species,season7Seconds,9,10,0.900000
Species,season8Seconds,9,11,0.818182
Species,season9GoalsAgainst,9,9,1.000000
Species,season9Minutes,9,9,1.000000
Species,season9Saves,9,9,1.000000
Species,season9Seconds,9,9,1.000000
Species,season9Shots,9,9,1.000000
Species,season9Team,9,20,0.450000
Species,showName,9,9,1.000000
Species,split,9,11,0.818182
Species,spotter,9,9,1.000000
Species,spousesType,9,62,0.145161
Species,sstyle,9,12,0.750000
Species,stat25label,9,15,0.600000
Species,stat32label,9,209,0.043062
Species,subordoAuthority,9,9,1.000000
Species,tc,9,9,1.000000
Species,term8a,9,9,1.000000
Species,tib,9,9,1.000000
Species,titleFnt,9,44,0.204545
Species,titleOrig,9,9,1.000000
Species,tournamentList,9,9,1.000000
Species,transport,9,9,1.000000
Species,transportStart,9,9,1.000000
Species,umpireleague,9,100,0.090000
Species,umpwtestlastyr,9,13,0.692308
Species,unrankedFamilia,9,12,0.750000
Species,usproresult,9,68,0.132353
Species,voices,9,9,1.000000
Species,wimbledonjuniorresult,9,228,0.039474
Species,wineMedium,9,9,1.000000
Species,writtenby,9,9,1.000000
Species,wtachampionshipsdoublesresult,9,114,0.078947
Species,wylie,9,9,1.000000
Species,year13end,9,17,0.529412
Species,yearsInChamp,9,22,0.409091
Star,dec,9,15,0.600000
Star,description,9,12,0.750000
Galaxy,otherNames,9,9,1.000000
ChemicalCompound,casNumber,9,9,1.000000
ChemicalCompound,header,9,9,1.000000
ChemicalCompound,lowPhColor,9,33,0.272727
ChemicalCompound,n,9,20,0.450000
AdministrativeRegion,currency,9,12,0.750000
AdministrativeRegion,2010densityus,9,11,0.818182
AdministrativeRegion,3p,9,9,1.000000
AdministrativeRegion,sv,9,9,1.000000
AdministrativeRegion,aprLight,9,9,1.000000
AdministrativeRegion,architecture,9,9,1.000000
AdministrativeRegion,blank4Name,9,19,0.473684
AdministrativeRegion,chapterUrl,9,15,0.600000
AdministrativeRegion,cheight,9,13,0.692308
AdministrativeRegion,coaSize,9,11,0.818182
AdministrativeRegion,colour,9,9,1.000000
AdministrativeRegion,cwidth,9,13,0.692308
AdministrativeRegion,division,9,38,0.236842
AdministrativeRegion,episcopalConference,9,12,0.750000
AdministrativeRegion,fam,9,9,1.000000
AdministrativeRegion,febLight,9,9,1.000000
AdministrativeRegion,firstElection,9,10,0.900000
AdministrativeRegion,gridPosition,9,9,1.000000
AdministrativeRegion,imgsize,9,156,0.057692
AdministrativeRegion,janLight,9,9,1.000000
AdministrativeRegion,latSec,9,13,0.692308
AdministrativeRegion,link,9,10,0.900000
AdministrativeRegion,mapCounty,9,9,1.000000
AdministrativeRegion,mapType,9,205,0.043902
AdministrativeRegion,mayLight,9,9,1.000000
AdministrativeRegion,minister1name,9,9,1.000000
AdministrativeRegion,munFormation1NoOfUrbanSettlements,9,1269,0.007092
AdministrativeRegion,nbparty,9,224,0.040179
AdministrativeRegion,octLight,9,9,1.000000
AdministrativeRegion,origin,9,13,0.692308
AdministrativeRegion,patronTitle,9,19,0.473684
AdministrativeRegion,people,9,9,1.000000
AdministrativeRegion,pushpinImage,9,38,0.236842
AdministrativeRegion,sepUv,9,9,1.000000
AdministrativeRegion,sosialistiskFolkeparti,9,184,0.048913
AdministrativeRegion,thdl,9,9,1.000000
AdministrativeRegion,wnw,9,9,1.000000
AdministrativeRegion,yearSnowCm,9,9,1.000000
AdministrativeRegion,z,9,9,1.000000
Person,formerHighschool,8,8,1.000000
Person,247sportsOverall,8,8,1.000000
Person,247Stars,8,733,0.010914
Person,3option,8,14,0.571429
Person,aflstatseason,8,12,0.666667
Person,album4Label,8,8,1.000000
Person,album6Releasedate,8,8,1.000000
Person,appealedFrom,8,8,1.000000
Person,arcaEastCarTeam,8,10,0.800000
Person,architects,8,8,1.000000
Person,arrests,8,9,0.888889
Person,australianOpen,8,8,1.000000
Person,awardssection,8,17,0.470588
Person,basedAt,8,11,0.727273
Person,below,8,11,0.727273
Person,candidate5Votes,8,8,1.000000
Person,catches,8,1749,0.004574
Person,chalwins,8,450,0.017778
Person,chuhan,8,8,1.000000
Person,coachwinsd,8,15,0.533333
Person,coachyear8end,8,8,1.000000
Person,commonName,8,8,1.000000
Person,conama,8,8,1.000000
Person,conamaEnd,8,8,1.000000
Person,conamaStart,8,8,1.000000
Person,coronaPoles,8,13,0.615385
Person,coronaWins,8,12,0.666667
Person,culture,8,9,0.888889
Person,dated,8,10,0.800000
Person,decisionBy,8,8,1.000000
Person,designation1Free1value,8,8,1.000000
Person,directedby,8,8,1.000000
Person,division,8,11,0.727273
Person,edit,8,254,0.031496
Person,espnStars,8,591,0.013536
Person,estate,8,8,1.000000
Person,extrafootnotes,8,11,0.727273
Person,famousPract,8,8,1.000000
Person,firstCoronaRace,8,13,0.615385
Person,focus,8,10,0.800000
Person,footerAlign,8,440,0.018182
Person,gk,8,9,0.888889
Person,goalsg,8,39,0.205128
Person,handedness,8,2104,0.003802
Person,heights,8,8,1.000000
Person,hk,8,8,1.000000
Person,housingEnd,8,8,1.000000
Person,idArchive,8,8,1.000000
Person,issn,8,8,1.000000
Person,italicTitle,8,234,0.034188
Person,katakana,8,8,1.000000
Person,king,8,8,1.000000
Person,label2Size,8,24,0.333333
Person,lang1Content,8,8,1.000000
Person,lat11Deg,8,11,0.727273
Person,laterality,8,787,0.010165
Person,ldy,8,8,1.000000
Person,leader1Name,8,8,1.000000
Person,left,8,12,0.666667
Person,licenseStatementUrl,8,8,1.000000
Person,liststyle,8,36,0.222222
Person,lon11Deg,8,11,0.727273
Person,lon1Deg,8,9,0.888889
Person,militaryAwards,8,8,1.000000
Person,missDominicanRepublicUniverse,8,8,1.000000
Person,missMundoDominicana,8,8,1.000000
Person,missUniverseChile,8,8,1.000000
Person,motoeActiveYears,8,30,0.266667
Person,motoeFastestLaps,8,43,0.186047
Person,motoePoles,8,43,0.186047
Person,mpg,8,8,1.000000
Person,name10a,8,8,1.000000
Person,name3c,8,8,1.000000
Person,name4c,8,8,1.000000
Person,nativeLang5Name,8,9,0.888889
Person,nonscore,8,51,0.156863
Person,nopct,8,8,1.000000
Person,otherFamilies,8,8,1.000000
Person,ov,8,16,0.500000
Person,peak1b,8,8,1.000000
Person,peak8a,8,8,1.000000
Person,perrow,8,404,0.019802
Person,personId,8,8,1.000000
Person,pf,8,8,1.000000
Person,picsize,8,18,0.444444
Person,playerId,8,8,1.000000
Person,poassists,8,18,0.444444
Person,pogp,8,22,0.363636
Person,polishleague,8,8,1.000000
Person,post7followed,8,8,1.000000
Person,post7preceded,8,8,1.000000
Person,ppg,8,8,1.000000
Person,predecessors,8,8,1.000000
Person,prevCoronaPos,8,9,0.888889
Person,priorActions,8,8,1.000000
Person,publish,8,151,0.052980
Person,quoted,8,790,0.010127
Person,rcb,8,9,0.888889
Person,rebbe,8,8,1.000000
Person,revenue,8,8,1.000000
Person,rpg,8,8,1.000000
Person,rubyYear,8,17,0.470588
Person,ruCoachgames,8,10,0.800000
Person,ruGoalsc,8,57,0.140351
Person,ruYear7start,8,8,1.000000
Person,ruYeargstart,8,9,0.888889
Person,salign,8,1242,0.006441
Person,scoutArchiveurl,8,8,1.000000
Person,scoutStars,8,683,0.011713
Person,sealCaption,8,12,0.666667
Person,season10PlayoffGamesPlayed,8,45,0.177778
Person,season10Seconds,8,9,0.888889
Person,season11GoalsAgainst,8,8,1.000000
Person,season11Loss,8,8,1.000000
Person,season11Minutes,8,8,1.000000
Person,season11Saves,8,8,1.000000
Person,season12GoalsAgainst,8,8,1.000000
Person,season12Minutes,8,8,1.000000
Person,season12PlayoffAssists,8,28,0.285714
Person,season12PlayoffGoals,8,29,0.275862
Person,season12Saves,8,8,1.000000
Person,season13GoalsAgainst,8,8,1.000000
Person,season13Minutes,8,8,1.000000
Person,season13PlayoffGoals,8,19,0.421053
Person,season13Saves,8,8,1.000000
Person,season13Seconds,8,8,1.000000
Person,season14PlayoffAssists,8,18,0.444444
Person,season18GamesPlayed,8,14,0.571429
Person,season18TeamLink,8,14,0.571429
Person,season19Assists,8,8,1.000000
Person,season19LooseBalls,8,8,1.000000
Person,season19Year,8,10,0.800000
Person,season1PlayoffFaceoffsAtt,8,13,0.615385
Person,season1PlayoffFaceoffsWon,8,12,0.666667
Person,season1Seconds,8,11,0.727273
Person,season2PlayoffFaceoffsAtt,8,8,1.000000
Person,season4FaceoffsWon,8,8,1.000000
Person,season5PlayoffMinutes,8,8,1.000000
Person,season6PlayoffGroundBalls,8,11,0.727273
Person,season8Shots,8,9,0.888889
Person,season9PlayoffGamesPlayed,8,70,0.114286
Person,seats2Title,8,9,0.888889
Person,seitebis,8,8,1.000000
Person,seitevon,8,8,1.000000
Person,sernam,8,8,1.000000
Person,sernamStart,8,8,1.000000
Person,soogamesGoalstotal,8,9,0.888889
Person,ss300RaceWins,8,26,0.307692
Person,stateDate,8,9,0.888889
Person,story,8,8,1.000000
Person,subdistrict,8,12,0.666667
Person,succeededBy,8,9,0.888889
Person,successors,8,8,1.000000
Person,tab,8,69,0.115942
Person,term10a,8,8,1.000000
Person,term3c,8,8,1.000000
Person,term4c,8,8,1.000000
Person,term9a,8,8,1.000000
Person,tradedAs,8,8,1.000000
Person,trans,8,18,0.444444
Person,transportEnd,8,8,1.000000
Person,triesf,8,75,0.106667
Person,turnoutPercent,8,8,1.000000
Person,vi,8,8,1.000000
Person,wcccresult,8,32,0.250000
Person,whccresult,8,67,0.119403
Person,wimbledondoublesjuniorresult,8,215,0.037209
Person,wing,8,8,1.000000
Person,winningcounties,8,8,1.000000
Person,wives,8,8,1.000000
Person,wptTitles,8,446,0.017937
Person,wtachampionshipsresult,8,94,0.085106
Person,yeargend,8,12,0.666667
Person,yearsCompetitive,8,8,1.000000
Person,yespct,8,8,1.000000
Person,zhLatn,8,8,1.000000
Species,formerHighschool,8,8,1.000000
Species,247sportsOverall,8,8,1.000000
Species,247Stars,8,733,0.010914
Species,3option,8,14,0.571429
Species,aflstatseason,8,12,0.666667
Species,album4Label,8,8,1.000000
Species,album6Releasedate,8,8,1.000000
Species,appealedFrom,8,8,1.000000
Species,arcaEastCarTeam,8,10,0.800000
Species,architects,8,8,1.000000
Species,arrests,8,9,0.888889
Species,australianOpen,8,8,1.000000
Species,awardssection,8,17,0.470588
Species,basedAt,8,11,0.727273
Species,candidate5Votes,8,8,1.000000
Species,capshape,8,34,0.235294
Species,catches,8,1749,0.004574
Species,chalwins,8,450,0.017778
Species,chuhan,8,8,1.000000
Species,coachwinsd,8,15,0.533333
Species,coachyear8end,8,8,1.000000
Species,colorAlt,8,84,0.095238
Species,commonName,8,8,1.000000
Species,conama,8,8,1.000000
Species,conamaEnd,8,8,1.000000
Species,conamaStart,8,8,1.000000
Species,coronaPoles,8,13,0.615385
Species,coronaWins,8,12,0.666667
Species,culture,8,9,0.888889
Species,dated,8,10,0.800000
Species,decisionBy,8,8,1.000000
Species,designation1Free1value,8,8,1.000000
Species,directedby,8,8,1.000000
Species,division,8,11,0.727273
Species,edit,8,254,0.031496
Species,espnStars,8,591,0.013536
Species,estate,8,8,1.000000
Species,extrafootnotes,8,11,0.727273
Species,famousPract,8,8,1.000000
Species,firstCoronaRace,8,13,0.615385
Species,focus,8,10,0.800000
Species,footerAlign,8,441,0.018141
Species,gk,8,9,0.888889
Species,goalsg,8,39,0.205128
Species,handedness,8,2104,0.003802
Species,heights,8,8,1.000000
Species,hk,8,8,1.000000
Species,housingEnd,8,8,1.000000
Species,howedible,8,32,0.250000
Species,idArchive,8,8,1.000000
Species,issn,8,8,1.000000
Species,italicTitle,8,234,0.034188
Species,kcal,8,8,1.000000
Species,king,8,8,1.000000
Species,label2Size,8,24,0.333333
Species,lang1Content,8,8,1.000000
Species,lat12Deg,8,10,0.800000
Species,laterality,8,787,0.010165
Species,ldy,8,8,1.000000
Species,leader1Name,8,8,1.000000
Species,left,8,12,0.666667
Species,licenseStatementUrl,8,8,1.000000
Species,liststyle,8,36,0.222222
Species,lmz,8,8,1.000000
Species,lon12Deg,8,10,0.800000
Species,marksize,8,43,0.186047
Species,militaryAwards,8,8,1.000000
Species,missDominicanRepublicUniverse,8,8,1.000000
Species,missMundoDominicana,8,8,1.000000
Species,missUniverseChile,8,8,1.000000
Species,motoeActiveYears,8,30,0.266667
Species,motoeFastestLaps,8,43,0.186047
Species,motoePoles,8,43,0.186047
Species,mpg,8,8,1.000000
Species,name10a,8,8,1.000000
Species,name3c,8,8,1.000000
Species,name4c,8,8,1.000000
Species,nativeLang5Name,8,9,0.888889
Species,nonscore,8,51,0.156863
Species,nopct,8,8,1.000000
Species,otherFamilies,8,8,1.000000
Species,ov,8,16,0.500000
Species,peak1b,8,8,1.000000
Species,peak8a,8,8,1.000000
Species,perrow,8,406,0.019704
Species,personId,8,8,1.000000
Species,pf,8,8,1.000000
Species,phylumAuthority,8,8,1.000000
Species,picsize,8,18,0.444444
Species,playerId,8,8,1.000000
Species,poassists,8,18,0.444444
Species,pogp,8,22,0.363636
Species,polishleague,8,8,1.000000
Species,post7followed,8,8,1.000000
Species,post7preceded,8,8,1.000000
Species,ppg,8,8,1.000000
Species,predecessors,8,8,1.000000
Species,prevCoronaPos,8,9,0.888889
Species,priorActions,8,8,1.000000
Species,publish,8,151,0.052980
Species,quoted,8,798,0.010025
Species,rangeMapCaption,8,8,1.000000
Species,rcb,8,9,0.888889
Species,rebbe,8,8,1.000000
Species,revenue,8,8,1.000000
Species,rpg,8,8,1.000000
Species,rubyYear,8,17,0.470588
Species,ruCoachgames,8,10,0.800000
Species,ruGoalsc,8,57,0.140351
Species,ruYear7start,8,8,1.000000
Species,ruYeargstart,8,9,0.888889
Species,salign,8,1257,0.006364
Species,scoutArchiveurl,8,8,1.000000
Species,scoutStars,8,683,0.011713
Species,sealCaption,8,12,0.666667
Species,season10PlayoffGamesPlayed,8,45,0.177778
Species,season10Seconds,8,9,0.888889
Species,season11GoalsAgainst,8,8,1.000000
Species,season11Loss,8,8,1.000000
Species,season11Minutes,8,8,1.000000
Species,season11Saves,8,8,1.000000
Species,season12GoalsAgainst,8,8,1.000000
Species,season12Minutes,8,8,1.000000
Species,season12PlayoffAssists,8,28,0.285714
Species,season12PlayoffGoals,8,29,0.275862
Species,season12Saves,8,8,1.000000
Species,season13GoalsAgainst,8,8,1.000000
Species,season13Minutes,8,8,1.000000
Species,season13PlayoffGoals,8,19,0.421053
Species,season13Saves,8,8,1.000000
Species,season13Seconds,8,8,1.000000
Species,season14PlayoffAssists,8,18,0.444444
Species,season18GamesPlayed,8,14,0.571429
Species,season18TeamLink,8,14,0.571429
Species,season19Assists,8,8,1.000000
Species,season19LooseBalls,8,8,1.000000
Species,season19Year,8,10,0.800000
Species,season1PlayoffFaceoffsAtt,8,13,0.615385
Species,season1PlayoffFaceoffsWon,8,12,0.666667
Species,season1Seconds,8,11,0.727273
Species,season2PlayoffFaceoffsAtt,8,8,1.000000
Species,season4FaceoffsWon,8,8,1.000000
Species,season5PlayoffMinutes,8,8,1.000000
Species,season6PlayoffGroundBalls,8,11,0.727273
Species,season8Shots,8,9,0.888889
Species,season9PlayoffGamesPlayed,8,70,0.114286
Species,seats2Title,8,9,0.888889
Species,seitebis,8,8,1.000000
Species,seitevon,8,8,1.000000
Species,sernam,8,8,1.000000
Species,sernamStart,8,8,1.000000
Species,soil,8,12,0.666667
Species,soogamesGoalstotal,8,9,0.888889
Species,sporeprintcolor,8,27,0.296296
Species,ss300RaceWins,8,26,0.307692
Species,stateDate,8,9,0.888889
Species,story,8,8,1.000000
Species,subdistrict,8,12,0.666667
Species,succeededBy,8,9,0.888889
Species,successors,8,8,1.000000
Species,tab,8,69,0.115942
Species,term10a,8,8,1.000000
Species,term3c,8,8,1.000000
Species,term4c,8,8,1.000000
Species,term9a,8,8,1.000000
Species,tradedAs,8,8,1.000000
Species,trans,8,18,0.444444
Species,transportEnd,8,8,1.000000
Species,triesf,8,75,0.106667
Species,turnoutPercent,8,8,1.000000
Species,unrankedPhylum,8,57,0.140351
Species,variety,8,18,0.444444
Species,vi,8,8,1.000000
Species,wcccresult,8,32,0.250000
Species,whccresult,8,67,0.119403
Species,whichgills,8,24,0.333333
Species,wimbledondoublesjuniorresult,8,215,0.037209
Species,wing,8,8,1.000000
Species,winningcounties,8,8,1.000000
Species,wives,8,8,1.000000
Species,wptTitles,8,446,0.017937
Species,wtachampionshipsresult,8,94,0.085106
Species,yeargend,8,12,0.666667
Species,yearsCompetitive,8,8,1.000000
Species,yespct,8,8,1.000000
Species,zhLatn,8,8,1.000000
Star,colwidth,8,110,0.072727
Star,confirmedPlanets,8,8,1.000000
Star,equinox,8,902,0.008869
Star,markLink,8,8,1.000000
Star,ra,8,20,0.400000
Star,u,8,9,0.888889
Star,type,8,33134,0.000241
Galaxy,epoch,8,2782,0.002876
Galaxy,id,8,8,1.000000
Galaxy,upright,8,104,0.076923
ChemicalCompound,bSearch,8,8,1.000000
ChemicalCompound,h,8,9,0.888889
ChemicalCompound,medlineplus,8,8,1.000000
ChemicalCompound,minorForwardSubstrate(s),8,8,1.000000
ChemicalCompound,scoville,8,10,0.800000
ChemicalCompound,substrate,8,8,1.000000
ChemicalCompound,substrateImage,8,8,1.000000
ChemicalCompound,v,8,20,0.400000
ChemicalCompound,with,8,8,1.000000
ChemicalCompound,type,8,71979,0.000111
AdministrativeRegion,mayor,8,9,0.888889
AdministrativeRegion,aprRainInch,8,8,1.000000
AdministrativeRegion,aprUv,8,9,0.888889
AdministrativeRegion,assistantBishop,8,8,1.000000
AdministrativeRegion,augLight,8,9,0.888889
AdministrativeRegion,augRainInch,8,8,1.000000
AdministrativeRegion,bgcolour,8,13,0.615385
AdministrativeRegion,blank7NameSec,8,16,0.500000
AdministrativeRegion,cityFlag,8,8,1.000000
AdministrativeRegion,colors,8,8,1.000000
AdministrativeRegion,commencement,8,8,1.000000
AdministrativeRegion,coordinatesDate,8,16,0.500000
AdministrativeRegion,decRainInch,8,8,1.000000
AdministrativeRegion,divName,8,17,0.470588
AdministrativeRegion,estimate,8,8,1.000000
AdministrativeRegion,febRainInch,8,8,1.000000
AdministrativeRegion,febUv,8,9,0.888889
AdministrativeRegion,federalDistrict,8,66,0.121212
AdministrativeRegion,frameHeight,8,32,0.250000
AdministrativeRegion,frameWidth,8,34,0.235294
AdministrativeRegion,v,8,15,0.533333
AdministrativeRegion,v,8,14,0.571429
AdministrativeRegion,holiday,8,8,1.000000
AdministrativeRegion,janRainInch,8,8,1.000000
AdministrativeRegion,julLight,8,9,0.888889
AdministrativeRegion,julRainInch,8,8,1.000000
AdministrativeRegion,v,8,18,0.444444
AdministrativeRegion,labelSize,8,25,0.320000
AdministrativeRegion,leaderType,8,8,1.000000
AdministrativeRegion,life,8,8,1.000000
AdministrativeRegion,lonSec,8,13,0.615385
AdministrativeRegion,mark,8,17,0.470588
AdministrativeRegion,marRainInch,8,8,1.000000
AdministrativeRegion,maySnowCm,8,13,0.615385
AdministrativeRegion,mushroom,8,8,1.000000
AdministrativeRegion,novLight,8,9,0.888889
AdministrativeRegion,novRainInch,8,8,1.000000
AdministrativeRegion,numbered,8,8,1.000000
AdministrativeRegion,octRainInch,8,8,1.000000
AdministrativeRegion,octUv,8,9,0.888889
AdministrativeRegion,pensjonistpartiet,8,101,0.079208
AdministrativeRegion,popyear,8,22,0.363636
AdministrativeRegion,provStatus,8,1616,0.004950
AdministrativeRegion,reignstart,8,8,1.000000
AdministrativeRegion,relief,8,965,0.008290
AdministrativeRegion,rtgs,8,8,1.000000
AdministrativeRegion,sc,8,17,0.470588
AdministrativeRegion,sepRainInch,8,8,1.000000
AdministrativeRegion,shell,8,8,1.000000
AdministrativeRegion,since,8,154,0.051948
AdministrativeRegion,smallpartyColor,8,55,0.145455
AdministrativeRegion,structure1Res,8,69,0.115942
AdministrativeRegion,r,8,14,0.571429
AdministrativeRegion,sworntype,8,20,0.400000
AdministrativeRegion,tha,8,8,1.000000
AdministrativeRegion,townOfDistrictSignificanceType,8,285,0.028070
AdministrativeRegion,unitPrecipitationDays,8,2101,0.003808
AdministrativeRegion,drf,8,17,0.470588
AdministrativeRegion,vehicles,8,9,0.888889
AdministrativeRegion,video,8,8,1.000000
AdministrativeRegion,winner,8,8,1.000000
Person,ethnicity,7,7,1.000000
Person,winsAtPGA,7,15,0.466667
Person,500LastSeason,7,9,0.777778
Person,afldraftedyear,7,114,0.061404
Person,album5Label,7,7,1.000000
Person,album8Releasedate,7,7,1.000000
Person,album9Releasedate,7,7,1.000000
Person,amDraw,7,28,0.250000
Person,areas,7,7,1.000000
Person,award4w,7,41,0.170732
Person,award5w,7,33,0.212121
Person,award6n,7,23,0.304348
Person,award8n,7,16,0.437500
Person,backpocket,7,7,1.000000
Person,batting,7,21892,0.000320
Person,birthplace,7,7,1.000000
Person,blp,7,671,0.010432
Person,bowlopp,7,7,1.000000
Person,bssRaceStarts,7,7,1.000000
Person,bssTotalPoints,7,7,1.000000
Person,candId,7,7,1.000000
Person,candidate6Percent,7,7,1.000000
Person,candidate6Votes,7,7,1.000000
Person,champPoles,7,22,0.318182
Person,champWins,7,23,0.304348
Person,clcountyf,7,29,0.241379
Person,coachlossesd,7,15,0.466667
Person,coachteame,7,8,0.875000
Person,coachyearestart,7,7,1.000000
Person,commonssearch,7,7,1.000000
Person,communicationsDirector,7,7,1.000000
Person,conductor,7,7,1.000000
Person,cposition,7,12,0.583333
Person,cropLeftPerc,7,7,1.000000
Person,cropRightPerc,7,7,1.000000
Person,cropTopPerc,7,7,1.000000
Person,cultureStart,7,7,1.000000
Person,cursign,7,62,0.112903
Person,dan,7,13,0.538462
Person,dateOfIssue,7,7,1.000000
Person,dateOfRet,7,7,1.000000
Person,datum,7,7,1.000000
Person,designation1Criteria,7,7,1.000000
Person,designation1Free2value,7,7,1.000000
Person,direction,7,1909,0.003667
Person,domipubli,7,7,1.000000
Person,encyclopedia,7,8,0.875000
Person,endYear,7,22,0.318182
Person,englishPubDate,7,9,0.777778
Person,eptTitles,7,236,0.029661
Person,et,7,23,0.304348
Person,expandStudents,7,7,1.000000
Person,firstascents,7,7,1.000000
Person,firstHolder,7,8,0.875000
Person,followerDate,7,7,1.000000
Person,forwardpocket,7,7,1.000000
Person,foundedDate,7,8,0.875000
Person,globe,7,16,0.437500
Person,gridRef,7,7,1.000000
Person,halfbackflank,7,7,1.000000
Person,halfforwardflank,7,7,1.000000
Person,hanji,7,7,1.000000
Person,hd,7,30,0.233333
Person,headerAlign,7,216,0.032407
Person,heightImperial,7,8,0.875000
Person,hqLocation,7,7,1.000000
Person,ht,7,21,0.333333
Person,htid,7,7,1.000000
Person,iboxOrder,7,57,0.122807
Person,imageMap,7,7,1.000000
Person,imageStyle,7,61,0.114754
Person,justiceClergyInstructionEnd,7,7,1.000000
Person,km,7,9,0.777778
Person,labelOffsetY,7,7,1.000000
Person,lastChampWin,7,8,0.875000
Person,lastIrlWin,7,9,0.777778
Person,lat12Deg,7,9,0.777778
Person,lat3Min,7,7,1.000000
Person,launched,7,7,1.000000
Person,lb,7,8,0.875000
Person,lcb,7,9,0.777778
Person,linktext,7,7,1.000000
Person,listChange,7,7,1.000000
Person,litigation,7,7,1.000000
Person,lmz,7,7,1.000000
Person,lon12Deg,7,9,0.777778
Person,lon3Min,7,7,1.000000
Person,lw,7,7,1.000000
Person,managerteams,7,7,1.000000
Person,manufacturer,7,7,1.000000
Person,marksize,7,41,0.170732
Person,medaltemplatesExpand,7,2729,0.002565
Person,membership,7,7,1.000000
Person,minister3Termend,7,7,1.000000
Person,minorWins,7,34,0.205882
Person,missWorldChile,7,7,1.000000
Person,mmadecwins,7,8,0.875000
Person,mmakowins,7,9,0.777778
Person,mmasubwins,7,9,0.777778
Person,name11a,7,7,1.000000
Person,name11b,7,7,1.000000
Person,name13a,7,7,1.000000
Person,name14a,7,7,1.000000
Person,name15a,7,7,1.000000
Person,name16a,7,7,1.000000
Person,name18a,7,7,1.000000
Person,name3d,7,7,1.000000
Person,name8a,7,8,0.875000
Person,name9a,7,7,1.000000
Person,nocatWdimage,7,173,0.040462
Person,nwidewins,7,541,0.012939
Person,olympicsRank,7,106,0.066038
Person,opened,7,7,1.000000
Person,orgId,7,7,1.000000
Person,party3name,7,7,1.000000
Person,peak2b,7,7,1.000000
Person,peak5b,7,8,0.875000
Person,peak6b,7,7,1.000000
Person,penaltyscore,7,34,0.205882
Person,pogoals,7,16,0.437500
Person,policy,7,7,1.000000
Person,post7years,7,7,1.000000
Person,precededBy,7,12,0.583333
Person,presidentLink,7,28,0.250000
Person,proYears,7,9,0.777778
Person,rb,7,8,0.875000
Person,rcm,7,7,1.000000
Person,rd3Score,7,18,0.388889
Person,realm,7,10,0.700000
Person,recordTemplate,7,7,1.000000
Person,relief,7,327,0.021407
Person,replyto,7,7,1.000000
Person,reportedDeath(s),7,7,1.000000
Person,restingplacecoordinates,7,8,0.875000
Person,retrieved,7,8,0.875000
Person,roles,7,7,1.000000
Person,rs,7,7,1.000000
Person,ruCoachlosses,7,10,0.700000
Person,ruCoachwins,7,10,0.700000
Person,ruPointsg,7,8,0.875000
Person,ruTriesd,7,30,0.233333
Person,rw,7,7,1.000000
Person,season10GroundBalls,7,7,1.000000
Person,season10Loss,7,9,0.777778
Person,season10Team,7,15,0.466667
Person,season11PlayoffGamesPlayed,7,43,0.162791
Person,season11PlayoffGoals,7,23,0.304348
Person,season11Seconds,7,7,1.000000
Person,season11Wins,7,8,0.875000
Person,season12Seconds,7,8,0.875000
Person,season13PlayoffGamesPlayed,7,34,0.205882
Person,season14GoalsAgainst,7,7,1.000000
Person,season14Minutes,7,7,1.000000
Person,season14Saves,7,7,1.000000
Person,season15PlayoffAssists,7,14,0.500000
Person,season15PlayoffGoals,7,11,0.636364
Person,season19Goals,7,8,0.875000
Person,season1Wins,7,9,0.777778
Person,season3PlayoffFaceoffsAtt,7,7,1.000000
Person,season3PlayoffFaceoffsWon,7,7,1.000000
Person,season4Loss,7,11,0.636364
Person,season5Loss,7,12,0.583333
Person,season5PlayoffSaves,7,8,0.875000
Person,season5Wins,7,11,0.636364
Person,season6Loss,7,12,0.583333
Person,season6PlayoffMinutes,7,8,0.875000
Person,season6PlayoffSaves,7,8,0.875000
Person,season7Loss,7,12,0.583333
Person,season7PlayoffGoalsAgainst,7,7,1.000000
Person,season7PlayoffMinutes,7,7,1.000000
Person,season7PlayoffSaves,7,7,1.000000
Person,season7Wins,7,11,0.636364
Person,season8PlayoffGamesPlayed,7,59,0.118644
Person,season9GroundBalls,7,9,0.777778
Person,season9PlayoffGoalsAgainst,7,7,1.000000
Person,season9PlayoffSaves,7,7,1.000000
Person,season9Wins,7,9,0.777778
Person,sernamEnd,7,7,1.000000
Person,son,7,7,1.000000
Person,span,7,22,0.318182
Person,spg,7,7,1.000000
Person,sports,7,7,1.000000
Person,ss300ActiveYears,7,14,0.500000
Person,ss300LastSeason,7,26,0.269231
Person,standardEbooksUrl,7,7,1.000000
Person,stat33label,7,207,0.033816
Person,stat3league,7,210,0.033333
Person,stateDelegate,7,1511,0.004633
Person,suppressedBy,7,7,1.000000
Person,term11a,7,7,1.000000
Person,term11b,7,7,1.000000
Person,term12a,7,7,1.000000
Person,term13a,7,7,1.000000
Person,term14a,7,7,1.000000
Person,term15a,7,7,1.000000
Person,term18a,7,7,1.000000
Person,term2b,7,9,0.777778
Person,term3d,7,7,1.000000
Person,term7b,7,7,1.000000
Person,to,7,7,1.000000
Person,tradhep,7,7,1.000000
Person,transcripts,7,7,1.000000
Person,unitLabel,7,19,0.368421
Person,unlinked,7,8,0.875000
Person,updates,7,9,0.777778
Person,usopendoublesjuniorresult,7,210,0.033333
Person,verse,7,8,0.875000
Person,weightUpdate,7,9,0.777778
Person,wembleyproresult,7,47,0.148936
Person,whaDraftYear,7,449,0.015590
Person,wikicommons,7,7,1.000000
Person,winnerParty,7,177,0.039548
Person,worldMixedChampionshipAppearances,7,61,0.114754
Person,worldsRank,7,106,0.066038
Species,ethnicity,7,7,1.000000
Species,winsAtPGA,7,15,0.466667
Species,500LastSeason,7,9,0.777778
Species,afldraftedyear,7,114,0.061404
Species,album5Label,7,7,1.000000
Species,album8Releasedate,7,7,1.000000
Species,album9Releasedate,7,7,1.000000
Species,amDraw,7,28,0.250000
Species,areas,7,7,1.000000
Species,award4w,7,41,0.170732
Species,award5w,7,33,0.212121
Species,award6n,7,23,0.304348
Species,award8n,7,16,0.437500
Species,backpocket,7,7,1.000000
Species,batting,7,21892,0.000320
Species,birthplace,7,7,1.000000
Species,blp,7,671,0.010432
Species,bowlopp,7,7,1.000000
Species,bssRaceStarts,7,7,1.000000
Species,bssTotalPoints,7,7,1.000000
Species,candId,7,7,1.000000
Species,candidate6Percent,7,7,1.000000
Species,candidate6Votes,7,7,1.000000
Species,champPoles,7,22,0.318182
Species,champWins,7,23,0.304348
Species,clcountyf,7,29,0.241379
Species,coachlossesd,7,15,0.466667
Species,coachteame,7,8,0.875000
Species,coachyearestart,7,7,1.000000
Species,commonssearch,7,7,1.000000
Species,communicationsDirector,7,7,1.000000
Species,conductor,7,7,1.000000
Species,cposition,7,12,0.583333
Species,cropLeftPerc,7,7,1.000000
Species,cropRightPerc,7,7,1.000000
Species,cropTopPerc,7,7,1.000000
Species,cultureStart,7,7,1.000000
Species,cursign,7,62,0.112903
Species,dan,7,13,0.538462
Species,dateOfIssue,7,7,1.000000
Species,dateOfRet,7,7,1.000000
Species,datum,7,7,1.000000
Species,designation1Criteria,7,7,1.000000
Species,designation1Free2value,7,7,1.000000
Species,direction,7,1922,0.003642
Species,domipubli,7,7,1.000000
Species,encyclopedia,7,8,0.875000
Species,endYear,7,22,0.318182
Species,englishPubDate,7,9,0.777778
Species,eptTitles,7,236,0.029661
Species,et,7,23,0.304348
Species,expandStudents,7,7,1.000000
Species,firstascents,7,7,1.000000
Species,firstHolder,7,8,0.875000
Species,fix,7,34,0.205882
Species,followerDate,7,7,1.000000
Species,forwardpocket,7,7,1.000000
Species,foundedDate,7,8,0.875000
Species,globe,7,16,0.437500
Species,gridRef,7,7,1.000000
Species,halfbackflank,7,7,1.000000
Species,halfforwardflank,7,7,1.000000
Species,hanji,7,7,1.000000
Species,hd,7,30,0.233333
Species,headerAlign,7,218,0.032110
Species,heightImperial,7,8,0.875000
Species,hqLocation,7,7,1.000000
Species,ht,7,21,0.333333
Species,htid,7,7,1.000000
Species,iboxOrder,7,57,0.122807
Species,imageMap,7,7,1.000000
Species,imageStyle,7,62,0.112903
Species,justiceClergyInstructionEnd,7,7,1.000000
Species,km,7,9,0.777778
Species,labelOffsetY,7,7,1.000000
Species,lastChampWin,7,8,0.875000
Species,lastIrlWin,7,9,0.777778
Species,lat10Deg,7,8,0.875000
Species,lat13Deg,7,8,0.875000
Species,lat14Deg,7,9,0.777778
Species,lat3Min,7,7,1.000000
Species,launched,7,7,1.000000
Species,lb,7,8,0.875000
Species,lcb,7,9,0.777778
Species,linktext,7,7,1.000000
Species,listChange,7,7,1.000000
Species,litigation,7,7,1.000000
Species,lon10Deg,7,8,0.875000
Species,lon13Deg,7,8,0.875000
Species,lon14Deg,7,9,0.777778
Species,lon3Min,7,7,1.000000
Species,lw,7,7,1.000000
Species,managerteams,7,7,1.000000
Species,manufacturer,7,7,1.000000
Species,medaltemplatesExpand,7,2729,0.002565
Species,membership,7,7,1.000000
Species,mi,7,7,1.000000
Species,minister3Termend,7,7,1.000000
Species,minorWins,7,34,0.205882
Species,missWorldChile,7,7,1.000000
Species,mmadecwins,7,8,0.875000
Species,mmakowins,7,9,0.777778
Species,mmasubwins,7,9,0.777778
Species,name11a,7,7,1.000000
Species,name11b,7,7,1.000000
Species,name13a,7,7,1.000000
Species,name14a,7,7,1.000000
Species,name15a,7,7,1.000000
Species,name16a,7,7,1.000000
Species,name18a,7,7,1.000000
Species,name3d,7,7,1.000000
Species,name8a,7,8,0.875000
Species,name9a,7,7,1.000000
Species,nocatWdimage,7,173,0.040462
Species,nwidewins,7,541,0.012939
Species,olympicsRank,7,106,0.066038
Species,opened,7,7,1.000000
Species,orgId,7,7,1.000000
Species,party3name,7,7,1.000000
Species,peak2b,7,7,1.000000
Species,peak5b,7,8,0.875000
Species,peak6b,7,7,1.000000
Species,penaltyscore,7,34,0.205882
Species,pogoals,7,16,0.437500
Species,policy,7,7,1.000000
Species,post7years,7,7,1.000000
Species,precededBy,7,12,0.583333
Species,presidentLink,7,28,0.250000
Species,proYears,7,9,0.777778
Species,rb,7,8,0.875000
Species,rcm,7,7,1.000000
Species,rd3Score,7,18,0.388889
Species,realm,7,10,0.700000
Species,recordTemplate,7,7,1.000000
Species,relief,7,328,0.021341
Species,replyto,7,7,1.000000
Species,reportedDeath(s),7,7,1.000000
Species,restingplacecoordinates,7,8,0.875000
Species,retrieved,7,8,0.875000
Species,roles,7,7,1.000000
Species,rs,7,7,1.000000
Species,ruCoachlosses,7,10,0.700000
Species,ruCoachwins,7,10,0.700000
Species,ruPointsg,7,8,0.875000
Species,ruTriesd,7,30,0.233333
Species,rw,7,7,1.000000
Species,season10GroundBalls,7,7,1.000000
Species,season10Loss,7,9,0.777778
Species,season10Team,7,15,0.466667
Species,season11PlayoffGamesPlayed,7,43,0.162791
Species,season11PlayoffGoals,7,23,0.304348
Species,season11Seconds,7,7,1.000000
Species,season11Wins,7,8,0.875000
Species,season12Seconds,7,8,0.875000
Species,season13PlayoffGamesPlayed,7,34,0.205882
Species,season14GoalsAgainst,7,7,1.000000
Species,season14Minutes,7,7,1.000000
Species,season14Saves,7,7,1.000000
Species,season15PlayoffAssists,7,14,0.500000
Species,season15PlayoffGoals,7,11,0.636364
Species,season19Goals,7,8,0.875000
Species,season1Wins,7,9,0.777778
Species,season3PlayoffFaceoffsAtt,7,7,1.000000
Species,season3PlayoffFaceoffsWon,7,7,1.000000
Species,season4Loss,7,11,0.636364
Species,season5Loss,7,12,0.583333
Species,season5PlayoffSaves,7,8,0.875000
Species,season5Wins,7,11,0.636364
Species,season6Loss,7,12,0.583333
Species,season6PlayoffMinutes,7,8,0.875000
Species,season6PlayoffSaves,7,8,0.875000
Species,season7Loss,7,12,0.583333
Species,season7PlayoffGoalsAgainst,7,7,1.000000
Species,season7PlayoffMinutes,7,7,1.000000
Species,season7PlayoffSaves,7,7,1.000000
Species,season7Wins,7,11,0.636364
Species,season8PlayoffGamesPlayed,7,59,0.118644
Species,season9GroundBalls,7,9,0.777778
Species,season9PlayoffGoalsAgainst,7,7,1.000000
Species,season9PlayoffSaves,7,7,1.000000
Species,season9Wins,7,9,0.777778
Species,sernamEnd,7,7,1.000000
Species,son,7,7,1.000000
Species,span,7,22,0.318182
Species,spg,7,7,1.000000
Species,sports,7,7,1.000000
Species,ss300ActiveYears,7,14,0.500000
Species,ss300LastSeason,7,26,0.269231
Species,standardEbooksUrl,7,7,1.000000
Species,stat33label,7,207,0.033816
Species,stat3league,7,210,0.033333
Species,stateDelegate,7,1511,0.004633
Species,superphylum,7,78,0.089744
Species,suppressedBy,7,7,1.000000
Species,term11a,7,7,1.000000
Species,term11b,7,7,1.000000
Species,term12a,7,7,1.000000
Species,term13a,7,7,1.000000
Species,term14a,7,7,1.000000
Species,term15a,7,7,1.000000
Species,term18a,7,7,1.000000
Species,term2b,7,9,0.777778
Species,term3d,7,7,1.000000
Species,term7b,7,7,1.000000
Species,to,7,7,1.000000
Species,tradhep,7,7,1.000000
Species,transcripts,7,7,1.000000
Species,unitLabel,7,19,0.368421
Species,unlinked,7,8,0.875000
Species,unrankedSubordo,7,18,0.388889
Species,updates,7,9,0.777778
Species,usopendoublesjuniorresult,7,210,0.033333
Species,verse,7,8,0.875000
Species,weightUpdate,7,9,0.777778
Species,wembleyproresult,7,47,0.148936
Species,whaDraftYear,7,449,0.015590
Species,wikicommons,7,7,1.000000
Species,wineHot,7,7,1.000000
Species,winnerParty,7,177,0.039548
Species,worldMixedChampionshipAppearances,7,61,0.114754
Species,worldsRank,7,106,0.066038
Star,status,7,37,0.189189
Galaxy,halfLightRadiusArcminsec,7,7,1.000000
Galaxy,type,7,19922,0.000351
ChemicalCompound,chemspiderid,7,7,1.000000
ChemicalCompound,d,7,8,0.875000
ChemicalCompound,drugName,7,7,1.000000
ChemicalCompound,imagecaptionlr,7,7,1.000000
ChemicalCompound,kegg,7,7,1.000000
ChemicalCompound,minorForwardProduct(s),7,7,1.000000
ChemicalCompound,pubchem,7,7,1.000000
ChemicalCompound,smiles,7,7,1.000000
ChemicalCompound,source,7,7,1.000000
ChemicalCompound,stdinchikey,7,7,1.000000
ChemicalCompound,text,7,7,1.000000
AdministrativeRegion,leaderTitle,7,76,0.092105
AdministrativeRegion,populationUrbanDensity,7,7,1.000000
AdministrativeRegion,populationUrbanDensity,7,7,1.000000
AdministrativeRegion,4a,7,7,1.000000
AdministrativeRegion,augUv,7,9,0.777778
AdministrativeRegion,authorlink,7,7,1.000000
AdministrativeRegion,barWidth,7,31,0.225806
AdministrativeRegion,beverage,7,16,0.437500
AdministrativeRegion,budget,7,7,1.000000
AdministrativeRegion,calendar,7,15,0.466667
AdministrativeRegion,collapsed,7,2681,0.002611
AdministrativeRegion,combatant,7,7,1.000000
AdministrativeRegion,constitution,7,15,0.466667
AdministrativeRegion,coordinatesFootnotes,7,12,0.583333
AdministrativeRegion,countyMayorAsOf,7,18,0.388889
AdministrativeRegion,decSnowDepthCm,7,7,1.000000
AdministrativeRegion,decUv,7,9,0.777778
AdministrativeRegion,designation2Offname,7,7,1.000000
AdministrativeRegion,dlf,7,160,0.043750
AdministrativeRegion,dog,7,7,1.000000
AdministrativeRegion,drf,7,11,0.636364
AdministrativeRegion,dSearch,7,7,1.000000
AdministrativeRegion,elevationMaxFootnotes,7,7,1.000000
AdministrativeRegion,ene,7,7,1.000000
AdministrativeRegion,ese,7,7,1.000000
AdministrativeRegion,febSnowDepthCm,7,7,1.000000
AdministrativeRegion,fedRepLink,7,8,0.875000
AdministrativeRegion,formerHundred,7,22,0.318182
AdministrativeRegion,from,7,7,1.000000
AdministrativeRegion,krf,7,14,0.500000
AdministrativeRegion,sp,7,15,0.466667
AdministrativeRegion,v,7,13,0.538462
AdministrativeRegion,helm,7,8,0.875000
AdministrativeRegion,highestMount,7,7,1.000000
AdministrativeRegion,imageWidth,7,13,0.538462
AdministrativeRegion,janSnowDepthCm,7,7,1.000000
AdministrativeRegion,julUv,7,9,0.777778
AdministrativeRegion,junRainInch,7,8,0.875000
AdministrativeRegion,kyst,7,54,0.129630
AdministrativeRegion,labelType,7,32,0.218750
AdministrativeRegion,locmapin,7,8,0.875000
AdministrativeRegion,mapframeId,7,7,1.000000
AdministrativeRegion,mayRainInch,7,8,0.875000
AdministrativeRegion,mayUv,7,9,0.777778
AdministrativeRegion,northWest,7,7,1.000000
AdministrativeRegion,novSnowDepthCm,7,7,1.000000
AdministrativeRegion,novUv,7,9,0.777778
AdministrativeRegion,officename,7,7,1.000000
AdministrativeRegion,popFootnotes,7,10,0.700000
AdministrativeRegion,populationfirst,7,7,1.000000
AdministrativeRegion,populationfirstyear,7,7,1.000000
AdministrativeRegion,postal2CodeType,7,200,0.035000
AdministrativeRegion,radius,7,14,0.500000
AdministrativeRegion,reignend,7,7,1.000000
AdministrativeRegion,replace,7,8,0.875000
AdministrativeRegion,sealType,7,31,0.225806
AdministrativeRegion,sepLight,7,9,0.777778
AdministrativeRegion,sepSnowInch,7,50,0.140000
AdministrativeRegion,shortTitle,7,7,1.000000
AdministrativeRegion,targetLink,7,7,1.000000
AdministrativeRegion,timeZone,7,2937,0.002383
AdministrativeRegion,unitRainDays,7,195,0.035897
AdministrativeRegion,unsworn,7,7,1.000000
AdministrativeRegion,yearSnowDepthCm,7,8,0.875000
Person,director,6,6,1.000000
Person,247Grade,6,8,0.750000
Person,500ActiveYears,6,10,0.600000
Person,500LastPosition,6,9,0.666667
Person,9a,6,6,1.000000
Person,9y,6,6,1.000000
Person,ad,6,34,0.176471
Person,aggregatescore,6,25,0.240000
Person,album6Label,6,6,1.000000
Person,album7Releasedate,6,7,0.857143
Person,allgoals,6,6,1.000000
Person,alternateName,6,6,1.000000
Person,amDecwin,6,38,0.157895
Person,amendments,6,6,1.000000
Person,amSubwin,6,86,0.069767
Person,apg,6,7,0.857143
Person,appealedTo,6,6,1.000000
Person,australianopendoublesjuniorresult,6,195,0.030769
Person,aux1t,6,6,1.000000
Person,auxa,6,6,1.000000
Person,award7n,6,21,0.285714
Person,bestwinyears,6,6,1.000000
Person,bf1Points,6,6,1.000000
Person,bf1Races,6,6,1.000000
Person,boLatn,6,6,1.000000
Person,breed,6,6,1.000000
Person,bssPodiums,6,7,0.857143
Person,candidate5Party,6,8,0.750000
Person,case,6,6,1.000000
Person,causeOfDeath,6,6,1.000000
Person,chartc,6,6,1.000000
Person,charts,6,26,0.230769
Person,chrtitle,6,37,0.162162
Person,cl,6,6,1.000000
Person,classWins,6,37,0.162162
Person,coachgamese,6,6,1.000000
Person,coachrank,6,10,0.600000
Person,coatofarms,6,9,0.666667
Person,comment,6,10,0.600000
Person,communicationsDirectorEnd,6,7,0.857143
Person,communicationsDirectorStart,6,6,1.000000
Person,completionDate,6,6,1.000000
Person,composers,6,6,1.000000
Person,conventionalLongName,6,6,1.000000
Person,convPoles,6,26,0.230769
Person,convWins,6,26,0.230769
Person,cropBottomPerc,6,7,0.857143
Person,cultureEnd,6,6,1.000000
Person,cup6Result,6,6,1.000000
Person,currentDrivers,6,6,1.000000
Person,dare,6,6,1.000000
Person,daughter,6,6,1.000000
Person,decEnd,6,6,1.000000
Person,decStart,6,6,1.000000
Person,definition,6,6,1.000000
Person,designer,6,6,1.000000
Person,dewey,6,7,0.857143
Person,distinctions,6,6,1.000000
Person,docket,6,6,1.000000
Person,dominiopu,6,6,1.000000
Person,draftPba,6,70,0.085714
Person,duration,6,6,1.000000
Person,educationParty,6,10,0.600000
Person,energy,6,6,1.000000
Person,energyStart,6,6,1.000000
Person,espnRank,6,7,0.857143
Person,exnum,6,46,0.130435
Person,expand,6,12,0.500000
Person,fieldgoalsb,6,2911,0.002061
Person,firstWin,6,6,1.000000
Person,fix,6,33,0.181818
Person,fixAttempted,6,12949,0.000463
Person,formerSeries,6,6,1.000000
Person,gneastPoles,6,26,0.230769
Person,gneastWins,6,26,0.230769
Person,governmentForeignAffairs,6,8,0.750000
Person,governmentForeignAffairsEnd,6,8,0.750000
Person,governmentForeignAffairsStart,6,8,0.750000
Person,grandchildren,6,6,1.000000
Person,hangulborn,6,6,1.000000
Person,heirApparent,6,6,1.000000
Person,imageNameAlt,6,6,1.000000
Person,incumbentsince,6,6,1.000000
Person,insuranceEnd,6,6,1.000000
Person,insuranceStart,6,6,1.000000
Person,judicialStatus,6,6,1.000000
Person,justiceClergyInstruction,6,7,0.857143
Person,justiceClergyInstructionStart,6,7,0.857143
Person,label4Size,6,14,0.428571
Person,label5Size,6,11,0.545455
Person,laborParty,6,9,0.666667
Person,lastCoronaRace,6,10,0.600000
Person,lat10Deg,6,7,0.857143
Person,lat13Deg,6,7,0.857143
Person,lat14Deg,6,8,0.750000
Person,lat2Min,6,9,0.666667
Person,lat4Min,6,6,1.000000
Person,lcm,6,6,1.000000
Person,lieutenantGovernorEnd,6,6,1.000000
Person,lieutenantGovernorStart,6,6,1.000000
Person,lineColor,6,11,0.545455
Person,live,6,27,0.222222
Person,livwins,6,24,0.250000
Person,lon10Deg,6,7,0.857143
Person,lon13Deg,6,7,0.857143
Person,lon14Deg,6,8,0.750000
Person,lon4Min,6,6,1.000000
Person,lord(s),6,6,1.000000
Person,loserParty,6,99,0.060606
Person,mark2size,6,19,0.315789
Person,mark3size,6,15,0.400000
Person,maxlink,6,64,0.093750
Person,mi,6,6,1.000000
Person,mil,6,7,0.857143
Person,milEnd,6,6,1.000000
Person,milStart,6,6,1.000000
Person,missRep.Dom.Tierra,6,7,0.857143
Person,mmalosses,6,8,0.750000
Person,mmaOtherwin,6,54,0.111111
Person,mon,6,6,1.000000
Person,mong,6,6,1.000000
Person,monr,6,6,1.000000
Person,motoeLastSeason,6,42,0.142857
Person,motoeRaceWins,6,43,0.139535
Person,motogpChampionships,6,108,0.055556
Person,mrborn,6,6,1.000000
Person,name10b,6,6,1.000000
Person,name12a,6,7,0.857143
Person,name13b,6,6,1.000000
Person,name16b,6,6,1.000000
Person,name17a,6,6,1.000000
Person,name1b,6,7,0.857143
Person,name2Transcription,6,6,1.000000
Person,name7b,6,6,1.000000
Person,national,6,6,1.000000
Person,nativeLang3Name,6,6,1.000000
Person,notableCommanders,6,6,1.000000
Person,olympicgolds,6,214,0.028037
Person,opentheme,6,6,1.000000
Person,origYear,6,9,0.666667
Person,overtime,6,228,0.026316
Person,passengers,6,8,0.750000
Person,peak7b,6,6,1.000000
Person,peak9a,6,6,1.000000
Person,pencil,6,712,0.008427
Person,pictureFormat,6,9,0.666667
Person,poll2lastweek,6,129,0.046512
Person,portals,6,373,0.016086
Person,post8followed,6,6,1.000000
Person,post8preceded,6,6,1.000000
Person,presentHolder,6,6,1.000000
Person,project,6,13,0.461538
Person,publicServiceStart,6,7,0.857143
Person,query,6,6,1.000000
Person,question,6,6,1.000000
Person,rd3Seed,6,12,0.500000
Person,rd4Team,6,6,1.000000
Person,redDiamondYear,6,7,0.857143
Person,refName,6,6,1.000000
Person,regionalsRank,6,107,0.056075
Person,regnal,6,6,1.000000
Person,relatedShows,6,6,1.000000
Person,releaseNumber,6,6,1.000000
Person,rivals,6,6,1.000000
Person,rna.N.DeBellezaMissRep.Dom.,6,7,0.857143
Person,royalTitle,6,10,0.600000
Person,rrborn,6,6,1.000000
Person,ruAppearancesg,6,8,0.750000
Person,rubyButton,6,64,0.093750
Person,ruGoalsb,6,113,0.053097
Person,ruPointsf,6,11,0.545455
Person,ruRefereeapps,6,10,0.600000
Person,ruYear7end,6,6,1.000000
Person,ruYear8start,6,6,1.000000
Person,sbkChampionships,6,165,0.036364
Person,screenplay,6,6,1.000000
Person,season10Shots,6,6,1.000000
Person,season10Wins,6,8,0.750000
Person,season11PlayoffPenaltyMinutes,6,16,0.375000
Person,season12Loss,6,7,0.857143
Person,season12PlayoffGamesPlayed,6,39,0.153846
Person,season13Loss,6,7,0.857143
Person,season13PlayoffPenaltyMinutes,6,15,0.400000
Person,season14Loss,6,7,0.857143
Person,season14PlayoffGamesPlayed,6,29,0.206897
Person,season14PlayoffGoals,6,17,0.352941
Person,season14PlayoffMinutes,6,6,1.000000
Person,season14PlayoffSaves,6,6,1.000000
Person,season14Seconds,6,6,1.000000
Person,season17PlayoffLooseBalls,6,8,0.750000
Person,season18PlayoffLooseBalls,6,6,1.000000
Person,season19GamesPlayed,6,10,0.600000
Person,season19PenaltyMinutes,6,8,0.750000
Person,season19TeamLink,6,10,0.600000
Person,season1Penalties,6,17,0.352941
Person,season20Year,6,6,1.000000
Person,season2PlayoffFaceoffsWon,6,8,0.750000
Person,season3Loss,6,10,0.600000
Person,season3Penalties,6,22,0.272727
Person,season3PlayoffSaves,6,6,1.000000
Person,season4PlayoffSeconds,6,7,0.857143
Person,season4Wins,6,11,0.545455
Person,season5Penalties,6,18,0.333333
Person,season5PlayoffGoalsAgainst,6,8,0.750000
Person,season6FaceoffsAtt,6,6,1.000000
Person,season6PlayoffGoalsAgainst,6,8,0.750000
Person,season7PlayoffShots,6,7,0.857143
Person,season8Loss,6,10,0.600000
Person,season8PlayoffGoalsAgainst,6,6,1.000000
Person,season8PlayoffMinutes,6,6,1.000000
Person,season8PlayoffSaves,6,6,1.000000
Person,season8Wins,6,10,0.600000
Person,season9Loss,6,9,0.666667
Person,season9PlayoffMinutes,6,7,0.857143
Person,segpresParty,6,13,0.461538
Person,sernamParty,6,8,0.750000
Person,shinjitai,6,6,1.000000
Person,shootoutscore,6,16,0.375000
Person,small,6,360,0.016667
Person,socialdevParty,6,10,0.600000
Person,some,6,7,0.857143
Person,sopt,6,2740,0.002190
Person,soundtrack,6,17,0.352941
Person,ss300FastestLaps,6,26,0.230769
Person,ss300Manufacturers,6,31,0.193548
Person,stat31label,6,210,0.028571
Person,stat34value,6,7,0.857143
Person,supp,6,50,0.120000
Person,surname,6,6,1.000000
Person,sw,6,9,0.666667
Person,talksection,6,7,0.857143
Person,term10b,6,6,1.000000
Person,term13b,6,6,1.000000
Person,term16a,6,7,0.857143
Person,term16b,6,6,1.000000
Person,term17a,6,6,1.000000
Person,term1b,6,7,0.857143
Person,tocresult,6,11,0.545455
Person,traditionMovement,6,7,0.857143
Person,transChapter,6,7,0.857143
Person,triesg,6,39,0.153846
Person,vicePresidentDate,6,6,1.000000
Person,voy,6,1878,0.003195
Person,widthImperial,6,7,0.857143
Person,worldwcrLastPosition,6,6,1.000000
Species,director,6,6,1.000000
Species,247Grade,6,8,0.750000
Species,500ActiveYears,6,10,0.600000
Species,500LastPosition,6,9,0.666667
Species,9a,6,6,1.000000
Species,9y,6,6,1.000000
Species,ad,6,34,0.176471
Species,aggregatescore,6,25,0.240000
Species,album6Label,6,6,1.000000
Species,album7Releasedate,6,7,0.857143
Species,allgoals,6,6,1.000000
Species,alternateName,6,6,1.000000
Species,amDecwin,6,38,0.157895
Species,amendments,6,6,1.000000
Species,amSubwin,6,86,0.069767
Species,apg,6,7,0.857143
Species,appealedTo,6,6,1.000000
Species,australianopendoublesjuniorresult,6,195,0.030769
Species,aux1t,6,6,1.000000
Species,auxa,6,6,1.000000
Species,award7n,6,21,0.285714
Species,bestwinyears,6,6,1.000000
Species,bf1Points,6,6,1.000000
Species,bf1Races,6,6,1.000000
Species,boLatn,6,6,1.000000
Species,bssPodiums,6,7,0.857143
Species,candidate5Party,6,8,0.750000
Species,case,6,6,1.000000
Species,causeOfDeath,6,6,1.000000
Species,chartc,6,6,1.000000
Species,charts,6,26,0.230769
Species,chrtitle,6,37,0.162162
Species,cl,6,6,1.000000
Species,classWins,6,37,0.162162
Species,coachgamese,6,6,1.000000
Species,coachrank,6,10,0.600000
Species,coatofarms,6,9,0.666667
Species,comment,6,10,0.600000
Species,communicationsDirectorEnd,6,7,0.857143
Species,communicationsDirectorStart,6,6,1.000000
Species,completionDate,6,6,1.000000
Species,composers,6,6,1.000000
Species,conventionalLongName,6,6,1.000000
Species,convPoles,6,26,0.230769
Species,convWins,6,26,0.230769
Species,cropBottomPerc,6,7,0.857143
Species,cultureEnd,6,6,1.000000
Species,cup6Result,6,6,1.000000
Species,currentDrivers,6,6,1.000000
Species,dare,6,6,1.000000
Species,daughter,6,6,1.000000
Species,decEnd,6,6,1.000000
Species,decStart,6,6,1.000000
Species,definition,6,6,1.000000
Species,designer,6,6,1.000000
Species,dewey,6,7,0.857143
Species,distinctions,6,6,1.000000
Species,docket,6,6,1.000000
Species,dominiopu,6,6,1.000000
Species,draftPba,6,70,0.085714
Species,duration,6,6,1.000000
Species,educationParty,6,10,0.600000
Species,energy,6,6,1.000000
Species,energyStart,6,6,1.000000
Species,espnRank,6,7,0.857143
Species,exnum,6,46,0.130435
Species,expand,6,12,0.500000
Species,fieldgoalsb,6,2911,0.002061
Species,firstWin,6,6,1.000000
Species,fixAttempted,6,13015,0.000461
Species,formerSeries,6,6,1.000000
Species,gneastPoles,6,26,0.230769
Species,gneastWins,6,26,0.230769
Species,governmentForeignAffairs,6,8,0.750000
Species,governmentForeignAffairsEnd,6,8,0.750000
Species,governmentForeignAffairsStart,6,8,0.750000
Species,grandchildren,6,6,1.000000
Species,hangulborn,6,6,1.000000
Species,heirApparent,6,6,1.000000
Species,imageNameAlt,6,6,1.000000
Species,incumbentsince,6,6,1.000000
Species,insuranceEnd,6,6,1.000000
Species,insuranceStart,6,6,1.000000
Species,judicialStatus,6,6,1.000000
Species,justiceClergyInstruction,6,7,0.857143
Species,justiceClergyInstructionStart,6,7,0.857143
Species,label4Size,6,14,0.428571
Species,label5Size,6,11,0.545455
Species,laborParty,6,9,0.666667
Species,lastCoronaRace,6,10,0.600000
Species,lat2Min,6,9,0.666667
Species,lat4Min,6,6,1.000000
Species,lcm,6,6,1.000000
Species,lieutenantGovernorEnd,6,6,1.000000
Species,lieutenantGovernorStart,6,6,1.000000
Species,lineColor,6,11,0.545455
Species,live,6,27,0.222222
Species,livwins,6,24,0.250000
Species,lon4Min,6,6,1.000000
Species,lord(s),6,6,1.000000
Species,loserParty,6,99,0.060606
Species,mark2size,6,19,0.315789
Species,mark3size,6,15,0.400000
Species,maxlink,6,64,0.093750
Species,mil,6,7,0.857143
Species,milEnd,6,6,1.000000
Species,milStart,6,6,1.000000
Species,missRep.Dom.Tierra,6,7,0.857143
Species,mmalosses,6,8,0.750000
Species,mmaOtherwin,6,54,0.111111
Species,mon,6,6,1.000000
Species,mong,6,6,1.000000
Species,monr,6,6,1.000000
Species,motoeLastSeason,6,42,0.142857
Species,motoeRaceWins,6,43,0.139535
Species,motogpChampionships,6,108,0.055556
Species,mrborn,6,6,1.000000
Species,name10b,6,6,1.000000
Species,name12a,6,7,0.857143
Species,name13b,6,6,1.000000
Species,name16b,6,6,1.000000
Species,name17a,6,6,1.000000
Species,name1b,6,7,0.857143
Species,name2Transcription,6,6,1.000000
Species,name7b,6,6,1.000000
Species,national,6,6,1.000000
Species,nativeLang3Name,6,6,1.000000
Species,notableCommanders,6,6,1.000000
Species,olympicgolds,6,214,0.028037
Species,opentheme,6,6,1.000000
Species,origYear,6,9,0.666667
Species,overtime,6,228,0.026316
Species,passengers,6,8,0.750000
Species,peak7b,6,6,1.000000
Species,peak9a,6,6,1.000000
Species,pencil,6,712,0.008427
Species,pictureFormat,6,9,0.666667
Species,poll2lastweek,6,129,0.046512
Species,portals,6,373,0.016086
Species,post8followed,6,6,1.000000
Species,post8preceded,6,6,1.000000
Species,presentHolder,6,6,1.000000
Species,project,6,13,0.461538
Species,publicServiceStart,6,7,0.857143
Species,query,6,6,1.000000
Species,question,6,6,1.000000
Species,racingColours,6,6,1.000000
Species,rd3Seed,6,12,0.500000
Species,rd4Team,6,6,1.000000
Species,redDiamondYear,6,7,0.857143
Species,refName,6,6,1.000000
Species,regionalsRank,6,107,0.056075
Species,regnal,6,6,1.000000
Species,relatedShows,6,6,1.000000
Species,releaseNumber,6,6,1.000000
Species,rivals,6,6,1.000000
Species,rna.N.DeBellezaMissRep.Dom.,6,7,0.857143
Species,royalTitle,6,10,0.600000
Species,rrborn,6,6,1.000000
Species,ruAppearancesg,6,8,0.750000
Species,rubyButton,6,64,0.093750
Species,ruGoalsb,6,113,0.053097
Species,ruPointsf,6,11,0.545455
Species,ruRefereeapps,6,10,0.600000
Species,ruYear7end,6,6,1.000000
Species,ruYear8start,6,6,1.000000
Species,sbkChampionships,6,165,0.036364
Species,screenplay,6,6,1.000000
Species,season10Shots,6,6,1.000000
Species,season10Wins,6,8,0.750000
Species,season11PlayoffPenaltyMinutes,6,16,0.375000
Species,season12Loss,6,7,0.857143
Species,season12PlayoffGamesPlayed,6,39,0.153846
Species,season13Loss,6,7,0.857143
Species,season13PlayoffPenaltyMinutes,6,15,0.400000
Species,season14Loss,6,7,0.857143
Species,season14PlayoffGamesPlayed,6,29,0.206897
Species,season14PlayoffGoals,6,17,0.352941
Species,season14PlayoffMinutes,6,6,1.000000
Species,season14PlayoffSaves,6,6,1.000000
Species,season14Seconds,6,6,1.000000
Species,season17PlayoffLooseBalls,6,8,0.750000
Species,season18PlayoffLooseBalls,6,6,1.000000
Species,season19GamesPlayed,6,10,0.600000
Species,season19PenaltyMinutes,6,8,0.750000
Species,season19TeamLink,6,10,0.600000
Species,season1Penalties,6,17,0.352941
Species,season20Year,6,6,1.000000
Species,season2PlayoffFaceoffsWon,6,8,0.750000
Species,season3Loss,6,10,0.600000
Species,season3Penalties,6,22,0.272727
Species,season3PlayoffSaves,6,6,1.000000
Species,season4PlayoffSeconds,6,7,0.857143
Species,season4Wins,6,11,0.545455
Species,season5Penalties,6,18,0.333333
Species,season5PlayoffGoalsAgainst,6,8,0.750000
Species,season6FaceoffsAtt,6,6,1.000000
Species,season6PlayoffGoalsAgainst,6,8,0.750000
Species,season7PlayoffShots,6,7,0.857143
Species,season8Loss,6,10,0.600000
Species,season8PlayoffGoalsAgainst,6,6,1.000000
Species,season8PlayoffMinutes,6,6,1.000000
Species,season8PlayoffSaves,6,6,1.000000
Species,season8Wins,6,10,0.600000
Species,season9Loss,6,9,0.666667
Species,season9PlayoffMinutes,6,7,0.857143
Species,segpresParty,6,13,0.461538
Species,seleniumUg,6,6,1.000000
Species,sernamParty,6,8,0.750000
Species,shinjitai,6,6,1.000000
Species,shootoutscore,6,16,0.375000
Species,small,6,401,0.014963
Species,socialdevParty,6,10,0.600000
Species,some,6,7,0.857143
Species,sopt,6,2740,0.002190
Species,soundtrack,6,17,0.352941
Species,speciesSubgroup,6,6,1.000000
Species,ss300FastestLaps,6,26,0.230769
Species,ss300Manufacturers,6,31,0.193548
Species,stat31label,6,210,0.028571
Species,stat34value,6,7,0.857143
Species,subregnum,6,8,0.750000
Species,supp,6,50,0.120000
Species,surname,6,6,1.000000
Species,sw,6,9,0.666667
Species,synonymsRef,6,17,0.352941
Species,talksection,6,7,0.857143
Species,term10b,6,6,1.000000
Species,term13b,6,6,1.000000
Species,term16a,6,7,0.857143
Species,term16b,6,6,1.000000
Species,term17a,6,6,1.000000
Species,term1b,6,7,0.857143
Species,tocresult,6,11,0.545455
Species,traditionMovement,6,7,0.857143
Species,transChapter,6,7,0.857143
Species,triesg,6,39,0.153846
Species,unrankedClassis,6,62,0.096774
Species,vicePresidentDate,6,6,1.000000
Species,voy,6,1878,0.003195
Species,widthImperial,6,7,0.857143
Species,wineCool,6,6,1.000000
Species,worldwcrLastPosition,6,6,1.000000
Star,group,6,34,0.176471
Star,letter,6,15,0.400000
Star,unconfirmedPlanets,6,6,1.000000
Star,years,6,7,0.857143
Galaxy,imageScale,6,41,0.146341
Galaxy,width,6,6,1.000000
ChemicalCompound,casNumber,6,6,1.000000
ChemicalCompound,atcPrefix,6,7,0.857143
ChemicalCompound,commons,6,18,0.333333
ChemicalCompound,direction,6,42,0.142857
ChemicalCompound,hex,6,6,1.000000
ChemicalCompound,iupacName,6,7,0.857143
ChemicalCompound,langcode,6,6,1.000000
ChemicalCompound,pdbLigand,6,6,1.000000
ChemicalCompound,pronounce,6,11,0.545455
ChemicalCompound,unii,6,6,1.000000
ChemicalCompound,verifiedfields,6,4432,0.001354
ChemicalCompound,watchedfields,6,5728,0.001047
AdministrativeRegion,2020pop,6,6,1.000000
AdministrativeRegion,accessDate,6,7,0.857143
AdministrativeRegion,align,6,641,0.009360
AdministrativeRegion,aprSnowDepthCm,6,7,0.857143
AdministrativeRegion,areaBlank2Km,6,6,1.000000
AdministrativeRegion,areaBlank2Title,6,8,0.750000
AdministrativeRegion,areaOfWhat,6,239,0.025105
AdministrativeRegion,coordinatesCaption,6,14,0.428571
AdministrativeRegion,dance,6,16,0.375000
AdministrativeRegion,decLight,6,9,0.666667
AdministrativeRegion,districtsKey,6,30,0.200000
AdministrativeRegion,districtsMap,6,42,0.142857
AdministrativeRegion,electorate,6,6,1.000000
AdministrativeRegion,elevationMinFootnotes,6,7,0.857143
AdministrativeRegion,establishedV,6,6,1.000000
AdministrativeRegion,fedRepParty,6,370,0.016216
AdministrativeRegion,fedStatus,6,918,0.006536
AdministrativeRegion,find,6,6,1.000000
AdministrativeRegion,float,6,1147,0.005231
AdministrativeRegion,footerAlign,6,33,0.181818
AdministrativeRegion,foundedTitle,6,36,0.166667
AdministrativeRegion,gain,6,8,0.750000
AdministrativeRegion,georegion,6,198,0.030303
AdministrativeRegion,governmentFootnotes,6,9,0.666667
AdministrativeRegion,governorParty,6,13,0.461538
AdministrativeRegion,grass,6,8,0.750000
AdministrativeRegion,grønne,6,197,0.030457
AdministrativeRegion,janUv,6,9,0.666667
AdministrativeRegion,junSnowInch,6,49,0.122449
AdministrativeRegion,junUv,6,9,0.666667
AdministrativeRegion,v,6,21,0.285714
AdministrativeRegion,lang2Content,6,9,0.666667
AdministrativeRegion,leader3Type,6,59,0.101695
AdministrativeRegion,legend1end,6,13,0.461538
AdministrativeRegion,logoRes,6,42,0.142857
AdministrativeRegion,mapframeCaption,6,6,1.000000
AdministrativeRegion,markSized,6,12,0.500000
AdministrativeRegion,marSnowDepthCm,6,7,0.857143
AdministrativeRegion,marUv,6,9,0.666667
AdministrativeRegion,metricFirst,6,3291,0.001823
AdministrativeRegion,mncRom,6,6,1.000000
AdministrativeRegion,mong,6,6,1.000000
AdministrativeRegion,no,6,6,1.000000
AdministrativeRegion,noOfUrbanTypeSettlementsOfDistrictSignificance,6,407,0.014742
AdministrativeRegion,northEast,6,6,1.000000
AdministrativeRegion,noteMid,6,8,0.750000
AdministrativeRegion,nsparty,6,117,0.051282
AdministrativeRegion,octSnowDepthCm,6,7,0.857143
AdministrativeRegion,patchcaption,6,6,1.000000
AdministrativeRegion,photoCaption,6,6,1.000000
AdministrativeRegion,picupright,6,22,0.272727
AdministrativeRegion,politicalStatus,6,66,0.090909
AdministrativeRegion,pope,6,23,0.260870
AdministrativeRegion,pushpinRelief,6,142,0.042254
AdministrativeRegion,rødt,6,151,0.039735
AdministrativeRegion,sv,6,7,0.857143
AdministrativeRegion,salary,6,6,1.000000
AdministrativeRegion,samefolket,6,12,0.500000
AdministrativeRegion,saskparty,6,35,0.171429
AdministrativeRegion,seat2Type,6,12,0.500000
AdministrativeRegion,shape,6,22,0.272727
AdministrativeRegion,ship,6,6,1.000000
AdministrativeRegion,siteName,6,7,0.857143
AdministrativeRegion,stationtype,6,17,0.352941
AdministrativeRegion,swing,6,6,1.000000
AdministrativeRegion,termlength,6,53,0.113208
AdministrativeRegion,titlestyle,6,64,0.093750
AdministrativeRegion,urbanPopPercent,6,6,1.000000
AdministrativeRegion,whs,6,6,1.000000
AdministrativeRegion,yearRainInch,6,6,1.000000
Person,firstAppearance,5,5,1.000000
Person,literaryGenre,5,5,1.000000
Person,musicComposer,5,5,1.000000
Person,network,5,5,1.000000
Person,numberOfEpisodes,5,5,1.000000
Person,releaseDate,5,5,1.000000
Person,statisticLabel,5,165,0.030303
Person,throwingSide,5,622,0.008039
Person,winsAtChallenges,5,22,0.227273
Person,winsAtLET,5,14,0.357143
Person,4ps,5,5,1.000000
Person,500Podiums,5,16,0.312500
Person,8pp,5,5,1.000000
Person,abbr,5,65,0.076923
Person,abovestyle,5,14,0.357143
Person,accessConditions,5,28,0.178571
Person,aflundraftedyear,5,7,0.714286
Person,agandmarketsEnd,5,5,1.000000
Person,agricultureParty,5,6,0.833333
Person,album10Releasedate,5,5,1.000000
Person,album11Releasedate,5,5,1.000000
Person,album12Releasedate,5,5,1.000000
Person,album1Formats,5,6,0.833333
Person,album2Formats,5,5,1.000000
Person,album3Formats,5,5,1.000000
Person,album7Label,5,5,1.000000
Person,album8Label,5,5,1.000000
Person,album9Label,5,5,1.000000
Person,albumCode,5,5,1.000000
Person,albumName,5,5,1.000000
Person,amends,5,5,1.000000
Person,areaOfLaw,5,5,1.000000
Person,articleName,5,5,1.000000
Person,att,5,35,0.142857
Person,auto,5,377,0.013263
Person,award6w,5,23,0.217391
Person,award7w,5,21,0.238095
Person,awardedFor,5,5,1.000000
Person,bankingEnd,5,5,1.000000
Person,bankingStart,5,5,1.000000
Person,baptismDate,5,5,1.000000
Person,bo,5,5,1.000000
Person,bowls,5,7223,0.000692
Person,bsbChampionships,5,35,0.142857
Person,bSide,5,5,1.000000
Person,bssLastPosition,5,5,1.000000
Person,bssLastSeason,5,5,1.000000
Person,bssManufacturers,5,7,0.714286
Person,candidate6Party,5,7,0.714286
Person,careerGames,5,7,0.714286
Person,cflallstar,5,5,1.000000
Person,choir,5,5,1.000000
Person,clear,5,169,0.029586
Person,clprovincef,5,8,0.625000
Person,coachdrawsa,5,249,0.020080
Person,coachlossese,5,6,0.833333
Person,coachyear10start,5,5,1.000000
Person,coachyear9end,5,5,1.000000
Person,coachyear9start,5,5,1.000000
Person,coachyeareend,5,5,1.000000
Person,codename2Label,5,8,0.625000
Person,connectedMembers,5,5,1.000000
Person,coroner,5,5,1.000000
Person,created,5,5,1.000000
Person,cup5Result,5,7,0.714286
Person,currentStatus,5,8,0.625000
Person,dec,5,6,0.833333
Person,decidedate,5,5,1.000000
Person,dfen,5,5,1.000000
Person,dissolution,5,5,1.000000
Person,dleague,5,5,1.000000
Person,dmvEnd,5,5,1.000000
Person,dmvStart,5,5,1.000000
Person,energyEnd,5,5,1.000000
Person,energyParty,5,5,1.000000
Person,extraInformation,5,5,1.000000
Person,faceValue,5,7,0.714286
Person,fhtitles,5,34,0.147059
Person,fieldgoalsc,5,1378,0.003628
Person,financeParty,5,8,0.625000
Person,firstConvRace,5,26,0.192308
Person,firstCoronaWin,5,6,0.833333
Person,firstMonarch,5,5,1.000000
Person,foreignAffairsParty,5,7,0.714286
Person,formerNllTeam,5,5,1.000000
Person,frac,5,12,0.416667
Person,frameLat,5,5,1.000000
Person,frameLong,5,5,1.000000
Person,gap,5,14,0.357143
Person,generalCounsel,5,5,1.000000
Person,generalCounselEnd,5,5,1.000000
Person,generalCounselStart,5,5,1.000000
Person,grandfather,5,5,1.000000
Person,grandslamcupresult,5,85,0.058824
Person,healthParty,5,9,0.555556
Person,hopmancupresult,5,129,0.038760
Person,husband,5,5,1.000000
Person,iculster,5,11,0.454545
Person,initiationRank,5,5,1.000000
Person,ink,5,573,0.008726
Person,inspgen,5,5,1.000000
Person,inspgenEnd,5,5,1.000000
Person,inspgenStart,5,5,1.000000
Person,insurance,5,6,0.833333
Person,interchange,5,5,1.000000
Person,interiorDate,5,5,1.000000
Person,junction,5,6,0.833333
Person,justiceDate,5,6,0.833333
Person,justiceParty,5,10,0.500000
Person,kyujitai,5,5,1.000000
Person,label1Size,5,7,0.714286
Person,label3Size,5,21,0.238095
Person,label6Size,5,9,0.555556
Person,label7Size,5,9,0.555556
Person,labelPos,5,35,0.142857
Person,labels,5,2497,0.002002
Person,lagtwins,5,40,0.125000
Person,lang2Content,5,5,1.000000
Person,lastCoronaWin,5,6,0.833333
Person,lat2Sec,5,5,1.000000
Person,lat5Min,5,5,1.000000
Person,laterWork,5,5,1.000000
Person,lcf,5,5,1.000000
Person,lengthMetric,5,5,1.000000
Person,links,5,275,0.018182
Person,lon2Sec,5,5,1.000000
Person,lon5Min,5,5,1.000000
Person,longName,5,5,1.000000
Person,mark5size,5,7,0.714286
Person,masterscupdoublesresult,5,125,0.040000
Person,medalsExpand,5,123,0.040650
Person,medalTemplates,5,6,0.833333
Person,member,5,5,1.000000
Person,merged,5,5,1.000000
Person,missAsiaPacificPanamá,5,5,1.000000
Person,missEarthChile,5,5,1.000000
Person,missHispanidadPanamá,5,5,1.000000
Person,mmaNc,5,482,0.010373
Person,mrstage,5,5,1.000000
Person,multiline,5,129,0.038760
Person,name12b,5,5,1.000000
Person,name17b,5,5,1.000000
Person,name19a,5,5,1.000000
Person,name19b,5,5,1.000000
Person,name1c,5,5,1.000000
Person,name20a,5,5,1.000000
Person,name2c,5,5,1.000000
Person,name8b,5,5,1.000000
Person,namesake,5,5,1.000000
Person,navyDate,5,6,0.833333
Person,noicon,5,179,0.027933
Person,nolink,5,26,0.192308
Person,numparts,5,6,0.833333
Person,occupants,5,5,1.000000
Person,onlysourced,5,403,0.012407
Person,otherdata,5,5,1.000000
Person,othertournaments,5,944,0.005297
Person,otherUrl,5,5,1.000000
Person,overlayImage,5,5,1.000000
Person,pageDisplayName,5,5,1.000000
Person,part1Choice,5,5,1.000000
Person,part1Percentage,5,5,1.000000
Person,party3color,5,5,1.000000
Person,party4name,5,5,1.000000
Person,peak10a,5,6,0.833333
Person,peak10b,5,5,1.000000
Person,photo1c,5,9,0.555556
Person,photo2a,5,5,1.000000
Person,photo2b,5,5,1.000000
Person,podcast,5,5,1.000000
Person,poll1lastweek,5,131,0.038168
Person,poll3lastweek,5,7,0.714286
Person,popim,5,16,0.312500
Person,post8years,5,5,1.000000
Person,postDate,5,7,0.714286
Person,preText,5,6,0.833333
Person,publicService,5,7,0.714286
Person,publicServiceEnd,5,6,0.833333
Person,publicWorksParty,5,9,0.555556
Person,purpose,5,5,1.000000
Person,qstyle,5,6,0.833333
Person,refereeyear5start,5,5,1.000000
Person,religiousAffiliation,5,5,1.000000
Person,relyear,5,5,1.000000
Person,repecPrefix,5,624,0.008013
Person,reportedInjuries,5,6,0.833333
Person,rev2score,5,6,0.833333
Person,rrstage,5,5,1.000000
Person,ruAppearancesf,5,11,0.454545
Person,ruCoachyear3end,5,5,1.000000
Person,ruCoachyear3start,5,6,0.833333
Person,ruFieldgoalsa,5,308,0.016234
Person,ruTriese,5,18,0.277778
Person,ruTriesg,5,8,0.625000
Person,ruYeardend,5,7,0.714286
Person,ruYeareend,5,7,0.714286
Person,scale,5,14,0.357143
Person,season10PlayoffPenaltyMinutes,5,20,0.250000
Person,season11GroundBalls,5,5,1.000000
Person,season11Team,5,13,0.384615
Person,season12Wins,5,7,0.714286
Person,season13PlayoffMinutes,5,5,1.000000
Person,season13PlayoffSaves,5,5,1.000000
Person,season13Wins,5,6,0.833333
Person,season14PlayoffGoalsAgainst,5,6,0.833333
Person,season14Wins,5,6,0.833333
Person,season15GoalsAgainst,5,5,1.000000
Person,season15Minutes,5,5,1.000000
Person,season15PlayoffGamesPlayed,5,20,0.250000
Person,season15PlayoffPenaltyMinutes,5,7,0.714286
Person,season15Saves,5,5,1.000000
Person,season16PlayoffAssists,5,11,0.454545
Person,season16PlayoffGamesPlayed,5,16,0.312500
Person,season18PenaltyMinutes,5,7,0.714286
Person,season19PlayoffAssists,5,5,1.000000
Person,season19PlayoffLooseBalls,5,5,1.000000
Person,season1Loss,5,9,0.555556
Person,season20Assists,5,5,1.000000
Person,season20Goals,5,5,1.000000
Person,season20PenaltyMinutes,5,5,1.000000
Person,season21Year,5,5,1.000000
Person,season22ptGoals,5,17,0.294118
Person,season2Penalties,5,27,0.185185
Person,season32ptGoals,5,16,0.312500
Person,season3PlayoffGoalsAgainst,5,6,0.833333
Person,season3PlayoffMinutes,5,6,0.833333
Person,season4Penalties,5,15,0.333333
Person,season5PlayoffFaceoffsAtt,5,5,1.000000
Person,season5PlayoffSeconds,5,6,0.833333
Person,season6PlayoffSeconds,5,5,1.000000
Person,season6Wins,5,11,0.454545
Person,season7PlayoffSeconds,5,5,1.000000
Person,season8PlayoffPenaltyMinutes,5,21,0.238095
Person,segegobParty,5,11,0.454545
Person,selected,5,18,0.277778
Person,shapeOutline,5,16,0.312500
Person,short,5,1110,0.004505
Person,single1date,5,5,1.000000
Person,single2date,5,5,1.000000
Person,single3date,5,5,1.000000
Person,ssChampionships,5,123,0.040650
Person,staff,5,5,1.000000
Person,stat34label,5,7,0.714286
Person,stat4year,5,6,0.833333
Person,stateHead,5,5,1.000000
Person,taxEnd,5,5,1.000000
Person,taxStart,5,5,1.000000
Person,template,5,7,0.714286
Person,teo,5,5,1.000000
Person,term12b,5,5,1.000000
Person,term17b,5,5,1.000000
Person,term19a,5,5,1.000000
Person,term19b,5,5,1.000000
Person,term1c,5,5,1.000000
Person,term20a,5,5,1.000000
Person,term2c,5,5,1.000000
Person,term8b,5,5,1.000000
Person,thLatn,5,5,1.000000
Person,titleLeader,5,6,0.833333
Person,titleWidth,5,5,1.000000
Person,topPick,5,5,1.000000
Person,traditions,5,5,1.000000
Person,transportation,5,5,1.000000
Person,transportationEnd,5,5,1.000000
Person,transportationStart,5,5,1.000000
Person,tvSeries,5,5,1.000000
Person,uig,5,5,1.000000
Person,umpire,5,804,0.006219
Person,units,5,5,1.000000
Person,videoFormat,5,16,0.312500
Person,t,5,677,0.007386
Person,warDate,5,7,0.714286
Person,wayback,5,5,1.000000
Person,wctfinalsresult,5,62,0.080645
Person,weight(st),5,6,0.833333
Person,wheelchairtennismastersresult,5,39,0.128205
Person,wife,5,5,1.000000
Person,worldJuniorChampionshipAppearances,5,19,0.263158
Person,worldMissUniversity,5,24,0.208333
Person,worldwcrRaceWins,5,6,0.833333
Person,worldwcrTotalPoints,5,6,0.833333
Person,year15start,5,7,0.714286
Person,yearLeader,5,5,1.000000
Person,zwpy,5,5,1.000000
Species,firstAppearance,5,5,1.000000
Species,literaryGenre,5,5,1.000000
Species,musicComposer,5,5,1.000000
Species,network,5,5,1.000000
Species,numberOfEpisodes,5,5,1.000000
Species,releaseDate,5,5,1.000000
Species,statisticLabel,5,165,0.030303
Species,throwingSide,5,622,0.008039
Species,winsAtChallenges,5,22,0.227273
Species,winsAtLET,5,14,0.357143
Species,4ps,5,5,1.000000
Species,500Podiums,5,16,0.312500
Species,8pp,5,5,1.000000
Species,abbr,5,65,0.076923
Species,abovestyle,5,14,0.357143
Species,accessConditions,5,28,0.178571
Species,aflundraftedyear,5,7,0.714286
Species,agandmarketsEnd,5,5,1.000000
Species,agricultureParty,5,6,0.833333
Species,album10Releasedate,5,5,1.000000
Species,album11Releasedate,5,5,1.000000
Species,album12Releasedate,5,5,1.000000
Species,album1Formats,5,6,0.833333
Species,album2Formats,5,5,1.000000
Species,album3Formats,5,5,1.000000
Species,album7Label,5,5,1.000000
Species,album8Label,5,5,1.000000
Species,album9Label,5,5,1.000000
Species,albumCode,5,5,1.000000
Species,albumName,5,5,1.000000
Species,amends,5,5,1.000000
Species,areaOfLaw,5,5,1.000000
Species,articleName,5,5,1.000000
Species,att,5,36,0.138889
Species,auto,5,377,0.013263
Species,award6w,5,23,0.217391
Species,award7w,5,21,0.238095
Species,awardedFor,5,5,1.000000
Species,bankingEnd,5,5,1.000000
Species,bankingStart,5,5,1.000000
Species,baptismDate,5,5,1.000000
Species,bo,5,5,1.000000
Species,bowls,5,7223,0.000692
Species,bsbChampionships,5,35,0.142857
Species,bSide,5,5,1.000000
Species,bssLastPosition,5,5,1.000000
Species,bssLastSeason,5,5,1.000000
Species,bssManufacturers,5,7,0.714286
Species,candidate6Party,5,7,0.714286
Species,careerGames,5,7,0.714286
Species,cflallstar,5,5,1.000000
Species,choir,5,5,1.000000
Species,clear,5,169,0.029586
Species,clprovincef,5,8,0.625000
Species,coachdrawsa,5,249,0.020080
Species,coachlossese,5,6,0.833333
Species,coachyear10start,5,5,1.000000
Species,coachyear9end,5,5,1.000000
Species,coachyear9start,5,5,1.000000
Species,coachyeareend,5,5,1.000000
Species,codename2Label,5,8,0.625000
Species,connectedMembers,5,5,1.000000
Species,coroner,5,5,1.000000
Species,created,5,5,1.000000
Species,cup5Result,5,7,0.714286
Species,currentStatus,5,8,0.625000
Species,dec,5,6,0.833333
Species,decidedate,5,5,1.000000
Species,dfen,5,5,1.000000
Species,dissolution,5,5,1.000000
Species,dleague,5,5,1.000000
Species,dmvEnd,5,5,1.000000
Species,dmvStart,5,5,1.000000
Species,domain,5,4311,0.001160
Species,energyEnd,5,5,1.000000
Species,energyParty,5,5,1.000000
Species,extraInformation,5,5,1.000000
Species,faceValue,5,7,0.714286
Species,fhtitles,5,34,0.147059
Species,fieldgoalsc,5,1378,0.003628
Species,financeParty,5,8,0.625000
Species,firstConvRace,5,26,0.192308
Species,firstCoronaWin,5,6,0.833333
Species,firstMonarch,5,5,1.000000
Species,foreignAffairsParty,5,7,0.714286
Species,formerNllTeam,5,5,1.000000
Species,frac,5,12,0.416667
Species,frameLat,5,5,1.000000
Species,frameLong,5,5,1.000000
Species,gap,5,14,0.357143
Species,generalCounsel,5,5,1.000000
Species,generalCounselEnd,5,5,1.000000
Species,generalCounselStart,5,5,1.000000
Species,grandfather,5,5,1.000000
Species,grandslamcupresult,5,85,0.058824
Species,healthParty,5,9,0.555556
Species,hopmancupresult,5,129,0.038760
Species,husband,5,5,1.000000
Species,hymeniumtype,5,26,0.192308
Species,iculster,5,11,0.454545
Species,initiationRank,5,5,1.000000
Species,ink,5,573,0.008726
Species,inspgen,5,5,1.000000
Species,inspgenEnd,5,5,1.000000
Species,inspgenStart,5,5,1.000000
Species,insurance,5,6,0.833333
Species,interchange,5,5,1.000000
Species,interiorDate,5,5,1.000000
Species,junction,5,6,0.833333
Species,justiceDate,5,6,0.833333
Species,justiceParty,5,10,0.500000
Species,kyujitai,5,5,1.000000
Species,label1Size,5,7,0.714286
Species,label3Size,5,21,0.238095
Species,label6Size,5,9,0.555556
Species,label7Size,5,9,0.555556
Species,labelPos,5,35,0.142857
Species,labels,5,2502,0.001998
Species,lagtwins,5,40,0.125000
Species,lang2Content,5,5,1.000000
Species,lastCoronaWin,5,6,0.833333
Species,lat2Sec,5,5,1.000000
Species,lat5Min,5,5,1.000000
Species,laterWork,5,5,1.000000
Species,lcf,5,5,1.000000
Species,lengthMetric,5,5,1.000000
Species,links,5,276,0.018116
Species,lon2Sec,5,5,1.000000
Species,lon5Min,5,5,1.000000
Species,longName,5,5,1.000000
Species,mark5size,5,7,0.714286
Species,masterscupdoublesresult,5,125,0.040000
Species,medalsExpand,5,123,0.040650
Species,medalTemplates,5,6,0.833333
Species,member,5,5,1.000000
Species,merged,5,5,1.000000
Species,missAsiaPacificPanamá,5,5,1.000000
Species,missEarthChile,5,5,1.000000
Species,missHispanidadPanamá,5,5,1.000000
Species,mmaNc,5,482,0.010373
Species,mrstage,5,5,1.000000
Species,multiline,5,129,0.038760
Species,name12b,5,5,1.000000
Species,name17b,5,5,1.000000
Species,name19a,5,5,1.000000
Species,name19b,5,5,1.000000
Species,name1c,5,5,1.000000
Species,name20a,5,5,1.000000
Species,name2c,5,5,1.000000
Species,name8b,5,5,1.000000
Species,namesake,5,5,1.000000
Species,navyDate,5,6,0.833333
Species,noicon,5,179,0.027933
Species,nolink,5,26,0.192308
Species,numparts,5,6,0.833333
Species,occupants,5,5,1.000000
Species,onlysourced,5,403,0.012407
Species,otherdata,5,5,1.000000
Species,othertournaments,5,944,0.005297
Species,otherUrl,5,5,1.000000
Species,overlayImage,5,5,1.000000
Species,pageDisplayName,5,5,1.000000
Species,part1Choice,5,5,1.000000
Species,part1Percentage,5,5,1.000000
Species,party3color,5,5,1.000000
Species,party4name,5,5,1.000000
Species,peak10a,5,6,0.833333
Species,peak10b,5,5,1.000000
Species,photo1c,5,9,0.555556
Species,photo2a,5,5,1.000000
Species,photo2b,5,5,1.000000
Species,podcast,5,5,1.000000
Species,poll1lastweek,5,131,0.038168
Species,poll3lastweek,5,7,0.714286
Species,polyfat,5,5,1.000000
Species,popim,5,16,0.312500
Species,post8years,5,5,1.000000
Species,postDate,5,7,0.714286
Species,preText,5,6,0.833333
Species,publicService,5,7,0.714286
Species,publicServiceEnd,5,6,0.833333
Species,publicWorksParty,5,9,0.555556
Species,purpose,5,5,1.000000
Species,qstyle,5,6,0.833333
Species,refereeyear5start,5,5,1.000000
Species,religiousAffiliation,5,5,1.000000
Species,relyear,5,5,1.000000
Species,repecPrefix,5,624,0.008013
Species,reportedInjuries,5,6,0.833333
Species,rev2score,5,6,0.833333
Species,right,5,8,0.625000
Species,rrstage,5,5,1.000000
Species,ruAppearancesf,5,11,0.454545
Species,ruCoachyear3end,5,5,1.000000
Species,ruCoachyear3start,5,6,0.833333
Species,ruFieldgoalsa,5,308,0.016234
Species,ruTriese,5,18,0.277778
Species,ruTriesg,5,8,0.625000
Species,ruYeardend,5,7,0.714286
Species,ruYeareend,5,7,0.714286
Species,satfat,5,5,1.000000
Species,scale,5,14,0.357143
Species,season10PlayoffPenaltyMinutes,5,20,0.250000
Species,season11GroundBalls,5,5,1.000000
Species,season11Team,5,13,0.384615
Species,season12Wins,5,7,0.714286
Species,season13PlayoffMinutes,5,5,1.000000
Species,season13PlayoffSaves,5,5,1.000000
Species,season13Wins,5,6,0.833333
Species,season14PlayoffGoalsAgainst,5,6,0.833333
Species,season14Wins,5,6,0.833333
Species,season15GoalsAgainst,5,5,1.000000
Species,season15Minutes,5,5,1.000000
Species,season15PlayoffGamesPlayed,5,20,0.250000
Species,season15PlayoffPenaltyMinutes,5,7,0.714286
Species,season15Saves,5,5,1.000000
Species,season16PlayoffAssists,5,11,0.454545
Species,season16PlayoffGamesPlayed,5,16,0.312500
Species,season18PenaltyMinutes,5,7,0.714286
Species,season19PlayoffAssists,5,5,1.000000
Species,season19PlayoffLooseBalls,5,5,1.000000
Species,season1Loss,5,9,0.555556
Species,season20Assists,5,5,1.000000
Species,season20Goals,5,5,1.000000
Species,season20PenaltyMinutes,5,5,1.000000
Species,season21Year,5,5,1.000000
Species,season22ptGoals,5,17,0.294118
Species,season2Penalties,5,27,0.185185
Species,season32ptGoals,5,16,0.312500
Species,season3PlayoffGoalsAgainst,5,6,0.833333
Species,season3PlayoffMinutes,5,6,0.833333
Species,season4Penalties,5,15,0.333333
Species,season5PlayoffFaceoffsAtt,5,5,1.000000
Species,season5PlayoffSeconds,5,6,0.833333
Species,season6PlayoffSeconds,5,5,1.000000
Species,season6Wins,5,11,0.454545
Species,season7PlayoffSeconds,5,5,1.000000
Species,season8PlayoffPenaltyMinutes,5,21,0.238095
Species,segegobParty,5,11,0.454545
Species,selected,5,18,0.277778
Species,shapeOutline,5,16,0.312500
Species,short,5,1110,0.004505
Species,single1date,5,5,1.000000
Species,single2date,5,5,1.000000
Species,single3date,5,5,1.000000
Species,speciesComplex,5,5,1.000000
Species,ssChampionships,5,123,0.040650
Species,staff,5,5,1.000000
Species,stat34label,5,7,0.714286
Species,stat4year,5,6,0.833333
Species,stateHead,5,5,1.000000
Species,stipecharacter,5,25,0.200000
Species,superclassis,5,7,0.714286
Species,taxEnd,5,5,1.000000
Species,taxStart,5,5,1.000000
Species,template,5,7,0.714286
Species,teo,5,5,1.000000
Species,term12b,5,5,1.000000
Species,term17b,5,5,1.000000
Species,term19a,5,5,1.000000
Species,term19b,5,5,1.000000
Species,term1c,5,5,1.000000
Species,term20a,5,5,1.000000
Species,term2c,5,5,1.000000
Species,term8b,5,5,1.000000
Species,thLatn,5,5,1.000000
Species,titleLeader,5,6,0.833333
Species,titleWidth,5,5,1.000000
Species,topPick,5,5,1.000000
Species,traditions,5,5,1.000000
Species,transportation,5,5,1.000000
Species,transportationEnd,5,5,1.000000
Species,transportationStart,5,5,1.000000
Species,tvSeries,5,5,1.000000
Species,uig,5,5,1.000000
Species,umpire,5,804,0.006219
Species,units,5,5,1.000000
Species,unrankedRegnum,5,483,0.010352
Species,unrankedSubregnum,5,157,0.031847
Species,videoFormat,5,16,0.312500
Species,virusGroup,5,33,0.151515
Species,t,5,677,0.007386
Species,warDate,5,7,0.714286
Species,wayback,5,5,1.000000
Species,wctfinalsresult,5,62,0.080645
Species,weight(st),5,6,0.833333
Species,wheelchairtennismastersresult,5,39,0.128205
Species,wife,5,5,1.000000
Species,worldJuniorChampionshipAppearances,5,19,0.263158
Species,worldMissUniversity,5,24,0.208333
Species,worldwcrRaceWins,5,6,0.833333
Species,worldwcrTotalPoints,5,6,0.833333
Species,year15start,5,7,0.714286
Species,yearLeader,5,5,1.000000
Species,zwpy,5,5,1.000000
Star,density,5,5,1.000000
Star,discovered,5,7,0.714286
Star,discoveryMethod,5,8,0.625000
Star,header,5,13,0.384615
Star,id,5,11,0.454545
Star,mark,5,16,0.312500
Star,markWidth,5,13,0.384615
Star,s,5,6,0.833333
Star,t,5,6,0.833333
Star,year,5,5,1.000000
Galaxy,constellation,5,5,1.000000
Galaxy,label,5,5,1.000000
ChemicalCompound,pubchem,5,5,1.000000
ChemicalCompound,smiles,5,5,1.000000
ChemicalCompound,atcSuffix,5,5,1.000000
ChemicalCompound,chebi,5,5,1.000000
ChemicalCompound,class,5,9,0.555556
ChemicalCompound,e,5,5,1.000000
ChemicalCompound,forProd,5,5,1.000000
ChemicalCompound,organism,5,5,1.000000
ChemicalCompound,portal,5,21,0.238095
ChemicalCompound,prep,5,5,1.000000
ChemicalCompound,r,5,5,1.000000
ChemicalCompound,reverseEnzyme,5,5,1.000000
ChemicalCompound,video,5,5,1.000000
AdministrativeRegion,censusYear,5,1277,0.003915
AdministrativeRegion,locatedInArea,5,9,0.555556
AdministrativeRegion,4y,5,6,0.833333
AdministrativeRegion,added,5,5,1.000000
AdministrativeRegion,areaGained,5,5,1.000000
AdministrativeRegion,areaGainedYear,5,5,1.000000
AdministrativeRegion,areaLostYear,5,7,0.714286
AdministrativeRegion,bgcolor,5,11,0.454545
AdministrativeRegion,blank5Name,5,13,0.384615
AdministrativeRegion,book,5,5,1.000000
AdministrativeRegion,bot,5,457,0.010941
AdministrativeRegion,bufferZone,5,5,1.000000
AdministrativeRegion,censusEstimateYr,5,23,0.217391
AdministrativeRegion,coaRes,5,11,0.454545
AdministrativeRegion,code2Info,5,5,1.000000
AdministrativeRegion,compartment,5,5,1.000000
AdministrativeRegion,countryLargestCity,5,5,1.000000
AdministrativeRegion,criteria,5,7,0.714286
AdministrativeRegion,cy,5,5,1.000000
AdministrativeRegion,dab,5,5,1.000000
AdministrativeRegion,designation2Date,5,5,1.000000
AdministrativeRegion,designation2Number,5,5,1.000000
AdministrativeRegion,v,5,43,0.116279
AdministrativeRegion,ef,5,5,1.000000
AdministrativeRegion,endDate,5,5,1.000000
AdministrativeRegion,establishedC,5,5,1.000000
AdministrativeRegion,expiryDate,5,5,1.000000
AdministrativeRegion,fascicle,5,6,0.833333
AdministrativeRegion,fill,5,21,0.238095
AdministrativeRegion,fnb,5,10,0.500000
AdministrativeRegion,gainedFrom,5,5,1.000000
AdministrativeRegion,v,5,10,0.500000
AdministrativeRegion,image2Upright,5,89,0.056180
AdministrativeRegion,imageEmblem,5,5,1.000000
AdministrativeRegion,imageName,5,5,1.000000
AdministrativeRegion,inp,5,88,0.056818
AdministrativeRegion,invalid,5,5,1.000000
AdministrativeRegion,judges,5,5,1.000000
AdministrativeRegion,kanji,5,5,1.000000
AdministrativeRegion,labelOffsetX,5,8,0.625000
AdministrativeRegion,landrat,5,5,1.000000
AdministrativeRegion,legaljuris,5,16,0.312500
AdministrativeRegion,lieutenantGovernorAlt,5,5,1.000000
AdministrativeRegion,localMapId,5,5,1.000000
AdministrativeRegion,lockups,5,12,0.416667
AdministrativeRegion,logoAlt,5,6,0.833333
AdministrativeRegion,loss,5,6,0.833333
AdministrativeRegion,lostTo,5,7,0.714286
AdministrativeRegion,mapData,5,5,1.000000
AdministrativeRegion,marLight,5,9,0.555556
AdministrativeRegion,materials,5,5,1.000000
AdministrativeRegion,mayorName,5,5,1.000000
AdministrativeRegion,mayorOffice,5,5,1.000000
AdministrativeRegion,maySnowDepthCm,5,7,0.714286
AdministrativeRegion,mncV,5,5,1.000000
AdministrativeRegion,nationalAnthem,5,5,1.000000
AdministrativeRegion,net,5,7,0.714286
AdministrativeRegion,noOfCitiesTowns,5,418,0.011962
AdministrativeRegion,noOfTownsOfDistrictSignificance,5,285,0.017544
AdministrativeRegion,nSearch,5,14,0.357143
AdministrativeRegion,officialLanguages,5,5,1.000000
AdministrativeRegion,otherColor,5,13,0.384615
AdministrativeRegion,part,5,7,0.714286
AdministrativeRegion,perrow,5,52,0.096154
AdministrativeRegion,person,5,5,1.000000
AdministrativeRegion,photo,5,5,1.000000
AdministrativeRegion,politicalStatusLink,5,66,0.075758
AdministrativeRegion,populationDensityUrbanKm,5,66,0.075758
AdministrativeRegion,populationlast,5,5,1.000000
AdministrativeRegion,refnum,5,5,1.000000
AdministrativeRegion,refPop,5,5,1.000000
AdministrativeRegion,repealingLegislation,5,5,1.000000
AdministrativeRegion,rødValgallianse,5,90,0.055556
AdministrativeRegion,romaji,5,5,1.000000
AdministrativeRegion,scalemark,5,6,0.833333
AdministrativeRegion,sepSnowCm,5,13,0.384615
AdministrativeRegion,southWest,5,6,0.833333
AdministrativeRegion,sport,5,6,0.833333
AdministrativeRegion,surveyorparty,5,69,0.072464
AdministrativeRegion,suz,5,5,1.000000
AdministrativeRegion,tartan,5,5,1.000000
AdministrativeRegion,thumb,5,931,0.005371
AdministrativeRegion,timeDay,5,24,0.208333
AdministrativeRegion,timezone3Location,5,6,0.833333
AdministrativeRegion,unitSnowDays,5,40,0.125000
AdministrativeRegion,utcDst,5,495,0.010101
AdministrativeRegion,yahoo,5,5,1.000000
AdministrativeRegion,ytparty,5,38,0.131579
AdministrativeRegion,zhDungan,5,5,1.000000
Person,author,4,4,1.000000
Person,ideology,4,4,1.000000
Person,isbn,4,4,1.000000
Person,owningOrganisation,4,4,1.000000
Person,portrayer,4,4,1.000000
Person,publisher,4,4,1.000000
Person,winsAtChampionships,4,14,0.285714
Person,winsAtSenEuro,4,16,0.250000
Person,250Championships,4,66,0.060606
Person,4name,4,4,1.000000
Person,500FastestLaps,4,16,0.250000
Person,500Poles,4,16,0.250000
Person,500RaceWins,4,16,0.250000
Person,80Manufacturers,4,4,1.000000
Person,accessed,4,6,0.666667
Person,accusation,4,4,1.000000
Person,agandmarkets,4,5,0.800000
Person,agandmarketsStart,4,4,1.000000
Person,aid,4,4,1.000000
Person,album4Formats,4,4,1.000000
Person,album5Formats,4,4,1.000000
Person,am,4,26,0.153846
Person,amasbManufacturers,4,5,0.800000
Person,amt,4,4,1.000000
Person,aname,4,4,1.000000
Person,architecturalStyle,4,4,1.000000
Person,architectureStyle,4,4,1.000000
Person,arms,4,5,0.800000
Person,assailants,4,4,1.000000
Person,association,4,4,1.000000
Person,atotal,4,4,1.000000
Person,attygenEnd,4,4,1.000000
Person,attygenStart,4,4,1.000000
Person,authorMask,4,7,0.571429
Person,authors,4,4,1.000000
Person,award10n,4,9,0.444444
Person,award10w,4,9,0.444444
Person,award8w,4,16,0.250000
Person,award9n,4,10,0.400000
Person,award9w,4,10,0.400000
Person,banking,4,5,0.800000
Person,barwidth,4,8,0.500000
Person,bball,4,565,0.007080
Person,bestwins,4,6,0.666667
Person,bf1FastestLaps,4,6,0.666667
Person,bf1Podiums,4,6,0.666667
Person,bf1Wins,4,6,0.666667
Person,bf1Years,4,6,0.666667
Person,born,4,4,1.000000
Person,bowlGames,4,21,0.190476
Person,boxingwins,4,4,1.000000
Person,bpg,4,5,0.800000
Person,bronze,4,4,1.000000
Person,brother,4,4,1.000000
Person,bssPoles,4,8,0.500000
Person,bssRaceWins,4,8,0.500000
Person,builder,4,4,1.000000
Person,camera,4,4,1.000000
Person,candidate2PartyUnlinked,4,5,0.800000
Person,candidate3PartyUnlinked,4,7,0.571429
Person,candidate7Percent,4,4,1.000000
Person,candidate7Votes,4,4,1.000000
Person,cap,4,22,0.181818
Person,captionAlign,4,511,0.007828
Person,centre,4,4,1.000000
Person,centrehalfback,4,4,1.000000
Person,centrehalfforward,4,4,1.000000
Person,certain,4,568,0.007042
Person,cervantes,4,4,1.000000
Person,cf,4,4,1.000000
Person,change(16),4,4,1.000000
Person,channelUrl,4,4,1.000000
Person,chartd,4,4,1.000000
Person,chronology,4,4,1.000000
Person,civilserviceEnd,4,4,1.000000
Person,civilserviceStart,4,4,1.000000
Person,closed,4,4,1.000000
Person,clprovinceh,4,7,0.571429
Person,coachdrawsb,4,97,0.041237
Person,coachyear10end,4,4,1.000000
Person,coatOfArmsCaption,4,4,1.000000
Person,collapse,4,68,0.058824
Person,collapsed,4,265,0.015094
Person,collapsible,4,89,0.044944
Person,compEnd,4,5,0.800000
Person,competitors,4,4,1.000000
Person,compLink,4,12,0.333333
Person,compStart,4,4,1.000000
Person,conamaParty,4,7,0.571429
Person,concurrence,4,4,1.000000
Person,consorts,4,4,1.000000
Person,context,4,68,0.058824
Person,cremationPlace,4,4,1.000000
Person,currentClub,4,4,1.000000
Person,currentHead,4,4,1.000000
Person,currentOwner,4,4,1.000000
Person,customdates,4,4,1.000000
Person,dateEnd,4,4,1.000000
Person,dateformat,4,1842,0.002172
Person,dateStart,4,4,1.000000
Person,decorations,4,4,1.000000
Person,defenseParty,4,9,0.444444
Person,design,4,4,1.000000
Person,designation1Free2name,4,8,0.500000
Person,df,4,8,0.500000
Person,divisions,4,4,1.000000
Person,dmv,4,5,0.800000
Person,draw,4,8,0.500000
Person,dtitle,4,4,1.000000
Person,economyParty,4,7,0.571429
Person,ethnicMakeup,4,7,0.571429
Person,expansiondraftyear,4,108,0.037037
Person,experience,4,8,0.500000
Person,familySeat,4,4,1.000000
Person,final3league,4,129,0.031008
Person,finalsMvp,4,4,1.000000
Person,firstConvWin,4,10,0.400000
Person,firstGame,4,6,0.666667
Person,fitz,4,25,0.160000
Person,flag,4,4,1.000000
Person,fmt,4,195,0.020513
Person,folded,4,4,1.000000
Person,formerMllTeam,4,4,1.000000
Person,fullback,4,4,1.000000
Person,fullforward,4,4,1.000000
Person,fullheight,4,4,1.000000
Person,fullwidth,4,4,1.000000
Person,gkNat,4,5,0.800000
Person,gold,4,4,1.000000
Person,govsec,4,4,1.000000
Person,govsecStart,4,4,1.000000
Person,gpLastSeason,4,4,1.000000
Person,grammyn,4,4,1.000000
Person,gutenberg,4,4,1.000000
Person,hn,4,4,1.000000
Person,honouredIn,4,6,0.666667
Person,housingParty,4,8,0.500000
Person,htmlno,4,4,1.000000
Person,icconnacht,4,4,1.000000
Person,icleinster,4,9,0.444444
Person,icmunster,4,12,0.333333
Person,imagecaption,4,4,1.000000
Person,imageMapCaption,4,4,1.000000
Person,inaugural,4,4,1.000000
Person,indic,4,4,1.000000
Person,interiorParty,4,10,0.400000
Person,junon,4,4,1.000000
Person,junow,4,4,1.000000
Person,jurisdiction,4,4,1.000000
Person,kickboxNc,4,140,0.028571
Person,label9Size,4,7,0.571429
Person,labelOffsetX,4,4,1.000000
Person,lambrequin,4,4,1.000000
Person,laqab,4,4,1.000000
Person,lastConvRace,4,22,0.181818
Person,lastName,4,4,1.000000
Person,lastSeason,4,4,1.000000
Person,lastStopover,4,4,1.000000
Person,lastWin,4,5,0.800000
Person,lat1Min,4,4,1.000000
Person,lat20Deg,4,6,0.666667
Person,lat21Deg,4,6,0.666667
Person,lcbNat,4,5,0.800000
Person,lcmNat,4,5,0.800000
Person,licensedreldate,4,4,1.000000
Person,living,4,7,0.571429
Person,lon1Min,4,4,1.000000
Person,lon20Deg,4,6,0.666667
Person,lon21Deg,4,6,0.666667
Person,magazine,4,4,1.000000
Person,majorascents,4,4,1.000000
Person,manga,4,140,0.028571
Person,mapSize,4,7,0.571429
Person,mapType,4,4,1.000000
Person,marathon,4,4,1.000000
Person,mark1size,4,4,1.000000
Person,mark4size,4,9,0.444444
Person,mark6size,4,5,0.800000
Person,markLat,4,4,1.000000
Person,markLon,4,4,1.000000
Person,medalSize,4,5,0.800000
Person,mfiWorldMatchplay,4,4,1.000000
Person,miningParty,4,7,0.571429
Person,minister4Termstart,4,4,1.000000
Person,mmadeclosses,4,6,0.666667
Person,mmaDqloss,4,107,0.037383
Person,mmaDqwin,4,102,0.039216
Person,mmaOtherloss,4,31,0.129032
Person,mostrecent,4,4,1.000000
Person,mw,4,1498,0.002670
Person,nachfolger,4,4,1.000000
Person,name15b,4,4,1.000000
Person,name17c,4,4,1.000000
Person,name18b,4,4,1.000000
Person,name19c,4,4,1.000000
Person,name3e,4,4,1.000000
Person,name5b,4,4,1.000000
Person,name6b,4,4,1.000000
Person,nationalAssetsParty,4,7,0.571429
Person,nationalcaps(goals),4,4,1.000000
Person,ncaafinalfour,4,7,0.571429
Person,nearestCity,4,4,1.000000
Person,nee,4,4,1.000000
Person,networth,4,4,1.000000
Person,nid,4,4,1.000000
Person,nisba,4,4,1.000000
Person,nrhpType,4,7,0.571429
Person,numLocations,4,4,1.000000
Person,officePresident,4,4,1.000000
Person,originalisbn,4,10,0.400000
Person,otherLosses,4,49,0.081633
Person,others,4,127,0.031496
Person,ou,4,5,0.800000
Person,out,4,32,0.125000
Person,owners,4,4,1.000000
Person,party4color,4,4,1.000000
Person,partyName,4,4,1.000000
Person,peak11b,4,4,1.000000
Person,peak13a,4,4,1.000000
Person,peak13b,4,4,1.000000
Person,peak8b,4,4,1.000000
Person,pickedBy,4,4,1.000000
Person,pickups,4,4,1.000000
Person,placeOfChristening,4,6,0.666667
Person,point,4,4,1.000000
Person,pointsh,4,5,0.800000
Person,poll1title,4,131,0.030534
Person,poll2title,4,129,0.031008
Person,popularVote,4,4,1.000000
Person,positionHeld,4,4,1.000000
Person,presidentParty,4,5,0.800000
Person,prevCoronaYear,4,9,0.444444
Person,primeMinister,4,4,1.000000
Person,profhof,4,22,0.181818
Person,promotor,4,6,0.666667
Person,proponents,4,4,1.000000
Person,qalign,4,225,0.017778
Person,rankAlt,4,4,1.000000
Person,rcbNat,4,5,0.800000
Person,rcf,4,5,0.800000
Person,rcmNat,4,5,0.800000
Person,rd4Seed,4,4,1.000000
Person,rd5Team,4,4,1.000000
Person,redDiamondButton,4,30,0.133333
Person,regionalsType,4,109,0.036697
Person,relative,4,4,1.000000
Person,reserve,4,4,1.000000
Person,right,4,4,1.000000
Person,rivalsArchivedate,4,4,1.000000
Person,rover,4,4,1.000000
Person,row12Text,4,4,1.000000
Person,rt,4,29,0.137931
Person,ruck,4,4,1.000000
Person,ruckrover,4,4,1.000000
Person,ruCoachteamb,4,5,0.800000
Person,ruCoachyearaend,4,5,0.800000
Person,ruCoachyearbstart,4,4,1.000000
Person,ruGoalsd,4,30,0.133333
Person,ruGoalse,4,18,0.222222
Person,ruGoalsg,4,8,0.500000
Person,ruTriesf,4,11,0.363636
Person,ruYear8end,4,4,1.000000
Person,ruYear9start,4,4,1.000000
Person,ruYearfend,4,4,1.000000
Person,sales,4,4,1.000000
Person,science,4,4,1.000000
Person,scienceStart,4,4,1.000000
Person,season10PlayoffGoalsAgainst,4,4,1.000000
Person,season11PlayoffGoalsAgainst,4,4,1.000000
Person,season11PlayoffMinutes,4,4,1.000000
Person,season11PlayoffSaves,4,4,1.000000
Person,season11Shots,4,4,1.000000
Person,season12PlayoffPenaltyMinutes,4,13,0.307692
Person,season12ptGoals,4,21,0.190476
Person,season13PlayoffGoalsAgainst,4,4,1.000000
Person,season14PlayoffSeconds,4,4,1.000000
Person,season15Loss,4,5,0.800000
Person,season15Seconds,4,5,0.800000
Person,season16GoalsAgainst,4,4,1.000000
Person,season16Minutes,4,4,1.000000
Person,season16PlayoffGoals,4,7,0.571429
Person,season16PlayoffGoalsAgainst,4,4,1.000000
Person,season16PlayoffMinutes,4,4,1.000000
Person,season16PlayoffSaves,4,4,1.000000
Person,season16Saves,4,4,1.000000
Person,season17GoalsAgainst,4,4,1.000000
Person,season17Minutes,4,4,1.000000
Person,season17PlayoffAssists,4,6,0.666667
Person,season17PlayoffGamesPlayed,4,11,0.363636
Person,season17Saves,4,4,1.000000
Person,season17Seconds,4,4,1.000000
Person,season17Wins,4,4,1.000000
Person,season18PlayoffAssists,4,4,1.000000
Person,season18PlayoffGamesPlayed,4,7,0.571429
Person,season1League,4,13,0.307692
Person,season20GamesPlayed,4,6,0.666667
Person,season20LooseBalls,4,5,0.800000
Person,season21Assists,4,4,1.000000
Person,season21GamesPlayed,4,5,0.800000
Person,season21Goals,4,4,1.000000
Person,season21LooseBalls,4,4,1.000000
Person,season22Assists,4,4,1.000000
Person,season22LooseBalls,4,4,1.000000
Person,season22TeamLink,4,4,1.000000
Person,season22Year,4,4,1.000000
Person,season2League,4,11,0.363636
Person,season2PlayoffGoalsAgainst,4,4,1.000000
Person,season2PlayoffMinutes,4,4,1.000000
Person,season2PlayoffSaves,4,4,1.000000
Person,season3PlayoffSeconds,4,4,1.000000
Person,season3Wins,4,8,0.500000
Person,season4PlayoffWins,4,6,0.666667
Person,season52ptGoals,4,10,0.400000
Person,season5PlayoffFaceoffsWon,4,4,1.000000
Person,season6FaceoffsWon,4,5,0.800000
Person,season6Penalties,4,10,0.400000
Person,season7PlayoffGroundBalls,4,4,1.000000
Person,season8PlayoffSeconds,4,4,1.000000
Person,season9PlayoffSeconds,4,5,0.800000
Person,seasonChamps,4,5,0.800000
Person,seats3Title,4,5,0.800000
Person,seats4Title,4,4,1.000000
Person,seats5Title,4,4,1.000000
Person,setIn,4,4,1.000000
Person,shape,4,19,0.210526
Person,sig,4,88,0.045455
Person,silver,4,4,1.000000
Person,single4date,4,4,1.000000
Person,speakerOffice,4,4,1.000000
Person,speciesAuthor,4,43,0.093023
Person,sportsStart,4,4,1.000000
Person,ss300Poles,4,26,0.153846
Person,stadiums,4,4,1.000000
Person,stat43label,4,23,0.173913
Person,statsRefGroup,4,7,0.571429
Person,stip,4,4,1.000000
Person,stopover,4,4,1.000000
Person,streetAddress,4,4,1.000000
Person,styles,4,4,1.000000
Person,super14points,4,77,0.051948
Person,superintendentOfPublicInstruction,4,4,1.000000
Person,superintendentOfPublicInstructionDate,4,4,1.000000
Person,survivors,4,9,0.444444
Person,tax,4,5,0.800000
Person,teamWidth,4,5,0.800000
Person,term15b,4,4,1.000000
Person,term17c,4,4,1.000000
Person,term18b,4,4,1.000000
Person,term19c,4,4,1.000000
Person,term3e,4,4,1.000000
Person,term5b,4,4,1.000000
Person,term6b,4,4,1.000000
Person,territorialExtent,4,55,0.072727
Person,texts,4,5,0.800000
Person,tourism,4,6,0.666667
Person,tozai,4,587,0.006814
Person,tradeName,4,4,1.000000
Person,transportParty,4,7,0.571429
Person,upc,4,4,1.000000
Person,urlStatus,4,32,0.125000
Person,vorgänger,4,4,1.000000
Person,vote,4,4,1.000000
Person,votesFavor,4,4,1.000000
Person,vSearch,4,4,1.000000
Person,whccdoublesresult,4,29,0.137931
Person,whccmixeddoublesresult,4,13,0.307692
Person,wheelchairtennismastersdoublesresult,4,43,0.093023
Person,wheelchairworldteamcupresult,4,9,0.444444
Person,wightmancupresult,4,36,0.111111
Person,winningclubs,4,4,1.000000
Person,worldPlace,4,4,1.000000
Person,worldwcrPodiums,4,6,0.666667
Person,worldwcrPoles,4,6,0.666667
Person,worldwcrRaceStarts,4,6,0.666667
Person,wtestsumpired,4,81,0.049383
Person,year14end,4,9,0.444444
Person,yearEnd,4,4,1.000000
Person,yearhstart,4,5,0.800000
Person,yearsInConv,4,26,0.153846
Person,yearStart,4,4,1.000000
Person,zeit,4,4,1.000000
Species,author,4,4,1.000000
Species,binomial,4,4,1.000000
Species,conservationStatusSystem,4,98,0.040816
Species,domain,4,4303,0.000930
Species,ideology,4,4,1.000000
Species,isbn,4,4,1.000000
Species,owningOrganisation,4,4,1.000000
Species,portrayer,4,4,1.000000
Species,publisher,4,4,1.000000
Species,winsAtChampionships,4,14,0.285714
Species,winsAtSenEuro,4,16,0.250000
Species,250Championships,4,66,0.060606
Species,4name,4,4,1.000000
Species,500FastestLaps,4,16,0.250000
Species,500Poles,4,16,0.250000
Species,500RaceWins,4,16,0.250000
Species,80Manufacturers,4,4,1.000000
Species,accessed,4,6,0.666667
Species,accusation,4,4,1.000000
Species,agandmarkets,4,5,0.800000
Species,agandmarketsStart,4,4,1.000000
Species,aid,4,4,1.000000
Species,album4Formats,4,4,1.000000
Species,album5Formats,4,4,1.000000
Species,am,4,26,0.153846
Species,amasbManufacturers,4,5,0.800000
Species,amt,4,4,1.000000
Species,aname,4,4,1.000000
Species,architecturalStyle,4,4,1.000000
Species,architectureStyle,4,4,1.000000
Species,arms,4,5,0.800000
Species,assailants,4,4,1.000000
Species,association,4,4,1.000000
Species,atotal,4,4,1.000000
Species,attygenEnd,4,4,1.000000
Species,attygenStart,4,4,1.000000
Species,authorMask,4,7,0.571429
Species,authors,4,4,1.000000
Species,award10n,4,9,0.444444
Species,award10w,4,9,0.444444
Species,award8w,4,16,0.250000
Species,award9n,4,10,0.400000
Species,award9w,4,10,0.400000
Species,banking,4,5,0.800000
Species,barwidth,4,8,0.500000
Species,bball,4,565,0.007080
Species,bestwins,4,6,0.666667
Species,bf1FastestLaps,4,6,0.666667
Species,bf1Podiums,4,6,0.666667
Species,bf1Wins,4,6,0.666667
Species,bf1Years,4,6,0.666667
Species,born,4,4,1.000000
Species,bowlGames,4,21,0.190476
Species,boxingwins,4,4,1.000000
Species,bpg,4,5,0.800000
Species,bronze,4,4,1.000000
Species,brother,4,4,1.000000
Species,bssPoles,4,8,0.500000
Species,bssRaceWins,4,8,0.500000
Species,builder,4,4,1.000000
Species,camera,4,4,1.000000
Species,candidate2PartyUnlinked,4,5,0.800000
Species,candidate3PartyUnlinked,4,7,0.571429
Species,candidate7Percent,4,4,1.000000
Species,candidate7Votes,4,4,1.000000
Species,cap,4,22,0.181818
Species,captionAlign,4,513,0.007797
Species,centre,4,4,1.000000
Species,centrehalfback,4,4,1.000000
Species,centrehalfforward,4,4,1.000000
Species,certain,4,568,0.007042
Species,cervantes,4,4,1.000000
Species,cf,4,4,1.000000
Species,change(16),4,4,1.000000
Species,channelUrl,4,4,1.000000
Species,chartd,4,4,1.000000
Species,chronology,4,4,1.000000
Species,civilserviceEnd,4,4,1.000000
Species,civilserviceStart,4,4,1.000000
Species,classificationStatus,4,6,0.666667
Species,closed,4,4,1.000000
Species,clprovinceh,4,7,0.571429
Species,coachdrawsb,4,97,0.041237
Species,coachyear10end,4,4,1.000000
Species,coatOfArmsCaption,4,4,1.000000
Species,collapse,4,68,0.058824
Species,collapsed,4,265,0.015094
Species,collapsible,4,89,0.044944
Species,compEnd,4,5,0.800000
Species,competitors,4,4,1.000000
Species,compLink,4,12,0.333333
Species,compStart,4,4,1.000000
Species,conamaParty,4,7,0.571429
Species,concurrence,4,4,1.000000
Species,consorts,4,4,1.000000
Species,context,4,69,0.057971
Species,cremationPlace,4,4,1.000000
Species,currentClub,4,4,1.000000
Species,currentHead,4,4,1.000000
Species,currentOwner,4,4,1.000000
Species,customdates,4,4,1.000000
Species,dateEnd,4,4,1.000000
Species,dateformat,4,1843,0.002170
Species,dateStart,4,4,1.000000
Species,decorations,4,4,1.000000
Species,defenseParty,4,9,0.444444
Species,design,4,4,1.000000
Species,designation1Free2name,4,8,0.500000
Species,df,4,8,0.500000
Species,displayAuthors,4,14,0.285714
Species,displayParents,4,209,0.019139
Species,divisions,4,4,1.000000
Species,dmv,4,5,0.800000
Species,draw,4,8,0.500000
Species,dtitle,4,4,1.000000
Species,economyParty,4,7,0.571429
Species,ethnicMakeup,4,7,0.571429
Species,expansiondraftyear,4,108,0.037037
Species,experience,4,8,0.500000
Species,familySeat,4,4,1.000000
Species,fibre,4,4,1.000000
Species,final3league,4,129,0.031008
Species,finalsMvp,4,4,1.000000
Species,firstConvWin,4,10,0.400000
Species,firstGame,4,6,0.666667
Species,fitz,4,25,0.160000
Species,flag,4,4,1.000000
Species,fmt,4,195,0.020513
Species,folded,4,4,1.000000
Species,formerMllTeam,4,4,1.000000
Species,fullback,4,4,1.000000
Species,fullforward,4,4,1.000000
Species,fullheight,4,4,1.000000
Species,fullwidth,4,4,1.000000
Species,gkNat,4,5,0.800000
Species,gold,4,4,1.000000
Species,govsec,4,4,1.000000
Species,govsecStart,4,4,1.000000
Species,gpLastSeason,4,4,1.000000
Species,grammyn,4,4,1.000000
Species,gutenberg,4,4,1.000000
Species,hn,4,4,1.000000
Species,honouredIn,4,6,0.666667
Species,housingParty,4,8,0.500000
Species,htmlno,4,4,1.000000
Species,icconnacht,4,4,1.000000
Species,icleinster,4,9,0.444444
Species,icmunster,4,12,0.333333
Species,imagecaption,4,4,1.000000
Species,imageMapCaption,4,4,1.000000
Species,inaugural,4,4,1.000000
Species,indic,4,4,1.000000
Species,interiorParty,4,10,0.400000
Species,junon,4,4,1.000000
Species,junow,4,4,1.000000
Species,jurisdiction,4,4,1.000000
Species,kickboxNc,4,140,0.028571
Species,label9Size,4,7,0.571429
Species,labelOffsetX,4,4,1.000000
Species,lambrequin,4,4,1.000000
Species,laqab,4,4,1.000000
Species,lastConvRace,4,22,0.181818
Species,lastName,4,4,1.000000
Species,lastSeason,4,4,1.000000
Species,lastStopover,4,4,1.000000
Species,lastWin,4,5,0.800000
Species,lat15Deg,4,6,0.666667
Species,lat17Deg,4,6,0.666667
Species,lat19Deg,4,5,0.800000
Species,lat1Min,4,4,1.000000
Species,lat20Deg,4,6,0.666667
Species,lat21Deg,4,6,0.666667
Species,lcbNat,4,5,0.800000
Species,lcmNat,4,5,0.800000
Species,licensedreldate,4,4,1.000000
Species,living,4,7,0.571429
Species,lon15Deg,4,6,0.666667
Species,lon17Deg,4,6,0.666667
Species,lon19Deg,4,5,0.800000
Species,lon1Min,4,4,1.000000
Species,lon20Deg,4,6,0.666667
Species,lon21Deg,4,6,0.666667
Species,magazine,4,4,1.000000
Species,majorascents,4,4,1.000000
Species,manga,4,140,0.028571
Species,mapSize,4,7,0.571429
Species,mapType,4,4,1.000000
Species,marathon,4,4,1.000000
Species,mark1size,4,4,1.000000
Species,mark4size,4,9,0.444444
Species,mark6size,4,5,0.800000
Species,markLat,4,4,1.000000
Species,markLon,4,4,1.000000
Species,medalSize,4,5,0.800000
Species,mfiWorldMatchplay,4,4,1.000000
Species,miningParty,4,7,0.571429
Species,minister4Termstart,4,4,1.000000
Species,mmadeclosses,4,6,0.666667
Species,mmaDqloss,4,107,0.037383
Species,mmaDqwin,4,102,0.039216
Species,mmaOtherloss,4,31,0.129032
Species,monofat,4,4,1.000000
Species,mostrecent,4,4,1.000000
Species,mw,4,1498,0.002670
Species,nachfolger,4,4,1.000000
Species,name15b,4,4,1.000000
Species,name17c,4,4,1.000000
Species,name18b,4,4,1.000000
Species,name19c,4,4,1.000000
Species,name3e,4,4,1.000000
Species,name5b,4,4,1.000000
Species,name6b,4,4,1.000000
Species,nationalAssetsParty,4,7,0.571429
Species,nationalcaps(goals),4,4,1.000000
Species,ncaafinalfour,4,7,0.571429
Species,nearestCity,4,4,1.000000
Species,nee,4,4,1.000000
Species,networth,4,4,1.000000
Species,nid,4,4,1.000000
Species,nisba,4,4,1.000000
Species,nrhpType,4,7,0.571429
Species,numLocations,4,4,1.000000
Species,officePresident,4,4,1.000000
Species,opt1v,4,5,0.800000
Species,originalisbn,4,10,0.400000
Species,otherLosses,4,49,0.081633
Species,others,4,127,0.031496
Species,ou,4,5,0.800000
Species,out,4,32,0.125000
Species,owners,4,4,1.000000
Species,party4color,4,4,1.000000
Species,partyName,4,4,1.000000
Species,peak11b,4,4,1.000000
Species,peak13a,4,4,1.000000
Species,peak13b,4,4,1.000000
Species,peak8b,4,4,1.000000
Species,pickedBy,4,4,1.000000
Species,pickups,4,4,1.000000
Species,placeOfChristening,4,6,0.666667
Species,point,4,4,1.000000
Species,pointsh,4,5,0.800000
Species,poll1title,4,131,0.030534
Species,poll2title,4,129,0.031008
Species,popularVote,4,4,1.000000
Species,positionHeld,4,4,1.000000
Species,presidentParty,4,5,0.800000
Species,prevCoronaYear,4,9,0.444444
Species,primeMinister,4,4,1.000000
Species,profhof,4,22,0.181818
Species,promotor,4,6,0.666667
Species,proponents,4,4,1.000000
Species,qalign,4,226,0.017699
Species,rankAlt,4,4,1.000000
Species,rcbNat,4,5,0.800000
Species,rcf,4,5,0.800000
Species,rcmNat,4,5,0.800000
Species,rd4Seed,4,4,1.000000
Species,rd5Team,4,4,1.000000
Species,redDiamondButton,4,30,0.133333
Species,regionalsType,4,109,0.036697
Species,relative,4,4,1.000000
Species,reserve,4,4,1.000000
Species,rivalsArchivedate,4,4,1.000000
Species,rover,4,4,1.000000
Species,row12Text,4,4,1.000000
Species,rt,4,29,0.137931
Species,ruck,4,4,1.000000
Species,ruckrover,4,4,1.000000
Species,ruCoachteamb,4,5,0.800000
Species,ruCoachyearaend,4,5,0.800000
Species,ruCoachyearbstart,4,4,1.000000
Species,ruGoalsd,4,30,0.133333
Species,ruGoalse,4,18,0.222222
Species,ruGoalsg,4,8,0.500000
Species,ruTriesf,4,11,0.363636
Species,ruYear8end,4,4,1.000000
Species,ruYear9start,4,4,1.000000
Species,ruYearfend,4,4,1.000000
Species,sales,4,4,1.000000
Species,science,4,4,1.000000
Species,scienceStart,4,4,1.000000
Species,season10PlayoffGoalsAgainst,4,4,1.000000
Species,season11PlayoffGoalsAgainst,4,4,1.000000
Species,season11PlayoffMinutes,4,4,1.000000
Species,season11PlayoffSaves,4,4,1.000000
Species,season11Shots,4,4,1.000000
Species,season12PlayoffPenaltyMinutes,4,13,0.307692
Species,season12ptGoals,4,21,0.190476
Species,season13PlayoffGoalsAgainst,4,4,1.000000
Species,season14PlayoffSeconds,4,4,1.000000
Species,season15Loss,4,5,0.800000
Species,season15Seconds,4,5,0.800000
Species,season16GoalsAgainst,4,4,1.000000
Species,season16Minutes,4,4,1.000000
Species,season16PlayoffGoals,4,7,0.571429
Species,season16PlayoffGoalsAgainst,4,4,1.000000
Species,season16PlayoffMinutes,4,4,1.000000
Species,season16PlayoffSaves,4,4,1.000000
Species,season16Saves,4,4,1.000000
Species,season17GoalsAgainst,4,4,1.000000
Species,season17Minutes,4,4,1.000000
Species,season17PlayoffAssists,4,6,0.666667
Species,season17PlayoffGamesPlayed,4,11,0.363636
Species,season17Saves,4,4,1.000000
Species,season17Seconds,4,4,1.000000
Species,season17Wins,4,4,1.000000
Species,season18PlayoffAssists,4,4,1.000000
Species,season18PlayoffGamesPlayed,4,7,0.571429
Species,season1League,4,13,0.307692
Species,season20GamesPlayed,4,6,0.666667
Species,season20LooseBalls,4,5,0.800000
Species,season21Assists,4,4,1.000000
Species,season21GamesPlayed,4,5,0.800000
Species,season21Goals,4,4,1.000000
Species,season21LooseBalls,4,4,1.000000
Species,season22Assists,4,4,1.000000
Species,season22LooseBalls,4,4,1.000000
Species,season22TeamLink,4,4,1.000000
Species,season22Year,4,4,1.000000
Species,season2League,4,11,0.363636
Species,season2PlayoffGoalsAgainst,4,4,1.000000
Species,season2PlayoffMinutes,4,4,1.000000
Species,season2PlayoffSaves,4,4,1.000000
Species,season3PlayoffSeconds,4,4,1.000000
Species,season3Wins,4,8,0.500000
Species,season4PlayoffWins,4,6,0.666667
Species,season52ptGoals,4,10,0.400000
Species,season5PlayoffFaceoffsWon,4,4,1.000000
Species,season6FaceoffsWon,4,5,0.800000
Species,season6Penalties,4,10,0.400000
Species,season7PlayoffGroundBalls,4,4,1.000000
Species,season8PlayoffSeconds,4,4,1.000000
Species,season9PlayoffSeconds,4,5,0.800000
Species,seasonChamps,4,5,0.800000
Species,seats3Title,4,5,0.800000
Species,seats4Title,4,4,1.000000
Species,seats5Title,4,4,1.000000
Species,setIn,4,4,1.000000
Species,shape,4,19,0.210526
Species,sig,4,88,0.045455
Species,silver,4,4,1.000000
Species,single4date,4,4,1.000000
Species,speakerOffice,4,4,1.000000
Species,speciesAuthor,4,43,0.093023
Species,sportsStart,4,4,1.000000
Species,ss300Poles,4,26,0.153846
Species,stadiums,4,4,1.000000
Species,stat43label,4,23,0.173913
Species,statsRefGroup,4,7,0.571429
Species,statusSystem,4,107,0.037383
Species,stip,4,4,1.000000
Species,stopover,4,4,1.000000
Species,streetAddress,4,4,1.000000
Species,styles,4,4,1.000000
Species,super14points,4,77,0.051948
Species,superintendentOfPublicInstruction,4,4,1.000000
Species,superintendentOfPublicInstructionDate,4,4,1.000000
Species,survivors,4,9,0.444444
Species,tax,4,5,0.800000
Species,teamWidth,4,5,0.800000
Species,term15b,4,4,1.000000
Species,term17c,4,4,1.000000
Species,term18b,4,4,1.000000
Species,term19c,4,4,1.000000
Species,term3e,4,4,1.000000
Species,term5b,4,4,1.000000
Species,term6b,4,4,1.000000
Species,territorialExtent,4,55,0.072727
Species,texts,4,5,0.800000
Species,tourism,4,6,0.666667
Species,tozai,4,587,0.006814
Species,tradeName,4,4,1.000000
Species,transportParty,4,7,0.571429
Species,unrankedDivisio,4,73,0.054795
Species,unrankedSuperphylum,4,211,0.018957
Species,upc,4,4,1.000000
Species,urlStatus,4,32,0.125000
Species,vorgänger,4,4,1.000000
Species,vote,4,4,1.000000
Species,votesFavor,4,4,1.000000
Species,vSearch,4,4,1.000000
Species,whccdoublesresult,4,29,0.137931
Species,whccmixeddoublesresult,4,13,0.307692
Species,wheelchairtennismastersdoublesresult,4,43,0.093023
Species,wheelchairworldteamcupresult,4,9,0.444444
Species,wightmancupresult,4,36,0.111111
Species,winningclubs,4,4,1.000000
Species,worldPlace,4,4,1.000000
Species,worldwcrPodiums,4,6,0.666667
Species,worldwcrPoles,4,6,0.666667
Species,worldwcrRaceStarts,4,6,0.666667
Species,wtestsumpired,4,81,0.049383
Species,year14end,4,9,0.444444
Species,yearEnd,4,4,1.000000
Species,yearhstart,4,5,0.800000
Species,yearsInConv,4,26,0.153846
Species,yearStart,4,4,1.000000
Species,zeit,4,4,1.000000
Star,b,4,4,1.000000
Star,bsize,4,12,0.333333
Star,cheight,4,12,0.333333
Star,cwidth,4,12,0.333333
Star,discoverer,4,6,0.666667
Star,engvar,4,17,0.235294
Star,noHeading,4,291,0.013746
Star,periodUnit,4,180,0.022222
Star,pronounce,4,14,0.285714
Star,reference,4,6,0.666667
Star,semiAmplitude,4,4,1.000000
Star,separation,4,4,1.000000
Star,totalV,4,4,1.000000
Star,ul,4,7,0.571429
Galaxy,colwidth,4,11,0.363636
Galaxy,reason,4,4,1.000000
Galaxy,u,4,9,0.444444
Galaxy,yearOfDiscovery,4,4,1.000000
ChemicalCompound,chemSpiderId,4,4,1.000000
ChemicalCompound,align,4,107,0.037383
ChemicalCompound,auto,4,8,0.500000
ChemicalCompound,colwidth,4,34,0.117647
ChemicalCompound,density,4,4,1.000000
ChemicalCompound,displayAuthors,4,166,0.024096
ChemicalCompound,entrezgene,4,4,1.000000
ChemicalCompound,group,4,4,1.000000
ChemicalCompound,m,4,6,0.666667
ChemicalCompound,minorReverseProduct(s),4,4,1.000000
ChemicalCompound,minorReverseSubstrate(s),4,4,1.000000
ChemicalCompound,o,4,8,0.500000
ChemicalCompound,otherarticle,4,4,1.000000
ChemicalCompound,perrow,4,8,0.500000
ChemicalCompound,productImageSize,4,4,1.000000
ChemicalCompound,q,4,11,0.363636
ChemicalCompound,routesOfAdministration,4,8,0.500000
ChemicalCompound,s,4,13,0.307692
ChemicalCompound,usan,4,4,1.000000
AdministrativeRegion,populationMetroDensity,4,4,1.000000
AdministrativeRegion,populationMetroDensity,4,4,1.000000
AdministrativeRegion,soundRecording,4,4,1.000000
AdministrativeRegion,%23byelections,4,962,0.004158
AdministrativeRegion,2loc,4,4,1.000000
AdministrativeRegion,3pp,4,4,1.000000
AdministrativeRegion,abolishedDate,4,5,0.800000
AdministrativeRegion,address,4,4,1.000000
AdministrativeRegion,appointer,4,52,0.076923
AdministrativeRegion,archdeacon,4,4,1.000000
AdministrativeRegion,architect,4,4,1.000000
AdministrativeRegion,areafirstyear,4,4,1.000000
AdministrativeRegion,areaMetroSqMi,4,9,0.444444
AdministrativeRegion,areaUrbanSqMi,4,4,1.000000
AdministrativeRegion,auto,4,403,0.009926
AdministrativeRegion,autoCaption,4,17,0.235294
AdministrativeRegion,background,4,6,0.666667
AdministrativeRegion,barwidth,4,20,0.200000
AdministrativeRegion,birthPlace,4,4,1.000000
AdministrativeRegion,blankEmblemAlt,4,4,1.000000
AdministrativeRegion,blankEmblemLink,4,10,0.400000
AdministrativeRegion,capitalExile,4,4,1.000000
AdministrativeRegion,chief1position,4,39,0.102564
AdministrativeRegion,cnhangul,4,4,1.000000
AdministrativeRegion,cnmr,4,4,1.000000
AdministrativeRegion,cnrr,4,4,1.000000
AdministrativeRegion,collapsible,4,5,0.800000
AdministrativeRegion,commonname,4,4,1.000000
AdministrativeRegion,contribution,4,4,1.000000
AdministrativeRegion,countryabbr,4,8,0.500000
AdministrativeRegion,countryLargestCityPopulation,4,4,1.000000
AdministrativeRegion,crustacean,4,5,0.800000
AdministrativeRegion,dataType,4,17,0.235294
AdministrativeRegion,designation1Type,4,6,0.666667
AdministrativeRegion,designation2Type,4,4,1.000000
AdministrativeRegion,dinosaur,4,4,1.000000
AdministrativeRegion,direction,4,171,0.023392
AdministrativeRegion,districtnorth,4,4,1.000000
AdministrativeRegion,districtsouth,4,4,1.000000
AdministrativeRegion,v,4,4,1.000000
AdministrativeRegion,dno,4,4,1.000000
AdministrativeRegion,elevationF,4,4,1.000000
AdministrativeRegion,establishedBy,4,14,0.285714
AdministrativeRegion,firearm,4,4,1.000000
AdministrativeRegion,fontsize,4,10,0.400000
AdministrativeRegion,frisinnedeVenstre,4,8,0.500000
AdministrativeRegion,governmentBlank,4,4,1.000000
AdministrativeRegion,hide,4,4,1.000000
AdministrativeRegion,iamgeCaption,4,4,1.000000
AdministrativeRegion,imageStyle,4,7,0.571429
AdministrativeRegion,junLight,4,9,0.444444
AdministrativeRegion,kana,4,4,1.000000
AdministrativeRegion,labelb,4,4,1.000000
AdministrativeRegion,labelOffsetY,4,6,0.666667
AdministrativeRegion,list,4,4,1.000000
AdministrativeRegion,localMap,4,1642,0.002436
AdministrativeRegion,loser,4,4,1.000000
AdministrativeRegion,lu,4,4,1.000000
AdministrativeRegion,mapDataLight,4,4,1.000000
AdministrativeRegion,mapframe,4,233,0.017167
AdministrativeRegion,marksize,4,6,0.666667
AdministrativeRegion,miniFile,4,5,0.800000
AdministrativeRegion,miniHeight,4,5,0.800000
AdministrativeRegion,miniWidth,4,5,0.800000
AdministrativeRegion,module,4,4,1.000000
AdministrativeRegion,officetype,4,4,1.000000
AdministrativeRegion,officiallangs,4,4,1.000000
AdministrativeRegion,open,4,7,0.571429
AdministrativeRegion,operator,4,4,1.000000
AdministrativeRegion,originalText,4,4,1.000000
AdministrativeRegion,partof,4,4,1.000000
AdministrativeRegion,partOf,4,4,1.000000
AdministrativeRegion,popLatestRef,4,4,1.000000
AdministrativeRegion,populationDensityMetroKm,4,20,0.200000
AdministrativeRegion,pos,4,10,0.400000
AdministrativeRegion,position,4,22,0.181818
AdministrativeRegion,reference,4,4,1.000000
AdministrativeRegion,religious,4,4,1.000000
AdministrativeRegion,repealDate,4,4,1.000000
AdministrativeRegion,result,4,4,1.000000
AdministrativeRegion,retrieved,4,4,1.000000
AdministrativeRegion,samiLanguage,4,13,0.307692
AdministrativeRegion,shapeOutline,4,7,0.571429
AdministrativeRegion,sheriffparty,4,111,0.036036
AdministrativeRegion,sizepopulation,4,4,1.000000
AdministrativeRegion,skhangul,4,4,1.000000
AdministrativeRegion,skmr,4,4,1.000000
AdministrativeRegion,skrr,4,4,1.000000
AdministrativeRegion,southEast,4,4,1.000000
AdministrativeRegion,strength,4,4,1.000000
AdministrativeRegion,structure1Alt,4,4,1.000000
AdministrativeRegion,succeededBy,4,4,1.000000
AdministrativeRegion,tableWidth,4,16,0.250000
AdministrativeRegion,timezoneLink,4,8,0.500000
AdministrativeRegion,topic,4,246,0.016260
AdministrativeRegion,transChapter,4,4,1.000000
AdministrativeRegion,treasurercollector,4,4,1.000000
AdministrativeRegion,utmZone,4,222,0.018018
AdministrativeRegion,v,4,109,0.036697
AdministrativeRegion,vehicle1type,4,6,0.666667
AdministrativeRegion,waterbody,4,4,1.000000
Person,artist,3,3,1.000000
Person,bandMember,3,3,1.000000
Person,company,3,3,1.000000
Person,electionDate,3,3,1.000000
Person,formerBandMember,3,3,1.000000
Person,industry,3,3,1.000000
Person,oclc,3,3,1.000000
Person,podiums,3,495,0.006061
Person,producer,3,3,1.000000
Person,product,3,3,1.000000
Person,productionCompany,3,3,1.000000
Person,type,3,3,1.000000
Person,10a,3,3,1.000000
Person,10y,3,3,1.000000
Person,125Championships,3,136,0.022059
Person,247Archiveurl,3,3,1.000000
Person,2name,3,3,1.000000
Person,3name,3,3,1.000000
Person,9p,3,3,1.000000
Person,accession,3,3,1.000000
Person,accusations,3,3,1.000000
Person,additional,3,8,0.375000
Person,affiliations,3,3,1.000000
Person,aircraftName,3,3,1.000000
Person,album10Label,3,3,1.000000
Person,album11Formats,3,3,1.000000
Person,album11Label,3,3,1.000000
Person,album12Formats,3,3,1.000000
Person,album12Label,3,3,1.000000
Person,album13Label,3,3,1.000000
Person,album13Releasedate,3,3,1.000000
Person,album14Label,3,3,1.000000
Person,album14Releasedate,3,3,1.000000
Person,album6Formats,3,3,1.000000
Person,alignment,3,3,1.000000
Person,allies,3,3,1.000000
Person,altfooter,3,3,1.000000
Person,altFooter,3,3,1.000000
Person,amasbActiveYears,3,3,1.000000
Person,amasbChampionships,3,3,1.000000
Person,american,3,39,0.076923
Person,amKoloss,3,12,0.250000
Person,appearancesh,3,5,0.600000
Person,appointmentsSecretary,3,3,1.000000
Person,appointmentsSecretaryEnd,3,3,1.000000
Person,appointmentsSecretaryStart,3,3,1.000000
Person,arena,3,3,1.000000
Person,asOf,3,4,0.750000
Person,attygen,3,4,0.750000
Person,auditor,3,3,1.000000
Person,auditorDate,3,3,1.000000
Person,autoitalicize,3,6,0.500000
Person,aux2t,3,3,1.000000
Person,aux4t,3,3,1.000000
Person,award15w,3,3,1.000000
Person,away,3,226,0.013274
Person,basedOn,3,3,1.000000
Person,belowstyle,3,8,0.375000
Person,bf1Poles,3,6,0.500000
Person,billCitation,3,3,1.000000
Person,bowl,3,157,0.019108
Person,boxDecwin,3,3,1.000000
Person,boxNc,3,30,0.100000
Person,bridgeName,3,3,1.000000
Person,britishMatchplay,3,3,1.000000
Person,bssActiveYears,3,4,0.750000
Person,bssFastestLaps,3,7,0.428571
Person,buildingType,3,3,1.000000
Person,cabinetName,3,3,1.000000
Person,cabinetNumber,3,3,1.000000
Person,campaignedFor,3,5,0.600000
Person,candidate7Party,3,3,1.000000
Person,careerTemplate,3,3,1.000000
Person,cflwestallstar,3,3,1.000000
Person,chant,3,3,1.000000
Person,char,3,3,1.000000
Person,chineseHeader,3,3,1.000000
Person,civilservice,3,4,0.750000
Person,clallirelandf,3,4,0.750000
Person,clanName,3,12,0.250000
Person,coachdrawsc,3,42,0.071429
Person,coachgamesf,3,3,1.000000
Person,coachteamf,3,3,1.000000
Person,coachteamg,3,3,1.000000
Person,coachwinse,3,6,0.500000
Person,coachwinsf,3,3,1.000000
Person,coachyear11start,3,3,1.000000
Person,coachyearfstart,3,3,1.000000
Person,commandStructure,3,3,1.000000
Person,compilations,3,3,1.000000
Person,conf.Standing,3,3,1.000000
Person,constanding,3,3,1.000000
Person,contents,3,3,1.000000
Person,correctionsEnd,3,3,1.000000
Person,correctionsStart,3,3,1.000000
Person,courtesyName,3,3,1.000000
Person,cultureParty,3,4,0.750000
Person,currency,3,3,1.000000
Person,dateCreated,3,3,1.000000
Person,dateEvent,3,3,1.000000
Person,dateFormed,3,3,1.000000
Person,dateOfChristening,3,3,1.000000
Person,debut4league,3,19,0.157895
Person,decimals,3,4,0.750000
Person,designation1Type,3,8,0.375000
Person,desiredWidth,3,4,0.750000
Person,dfens,3,3,1.000000
Person,dir,3,4,0.750000
Person,directorOfIntergovernmentalAffairs,3,3,1.000000
Person,directorOfIntergovernmentalAffairsStart,3,3,1.000000
Person,displayAuthors,3,8,0.375000
Person,dm,3,3,1.000000
Person,document,3,3,1.000000
Person,documentName,3,3,1.000000
Person,draftLink,3,4,0.750000
Person,drinkware,3,3,1.000000
Person,eci,3,4,0.750000
Person,englishName,3,3,1.000000
Person,entry,3,3,1.000000
Person,enum,3,7,0.428571
Person,espnArchiveUrl,3,3,1.000000
Person,expenses,3,3,1.000000
Person,externalLinks,3,172,0.017442
Person,fa,3,42,0.071429
Person,fieldgoalsd,3,507,0.005917
Person,fieldgoalsf,3,75,0.040000
Person,fifaTrigramme,3,3,1.000000
Person,file,3,3,1.000000
Person,filetype,3,13,0.230769
Person,filmedBy,3,3,1.000000
Person,final4league,3,12,0.250000
Person,findlaw,3,3,1.000000
Person,firstLightsRace,3,3,1.000000
Person,flagbearer,3,3,1.000000
Person,formed,3,3,1.000000
Person,formerCoaches,3,3,1.000000
Person,formerNcaaTeams,3,3,1.000000
Person,foundingYear,3,3,1.000000
Person,fox,3,4,0.750000
Person,frameAlign,3,6,0.500000
Person,garnish,3,3,1.000000
Person,governmentHead,3,3,1.000000
Person,governmentType,3,6,0.500000
Person,governorDate,3,4,0.750000
Person,governorEnd,3,3,1.000000
Person,governorLink,3,3,1.000000
Person,governorStart,3,3,1.000000
Person,govsecEnd,3,4,0.750000
Person,gpLastPosition,3,3,1.000000
Person,gpManufacturers,3,4,0.750000
Person,grammyw,3,4,0.750000
Person,grandChildren,3,3,1.000000
Person,groupstyle,3,3,1.000000
Person,hand,3,6,0.500000
Person,hanjaborn,3,3,1.000000
Person,height(ft),3,44,0.068182
Person,heightft,3,2009,0.001493
Person,help,3,451,0.006652
Person,hispanoamericana,3,3,1.000000
Person,icpositionh,3,3,1.000000
Person,ideas,3,3,1.000000
Person,illuminatedBy,3,3,1.000000
Person,image1Width,3,4,0.750000
Person,inaccurate,3,59,0.050847
Person,inc,3,3,1.000000
Person,inch,3,3,1.000000
Person,inquiry,3,3,1.000000
Person,internationalrole,3,14,0.214286
Person,isbnNote,3,8,0.375000
Person,ism,3,3,1.000000
Person,italic,3,9,0.333333
Person,justia,3,3,1.000000
Person,jyutpingchinesename,3,3,1.000000
Person,kickboxDecwin,3,3,1.000000
Person,kickboxingncs,3,28,0.107143
Person,kohan,3,4,0.750000
Person,label10Size,3,5,0.600000
Person,labelSized,3,5,0.600000
Person,labelstyle,3,13,0.230769
Person,language(s),3,3,1.000000
Person,laqabAr,3,3,1.000000
Person,lat15Deg,3,5,0.600000
Person,lat17Deg,3,5,0.600000
Person,lat19Deg,3,4,0.750000
Person,lat1Sec,3,4,0.750000
Person,lat22Deg,3,4,0.750000
Person,lat3Sec,3,3,1.000000
Person,lat4Sec,3,3,1.000000
Person,lat8Min,3,3,1.000000
Person,lbl,3,3,1.000000
Person,lbNat,3,4,0.750000
Person,leader1Title,3,3,1.000000
Person,leaders,3,3,1.000000
Person,lg,3,102,0.029412
Person,licensedtitle,3,3,1.000000
Person,lightsCarTeam,3,3,1.000000
Person,listclass,3,21,0.142857
Person,locationTown,3,3,1.000000
Person,lon15Deg,3,5,0.600000
Person,lon17Deg,3,5,0.600000
Person,lon19Deg,3,4,0.750000
Person,lon1Sec,3,4,0.750000
Person,lon22Deg,3,4,0.750000
Person,lon3Sec,3,3,1.000000
Person,lon8Min,3,3,1.000000
Person,mainClassification,3,3,1.000000
Person,mainImage,3,3,1.000000
Person,mainImageCaption,3,3,1.000000
Person,majorAchievements,3,3,1.000000
Person,many,3,5,0.600000
Person,map,3,3,1.000000
Person,mark7size,3,4,0.750000
Person,markerColor,3,3,1.000000
Person,mcounty,3,3,1.000000
Person,media,3,7,0.428571
Person,membershipYear,3,3,1.000000
Person,micyears,3,3,1.000000
Person,minimap,3,3,1.000000
Person,minister4Termend,3,3,1.000000
Person,missTqiRepúblicaDominicana,3,4,0.750000
Person,mncV,3,3,1.000000
Person,mode,3,68,0.044118
Person,motives,3,3,1.000000
Person,moto2Championships,3,160,0.018750
Person,motoeChampionships,3,32,0.093750
Person,motoeManufacturers,3,54,0.055556
Person,mrph,3,3,1.000000
Person,mvp,3,5,0.600000
Person,myLatn,3,3,1.000000
Person,name16c,3,3,1.000000
Person,name21a,3,3,1.000000
Person,name21b,3,3,1.000000
Person,name22a,3,3,1.000000
Person,name3Explanation,3,3,1.000000
Person,name3f,3,3,1.000000
Person,name4d,3,3,1.000000
Person,name9b,3,3,1.000000
Person,nameJp,3,3,1.000000
Person,nameslug,3,3,1.000000
Person,nameTrans,3,3,1.000000
Person,nasab,3,3,1.000000
Person,navbar,3,15,0.200000
Person,netWorth,3,3,1.000000
Person,newspaper,3,3,1.000000
Person,nextseasonLink,3,4,0.750000
Person,nextseasonYear,3,4,0.750000
Person,nflNew,3,3,1.000000
Person,nickName,3,3,1.000000
Person,nisbaAr,3,3,1.000000
Person,no%25,3,3,1.000000
Person,noc,3,3,1.000000
Person,nocat,3,3,1.000000
Person,nocname,3,3,1.000000
Person,nolist,3,797,0.003764
Person,nonconf,3,217,0.013825
Person,nosplit,3,9,0.333333
Person,notableRelatives,3,3,1.000000
Person,notableRoles,3,3,1.000000
Person,notVoting,3,3,1.000000
Person,nttitles,3,9,0.333333
Person,numberOfJudges,3,15,0.200000
Person,numLocationsYear,3,3,1.000000
Person,numSeasons,3,6,0.500000
Person,observedby,3,3,1.000000
Person,occurrenceType,3,11,0.272727
Person,officialUrl,3,3,1.000000
Person,offspring,3,3,1.000000
Person,olympicPlace,3,3,1.000000
Person,on3Stars,3,20,0.150000
Person,onlinebooks,3,510,0.005882
Person,operatingSystem,3,3,1.000000
Person,operations,3,3,1.000000
Person,opinions,3,3,1.000000
Person,origDate,3,3,1.000000
Person,ot,3,18,0.166667
Person,otherlabel,3,3,1.000000
Person,otherSource,3,3,1.000000
Person,othertournamentsdoubles,3,646,0.004644
Person,panContinentalChampionshipAppearances,3,113,0.026549
Person,parentFamily,3,3,1.000000
Person,parentHouse,3,3,1.000000
Person,party1color,3,4,0.750000
Person,party5color,3,3,1.000000
Person,party5name,3,3,1.000000
Person,peak11a,3,3,1.000000
Person,peak12a,3,3,1.000000
Person,peak12b,3,4,0.750000
Person,peak16b,3,3,1.000000
Person,peak18b,3,3,1.000000
Person,peak2c,3,3,1.000000
Person,peak9b,3,3,1.000000
Person,peerage,3,7,0.428571
Person,pinyin,3,3,1.000000
Person,pinyinchinesename,3,3,1.000000
Person,placeOfOrigin,3,3,1.000000
Person,pllDraft,3,3,1.000000
Person,pllDraftTeam,3,3,1.000000
Person,poll1firstweek,3,4,0.750000
Person,poll3title,3,7,0.428571
Person,population,3,3,1.000000
Person,post5note,3,3,1.000000
Person,post6note,3,3,1.000000
Person,precision,3,99,0.030303
Person,prefix,3,5,0.600000
Person,presidentDate,3,3,1.000000
Person,prevseasonLink,3,4,0.750000
Person,prevseasonYear,3,4,0.750000
Person,principal,3,3,1.000000
Person,programmingLanguage,3,3,1.000000
Person,publication,3,3,1.000000
Person,ratitles,3,6,0.500000
Person,rbNat,3,4,0.750000
Person,rd4Score,3,6,0.500000
Person,rd5Score,3,3,1.000000
Person,reasons,3,3,1.000000
Person,refereeyear5end,3,3,1.000000
Person,references,3,4,0.750000
Person,regentType,3,4,0.750000
Person,registration,3,3,1.000000
Person,remarks,3,3,1.000000
Person,resides,3,3,1.000000
Person,reward,3,3,1.000000
Person,role1Notes,3,3,1.000000
Person,role1Title,3,3,1.000000
Person,role1Year,3,3,1.000000
Person,rotoworld,3,3,1.000000
Person,row13Text,3,3,1.000000
Person,row21To,3,3,1.000000
Person,row22Text,3,3,1.000000
Person,row22To,3,3,1.000000
Person,rrph,3,3,1.000000
Person,ruCoachteamc,3,3,1.000000
Person,ruFieldgoalsb,3,114,0.026316
Person,ruFieldgoalse,3,18,0.166667
Person,rules,3,79,0.037975
Person,rus,3,3,1.000000
Person,san,3,3,1.000000
Person,scalemark,3,9,0.333333
Person,scienceEnd,3,3,1.000000
Person,scienceParty,3,3,1.000000
Person,scoreWidth,3,6,0.500000
Person,season10PlayoffMinutes,3,3,1.000000
Person,season10PlayoffSaves,3,3,1.000000
Person,season11PlayoffGroundBalls,3,3,1.000000
Person,season11PlayoffSeconds,3,3,1.000000
Person,season12GroundBalls,3,3,1.000000
Person,season12Shots,3,3,1.000000
Person,season12Team,3,9,0.333333
Person,season13PlayoffSeconds,3,4,0.750000
Person,season14PlayoffPenaltyMinutes,3,8,0.375000
Person,season15Wins,3,4,0.750000
Person,season16Loss,3,4,0.750000
Person,season16PlayoffWins,3,3,1.000000
Person,season16Seconds,3,3,1.000000
Person,season16Wins,3,4,0.750000
Person,season17Loss,3,4,0.750000
Person,season17PlayoffGoals,3,5,0.600000
Person,season17PlayoffPenaltyMinutes,3,3,1.000000
Person,season18GoalsAgainst,3,3,1.000000
Person,season18Loss,3,3,1.000000
Person,season18Minutes,3,3,1.000000
Person,season18PlayoffGoals,3,5,0.600000
Person,season18Saves,3,3,1.000000
Person,season19PlayoffGamesPlayed,3,7,0.428571
Person,season20TeamLink,3,6,0.500000
Person,season21PenaltyMinutes,3,4,0.750000
Person,season21TeamLink,3,5,0.600000
Person,season22GamesPlayed,3,4,0.750000
Person,season22Goals,3,4,0.750000
Person,season22PenaltyMinutes,3,4,0.750000
Person,season2PlayoffSeconds,3,3,1.000000
Person,season3League,3,9,0.333333
Person,season3PlayoffPenalties,3,6,0.500000
Person,season3PlayoffWins,3,5,0.600000
Person,season42ptGoals,3,13,0.230769
Person,season4PlayoffFaceoffsAtt,3,3,1.000000
Person,season4PlayoffFaceoffsWon,3,3,1.000000
Person,season5PlayoffWins,3,5,0.600000
Person,season62ptGoals,3,5,0.600000
Person,season6PlayoffFaceoffsAtt,3,3,1.000000
Person,season6PlayoffFaceoffsWon,3,3,1.000000
Person,season6PlayoffWins,3,4,0.750000
Person,season72ptGoals,3,5,0.600000
Person,season7FaceoffsAtt,3,4,0.750000
Person,season7FaceoffsWon,3,3,1.000000
Person,season7PlayoffWins,3,6,0.500000
Person,season9PlayoffGroundBalls,3,3,1.000000
Person,secondPlace,3,3,1.000000
Person,secretary,3,3,1.000000
Person,sftitles,3,13,0.230769
Person,shipStatus,3,3,1.000000
Person,shortname,3,3,1.000000
Person,shortName,3,3,1.000000
Person,showWikidata,3,37,0.081081
Person,sibling,3,3,1.000000
Person,signedBy,3,3,1.000000
Person,simpchinesename,3,3,1.000000
Person,single5date,3,3,1.000000
Person,soundtracks,3,3,1.000000
Person,spacing,3,20,0.150000
Person,sportsEnd,3,3,1.000000
Person,ss300Championships,3,24,0.125000
Person,stampType,3,4,0.750000
Person,startyea,3,3,1.000000
Person,stat26label,3,3,1.000000
Person,stat26value,3,3,1.000000
Person,stat27label,3,3,1.000000
Person,stat41label,3,23,0.130435
Person,stat4league,3,23,0.130435
Person,statmyear,3,3,1.000000
Person,stitle,3,3,1.000000
Person,stylisticOrigins,3,3,1.000000
Person,subdivisionType,3,3,1.000000
Person,subsid,3,3,1.000000
Person,sunnis,3,3,1.000000
Person,superseding,3,3,1.000000
Person,syndicate,3,3,1.000000
Person,talkpage,3,3,1.000000
Person,teamh,3,5,0.600000
Person,teamslug,3,3,1.000000
Person,term11d,3,3,1.000000
Person,term16c,3,3,1.000000
Person,term19d,3,3,1.000000
Person,term1d,3,3,1.000000
Person,term20b,3,3,1.000000
Person,term21a,3,3,1.000000
Person,term21b,3,3,1.000000
Person,term22a,3,3,1.000000
Person,term3f,3,3,1.000000
Person,term4d,3,3,1.000000
Person,term9b,3,3,1.000000
Person,thdl,3,3,1.000000
Person,totalLightsRaces,3,3,1.000000
Person,tournaments,3,10,0.300000
Person,toWin,3,8,0.375000
Person,tradchinesename,3,3,1.000000
Person,translitLang1Info,3,3,1.000000
Person,triesh,3,5,0.600000
Person,ttActiveYears,3,3,1.000000
Person,turnedproType,3,52,0.057692
Person,unitName,3,3,1.000000
Person,urlAccess,3,3,1.000000
Person,use,3,3,1.000000
Person,version,3,7,0.428571
Person,voice,3,3,1.000000
Person,volumeList,3,3,1.000000
Person,volumes,3,3,1.000000
Person,votesAgainst,3,3,1.000000
Person,weight(lb),3,6,0.500000
Person,weights,3,3,1.000000
Person,widthStyle,3,242,0.012397
Person,wikisource,3,3,1.000000
Person,witness,3,3,1.000000
Person,worldSeniorChampionshipAppearances,3,7,0.428571
Person,worldwcrFastestLaps,3,6,0.500000
Person,worldWheelchairMixedDoublesChampionshipAppearances,3,13,0.230769
Person,wsdt,3,3,1.000000
Person,wslink,3,3,1.000000
Person,wsopMainEventCashes,3,7,0.428571
Person,xheight,3,3,1.000000
Person,xwidth,3,3,1.000000
Person,year16start,3,3,1.000000
Person,yearsProfessional,3,3,1.000000
Person,yes%25,3,3,1.000000
Person,zhu,3,3,1.000000
Species,artist,3,3,1.000000
Species,bandMember,3,3,1.000000
Species,company,3,3,1.000000
Species,electionDate,3,3,1.000000
Species,formerBandMember,3,3,1.000000
Species,industry,3,3,1.000000
Species,oclc,3,3,1.000000
Species,podiums,3,495,0.006061
Species,producer,3,3,1.000000
Species,product,3,3,1.000000
Species,productionCompany,3,3,1.000000
Species,type,3,3,1.000000
Species,10a,3,3,1.000000
Species,10y,3,3,1.000000
Species,125Championships,3,136,0.022059
Species,247Archiveurl,3,3,1.000000
Species,2name,3,3,1.000000
Species,3name,3,3,1.000000
Species,9p,3,3,1.000000
Species,accession,3,3,1.000000
Species,accusations,3,3,1.000000
Species,additional,3,8,0.375000
Species,affiliations,3,3,1.000000
Species,aircraftName,3,3,1.000000
Species,album10Label,3,3,1.000000
Species,album11Formats,3,3,1.000000
Species,album11Label,3,3,1.000000
Species,album12Formats,3,3,1.000000
Species,album12Label,3,3,1.000000
Species,album13Label,3,3,1.000000
Species,album13Releasedate,3,3,1.000000
Species,album14Label,3,3,1.000000
Species,album14Releasedate,3,3,1.000000
Species,album6Formats,3,3,1.000000
Species,alignment,3,3,1.000000
Species,allies,3,3,1.000000
Species,altfooter,3,3,1.000000
Species,altFooter,3,3,1.000000
Species,amasbActiveYears,3,3,1.000000
Species,amasbChampionships,3,3,1.000000
Species,american,3,39,0.076923
Species,amKoloss,3,12,0.250000
Species,appearancesh,3,5,0.600000
Species,appointmentsSecretary,3,3,1.000000
Species,appointmentsSecretaryEnd,3,3,1.000000
Species,appointmentsSecretaryStart,3,3,1.000000
Species,arena,3,3,1.000000
Species,asOf,3,4,0.750000
Species,attygen,3,4,0.750000
Species,auditor,3,3,1.000000
Species,auditorDate,3,3,1.000000
Species,autoitalicize,3,6,0.500000
Species,aux2t,3,3,1.000000
Species,aux4t,3,3,1.000000
Species,award15w,3,3,1.000000
Species,away,3,226,0.013274
Species,bar,3,8,0.375000
Species,basedOn,3,3,1.000000
Species,belowstyle,3,8,0.375000
Species,bf1Poles,3,6,0.500000
Species,billCitation,3,3,1.000000
Species,bowl,3,157,0.019108
Species,boxDecwin,3,3,1.000000
Species,boxNc,3,30,0.100000
Species,bridgeName,3,3,1.000000
Species,britishMatchplay,3,3,1.000000
Species,bssActiveYears,3,4,0.750000
Species,bssFastestLaps,3,7,0.428571
Species,buildingType,3,3,1.000000
Species,cabinetName,3,3,1.000000
Species,cabinetNumber,3,3,1.000000
Species,campaignedFor,3,5,0.600000
Species,candidate7Party,3,3,1.000000
Species,careerTemplate,3,3,1.000000
Species,cflwestallstar,3,3,1.000000
Species,chant,3,3,1.000000
Species,char,3,3,1.000000
Species,chineseHeader,3,3,1.000000
Species,civilservice,3,4,0.750000
Species,clallirelandf,3,4,0.750000
Species,clanName,3,12,0.250000
Species,coachdrawsc,3,42,0.071429
Species,coachgamesf,3,3,1.000000
Species,coachteamf,3,3,1.000000
Species,coachteamg,3,3,1.000000
Species,coachwinse,3,6,0.500000
Species,coachwinsf,3,3,1.000000
Species,coachyear11start,3,3,1.000000
Species,coachyearfstart,3,3,1.000000
Species,commandStructure,3,3,1.000000
Species,compilations,3,3,1.000000
Species,conf.Standing,3,3,1.000000
Species,constanding,3,3,1.000000
Species,contents,3,3,1.000000
Species,correctionsEnd,3,3,1.000000
Species,correctionsStart,3,3,1.000000
Species,courtesyName,3,3,1.000000
Species,cultureParty,3,4,0.750000
Species,currency,3,3,1.000000
Species,dateCreated,3,3,1.000000
Species,dateEvent,3,3,1.000000
Species,dateFormed,3,3,1.000000
Species,dateOfChristening,3,3,1.000000
Species,debut4league,3,19,0.157895
Species,decimals,3,4,0.750000
Species,designation1Type,3,8,0.375000
Species,desiredWidth,3,4,0.750000
Species,dfens,3,3,1.000000
Species,dir,3,4,0.750000
Species,directorOfIntergovernmentalAffairs,3,3,1.000000
Species,directorOfIntergovernmentalAffairsStart,3,3,1.000000
Species,diversityLink,3,5,0.600000
Species,dm,3,3,1.000000
Species,document,3,3,1.000000
Species,documentName,3,3,1.000000
Species,draftLink,3,4,0.750000
Species,drinkware,3,3,1.000000
Species,eci,3,4,0.750000
Species,ecologicaltype,3,22,0.136364
Species,englishName,3,3,1.000000
Species,entry,3,3,1.000000
Species,enum,3,7,0.428571
Species,espnArchiveUrl,3,3,1.000000
Species,expenses,3,3,1.000000
Species,externalLinks,3,172,0.017442
Species,fa,3,43,0.069767
Species,fieldgoalsd,3,507,0.005917
Species,fieldgoalsf,3,75,0.040000
Species,fifaTrigramme,3,3,1.000000
Species,file,3,3,1.000000
Species,filetype,3,13,0.230769
Species,filmedBy,3,3,1.000000
Species,final4league,3,12,0.250000
Species,findlaw,3,3,1.000000
Species,firstLightsRace,3,3,1.000000
Species,flagbearer,3,3,1.000000
Species,flowersSex,3,38,0.078947
Species,formed,3,3,1.000000
Species,formerCoaches,3,3,1.000000
Species,formerNcaaTeams,3,3,1.000000
Species,foundingYear,3,3,1.000000
Species,fox,3,4,0.750000
Species,frameAlign,3,6,0.500000
Species,g,3,4,0.750000
Species,garnish,3,3,1.000000
Species,governmentHead,3,3,1.000000
Species,governmentType,3,6,0.500000
Species,governorDate,3,4,0.750000
Species,governorEnd,3,3,1.000000
Species,governorLink,3,3,1.000000
Species,governorStart,3,3,1.000000
Species,govsecEnd,3,4,0.750000
Species,gpLastPosition,3,3,1.000000
Species,gpManufacturers,3,4,0.750000
Species,grammyw,3,4,0.750000
Species,grandChildren,3,3,1.000000
Species,groupstyle,3,3,1.000000
Species,hand,3,6,0.500000
Species,hanjaborn,3,3,1.000000
Species,height(ft),3,44,0.068182
Species,heightft,3,2009,0.001493
Species,help,3,451,0.006652
Species,hispanoamericana,3,3,1.000000
Species,hosts,3,3,1.000000
Species,icpositionh,3,3,1.000000
Species,ideas,3,3,1.000000
Species,illuminatedBy,3,3,1.000000
Species,image1Width,3,4,0.750000
Species,inaccurate,3,60,0.050000
Species,inc,3,3,1.000000
Species,inch,3,3,1.000000
Species,infraphylum,3,15,0.200000
Species,inquiry,3,3,1.000000
Species,internationalrole,3,14,0.214286
Species,isbnNote,3,8,0.375000
Species,ism,3,3,1.000000
Species,italic,3,9,0.333333
Species,justia,3,3,1.000000
Species,jyutpingchinesename,3,3,1.000000
Species,kickboxDecwin,3,3,1.000000
Species,kickboxingncs,3,28,0.107143
Species,kohan,3,4,0.750000
Species,label10Size,3,5,0.600000
Species,labelSized,3,5,0.600000
Species,labelstyle,3,13,0.230769
Species,language(s),3,3,1.000000
Species,laqabAr,3,3,1.000000
Species,lat1Sec,3,4,0.750000
Species,lat22Deg,3,4,0.750000
Species,lat3Sec,3,3,1.000000
Species,lat4Sec,3,3,1.000000
Species,lat8Min,3,3,1.000000
Species,lbl,3,3,1.000000
Species,lbNat,3,4,0.750000
Species,leader1Title,3,3,1.000000
Species,leaders,3,3,1.000000
Species,lg,3,102,0.029412
Species,licensedtitle,3,3,1.000000
Species,lightsCarTeam,3,3,1.000000
Species,listclass,3,21,0.142857
Species,locationTown,3,3,1.000000
Species,lon1Sec,3,4,0.750000
Species,lon22Deg,3,4,0.750000
Species,lon3Sec,3,3,1.000000
Species,lon8Min,3,3,1.000000
Species,mainClassification,3,3,1.000000
Species,mainImage,3,3,1.000000
Species,mainImageCaption,3,3,1.000000
Species,majorAchievements,3,3,1.000000
Species,many,3,5,0.600000
Species,map,3,3,1.000000
Species,mark7size,3,4,0.750000
Species,markerColor,3,3,1.000000
Species,mcounty,3,3,1.000000
Species,media,3,7,0.428571
Species,membershipYear,3,3,1.000000
Species,micyears,3,3,1.000000
Species,minimap,3,3,1.000000
Species,minister4Termend,3,3,1.000000
Species,missTqiRepúblicaDominicana,3,4,0.750000
Species,mncV,3,3,1.000000
Species,mode,3,68,0.044118
Species,motives,3,3,1.000000
Species,moto2Championships,3,160,0.018750
Species,motoeChampionships,3,32,0.093750
Species,motoeManufacturers,3,54,0.055556
Species,mrph,3,3,1.000000
Species,mvp,3,5,0.600000
Species,myLatn,3,3,1.000000
Species,name16c,3,3,1.000000
Species,name21a,3,3,1.000000
Species,name21b,3,3,1.000000
Species,name22a,3,3,1.000000
Species,name3Explanation,3,3,1.000000
Species,name3f,3,3,1.000000
Species,name4d,3,3,1.000000
Species,name9b,3,3,1.000000
Species,nameJp,3,3,1.000000
Species,nameslug,3,3,1.000000
Species,nameTrans,3,3,1.000000
Species,nasab,3,3,1.000000
Species,navbar,3,15,0.200000
Species,netWorth,3,3,1.000000
Species,newspaper,3,3,1.000000
Species,nextseasonLink,3,4,0.750000
Species,nextseasonYear,3,4,0.750000
Species,nflNew,3,3,1.000000
Species,nickName,3,3,1.000000
Species,nisbaAr,3,3,1.000000
Species,no%25,3,3,1.000000
Species,noc,3,3,1.000000
Species,nocat,3,3,1.000000
Species,nocname,3,3,1.000000
Species,nolist,3,797,0.003764
Species,nonconf,3,217,0.013825
Species,nosplit,3,9,0.333333
Species,notableRelatives,3,3,1.000000
Species,notableRoles,3,3,1.000000
Species,notVoting,3,3,1.000000
Species,nttitles,3,9,0.333333
Species,numberOfJudges,3,15,0.200000
Species,numLocationsYear,3,3,1.000000
Species,numSeasons,3,6,0.500000
Species,observedby,3,3,1.000000
Species,occurrenceType,3,11,0.272727
Species,officialUrl,3,3,1.000000
Species,offspring,3,3,1.000000
Species,olympicPlace,3,3,1.000000
Species,on3Stars,3,20,0.150000
Species,onlinebooks,3,511,0.005871
Species,operatingSystem,3,3,1.000000
Species,operations,3,3,1.000000
Species,opinions,3,3,1.000000
Species,opt1n,3,5,0.600000
Species,origDate,3,3,1.000000
Species,ot,3,18,0.166667
Species,otherlabel,3,3,1.000000
Species,otherSource,3,3,1.000000
Species,othertournamentsdoubles,3,646,0.004644
Species,panContinentalChampionshipAppearances,3,113,0.026549
Species,parentFamily,3,3,1.000000
Species,parentHouse,3,3,1.000000
Species,party1color,3,4,0.750000
Species,party5color,3,3,1.000000
Species,party5name,3,3,1.000000
Species,peak11a,3,3,1.000000
Species,peak12a,3,3,1.000000
Species,peak12b,3,4,0.750000
Species,peak16b,3,3,1.000000
Species,peak18b,3,3,1.000000
Species,peak2c,3,3,1.000000
Species,peak9b,3,3,1.000000
Species,peerage,3,7,0.428571
Species,pinyin,3,3,1.000000
Species,pinyinchinesename,3,3,1.000000
Species,placeOfOrigin,3,3,1.000000
Species,pllDraft,3,3,1.000000
Species,pllDraftTeam,3,3,1.000000
Species,poll1firstweek,3,4,0.750000
Species,poll3title,3,7,0.428571
Species,population,3,3,1.000000
Species,post5note,3,3,1.000000
Species,post6note,3,3,1.000000
Species,precision,3,99,0.030303
Species,prefix,3,5,0.600000
Species,presidentDate,3,3,1.000000
Species,prevseasonLink,3,4,0.750000
Species,prevseasonYear,3,4,0.750000
Species,principal,3,3,1.000000
Species,programmingLanguage,3,3,1.000000
Species,protectionYear,3,3,1.000000
Species,publication,3,3,1.000000
Species,ratitles,3,6,0.500000
Species,rbNat,3,4,0.750000
Species,rd4Score,3,6,0.500000
Species,rd5Score,3,3,1.000000
Species,reasons,3,3,1.000000
Species,refereeyear5end,3,3,1.000000
Species,references,3,4,0.750000
Species,regentType,3,4,0.750000
Species,registration,3,3,1.000000
Species,remarks,3,3,1.000000
Species,resides,3,3,1.000000
Species,reward,3,3,1.000000
Species,rider,3,21,0.142857
Species,role1Notes,3,3,1.000000
Species,role1Title,3,3,1.000000
Species,role1Year,3,3,1.000000
Species,rotoworld,3,3,1.000000
Species,row13Text,3,3,1.000000
Species,row21To,3,3,1.000000
Species,row22Text,3,3,1.000000
Species,row22To,3,3,1.000000
Species,rrph,3,3,1.000000
Species,ruCoachteamc,3,3,1.000000
Species,ruFieldgoalsb,3,114,0.026316
Species,ruFieldgoalse,3,18,0.166667
Species,rules,3,79,0.037975
Species,rus,3,3,1.000000
Species,san,3,3,1.000000
Species,scalemark,3,9,0.333333
Species,scienceEnd,3,3,1.000000
Species,scienceParty,3,3,1.000000
Species,scoreWidth,3,6,0.500000
Species,season10PlayoffMinutes,3,3,1.000000
Species,season10PlayoffSaves,3,3,1.000000
Species,season11PlayoffGroundBalls,3,3,1.000000
Species,season11PlayoffSeconds,3,3,1.000000
Species,season12GroundBalls,3,3,1.000000
Species,season12Shots,3,3,1.000000
Species,season12Team,3,9,0.333333
Species,season13PlayoffSeconds,3,4,0.750000
Species,season14PlayoffPenaltyMinutes,3,8,0.375000
Species,season15Wins,3,4,0.750000
Species,season16Loss,3,4,0.750000
Species,season16PlayoffWins,3,3,1.000000
Species,season16Seconds,3,3,1.000000
Species,season16Wins,3,4,0.750000
Species,season17Loss,3,4,0.750000
Species,season17PlayoffGoals,3,5,0.600000
Species,season17PlayoffPenaltyMinutes,3,3,1.000000
Species,season18GoalsAgainst,3,3,1.000000
Species,season18Loss,3,3,1.000000
Species,season18Minutes,3,3,1.000000
Species,season18PlayoffGoals,3,5,0.600000
Species,season18Saves,3,3,1.000000
Species,season19PlayoffGamesPlayed,3,7,0.428571
Species,season20TeamLink,3,6,0.500000
Species,season21PenaltyMinutes,3,4,0.750000
Species,season21TeamLink,3,5,0.600000
Species,season22GamesPlayed,3,4,0.750000
Species,season22Goals,3,4,0.750000
Species,season22PenaltyMinutes,3,4,0.750000
Species,season2PlayoffSeconds,3,3,1.000000
Species,season3League,3,9,0.333333
Species,season3PlayoffPenalties,3,6,0.500000
Species,season3PlayoffWins,3,5,0.600000
Species,season42ptGoals,3,13,0.230769
Species,season4PlayoffFaceoffsAtt,3,3,1.000000
Species,season4PlayoffFaceoffsWon,3,3,1.000000
Species,season5PlayoffWins,3,5,0.600000
Species,season62ptGoals,3,5,0.600000
Species,season6PlayoffFaceoffsAtt,3,3,1.000000
Species,season6PlayoffFaceoffsWon,3,3,1.000000
Species,season6PlayoffWins,3,4,0.750000
Species,season72ptGoals,3,5,0.600000
Species,season7FaceoffsAtt,3,4,0.750000
Species,season7FaceoffsWon,3,3,1.000000
Species,season7PlayoffWins,3,6,0.500000
Species,season9PlayoffGroundBalls,3,3,1.000000
Species,secondPlace,3,3,1.000000
Species,secretary,3,3,1.000000
Species,selectionYear,3,3,1.000000
Species,sftitles,3,13,0.230769
Species,shipStatus,3,3,1.000000
Species,shortname,3,3,1.000000
Species,shortName,3,3,1.000000
Species,showWikidata,3,37,0.081081
Species,sibling,3,3,1.000000
Species,signedBy,3,3,1.000000
Species,simpchinesename,3,3,1.000000
Species,single5date,3,3,1.000000
Species,soundtracks,3,3,1.000000
Species,spacing,3,20,0.150000
Species,sportsEnd,3,3,1.000000
Species,ss300Championships,3,24,0.125000
Species,stampType,3,4,0.750000
Species,startyea,3,3,1.000000
Species,stat26label,3,3,1.000000
Species,stat26value,3,3,1.000000
Species,stat27label,3,3,1.000000
Species,stat41label,3,23,0.130435
Species,stat4league,3,23,0.130435
Species,statmyear,3,3,1.000000
Species,stitle,3,3,1.000000
Species,stylisticOrigins,3,3,1.000000
Species,subdivisio,3,522,0.005747
Species,subdivisionType,3,3,1.000000
Species,subsid,3,3,1.000000
Species,sunnis,3,3,1.000000
Species,superordoAuthority,3,3,1.000000
Species,superseding,3,3,1.000000
Species,syndicate,3,3,1.000000
Species,talkpage,3,3,1.000000
Species,teamh,3,5,0.600000
Species,teamslug,3,3,1.000000
Species,term11d,3,3,1.000000
Species,term16c,3,3,1.000000
Species,term19d,3,3,1.000000
Species,term1d,3,3,1.000000
Species,term20b,3,3,1.000000
Species,term21a,3,3,1.000000
Species,term21b,3,3,1.000000
Species,term22a,3,3,1.000000
Species,term3f,3,3,1.000000
Species,term4d,3,3,1.000000
Species,term9b,3,3,1.000000
Species,thdl,3,3,1.000000
Species,totalLightsRaces,3,3,1.000000
Species,tournaments,3,10,0.300000
Species,toWin,3,8,0.375000
Species,tradchinesename,3,3,1.000000
Species,translitLang1Info,3,3,1.000000
Species,triesh,3,5,0.600000
Species,ttActiveYears,3,3,1.000000
Species,turnedproType,3,52,0.057692
Species,unitName,3,3,1.000000
Species,unrankedSubphylum,3,4,0.750000
Species,urlAccess,3,3,1.000000
Species,use,3,3,1.000000
Species,version,3,7,0.428571
Species,voice,3,3,1.000000
Species,volumeList,3,3,1.000000
Species,volumes,3,3,1.000000
Species,votesAgainst,3,3,1.000000
Species,weight(lb),3,6,0.500000
Species,weights,3,3,1.000000
Species,widthStyle,3,242,0.012397
Species,wikisource,3,3,1.000000
Species,witness,3,3,1.000000
Species,worldSeniorChampionshipAppearances,3,7,0.428571
Species,worldwcrFastestLaps,3,6,0.500000
Species,worldWheelchairMixedDoublesChampionshipAppearances,3,13,0.230769
Species,wsdt,3,3,1.000000
Species,wslink,3,3,1.000000
Species,wsopMainEventCashes,3,7,0.428571
Species,xheight,3,3,1.000000
Species,xwidth,3,3,1.000000
Species,year16start,3,3,1.000000
Species,yearsProfessional,3,3,1.000000
Species,yes%25,3,3,1.000000
Species,zhu,3,3,1.000000
Star,align,3,11,0.272727
Star,appmagB,3,3,1.000000
Star,designation,3,3,1.000000
Star,l,3,3,1.000000
Star,lat,3,3,1.000000
Star,link,3,26,0.115385
Star,long,3,3,1.000000
Star,metallicityFe,3,3,1.000000
Star,ngc,3,3,1.000000
Star,totalWidth,3,4,0.750000
Galaxy,discoverer,3,5,0.600000
Galaxy,distance,3,3,1.000000
Galaxy,redshift,3,3,1.000000
Galaxy,ul,3,26,0.115385
ChemicalCompound,inchi,3,3,1.000000
ChemicalCompound,accessdate,3,3,1.000000
ChemicalCompound,bot,3,58,0.051724
ChemicalCompound,cc,3,5,0.600000
ChemicalCompound,chembl,3,3,1.000000
ChemicalCompound,chromosome,3,3,1.000000
ChemicalCompound,collvol,3,3,1.000000
ChemicalCompound,collvolpages,3,3,1.000000
ChemicalCompound,content,3,3,1.000000
ChemicalCompound,cs1Dates,3,7,0.428571
ChemicalCompound,dataPagePagename,3,8,0.375000
ChemicalCompound,elongation,3,3,1.000000
ChemicalCompound,enzyme,3,3,1.000000
ChemicalCompound,f,3,3,1.000000
ChemicalCompound,forSubst,3,3,1.000000
ChemicalCompound,glassTransition,3,3,1.000000
ChemicalCompound,heat,3,12,0.250000
ChemicalCompound,hgncid,3,3,1.000000
ChemicalCompound,imageclass,3,1361,0.002204
ChemicalCompound,imageclassl,3,284,0.010563
ChemicalCompound,imageclassr,3,248,0.012097
ChemicalCompound,imageSize,3,3,1.000000
ChemicalCompound,isccname,3,3,1.000000
ChemicalCompound,legalUs,3,8,0.375000
ChemicalCompound,majorProduct,3,4,0.750000
ChemicalCompound,meltingPoint,3,3,1.000000
ChemicalCompound,note,3,5,0.600000
ChemicalCompound,size,3,3,1.000000
ChemicalCompound,small,3,10,0.300000
ChemicalCompound,targetLink,3,3,1.000000
ChemicalCompound,tensileStrength,3,3,1.000000
ChemicalCompound,thermalConductivity,3,3,1.000000
ChemicalCompound,topic,3,6,0.500000
ChemicalCompound,type,3,3,1.000000
ChemicalCompound,y,3,3,1.000000
AdministrativeRegion,politicalPartyInLegislature,3,3,1.000000
AdministrativeRegion,1loc,3,3,1.000000
AdministrativeRegion,3loc,3,3,1.000000
AdministrativeRegion,4p,3,3,1.000000
AdministrativeRegion,administratorparty,3,108,0.027778
AdministrativeRegion,alternativemap,3,3,1.000000
AdministrativeRegion,altParty,3,3,1.000000
AdministrativeRegion,ancestor,3,3,1.000000
AdministrativeRegion,animal1type,3,3,1.000000
AdministrativeRegion,animals,3,3,1.000000
AdministrativeRegion,krf,3,3,1.000000
AdministrativeRegion,aprPrecipitationCm,3,3,1.000000
AdministrativeRegion,aprSnowMm,3,3,1.000000
AdministrativeRegion,archipelago,3,4,0.750000
AdministrativeRegion,archive,3,3,1.000000
AdministrativeRegion,areaBlank2SqMi,3,3,1.000000
AdministrativeRegion,areaLandHa,3,3,1.000000
AdministrativeRegion,areaLost,3,3,1.000000
AdministrativeRegion,arms,3,3,1.000000
AdministrativeRegion,armsCaption,3,3,1.000000
AdministrativeRegion,armsLink,3,3,1.000000
AdministrativeRegion,assessorparty,3,110,0.027273
AdministrativeRegion,augPrecipitationCm,3,3,1.000000
AdministrativeRegion,b,3,109,0.027523
AdministrativeRegion,backgroundColor,3,4,0.750000
AdministrativeRegion,birthDate,3,3,1.000000
AdministrativeRegion,blank6Info,3,3,1.000000
AdministrativeRegion,built,3,3,1.000000
AdministrativeRegion,captionLeft,3,3,1.000000
AdministrativeRegion,captionRight,3,3,1.000000
AdministrativeRegion,cc,3,74,0.040541
AdministrativeRegion,code1Name,3,7,0.428571
AdministrativeRegion,columns,3,8,0.375000
AdministrativeRegion,conflict,3,3,1.000000
AdministrativeRegion,coordRef,3,3,1.000000
AdministrativeRegion,coronerparty,3,103,0.029126
AdministrativeRegion,country1AdminDivisions,3,3,1.000000
AdministrativeRegion,country1AdminDivisionsTitle,3,3,1.000000
AdministrativeRegion,countyMayorParty,3,19,0.157895
AdministrativeRegion,cs1Dates,3,7,0.428571
AdministrativeRegion,customName,3,3,1.000000
AdministrativeRegion,dates,3,3,1.000000
AdministrativeRegion,decPrecipitationCm,3,3,1.000000
AdministrativeRegion,decSnowMm,3,3,1.000000
AdministrativeRegion,definition,3,3,1.000000
AdministrativeRegion,demographics1Footnotes,3,22,0.136364
AdministrativeRegion,demokratene,3,19,0.157895
AdministrativeRegion,demoPopRef,3,4,0.750000
AdministrativeRegion,designation1Free2name,3,3,1.000000
AdministrativeRegion,diffId,3,3,1.000000
AdministrativeRegion,disbanded,3,3,1.000000
AdministrativeRegion,district1party,3,103,0.029126
AdministrativeRegion,district2party,3,103,0.029126
AdministrativeRegion,divisionsmap,3,3,1.000000
AdministrativeRegion,divtype,3,21,0.142857
AdministrativeRegion,v,3,3,1.000000
AdministrativeRegion,editorFirst,3,3,1.000000
AdministrativeRegion,editorLast,3,3,1.000000
AdministrativeRegion,electeetype,3,9,0.333333
AdministrativeRegion,elevationPoint,3,3,1.000000
AdministrativeRegion,empire,3,3,1.000000
AdministrativeRegion,engines,3,4,0.750000
AdministrativeRegion,establishedFootnotes,3,3,1.000000
AdministrativeRegion,establishedM,3,3,1.000000
AdministrativeRegion,family,3,3,1.000000
AdministrativeRegion,febPrecipitationCm,3,3,1.000000
AdministrativeRegion,febSnowMm,3,3,1.000000
AdministrativeRegion,filename,3,3,1.000000
AdministrativeRegion,fire,3,3,1.000000
AdministrativeRegion,flagImage,3,3,1.000000
AdministrativeRegion,followedby,3,3,1.000000
AdministrativeRegion,formation,3,3,1.000000
AdministrativeRegion,formed,3,3,1.000000
AdministrativeRegion,frameAlign,3,12,0.250000
AdministrativeRegion,frameLatitude,3,3,1.000000
AdministrativeRegion,frameLongitude,3,3,1.000000
AdministrativeRegion,fruit,3,4,0.750000
AdministrativeRegion,ftcolour,3,7,0.428571
AdministrativeRegion,govCouncilors,3,3,1.000000
AdministrativeRegion,v,3,3,1.000000
AdministrativeRegion,headerAlign,3,22,0.136364
AdministrativeRegion,hiragana,3,3,1.000000
AdministrativeRegion,honorificPrefix,3,3,1.000000
AdministrativeRegion,icao,3,3,1.000000
AdministrativeRegion,imageLeft,3,6,0.500000
AdministrativeRegion,imageTop,3,6,0.500000
AdministrativeRegion,imgeCaption,3,3,1.000000
AdministrativeRegion,includes,3,3,1.000000
AdministrativeRegion,instrument,3,3,1.000000
AdministrativeRegion,issue,3,3,1.000000
AdministrativeRegion,janSnowMm,3,3,1.000000
AdministrativeRegion,julPrecipitationCm,3,3,1.000000
AdministrativeRegion,junPrecipitationCm,3,3,1.000000
AdministrativeRegion,keyPeople,3,3,1.000000
AdministrativeRegion,kind,3,20,0.150000
AdministrativeRegion,km,3,3,1.000000
AdministrativeRegion,labelSized,3,12,0.250000
AdministrativeRegion,lang3Content,3,3,1.000000
AdministrativeRegion,lang4Content,3,3,1.000000
AdministrativeRegion,leader4Type,3,3,1.000000
AdministrativeRegion,leaderTerm,3,4,0.750000
AdministrativeRegion,leadfigures,3,3,1.000000
AdministrativeRegion,league,3,3,1.000000
AdministrativeRegion,lockuptype,3,16,0.187500
AdministrativeRegion,mantling,3,4,0.750000
AdministrativeRegion,marPrecipitationCm,3,3,1.000000
AdministrativeRegion,marSnowMm,3,3,1.000000
AdministrativeRegion,mayPrecipitationCm,3,3,1.000000
AdministrativeRegion,maySnowMm,3,3,1.000000
AdministrativeRegion,mblmc,3,4,0.750000
AdministrativeRegion,minipogX,3,3,1.000000
AdministrativeRegion,munFormation1LeaderTitle,3,66,0.045455
AdministrativeRegion,music,3,3,1.000000
AdministrativeRegion,nasjonalSamling,3,7,0.428571
AdministrativeRegion,nationalRepresentation,3,3,1.000000
AdministrativeRegion,nopct,3,3,1.000000
AdministrativeRegion,novPrecipitationCm,3,3,1.000000
AdministrativeRegion,novSnowMm,3,3,1.000000
AdministrativeRegion,octPrecipitationCm,3,3,1.000000
AdministrativeRegion,octSnowMm,3,3,1.000000
AdministrativeRegion,officeholderTitle,3,3,1.000000
AdministrativeRegion,ontpartylink,3,3,1.000000
AdministrativeRegion,otherElements,3,4,0.750000
AdministrativeRegion,otherLabel,3,3,1.000000
AdministrativeRegion,otherLang,3,11,0.272727
AdministrativeRegion,particularChurch,3,37,0.081081
AdministrativeRegion,poem,3,3,1.000000
AdministrativeRegion,pop2002census,3,3,1.000000
AdministrativeRegion,pop2002censusRank,3,3,1.000000
AdministrativeRegion,popCensus,3,3,1.000000
AdministrativeRegion,populationlastyear,3,5,0.600000
AdministrativeRegion,publisher,3,3,1.000000
AdministrativeRegion,pushpinMapNarrow,3,6,0.500000
AdministrativeRegion,q,3,109,0.027523
AdministrativeRegion,r1Number,3,3,1.000000
AdministrativeRegion,range,3,3,1.000000
AdministrativeRegion,regionSeatTitle,3,3,1.000000
AdministrativeRegion,rules,3,79,0.037975
AdministrativeRegion,seats1Title,3,3,1.000000
AdministrativeRegion,sepPrecipitationCm,3,3,1.000000
AdministrativeRegion,sepSnowDepthCm,3,7,0.428571
AdministrativeRegion,sepSnowMm,3,3,1.000000
AdministrativeRegion,shortDescription,3,3,1.000000
AdministrativeRegion,side,3,3,1.000000
AdministrativeRegion,siteRef,3,4,0.750000
AdministrativeRegion,size,3,3,1.000000
AdministrativeRegion,spoken,3,4,0.750000
AdministrativeRegion,statesattorney,3,3,1.000000
AdministrativeRegion,statesattorneyparty,3,3,1.000000
AdministrativeRegion,strokeColor,3,20,0.150000
AdministrativeRegion,strokeWidth,3,15,0.200000
AdministrativeRegion,superintendent,3,3,1.000000
AdministrativeRegion,nkp,3,6,0.500000
AdministrativeRegion,talk,3,11,0.272727
AdministrativeRegion,termLength,3,17,0.176471
AdministrativeRegion,treasurerparty,3,108,0.027778
AdministrativeRegion,unsworntype,3,12,0.250000
AdministrativeRegion,useLgaMap,3,1196,0.002508
AdministrativeRegion,dlf,3,3,1.000000
AdministrativeRegion,waterBodies,3,3,1.000000
AdministrativeRegion,weapons,3,3,1.000000
AdministrativeRegion,wiktSearch,3,3,1.000000
AdministrativeRegion,yes,3,3,1.000000
AdministrativeRegion,yespct,3,3,1.000000
AdministrativeRegion,zha,3,3,1.000000
Person,budget,2,2,1.000000
Person,completionDate,2,2,1.000000
Person,distributor,2,2,1.000000
Person,editing,2,2,1.000000
Person,fastestLap,2,496,0.004032
Person,firstAirDate,2,2,1.000000
Person,formationDate,2,2,1.000000
Person,formationYear,2,2,1.000000
Person,founder,2,2,1.000000
Person,foundingYear,2,2,1.000000
Person,headquarter,2,2,1.000000
Person,lcc,2,2,1.000000
Person,mediaType,2,3,0.666667
Person,numberOfPages,2,2,1.000000
Person,previousWork,2,2,1.000000
Person,series,2,4,0.500000
Person,suppreddedDate,2,2,1.000000
Person,winsAtLPGA,2,7,0.285714
Person,winsAtProTournaments,2,2,1.000000
Person,%3F,2,22,0.090909
Person,1pages,2,2,1.000000
Person,1split,2,2,1.000000
Person,247Archivedate,2,2,1.000000
Person,247sportsRefTitle,2,2,1.000000
Person,247sportsStars,2,3,0.666667
Person,247SportsStars,2,2,1.000000
Person,2at,2,2,1.000000
Person,3rdReading,2,2,1.000000
Person,3rdReadingAgainst,2,2,1.000000
Person,3rdReadingFor,2,2,1.000000
Person,4option,2,2,1.000000
Person,4optionName,2,2,1.000000
Person,50ActiveYears,2,2,1.000000
Person,50Manufacturers,2,2,1.000000
Person,50RaceStarts,2,2,1.000000
Person,50TotalPoints,2,2,1.000000
Person,5option,2,2,1.000000
Person,5optionName,2,2,1.000000
Person,activity,2,2,1.000000
Person,addedDate,2,2,1.000000
Person,adoption,2,2,1.000000
Person,aet,2,48,0.041667
Person,affiliated,2,2,1.000000
Person,aflAppearances,2,2,1.000000
Person,aflGoals,2,2,1.000000
Person,aflPosition,2,2,1.000000
Person,aflrookieyear,2,2,1.000000
Person,aflYear1end,2,2,1.000000
Person,aflYear1start,2,2,1.000000
Person,afterElection,2,2,1.000000
Person,album10Formats,2,2,1.000000
Person,album7Formats,2,2,1.000000
Person,album8Formats,2,2,1.000000
Person,album9Formats,2,2,1.000000
Person,allAlbums,2,30,0.066667
Person,allblackno,2,2,1.000000
Person,allCerts,2,3,0.666667
Person,alsoKnownAs,2,2,1.000000
Person,altColor,2,2,1.000000
Person,amaProRaceStarts,2,2,1.000000
Person,amasbLastPosition,2,2,1.000000
Person,amasbLastSeason,2,2,1.000000
Person,amasbPoles,2,2,1.000000
Person,amasbRaceStarts,2,2,1.000000
Person,amasbRaceWins,2,2,1.000000
Person,amDecloss,2,17,0.117647
Person,americann,2,2,1.000000
Person,americanw,2,2,1.000000
Person,amfWorldCupApps,2,2,1.000000
Person,amfWorldCupBest,2,2,1.000000
Person,amfWorldCupFirst,2,2,1.000000
Person,amNat,2,3,0.666667
Person,amNc,2,4,0.500000
Person,amSubloss,2,15,0.133333
Person,ancestorSchools,2,2,1.000000
Person,animator,2,2,1.000000
Person,approval,2,2,1.000000
Person,aptFinalTables,2,2,1.000000
Person,aptMoneyFinishes,2,2,1.000000
Person,architectureType,2,2,1.000000
Person,arts,2,2,1.000000
Person,ashachampion,2,2,1.000000
Person,assailant,2,2,1.000000
Person,assistant,2,4,0.500000
Person,associate,2,2,1.000000
Person,ate,2,2,1.000000
Person,attacks,2,2,1.000000
Person,author3Link,2,2,1.000000
Person,authorFirst,2,2,1.000000
Person,authorLast,2,2,1.000000
Person,authors(s),2,2,1.000000
Person,autoCaption,2,17,0.117647
Person,award11n,2,5,0.400000
Person,award11w,2,5,0.400000
Person,award12n,2,3,0.666667
Person,award12w,2,3,0.666667
Person,award13n,2,3,0.666667
Person,award13w,2,3,0.666667
Person,award14w,2,3,0.666667
Person,award16n,2,2,1.000000
Person,award16w,2,2,1.000000
Person,badges,2,2,1.000000
Person,badgeSize,2,2,1.000000
Person,barWidth,2,14,0.142857
Person,baseWidth,2,2,1.000000
Person,bc,2,2,1.000000
Person,beforeElection,2,2,1.000000
Person,beforeParty,2,2,1.000000
Person,bench1C,2,2,1.000000
Person,bench1Pf,2,2,1.000000
Person,bench1Pg,2,2,1.000000
Person,bench1Sf,2,2,1.000000
Person,bench2C,2,2,1.000000
Person,bench3Label,2,2,1.000000
Person,bench3Pg,2,2,1.000000
Person,bench3Sf,2,2,1.000000
Person,bench3Sg,2,2,1.000000
Person,bestLightsPos,2,2,1.000000
Person,bestYear,2,2,1.000000
Person,bf1Championships,2,6,0.333333
Person,bgcolour,2,3,0.666667
Person,biceps,2,2,1.000000
Person,birthday,2,2,1.000000
Person,blogurl,2,2,1.000000
Person,bn,2,2,1.000000
Person,bodytype,2,2,1.000000
Person,boots,2,2,1.000000
Person,boxingkowins,2,2,1.000000
Person,boxWidth,2,2,1.000000
Person,bp,2,2,1.000000
Person,bracket,2,10,0.200000
Person,brackets,2,2,1.000000
Person,brandy,2,2,1.000000
Person,broadcaster,2,3,0.666667
Person,bssChampionships,2,4,0.500000
Person,budget,2,2,1.000000
Person,bullet,2,4,0.500000
Person,bvNationalyears,2,2,1.000000
Person,candidates,2,3,0.666667
Person,candidatetitle,2,2,1.000000
Person,caption.,2,2,1.000000
Person,caught,2,4,0.500000
Person,cflstatweek,2,3,0.666667
Person,cfNat,2,3,0.666667
Person,chest,2,2,1.000000
Person,chief1Name,2,2,1.000000
Person,chiefminister,2,2,1.000000
Person,chiefOfStaff,2,2,1.000000
Person,chiefOfStaffEnd,2,2,1.000000
Person,chiefOfStaffStart,2,2,1.000000
Person,circulation,2,2,1.000000
Person,cite,2,8,0.250000
Person,citedFor,2,2,1.000000
Person,cityarticle,2,2,1.000000
Person,clallirelandh,2,3,0.666667
Person,classifications,2,2,1.000000
Person,claTeam,2,2,1.000000
Person,clpositionf,2,2,1.000000
Person,clpositionh,2,2,1.000000
Person,coachdrawsd,2,15,0.133333
Person,coachdrawse,2,6,0.333333
Person,coachdrawsf,2,3,0.666667
Person,coachlossesf,2,3,0.666667
Person,coachlossesg,2,2,1.000000
Person,coachwinsg,2,2,1.000000
Person,coachyearfend,2,2,1.000000
Person,coachyeargstart,2,2,1.000000
Person,coatofarmscaption,2,2,1.000000
Person,coatOfArmsSize,2,3,0.666667
Person,collegeTeam,2,2,1.000000
Person,colorBorder,2,20,0.100000
Person,commandedBy,2,2,1.000000
Person,commercial,2,3,0.666667
Person,commonwealthYear,2,2,1.000000
Person,compact,2,12,0.166667
Person,companyType,2,2,1.000000
Person,condition,2,2,1.000000
Person,constituency.,2,2,1.000000
Person,constructors,2,2,1.000000
Person,coronaCarTeam,2,2,1.000000
Person,corrections,2,3,0.666667
Person,cost,2,2,1.000000
Person,countryOfIssue,2,7,0.285714
Person,cousins,2,2,1.000000
Person,csnPre,2,2,1.000000
Person,cultCenter,2,3,0.666667
Person,curators,2,2,1.000000
Person,currentclubs,2,2,1.000000
Person,currentowner,2,2,1.000000
Person,czechleague,2,2,1.000000
Person,dataType,2,14,0.142857
Person,dateDissolved,2,2,1.000000
Person,dateFounded,2,2,1.000000
Person,dateOfRelease,2,2,1.000000
Person,datePassed,2,2,1.000000
Person,dateSigned,2,2,1.000000
Person,daye,2,2,1.000000
Person,db,2,13,0.153846
Person,demographic,2,2,1.000000
Person,departmentLabel,2,4,0.500000
Person,designatedNrhpType,2,2,1.000000
Person,designatedPahistoricType,2,2,1.000000
Person,designation1Free1name,2,8,0.250000
Person,designations,2,2,1.000000
Person,detainedAt,2,3,0.666667
Person,devanagari,2,2,1.000000
Person,dfm,2,2,1.000000
Person,directorOfIntergovernmentalAffairsEnd,2,2,1.000000
Person,dlm,2,2,1.000000
Person,dmNat,2,2,1.000000
Person,dno,2,2,1.000000
Person,dq,2,4,0.500000
Person,driversChamp,2,3,0.666667
Person,dupe,2,2,1.000000
Person,ecoPhilippines,2,3,0.666667
Person,editor2First,2,2,1.000000
Person,editor2Last,2,2,1.000000
Person,editorFirst,2,2,1.000000
Person,editorLast,2,2,1.000000
Person,electionName,2,2,1.000000
Person,emmyn,2,2,1.000000
Person,emmyw,2,2,1.000000
Person,en,2,2,1.000000
Person,endTime,2,2,1.000000
Person,englandMasters,2,2,1.000000
Person,english,2,2,1.000000
Person,eps,2,2,1.000000
Person,epsnArchivedate,2,2,1.000000
Person,eptMainEventFinishes,2,2,1.000000
Person,error,2,15,0.133333
Person,establishedDate,2,2,1.000000
Person,establishedEvent,2,2,1.000000
Person,estates,2,2,1.000000
Person,eventEnd,2,2,1.000000
Person,eventStart,2,2,1.000000
Person,ewcPodiums,2,2,1.000000
Person,expdraftedround,2,13,0.153846
Person,expdraftedteam,2,4,0.500000
Person,expdraftedyear,2,13,0.153846
Person,extraWidth,2,2,1.000000
Person,failed,2,123,0.016260
Person,favoriteWaves,2,2,1.000000
Person,female,2,2267,0.000882
Person,fi,2,2,1.000000
Person,fieldgoalsh,2,5,0.400000
Person,fightTeam,2,2,1.000000
Person,filmfarew,2,2,1.000000
Person,finalRuler,2,2,1.000000
Person,finalsChamp,2,2,1.000000
Person,finalsLink,2,2,1.000000
Person,firstDate,2,2,1.000000
Person,firstGneastRace,2,26,0.076923
Person,firstGneastWin,2,7,0.285714
Person,firstName,2,2,1.000000
Person,flagbearerOpen,2,2,1.000000
Person,floatWidth,2,2,1.000000
Person,floorCount,2,2,1.000000
Person,foodType,2,2,1.000000
Person,formerly,2,2,1.000000
Person,formerTeam,2,2,1.000000
Person,foundedPlace,2,2,1.000000
Person,fprn,2,2,1.000000
Person,frenchopenseniorresult,2,2,1.000000
Person,frequency,2,3,0.666667
Person,functionalStatus,2,2,1.000000
Person,g,2,3,0.666667
Person,gb,2,2,1.000000
Person,gd,2,2,1.000000
Person,ggan,2,2,1.000000
Person,ggaw,2,2,1.000000
Person,glossary,2,2,1.000000
Person,goalscorers,2,167,0.011976
Person,goalsh,2,5,0.400000
Person,gpDebut,2,2,1.000000
Person,grade,2,6,0.333333
Person,groundFatalities,2,2,1.000000
Person,hain,2,2,1.000000
Person,hair,2,2,1.000000
Person,halign,2,91,0.021978
Person,hanjiborn,2,2,1.000000
Person,hatchPlace,2,2,1.000000
Person,history,2,3,0.666667
Person,holding,2,2,1.000000
Person,holidayName,2,2,1.000000
Person,homePer,2,2,1.000000
Person,homeStadium,2,2,1.000000
Person,howmany,2,2,1.000000
Person,icallirelandf,2,3,0.666667
Person,icallirelandh,2,2,1.000000
Person,icpositionf,2,3,0.666667
Person,icprovincef,2,2,1.000000
Person,icprovinceh,2,2,1.000000
Person,identifier,2,2,1.000000
Person,idNumber,2,2,1.000000
Person,image1Description,2,2,1.000000
Person,image2Alt,2,2,1.000000
Person,imagealt,2,2,1.000000
Person,imageCoat,2,2,1.000000
Person,imageFlag,2,2,1.000000
Person,imageRight,2,2,1.000000
Person,imageSkyline,2,2,1.000000
Person,imagestyle,2,2,1.000000
Person,img,2,2,1.000000
Person,incat,2,3,0.666667
Person,ind,2,2,1.000000
Person,indent,2,54,0.037037
Person,influencedBy,2,2,1.000000
Person,info,2,2,1.000000
Person,informal,2,5,0.400000
Person,inker,2,24,0.083333
Person,inline,2,10,0.200000
Person,inquest,2,2,1.000000
Person,integer,2,1154,0.001733
Person,ircamName,2,2,1.000000
Person,ismAr,2,2,1.000000
Person,joinmajority,2,2,1.000000
Person,kickboxDecloss,2,3,0.666667
Person,kickboxTotal,2,2,1.000000
Person,kids,2,2,1.000000
Person,kmLatn,2,2,1.000000
Person,knownfor,2,2,1.000000
Person,koreanHeader,2,2,1.000000
Person,koreanipa,2,2,1.000000
Person,kunya,2,2,1.000000
Person,r,2,6,0.333333
Person,label11Size,2,4,0.500000
Person,label12Size,2,4,0.500000
Person,label13Size,2,4,0.500000
Person,label14Size,2,4,0.500000
Person,label15Size,2,4,0.500000
Person,label16Size,2,2,1.000000
Person,label17Size,2,4,0.500000
Person,label19Size,2,4,0.500000
Person,label20Size,2,4,0.500000
Person,label21Size,2,4,0.500000
Person,label22Size,2,4,0.500000
Person,label23Size,2,4,0.500000
Person,label24Size,2,4,0.500000
Person,label25Size,2,3,0.666667
Person,label26Size,2,3,0.666667
Person,label27Size,2,4,0.500000
Person,label28Size,2,2,1.000000
Person,label29Size,2,2,1.000000
Person,label30Size,2,2,1.000000
Person,label31Size,2,2,1.000000
Person,label32Size,2,2,1.000000
Person,label33Size,2,2,1.000000
Person,label8Size,2,3,0.666667
Person,labela,2,2,1.000000
Person,labelColord,2,5,0.400000
Person,labelPosd,2,5,0.400000
Person,labelType,2,14,0.142857
Person,lastGneastRace,2,23,0.086957
Person,lastGneastWin,2,6,0.333333
Person,lastHolder,2,2,1.000000
Person,lastLightsRace,2,3,0.666667
Person,lastTeam,2,2,1.000000
Person,lat11Min,2,2,1.000000
Person,lat1Dir,2,4,0.500000
Person,lat23Deg,2,3,0.666667
Person,lat24Deg,2,3,0.666667
Person,lat25Deg,2,2,1.000000
Person,lat26Deg,2,2,1.000000
Person,lat27Deg,2,3,0.666667
Person,lat2Dir,2,6,0.333333
Person,lat3Dir,2,4,0.500000
Person,lat4Dir,2,4,0.500000
Person,lat6Min,2,2,1.000000
Person,lat7Min,2,2,1.000000
Person,latDir,2,17,0.117647
Person,lawsApplied,2,2,1.000000
Person,lcfNat,2,2,1.000000
Person,ldm,2,2,1.000000
Person,leadfigures,2,2,1.000000
Person,leagues,2,4,0.500000
Person,legendstype,2,23,0.086957
Person,lifeSpan,2,2,1.000000
Person,lightsPodiums,2,3,0.666667
Person,lightsPoles,2,3,0.666667
Person,lightsWins,2,3,0.666667
Person,likes,2,2,1.000000
Person,list1title,2,2,1.000000
Person,listtitlestyle,2,2,1.000000
Person,litigants,2,2,1.000000
Person,liveAlbums,2,2,1.000000
Person,lmNat,2,2,1.000000
Person,lo,2,2,1.000000
Person,local,2,2,1.000000
Person,locale,2,2,1.000000
Person,logocaption,2,2,1.000000
Person,lon11Min,2,2,1.000000
Person,lon1Dir,2,4,0.500000
Person,lon23Deg,2,3,0.666667
Person,lon24Deg,2,3,0.666667
Person,lon25Deg,2,2,1.000000
Person,lon26Deg,2,2,1.000000
Person,lon27Deg,2,3,0.666667
Person,lon2Dir,2,7,0.285714
Person,lon3Dir,2,5,0.400000
Person,lon4Dir,2,5,0.400000
Person,lon4Sec,2,3,0.666667
Person,lon5Dir,2,3,0.666667
Person,lon6Min,2,2,1.000000
Person,lon7Min,2,2,1.000000
Person,lonDir,2,18,0.111111
Person,lqn,2,2,1.000000
Person,lwNat,2,3,0.666667
Person,mainOrgan,2,2,1.000000
Person,majoritypct,2,2,1.000000
Person,managerties,2,2,1.000000
Person,mangaArtist,2,64,0.031250
Person,margin,2,23,0.086957
Person,markImage,2,2,1.000000
Person,marriedDate,2,2,1.000000
Person,mdz,2,2,1.000000
Person,meansOfMartyrdom,2,2,1.000000
Person,medalTemplatesExpand,2,32,0.062500
Person,mentor,2,2,1.000000
Person,methods,2,2,1.000000
Person,metricUnit,2,22,0.090909
Person,mf,2,2,1.000000
Person,mgrtitle,2,40,0.050000
Person,miniHeight,2,2,1.000000
Person,minipogGx,2,2,1.000000
Person,minipogGy,2,2,1.000000
Person,minister1Ref,2,3,0.666667
Person,minister2Party,2,2,1.000000
Person,miniWidth,2,2,1.000000
Person,missing,2,2,1.000000
Person,missInternationalChile,2,5,0.400000
Person,missPanamá,2,3,0.666667
Person,mmadraws,2,2,1.000000
Person,mmakolosses,2,5,0.400000
Person,mmancs,2,3,0.666667
Person,mmasublosses,2,3,0.666667
Person,motivation,2,2,1.000000
Person,moto2FatestLaps,2,3,0.666667
Person,moto3Championships,2,133,0.015038
Person,mottoes,2,2,1.000000
Person,multinational,2,3,0.666667
Person,multiYearWsopWinner,2,2,1.000000
Person,municipality,2,2,1.000000
Person,musicDirector,2,2,1.000000
Person,nallTeam,2,3,0.666667
Person,name10c,2,2,1.000000
Person,name11c,2,2,1.000000
Person,name11d,2,2,1.000000
Person,name11e,2,2,1.000000
Person,name14b,2,2,1.000000
Person,name14c,2,2,1.000000
Person,name18c,2,2,1.000000
Person,name19d,2,2,1.000000
Person,name1d,2,2,1.000000
Person,name20b,2,2,1.000000
Person,name21c,2,2,1.000000
Person,name21d,2,2,1.000000
Person,name22b,2,2,1.000000
Person,name23a,2,2,1.000000
Person,name2d,2,2,1.000000
Person,name2e,2,2,1.000000
Person,name3g,2,2,1.000000
Person,name3h,2,2,1.000000
Person,name3Transcription,2,2,1.000000
Person,name7c,2,2,1.000000
Person,name8c,2,2,1.000000
Person,name9c,2,2,1.000000
Person,namedafter,2,2,1.000000
Person,nameListStyle,2,9,0.222222
Person,nasabAr,2,2,1.000000
Person,nationallity,2,2,1.000000
Person,nationalteams,2,2,1.000000
Person,nativeLang4Name,2,3,0.666667
Person,nativeLanguage,2,2,1.000000
Person,ncaaChampionships,2,3,0.666667
Person,necktype,2,2,1.000000
Person,needed,2,19,0.105263
Person,neutral,2,107,0.018692
Person,newsOfTheWorldTournament,2,2,1.000000
Person,nllhofYear,2,2,1.000000
Person,nocount,2,4,0.500000
Person,noOfTeams,2,4,0.500000
Person,noprescript,2,16,0.125000
Person,noPrescript,2,12,0.166667
Person,norec,2,1239,0.001614
Person,nosales,2,4,0.500000
Person,noshipments,2,3,0.666667
Person,notablePract,2,2,1.000000
Person,numberOfTeams,2,2,1.000000
Person,numbers,2,2,1.000000
Person,numéro,2,2,1.000000
Person,numpart,2,2,1.000000
Person,officialWebsite,2,2,1.000000
Person,olympic,2,17,0.117647
Person,olympicDate,2,2,1.000000
Person,olympicMark,2,2,1.000000
Person,oneodi,2,320,0.006250
Person,onet20i,2,215,0.009302
Person,onetest,2,628,0.003185
Person,onetype,2,294,0.006803
Person,onlineBooks,2,12,0.166667
Person,onlinebooksby,2,426,0.004695
Person,only,2,8,0.250000
Person,operationLabel,2,2,1.000000
Person,operationsEnd,2,2,1.000000
Person,operationsStart,2,3,0.666667
Person,orgFunction,2,2,1.000000
Person,origLangCode,2,6,0.333333
Person,origyear,2,2,1.000000
Person,otherChampionships,2,2,1.000000
Person,otherDegrees,2,2,1.000000
Person,otherPositions,2,2,1.000000
Person,othertournamentsmixeddoubles,2,91,0.021978
Person,otherWork,2,2,1.000000
Person,ownertitle,2,2,1.000000
Person,paralympicgolds,2,2,1.000000
Person,paralympicmedals,2,2,1.000000
Person,party1name,2,2,1.000000
Person,party2color,2,3,0.666667
Person,party2name,2,2,1.000000
Person,passedBy,2,2,1.000000
Person,pdcWorldCupOfDarts,2,2,1.000000
Person,peak,2,2,1.000000
Person,peak14a,2,2,1.000000
Person,peak19a,2,2,1.000000
Person,peak19b,2,2,1.000000
Person,penciler,2,4,0.500000
Person,penciller,2,16,0.125000
Person,person,2,3,0.666667
Person,picture,2,2,1.000000
Person,pixels,2,4,0.500000
Person,plain,2,3,0.666667
Person,playerNumber,2,2,1.000000
Person,playingteams,2,2,1.000000
Person,pllDraftYear,2,2,1.000000
Person,plural,2,7,0.285714
Person,pojborn,2,2,1.000000
Person,politicalParties,2,2,1.000000
Person,populationAsOf,2,2,1.000000
Person,populationTotal,2,2,1.000000
Person,portrait,2,3,0.666667
Person,postscript,2,2,1.000000
Person,power,2,2,1.000000
Person,premierships,2,5,0.400000
Person,present,2,2,1.000000
Person,presentlyLivingPlace,2,2,1.000000
Person,pretender,2,2,1.000000
Person,producers,2,2,1.000000
Person,pronounce,2,2,1.000000
Person,proteges,2,2,1.000000
Person,pureUrl,2,17,0.117647
Person,pushpinMapCaption,2,2,1.000000
Person,quotetext,2,2,1.000000
Person,raceWins,2,2,1.000000
Person,ratifier,2,2,1.000000
Person,rcfNat,2,2,1.000000
Person,rdm,2,2,1.000000
Person,reasonator,2,2,1.000000
Person,recordLocation,2,2,1.000000
Person,recordType,2,2,1.000000
Person,reElectionDate,2,2,1.000000
Person,refereeId,2,2,1.000000
Person,repapps,2,2,1.000000
Person,reportedPropertyDamage,2,2,1.000000
Person,rev4score,2,2,1.000000
Person,rm,2,2,1.000000
Person,rmNat,2,2,1.000000
Person,role2Title,2,2,1.000000
Person,role2Year,2,2,1.000000
Person,role3Title,2,2,1.000000
Person,role3Year,2,2,1.000000
Person,rooms,2,2,1.000000
Person,row12At,2,2,1.000000
Person,row12Lift,2,2,1.000000
Person,row12Shift,2,2,1.000000
Person,row13At,2,2,1.000000
Person,row13Lift,2,2,1.000000
Person,row13Shift,2,2,1.000000
Person,row14At,2,2,1.000000
Person,row14Lift,2,2,1.000000
Person,row14Shift,2,2,1.000000
Person,row14Text,2,2,1.000000
Person,row15At,2,2,1.000000
Person,row15Lift,2,2,1.000000
Person,row15Shift,2,2,1.000000
Person,row15Text,2,2,1.000000
Person,row23Text,2,2,1.000000
Person,row23To,2,2,1.000000
Person,row2Bordertop,2,2,1.000000
Person,row2Height,2,2,1.000000
Person,row31To,2,2,1.000000
Person,row32Text,2,2,1.000000
Person,row32To,2,2,1.000000
Person,ruAmateurpoints,2,10,0.200000
Person,ruCoachdraws,2,10,0.200000
Person,ruCoachteamd,2,2,1.000000
Person,ruCoachteame,2,2,1.000000
Person,ruCoachyear4start,2,2,1.000000
Person,ruCoachyear5end,2,2,1.000000
Person,ruCoachyear5start,2,2,1.000000
Person,ruCoachyearbend,2,2,1.000000
Person,ruCoachyearcend,2,2,1.000000
Person,ruCoachyearcstart,2,2,1.000000
Person,ruCoachyeardend,2,2,1.000000
Person,ruCoachyeardstart,2,2,1.000000
Person,ruCoachyeareend,2,2,1.000000
Person,ruCoachyearestart,2,2,1.000000
Person,ruFieldgoalsc,2,57,0.035088
Person,ruFieldgoalsd,2,30,0.066667
Person,ruFieldgoalsf,2,11,0.181818
Person,ruFieldgoalsh,2,2,1.000000
Person,ruGoalsf,2,11,0.181818
Person,ruPointsh,2,2,1.000000
Person,rusr,2,2,1.000000
Person,ruTeamh,2,2,1.000000
Person,ruYear10start,2,2,1.000000
Person,ruYear9end,2,2,1.000000
Person,ruYearhstart,2,2,1.000000
Person,rwNat,2,3,0.666667
Person,saPre,2,2,1.000000
Person,scout,2,2,1.000000
Person,scouts,2,2,1.000000
Person,screenactorsn,2,2,1.000000
Person,screenactorsw,2,2,1.000000
Person,script,2,2,1.000000
Person,season12PlayoffGoalsAgainst,2,2,1.000000
Person,season12PlayoffMinutes,2,2,1.000000
Person,season12PlayoffSaves,2,2,1.000000
Person,season13GroundBalls,2,2,1.000000
Person,season13PlayoffLoss,2,4,0.500000
Person,season13PlayoffWins,2,2,1.000000
Person,season13Shots,2,2,1.000000
Person,season13Team,2,6,0.333333
Person,season14GroundBalls,2,2,1.000000
Person,season14PlayoffLoss,2,5,0.400000
Person,season14PlayoffWins,2,5,0.400000
Person,season14Team,2,7,0.285714
Person,season15PlayoffGoalsAgainst,2,2,1.000000
Person,season15PlayoffMinutes,2,2,1.000000
Person,season15PlayoffSaves,2,2,1.000000
Person,season15Team,2,3,0.666667
Person,season16PlayoffLoss,2,4,0.500000
Person,season16PlayoffSeconds,2,2,1.000000
Person,season16Team,2,4,0.500000
Person,season17PlayoffGoalsAgainst,2,2,1.000000
Person,season17PlayoffLoss,2,2,1.000000
Person,season17PlayoffMinutes,2,2,1.000000
Person,season17PlayoffSaves,2,2,1.000000
Person,season17PlayoffSeconds,2,2,1.000000
Person,season17PlayoffWins,2,2,1.000000
Person,season17Team,2,4,0.500000
Person,season18PlayoffPenaltyMinutes,2,2,1.000000
Person,season18Seconds,2,3,0.666667
Person,season18Team,2,2,1.000000
Person,season19GoalsAgainst,2,2,1.000000
Person,season19Loss,2,2,1.000000
Person,season19Minutes,2,2,1.000000
Person,season19PlayoffGoals,2,3,0.666667
Person,season19PlayoffGoalsAgainst,2,2,1.000000
Person,season19PlayoffMinutes,2,2,1.000000
Person,season19PlayoffSeconds,2,2,1.000000
Person,season19Saves,2,2,1.000000
Person,season19Seconds,2,2,1.000000
Person,season19Wins,2,2,1.000000
Person,season1FaceoffsAttempted,2,2,1.000000
Person,season1Playoff2ptGoals,2,5,0.400000
Person,season1PlayoffFaceoffsAttempted,2,2,1.000000
Person,season1PlayoffGoalsAgainst,2,2,1.000000
Person,season1PlayoffLoss,2,2,1.000000
Person,season1PlayoffMinutes,2,2,1.000000
Person,season1PlayoffPenalties,2,7,0.285714
Person,season1PlayoffSaves,2,2,1.000000
Person,season1PlayoffSeconds,2,2,1.000000
Person,season1PlayoffWins,2,2,1.000000
Person,season20PlayoffAssists,2,2,1.000000
Person,season20PlayoffGoals,2,2,1.000000
Person,season20PlayoffLooseBalls,2,2,1.000000
Person,season21PlayoffAssists,2,2,1.000000
Person,season21PlayoffGamesPlayed,2,2,1.000000
Person,season21PlayoffLooseBalls,2,2,1.000000
Person,season23Assists,2,2,1.000000
Person,season23Goals,2,2,1.000000
Person,season23LooseBalls,2,2,1.000000
Person,season23PenaltyMinutes,2,2,1.000000
Person,season23PlayoffGamesPlayed,2,2,1.000000
Person,season23PlayoffLooseBalls,2,2,1.000000
Person,season23TeamLink,2,2,1.000000
Person,season23Year,2,2,1.000000
Person,season2Playoff2ptGoals,2,3,0.666667
Person,season2PlayoffLoss,2,4,0.500000
Person,season2PlayoffPenalties,2,2,1.000000
Person,season3Playoff2ptGoals,2,4,0.500000
Person,season4League,2,8,0.250000
Person,season4PlayoffLoss,2,5,0.400000
Person,season5League,2,8,0.250000
Person,season5PlayoffPenalties,2,5,0.400000
Person,season6League,2,5,0.400000
Person,season6PlayoffPenalties,2,2,1.000000
Person,season7Penalties,2,6,0.333333
Person,season7PlayoffLoss,2,3,0.666667
Person,season8PlayoffGroundBalls,2,2,1.000000
Person,season8PlayoffLoss,2,3,0.666667
Person,season8PlayoffWins,2,2,1.000000
Person,season92ptGoals,2,2,1.000000
Person,season9FaceoffsAtt,2,2,1.000000
Person,season9PlayoffLoss,2,6,0.333333
Person,season9PlayoffShots,2,2,1.000000
Person,season9PlayoffWins,2,3,0.666667
Person,seasonChampName,2,2,1.000000
Person,seasonslistnames,2,4,0.500000
Person,seatingCapacity,2,2,1.000000
Person,seats,2,5,0.400000
Person,seats6Title,2,2,1.000000
Person,seealso,2,2,1.000000
Person,seeAlso,2,2,1.000000
Person,served,2,2,1.000000
Person,setting,2,2,1.000000
Person,shipCountry,2,2,1.000000
Person,shipRoute,2,2,1.000000
Person,shipType,2,2,1.000000
Person,shortlink,2,310,0.006452
Person,shot,2,4,0.500000
Person,showDimensions,2,33,0.060606
Person,showLimit,2,38,0.052632
Person,showMaterial,2,32,0.062500
Person,sister,2,2,1.000000
Person,skhangul,2,2,1.000000
Person,skmr,2,2,1.000000
Person,skrr,2,2,1.000000
Person,smash,2,2,1.000000
Person,sort,2,5,0.400000
Person,sourcearticle,2,2,1.000000
Person,spokesperson,2,2,1.000000
Person,sponsor,2,2,1.000000
Person,sportingNationality,2,2,1.000000
Person,sportsParty,2,3,0.666667
Person,srn,2,2,1.000000
Person,stand,2,2,1.000000
Person,starterC,2,2,1.000000
Person,starterPf,2,2,1.000000
Person,starterPg,2,2,1.000000
Person,starterSf,2,2,1.000000
Person,starterSg,2,2,1.000000
Person,startTime,2,2,1.000000
Person,stat27value,2,2,1.000000
Person,stat35label,2,2,1.000000
Person,stat35value,2,2,1.000000
Person,stat42label,2,23,0.086957
Person,stat8label,2,2,1.000000
Person,stat8value,2,2,1.000000
Person,stateChampionships,2,2,1.000000
Person,stateSeatsName,2,3,0.666667
Person,streaming,2,4,0.500000
Person,string,2,5,0.400000
Person,strip,2,20,0.100000
Person,studioAlbums,2,2,1.000000
Person,subbox,2,2,1.000000
Person,subdivisionName,2,2,1.000000
Person,subheaderstyle,2,2,1.000000
Person,subst,2,2,1.000000
Person,sunni,2,2,1.000000
Person,supplement,2,2,1.000000
Person,suppress,2,4,0.500000
Person,sure,2,75,0.026667
Person,ta,2,50,0.040000
Person,taxId,2,2,1.000000
Person,tdsPre,2,2,1.000000
Person,teamLink,2,5,0.400000
Person,teenn,2,2,1.000000
Person,teenw,2,2,1.000000
Person,templates,2,3,0.666667
Person,term10c,2,2,1.000000
Person,term11c,2,2,1.000000
Person,term11e,2,2,1.000000
Person,term14b,2,2,1.000000
Person,term14c,2,2,1.000000
Person,term18c,2,2,1.000000
Person,term21c,2,2,1.000000
Person,term21d,2,2,1.000000
Person,term22b,2,2,1.000000
Person,term23a,2,2,1.000000
Person,term2d,2,2,1.000000
Person,term2e,2,2,1.000000
Person,term3g,2,2,1.000000
Person,term3h,2,2,1.000000
Person,term7c,2,2,1.000000
Person,term8c,2,2,1.000000
Person,term9c,2,2,1.000000
Person,terminusA,2,2,1.000000
Person,terminusB,2,2,1.000000
Person,thumb,2,3,0.666667
Person,titlebackground,2,2,1.000000
Person,titlebar,2,8,0.250000
Person,titlebgcolor,2,2,1.000000
Person,titlet,2,2,1.000000
Person,tlborn,2,2,1.000000
Person,toggle,2,121,0.016529
Person,topScorer,2,2,1.000000
Person,tours,2,2,1.000000
Person,trainers,2,2,1.000000
Person,translitLang1Type,2,2,1.000000
Person,transmission,2,2,1.000000
Person,turnedPro,2,2,1.000000
Person,tw,2,2,1.000000
Person,ukLegTitle,2,2,1.000000
Person,uly,2,2,1.000000
Person,unknlast,2,2,1.000000
Person,unknnext,2,2,1.000000
Person,unverified,2,3,0.666667
Person,uscPre,2,2,1.000000
Person,usNetwork,2,2,1.000000
Person,usy,2,2,1.000000
Person,vibhaa,2,2,1.000000
Person,visitorPer,2,2,1.000000
Person,votes.,2,2,1.000000
Person,vp,2,2,1.000000
Person,wcccdoublesresult,2,17,0.117647
Person,wcccmixeddoublesresult,2,6,0.333333
Person,wcrelayspodiums,2,2,1.000000
Person,wcrelayswins,2,2,1.000000
Person,websiteType,2,2,1.000000
Person,weightSt,2,2,1.000000
Person,wg,2,2,1.000000
Person,widht,2,2,1.000000
Person,wikiquote,2,2,1.000000
Person,winnerPartyUnlinked,2,3,0.666667
Person,wlaTeam,2,2,1.000000
Person,woodfingerboard,2,2,1.000000
Person,woodneck,2,2,1.000000
Person,worldCup,2,2,1.000000
Person,worldcupstarts,2,3,0.666667
Person,worldDate,2,2,1.000000
Person,worldMark,2,2,1.000000
Person,year0end,2,2,1.000000
Person,year15end,2,4,0.500000
Person,yearCompleted,2,2,1.000000
Person,years‌,2,2,1.000000
Person,yearsInGneast,2,26,0.076923
Person,yearsInLights,2,3,0.666667
Person,ymin,2,3,0.666667
Person,zip,2,2,1.000000
Species,budget,2,2,1.000000
Species,colourName,2,499,0.004008
Species,completionDate,2,2,1.000000
Species,distributor,2,2,1.000000
Species,editing,2,2,1.000000
Species,fastestLap,2,496,0.004032
Species,firstAirDate,2,2,1.000000
Species,formationDate,2,2,1.000000
Species,formationYear,2,2,1.000000
Species,founder,2,2,1.000000
Species,foundingYear,2,2,1.000000
Species,headquarter,2,2,1.000000
Species,lcc,2,2,1.000000
Species,mediaType,2,3,0.666667
Species,numberOfPages,2,2,1.000000
Species,previousWork,2,2,1.000000
Species,series,2,4,0.500000
Species,suppreddedDate,2,2,1.000000
Species,winsAtLPGA,2,7,0.285714
Species,winsAtProTournaments,2,2,1.000000
Species,%3F,2,22,0.090909
Species,1pages,2,2,1.000000
Species,1split,2,2,1.000000
Species,247Archivedate,2,2,1.000000
Species,247sportsRefTitle,2,2,1.000000
Species,247sportsStars,2,3,0.666667
Species,247SportsStars,2,2,1.000000
Species,2at,2,2,1.000000
Species,3rdReading,2,2,1.000000
Species,3rdReadingAgainst,2,2,1.000000
Species,3rdReadingFor,2,2,1.000000
Species,4option,2,2,1.000000
Species,4optionName,2,2,1.000000
Species,50ActiveYears,2,2,1.000000
Species,50Manufacturers,2,2,1.000000
Species,50RaceStarts,2,2,1.000000
Species,50TotalPoints,2,2,1.000000
Species,5option,2,2,1.000000
Species,5optionName,2,2,1.000000
Species,activity,2,2,1.000000
Species,addedDate,2,2,1.000000
Species,adoption,2,2,1.000000
Species,aet,2,48,0.041667
Species,affiliated,2,2,1.000000
Species,aflAppearances,2,2,1.000000
Species,aflGoals,2,2,1.000000
Species,aflPosition,2,2,1.000000
Species,aflrookieyear,2,2,1.000000
Species,aflYear1end,2,2,1.000000
Species,aflYear1start,2,2,1.000000
Species,afterElection,2,2,1.000000
Species,album10Formats,2,2,1.000000
Species,album7Formats,2,2,1.000000
Species,album8Formats,2,2,1.000000
Species,album9Formats,2,2,1.000000
Species,all,2,6,0.333333
Species,allAlbums,2,30,0.066667
Species,allblackno,2,2,1.000000
Species,allCerts,2,3,0.666667
Species,alsoKnownAs,2,2,1.000000
Species,altColor,2,2,1.000000
Species,amaProRaceStarts,2,2,1.000000
Species,amasbLastPosition,2,2,1.000000
Species,amasbLastSeason,2,2,1.000000
Species,amasbPoles,2,2,1.000000
Species,amasbRaceStarts,2,2,1.000000
Species,amasbRaceWins,2,2,1.000000
Species,amDecloss,2,17,0.117647
Species,americann,2,2,1.000000
Species,americanw,2,2,1.000000
Species,amfWorldCupApps,2,2,1.000000
Species,amfWorldCupBest,2,2,1.000000
Species,amfWorldCupFirst,2,2,1.000000
Species,amNat,2,3,0.666667
Species,amNc,2,4,0.500000
Species,amSubloss,2,15,0.133333
Species,ancestorSchools,2,2,1.000000
Species,animator,2,2,1.000000
Species,approval,2,2,1.000000
Species,aptFinalTables,2,2,1.000000
Species,aptMoneyFinishes,2,2,1.000000
Species,architectureType,2,2,1.000000
Species,arts,2,2,1.000000
Species,ashachampion,2,2,1.000000
Species,assailant,2,2,1.000000
Species,assistant,2,4,0.500000
Species,associate,2,2,1.000000
Species,ate,2,2,1.000000
Species,attacks,2,2,1.000000
Species,author3Link,2,2,1.000000
Species,authorFirst,2,2,1.000000
Species,authorLast,2,2,1.000000
Species,authors(s),2,2,1.000000
Species,autoCaption,2,17,0.117647
Species,award11n,2,5,0.400000
Species,award11w,2,5,0.400000
Species,award12n,2,3,0.666667
Species,award12w,2,3,0.666667
Species,award13n,2,3,0.666667
Species,award13w,2,3,0.666667
Species,award14w,2,3,0.666667
Species,award16n,2,2,1.000000
Species,award16w,2,2,1.000000
Species,badges,2,2,1.000000
Species,badgeSize,2,2,1.000000
Species,barWidth,2,14,0.142857
Species,baseWidth,2,2,1.000000
Species,bc,2,2,1.000000
Species,beforeElection,2,2,1.000000
Species,beforeParty,2,2,1.000000
Species,bench1C,2,2,1.000000
Species,bench1Pf,2,2,1.000000
Species,bench1Pg,2,2,1.000000
Species,bench1Sf,2,2,1.000000
Species,bench2C,2,2,1.000000
Species,bench3Label,2,2,1.000000
Species,bench3Pg,2,2,1.000000
Species,bench3Sf,2,2,1.000000
Species,bench3Sg,2,2,1.000000
Species,bestLightsPos,2,2,1.000000
Species,bestYear,2,2,1.000000
Species,bf1Championships,2,6,0.333333
Species,bgcolour,2,3,0.666667
Species,biceps,2,2,1.000000
Species,binomial2Authority,2,2,1.000000
Species,birthday,2,2,1.000000
Species,blogurl,2,2,1.000000
Species,bn,2,2,1.000000
Species,bodytype,2,2,1.000000
Species,boots,2,2,1.000000
Species,boxingkowins,2,2,1.000000
Species,boxWidth,2,2,1.000000
Species,bp,2,2,1.000000
Species,bracket,2,10,0.200000
Species,brackets,2,2,1.000000
Species,brandy,2,2,1.000000
Species,broadcaster,2,3,0.666667
Species,bssChampionships,2,4,0.500000
Species,budget,2,2,1.000000
Species,bullet,2,4,0.500000
Species,bvNationalyears,2,2,1.000000
Species,candidates,2,3,0.666667
Species,candidatetitle,2,2,1.000000
Species,caption.,2,2,1.000000
Species,caught,2,4,0.500000
Species,causalAgents,2,2,1.000000
Species,cflstatweek,2,3,0.666667
Species,cfNat,2,3,0.666667
Species,chest,2,2,1.000000
Species,chief1Name,2,2,1.000000
Species,chiefminister,2,2,1.000000
Species,chiefOfStaff,2,2,1.000000
Species,chiefOfStaffEnd,2,2,1.000000
Species,chiefOfStaffStart,2,2,1.000000
Species,circulation,2,2,1.000000
Species,cite,2,8,0.250000
Species,citedFor,2,2,1.000000
Species,cityarticle,2,2,1.000000
Species,clallirelandh,2,3,0.666667
Species,classifications,2,2,1.000000
Species,claTeam,2,2,1.000000
Species,clpositionf,2,2,1.000000
Species,clpositionh,2,2,1.000000
Species,coachdrawsd,2,15,0.133333
Species,coachdrawse,2,6,0.333333
Species,coachdrawsf,2,3,0.666667
Species,coachlossesf,2,3,0.666667
Species,coachlossesg,2,2,1.000000
Species,coachwinsg,2,2,1.000000
Species,coachyearfend,2,2,1.000000
Species,coachyeargstart,2,2,1.000000
Species,coatofarmscaption,2,2,1.000000
Species,coatOfArmsSize,2,3,0.666667
Species,collegeTeam,2,2,1.000000
Species,colorAs,2,3,0.666667
Species,colorBorder,2,20,0.100000
Species,commandedBy,2,2,1.000000
Species,commercial,2,3,0.666667
Species,commonwealthYear,2,2,1.000000
Species,compact,2,12,0.166667
Species,companyType,2,2,1.000000
Species,condition,2,2,1.000000
Species,constituency.,2,2,1.000000
Species,constructors,2,2,1.000000
Species,coronaCarTeam,2,2,1.000000
Species,corrections,2,3,0.666667
Species,cost,2,2,1.000000
Species,countryOfIssue,2,7,0.285714
Species,cousins,2,2,1.000000
Species,csnPre,2,2,1.000000
Species,cultCenter,2,3,0.666667
Species,curators,2,2,1.000000
Species,currentclubs,2,2,1.000000
Species,currentowner,2,2,1.000000
Species,czechleague,2,2,1.000000
Species,dataType,2,14,0.142857
Species,dateDissolved,2,2,1.000000
Species,dateFounded,2,2,1.000000
Species,dateOfRelease,2,2,1.000000
Species,datePassed,2,2,1.000000
Species,dateSigned,2,2,1.000000
Species,daye,2,2,1.000000
Species,db,2,13,0.153846
Species,demographic,2,2,1.000000
Species,departmentLabel,2,4,0.500000
Species,designatedNrhpType,2,2,1.000000
Species,designatedPahistoricType,2,2,1.000000
Species,designation1Free1name,2,8,0.250000
Species,designations,2,2,1.000000
Species,detainedAt,2,3,0.666667
Species,devanagari,2,2,1.000000
Species,dfm,2,2,1.000000
Species,directorOfIntergovernmentalAffairsEnd,2,2,1.000000
Species,dlm,2,2,1.000000
Species,dmNat,2,2,1.000000
Species,dno,2,2,1.000000
Species,dq,2,4,0.500000
Species,driversChamp,2,3,0.666667
Species,dupe,2,2,1.000000
Species,ecoPhilippines,2,3,0.666667
Species,editor2First,2,2,1.000000
Species,editor2Last,2,2,1.000000
Species,editorFirst,2,2,1.000000
Species,editorLast,2,2,1.000000
Species,electionName,2,2,1.000000
Species,emmyn,2,2,1.000000
Species,emmyw,2,2,1.000000
Species,en,2,2,1.000000
Species,endTime,2,2,1.000000
Species,englandMasters,2,2,1.000000
Species,english,2,2,1.000000
Species,eps,2,2,1.000000
Species,epsnArchivedate,2,2,1.000000
Species,eptMainEventFinishes,2,2,1.000000
Species,error,2,15,0.133333
Species,establishedDate,2,2,1.000000
Species,establishedEvent,2,2,1.000000
Species,estates,2,2,1.000000
Species,eventEnd,2,2,1.000000
Species,eventStart,2,2,1.000000
Species,ewcPodiums,2,2,1.000000
Species,expdraftedround,2,13,0.153846
Species,expdraftedteam,2,4,0.500000
Species,expdraftedyear,2,13,0.153846
Species,extraWidth,2,2,1.000000
Species,failed,2,123,0.016260
Species,favoriteWaves,2,2,1.000000
Species,female,2,2267,0.000882
Species,fi,2,2,1.000000
Species,fieldgoalsh,2,5,0.400000
Species,fightTeam,2,2,1.000000
Species,filmfarew,2,2,1.000000
Species,finalRuler,2,2,1.000000
Species,finalsChamp,2,2,1.000000
Species,finalsLink,2,2,1.000000
Species,firstDate,2,2,1.000000
Species,firstGneastRace,2,26,0.076923
Species,firstGneastWin,2,7,0.285714
Species,firstName,2,2,1.000000
Species,flagbearerOpen,2,2,1.000000
Species,floatWidth,2,2,1.000000
Species,floorCount,2,2,1.000000
Species,fn,2,2,1.000000
Species,foodType,2,2,1.000000
Species,formerly,2,2,1.000000
Species,formerTeam,2,2,1.000000
Species,foundedPlace,2,2,1.000000
Species,fprn,2,2,1.000000
Species,frenchopenseniorresult,2,2,1.000000
Species,frequency,2,3,0.666667
Species,fructose,2,2,1.000000
Species,functionalStatus,2,2,1.000000
Species,gb,2,2,1.000000
Species,gd,2,2,1.000000
Species,ggan,2,2,1.000000
Species,ggaw,2,2,1.000000
Species,glossary,2,2,1.000000
Species,glucose,2,2,1.000000
Species,goalscorers,2,167,0.011976
Species,goalsh,2,5,0.400000
Species,gpDebut,2,2,1.000000
Species,grade,2,6,0.333333
Species,grex,2,2,1.000000
Species,groundFatalities,2,2,1.000000
Species,hain,2,2,1.000000
Species,hair,2,2,1.000000
Species,halign,2,91,0.021978
Species,hanjiborn,2,2,1.000000
Species,hatchPlace,2,2,1.000000
Species,history,2,3,0.666667
Species,holding,2,2,1.000000
Species,holidayName,2,2,1.000000
Species,homePer,2,2,1.000000
Species,homeStadium,2,2,1.000000
Species,howmany,2,2,1.000000
Species,icallirelandf,2,3,0.666667
Species,icallirelandh,2,2,1.000000
Species,icd,2,2,1.000000
Species,icpositionf,2,3,0.666667
Species,icprovincef,2,2,1.000000
Species,icprovinceh,2,2,1.000000
Species,identifier,2,2,1.000000
Species,idNumber,2,2,1.000000
Species,image1Description,2,2,1.000000
Species,image2Alt,2,2,1.000000
Species,imagealt,2,2,1.000000
Species,imageCoat,2,2,1.000000
Species,imageFlag,2,2,1.000000
Species,imageRight,2,2,1.000000
Species,imageSkyline,2,2,1.000000
Species,imagestyle,2,2,1.000000
Species,img,2,2,1.000000
Species,incat,2,3,0.666667
Species,ind,2,2,1.000000
Species,indent,2,54,0.037037
Species,influencedBy,2,2,1.000000
Species,info,2,2,1.000000
Species,informal,2,5,0.400000
Species,inker,2,24,0.083333
Species,inline,2,10,0.200000
Species,inquest,2,2,1.000000
Species,integer,2,1154,0.001733
Species,ircamName,2,2,1.000000
Species,ismAr,2,2,1.000000
Species,joinmajority,2,2,1.000000
Species,kickboxDecloss,2,3,0.666667
Species,kickboxTotal,2,2,1.000000
Species,kids,2,2,1.000000
Species,kmLatn,2,2,1.000000
Species,knownfor,2,2,1.000000
Species,koreanHeader,2,2,1.000000
Species,koreanipa,2,2,1.000000
Species,kunya,2,2,1.000000
Species,r,2,6,0.333333
Species,label11Size,2,4,0.500000
Species,label12Size,2,4,0.500000
Species,label13Size,2,4,0.500000
Species,label14Size,2,4,0.500000
Species,label15Size,2,4,0.500000
Species,label16Size,2,2,1.000000
Species,label17Size,2,4,0.500000
Species,label19Size,2,4,0.500000
Species,label20Size,2,4,0.500000
Species,label21Size,2,4,0.500000
Species,label22Size,2,4,0.500000
Species,label23Size,2,4,0.500000
Species,label24Size,2,4,0.500000
Species,label25Size,2,3,0.666667
Species,label26Size,2,3,0.666667
Species,label27Size,2,4,0.500000
Species,label28Size,2,2,1.000000
Species,label29Size,2,2,1.000000
Species,label30Size,2,2,1.000000
Species,label31Size,2,2,1.000000
Species,label32Size,2,2,1.000000
Species,label33Size,2,2,1.000000
Species,label8Size,2,3,0.666667
Species,labela,2,2,1.000000
Species,labelColord,2,5,0.400000
Species,labelPosd,2,5,0.400000
Species,labelType,2,14,0.142857
Species,lastGneastRace,2,23,0.086957
Species,lastGneastWin,2,6,0.333333
Species,lastHolder,2,2,1.000000
Species,lastLightsRace,2,3,0.666667
Species,lastTeam,2,2,1.000000
Species,lat11Min,2,2,1.000000
Species,lat16Deg,2,2,1.000000
Species,lat18Deg,2,2,1.000000
Species,lat1Dir,2,4,0.500000
Species,lat23Deg,2,3,0.666667
Species,lat24Deg,2,3,0.666667
Species,lat25Deg,2,2,1.000000
Species,lat26Deg,2,2,1.000000
Species,lat27Deg,2,3,0.666667
Species,lat2Dir,2,6,0.333333
Species,lat3Dir,2,4,0.500000
Species,lat4Dir,2,4,0.500000
Species,lat6Min,2,2,1.000000
Species,lat7Min,2,2,1.000000
Species,latDir,2,17,0.117647
Species,lawsApplied,2,2,1.000000
Species,lcfNat,2,2,1.000000
Species,ldm,2,2,1.000000
Species,leadfigures,2,2,1.000000
Species,leagues,2,4,0.500000
Species,legendstype,2,23,0.086957
Species,lifeSpan,2,2,1.000000
Species,lightsPodiums,2,3,0.666667
Species,lightsPoles,2,3,0.666667
Species,lightsWins,2,3,0.666667
Species,likes,2,2,1.000000
Species,list1title,2,2,1.000000
Species,listtitlestyle,2,2,1.000000
Species,litigants,2,2,1.000000
Species,liveAlbums,2,2,1.000000
Species,lmNat,2,2,1.000000
Species,lo,2,2,1.000000
Species,local,2,2,1.000000
Species,locale,2,2,1.000000
Species,logocaption,2,2,1.000000
Species,lon11Min,2,2,1.000000
Species,lon16Deg,2,2,1.000000
Species,lon18Deg,2,2,1.000000
Species,lon1Dir,2,4,0.500000
Species,lon23Deg,2,3,0.666667
Species,lon24Deg,2,3,0.666667
Species,lon25Deg,2,2,1.000000
Species,lon26Deg,2,2,1.000000
Species,lon27Deg,2,3,0.666667
Species,lon2Dir,2,7,0.285714
Species,lon3Dir,2,5,0.400000
Species,lon4Dir,2,5,0.400000
Species,lon4Sec,2,3,0.666667
Species,lon5Dir,2,3,0.666667
Species,lon6Min,2,2,1.000000
Species,lon7Min,2,2,1.000000
Species,lonDir,2,18,0.111111
Species,lqn,2,2,1.000000
Species,lwNat,2,3,0.666667
Species,mainOrgan,2,2,1.000000
Species,majoritypct,2,2,1.000000
Species,managerties,2,2,1.000000
Species,mangaArtist,2,64,0.031250
Species,margin,2,23,0.086957
Species,markImage,2,2,1.000000
Species,marriedDate,2,2,1.000000
Species,mdz,2,2,1.000000
Species,meansOfMartyrdom,2,2,1.000000
Species,medalTemplatesExpand,2,32,0.062500
Species,mentor,2,2,1.000000
Species,methods,2,2,1.000000
Species,metricUnit,2,22,0.090909
Species,mgrtitle,2,40,0.050000
Species,miniHeight,2,2,1.000000
Species,minipogGx,2,2,1.000000
Species,minipogGy,2,2,1.000000
Species,minister1Ref,2,3,0.666667
Species,minister2Party,2,2,1.000000
Species,miniWidth,2,2,1.000000
Species,missing,2,2,1.000000
Species,missInternationalChile,2,5,0.400000
Species,missPanamá,2,3,0.666667
Species,mmadraws,2,2,1.000000
Species,mmakolosses,2,5,0.400000
Species,mmancs,2,3,0.666667
Species,mmasublosses,2,3,0.666667
Species,motivation,2,2,1.000000
Species,moto2FatestLaps,2,3,0.666667
Species,moto3Championships,2,133,0.015038
Species,mottoes,2,2,1.000000
Species,multinational,2,3,0.666667
Species,multiYearWsopWinner,2,2,1.000000
Species,municipality,2,2,1.000000
Species,musicDirector,2,2,1.000000
Species,nallTeam,2,3,0.666667
Species,name10c,2,2,1.000000
Species,name11c,2,2,1.000000
Species,name11d,2,2,1.000000
Species,name11e,2,2,1.000000
Species,name14b,2,2,1.000000
Species,name14c,2,2,1.000000
Species,name18c,2,2,1.000000
Species,name19d,2,2,1.000000
Species,name1d,2,2,1.000000
Species,name20b,2,2,1.000000
Species,name21c,2,2,1.000000
Species,name21d,2,2,1.000000
Species,name22b,2,2,1.000000
Species,name23a,2,2,1.000000
Species,name2d,2,2,1.000000
Species,name2e,2,2,1.000000
Species,name3g,2,2,1.000000
Species,name3h,2,2,1.000000
Species,name3Transcription,2,2,1.000000
Species,name7c,2,2,1.000000
Species,name8c,2,2,1.000000
Species,name9c,2,2,1.000000
Species,namedafter,2,2,1.000000
Species,nameListStyle,2,15,0.133333
Species,nasabAr,2,2,1.000000
Species,nationallity,2,2,1.000000
Species,nationalteams,2,2,1.000000
Species,nativeLang4Name,2,3,0.666667
Species,nativeLanguage,2,2,1.000000
Species,ncaaChampionships,2,3,0.666667
Species,necktype,2,2,1.000000
Species,needed,2,19,0.105263
Species,neutral,2,107,0.018692
Species,newsOfTheWorldTournament,2,2,1.000000
Species,nllhofYear,2,2,1.000000
Species,nocount,2,4,0.500000
Species,noOfTeams,2,4,0.500000
Species,noprescript,2,16,0.125000
Species,noPrescript,2,12,0.166667
Species,norec,2,1239,0.001614
Species,nosales,2,4,0.500000
Species,noshipments,2,3,0.666667
Species,notablePract,2,2,1.000000
Species,numberOfTeams,2,2,1.000000
Species,numbers,2,2,1.000000
Species,numéro,2,2,1.000000
Species,numpart,2,2,1.000000
Species,officialWebsite,2,2,1.000000
Species,olympic,2,17,0.117647
Species,olympicDate,2,2,1.000000
Species,olympicMark,2,2,1.000000
Species,oneodi,2,320,0.006250
Species,onet20i,2,215,0.009302
Species,onetest,2,628,0.003185
Species,onetype,2,294,0.006803
Species,onlineBooks,2,12,0.166667
Species,onlinebooksby,2,426,0.004695
Species,only,2,8,0.250000
Species,operationLabel,2,2,1.000000
Species,operationsEnd,2,2,1.000000
Species,operationsStart,2,3,0.666667
Species,orgFunction,2,2,1.000000
Species,origLangCode,2,6,0.333333
Species,origyear,2,2,1.000000
Species,otherChampionships,2,2,1.000000
Species,otherDegrees,2,2,1.000000
Species,otherPositions,2,2,1.000000
Species,othertournamentsmixeddoubles,2,91,0.021978
Species,otherWork,2,2,1.000000
Species,ownertitle,2,2,1.000000
Species,paralympicgolds,2,2,1.000000
Species,paralympicmedals,2,2,1.000000
Species,party1name,2,2,1.000000
Species,party2color,2,3,0.666667
Species,party2name,2,2,1.000000
Species,passedBy,2,2,1.000000
Species,pdcWorldCupOfDarts,2,2,1.000000
Species,peak,2,2,1.000000
Species,peak14a,2,2,1.000000
Species,peak19a,2,2,1.000000
Species,peak19b,2,2,1.000000
Species,penciler,2,4,0.500000
Species,penciller,2,16,0.125000
Species,person,2,3,0.666667
Species,picture,2,2,1.000000
Species,pixels,2,4,0.500000
Species,plain,2,3,0.666667
Species,playerNumber,2,2,1.000000
Species,playingteams,2,2,1.000000
Species,pllDraftYear,2,2,1.000000
Species,plural,2,7,0.285714
Species,pojborn,2,2,1.000000
Species,politicalParties,2,2,1.000000
Species,populationAsOf,2,2,1.000000
Species,populationTotal,2,2,1.000000
Species,portrait,2,3,0.666667
Species,postscript,2,2,1.000000
Species,power,2,2,1.000000
Species,premierships,2,5,0.400000
Species,present,2,2,1.000000
Species,presentlyLivingPlace,2,2,1.000000
Species,pretender,2,2,1.000000
Species,producers,2,2,1.000000
Species,pronounce,2,2,1.000000
Species,proteges,2,2,1.000000
Species,pureUrl,2,17,0.117647
Species,pushpinMapCaption,2,2,1.000000
Species,quotetext,2,2,1.000000
Species,raceWins,2,2,1.000000
Species,ratifier,2,2,1.000000
Species,rcfNat,2,2,1.000000
Species,rdm,2,2,1.000000
Species,reasonator,2,2,1.000000
Species,recordLocation,2,2,1.000000
Species,recordType,2,2,1.000000
Species,reElectionDate,2,2,1.000000
Species,refereeId,2,2,1.000000
Species,repapps,2,2,1.000000
Species,reportedPropertyDamage,2,2,1.000000
Species,rev4score,2,2,1.000000
Species,rm,2,2,1.000000
Species,rmNat,2,2,1.000000
Species,role2Title,2,2,1.000000
Species,role2Year,2,2,1.000000
Species,role3Title,2,2,1.000000
Species,role3Year,2,2,1.000000
Species,rooms,2,2,1.000000
Species,row12At,2,2,1.000000
Species,row12Lift,2,2,1.000000
Species,row12Shift,2,2,1.000000
Species,row13At,2,2,1.000000
Species,row13Lift,2,2,1.000000
Species,row13Shift,2,2,1.000000
Species,row14At,2,2,1.000000
Species,row14Lift,2,2,1.000000
Species,row14Shift,2,2,1.000000
Species,row14Text,2,2,1.000000
Species,row15At,2,2,1.000000
Species,row15Lift,2,2,1.000000
Species,row15Shift,2,2,1.000000
Species,row15Text,2,2,1.000000
Species,row23Text,2,2,1.000000
Species,row23To,2,2,1.000000
Species,row2Bordertop,2,2,1.000000
Species,row2Height,2,2,1.000000
Species,row31To,2,2,1.000000
Species,row32Text,2,2,1.000000
Species,row32To,2,2,1.000000
Species,ruAmateurpoints,2,10,0.200000
Species,ruCoachdraws,2,10,0.200000
Species,ruCoachteamd,2,2,1.000000
Species,ruCoachteame,2,2,1.000000
Species,ruCoachyear4start,2,2,1.000000
Species,ruCoachyear5end,2,2,1.000000
Species,ruCoachyear5start,2,2,1.000000
Species,ruCoachyearbend,2,2,1.000000
Species,ruCoachyearcend,2,2,1.000000
Species,ruCoachyearcstart,2,2,1.000000
Species,ruCoachyeardend,2,2,1.000000
Species,ruCoachyeardstart,2,2,1.000000
Species,ruCoachyeareend,2,2,1.000000
Species,ruCoachyearestart,2,2,1.000000
Species,ruFieldgoalsc,2,57,0.035088
Species,ruFieldgoalsd,2,30,0.066667
Species,ruFieldgoalsf,2,11,0.181818
Species,ruFieldgoalsh,2,2,1.000000
Species,ruGoalsf,2,11,0.181818
Species,ruPointsh,2,2,1.000000
Species,rusr,2,2,1.000000
Species,ruTeamh,2,2,1.000000
Species,ruYear10start,2,2,1.000000
Species,ruYear9end,2,2,1.000000
Species,ruYearhstart,2,2,1.000000
Species,rwNat,2,3,0.666667
Species,saPre,2,2,1.000000
Species,scout,2,2,1.000000
Species,scouts,2,2,1.000000
Species,screenactorsn,2,2,1.000000
Species,screenactorsw,2,2,1.000000
Species,script,2,2,1.000000
Species,season12PlayoffGoalsAgainst,2,2,1.000000
Species,season12PlayoffMinutes,2,2,1.000000
Species,season12PlayoffSaves,2,2,1.000000
Species,season13GroundBalls,2,2,1.000000
Species,season13PlayoffLoss,2,4,0.500000
Species,season13PlayoffWins,2,2,1.000000
Species,season13Shots,2,2,1.000000
Species,season13Team,2,6,0.333333
Species,season14GroundBalls,2,2,1.000000
Species,season14PlayoffLoss,2,5,0.400000
Species,season14PlayoffWins,2,5,0.400000
Species,season14Team,2,7,0.285714
Species,season15PlayoffGoalsAgainst,2,2,1.000000
Species,season15PlayoffMinutes,2,2,1.000000
Species,season15PlayoffSaves,2,2,1.000000
Species,season15Team,2,3,0.666667
Species,season16PlayoffLoss,2,4,0.500000
Species,season16PlayoffSeconds,2,2,1.000000
Species,season16Team,2,4,0.500000
Species,season17PlayoffGoalsAgainst,2,2,1.000000
Species,season17PlayoffLoss,2,2,1.000000
Species,season17PlayoffMinutes,2,2,1.000000
Species,season17PlayoffSaves,2,2,1.000000
Species,season17PlayoffSeconds,2,2,1.000000
Species,season17PlayoffWins,2,2,1.000000
Species,season17Team,2,4,0.500000
Species,season18PlayoffPenaltyMinutes,2,2,1.000000
Species,season18Seconds,2,3,0.666667
Species,season18Team,2,2,1.000000
Species,season19GoalsAgainst,2,2,1.000000
Species,season19Loss,2,2,1.000000
Species,season19Minutes,2,2,1.000000
Species,season19PlayoffGoals,2,3,0.666667
Species,season19PlayoffGoalsAgainst,2,2,1.000000
Species,season19PlayoffMinutes,2,2,1.000000
Species,season19PlayoffSeconds,2,2,1.000000
Species,season19Saves,2,2,1.000000
Species,season19Seconds,2,2,1.000000
Species,season19Wins,2,2,1.000000
Species,season1FaceoffsAttempted,2,2,1.000000
Species,season1Playoff2ptGoals,2,5,0.400000
Species,season1PlayoffFaceoffsAttempted,2,2,1.000000
Species,season1PlayoffGoalsAgainst,2,2,1.000000
Species,season1PlayoffLoss,2,2,1.000000
Species,season1PlayoffMinutes,2,2,1.000000
Species,season1PlayoffPenalties,2,7,0.285714
Species,season1PlayoffSaves,2,2,1.000000
Species,season1PlayoffSeconds,2,2,1.000000
Species,season1PlayoffWins,2,2,1.000000
Species,season20PlayoffAssists,2,2,1.000000
Species,season20PlayoffGoals,2,2,1.000000
Species,season20PlayoffLooseBalls,2,2,1.000000
Species,season21PlayoffAssists,2,2,1.000000
Species,season21PlayoffGamesPlayed,2,2,1.000000
Species,season21PlayoffLooseBalls,2,2,1.000000
Species,season23Assists,2,2,1.000000
Species,season23Goals,2,2,1.000000
Species,season23LooseBalls,2,2,1.000000
Species,season23PenaltyMinutes,2,2,1.000000
Species,season23PlayoffGamesPlayed,2,2,1.000000
Species,season23PlayoffLooseBalls,2,2,1.000000
Species,season23TeamLink,2,2,1.000000
Species,season23Year,2,2,1.000000
Species,season2Playoff2ptGoals,2,3,0.666667
Species,season2PlayoffLoss,2,4,0.500000
Species,season2PlayoffPenalties,2,2,1.000000
Species,season3Playoff2ptGoals,2,4,0.500000
Species,season4League,2,8,0.250000
Species,season4PlayoffLoss,2,5,0.400000
Species,season5League,2,8,0.250000
Species,season5PlayoffPenalties,2,5,0.400000
Species,season6League,2,5,0.400000
Species,season6PlayoffPenalties,2,2,1.000000
Species,season7Penalties,2,6,0.333333
Species,season7PlayoffLoss,2,3,0.666667
Species,season8PlayoffGroundBalls,2,2,1.000000
Species,season8PlayoffLoss,2,3,0.666667
Species,season8PlayoffWins,2,2,1.000000
Species,season92ptGoals,2,2,1.000000
Species,season9FaceoffsAtt,2,2,1.000000
Species,season9PlayoffLoss,2,6,0.333333
Species,season9PlayoffShots,2,2,1.000000
Species,season9PlayoffWins,2,3,0.666667
Species,seasonChampName,2,2,1.000000
Species,seasonslistnames,2,4,0.500000
Species,seatingCapacity,2,2,1.000000
Species,seats,2,5,0.400000
Species,seats6Title,2,2,1.000000
Species,seealso,2,2,1.000000
Species,seeAlso,2,2,1.000000
Species,served,2,2,1.000000
Species,servingSize,2,5,0.400000
Species,setting,2,2,1.000000
Species,shipCountry,2,2,1.000000
Species,shipRoute,2,2,1.000000
Species,shipType,2,2,1.000000
Species,shortlink,2,310,0.006452
Species,shot,2,4,0.500000
Species,showDimensions,2,33,0.060606
Species,showLimit,2,38,0.052632
Species,showMaterial,2,32,0.062500
Species,sister,2,2,1.000000
Species,skhangul,2,2,1.000000
Species,skmr,2,2,1.000000
Species,skrr,2,2,1.000000
Species,smash,2,2,1.000000
Species,sort,2,5,0.400000
Species,sourcearticle,2,2,1.000000
Species,speciesGroupAuthority,2,2,1.000000
Species,spokesperson,2,2,1.000000
Species,sponsor,2,2,1.000000
Species,sportingNationality,2,2,1.000000
Species,sportsParty,2,3,0.666667
Species,srn,2,2,1.000000
Species,stand,2,2,1.000000
Species,starterC,2,2,1.000000
Species,starterPf,2,2,1.000000
Species,starterPg,2,2,1.000000
Species,starterSf,2,2,1.000000
Species,starterSg,2,2,1.000000
Species,startTime,2,2,1.000000
Species,stat27value,2,2,1.000000
Species,stat35label,2,2,1.000000
Species,stat35value,2,2,1.000000
Species,stat42label,2,23,0.086957
Species,stat8label,2,2,1.000000
Species,stat8value,2,2,1.000000
Species,stateChampionships,2,2,1.000000
Species,stateSeatsName,2,3,0.666667
Species,streaming,2,4,0.500000
Species,string,2,5,0.400000
Species,strip,2,20,0.100000
Species,studioAlbums,2,2,1.000000
Species,subbox,2,2,1.000000
Species,subdivisionName,2,2,1.000000
Species,subheaderstyle,2,2,1.000000
Species,subphylumAuthority,2,2,1.000000
Species,subregnumAuthority,2,2,1.000000
Species,subst,2,2,1.000000
Species,sucrose,2,2,1.000000
Species,sunni,2,2,1.000000
Species,supplement,2,2,1.000000
Species,suppress,2,4,0.500000
Species,sure,2,75,0.026667
Species,ta,2,50,0.040000
Species,taxId,2,2,1.000000
Species,tdsPre,2,2,1.000000
Species,teamLink,2,5,0.400000
Species,teenn,2,2,1.000000
Species,teenw,2,2,1.000000
Species,templates,2,3,0.666667
Species,term10c,2,2,1.000000
Species,term11c,2,2,1.000000
Species,term11e,2,2,1.000000
Species,term14b,2,2,1.000000
Species,term14c,2,2,1.000000
Species,term18c,2,2,1.000000
Species,term21c,2,2,1.000000
Species,term21d,2,2,1.000000
Species,term22b,2,2,1.000000
Species,term23a,2,2,1.000000
Species,term2d,2,2,1.000000
Species,term2e,2,2,1.000000
Species,term3g,2,2,1.000000
Species,term3h,2,2,1.000000
Species,term7c,2,2,1.000000
Species,term8c,2,2,1.000000
Species,term9c,2,2,1.000000
Species,terminusA,2,2,1.000000
Species,terminusB,2,2,1.000000
Species,thumb,2,3,0.666667
Species,titlebackground,2,2,1.000000
Species,titlebar,2,8,0.250000
Species,titlebgcolor,2,2,1.000000
Species,titlet,2,2,1.000000
Species,tlborn,2,2,1.000000
Species,toggle,2,121,0.016529
Species,topScorer,2,2,1.000000
Species,tours,2,2,1.000000
Species,trainers,2,2,1.000000
Species,translitLang1Type,2,2,1.000000
Species,transmission,2,2,1.000000
Species,turnedPro,2,2,1.000000
Species,tw,2,2,1.000000
Species,ukLegTitle,2,2,1.000000
Species,uly,2,2,1.000000
Species,unknlast,2,2,1.000000
Species,unknnext,2,2,1.000000
Species,unrankedSubphylumAuthority,2,2,1.000000
Species,unrankedSuperordo,2,5,0.400000
Species,unverified,2,3,0.666667
Species,uscPre,2,2,1.000000
Species,usNetwork,2,2,1.000000
Species,usy,2,2,1.000000
Species,vibhaa,2,2,1.000000
Species,visitorPer,2,2,1.000000
Species,vitaIu,2,3,0.666667
Species,vitb12Ug,2,4,0.500000
Species,vitdUg,2,3,0.666667
Species,votes.,2,2,1.000000
Species,vp,2,2,1.000000
Species,wcccdoublesresult,2,17,0.117647
Species,wcccmixeddoublesresult,2,6,0.333333
Species,wcrelayspodiums,2,2,1.000000
Species,wcrelayswins,2,2,1.000000
Species,websiteType,2,2,1.000000
Species,weightSt,2,2,1.000000
Species,wg,2,2,1.000000
Species,widht,2,2,1.000000
Species,wikiquote,2,2,1.000000
Species,winnerPartyUnlinked,2,3,0.666667
Species,wlaTeam,2,2,1.000000
Species,woodfingerboard,2,2,1.000000
Species,woodneck,2,2,1.000000
Species,worldCup,2,2,1.000000
Species,worldcupstarts,2,3,0.666667
Species,worldDate,2,2,1.000000
Species,worldMark,2,2,1.000000
Species,year0end,2,2,1.000000
Species,year15end,2,4,0.500000
Species,yearCompleted,2,2,1.000000
Species,years‌,2,2,1.000000
Species,yearsInGneast,2,26,0.076923
Species,yearsInLights,2,3,0.666667
Species,ymin,2,3,0.666667
Species,zip,2,2,1.000000
Star,absmag,2,2,1.000000
Star,alternativemap,2,2,1.000000
Star,appmagJ,2,2,1.000000
Star,appmagK,2,2,1.000000
Star,arxiv,2,2,1.000000
Star,bibcode,2,2,1.000000
Star,bot,2,23,0.086957
Star,defaultword,2,2,1.000000
Star,direction,2,5,0.400000
Star,discoverySite,2,2,1.000000
Star,enUk,2,2,1.000000
Star,equino,2,20,0.100000
Star,float,2,15,0.133333
Star,footer,2,2,1.000000
Star,habitableZone,2,5,0.400000
Star,height,2,2,1.000000
Star,jup,2,5,0.400000
Star,location,2,11,0.181818
Star,marksize,2,2,1.000000
Star,meanRadius,2,2,1.000000
Star,nn,2,2,1.000000
Star,pgc,2,2,1.000000
Star,position,2,11,0.181818
Star,radiusLy,2,2,1.000000
Star,radiusPc,2,2,1.000000
Star,refs,2,2,1.000000
Star,rotationVelocity,2,2,1.000000
Star,singleTemperature,2,2,1.000000
Star,sizeV,2,2,1.000000
Star,spectral,2,2,1.000000
Galaxy,align,2,7,0.285714
Galaxy,bmtype,2,2,1.000000
Galaxy,bot,2,11,0.181818
Galaxy,brightestMember,2,2,1.000000
Galaxy,cc,2,12,0.166667
Galaxy,constell,2,2,1.000000
Galaxy,direction,2,6,0.333333
Galaxy,distPc,2,2,1.000000
Galaxy,luminosity,2,2,1.000000
Galaxy,radialV,2,2,1.000000
Galaxy,richness,2,2,1.000000
Galaxy,sbrightnessSpecify,2,2,1.000000
Galaxy,simbad,2,2,1.000000
Galaxy,sn,2,2,1.000000
Galaxy,temperature,2,2,1.000000
Galaxy,totalWidth,2,4,0.500000
Galaxy,vv,2,2,1.000000
ChemicalCompound,boilingPoint,2,2,1.000000
ChemicalCompound,boilingPoint,2,2,1.000000
ChemicalCompound,fdaUniiCode,2,2,1.000000
ChemicalCompound,kegg,2,2,1.000000
ChemicalCompound,arm,2,3,0.666667
ChemicalCompound,authority,2,2,1.000000
ChemicalCompound,backgroundColor,2,5,0.400000
ChemicalCompound,boilingptc,2,2,1.000000
ChemicalCompound,capshape,2,2,1.000000
ChemicalCompound,captionAlign,2,8,0.250000
ChemicalCompound,casno,2,2,1.000000
ChemicalCompound,cmyk,2,2,1.000000
ChemicalCompound,diffId,2,2,1.000000
ChemicalCompound,documenturl,2,2,1.000000
ChemicalCompound,doi,2,7,0.285714
ChemicalCompound,eliminationHalfLife,2,2,1.000000
ChemicalCompound,find,2,2,1.000000
ChemicalCompound,fixAttempted,2,45,0.044444
ChemicalCompound,flammability,2,3,0.666667
ChemicalCompound,float,2,7,0.285714
ChemicalCompound,footerAlign,2,3,0.666667
ChemicalCompound,headerimage,2,2,1.000000
ChemicalCompound,highlight,2,2,1.000000
ChemicalCompound,i,2,2,1.000000
ChemicalCompound,imageClass,2,4,0.500000
ChemicalCompound,interpro,2,2,1.000000
ChemicalCompound,inventor,2,2,1.000000
ChemicalCompound,ironMg,2,2,1.000000
ChemicalCompound,isbn,2,4,0.500000
ChemicalCompound,issue,2,2,1.000000
ChemicalCompound,l,2,2,1.000000
ChemicalCompound,legalUsComment,2,2,1.000000
ChemicalCompound,license,2,2,1.000000
ChemicalCompound,linearExpansion,2,2,1.000000
ChemicalCompound,lowPhText,2,11,0.181818
ChemicalCompound,majorProduct2Image,2,2,1.000000
ChemicalCompound,majorSubstrate1Image,2,2,1.000000
ChemicalCompound,mask,2,2,1.000000
ChemicalCompound,mode,2,2,1.000000
ChemicalCompound,namedafter,2,2,1.000000
ChemicalCompound,notchTest,2,2,1.000000
ChemicalCompound,omim,2,2,1.000000
ChemicalCompound,pdb,2,2,1.000000
ChemicalCompound,pfam,2,2,1.000000
ChemicalCompound,potassiumMg,2,2,1.000000
ChemicalCompound,pregnancyAu,2,2,1.000000
ChemicalCompound,publisher,2,2,1.000000
ChemicalCompound,quote,2,2,1.000000
ChemicalCompound,reverse),2,6,0.333333
ChemicalCompound,reactivity,2,2,1.000000
ChemicalCompound,refseq,2,2,1.000000
ChemicalCompound,species,2,5,0.400000
ChemicalCompound,sSearch,2,3,0.666667
ChemicalCompound,state,2,2,1.000000
ChemicalCompound,synonyms,2,2,1.000000
ChemicalCompound,taxid,2,2,1.000000
ChemicalCompound,u,2,3,0.666667
ChemicalCompound,waterAbsorption24h,2,2,1.000000
ChemicalCompound,youngsModulus,2,2,1.000000
AdministrativeRegion,officialLanguage,2,2,1.000000
AdministrativeRegion,populationRuralDensity,2,2,1.000000
AdministrativeRegion,4pp,2,2,1.000000
AdministrativeRegion,accessed,2,2,1.000000
AdministrativeRegion,adopted,2,2,1.000000
AdministrativeRegion,age,2,2,1.000000
AdministrativeRegion,aircraft,2,2,1.000000
AdministrativeRegion,aircraft1type,2,2,1.000000
AdministrativeRegion,amendments,2,2,1.000000
AdministrativeRegion,v,2,2,1.000000
AdministrativeRegion,aprSnowDepthInch,2,2,1.000000
AdministrativeRegion,arcAnglea,2,2,1.000000
AdministrativeRegion,arcGapa,2,2,1.000000
AdministrativeRegion,architecturalStyle,2,2,1.000000
AdministrativeRegion,archiveUrl,2,2,1.000000
AdministrativeRegion,arcRadiusa,2,2,1.000000
AdministrativeRegion,arcTexta,2,2,1.000000
AdministrativeRegion,arcTextColora,2,2,1.000000
AdministrativeRegion,areaKm2Ref,2,2,1.000000
AdministrativeRegion,areaLandSqMi.,2,2,1.000000
AdministrativeRegion,arealastyear,2,4,0.500000
AdministrativeRegion,areasAffected,2,2,1.000000
AdministrativeRegion,areasecondyear,2,2,1.000000
AdministrativeRegion,artist,2,2,1.000000
AdministrativeRegion,auditorparty,2,17,0.117647
AdministrativeRegion,author(s),2,3,0.666667
AdministrativeRegion,authors,2,2,1.000000
AdministrativeRegion,award,2,2,1.000000
AdministrativeRegion,basinCountries,2,5,0.400000
AdministrativeRegion,boardchair,2,2,1.000000
AdministrativeRegion,boardmajority,2,2,1.000000
AdministrativeRegion,boat1type,2,2,1.000000
AdministrativeRegion,boats,2,2,1.000000
AdministrativeRegion,bodystyle,2,81,0.024691
AdministrativeRegion,borderP,2,72,0.027778
AdministrativeRegion,borderS,2,74,0.027027
AdministrativeRegion,bp,2,2,1.000000
AdministrativeRegion,callingCode,2,2,1.000000
AdministrativeRegion,captionAlign,2,42,0.047619
AdministrativeRegion,casualties,2,2,1.000000
AdministrativeRegion,cat,2,2,1.000000
AdministrativeRegion,catalogNumber,2,2,1.000000
AdministrativeRegion,certain,2,19,0.105263
AdministrativeRegion,chief2name,2,2,1.000000
AdministrativeRegion,chief2position,2,2,1.000000
AdministrativeRegion,ci,2,2,1.000000
AdministrativeRegion,circuitclerkparty,2,111,0.018018
AdministrativeRegion,cityServed,2,2,1.000000
AdministrativeRegion,class,2,2,1.000000
AdministrativeRegion,clubname,2,2,1.000000
AdministrativeRegion,collectorparty,2,100,0.020000
AdministrativeRegion,committees,2,2,1.000000
AdministrativeRegion,coorType,2,2,1.000000
AdministrativeRegion,cost,2,2,1.000000
AdministrativeRegion,countyclerkparty,2,112,0.017857
AdministrativeRegion,countyexecutive,2,2,1.000000
AdministrativeRegion,countyexecutiveparty,2,2,1.000000
AdministrativeRegion,cursign,2,2,1.000000
AdministrativeRegion,deathPlace,2,2,1.000000
AdministrativeRegion,decSnowDepthInch,2,2,1.000000
AdministrativeRegion,designation1Criteria,2,2,1.000000
AdministrativeRegion,designation1Free1name,2,2,1.000000
AdministrativeRegion,designation1Free1value,2,2,1.000000
AdministrativeRegion,designation1Free2value,2,2,1.000000
AdministrativeRegion,designation1Partof,2,2,1.000000
AdministrativeRegion,designation2Free2name,2,2,1.000000
AdministrativeRegion,designation2Free2value,2,2,1.000000
AdministrativeRegion,dipstyle,2,2,1.000000
AdministrativeRegion,divisionsMapCaption,2,2,1.000000
AdministrativeRegion,divisionType,2,3,0.666667
AdministrativeRegion,v,2,2,1.000000
AdministrativeRegion,v,2,2,1.000000
AdministrativeRegion,v,2,2,1.000000
AdministrativeRegion,v,2,2,1.000000
AdministrativeRegion,sp,2,2,1.000000
AdministrativeRegion,documenturl,2,2,1.000000
AdministrativeRegion,duration,2,2,1.000000
AdministrativeRegion,eLink,2,2,1.000000
AdministrativeRegion,emblem,2,2,1.000000
AdministrativeRegion,emblemLink,2,2,1.000000
AdministrativeRegion,ethnicityYear,2,12,0.166667
AdministrativeRegion,executive,2,2,1.000000
AdministrativeRegion,explain,2,2,1.000000
AdministrativeRegion,fatalities,2,2,1.000000
AdministrativeRegion,febSnowDepthInch,2,2,1.000000
AdministrativeRegion,fedSen,2,4,0.500000
AdministrativeRegion,file,2,3,0.666667
AdministrativeRegion,fireBrigade,2,2,1.000000
AdministrativeRegion,fixAttempted,2,380,0.005263
AdministrativeRegion,flagBorder,2,33,0.060606
AdministrativeRegion,fmax,2,2,1.000000
AdministrativeRegion,fontSize,2,24,0.083333
AdministrativeRegion,forceNationalMap,2,28,0.071429
AdministrativeRegion,formedmonthday,2,2,1.000000
AdministrativeRegion,frameLatd,2,2,1.000000
AdministrativeRegion,sp,2,2,1.000000
AdministrativeRegion,fullheight,2,2,1.000000
AdministrativeRegion,fullname,2,2,1.000000
AdministrativeRegion,fullscreenOption,2,3,0.666667
AdministrativeRegion,fullwidth,2,2,1.000000
AdministrativeRegion,gan,2,2,1.000000
AdministrativeRegion,genre,2,2,1.000000
AdministrativeRegion,geoCat,2,222,0.009009
AdministrativeRegion,governingbody,2,2,1.000000
AdministrativeRegion,governmentBlank1Title,2,2,1.000000
AdministrativeRegion,ground,2,2,1.000000
AdministrativeRegion,ap,2,2,1.000000
AdministrativeRegion,frp,2,2,1.000000
AdministrativeRegion,dlf,2,2,1.000000
AdministrativeRegion,hain,2,2,1.000000
AdministrativeRegion,headerBackground,2,2,1.000000
AdministrativeRegion,headerimage,2,4,0.500000
AdministrativeRegion,hhbuc,2,4,0.500000
AdministrativeRegion,highestPoint,2,2,1.000000
AdministrativeRegion,horse,2,3,0.666667
AdministrativeRegion,humidityColour,2,168,0.011905
AdministrativeRegion,iboxOrder,2,22,0.090909
AdministrativeRegion,imageBathymetry,2,2,1.000000
AdministrativeRegion,imageBgColor,2,5,0.400000
AdministrativeRegion,imageFlagSize,2,3,0.666667
AdministrativeRegion,imageMain,2,2,1.000000
AdministrativeRegion,imageMap3Caption,2,2,1.000000
AdministrativeRegion,inaccurate,2,4,0.500000
AdministrativeRegion,inaugural,2,2,1.000000
AdministrativeRegion,incomeYear,2,13,0.153846
AdministrativeRegion,index,2,2,1.000000
AdministrativeRegion,inflow,2,2,1.000000
AdministrativeRegion,injuries,2,2,1.000000
AdministrativeRegion,insignia,2,28,0.071429
AdministrativeRegion,insigniacaption,2,28,0.071429
AdministrativeRegion,italicTitle,2,3,0.666667
AdministrativeRegion,itmgrid,2,2,1.000000
AdministrativeRegion,iucnRef,2,2,1.000000
AdministrativeRegion,janPrecipitationCm,2,2,1.000000
AdministrativeRegion,janSnowDepthInch,2,2,1.000000
AdministrativeRegion,julSnowInch,2,46,0.043478
AdministrativeRegion,junSnowCm,2,12,0.166667
AdministrativeRegion,junSnowDepthCm,2,7,0.285714
AdministrativeRegion,junSnowDepthInch,2,2,1.000000
AdministrativeRegion,junSnowMm,2,3,0.666667
AdministrativeRegion,konservativt,2,8,0.250000
AdministrativeRegion,kristne,2,8,0.250000
AdministrativeRegion,kyujitai,2,2,1.000000
AdministrativeRegion,labelColord,2,12,0.166667
AdministrativeRegion,labelPosd,2,12,0.166667
AdministrativeRegion,labelPosition,2,4,0.500000
AdministrativeRegion,labelSpacing,2,2,1.000000
AdministrativeRegion,lang10Content,2,2,1.000000
AdministrativeRegion,lang5Content,2,2,1.000000
AdministrativeRegion,lang6Content,2,2,1.000000
AdministrativeRegion,lang7Content,2,2,1.000000
AdministrativeRegion,lang8Content,2,2,1.000000
AdministrativeRegion,lang9Content,2,2,1.000000
AdministrativeRegion,largestLake,2,2,1.000000
AdministrativeRegion,lastEruption,2,2,1.000000
AdministrativeRegion,latDir,2,7,0.285714
AdministrativeRegion,leader5Type,2,2,1.000000
AdministrativeRegion,lhasa,2,2,1.000000
AdministrativeRegion,license,2,2,1.000000
AdministrativeRegion,licenseStatementUrl,2,2,1.000000
AdministrativeRegion,links,2,39,0.051282
AdministrativeRegion,lizu,2,2,1.000000
AdministrativeRegion,locationCity,2,2,1.000000
AdministrativeRegion,locationCountry,2,2,1.000000
AdministrativeRegion,locode,2,2,1.000000
AdministrativeRegion,logoCaption,2,2,1.000000
AdministrativeRegion,lowestPoint,2,2,1.000000
AdministrativeRegion,mapframeFrameHeight,2,2,1.000000
AdministrativeRegion,mapframeHeight,2,8,0.250000
AdministrativeRegion,mapframeStrokeWidth,2,15,0.133333
AdministrativeRegion,mapImage,2,3,0.666667
AdministrativeRegion,mapRelief,2,4,0.500000
AdministrativeRegion,mapWidth,2,2,1.000000
AdministrativeRegion,margin,2,7,0.285714
AdministrativeRegion,marSnowDepthInch,2,2,1.000000
AdministrativeRegion,maySnowDepthInch,2,2,1.000000
AdministrativeRegion,minimap,2,5,0.400000
AdministrativeRegion,minipogY,2,3,0.666667
AdministrativeRegion,minister1pfo,2,2,1.000000
AdministrativeRegion,minister1Termend,2,2,1.000000
AdministrativeRegion,minister1Termstart,2,2,1.000000
AdministrativeRegion,minister2Termend,2,2,1.000000
AdministrativeRegion,minister2Termstart,2,2,1.000000
AdministrativeRegion,mmax,2,2,1.000000
AdministrativeRegion,mnid,2,2,1.000000
AdministrativeRegion,my,2,2,1.000000
AdministrativeRegion,nationalRepresentationType,2,2,1.000000
AdministrativeRegion,nativeNameLink,2,2,1.000000
AdministrativeRegion,nLink,2,2,1.000000
AdministrativeRegion,Noautocat,2,279,0.007168
AdministrativeRegion,nordkalottfolket,2,2,1.000000
AdministrativeRegion,novSnowDepthInch,2,2,1.000000
AdministrativeRegion,number,2,2,1.000000
AdministrativeRegion,nynorsk,2,197,0.010152
AdministrativeRegion,octSnowDepthInch,2,2,1.000000
AdministrativeRegion,offstyle,2,2,1.000000
AdministrativeRegion,oldid,2,2,1.000000
AdministrativeRegion,onlinebooks,2,5,0.400000
AdministrativeRegion,opened,2,2,1.000000
AdministrativeRegion,otherSymbol,2,2,1.000000
AdministrativeRegion,otherSymbolType,2,2,1.000000
AdministrativeRegion,overlay1colour,2,13,0.153846
AdministrativeRegion,overlay1left,2,2,1.000000
AdministrativeRegion,overlay1top,2,2,1.000000
AdministrativeRegion,overlay2colour,2,13,0.153846
AdministrativeRegion,overlay2left,2,2,1.000000
AdministrativeRegion,overlay2top,2,2,1.000000
AdministrativeRegion,owner,2,2,1.000000
AdministrativeRegion,parliament,2,7,0.285714
AdministrativeRegion,partyColour,2,2,1.000000
AdministrativeRegion,period,2,2,1.000000
AdministrativeRegion,plain,2,5,0.400000
AdministrativeRegion,populationDensityMetroSqMi,2,3,0.666667
AdministrativeRegion,populationEstimate,2,2,1.000000
AdministrativeRegion,populationEstimateYear,2,2,1.000000
AdministrativeRegion,populationsecond,2,2,1.000000
AdministrativeRegion,populationsecondyear,2,2,1.000000
AdministrativeRegion,posthumous,2,4,0.500000
AdministrativeRegion,precededby,2,2,1.000000
AdministrativeRegion,presidingparty,2,108,0.018519
AdministrativeRegion,previousVersions,2,2,1.000000
AdministrativeRegion,prevName2Date,2,2,1.000000
AdministrativeRegion,prosecutorparty,2,109,0.018349
AdministrativeRegion,pw,2,2,1.000000
AdministrativeRegion,quoted,2,4,0.500000
AdministrativeRegion,sv,2,2,1.000000
AdministrativeRegion,r1LengthF,2,2,1.000000
AdministrativeRegion,r1LengthM,2,2,1.000000
AdministrativeRegion,r1Surface,2,3,0.666667
AdministrativeRegion,r2Number,2,2,1.000000
AdministrativeRegion,r2Surface,2,2,1.000000
AdministrativeRegion,r3Number,2,2,1.000000
AdministrativeRegion,r3Surface,2,2,1.000000
AdministrativeRegion,recognition,2,3,0.666667
AdministrativeRegion,recorderparty,2,109,0.018349
AdministrativeRegion,ref,2,3,0.666667
AdministrativeRegion,refArea,2,2,1.000000
AdministrativeRegion,relstyle,2,2,1.000000
AdministrativeRegion,rescues,2,2,1.000000
AdministrativeRegion,revhep,2,2,1.000000
AdministrativeRegion,river,2,2,1.000000
AdministrativeRegion,root,2,2,1.000000
AdministrativeRegion,rus,2,2,1.000000
AdministrativeRegion,rusr,2,2,1.000000
AdministrativeRegion,script,2,2,1.000000
AdministrativeRegion,sd,2,2,1.000000
AdministrativeRegion,seLink,2,2,1.000000
AdministrativeRegion,sepSnowDepthInch,2,2,1.000000
AdministrativeRegion,sessionRes,2,9,0.222222
AdministrativeRegion,shapeColord,2,6,0.333333
AdministrativeRegion,shaped,2,12,0.166667
AdministrativeRegion,shapeSize,2,4,0.500000
AdministrativeRegion,shinjitai,2,2,1.000000
AdministrativeRegion,short,2,6,0.333333
AdministrativeRegion,sizearea,2,2,1.000000
AdministrativeRegion,small,2,21,0.095238
AdministrativeRegion,sv,2,2,1.000000
AdministrativeRegion,species,2,83,0.024096
AdministrativeRegion,startYear,2,2,1.000000
AdministrativeRegion,strokeColour,2,5,0.400000
AdministrativeRegion,strokeOpacity,2,2,1.000000
AdministrativeRegion,successor,2,2,1.000000
AdministrativeRegion,superintendentparty,2,3,0.666667
AdministrativeRegion,swLink,2,2,1.000000
AdministrativeRegion,termLimits,2,2,1.000000
AdministrativeRegion,timeinoffice,2,2,1.000000
AdministrativeRegion,titleRepresentative,2,2,1.000000
AdministrativeRegion,toi,2,2,1.000000
AdministrativeRegion,toLeft,2,3,0.666667
AdministrativeRegion,totalFatalities,2,2,1.000000
AdministrativeRegion,translation,2,2,1.000000
AdministrativeRegion,translit,2,2,1.000000
AdministrativeRegion,treasurercollectorparty,2,4,0.500000
AdministrativeRegion,units,2,2,1.000000
AdministrativeRegion,vegetable,2,2,1.000000
AdministrativeRegion,verse,2,2,1.000000
AdministrativeRegion,whig,2,838,0.002387
AdministrativeRegion,wildlifeAnimal,2,2,1.000000
AdministrativeRegion,wLink,2,2,1.000000
AdministrativeRegion,wraparound,2,2,1.000000
AdministrativeRegion,yearCompleted,2,2,1.000000
AdministrativeRegion,yearLight,2,2,1.000000
AdministrativeRegion,yearRepresentative,2,2,1.000000
AdministrativeRegion,yearSnowDepthInch,2,2,1.000000
Person,ageRange,1,1,1.000000
Person,album,1,1,1.000000
Person,bronzeMedalist,1,1,1.000000
Person,championships,1,495,0.002020
Person,cinematography,1,1,1.000000
Person,circulation,1,1,1.000000
Person,closingYear,1,1,1.000000
Person,colourName,1,1,1.000000
Person,dcc,1,1,1.000000
Person,games,1,1,1.000000
Person,goldMedalist,1,1,1.000000
Person,gross,1,1,1.000000
Person,incumbent,1,1,1.000000
Person,internationalAffiliation,1,1,1.000000
Person,issn,1,1,1.000000
Person,keyPerson,1,1,1.000000
Person,leader,1,1,1.000000
Person,locationCity,1,1,1.000000
Person,locationCountry,1,1,1.000000
Person,museum,1,1,1.000000
Person,musicType,1,1,1.000000
Person,networth,1,1,1.000000
Person,nextEvent,1,1,1.000000
Person,nominee,1,1,1.000000
Person,numberOfLocations,1,1,1.000000
Person,numberOfSeasons,1,1,1.000000
Person,officialSchoolColour,1,1,1.000000
Person,openingTheme,1,1,1.000000
Person,poles,1,496,0.002016
Person,presenter,1,1,1.000000
Person,previousEditor,1,1,1.000000
Person,previousEvent,1,1,1.000000
Person,publicationDate,1,1,1.000000
Person,seniority,1,2,0.500000
Person,silverMedalist,1,1,1.000000
Person,splitFromParty,1,1,1.000000
Person,stateDelegate,1,1,1.000000
Person,subsequentWork,1,1,1.000000
Person,!p,1,1,1.000000
Person,''otanoshimiHizōVideo+ZenSingleClip%3Cnowiki%3E,1,1,1.000000
Person,(as,1,1,1.000000
Person,(points),1,1,1.000000
Person,%3Ep,1,1,1.000000
Person,%3Cnowiki%3Eengine,1,1,1.000000
Person,%3Csmall%3E%3CspanStyle,1,1,1.000000
Person,%5CBefore,1,1,1.000000
Person,†,1,1,1.000000
Person,0integer,1,1,1.000000
Person,10p,1,1,1.000000
Person,11a,1,1,1.000000
Person,11y,1,1,1.000000
Person,18thMana,1,1,1.000000
Person,1name,1,1,1.000000
Person,1note,1,1,1.000000
Person,1p&nbsp;p,1,1,1.000000
Person,1stReading,1,1,1.000000
Person,2004Icapps(points),1,1,1.000000
Person,2006CaribbeanRotaxMaxSr.ChampeonUpdated,1,1,1.000000
Person,85BirthPlace,1,1,1.000000
Person,247sports,1,1,1.000000
Person,2ndReading,1,1,1.000000
Person,2pages,1,1,1.000000
Person,2ref,1,1,1.000000
Person,2split,1,1,1.000000
Person,1987Sport,1,1,1.000000
Person,32a,1,1,1.000000
Person,3a1a,1,1,1.000000
Person,3fpp,1,1,1.000000
Person,3ppp,1,1,1.000000
Person,3rd,1,1,1.000000
Person,3rdReadingAbstention,1,2,0.500000
Person,3split,1,1,1.000000
Person,4loc,1,1,1.000000
Person,4split,1,1,1.000000
Person,5’9”TallPlays,1,1,1.000000
Person,500Championships,1,6,0.166667
Person,50FastestLaps,1,2,0.500000
Person,50Podiums,1,2,0.500000
Person,50Poles,1,2,0.500000
Person,50RaceWins,1,2,0.500000
Person,5loc,1,1,1.000000
Person,80ActiveYears,1,1,1.000000
Person,80Championships,1,1,1.000000
Person,80FastestLaps,1,1,1.000000
Person,80LastPosition,1,1,1.000000
Person,80LastSeason,1,1,1.000000
Person,80Podiums,1,1,1.000000
Person,80Poles,1,1,1.000000
Person,80RaceStarts,1,1,1.000000
Person,80RaceWins,1,1,1.000000
Person,80TotalPoints,1,1,1.000000
Person,9pp,1,1,1.000000
Person,aboutself,1,8,0.125000
Person,absence,1,3,0.333333
Person,academyn,1,1,1.000000
Person,academyw,1,1,1.000000
Person,accreditation,1,1,1.000000
Person,achieveDate,1,1,1.000000
Person,acronym,1,1,1.000000
Person,action,1,3,0.333333
Person,activeYears,1,1,1.000000
Person,activitySector,1,1,1.000000
Person,adirectorOfIntergovernmentalAffairsEnd,1,1,1.000000
Person,administrator,1,1,1.000000
Person,af,1,8,0.125000
Person,aflBehinds,1,1,1.000000
Person,aflClub,1,1,1.000000
Person,aflPoints,1,1,1.000000
Person,afterAs,1,1,1.000000
Person,afternote,1,1,1.000000
Person,afterParty,1,2,0.500000
Person,agencyname,1,1,1.000000
Person,ageRange,1,1,1.000000
Person,ages,1,1,1.000000
Person,agricultureDate,1,1,1.000000
Person,album13Formats,1,1,1.000000
Person,album14Formats,1,1,1.000000
Person,album15Formats,1,1,1.000000
Person,album15Label,1,1,1.000000
Person,album15Releasedate,1,1,1.000000
Person,album16Formats,1,1,1.000000
Person,album16Label,1,1,1.000000
Person,album16Releasedate,1,1,1.000000
Person,album17Formats,1,1,1.000000
Person,album17Label,1,1,1.000000
Person,album17Releasedate,1,1,1.000000
Person,album18Formats,1,1,1.000000
Person,album18Label,1,1,1.000000
Person,album18Releasedate,1,1,1.000000
Person,album19Formats,1,1,1.000000
Person,album19Label,1,1,1.000000
Person,album19Releasedate,1,1,1.000000
Person,all,1,5,0.200000
Person,allblackid,1,1,1.000000
Person,allDates,1,1,1.000000
Person,allmusic,1,1,1.000000
Person,allowtoc,1,1,1.000000
Person,allStarNomination,1,1,1.000000
Person,allstarsf,1,1,1.000000
Person,allstarsh,1,1,1.000000
Person,alltimerecord,1,1,1.000000
Person,alone,1,10,0.100000
Person,alongWith,1,1,1.000000
Person,alt.,1,1,1.000000
Person,alternateNames,1,1,1.000000
Person,altitude,1,1,1.000000
Person,altLink,1,1,1.000000
Person,alumni,1,1,1.000000
Person,amaActiveYears,1,1,1.000000
Person,amaChampionships,1,1,1.000000
Person,amaManufacturers,1,1,1.000000
Person,amasbFastestLaps,1,1,1.000000
Person,amasbPodiums,1,1,1.000000
Person,amasbTotalPoints,1,1,1.000000
Person,amaSuperbikeChampionships,1,1,1.000000
Person,amateurClubs,1,1,1.000000
Person,amateurTeams,1,1,1.000000
Person,amatreps,1,1,1.000000
Person,amBoxLoss,1,1,1.000000
Person,amBoxWin,1,1,1.000000
Person,amdraws,1,1,1.000000
Person,amkolosses,1,1,1.000000
Person,amkowins,1,1,1.000000
Person,amlabel,1,1,1.000000
Person,amlosses,1,1,1.000000
Person,amwins,1,1,1.000000
Person,ancestorArts,1,1,1.000000
Person,animation,1,1,1.000000
Person,annotColor,1,1,1.000000
Person,annotTextAlign,1,1,1.000000
Person,announcer,1,1,1.000000
Person,anthem,1,1,1.000000
Person,antlTeam,1,1,1.000000
Person,aoifeColemanCounty,1,1,1.000000
Person,appearance,1,1,1.000000
Person,appearancesInFifaFutsalWorldCup,1,1,1.000000
Person,appearancesInUefaFutsalEuro,1,1,1.000000
Person,apperances,1,1,1.000000
Person,appointerq,1,1,1.000000
Person,appointingAuthority,1,2,0.500000
Person,appointment,1,1,1.000000
Person,appoll,1,1,1.000000
Person,aptTitles,1,2,0.500000
Person,arabic,1,1,1.000000
Person,archbishopname,1,1,1.000000
Person,archipelago,1,1,1.000000
Person,architectureFirm,1,1,1.000000
Person,archivebot,1,1,1.000000
Person,archiveDates,1,1,1.000000
Person,archiveStatus,1,1,1.000000
Person,areaCode,1,1,1.000000
Person,areasServed,1,1,1.000000
Person,areaTotalKm,1,1,1.000000
Person,arguedate,1,1,1.000000
Person,argueyear,1,1,1.000000
Person,arrangedBy,1,1,1.000000
Person,arrestingAuthority,1,1,1.000000
Person,artist.,1,1,1.000000
Person,"artistBiographiesForBruceAndNormanYonemoto(i.a.3165)IsInTheMuseum'sGeneralExhibitionDocumentation,Title",1,1,1.000000
Person,artiste,1,1,1.000000
Person,asa,1,1,1.000000
Person,asbkActiveYears,1,1,1.000000
Person,asbkChampionships,1,1,1.000000
Person,asbkFastestLaps,1,1,1.000000
Person,asbkPodiums,1,1,1.000000
Person,asbkPoles,1,1,1.000000
Person,asbkRaceStarts,1,1,1.000000
Person,asbkRaceWins,1,1,1.000000
Person,asbkTotalPoints,1,1,1.000000
Person,asdukeOf,1,3,0.333333
Person,asiaPacificInternational,1,2,0.500000
Person,aSide,1,1,1.000000
Person,asKnownAs,1,1,1.000000
Person,asofdate,1,1,1.000000
Person,aspan,1,1,1.000000
Person,assActiveYears,1,1,1.000000
Person,assChampionships,1,1,1.000000
Person,assFastestLaps,1,1,1.000000
Person,assLastSeason,1,1,1.000000
Person,assManufacturers,1,1,1.000000
Person,associate2End,1,1,1.000000
Person,associate2Start,1,1,1.000000
Person,associateEnd,1,1,1.000000
Person,associateStart,1,1,1.000000
Person,assPodiums,1,1,1.000000
Person,assPoles,1,1,1.000000
Person,assRaceStarts,1,1,1.000000
Person,assRaceWins,1,1,1.000000
Person,asstManager,1,1,1.000000
Person,assTotalPoints,1,1,1.000000
Person,astyle,1,4,0.250000
Person,athleticsName,1,1,1.000000
Person,atl,1,1,1.000000
Person,grandPrixResults,1,1,1.000000
Person,attemptedFix,1,1,1.000000
Person,audioReadBy,1,1,1.000000
Person,australianSuperbikeChampionships,1,1,1.000000
Person,author1link,1,1,1.000000
Person,author2link,1,1,1.000000
Person,author4Link,1,1,1.000000
Person,author5Link,1,1,1.000000
Person,author6Link,1,1,1.000000
Person,author7Link,1,1,1.000000
Person,author8Link,1,1,1.000000
Person,authority,1,1,1.000000
Person,autoitalics,1,1,1.000000
Person,available,1,1,1.000000
Person,average,1,1,1.000000
Person,award14n,1,3,0.333333
Person,award15n,1,3,0.333333
Person,award17n,1,1,1.000000
Person,award17w,1,1,1.000000
Person,award18n,1,1,1.000000
Person,award18w,1,1,1.000000
Person,award19n,1,1,1.000000
Person,award19w,1,1,1.000000
Person,away1player,1,1,1.000000
Person,away1pos,1,1,1.000000
Person,awayman,1,1,1.000000
Person,awaymannat,1,1,1.000000
Person,awayteam,1,1,1.000000
Person,axisNudge,1,2,0.500000
Person,backCounty,1,1,1.000000
Person,backFilename,1,1,1.000000
Person,backgroundColour,1,1,1.000000
Person,backHeight,1,1,1.000000
Person,backSquat,1,1,1.000000
Person,badgecaption,1,1,1.000000
Person,badgeimage,1,1,1.000000
Person,badmintonPosition,1,1,1.000000
Person,badmintonProvince,1,1,1.000000
Person,baftan,1,1,1.000000
Person,baftaw,1,1,1.000000
Person,bagde,1,1,1.000000
Person,bage,1,1,1.000000
Person,balanceEngineer,1,1,1.000000
Person,ban,1,1,1.000000
Person,banLatn,1,1,1.000000
Person,baseballRefManager,1,1,1.000000
Person,baseCaption,1,1,1.000000
Person,based,1,1,1.000000
Person,baseOfOperations,1,1,1.000000
Person,basge,1,1,1.000000
Person,basinCountries,1,1,1.000000
Person,battery,1,1,1.000000
Person,wars,1,1,1.000000
Person,bcs,1,1,1.000000
Person,bcsRanking,1,1,1.000000
Person,bdoInternationalOpen,1,1,1.000000
Person,bdoTurkishOpen,1,1,1.000000
Person,bdoUkOpen,1,1,1.000000
Person,bdoWorldTrophy,1,1,1.000000
Person,belief,1,1,1.000000
Person,bench1Sg,1,1,1.000000
Person,bench2Label,1,1,1.000000
Person,bench2Pf,1,1,1.000000
Person,bench2Pg,1,1,1.000000
Person,bench2Sf,1,1,1.000000
Person,bench3C,1,1,1.000000
Person,bench3Pf,1,1,1.000000
Person,bench4Label,1,1,1.000000
Person,benchPress,1,1,1.000000
Person,bestFriend,1,1,1.000000
Person,bestPokergoCupFinish,1,1,1.000000
Person,bestPokerMastersFinish,1,1,1.000000
Person,bestQualifiers,1,1,1.000000
Person,bestSuperHighRollerBowlFinish,1,1,1.000000
Person,bestTruckYear,1,1,1.000000
Person,bestUsPokerOpenFinish,1,1,1.000000
Person,betn,1,1,1.000000
Person,betw,1,1,1.000000
Person,bgColor,1,1,1.000000
Person,biggestWin,1,1,1.000000
Person,billboardn,1,1,1.000000
Person,billboardw,1,1,1.000000
Person,billDate,1,1,1.000000
Person,bindings,1,1,1.000000
Person,birthBane,1,1,1.000000
Person,birthPlaceEindhoven,1,1,1.000000
Person,bjjWin,1,1,1.000000
Person,black,1,3,0.333333
Person,blankData,1,1,1.000000
Person,blankLabel,1,1,1.000000
Person,bodyalign,1,2,0.500000
Person,bodyStyle,1,1,1.000000
Person,boldwinner,1,1,1.000000
Person,borderColor,1,6,0.166667
Person,borderSize,1,1,1.000000
Person,bornName,1,1,1.000000
Person,both,1,3,0.333333
Person,bottom,1,1,1.000000
Person,bourbon,1,1,1.000000
Person,bowlgame,1,1,1.000000
Person,bowlscore,1,1,1.000000
Person,boxDeath,1,1,1.000000
Person,boxing,1,1,1.000000
Person,boxingdecwins,1,1,1.000000
Person,boxingdraws,1,1,1.000000
Person,boxingkolosses,1,1,1.000000
Person,boxinglosses,1,1,1.000000
Person,boxRec,1,1,1.000000
Person,boxTotal,1,1,1.000000
Person,boxType,1,1,1.000000
Person,bpborn,1,1,1.000000
Person,branchedFrom,1,1,1.000000
Person,branding,1,1,1.000000
Person,brands,1,1,1.000000
Person,bridge,1,1,1.000000
Person,britishOpen,1,1,1.000000
Person,britishProfessional,1,1,1.000000
Person,britn,1,1,1.000000
Person,britw,1,1,1.000000
Person,broadcastfilmn,1,1,1.000000
Person,broadcastfilmw,1,1,1.000000
Person,bronzeGer,1,1,1.000000
Person,bronzenoc,1,1,1.000000
Person,bronzeSar,1,1,1.000000
Person,bronzeUsa,1,1,1.000000
Person,brothersAndSisters,1,1,1.000000
Person,brundavanastaDate,1,1,1.000000
Person,brundavanastaPlace,1,1,1.000000
Person,bsbPoints,1,1,1.000000
Person,bSides,1,1,1.000000
Person,bstyle,1,2,0.500000
Person,buildingName,1,1,1.000000
Person,buildings,1,1,1.000000
Person,buildSort,1,1,1.000000
Person,bull,1,1,1.000000
Person,bvCurrentclub,1,1,1.000000
Person,bvNationalcaps,1,1,1.000000
Person,bvNationalteam,1,1,1.000000
Person,bvPosition,1,1,1.000000
Person,bvProvince,1,1,1.000000
Person,bvProvinceyears,1,1,1.000000
Person,bwfore,1,1,1.000000
Person,byWhom%3FDate,1,1,1.000000
Person,ca,1,1,1.000000
Person,cabinetMinister,1,1,1.000000
Person,campari,1,1,1.000000
Person,campusType,1,1,1.000000
Person,candidate8Party,1,1,1.000000
Person,candidate8Percent,1,1,1.000000
Person,candidate8Votes,1,1,1.000000
Person,captione,1,1,1.000000
Person,captionPosition,1,3,0.333333
Person,car,1,1,1.000000
Person,careerCaps,1,1,1.000000
Person,careerCompany,1,1,1.000000
Person,careerEarnings,1,1,1.000000
Person,careerTitle,1,1,1.000000
Person,carries,1,1,1.000000
Person,carTeam,1,1,1.000000
Person,cartoon,1,2,0.500000
Person,caste,1,1,1.000000
Person,castName,1,1,1.000000
Person,catalogue,1,1,1.000000
Person,catDate,1,1,1.000000
Person,cathedral,1,5,0.200000
Person,cats,1,1,1.000000
Person,caughtDate,1,1,1.000000
Person,causes,1,1,1.000000
Person,cb,1,1,1.000000
Person,cbNat,1,1,1.000000
Person,cdname,1,1,1.000000
Person,celebrations,1,1,1.000000
Person,"cello,PrimaryArtist",1,1,1.000000
Person,cello,1,1,1.000000
Person,center,1,4,0.250000
Person,centimeter,1,1,1.000000
Person,cert,1,1,1.000000
Person,certday,1,1,1.000000
Person,cfleastallstar,1,1,1.000000
Person,chair,1,1,1.000000
Person,chairmanOfDistrictDevelopmentCommittee,1,1,1.000000
Person,chairperson,1,1,1.000000
Person,chamber,1,2,0.500000
Person,champions,1,1,1.000000
Person,charged,1,1,1.000000
Person,chart,1,2,0.500000
Person,chartaWidth,1,1,1.000000
Person,charte,1,1,1.000000
Person,chartf,1,1,1.000000
Person,chartg,1,1,1.000000
Person,checked,1,4,0.250000
Person,checkWikidata,1,2,0.500000
Person,cheifMinister,1,1,1.000000
Person,chessgid,1,1,1.000000
Person,chief1name,1,1,1.000000
Person,chief1position,1,1,1.000000
Person,chief1Position,1,1,1.000000
Person,chief2Name,1,1,1.000000
Person,chiefJustice,1,1,1.000000
Person,chiefJusticeEnd,1,1,1.000000
Person,chiefJusticeStart,1,1,1.000000
Person,chiefOfThePhilippineNationalPolice,1,1,1.000000
Person,chiefWhip,1,1,1.000000
Person,childrenEnd,1,1,1.000000
Person,childrens,1,1,1.000000
Person,childrenStart,1,1,1.000000
Person,chunom,1,1,1.000000
Person,cim,1,1,1.000000
Person,civilRegistration,1,1,1.000000
Person,clan(s),1,1,1.000000
Person,clapps,1,1,1.000000
Person,client,1,1,1.000000
Person,climbing,1,1,1.000000
Person,clip,1,1,1.000000
Person,clothing,1,2,0.500000
Person,club1end,1,1,1.000000
Person,club1start,1,1,1.000000
Person,club2end,1,1,1.000000
Person,club2start,1,1,1.000000
Person,club3start,1,1,1.000000
Person,clubGaa,1,1,1.000000
Person,clubheading,1,1,1.000000
Person,clubNumber,1,1,1.000000
Person,clubposition,1,1,1.000000
Person,clubs9.,1,1,1.000000
Person,cnhangul,1,1,1.000000
Person,cnmr,1,1,1.000000
Person,cnrr,1,1,1.000000
Person,coachcount,1,1,1.000000
Person,coachdrawsg,1,2,0.500000
Person,coachdrawsh,1,1,1.000000
Person,coachdrawsj,1,1,1.000000
Person,coachdrawsk,1,1,1.000000
Person,coachdrawsl,1,1,1.000000
Person,coachdrawsm,1,1,1.000000
Person,coachespoll,1,1,1.000000
Person,coachFor,1,1,1.000000
Person,coachgamesg,1,2,0.500000
Person,coachgamesh,1,1,1.000000
Person,coachgamesj,1,1,1.000000
Person,coachgamesk,1,1,1.000000
Person,coachgamesl,1,1,1.000000
Person,coachgamesm,1,1,1.000000
Person,coachlossesh,1,1,1.000000
Person,coachlossesj,1,1,1.000000
Person,coachlossesk,1,1,1.000000
Person,coachlossesl,1,1,1.000000
Person,coachlossesm,1,1,1.000000
Person,coachOf,1,1,1.000000
Person,coachteamh,1,1,1.000000
Person,coachteamj,1,1,1.000000
Person,coachteamk,1,1,1.000000
Person,coachteaml,1,1,1.000000
Person,coachteamm,1,1,1.000000
Person,coachupdate,1,1,1.000000
Person,coachwin%25,1,1,1.000000
Person,coachwin%25a,1,1,1.000000
Person,coachwinsh,1,1,1.000000
Person,coachwinsj,1,1,1.000000
Person,coachwinsk,1,1,1.000000
Person,coachwinsl,1,1,1.000000
Person,coachwinsm,1,1,1.000000
Person,coachyear11end,1,1,1.000000
Person,coachyear12start,1,1,1.000000
Person,coachyearhend,1,1,1.000000
Person,coachyearhstart,1,1,1.000000
Person,coachyearjstart,1,1,1.000000
Person,coachyearkend,1,1,1.000000
Person,coachyearkstart,1,1,1.000000
Person,coachyearlstart,1,1,1.000000
Person,coachyearmstart,1,1,1.000000
Person,coatofarmsArticle,1,1,1.000000
Person,coatofarmssize,1,2,0.500000
Person,codename3Label,1,1,1.000000
Person,codename4Label,1,1,1.000000
Person,codename5Label,1,1,1.000000
Person,col2DataType,1,13,0.076923
Person,colapps(points),1,1,1.000000
Person,collaborations,1,1,1.000000
Person,colleagues,1,1,1.000000
Person,collegeAttended,1,1,1.000000
Person,colorist,1,16,0.062500
Person,colorText,1,4,0.250000
Person,cols,1,1,1.000000
Person,combatant2a,1,1,1.000000
Person,combatantsHeader,1,3,0.333333
Person,comm,1,1,1.000000
Person,commemorates,1,1,1.000000
Person,commerce,1,1,1.000000
Person,commerceEnd,1,1,1.000000
Person,commerceStart,1,1,1.000000
Person,commitDate,1,1,1.000000
Person,committeeResponsible,1,1,1.000000
Person,common,1,2,0.500000
Person,commondraftedpick,1,1,1.000000
Person,commondraftedround,1,1,1.000000
Person,commondraftedyear,1,1,1.000000
Person,commonLanguages,1,1,1.000000
Person,commonsLink,1,1,1.000000
Person,commonwealthRank,1,2,0.500000
Person,competencies,1,1,1.000000
Person,competitorsMen,1,1,1.000000
Person,competitorsWomen,1,1,1.000000
Person,complete,1,1,1.000000
Person,composed,1,1,1.000000
Person,compositeStars,1,2,0.500000
Person,comptroller,1,1,1.000000
Person,comptrollerDate,1,1,1.000000
Person,concertHall,1,1,1.000000
Person,concertmaster,1,1,1.000000
Person,concurring,1,1,1.000000
Person,conditionEffective,1,1,1.000000
Person,confChampResult,1,1,1.000000
Person,configuration,1,1,1.000000
Person,conflng,1,1,1.000000
Person,confrecor,1,1,1.000000
Person,connectionHonour,1,1,1.000000
Person,consecrationPlace,1,1,1.000000
Person,consecrationYear,1,1,1.000000
Person,constitency,1,1,1.000000
Person,constituencyType,1,1,1.000000
Person,constitunecy,1,1,1.000000
Person,constructionNumber,1,1,1.000000
Person,constructor,1,1,1.000000
Person,contest,1,46,0.021739
Person,contested,1,1,1.000000
Person,continuity,1,1,1.000000
Person,contributedby,1,1,1.000000
Person,conventionDelegates,1,1,1.000000
Person,convert,1,2,0.500000
Person,cookbook,1,2,0.500000
Person,coordinates,1,1,1.000000
Person,coordinatesDisplay,1,1,1.000000
Person,copyleft,1,1,1.000000
Person,copyright,1,1,1.000000
Person,coronoWins,1,1,1.000000
Person,corporate,1,1,1.000000
Person,counselors,1,7,0.142857
Person,countriesOnly,1,1,1.000000
Person,countryabbr,1,1,1.000000
Person,countryOfOrigin,1,1,1.000000
Person,countryType,1,1,1.000000
Person,courtlistener,1,1,1.000000
Person,courtseal,1,1,1.000000
Person,coventionalLongName,1,1,1.000000
Person,cpu,1,4,0.250000
Person,cr,1,25,0.040000
Person,creativeDirector,1,1,1.000000
Person,creators,1,1,1.000000
Person,creditsEcriture,1,1,1.000000
Person,crests,1,6,0.166667
Person,critic,1,1,1.000000
Person,crosses,1,1,1.000000
Person,cs,1,1,1.000000
Person,culturalOrigins,1,1,1.000000
Person,curator,1,1,1.000000
Person,curr,1,1,1.000000
Person,currentCommander,1,1,1.000000
Person,currently,1,1,1.000000
Person,currentNumber,1,1,1.000000
Person,currentTenants,1,1,1.000000
Person,currentUse,1,1,1.000000
Person,currentWorldRanking,1,1,1.000000
Person,currsign,1,1,1.000000
Person,daate,1,1,1.000000
Person,dae,1,1,1.000000
Person,daet,1,1,1.000000
Person,danishleague,1,1,1.000000
Person,darte,1,4,0.250000
Person,daste,1,1,1.000000
Person,dat,1,1,1.000000
Person,databasefootballArchive,1,1,1.000000
Person,datae,1,1,1.000000
Person,datastyle,1,1,1.000000
Person,dateAdopted,1,1,1.000000
Person,dateCommenced,1,1,1.000000
Person,dateDate,1,1,1.000000
Person,dateDistributed,1,1,1.000000
Person,datee,1,1,1.000000
Person,dateIntroduced,1,1,1.000000
Person,dateMarried,1,1,1.000000
Person,dateOfArrest,1,1,1.000000
Person,dateOfPremiere,1,1,1.000000
Person,datePost,1,1,1.000000
Person,datePre,1,1,1.000000
Person,dateRatified,1,1,1.000000
Person,dead,1,1,1.000000
Person,deadLift,1,1,1.000000
Person,"death12.september,2012BirthPlace",1,1,1.000000
Person,deathLosses,1,1,1.000000
Person,deathWins,1,1,1.000000
Person,debianApproved,1,1,1.000000
Person,debutWork,1,1,1.000000
Person,decDraw,1,1,1.000000
Person,deceased,1,1,1.000000
Person,deceaseLieu,1,1,1.000000
Person,decideyear,1,1,1.000000
Person,dedicatedTo,1,1,1.000000
Person,defaultWidth,1,1,1.000000
Person,deflections,1,1,1.000000
Person,degree,1,1,1.000000
Person,demolished,1,1,1.000000
Person,depois,1,1,1.000000
Person,descended,1,1,1.000000
Person,designatedOther1Abbr,1,1,1.000000
Person,designatedOther1Color,1,1,1.000000
Person,designatedOther1Date,1,1,1.000000
Person,designatedOther1Link,1,1,1.000000
Person,designatedOther1Name,1,1,1.000000
Person,designatedOther1Textcolor,1,1,1.000000
Person,designatedOther2Abbr,1,1,1.000000
Person,designatedOther2Color,1,1,1.000000
Person,designatedOther2Date,1,1,1.000000
Person,designatedOther2Link,1,1,1.000000
Person,designatedOther2Name,1,1,1.000000
Person,designation1Free3name,1,1,1.000000
Person,designation1Free3value,1,1,1.000000
Person,detailsWidth,1,1,1.000000
Person,big%3E%3CdivAlign,1,1,1.000000
Person,device,1,1,1.000000
Person,diameterMetric,1,1,1.000000
Person,differentNext,1,1,1.000000
Person,difficulty,1,1,1.000000
Person,dioceses,1,5,0.200000
Person,direct,1,1,1.000000
Person,directionA,1,2,0.500000
Person,directionB,1,2,0.500000
Person,directorOfStateOperations,1,1,1.000000
Person,directorOfStateOperationsEnd,1,1,1.000000
Person,directorOfStateOperationsStart,1,1,1.000000
Person,disciple,1,1,1.000000
Person,discontinued,1,1,1.000000
Person,discovered,1,1,1.000000
Person,discoveredDate,1,1,1.000000
Person,displayEditors,1,2,0.500000
Person,displayflag,1,1,1.000000
Person,displayName,1,1,1.000000
Person,displaySupp,1,1,1.000000
Person,dissappearanceDate,1,1,1.000000
Person,dissent,1,1,1.000000
Person,dissenting,1,1,1.000000
Person,dissertation,1,1,1.000000
Person,districtLabel,1,3,0.333333
Person,divisionSeason,1,1,1.000000
Person,divname,1,1,1.000000
Person,divtype,1,1,1.000000
Person,dlang,1,1,1.000000
Person,does%22postPrisonSupervision%22,1,1,1.000000
Person,doiAccess,1,3,0.333333
Person,domain,1,8,0.125000
Person,domeQuantity,1,1,1.000000
Person,domestic,1,1,1.000000
Person,domesticClub,1,1,1.000000
Person,donald(flashWwii)Gordon,1,1,1.000000
Person,dp,1,7,0.142857
Person,drafted,1,2,0.500000
Person,draftPosition,1,1,1.000000
Person,driverTitles,1,1,1.000000
Person,duckfaceSport,1,1,1.000000
Person,dutchDartsMasters,1,1,1.000000
Person,dutchTtContested,1,1,1.000000
Person,dutchTtWins,1,1,1.000000
Person,dwathPlace,1,1,1.000000
Person,ebooksg,1,1,1.000000
Person,eco,1,1,1.000000
Person,edate,1,1,1.000000
Person,editor1First,1,1,1.000000
Person,editor1Last,1,1,1.000000
Person,editor1Link,1,1,1.000000
Person,editor2Link,1,1,1.000000
Person,editor3First,1,1,1.000000
Person,editor3Last,1,1,1.000000
Person,editor3Link,1,1,1.000000
Person,editor4First,1,1,1.000000
Person,editor4Last,1,1,1.000000
Person,editor4Link,1,1,1.000000
Person,editor5First,1,1,1.000000
Person,editor5Last,1,1,1.000000
Person,editor5Link,1,1,1.000000
Person,editorbook,1,1,1.000000
Person,editorLink,1,2,0.500000
Person,educaiton,1,1,1.000000
Person,educatedAt,1,1,1.000000
Person,youthWing,1,1,1.000000
Person,educationDates,1,1,1.000000
Person,eitherHerDeadMotherOrDate,1,1,1.000000
Person,elderBrother,1,1,1.000000
Person,electionsDab,1,1,1.000000
Person,electricMotor,1,1,1.000000
Person,electricMotorPosition,1,1,1.000000
Person,elPaso,1,1,1.000000
Person,embedded,1,1,1.000000
Person,embedTitle,1,1,1.000000
Person,empasB,1,1,1.000000
Person,empasK,1,1,1.000000
Person,emperorConsort,1,1,1.000000
Person,employees,1,1,1.000000
Person,employmentField,1,1,1.000000
Person,endmo,1,1,1.000000
Person,endowment,1,1,1.000000
Person,endtheme,1,1,1.000000
Person,enduroChampionships,1,1,1.000000
Person,endyr,1,1,1.000000
Person,engaged,1,1,1.000000
Person,engender,1,1,1.000000
Person,engineer,1,1,1.000000
Person,engineName,1,1,1.000000
Person,enrollment,1,1,1.000000
Person,entries,1,1,1.000000
Person,environment,1,1,1.000000
Person,environmentParty,1,1,1.000000
Person,environmentStart,1,1,1.000000
Person,eptMainEventMoneyFinishes,1,1,1.000000
Person,equipmentLabel,1,1,1.000000
Person,er,1,52,0.019231
Person,espnRating,1,1,1.000000
Person,espnUrl,1,2,0.500000
Person,establishedTitle,1,1,1.000000
Person,estimatedBirthdate,1,1,1.000000
Person,esuctcheon,1,1,1.000000
Person,ethnic,1,1,1.000000
Person,ethnicGroup,1,1,1.000000
Person,etymology,1,1,1.000000
Person,euromast,1,1,1.000000
Person,euroopen,1,1,1.000000
Person,europeanMaster35+,1,1,1.000000
Person,europeanSingles,1,1,1.000000
Person,eventPost,1,1,1.000000
Person,eventPre,1,1,1.000000
Person,evFootnote,1,1,1.000000
Person,ewcChampionships,1,1,1.000000
Person,ewcFastestLaps,1,1,1.000000
Person,ewcPoles,1,1,1.000000
Person,ewcRaceStarts,1,1,1.000000
Person,ewcRaceWins,1,1,1.000000
Person,excludeCover,1,30,0.033333
Person,executedBy,1,1,1.000000
Person,exemplar(s),1,1,1.000000
Person,exhibition,1,23,0.043478
Person,expandDisciples,1,1,1.000000
Person,expdraftedpick,1,1,1.000000
Person,expensesYear,1,1,1.000000
Person,expert,1,1,1.000000
Person,expiryDate,1,1,1.000000
Person,explanation,1,1,1.000000
Person,externalUrl,1,1,1.000000
Person,extlinks,1,2,0.500000
Person,extraCredits,1,1,1.000000
Person,eyes,1,1,1.000000
Person,facadeDirection,1,1,1.000000
Person,faith,1,1,1.000000
Person,fam,1,1,1.000000
Person,familycolor,1,1,1.000000
Person,ّfather'sName,1,1,1.000000
Person,fatherName,1,1,1.000000
Person,fball,1,1,1.000000
Person,featuring,1,1,1.000000
Person,fecId,1,1,1.000000
Person,festivals,1,1,1.000000
Person,fewerLinks,1,3,0.333333
Person,ff,1,1,1.000000
Person,fff,1,1,1.000000
Person,ffff,1,1,1.000000
Person,fffm,1,1,1.000000
Person,ffm,1,1,1.000000
Person,ffmf,1,1,1.000000
Person,ffmm,1,1,1.000000
Person,fieldGoals,1,1,1.000000
Person,fieldgoalse,1,179,0.005587
Person,fieldgoalsg,1,39,0.025641
Person,fieranking,1,1,1.000000
Person,fights,1,1,1.000000
Person,filesize,1,1,1.000000
Person,film,1,1,1.000000
Person,filmAndTelevision,1,1,1.000000
Person,filmfaren,1,1,1.000000
Person,finalcity,1,1,1.000000
Person,finalsRunnerUp,1,2,0.500000
Person,finalvenue,1,1,1.000000
Person,finderMasters,1,1,1.000000
Person,fiqh,1,1,1.000000
Person,firmType,1,1,1.000000
Person,firstdate,1,1,1.000000
Person,firstEntry,1,1,1.000000
Person,firstGpWin,1,1,1.000000
Person,firsticon,1,1,1.000000
Person,firstLightsWin,1,1,1.000000
Person,firstMajor,1,1,1.000000
Person,firstManxGpWin,1,1,1.000000
Person,firstReleaseDate,1,1,1.000000
Person,firstReleaseVersion,1,1,1.000000
Person,firstReporter,1,1,1.000000
Person,firstround,1,1,1.000000
Person,firsttime,1,1,1.000000
Person,flagbearerClose,1,1,1.000000
Person,flagBorder,1,2,0.500000
Person,flagCaption,1,1,1.000000
Person,flagP,1,1,1.000000
Person,flagS,1,1,1.000000
Person,flagTemplate,1,1,1.000000
Person,flagType,1,1,1.000000
Person,flagvar,1,6,0.166667
Person,flightTime,1,1,1.000000
Person,float2Width,1,1,1.000000
Person,float3Width,1,1,1.000000
Person,float4Width,1,1,1.000000
Person,float5Width,1,1,1.000000
Person,float6Width,1,1,1.000000
Person,fmf,1,1,1.000000
Person,fmff,1,1,1.000000
Person,fmfm,1,1,1.000000
Person,fmm,1,1,1.000000
Person,fmmf,1,1,1.000000
Person,fmmm,1,1,1.000000
Person,followed,1,1,1.000000
Person,followedBy,1,6,0.166667
Person,followerOf,1,1,1.000000
Person,followersDate,1,1,1.000000
Person,font,1,1,1.000000
Person,fontSize,1,1,1.000000
Person,footage,1,1,1.000000
Person,footnote,1,1,1.000000
Person,forceoverall,1,1,1.000000
Person,formerLeague,1,1,1.000000
Person,formerMembers,1,1,1.000000
Person,formerNallTeams,1,1,1.000000
Person,s,1,1,1.000000
Person,formerteammate,1,1,1.000000
Person,founding,1,1,1.000000
Person,foundry,1,1,1.000000
Person,frame,1,16,0.062500
Person,frameLatitude,1,1,1.000000
Person,frameLongitude,1,1,1.000000
Person,freeSoftware,1,1,1.000000
Person,fromLives,1,1,1.000000
Person,fromThisSource,1,3,0.333333
Person,frontDownshift,1,1,1.000000
Person,frontFilename,1,1,1.000000
Person,frontHeight,1,1,1.000000
Person,frontSquat,1,1,1.000000
Person,fsnum,1,1,1.000000
Person,fullnsme,1,1,1.000000
Person,fullpage,1,1,1.000000
Person,fullscreenOption,1,7,0.142857
Person,fusiongenres,1,1,1.000000
Person,gains,1,1,1.000000
Person,gameId,1,1,1.000000
Person,gamesLink,1,1,1.000000
Person,gears,1,1,1.000000
Person,generalManager,1,1,1.000000
Person,germanOpen,1,1,1.000000
Person,gin,1,1,1.000000
Person,girlfriend,1,1,1.000000
Person,givenfor,1,1,1.000000
Person,givingBirthPlace,1,1,1.000000
Person,goggles,1,1,1.000000
Person,goldengloben,1,1,1.000000
Person,goldenglobew,1,1,1.000000
Person,goldGer,1,1,1.000000
Person,goldnoc,1,1,1.000000
Person,goldSar,1,1,1.000000
Person,goldUsa,1,1,1.000000
Person,gplCompatible,1,1,1.000000
Person,grades,1,1,1.000000
Person,"graduatedAbingtonHighSchool,Pennsylvania",1,1,1.000000
Person,graduation,1,1,1.000000
Person,grandChild,1,1,1.000000
Person,grandchildren.,1,1,1.000000
Person,grandson,1,1,1.000000
Person,granTan%5DBirthPlace,1,1,1.000000
Person,graphicDesigner,1,1,1.000000
Person,grapplingSubwin,1,1,1.000000
Person,grapplingWin,1,1,1.000000
Person,grayshirt,1,3,0.333333
Person,greatGrandSon,1,1,1.000000
Person,greekEquivalent,1,1,1.000000
Person,greekExpandedTitle,1,1,1.000000
Person,gridName,1,1,1.000000
Person,gridPosition,1,1,1.000000
Person,grNumber,1,1,1.000000
Person,gross,1,1,1.000000
Person,groundbreaking,1,1,1.000000
Person,groundInjuries,1,1,1.000000
Person,grounds,1,1,1.000000
Person,grouping,1,1,1.000000
Person,gs,1,1,1.000000
Person,guests,1,1,1.000000
Person,guidance,1,1,1.000000
Person,gur,1,1,1.000000
Person,habitat,1,1,1.000000
Person,hak,1,1,1.000000
Person,hanguk,1,1,1.000000
Person,hanjicourtesy,1,1,1.000000
Person,hanjipen,1,1,1.000000
Person,hat,1,2,0.500000
Person,hatchDate,1,1,1.000000
Person,hatchName,1,1,1.000000
Person,haveDate,1,1,1.000000
Person,hazzan,1,1,1.000000
Person,hbkg,1,1,1.000000
Person,hclosses,1,1,1.000000
Person,hcwins,1,1,1.000000
Person,hdhshehevimageSize,1,1,1.000000
Person,headcolor,1,1,1.000000
Person,headerColor,1,1,1.000000
Person,headerHorizontal,1,2,0.500000
Person,headerVotes,1,1,1.000000
Person,headingstyle,1,1,1.000000
Person,headOfState,1,1,1.000000
Person,heigh,1,1,1.000000
Person,height(m),1,1,1.000000
Person,heightFootnote,1,1,1.000000
Person,heightInches,1,1,1.000000
Person,heightOrder,1,18,0.055556
Person,heirlooms,1,1,1.000000
Person,helmet,1,1,1.000000
Person,hep,1,1,1.000000
Person,hepburn,1,1,1.000000
Person,hidedeliveries,1,4070,0.000246
Person,hideDvr,1,1,1.000000
Person,hideDvrv,1,1,1.000000
Person,hidelegend,1,4,0.250000
Person,hidenote,1,1,1.000000
Person,hidepartycol,1,2,0.500000
Person,hiderefcol,1,2,0.500000
Person,hideStatistics,1,1,1.000000
Person,hideTotal,1,1,1.000000
Person,hideTotalv,1,1,1.000000
Person,hiero,1,1,1.000000
Person,higher,1,1,1.000000
Person,highestJuniorRanking,1,1,1.000000
Person,highestsinglesWorldranking,1,1,1.000000
Person,highestWorldSeries,1,1,1.000000
Person,her,1,2,0.500000
Person,historicSeat,1,1,1.000000
Person,hoffuture,1,26,0.038462
Person,holder,1,1,1.000000
Person,holo,1,1,1.000000
Person,home1player,1,1,1.000000
Person,home1pos,1,1,1.000000
Person,home2player,1,1,1.000000
Person,homeCoach,1,1,1.000000
Person,homeCountry,1,1,1.000000
Person,homeman,1,1,1.000000
Person,homemannat,1,1,1.000000
Person,homeMountain,1,1,1.000000
Person,homeNameShort,1,1,1.000000
Person,homeNickname,1,1,1.000000
Person,homeRecord,1,1,1.000000
Person,homeSchool,1,1,1.000000
Person,hometeam,1,1,1.000000
Person,horsename,1,1,1.000000
Person,horusPrefix,1,1,1.000000
Person,hosts,1,1,1.000000
Person,housedAt,1,1,1.000000
Person,howto,1,3,0.333333
Person,hptFinalTables,1,1,1.000000
Person,hptMoneyFinishes,1,1,1.000000
Person,hqCity,1,1,1.000000
Person,hrArchve,1,1,1.000000
Person,hsn,1,1,1.000000
Person,hullWeight,1,1,1.000000
Person,husbandName,1,1,1.000000
Person,iamgeSize,1,1,1.000000
Person,iata,1,1,1.000000
Person,icao,1,1,1.000000
Person,icapps,1,1,1.000000
Person,iccounty,1,1,1.000000
Person,icdebut,1,1,1.000000
Person,iceDance,1,1,1.000000
Person,icon,1,4,0.250000
Person,icprovinced,1,1,1.000000
Person,ifrachampion,1,1,1.000000
Person,ifsc,1,1,1.000000
Person,ignoreErr,1,2,0.500000
Person,iifan,1,1,1.000000
Person,iifaw,1,1,1.000000
Person,image2.,1,1,1.000000
Person,image2Caption,1,1,1.000000
Person,image2Size,1,2,0.500000
Person,imageBorder,1,1,1.000000
Person,imageDeath,1,1,1.000000
Person,imageIllustration,1,1,1.000000
Person,imageleft,1,2,0.500000
Person,imageLink,1,1,1.000000
Person,images,1,1,1.000000
Person,imageShield,1,1,1.000000
Person,imagetext,1,1,1.000000
Person,imageupright,1,1,1.000000
Person,imagewidth,1,1,1.000000
Person,imdb,1,8,0.125000
Person,imgGap,1,3,0.333333
Person,imgwidth,1,1,1.000000
Person,imperialUnit,1,22,0.045455
Person,inaccurate%3F,1,1,1.000000
Person,inactive,1,1,1.000000
Person,inaugurationDate,1,1,1.000000
Person,includeFootnote,1,22,0.045455
Person,including,1,1,1.000000
Person,indef,1,3,0.333333
Person,infoa,1,1,1.000000
Person,infob,1,1,1.000000
Person,infoHdr,1,1,1.000000
Person,inhalt,1,1,1.000000
Person,initialReleaseDate,1,1,1.000000
Person,initiatedLabel,1,4,0.250000
Person,innerParty,1,1,1.000000
Person,innerPercent,1,1,1.000000
Person,inService,1,1,1.000000
Person,insigniacaption,1,1,1.000000
Person,insigniasize,1,1,1.000000
Person,instructors,1,1,1.000000
Person,instuition,1,1,1.000000
Person,intentional,1,6,0.166667
Person,intercepts,1,1,1.000000
Person,internationalDartsLeague,1,1,1.000000
Person,internationalSuperbikeWins,1,1,1.000000
Person,internationalSupersportWins,1,1,1.000000
Person,internetAlbums,1,1,1.000000
Person,interview,1,1,1.000000
Person,introduced,1,1,1.000000
Person,introducedBy,1,1,1.000000
Person,introducedCommons,1,1,1.000000
Person,ipaKo,1,1,1.000000
Person,iptTitles,1,1,1.000000
Person,iraq2024BirthPlace,1,1,1.000000
Person,irelandcaps,1,1,1.000000
Person,irishRaceWins,1,1,1.000000
Person,irn,1,1,1.000000
Person,is,1,1,1.000000
Person,isdtAwards,1,1,1.000000
Person,isleOfManMasters,1,1,1.000000
Person,isleOfManTtContested,1,1,1.000000
Person,isMissile,1,1,1.000000
Person,iso,1,1,1.000000
Person,iso3166code,1,1,1.000000
Person,issu,1,1,1.000000
Person,issue(children),1,1,1.000000
Person,it,1,5,0.200000
Person,italicsText,1,1,1.000000
Person,italoDeZantopic,1,1,1.000000
Person,itfSinglesCarrierHighRanking,1,1,1.000000
Person,iw,1,5,0.200000
Person,january,1,1,1.000000
Person,japan,1,1,1.000000
Person,japaneseHeader,1,1,1.000000
Person,jerseynumbers,1,1,1.000000
Person,jptitles,1,5,0.200000
Person,jstor,1,1,1.000000
Person,junior,1,35,0.028571
Person,jv,1,1,1.000000
Person,jvLatn,1,1,1.000000
Person,k1Kowin,1,1,1.000000
Person,k1Loss,1,1,1.000000
Person,k1Subwin,1,1,1.000000
Person,k1Win,1,1,1.000000
Person,kannada,1,1,1.000000
Person,karmicName,1,1,1.000000
Person,kaw,1,1,1.000000
Person,kboxNc,1,1,1.000000
Person,keyEvents,1,1,1.000000
Person,keypeople,1,1,1.000000
Person,khlDraft,1,1,1.000000
Person,khlDraftTeam,1,1,1.000000
Person,khlDraftYear,1,1,1.000000
Person,thaiboxing,1,1,1.000000
Person,kickboxingdecwins,1,1,1.000000
Person,kickboxingDecwins,1,1,1.000000
Person,kickboxLosses,1,1,1.000000
Person,kickboxTko,1,1,1.000000
Person,kickboxTkoloss,1,1,1.000000
Person,kickboxWins,1,1,1.000000
Person,kk,1,1,1.000000
Person,koWin,1,1,1.000000
Person,kunyaAr,1,1,1.000000
Person,kyokushin,1,1,1.000000
Person,label18Size,1,1,1.000000
Person,label1Width,1,1,1.000000
Person,label2Sizez,1,1,1.000000
Person,label34Size,1,1,1.000000
Person,label35Size,1,1,1.000000
Person,label36Size,1,1,1.000000
Person,label37Size,1,1,1.000000
Person,label38Size,1,1,1.000000
Person,label39Size,1,1,1.000000
Person,label3Width,1,1,1.000000
Person,label40Size,1,1,1.000000
Person,label41Size,1,1,1.000000
Person,label42Size,1,1,1.000000
Person,label43Size,1,1,1.000000
Person,label44Size,1,1,1.000000
Person,label45Size,1,1,1.000000
Person,label46Size,1,1,1.000000
Person,label47Size,1,1,1.000000
Person,label48Size,1,1,1.000000
Person,label49Size,1,1,1.000000
Person,label4Sizez,1,1,1.000000
Person,label50Size,1,1,1.000000
Person,label51Size,1,1,1.000000
Person,label52Size,1,1,1.000000
Person,label53Size,1,1,1.000000
Person,label54Size,1,1,1.000000
Person,label55Size,1,1,1.000000
Person,label6size,1,1,1.000000
Person,label6Sizez,1,1,1.000000
Person,labelOffsetXd,1,4,0.250000
Person,labelOffsetYd,1,4,0.250000
Person,labelPost,1,1,1.000000
Person,labơels,1,1,1.000000
Person,laicised,1,1,1.000000
Person,lanels,1,1,1.000000
Person,languageOther,1,1,1.000000
Person,langVi,1,1,1.000000
Person,laptops,1,4,0.250000
Person,lastclub,1,1,1.000000
Person,lastConvWin,1,6,0.166667
Person,lastDate,1,1,1.000000
Person,lastEntry,1,1,1.000000
Person,lastJersyNumber,1,1,1.000000
Person,lastLightsWin,1,1,1.000000
Person,lastManxGpWin,1,1,1.000000
Person,lastMonarch,1,1,1.000000
Person,lastPosition,1,2,0.500000
Person,lat10Min,1,1,1.000000
Person,lat12Min,1,1,1.000000
Person,lat14Min,1,1,1.000000
Person,lat16Deg,1,1,1.000000
Person,lat18Deg,1,1,1.000000
Person,lat28Deg,1,1,1.000000
Person,lat29Deg,1,1,1.000000
Person,lat30Deg,1,1,1.000000
Person,lat31Deg,1,1,1.000000
Person,lat32Deg,1,1,1.000000
Person,lat33Deg,1,1,1.000000
Person,lat5Dir,1,2,0.500000
Person,lat5Sec,1,1,1.000000
Person,lat9Min,1,1,1.000000
Person,latestReleaseDate,1,1,1.000000
Person,latestReleaseVersion,1,1,1.000000
Person,layout,1,1,1.000000
Person,lbType,1,1,1.000000
Person,ldxd,1,1,1.000000
Person,ldyd,1,1,1.000000
Person,leftMargin,1,1,1.000000
Person,leftPadding,1,1,1.000000
Person,legislatureStatus,1,1,1.000000
Person,legislatureTerm,1,1,1.000000
Person,legReachIn,1,1,1.000000
Person,lengthImperial,1,1,1.000000
Person,lengthM,1,2,0.500000
Person,lengthMi,1,1,1.000000
Person,lengthTrack,1,1,1.000000
Person,lengthy,1,7,0.142857
Person,leSkratch,1,1,1.000000
Person,lesserCaption,1,11,0.090909
Person,lesserWidth,1,11,0.090909
Person,letterer,1,10,0.100000
Person,lettering,1,1,1.000000
Person,lh,1,1,1.000000
Person,lhasa,1,1,1.000000
Person,library,1,7,0.142857
Person,libraryName,1,1,1.000000
Person,libraryUrl,1,1,1.000000
Person,licence,1,1,1.000000
Person,licensedisbn,1,1,1.000000
Person,licensee,1,1,1.000000
Person,limit,1,1,1.000000
Person,linerNotes,1,1,1.000000
Person,linerNoteTranslation,1,1,1.000000
Person,linkCanada,1,3,0.333333
Person,linking,1,1,1.000000
Person,linkLanguage,1,5,0.200000
Person,liscense,1,1,1.000000
Person,list1name,1,1,1.000000
Person,list2title,1,1,1.000000
Person,list3title,1,1,1.000000
Person,list4title,1,1,1.000000
Person,list5title,1,1,1.000000
Person,listed,1,2,0.500000
Person,listEpisodes,1,1,1.000000
Person,listType,1,1,1.000000
Person,listWinner,1,1,1.000000
Person,livePokerEarnings,1,1,1.000000
Person,livery,1,1,1.000000
Person,livingRelatives,1,1,1.000000
Person,localName,1,1,1.000000
Person,locationOfDocument,1,1,1.000000
Person,locationSigned,1,1,1.000000
Person,logdate,1,1,1.000000
Person,logLift,1,1,1.000000
Person,logoImage,1,1,1.000000
Person,logoUpright,1,3,0.333333
Person,loksabhaLeader,1,1,1.000000
Person,lon10Min,1,1,1.000000
Person,lon12Min,1,1,1.000000
Person,lon16Deg,1,1,1.000000
Person,lon18Deg,1,1,1.000000
Person,lon28Deg,1,1,1.000000
Person,lon29Deg,1,1,1.000000
Person,lon30Deg,1,1,1.000000
Person,lon31Deg,1,1,1.000000
Person,lon32Deg,1,1,1.000000
Person,lon33Deg,1,1,1.000000
Person,lon5Sec,1,1,1.000000
Person,lon9Min,1,1,1.000000
Person,longside,1,1,1.000000
Person,longtype,1,1,1.000000
Person,lower,1,1,1.000000
Person,lr,1,164,0.006098
Person,mahasamadi,1,1,1.000000
Person,main,1,1,1.000000
Person,mainImageAlt,1,1,1.000000
Person,majorAwards,1,1,1.000000
Person,majorityLeader,1,1,1.000000
Person,maltaOpen,1,1,1.000000
Person,mandateperiod,1,1,1.000000
Person,manhaj,1,1,1.000000
Person,mannerOfDeath,1,1,1.000000
Person,manxGpActiveYears,1,1,1.000000
Person,manxGpContested,1,1,1.000000
Person,manxGpWins,1,1,1.000000
Person,mapAlt,1,1,1.000000
Person,mapDotLabel,1,1,1.000000
Person,mapDotMark,1,1,1.000000
Person,mapEntity,1,3,0.333333
Person,mapframe,1,1,1.000000
Person,mapImage,1,1,1.000000
Person,mapLabel,1,1,1.000000
Person,mapLocation,1,1,1.000000
Person,mapRelief,1,1,1.000000
Person,mark10size,1,1,1.000000
Person,mark11size,1,1,1.000000
Person,mark12size,1,1,1.000000
Person,mark13size,1,1,1.000000
Person,mark14size,1,1,1.000000
Person,mark15size,1,1,1.000000
Person,mark16size,1,1,1.000000
Person,mark17size,1,1,1.000000
Person,mark18size,1,1,1.000000
Person,mark19size,1,1,1.000000
Person,mark20size,1,1,1.000000
Person,mark21size,1,1,1.000000
Person,mark22size,1,1,1.000000
Person,mark23size,1,1,1.000000
Person,mark24size,1,1,1.000000
Person,mark25size,1,1,1.000000
Person,mark26size,1,1,1.000000
Person,mark27size,1,1,1.000000
Person,mark28size,1,1,1.000000
Person,mark29size,1,1,1.000000
Person,mark30size,1,1,1.000000
Person,mark31size,1,1,1.000000
Person,mark32size,1,1,1.000000
Person,mark33size,1,1,1.000000
Person,mark34size,1,1,1.000000
Person,mark35size,1,1,1.000000
Person,mark36size,1,1,1.000000
Person,mark37size,1,1,1.000000
Person,mark38size,1,1,1.000000
Person,mark39size,1,1,1.000000
Person,mark40size,1,1,1.000000
Person,mark41size,1,1,1.000000
Person,mark42size,1,1,1.000000
Person,mark43size,1,1,1.000000
Person,mark44size,1,1,1.000000
Person,mark45size,1,1,1.000000
Person,mark46size,1,1,1.000000
Person,mark47size,1,1,1.000000
Person,mark48size,1,1,1.000000
Person,mark49size,1,1,1.000000
Person,mark50size,1,1,1.000000
Person,mark51size,1,1,1.000000
Person,mark52size,1,1,1.000000
Person,mark53size,1,1,1.000000
Person,mark54size,1,1,1.000000
Person,mark55size,1,1,1.000000
Person,mark8size,1,1,1.000000
Person,mark9size,1,1,1.000000
Person,markCoord,1,1,1.000000
Person,markerSize,1,1,1.000000
Person,markerSymbol,1,1,1.000000
Person,markSized,1,1,1.000000
Person,marriageDate,1,1,1.000000
Person,marriageName,1,1,1.000000
Person,married.,1,1,1.000000
Person,married,1,1,1.000000
Person,marriedName,1,1,1.000000
Person,martialStatus,1,1,1.000000
Person,martydom,1,1,1.000000
Person,martyredBy,1,1,1.000000
Person,massiveTesticlesBestCupPos,1,1,1.000000
Person,master'sTitles,1,1,1.000000
Person,materialArt,1,1,1.000000
Person,maxwidth,1,1,1.000000
Person,mccunereischauer,1,1,1.000000
Person,mcgrathCup,1,1,1.000000
Person,medalsTitle,1,93,0.010753
Person,medaltemplate,1,1,1.000000
Person,medalUpright,1,1,1.000000
Person,melody,1,1,1.000000
Person,memberId,1,1,1.000000
Person,membersLabel,1,3,0.333333
Person,memorial,1,1,1.000000
Person,metadata,1,1,1.000000
Person,meteorn,1,1,1.000000
Person,meteorw,1,1,1.000000
Person,methodology,1,1,1.000000
Person,mff,1,1,1.000000
Person,mfff,1,1,1.000000
Person,mffm,1,1,1.000000
Person,mfm,1,1,1.000000
Person,mfmf,1,1,1.000000
Person,mfmm,1,1,1.000000
Person,mgpContested,1,1,1.000000
Person,middle,1,1,1.000000
Person,middleCaption,1,1,1.000000
Person,middlename,1,1,1.000000
Person,middleWidth,1,11,0.090909
Person,midfieldCounty,1,1,1.000000
Person,military,1,1,1.000000
Person,militaryRank,1,1,1.000000
Person,minaretQuantity,1,1,1.000000
Person,mini,1,34,0.029412
Person,miniFile,1,2,0.500000
Person,minister3Party,1,1,1.000000
Person,minister4Party,1,1,1.000000
Person,minister5Termend,1,1,1.000000
Person,minister5Termstart,1,1,1.000000
Person,mixedBy,1,1,1.000000
Person,mixtape,1,2,0.500000
Person,mm,1,1,1.000000
Person,mmaCounty,1,1,1.000000
Person,mmadqwins,1,2,0.500000
Person,mmaDraws,1,1,1.000000
Person,mmaLosses,1,1,1.000000
Person,mmaotherwins,1,1,1.000000
Person,mmaPosition,1,1,1.000000
Person,mmaTkoloss,1,1,1.000000
Person,mmf,1,1,1.000000
Person,mmff,1,1,1.000000
Person,mmfm,1,1,1.000000
Person,mmm,1,1,1.000000
Person,mmmf,1,1,1.000000
Person,mmmm,1,1,1.000000
Person,mn,1,1,1.000000
Person,mncA,1,1,1.000000
Person,mobon,1,1,1.000000
Person,mobow,1,1,1.000000
Person,modes,1,1,1.000000
Person,modulePersonal,1,1,1.000000
Person,mohamedAbdullahiFarmaajo,1,1,1.000000
Person,moiseMbiye,1,1,1.000000
Person,mongolianCyrillic,1,1,1.000000
Person,mongolianTraditionalScript,1,1,1.000000
Person,monthAndYear,1,1,1.000000
Person,mostCashes2010Wsop,1,1,1.000000
Person,mostRecentTeam,1,1,1.000000
Person,mostWins,1,1,1.000000
Person,mother.,1,1,1.000000
Person,mother'sDetails,1,1,1.000000
Person,motherName,1,1,1.000000
Person,mothsEatenLiveOnStream,1,1,1.000000
Person,motoamericaActiveYears,1,1,1.000000
Person,motoamericaFastestLaps,1,1,1.000000
Person,motoamericaManufaturer,1,1,1.000000
Person,motoamericaPodiums,1,1,1.000000
Person,motoamericaPoles,1,1,1.000000
Person,motoamericaRaceWins,1,1,1.000000
Person,motoamericaStarts,1,1,1.000000
Person,motocrossChampionships,1,1,1.000000
Person,motoeTeams,1,1,1.000000
Person,motogpFatestLaps,1,1,1.000000
Person,motoGpraceWins,1,1,1.000000
Person,motorcycle,1,1,1.000000
Person,mottoLang,1,1,1.000000
Person,mottoTranslation,1,1,1.000000
Person,movements,1,1,1.000000
Person,moves,1,1,1.000000
Person,mtveuropen,1,1,1.000000
Person,mtveuropew,1,1,1.000000
Person,mtvmovien,1,1,1.000000
Person,mtvmoview,1,1,1.000000
Person,murderer,1,1,1.000000
Person,musicVideo,1,1,1.000000
Person,mvpteam,1,1,1.000000
Person,nam,1,1,1.000000
Person,name%3Cnowiki%3E,1,1,1.000000
Person,name10d,1,1,1.000000
Person,name11f,1,1,1.000000
Person,name11g,1,1,1.000000
Person,name11h,1,1,1.000000
Person,name12c,1,1,1.000000
Person,name13c,1,1,1.000000
Person,name13d,1,1,1.000000
Person,name13e,1,1,1.000000
Person,name15c,1,1,1.000000
Person,name15d,1,1,1.000000
Person,name15e,1,1,1.000000
Person,name16d,1,1,1.000000
Person,name16e,1,1,1.000000
Person,name16f,1,1,1.000000
Person,name16g,1,1,1.000000
Person,name17d,1,1,1.000000
Person,name18d,1,1,1.000000
Person,name1e,1,1,1.000000
Person,name1f,1,1,1.000000
Person,name1g,1,1,1.000000
Person,name22c,1,1,1.000000
Person,name22d,1,1,1.000000
Person,name2g,1,1,1.000000
Person,name4e,1,1,1.000000
Person,name4f,1,1,1.000000
Person,name4g,1,1,1.000000
Person,name4h,1,1,1.000000
Person,name4i,1,1,1.000000
Person,name4j,1,1,1.000000
Person,name5c,1,1,1.000000
Person,name6c,1,1,1.000000
Person,name7d,1,1,1.000000
Person,name7e,1,1,1.000000
Person,nameFa,1,1,1.000000
Person,namestyle,1,1,1.000000
Person,naptMoneyFinishes,1,1,1.000000
Person,narrated,1,1,1.000000
Person,narrow,1,1,1.000000
Person,natioalyears,1,1,1.000000
Person,nationa;Id,1,1,1.000000
Person,nationalAnthem,1,1,1.000000
Person,nationalChampionships,1,1,1.000000
Person,nationalcompeticion,1,1,1.000000
Person,nationalExecutiveCommittee,1,1,1.000000
Person,nationalfilmw,1,3,0.333333
Person,nationally,1,1,1.000000
Person,nationalMotto,1,1,1.000000
Person,nationalTitles,1,1,1.000000
Person,nationalYears,1,1,1.000000
Person,nations,1,1,1.000000
Person,navbarPos,1,1,1.000000
Person,navbarstyle,1,1,1.000000
Person,naver,1,1,1.000000
Person,nb,1,3,0.333333
Person,nbap,1,12,0.083333
Person,ncaahTeam,1,1,1.000000
Person,nepaliday,1,1,1.000000
Person,nepalimonth,1,1,1.000000
Person,nepaliyear,1,1,1.000000
Person,netural,1,1,1.000000
Person,networkName,1,1,1.000000
Person,networkType,1,1,1.000000
Person,newArticleName,1,1,1.000000
Person,newlink,1,79,0.012658
Person,news,1,1,1.000000
Person,newsOfTheWorldDartsChampionship,1,1,1.000000
Person,nextElection,1,1,1.000000
Person,nf,1,1,1.000000
Person,nflsuppdraftedpick,1,1,1.000000
Person,nflsuppdraftedround,1,1,1.000000
Person,nflsuppdraftedyear,1,1,1.000000
Person,nhlDraft,1,1,1.000000
Person,nickname(s),1,1,1.000000
Person,nkhangul,1,1,1.000000
Person,nkhanja,1,1,1.000000
Person,nkmr,1,1,1.000000
Person,nkrr,1,1,1.000000
Person,nllDrattYear,1,1,1.000000
Person,nmen,1,1,1.000000
Person,nmew,1,1,1.000000
Person,nobars,1,1,1.000000
Person,noborder,1,1,1.000000
Person,nobreak,1,1,1.000000
Person,noBuilt,1,1,1.000000
Person,nobullet,1,16,0.062500
Person,nocollapse,1,3,0.333333
Person,noconf,1,1,1.000000
Person,nocontests,1,1,1.000000
Person,noDecisions,1,1,1.000000
Person,nodiv,1,34,0.029412
Person,noevent,1,7,0.142857
Person,noIcon,1,28,0.035714
Person,noid,1,2,0.500000
Person,noimage,1,2,0.500000
Person,noitalics,1,6,0.166667
Person,nolabels,1,5,0.200000
Person,noLeague,1,1,1.000000
Person,nolocation,1,3,0.333333
Person,nonAcademic,1,14,0.071429
Person,noneYears,1,1,1.000000
Person,"nonsensical.WhoCastHer,TheUs%22creators%22",1,1,1.000000
Person,noparen,1,1,1.000000
Person,noprose,1,3,0.333333
Person,norecord,1,23,0.043478
Person,noredlinks,1,3,0.333333
Person,noround,1,3,0.333333
Person,northkorea,1,2,0.500000
Person,noshare,1,1,1.000000
Person,notableAwards,1,1,1.000000
Person,notableOffice,1,1,1.000000
Person,notableRelative,1,1,1.000000
Person,notaref,1,1,1.000000
Person,notesfirst,1,1,1.000000
Person,notesType,1,2,0.500000
Person,notime,1,15,0.066667
Person,november,1,1,1.000000
Person,nr,1,49,0.020408
Person,ntlTeams,1,1,1.000000
Person,ntupate,1,1,1.000000
Person,ntupdaate,1,1,1.000000
Person,numberOfBooks,1,1,1.000000
Person,numberPrinted,1,1,1.000000
Person,numEmployeesYear,1,1,1.000000
Person,numMembers,1,1,1.000000
Person,numSeries,1,1,1.000000
Person,numTeams,1,1,1.000000
Person,numUsers,1,1,1.000000
Person,nururl,1,3,0.333333
Person,objective,1,1,1.000000
Person,observances,1,1,1.000000
Person,oc,1,20,0.050000
Person,ocB,1,1,1.000000
Person,occasion,1,1,1.000000
Person,occupation.,1,1,1.000000
Person,ocr,1,1,1.000000
Person,officeHeld,1,1,1.000000
Person,officialLanguages,1,1,1.000000
Person,officials,1,1,1.000000
Person,offwebsite,1,1,1.000000
Person,olympicAthlete,1,1,1.000000
Person,olympicsType,1,2,0.500000
Person,omarAbdirashidAliSharmaake,1,1,1.000000
Person,on3School,1,3,0.333333
Person,onelanguage,1,9,0.111111
Person,ongoing,1,2,0.500000
Person,onlinebooksabout,1,4,0.250000
Person,onlinenotableWorks,1,1,1.000000
Person,openingname,1,1,1.000000
Person,oppprank,1,1,1.000000
Person,oq,1,13,0.076923
Person,organisationalStatus,1,1,1.000000
Person,organisationPosition,1,1,1.000000
Person,organiser,1,1,1.000000
Person,organisers,1,1,1.000000
Person,organizers,1,1,1.000000
Person,orientation,1,1,1.000000
Person,originalLanguage,1,1,1.000000
Person,originalName,1,1,1.000000
Person,originalUse,1,1,1.000000
Person,origins'Country,1,1,1.000000
Person,origtag,1,44,0.022727
Person,oromiyaCounties,1,1,1.000000
Person,os,1,4,0.250000
Person,osiApproved,1,1,1.000000
Person,otherInformation,1,1,1.000000
Person,otherIuu,1,1,1.000000
Person,otherLabel,1,1,1.000000
Person,otherLanguage,1,9,0.111111
Person,otherName(s),1,1,1.000000
Person,otherPoliticalParty,1,1,1.000000
Person,otherPosts,1,1,1.000000
Person,otherregnalName,1,1,1.000000
Person,otherRoles,1,1,1.000000
Person,othersexlink,1,4,0.250000
Person,othertitles,1,1,1.000000
Person,outrightRecord,1,1,1.000000
Person,overallconfrecord,1,1,1.000000
Person,overimte,1,1,1.000000
Person,overlay,1,1,1.000000
Person,overlayHorizontalAlignment,1,1,1.000000
Person,pageNumber,1,1,1.000000
Person,pageNumbers,1,1,1.000000
Person,pahistoricType,1,2,0.500000
Person,paint,1,1,1.000000
Person,paragraphs,1,1,1.000000
Person,paralympicsRank,1,1,1.000000
Person,paralympicsWeight,1,1,1.000000
Person,paralympicsYear,1,1,1.000000
Person,paralympicteams,1,1,1.000000
Person,parameter,1,1,1.000000
Person,parent's,1,1,1.000000
Person,parentagency,1,1,1.000000
Person,parentAgency,1,1,1.000000
Person,parentagePlace,1,1,1.000000
Person,parentopening,1,1,1.000000
Person,parentOrganization,1,1,1.000000
Person,parishes,1,5,0.200000
Person,parliamentaryGroup,1,1,1.000000
Person,parlName,1,3,0.333333
Person,part1Choice1Color,1,1,1.000000
Person,part1Choice2Color,1,1,1.000000
Person,part1Choice3Color,1,1,1.000000
Person,part1Choice4Color,1,1,1.000000
Person,part1Choice5Color,1,1,1.000000
Person,partial,1,1,1.000000
Person,parties,1,1,1.000000
Person,partofRefnum,1,1,1.000000
Person,party6color,1,1,1.000000
Person,party6name,1,1,1.000000
Person,party7color,1,1,1.000000
Person,party7name,1,1,1.000000
Person,party8color,1,1,1.000000
Person,party8name,1,1,1.000000
Person,partyColor,1,1,1.000000
Person,partyColour,1,1,1.000000
Person,partypercent,1,1,1.000000
Person,"partyThatOrderedTheShip.ThisIsUsuallyTheOwnerButIsSometimesTheOperator,OrAnAgentOfEither.ContemporaneousNewspaperSourcesRarelyStateToWhichCategoryANamedPartyBelongs.AbbreviationsInThisColumnRr%3Cnowiki%3E",1,1,1.000000
Person,partyvotes,1,1,1.000000
Person,passed,1,1,1.000000
Person,passed2Abstention,1,1,1.000000
Person,passed2Against,1,1,1.000000
Person,passed2For,1,1,1.000000
Person,pastBishop,1,1,1.000000
Person,pastor,1,1,1.000000
Person,pasttense,1,2,0.500000
Person,patch,1,1,1.000000
Person,pdgawins,1,1,1.000000
Person,peak15a,1,1,1.000000
Person,peak15b,1,1,1.000000
Person,peak16c,1,1,1.000000
Person,peak17b,1,1,1.000000
Person,peak1c,1,1,1.000000
Person,peak2d,1,1,1.000000
Person,peak3c,1,1,1.000000
Person,peak4c,1,1,1.000000
Person,peak4f,1,1,1.000000
Person,peak5c,1,1,1.000000
Person,peak5d,1,1,1.000000
Person,peak6c,1,1,1.000000
Person,peak7c,1,1,1.000000
Person,peak8c,1,1,1.000000
Person,pencils,1,1,1.000000
Person,people,1,4,0.250000
Person,peoplesn,1,1,1.000000
Person,peoplesw,1,1,1.000000
Person,perfid,1,1,1.000000
Person,performed,1,1,1.000000
Person,performer,1,1,1.000000
Person,periodo,1,1,1.000000
Person,personal,1,1,1.000000
Person,personalDetails,1,1,1.000000
Person,pfs,1,1,1.000000
Person,pfx,1,1,1.000000
Person,pgtWins,1,1,1.000000
Person,phones,1,4,0.250000
Person,photo1d,1,1,1.000000
Person,photo1e,1,1,1.000000
Person,photo2c,1,1,1.000000
Person,photo2d,1,1,1.000000
Person,photo2e,1,1,1.000000
Person,photoCaption,1,1,1.000000
Person,photography,1,1,1.000000
Person,"piano,PrimaryArtist",1,1,1.000000
Person,piano,1,1,1.000000
Person,placeOfArrest,1,1,1.000000
Person,placeOfBirth,1,1,1.000000
Person,placeOfRelease,1,1,1.000000
Person,places,1,1,1.000000
Person,plainlink,1,25,0.040000
Person,plaintiff,1,1,1.000000
Person,plainurl,1,2,0.500000
Person,plannedBy,1,1,1.000000
Person,platform,1,1,1.000000
Person,players,1,1,1.000000
Person,playersChampionship,1,1,1.000000
Person,playerStatus,1,1,1.000000
Person,playoffs,1,1,1.000000
Person,playsOutOf,1,1,1.000000
Person,pleasureTreasureVideo+AllSingleClips%3Cnowiki%3E,1,1,1.000000
Person,pllTeams,1,1,1.000000
Person,pmc,1,1,1.000000
Person,poinst,1,1,1.000000
Person,points8.,1,1,1.000000
Person,pojcourtesy,1,1,1.000000
Person,pojpen,1,1,1.000000
Person,police,1,1,1.000000
Person,politcalParty,1,1,1.000000
Person,political,1,1,1.000000
Person,politicalAffairsCommittee,1,1,1.000000
Person,poll2Final,1,2,0.500000
Person,poll2firstweek,1,1,1.000000
Person,poll3Final,1,1,1.000000
Person,poll4lastweek,1,1,1.000000
Person,poll4title,1,1,1.000000
Person,poll5lastweek,1,1,1.000000
Person,polls,1,1,1.000000
Person,populationDensityKm,1,1,1.000000
Person,posiciónTítulo,1,1,1.000000
Person,post7note,1,1,1.000000
Person,post9followed,1,1,1.000000
Person,post9preceded,1,1,1.000000
Person,post9years,1,1,1.000000
Person,postalCode,1,2,0.500000
Person,postcode,1,1,1.000000
Person,posteason,1,1,1.000000
Person,pov,1,1,1.000000
Person,pre16jun,1,7,0.142857
Person,preceeded,1,1,1.000000
Person,predcessor,1,1,1.000000
Person,predecesor,1,1,1.000000
Person,predecesso,1,1,1.000000
Person,predecessorAbbaTiga,1,1,1.000000
Person,predecssor,1,1,1.000000
Person,predescessor,1,1,1.000000
Person,prejudice,1,1,1.000000
Person,prenomenTranslation,1,1,1.000000
Person,presidents,1,4,0.250000
Person,pretitle,1,2,0.500000
Person,prevArcaPos,1,1,1.000000
Person,previousEditor,1,1,1.000000
Person,previousElection,1,1,1.000000
Person,previousOffices,1,1,1.000000
Person,previousOwner,1,1,1.000000
Person,previousowners,1,1,1.000000
Person,previousTeams,1,1,1.000000
Person,principalConductor,1,1,1.000000
Person,prior,1,1,1.000000
Person,proBeachVolleyball,1,1,1.000000
Person,proBeachVolleyballWins,1,1,1.000000
Person,proBeachVolleyballYears,1,1,1.000000
Person,productionCompanies,1,1,1.000000
Person,producttype,1,1,1.000000
Person,progression,1,1,1.000000
Person,promajors,1,74,0.013514
Person,promoter,1,1,1.000000
Person,proNumber,1,1,1.000000
Person,proof,1,1,1.000000
Person,proother,1,11,0.090909
Person,propellant,1,1,1.000000
Person,proportion,1,1,1.000000
Person,prosecutor,1,1,1.000000
Person,provincialteam,1,1,1.000000
Person,provincialyears,1,1,1.000000
Person,pt,1,1,1.000000
Person,pu,1,1,1.000000
Person,publicationDate,1,1,1.000000
Person,publications,1,1,1.000000
Person,publicSecurity,1,1,1.000000
Person,publicSecurityParty,1,1,1.000000
Person,publicSecurityStart,1,1,1.000000
Person,pushpinMap,1,1,1.000000
Person,pvFootnote,1,1,1.000000
Person,qq,1,1,1.000000
Person,quads,1,1,1.000000
Person,quarterly,1,3,0.333333
Person,questionspresented,1,1,1.000000
Person,r2votespercent,1,1,1.000000
Person,racesStarted,1,1,1.000000
Person,railroadName,1,1,1.000000
Person,rainbowSixClass,1,1,1.000000
Person,GrewUp,1,1,1.000000
Person,randomChance,1,1,1.000000
Person,range,1,1,1.000000
Person,rankin,1,1,1.000000
Person,rapporteur,1,1,1.000000
Person,raw,1,1,1.000000
Person,rcmShift,1,1,1.000000
Person,rd1Score1Agg,1,1,1.000000
Person,rd1Score2Agg,1,1,1.000000
Person,rd1Score3Agg,1,1,1.000000
Person,rd1Score4Agg,1,1,1.000000
Person,rd1Score5Agg,1,1,1.000000
Person,rd1Score6Agg,1,1,1.000000
Person,rd1Score7Agg,1,1,1.000000
Person,rd1Score8Agg,1,1,1.000000
Person,rd2Score1Agg,1,1,1.000000
Person,rd2Score2Agg,1,1,1.000000
Person,rd2Score3Agg,1,1,1.000000
Person,rd2Score4Agg,1,1,1.000000
Person,rd3Score1Agg,1,1,1.000000
Person,rd3Score2Agg,1,1,1.000000
Person,readon,1,1,1.000000
Person,readson,1,1,1.000000
Person,reasn,1,1,1.000000
Person,reasob,1,1,1.000000
Person,recLocation,1,1,1.000000
Person,recordingEngineer,1,1,1.000000
Person,refer,1,1,1.000000
Person,reflink,1,1,1.000000
Person,refn,1,1,1.000000
Person,regionalCupApps,1,1,1.000000
Person,regionalCupBest,1,1,1.000000
Person,regionalCupFirst,1,1,1.000000
Person,regionalName,1,1,1.000000
Person,regionServed,1,1,1.000000
Person,related,1,1,1.000000
Person,relation,1,1,1.000000
Person,relationshipStatus,1,1,1.000000
Person,relative(s),1,1,1.000000
Person,release,1,1,1.000000
Person,relStyle,1,1,1.000000
Person,remix,1,1,1.000000
Person,removeDate,1,1,1.000000
Person,replacement,1,1,1.000000
Person,replaces,1,1,1.000000
Person,repo,1,1,1.000000
Person,representative,1,1,1.000000
Person,representatives,1,1,1.000000
Person,resaon,1,1,1.000000
Person,resident,1,1,1.000000
Person,resting(Samadhi)Date,1,1,1.000000
Person,resting(Samadhi)Place,1,1,1.000000
Person,restored,1,1,1.000000
Person,resultDetails,1,1,1.000000
Person,retited,1,1,1.000000
Person,retured,1,1,1.000000
Person,reupupdate,1,1,1.000000
Person,rev3score,1,1,1.000000
Person,revenueYear,1,1,1.000000
Person,revisedromanization,1,1,1.000000
Person,revisedText,1,1,1.000000
Person,riders,1,1,1.000000
Person,ridersChamp,1,1,1.000000
Person,rifle,1,1,1.000000
Person,rights,1,3,0.333333
Person,rigType,1,1,1.000000
Person,rite,1,1,1.000000
Person,rivalrygame,1,1,1.000000
Person,rivalsArchiveUrl,1,1,1.000000
Person,rivalsUrl,1,2,0.500000
Person,rlds,1,9,0.111111
Person,rluChampionship,1,1,1.000000
Person,rmlTeam,1,1,1.000000
Person,role2Notes,1,1,1.000000
Person,role3Notes,1,1,1.000000
Person,role4Notes,1,1,1.000000
Person,role4Title,1,1,1.000000
Person,role4Year,1,1,1.000000
Person,role5Notes,1,1,1.000000
Person,role5Title,1,1,1.000000
Person,role5Year,1,1,1.000000
Person,role6Notes,1,1,1.000000
Person,role6Title,1,1,1.000000
Person,role6Year,1,1,1.000000
Person,roof,1,1,1.000000
Person,rosterUrl,1,1,1.000000
Person,row11At,1,1,1.000000
Person,row11Lift,1,1,1.000000
Person,row11Shift,1,1,1.000000
Person,row11Text,1,1,1.000000
Person,row11To,1,1,1.000000
Person,row121At,1,1,1.000000
Person,row12Style,1,1,1.000000
Person,row12To,1,1,1.000000
Person,row151At,1,1,1.000000
Person,row161At,1,1,1.000000
Person,row161Lift,1,1,1.000000
Person,row161Shift,1,1,1.000000
Person,row161Text,1,1,1.000000
Person,row16At,1,1,1.000000
Person,row16Lift,1,1,1.000000
Person,row16Text,1,1,1.000000
Person,row17At,1,1,1.000000
Person,row17Lift,1,1,1.000000
Person,row17Text,1,1,1.000000
Person,row18At,1,1,1.000000
Person,row18Lift,1,1,1.000000
Person,row18Text,1,1,1.000000
Person,row19At,1,1,1.000000
Person,row19Lift,1,1,1.000000
Person,row19Shift,1,1,1.000000
Person,row19Text,1,1,1.000000
Person,row1Style,1,1,1.000000
Person,row210From,1,1,1.000000
Person,row210Text,1,1,1.000000
Person,row210To,1,1,1.000000
Person,row21Color,1,1,1.000000
Person,row21Text,1,1,1.000000
Person,row22Color,1,1,1.000000
Person,row22Colour,1,1,1.000000
Person,row22From,1,1,1.000000
Person,row22Style,1,1,1.000000
Person,row23Color,1,1,1.000000
Person,row23Colour,1,1,1.000000
Person,row23From,1,1,1.000000
Person,row24Color,1,1,1.000000
Person,row24Text,1,1,1.000000
Person,row24To,1,1,1.000000
Person,row25Color,1,1,1.000000
Person,row25Text,1,1,1.000000
Person,row25To,1,1,1.000000
Person,row26From,1,1,1.000000
Person,row26Text,1,1,1.000000
Person,row26To,1,1,1.000000
Person,row27Colour,1,1,1.000000
Person,row27From,1,1,1.000000
Person,row27Text,1,1,1.000000
Person,row27To,1,1,1.000000
Person,row28Colour,1,1,1.000000
Person,row28From,1,1,1.000000
Person,row28Text,1,1,1.000000
Person,row28To,1,1,1.000000
Person,row29Colour,1,1,1.000000
Person,row29From,1,1,1.000000
Person,row29Text,1,1,1.000000
Person,row29To,1,1,1.000000
Person,row2Colour,1,1,1.000000
Person,row2Style,1,1,1.000000
Person,row312Colour,1,1,1.000000
Person,row312From,1,1,1.000000
Person,row312Text,1,1,1.000000
Person,row312To,1,1,1.000000
Person,row313From,1,1,1.000000
Person,row313To,1,1,1.000000
Person,row314Colour,1,1,1.000000
Person,row314From,1,1,1.000000
Person,row314Text,1,1,1.000000
Person,row314To,1,1,1.000000
Person,row315From,1,1,1.000000
Person,row315To,1,1,1.000000
Person,row316Colour,1,1,1.000000
Person,row316From,1,1,1.000000
Person,row316Text,1,1,1.000000
Person,row316To,1,1,1.000000
Person,row317From,1,1,1.000000
Person,row317To,1,1,1.000000
Person,row318Colour,1,1,1.000000
Person,row318From,1,1,1.000000
Person,row318Text,1,1,1.000000
Person,row318To,1,1,1.000000
Person,row319From,1,1,1.000000
Person,row319To,1,1,1.000000
Person,row31From,1,1,1.000000
Person,row320Colour,1,1,1.000000
Person,row320From,1,1,1.000000
Person,row320Text,1,1,1.000000
Person,row320To,1,1,1.000000
Person,row321Colour,1,1,1.000000
Person,row321From,1,1,1.000000
Person,row321Text,1,1,1.000000
Person,row321To,1,1,1.000000
Person,row322Colour,1,1,1.000000
Person,row322From,1,1,1.000000
Person,row322Text,1,1,1.000000
Person,row322To,1,1,1.000000
Person,row323From,1,1,1.000000
Person,row323To,1,1,1.000000
Person,row324Colour,1,1,1.000000
Person,row324From,1,1,1.000000
Person,row324Text,1,1,1.000000
Person,row324To,1,1,1.000000
Person,row325From,1,1,1.000000
Person,row325To,1,1,1.000000
Person,row326Colour,1,1,1.000000
Person,row326From,1,1,1.000000
Person,row326Text,1,1,1.000000
Person,row326To,1,1,1.000000
Person,row327From,1,1,1.000000
Person,row327To,1,1,1.000000
Person,row328Colour,1,1,1.000000
Person,row328From,1,1,1.000000
Person,row328Text,1,1,1.000000
Person,row328To,1,1,1.000000
Person,row32Colour,1,1,1.000000
Person,row32From,1,1,1.000000
Person,row32Style,1,1,1.000000
Person,row33From,1,1,1.000000
Person,row33To,1,1,1.000000
Person,row34Colour,1,1,1.000000
Person,row34From,1,1,1.000000
Person,row34Text,1,1,1.000000
Person,row34To,1,1,1.000000
Person,row35From,1,1,1.000000
Person,row35To,1,1,1.000000
Person,row3Bordertop,1,1,1.000000
Person,row3Colour,1,1,1.000000
Person,row3Height,1,1,1.000000
Person,row3Style,1,1,1.000000
Person,row41To,1,1,1.000000
Person,row42Style,1,1,1.000000
Person,row42Text,1,1,1.000000
Person,row42To,1,1,1.000000
Person,row4Style,1,1,1.000000
Person,row51To,1,1,1.000000
Person,row52Style,1,1,1.000000
Person,row52Text,1,1,1.000000
Person,row52To,1,1,1.000000
Person,row5Style,1,1,1.000000
Person,heritage,1,1,1.000000
Person,rpCoordinates,1,1,1.000000
Person,rtitle,1,1,1.000000
Person,rtl,1,1,1.000000
Person,ru,1,164,0.006098
Person,ruAppearancesh,1,2,0.500000
Person,rubrik,1,10,0.100000
Person,ruCoachdrawse,1,1,1.000000
Person,ruCoachgamese,1,1,1.000000
Person,ruCoachlossese,1,1,1.000000
Person,ruCoachwinse,1,1,1.000000
Person,ruCoachyear4end,1,1,1.000000
Person,ruCoachyear6end,1,1,1.000000
Person,ruCoachyear6start,1,1,1.000000
Person,ruCoachyear7end,1,1,1.000000
Person,ruCoachyear7start,1,1,1.000000
Person,ruCoachyear8end,1,1,1.000000
Person,ruCoachyear8start,1,1,1.000000
Person,ruCoachyear9end,1,1,1.000000
Person,ruCoachyear9start,1,1,1.000000
Person,ruCons,1,1,1.000000
Person,ruDropgoals,1,1,1.000000
Person,ruFieldgoalsg,1,8,0.125000
Person,ruGoalsh,1,2,0.500000
Person,ruledUntil,1,1,1.000000
Person,ruling,1,1,1.000000
Person,ruPens,1,1,1.000000
Person,ruSevensnationalpoints,1,1,1.000000
Person,russianleague,1,1,1.000000
Person,ruTriesh,1,2,0.500000
Person,ruYear10end,1,1,1.000000
Person,ruYear11start,1,1,1.000000
Person,ruYeargend,1,1,1.000000
Person,s2cid,1,1,1.000000
Person,sailplan,1,1,1.000000
Person,saLatn,1,1,1.000000
Person,sample,1,1,1.000000
Person,satelliten,1,1,1.000000
Person,satellitew,1,1,1.000000
Person,savateBoxe,1,1,1.000000
Person,savateKowin,1,1,1.000000
Person,savateLoss,1,1,1.000000
Person,savateWin,1,1,1.000000
Person,sbkBestPosition,1,1,1.000000
Person,schedule,1,1,1.000000
Person,scoring,1,1,1.000000
Person,scoringLeader,1,1,1.000000
Person,scotch,1,1,1.000000
Person,scottishOpen,1,1,1.000000
Person,scoutArchivedate,1,1,1.000000
Person,scoutArchiveUrl,1,1,1.000000
Person,scoutUrl,1,2,0.500000
Person,screenn,1,1,1.000000
Person,screenw,1,1,1.000000
Person,screenwriter,1,1,1.000000
Person,scribe(s),1,1,1.000000
Person,scripture,1,1,1.000000
Person,sealWidth,1,2,0.500000
Person,seamheads,1,1,1.000000
Person,searchedIt,1,1,1.000000
Person,season102ptGoals,1,1,1.000000
Person,season10PlayoffLoss,1,3,0.333333
Person,season10PlayoffSeconds,1,1,1.000000
Person,season10PlayoffWins,1,1,1.000000
Person,season112ptGoals,1,1,1.000000
Person,season11PlayoffLoss,1,3,0.333333
Person,season11PlayoffShots,1,1,1.000000
Person,season11PlayoffWins,1,1,1.000000
Person,season122ptGoals,1,1,1.000000
Person,season12PlayoffGroundBalls,1,2,0.500000
Person,season12PlayoffLoss,1,2,0.500000
Person,season12PlayoffSeconds,1,1,1.000000
Person,season12PlayoffShots,1,1,1.000000
Person,season12PlayoffWins,1,1,1.000000
Person,season12PointsGoals,1,1,1.000000
Person,season13FaceoffsAtt,1,1,1.000000
Person,season14Shots,1,1,1.000000
Person,season15GroundBalls,1,1,1.000000
Person,season15PlayoffLoss,1,1,1.000000
Person,season15PlayoffSeconds,1,1,1.000000
Person,season15PlayoffWins,1,1,1.000000
Person,season16PlayoffPenaltyMinutes,1,4,0.250000
Person,season18PlayoffGoalsAgainst,1,1,1.000000
Person,season18PlayoffLoss,1,1,1.000000
Person,season18PlayoffMinutes,1,1,1.000000
Person,season18PlayoffSaves,1,1,1.000000
Person,season18PlayoffSeconds,1,1,1.000000
Person,season18PlayoffWins,1,1,1.000000
Person,season18Wins,1,1,1.000000
Person,season19PlayoffLoss,1,1,1.000000
Person,season19PlayoffPenaltyMinutes,1,1,1.000000
Person,season19PlayoffSaves,1,1,1.000000
Person,season19PlayoffWins,1,1,1.000000
Person,season1PlayoffPoints,1,1,1.000000
Person,season1Points,1,1,1.000000
Person,season1Turnovers,1,1,1.000000
Person,season20GoalsAgainst,1,1,1.000000
Person,season20Loss,1,1,1.000000
Person,season20Minutes,1,1,1.000000
Person,season20PlayoffGamesPlayed,1,2,0.500000
Person,season20Saves,1,1,1.000000
Person,season20Seconds,1,1,1.000000
Person,season21GoalsAgainst,1,1,1.000000
Person,season21Loss,1,1,1.000000
Person,season21Minutes,1,1,1.000000
Person,season21PlayoffGoals,1,2,0.500000
Person,season21Saves,1,1,1.000000
Person,season21Seconds,1,1,1.000000
Person,season21Team,1,2,0.500000
Person,season22PlayoffAssists,1,1,1.000000
Person,season22PlayoffGamesPlayed,1,1,1.000000
Person,season22PlayoffGoals,1,1,1.000000
Person,season22PlayoffLooseBalls,1,1,1.000000
Person,season22Team,1,1,1.000000
Person,season23GamesPlayed,1,2,0.500000
Person,season23PlayoffAssists,1,1,1.000000
Person,season23PlayoffGoals,1,1,1.000000
Person,season23PlayoffPenaltyMinutes,1,1,1.000000
Person,season23Team,1,1,1.000000
Person,season24Assists,1,1,1.000000
Person,season24GamesPlayed,1,1,1.000000
Person,season24Goals,1,1,1.000000
Person,season24LooseBalls,1,1,1.000000
Person,season24PenaltyMinutes,1,1,1.000000
Person,season24PlayoffAssists,1,1,1.000000
Person,season24PlayoffGamesPlayed,1,1,1.000000
Person,season24PlayoffLooseBalls,1,1,1.000000
Person,season24TeamLink,1,1,1.000000
Person,season24Year,1,1,1.000000
Person,season2Assist,1,1,1.000000
Person,season2FaceoffsAttempted,1,1,1.000000
Person,season2PlayoffFaceoffsAttempted,1,1,1.000000
Person,season2PlayoffWins,1,2,0.500000
Person,season2Points,1,1,1.000000
Person,season3Assist,1,1,1.000000
Person,season3PlayoffLoss,1,5,0.200000
Person,season3Points,1,1,1.000000
Person,season4Playoff2ptGoals,1,2,0.500000
Person,season4PlayoffPenalties,1,2,0.500000
Person,season4PlayoffPoints,1,1,1.000000
Person,season4Points,1,1,1.000000
Person,season5Playoff2ptGoals,1,1,1.000000
Person,season5PlayoffLoss,1,7,0.142857
Person,season5Points,1,1,1.000000
Person,season6Playoff2ptGoals,1,1,1.000000
Person,season6PlayoffLoss,1,6,0.166667
Person,season6Points,1,1,1.000000
Person,season7League,1,2,0.500000
Person,season7PlayoffFaceoffsAtt,1,1,1.000000
Person,season7PlayoffFaceoffsWon,1,1,1.000000
Person,season82ptGoals,1,3,0.333333
Person,season8FaceoffsAtt,1,1,1.000000
Person,season8Penalties,1,1,1.000000
Person,season8PlayoffShots,1,1,1.000000
Person,season9Playoff2ptGoals,1,1,1.000000
Person,seats7Title,1,1,1.000000
Person,secConferenceRegularSeason,1,1,1.000000
Person,secondFlagvar,1,1,1.000000
Person,secondlanguage,1,1,1.000000
Person,secondround,1,1,1.000000
Person,secretaries,1,4,0.250000
Person,secretaryGeneral,1,1,1.000000
Person,seeds,1,1,1.000000
Person,senior,1,14,0.071429
Person,sep,1,4,0.250000
Person,branch,1,1,1.000000
Person,serviceYearsLabel,1,1,1.000000
Person,servingWith,1,1,1.000000
Person,set,1,1,1.000000
Person,settlementType,1,1,1.000000
Person,sf,1,1,1.000000
Person,sha,1,1,1.000000
Person,shapeColord,1,5,0.200000
Person,shaped,1,5,0.200000
Person,shapeOutlined,1,5,0.200000
Person,shaper,1,1,1.000000
Person,shapers,1,1,1.000000
Person,shieldnumber,1,1,1.000000
Person,shipAcquired,1,1,1.000000
Person,shipBuilder,1,1,1.000000
Person,shipCaption,1,1,1.000000
Person,shipCompleted,1,1,1.000000
Person,shipCrew,1,1,1.000000
Person,shipDisplacement,1,1,1.000000
Person,shipLaunched,1,1,1.000000
Person,shipName,1,1,1.000000
Person,shipNamesake,1,1,1.000000
Person,shipNotes,1,1,1.000000
Person,shipOperator,1,1,1.000000
Person,shipOutOfService,1,1,1.000000
Person,shipOwner,1,1,1.000000
Person,shipPower,1,1,1.000000
Person,shipPropulsion,1,2,0.500000
Person,shipRenamed,1,1,1.000000
Person,shipSailPlan,1,1,1.000000
Person,shipTonnage,1,1,1.000000
Person,shoot,1,1,1.000000
Person,shortlist,1,1,1.000000
Person,shots,1,1,1.000000
Person,showArchitect,1,32,0.031250
Person,showArtist,1,36,0.027778
Person,showCaption,1,1,1.000000
Person,showdate,1,2,0.500000
Person,showImg,1,1,1.000000
Person,showlang,1,1,1.000000
Person,showLanguage,1,5,0.200000
Person,showListed,1,1,1.000000
Person,showorder,1,4,0.250000
Person,showOwner,1,35,0.028571
Person,showrunner,1,1,1.000000
Person,showTimeslot,1,1,1.000000
Person,sibling(s),1,1,1.000000
Person,siblings.,1,1,1.000000
Person,sights,1,1,1.000000
Person,signers,1,1,1.000000
Person,significance,1,1,1.000000
Person,siLatn,1,1,1.000000
Person,silverGer,1,1,1.000000
Person,silvernoc,1,1,1.000000
Person,silverSar,1,1,1.000000
Person,silverUsa,1,1,1.000000
Person,simp,1,1,1.000000
Person,single10date,1,1,1.000000
Person,single11date,1,1,1.000000
Person,single12date,1,1,1.000000
Person,single13date,1,1,1.000000
Person,single14date,1,1,1.000000
Person,single15date,1,1,1.000000
Person,single16date,1,1,1.000000
Person,single17date,1,1,1.000000
Person,single18date,1,1,1.000000
Person,single6date,1,1,1.000000
Person,single7date,1,1,1.000000
Person,single8date,1,1,1.000000
Person,single9date,1,1,1.000000
Person,singlesTitles,1,1,1.000000
Person,sitename,1,1,1.000000
Person,skhanja,1,1,1.000000
Person,soaringstars,1,7,0.142857
Person,social,1,1,1.000000
Person,socialMedia,1,1,1.000000
Person,soleExampleOfType%3F,1,1,1.000000
Person,sons,1,1,1.000000
Person,souln,1,2,0.500000
Person,soulw,1,2,0.500000
Person,sovereigntyType,1,1,1.000000
Person,space,1,4,0.250000
Person,spanish,1,3,0.333333
Person,spans,1,1,1.000000
Person,splitFrom,1,1,1.000000
Person,spokenstyle,1,1,1.000000
Person,sponsorship,1,1,1.000000
Person,sportId,1,1,1.000000
Person,sportingCareer,1,1,1.000000
Person,spouse.,1,1,1.000000
Person,spouseAndKids,1,1,1.000000
Person,spouseWife,1,1,1.000000
Person,stack,1,4,0.250000
Person,staffWriter,1,1,1.000000
Person,stageName,1,1,1.000000
Person,stan,1,1,1.000000
Person,stanleyCupChampion,1,1,1.000000
Person,star,1,2,0.500000
Person,startDateAndEndDate,1,1,1.000000
Person,startedby,1,1,1.000000
Person,startmo,1,1,1.000000
Person,startyr,1,1,1.000000
Person,stat28label,1,1,1.000000
Person,stat28value,1,1,1.000000
Person,state2SeatsName,1,1,1.000000
Person,stateHeadTitle,1,1,1.000000
Person,stateOfOrigin,1,1,1.000000
Person,statistics,1,1,1.000000
Person,statusText,1,1,1.000000
Person,stepmother,1,1,1.000000
Person,styledefault1Border,1,1,1.000000
Person,styledefaultHeight,1,1,1.000000
Person,stylemarriageBorder,1,1,1.000000
Person,stylemarriageBoxcolour,1,1,1.000000
Person,subdivision,1,1,1.000000
Person,subdivisionArea,1,1,1.000000
Person,subdivisionIso,1,1,1.000000
Person,subGrouping,1,1,1.000000
Person,subid,1,1,1.000000
Person,submissions,1,1,1.000000
Person,subpage,1,1,1.000000
Person,subsections,1,3,0.333333
Person,substed,1,421,0.002375
Person,subunits,1,1,1.000000
Person,sucat,1,1,1.000000
Person,succcessor,1,1,1.000000
Person,succeded,1,1,1.000000
Person,successor1ToLast,1,1,1.000000
Person,succsessor,1,1,1.000000
Person,suiIurisChurch,1,1,1.000000
Person,supermotoChampionships,1,1,1.000000
Person,superSectors,1,1,1.000000
Person,surnameNihongo,1,1,1.000000
Person,swedishleague,1,1,1.000000
Person,sworn,1,1,1.000000
Person,swornTypeLabel,1,1,1.000000
Person,symbolType,1,1,1.000000
Person,syndicates,1,2,0.500000
Person,system,1,1,1.000000
Person,tablets,1,4,0.250000
Person,tablewidth,1,1,1.000000
Person,taiwanese,1,1,1.000000
Person,taLatn,1,1,1.000000
Person,tam,1,1,1.000000
Person,tan,1,24,0.041667
Person,taxon,1,1,1.000000
Person,tdhl,1,1,1.000000
Person,teamcolors,1,1,1.000000
Person,teamcstart,1,1,1.000000
Person,teamid,1,1,1.000000
Person,teamname,1,2,0.500000
Person,teamTitles,1,1,1.000000
Person,televisionSeries,1,1,1.000000
Person,term10d,1,1,1.000000
Person,term11f,1,1,1.000000
Person,term11g,1,1,1.000000
Person,term11h,1,1,1.000000
Person,term12c,1,1,1.000000
Person,term13c,1,1,1.000000
Person,term13d,1,1,1.000000
Person,term13e,1,1,1.000000
Person,term15c,1,1,1.000000
Person,term15d,1,1,1.000000
Person,term15e,1,1,1.000000
Person,term16d,1,1,1.000000
Person,term16e,1,1,1.000000
Person,term16f,1,1,1.000000
Person,term16g,1,1,1.000000
Person,term17d,1,1,1.000000
Person,term18d,1,1,1.000000
Person,term1e,1,1,1.000000
Person,term1End,1,1,1.000000
Person,term1f,1,1,1.000000
Person,term1g,1,1,1.000000
Person,term1Start,1,1,1.000000
Person,term22c,1,1,1.000000
Person,term22d,1,1,1.000000
Person,term2f,1,1,1.000000
Person,term2g,1,1,1.000000
Person,term4e,1,1,1.000000
Person,term4f,1,1,1.000000
Person,term4g,1,1,1.000000
Person,term4h,1,1,1.000000
Person,term4i,1,1,1.000000
Person,term4j,1,1,1.000000
Person,term5c,1,1,1.000000
Person,term6c,1,1,1.000000
Person,term7d,1,1,1.000000
Person,term7e,1,1,1.000000
Person,termecessor,1,1,1.000000
Person,termEnd.,1,1,1.000000
Person,termEnd2.,1,1,1.000000
Person,termStart.,1,1,1.000000
Person,teste,1,1,1.000000
Person,testsb,1,1,1.000000
Person,textAlign,1,3,0.333333
Person,textBackground,1,1,1.000000
Person,theatre,1,1,1.000000
Person,thecrag,1,1,1.000000
Person,themeMusicComposer,1,1,1.000000
Person,thesisWork,1,1,1.000000
Person,thirdFlagvar,1,1,1.000000
Person,ti,1,1,1.000000
Person,tiber,1,1,1.000000
Person,timeslotLength,1,1,1.000000
Person,title(s),1,1,1.000000
Person,title1wins,1,1,1.000000
Person,title2wins,1,1,1.000000
Person,titlealign,1,2,0.500000
Person,titleBackground,1,1,1.000000
Person,titleColor,1,1,1.000000
Person,titlecount,1,1,1.000000
Person,titlesPsa,1,1,1.000000
Person,titre,1,1,1.000000
Person,tlcourtesy,1,1,1.000000
Person,tlpen,1,1,1.000000
Person,today,1,4,0.250000
Person,toi,1,1,1.000000
Person,toll,1,1,1.000000
Person,ton.%3Cnowiki%3E,1,1,1.000000
Person,top,1,1,1.000000
Person,topics,1,1,1.000000
Person,topimage,1,9,0.111111
Person,totalFatalities,1,1,1.000000
Person,totalHeight,1,1,1.000000
Person,totalInjuries,1,1,1.000000
Person,totalvotes,1,1,1.000000
Person,townNoteMarker,1,4,0.250000
Person,trad,1,1,1.000000
Person,tradingName,1,1,1.000000
Person,trainer(s),1,1,1.000000
Person,trainingLocation,1,1,1.000000
Person,translatorFirst,1,1,1.000000
Person,translatorLast,1,1,1.000000
Person,translitLang,1,1,1.000000
Person,transmissionType,1,1,1.000000
Person,treatise,1,1,1.000000
Person,trg,1,1,1.000000
Person,triangle,1,1,1.000000
Person,triangleColor,1,1,1.000000
Person,tribute,1,2,0.500000
Person,tricks,1,1,1.000000
Person,trs,1,1,1.000000
Person,ts,1,1,1.000000
Person,tt,1,1,1.000000
Person,ttLapRecords,1,1,1.000000
Person,ttsContested,1,1,1.000000
Person,turnovers,1,1,1.000000
Person,twitter,1,1,1.000000
Person,txt,1,1,1.000000
Person,typ,1,1,1.000000
Person,typeObj,1,1,1.000000
Person,typeOfDeath,1,1,1.000000
Person,tyres,1,1,1.000000
Person,u21NationalTeam,1,1,1.000000
Person,ukOpenQualifiers,1,1,1.000000
Person,ume,1,1,1.000000
Person,umpstatsend,1,1,1.000000
Person,unforcedErrors,1,1,1.000000
Person,union,1,1,1.000000
Person,unipartBritishProfessional,1,1,1.000000
Person,unitPref,1,1,1.000000
Person,upadated,1,1,1.000000
Person,updatedReason,1,1,1.000000
Person,uploadDesc,1,1,1.000000
Person,urlName,1,1,1.000000
Person,usAnnouncers,1,1,1.000000
Person,usdgc,1,1,1.000000
Person,usedBy,1,1,1.000000
Person,useNewUkLeg,1,1,1.000000
Person,ushockeyhalloffame,1,1,1.000000
Person,usLaxHof,1,1,1.000000
Person,usopenseniorresult,1,1,1.000000
Person,uwlxDraft,1,1,1.000000
Person,uwlxDraftTeam,1,1,1.000000
Person,uwlxDraftYear,1,1,1.000000
Person,uyy,1,1,1.000000
Person,valign,1,1,1.000000
Person,vb,1,1,1.000000
Person,venetianDeepstackPlayerOfSeriesAwards,1,1,1.000000
Person,venetianDeepstackWins,1,1,1.000000
Person,venues,1,1,1.000000
Person,verticalNote,1,1,1.000000
Person,vice,1,1,1.000000
Person,vicepresidentLink,1,1,1.000000
Person,vicePresidents,1,1,1.000000
Person,viceTitle,1,1,1.000000
Person,viewersr,1,1,1.000000
Person,viewersType,1,1,1.000000
Person,virgenDeLosTreintaYTres♀4date,1,1,1.000000
Person,visitorCoach,1,1,1.000000
Person,visitorNameShort,1,1,1.000000
Person,visitorNickname,1,1,1.000000
Person,visitorRecord,1,1,1.000000
Person,visitorSchool,1,1,1.000000
Person,vocation,1,1,1.000000
Person,vodka,1,1,1.000000
Person,voiume,1,1,1.000000
Person,votes12Percentage,1,1,1.000000
Person,votes1Percentage,1,1,1.000000
Person,votes22Percentage,1,1,1.000000
Person,votes2Percentage,1,1,1.000000
Person,votes3Percentage,1,1,1.000000
Person,votes4Percentage,1,1,1.000000
Person,votesIe,1,1,1.000000
Person,voySearch,1,1,1.000000
Person,waist,1,1,1.000000
Person,washim,1,1,1.000000
Person,wcraces,1,1,1.000000
Person,wcraceswithrelays,1,1,1.000000
Person,wd,1,1,1.000000
Person,wdf.,1,1,1.000000
Person,wdfWorldCup,1,1,1.000000
Person,wearables,1,4,0.250000
Person,weightCutFrom,1,1,1.000000
Person,weightLibras,1,1,1.000000
Person,weightOrder,1,10,0.100000
Person,wf,1,17,0.058824
Person,what,1,3,0.333333
Person,when,1,1,1.000000
Person,whiskey,1,1,1.000000
Person,whs,1,1,1.000000
Person,why,1,1,1.000000
Person,widthLeft,1,2,0.500000
Person,widthRight,1,2,0.500000
Person,widthUnits,1,14,0.071429
Person,wikiname,1,1,1.000000
Person,wing1Title,1,1,1.000000
Person,winLabel,1,1,1.000000
Person,winners,1,1,1.000000
Person,winnersFlagvar,1,1,1.000000
Person,winValue,1,1,1.000000
Person,witdh,1,1,1.000000
Person,withtitle,1,8,0.125000
Person,woodbody,1,2,0.500000
Person,workplace,1,1,1.000000
Person,worldChampion35+,1,1,1.000000
Person,worldChampionship,1,1,1.000000
Person,worldChampionships,1,1,1.000000
Person,worldCupApps,1,1,1.000000
Person,worldCupBest,1,1,1.000000
Person,worldCupFirst,1,1,1.000000
Person,worldDoublesMen,1,1,1.000000
Person,worldRanking,1,1,1.000000
Person,worldsType,1,1,1.000000
Person,worldteamcupresult,1,1,1.000000
Person,worldwcrActiveYears,1,6,0.166667
Person,worldwcrChampionships,1,1,1.000000
Person,worldwcrLastSeason,1,6,0.166667
Person,worldwcrManufacturers,1,4,0.250000
Person,wq,1,17,0.058824
Person,wr,1,91,0.010989
Person,writert,1,1,1.000000
Person,writing,1,1,1.000000
Person,written,1,1,1.000000
Person,wsopCircuitFinalTables,1,1,1.000000
Person,wsopCircuitMoneyFinishes,1,1,1.000000
Person,wsopCircuitTitles,1,1,1.000000
Person,wsopEarnings,1,1,1.000000
Person,wsopFinalTable,1,1,1.000000
Person,wsopMainEvenBestFinishRank,1,1,1.000000
Person,wsopMainEventHighestFinishRank,1,1,1.000000
Person,wsopMainEventMostTimesInTheMoney,1,1,1.000000
Person,wsopMeanings,1,1,1.000000
Person,wsopMoneyFinish(es),1,1,1.000000
Person,wuth,1,1,1.000000
Person,wwe,1,1,1.000000
Person,wwwArchive,1,1,1.000000
Person,xc,1,1,1.000000
Person,xmax,1,1,1.000000
Person,year0start,1,2,0.500000
Person,year17start,1,1,1.000000
Person,year18start,1,1,1.000000
Person,year19start,1,1,1.000000
Person,yearActive,1,2,0.500000
Person,yearas,1,1,1.000000
Person,yearhend,1,1,1.000000
Person,yearInSchool,1,1,1.000000
Person,yearOfPulication,1,1,1.000000
Person,yearOfThesis,1,1,1.000000
Person,years5.,1,1,1.000000
Person,yearsActice,1,1,1.000000
Person,yearsInUse,1,1,1.000000
Person,yeras,1,1,1.000000
Person,ymax,1,1,1.000000
Person,youthclubss,1,1,1.000000
Person,yp,1,1,1.000000
Person,yr.%3Cnowiki%3E,1,1,1.000000
Person,zeecinen,1,1,1.000000
Person,zeecinew,1,1,1.000000
Person,zhDungan,1,1,1.000000
Person,zipcode,1,1,1.000000
Person,ইউআরএল,1,1,1.000000
Person,তারিখ,1,1,1.000000
Person,お楽しみ秘蔵ビデオ+全シングルクリップ%3Cnowiki%3E,1,1,1.000000
Species,ageRange,1,1,1.000000
Species,album,1,1,1.000000
Species,bronzeMedalist,1,1,1.000000
Species,championships,1,495,0.002020
Species,cinematography,1,1,1.000000
Species,circulation,1,1,1.000000
Species,closingYear,1,1,1.000000
Species,dcc,1,1,1.000000
Species,games,1,1,1.000000
Species,goldMedalist,1,1,1.000000
Species,gross,1,1,1.000000
Species,incumbent,1,1,1.000000
Species,internationalAffiliation,1,1,1.000000
Species,issn,1,1,1.000000
Species,keyPerson,1,1,1.000000
Species,leader,1,1,1.000000
Species,locationCity,1,1,1.000000
Species,locationCountry,1,1,1.000000
Species,museum,1,1,1.000000
Species,musicType,1,1,1.000000
Species,networth,1,1,1.000000
Species,nextEvent,1,1,1.000000
Species,nominee,1,1,1.000000
Species,numberOfLocations,1,1,1.000000
Species,numberOfSeasons,1,1,1.000000
Species,officialSchoolColour,1,1,1.000000
Species,openingTheme,1,1,1.000000
Species,poles,1,496,0.002016
Species,presenter,1,1,1.000000
Species,previousEditor,1,1,1.000000
Species,previousEvent,1,1,1.000000
Species,publicationDate,1,1,1.000000
Species,seniority,1,2,0.500000
Species,silverMedalist,1,1,1.000000
Species,splitFromParty,1,1,1.000000
Species,stateDelegate,1,1,1.000000
Species,subsequentWork,1,1,1.000000
Species,!p,1,1,1.000000
Species,''otanoshimiHizōVideo+ZenSingleClip%3Cnowiki%3E,1,1,1.000000
Species,(as,1,1,1.000000
Species,(points),1,1,1.000000
Species,%3Ep,1,1,1.000000
Species,%3Cnowiki%3Eengine,1,1,1.000000
Species,%3Csmall%3E%3CspanStyle,1,1,1.000000
Species,%5CBefore,1,1,1.000000
Species,†,1,1,1.000000
Species,0integer,1,1,1.000000
Species,10p,1,1,1.000000
Species,11a,1,1,1.000000
Species,11y,1,1,1.000000
Species,18thMana,1,1,1.000000
Species,1name,1,1,1.000000
Species,1note,1,1,1.000000
Species,1p&nbsp;p,1,1,1.000000
Species,1stReading,1,1,1.000000
Species,2004Icapps(points),1,1,1.000000
Species,2006CaribbeanRotaxMaxSr.ChampeonUpdated,1,1,1.000000
Species,85BirthPlace,1,1,1.000000
Species,247sports,1,1,1.000000
Species,2ndReading,1,1,1.000000
Species,2pages,1,1,1.000000
Species,2ref,1,1,1.000000
Species,2split,1,1,1.000000
Species,1987Sport,1,1,1.000000
Species,32a,1,1,1.000000
Species,3a1a,1,1,1.000000
Species,3fpp,1,1,1.000000
Species,3ppp,1,1,1.000000
Species,3rd,1,1,1.000000
Species,3rdReadingAbstention,1,2,0.500000
Species,3split,1,1,1.000000
Species,4loc,1,1,1.000000
Species,4split,1,1,1.000000
Species,5’9”TallPlays,1,1,1.000000
Species,500Championships,1,6,0.166667
Species,50FastestLaps,1,2,0.500000
Species,50Podiums,1,2,0.500000
Species,50Poles,1,2,0.500000
Species,50RaceWins,1,2,0.500000
Species,5loc,1,1,1.000000
Species,80ActiveYears,1,1,1.000000
Species,80Championships,1,1,1.000000
Species,80FastestLaps,1,1,1.000000
Species,80LastPosition,1,1,1.000000
Species,80LastSeason,1,1,1.000000
Species,80Podiums,1,1,1.000000
Species,80Poles,1,1,1.000000
Species,80RaceStarts,1,1,1.000000
Species,80RaceWins,1,1,1.000000
Species,80TotalPoints,1,1,1.000000
Species,9pp,1,1,1.000000
Species,aboutself,1,8,0.125000
Species,absence,1,3,0.333333
Species,academyn,1,1,1.000000
Species,academyw,1,1,1.000000
Species,accreditation,1,1,1.000000
Species,achieveDate,1,1,1.000000
Species,acronym,1,1,1.000000
Species,action,1,3,0.333333
Species,activeYears,1,1,1.000000
Species,activitySector,1,1,1.000000
Species,adirectorOfIntergovernmentalAffairsEnd,1,1,1.000000
Species,administrator,1,1,1.000000
Species,af,1,8,0.125000
Species,aflBehinds,1,1,1.000000
Species,aflClub,1,1,1.000000
Species,aflPoints,1,1,1.000000
Species,afterAs,1,1,1.000000
Species,afternote,1,1,1.000000
Species,afterParty,1,2,0.500000
Species,agencyname,1,1,1.000000
Species,ageRange,1,1,1.000000
Species,ages,1,1,1.000000
Species,agricultureDate,1,1,1.000000
Species,alanine,1,1,1.000000
Species,album13Formats,1,1,1.000000
Species,album14Formats,1,1,1.000000
Species,album15Formats,1,1,1.000000
Species,album15Label,1,1,1.000000
Species,album15Releasedate,1,1,1.000000
Species,album16Formats,1,1,1.000000
Species,album16Label,1,1,1.000000
Species,album16Releasedate,1,1,1.000000
Species,album17Formats,1,1,1.000000
Species,album17Label,1,1,1.000000
Species,album17Releasedate,1,1,1.000000
Species,album18Formats,1,1,1.000000
Species,album18Label,1,1,1.000000
Species,album18Releasedate,1,1,1.000000
Species,album19Formats,1,1,1.000000
Species,album19Label,1,1,1.000000
Species,album19Releasedate,1,1,1.000000
Species,allblackid,1,1,1.000000
Species,allDates,1,1,1.000000
Species,allmusic,1,1,1.000000
Species,allowtoc,1,1,1.000000
Species,allStarNomination,1,1,1.000000
Species,allstarsf,1,1,1.000000
Species,allstarsh,1,1,1.000000
Species,alltimerecord,1,1,1.000000
Species,alone,1,10,0.100000
Species,alongWith,1,1,1.000000
Species,alphacaroteneUg,1,1,1.000000
Species,alt.,1,1,1.000000
Species,alternateNames,1,1,1.000000
Species,altitude,1,1,1.000000
Species,altLink,1,1,1.000000
Species,alumni,1,1,1.000000
Species,amaActiveYears,1,1,1.000000
Species,amaChampionships,1,1,1.000000
Species,amaManufacturers,1,1,1.000000
Species,amasbFastestLaps,1,1,1.000000
Species,amasbPodiums,1,1,1.000000
Species,amasbTotalPoints,1,1,1.000000
Species,amaSuperbikeChampionships,1,1,1.000000
Species,amateurClubs,1,1,1.000000
Species,amateurTeams,1,1,1.000000
Species,amatreps,1,1,1.000000
Species,amBoxLoss,1,1,1.000000
Species,amBoxWin,1,1,1.000000
Species,amdraws,1,1,1.000000
Species,amkolosses,1,1,1.000000
Species,amkowins,1,1,1.000000
Species,amlabel,1,1,1.000000
Species,amlosses,1,1,1.000000
Species,amwins,1,1,1.000000
Species,ancestorArts,1,1,1.000000
Species,animation,1,1,1.000000
Species,annotColor,1,1,1.000000
Species,annotTextAlign,1,1,1.000000
Species,announcer,1,1,1.000000
Species,anthem,1,1,1.000000
Species,antlTeam,1,1,1.000000
Species,aoifeColemanCounty,1,1,1.000000
Species,appearance,1,1,1.000000
Species,appearancesInFifaFutsalWorldCup,1,1,1.000000
Species,appearancesInUefaFutsalEuro,1,1,1.000000
Species,apperances,1,1,1.000000
Species,appointerq,1,1,1.000000
Species,appointingAuthority,1,2,0.500000
Species,appointment,1,1,1.000000
Species,appoll,1,1,1.000000
Species,aptTitles,1,2,0.500000
Species,arabic,1,1,1.000000
Species,archbishopname,1,1,1.000000
Species,archipelago,1,1,1.000000
Species,architectureFirm,1,1,1.000000
Species,archivebot,1,1,1.000000
Species,archiveDates,1,1,1.000000
Species,archiveStatus,1,1,1.000000
Species,areaCode,1,1,1.000000
Species,areasServed,1,1,1.000000
Species,areaTotalKm,1,1,1.000000
Species,arginine,1,1,1.000000
Species,arguedate,1,1,1.000000
Species,argueyear,1,1,1.000000
Species,arrangedBy,1,1,1.000000
Species,arrestingAuthority,1,1,1.000000
Species,artist.,1,1,1.000000
Species,"artistBiographiesForBruceAndNormanYonemoto(i.a.3165)IsInTheMuseum'sGeneralExhibitionDocumentation,Title",1,1,1.000000
Species,artiste,1,1,1.000000
Species,asa,1,1,1.000000
Species,asbkActiveYears,1,1,1.000000
Species,asbkChampionships,1,1,1.000000
Species,asbkFastestLaps,1,1,1.000000
Species,asbkPodiums,1,1,1.000000
Species,asbkPoles,1,1,1.000000
Species,asbkRaceStarts,1,1,1.000000
Species,asbkRaceWins,1,1,1.000000
Species,asbkTotalPoints,1,1,1.000000
Species,asdukeOf,1,3,0.333333
Species,ash,1,1,1.000000
Species,asiaPacificInternational,1,2,0.500000
Species,aSide,1,1,1.000000
Species,asKnownAs,1,1,1.000000
Species,asofdate,1,1,1.000000
Species,aspan,1,1,1.000000
Species,asparticAcid,1,1,1.000000
Species,assActiveYears,1,1,1.000000
Species,assChampionships,1,1,1.000000
Species,assFastestLaps,1,1,1.000000
Species,assLastSeason,1,1,1.000000
Species,assManufacturers,1,1,1.000000
Species,associate2End,1,1,1.000000
Species,associate2Start,1,1,1.000000
Species,associateEnd,1,1,1.000000
Species,associateStart,1,1,1.000000
Species,assPodiums,1,1,1.000000
Species,assPoles,1,1,1.000000
Species,assRaceStarts,1,1,1.000000
Species,assRaceWins,1,1,1.000000
Species,asstManager,1,1,1.000000
Species,assTotalPoints,1,1,1.000000
Species,astyle,1,4,0.250000
Species,athleticsName,1,1,1.000000
Species,atl,1,1,1.000000
Species,grandPrixResults,1,1,1.000000
Species,attemptedFix,1,1,1.000000
Species,audioReadBy,1,1,1.000000
Species,australianSuperbikeChampionships,1,1,1.000000
Species,author1link,1,1,1.000000
Species,author2link,1,1,1.000000
Species,author4Link,1,1,1.000000
Species,author5Link,1,1,1.000000
Species,author6Link,1,1,1.000000
Species,author7Link,1,1,1.000000
Species,author8Link,1,1,1.000000
Species,autoitalics,1,1,1.000000
Species,available,1,1,1.000000
Species,average,1,1,1.000000
Species,award14n,1,3,0.333333
Species,award15n,1,3,0.333333
Species,award17n,1,1,1.000000
Species,award17w,1,1,1.000000
Species,award18n,1,1,1.000000
Species,award18w,1,1,1.000000
Species,award19n,1,1,1.000000
Species,award19w,1,1,1.000000
Species,away1player,1,1,1.000000
Species,away1pos,1,1,1.000000
Species,awayman,1,1,1.000000
Species,awaymannat,1,1,1.000000
Species,awayteam,1,1,1.000000
Species,axisNudge,1,2,0.500000
Species,backCounty,1,1,1.000000
Species,backFilename,1,1,1.000000
Species,backgroundColour,1,1,1.000000
Species,backHeight,1,1,1.000000
Species,backSquat,1,1,1.000000
Species,badgecaption,1,1,1.000000
Species,badgeimage,1,1,1.000000
Species,badmintonPosition,1,1,1.000000
Species,badmintonProvince,1,1,1.000000
Species,baftan,1,1,1.000000
Species,baftaw,1,1,1.000000
Species,bagde,1,1,1.000000
Species,bage,1,1,1.000000
Species,balanceEngineer,1,1,1.000000
Species,ban,1,1,1.000000
Species,banLatn,1,1,1.000000
Species,baseballRefManager,1,1,1.000000
Species,baseCaption,1,1,1.000000
Species,based,1,1,1.000000
Species,baseOfOperations,1,1,1.000000
Species,basge,1,1,1.000000
Species,basinCountries,1,1,1.000000
Species,battery,1,1,1.000000
Species,wars,1,1,1.000000
Species,bcs,1,1,1.000000
Species,bcsRanking,1,1,1.000000
Species,bdoInternationalOpen,1,1,1.000000
Species,bdoTurkishOpen,1,1,1.000000
Species,bdoUkOpen,1,1,1.000000
Species,bdoWorldTrophy,1,1,1.000000
Species,belief,1,1,1.000000
Species,bench1Sg,1,1,1.000000
Species,bench2Label,1,1,1.000000
Species,bench2Pf,1,1,1.000000
Species,bench2Pg,1,1,1.000000
Species,bench2Sf,1,1,1.000000
Species,bench3C,1,1,1.000000
Species,bench3Pf,1,1,1.000000
Species,bench4Label,1,1,1.000000
Species,benchPress,1,1,1.000000
Species,bestFriend,1,1,1.000000
Species,bestPokergoCupFinish,1,1,1.000000
Species,bestPokerMastersFinish,1,1,1.000000
Species,bestQualifiers,1,1,1.000000
Species,bestSuperHighRollerBowlFinish,1,1,1.000000
Species,bestTruckYear,1,1,1.000000
Species,bestUsPokerOpenFinish,1,1,1.000000
Species,betn,1,1,1.000000
Species,betw,1,1,1.000000
Species,bgColor,1,1,1.000000
Species,biggestWin,1,1,1.000000
Species,billboardn,1,1,1.000000
Species,billboardw,1,1,1.000000
Species,billDate,1,1,1.000000
Species,bindings,1,1,1.000000
Species,birthBane,1,1,1.000000
Species,birthPlaceEindhoven,1,1,1.000000
Species,bjjWin,1,1,1.000000
Species,black,1,3,0.333333
Species,blankData,1,1,1.000000
Species,blankLabel,1,1,1.000000
Species,bodyalign,1,2,0.500000
Species,bodyStyle,1,1,1.000000
Species,boldwinner,1,1,1.000000
Species,borderColor,1,6,0.166667
Species,borderSize,1,1,1.000000
Species,bornName,1,1,1.000000
Species,both,1,3,0.333333
Species,bottom,1,1,1.000000
Species,bourbon,1,1,1.000000
Species,bowlgame,1,1,1.000000
Species,bowlscore,1,1,1.000000
Species,boxDeath,1,1,1.000000
Species,boxing,1,1,1.000000
Species,boxingdecwins,1,1,1.000000
Species,boxingdraws,1,1,1.000000
Species,boxingkolosses,1,1,1.000000
Species,boxinglosses,1,1,1.000000
Species,boxRec,1,1,1.000000
Species,boxTotal,1,1,1.000000
Species,boxType,1,1,1.000000
Species,bpborn,1,1,1.000000
Species,branchedFrom,1,1,1.000000
Species,branding,1,1,1.000000
Species,brands,1,1,1.000000
Species,bridge,1,1,1.000000
Species,britishOpen,1,1,1.000000
Species,britishProfessional,1,1,1.000000
Species,britn,1,1,1.000000
Species,britw,1,1,1.000000
Species,broadcastfilmn,1,1,1.000000
Species,broadcastfilmw,1,1,1.000000
Species,bronzeGer,1,1,1.000000
Species,bronzenoc,1,1,1.000000
Species,bronzeSar,1,1,1.000000
Species,bronzeUsa,1,1,1.000000
Species,brothersAndSisters,1,1,1.000000
Species,brundavanastaDate,1,1,1.000000
Species,brundavanastaPlace,1,1,1.000000
Species,bsbPoints,1,1,1.000000
Species,bSides,1,1,1.000000
Species,bsodiumMg,1,1,1.000000
Species,bstyle,1,2,0.500000
Species,buildingName,1,1,1.000000
Species,buildings,1,1,1.000000
Species,buildSort,1,1,1.000000
Species,bull,1,1,1.000000
Species,bvCurrentclub,1,1,1.000000
Species,bvNationalcaps,1,1,1.000000
Species,bvNationalteam,1,1,1.000000
Species,bvPosition,1,1,1.000000
Species,bvProvince,1,1,1.000000
Species,bvProvinceyears,1,1,1.000000
Species,bwfore,1,1,1.000000
Species,byWhom%3FDate,1,1,1.000000
Species,ca,1,1,1.000000
Species,cabinetMinister,1,1,1.000000
Species,campari,1,1,1.000000
Species,campusType,1,1,1.000000
Species,candidate8Party,1,1,1.000000
Species,candidate8Percent,1,1,1.000000
Species,candidate8Votes,1,1,1.000000
Species,captione,1,1,1.000000
Species,captionPosition,1,3,0.333333
Species,car,1,1,1.000000
Species,careerCaps,1,1,1.000000
Species,careerCompany,1,1,1.000000
Species,careerEarnings,1,1,1.000000
Species,careerTitle,1,1,1.000000
Species,carries,1,1,1.000000
Species,carTeam,1,1,1.000000
Species,cartoon,1,2,0.500000
Species,caste,1,1,1.000000
Species,castName,1,1,1.000000
Species,catalogue,1,1,1.000000
Species,catDate,1,1,1.000000
Species,cathedral,1,5,0.200000
Species,cats,1,1,1.000000
Species,caughtDate,1,1,1.000000
Species,causes,1,1,1.000000
Species,cb,1,1,1.000000
Species,cbNat,1,1,1.000000
Species,cdname,1,1,1.000000
Species,celebrations,1,1,1.000000
Species,"cello,PrimaryArtist",1,1,1.000000
Species,cello,1,1,1.000000
Species,center,1,4,0.250000
Species,centimeter,1,1,1.000000
Species,cert,1,1,1.000000
Species,certday,1,1,1.000000
Species,cfleastallstar,1,1,1.000000
Species,chair,1,1,1.000000
Species,chairmanOfDistrictDevelopmentCommittee,1,1,1.000000
Species,chairperson,1,1,1.000000
Species,chamber,1,2,0.500000
Species,champions,1,1,1.000000
Species,charged,1,1,1.000000
Species,chart,1,2,0.500000
Species,chartaWidth,1,1,1.000000
Species,charte,1,1,1.000000
Species,chartf,1,1,1.000000
Species,chartg,1,1,1.000000
Species,checked,1,4,0.250000
Species,checkWikidata,1,2,0.500000
Species,cheifMinister,1,1,1.000000
Species,chessgid,1,1,1.000000
Species,chief1name,1,1,1.000000
Species,chief1position,1,1,1.000000
Species,chief1Position,1,1,1.000000
Species,chief2Name,1,1,1.000000
Species,chiefJustice,1,1,1.000000
Species,chiefJusticeEnd,1,1,1.000000
Species,chiefJusticeStart,1,1,1.000000
Species,chiefOfThePhilippineNationalPolice,1,1,1.000000
Species,chiefWhip,1,1,1.000000
Species,childrenEnd,1,1,1.000000
Species,childrens,1,1,1.000000
Species,childrenStart,1,1,1.000000
Species,chunom,1,1,1.000000
Species,cim,1,1,1.000000
Species,civilRegistration,1,1,1.000000
Species,clade,1,1,1.000000
Species,clan(s),1,1,1.000000
Species,clapps,1,1,1.000000
Species,client,1,1,1.000000
Species,climbing,1,1,1.000000
Species,clip,1,1,1.000000
Species,clothing,1,2,0.500000
Species,club1end,1,1,1.000000
Species,club1start,1,1,1.000000
Species,club2end,1,1,1.000000
Species,club2start,1,1,1.000000
Species,club3start,1,1,1.000000
Species,clubGaa,1,1,1.000000
Species,clubheading,1,1,1.000000
Species,clubNumber,1,1,1.000000
Species,clubposition,1,1,1.000000
Species,clubs9.,1,1,1.000000
Species,cnhangul,1,1,1.000000
Species,cnmr,1,1,1.000000
Species,cnrr,1,1,1.000000
Species,coachcount,1,1,1.000000
Species,coachdrawsg,1,2,0.500000
Species,coachdrawsh,1,1,1.000000
Species,coachdrawsj,1,1,1.000000
Species,coachdrawsk,1,1,1.000000
Species,coachdrawsl,1,1,1.000000
Species,coachdrawsm,1,1,1.000000
Species,coachespoll,1,1,1.000000
Species,coachFor,1,1,1.000000
Species,coachgamesg,1,2,0.500000
Species,coachgamesh,1,1,1.000000
Species,coachgamesj,1,1,1.000000
Species,coachgamesk,1,1,1.000000
Species,coachgamesl,1,1,1.000000
Species,coachgamesm,1,1,1.000000
Species,coachlossesh,1,1,1.000000
Species,coachlossesj,1,1,1.000000
Species,coachlossesk,1,1,1.000000
Species,coachlossesl,1,1,1.000000
Species,coachlossesm,1,1,1.000000
Species,coachOf,1,1,1.000000
Species,coachteamh,1,1,1.000000
Species,coachteamj,1,1,1.000000
Species,coachteamk,1,1,1.000000
Species,coachteaml,1,1,1.000000
Species,coachteamm,1,1,1.000000
Species,coachupdate,1,1,1.000000
Species,coachwin%25,1,1,1.000000
Species,coachwin%25a,1,1,1.000000
Species,coachwinsh,1,1,1.000000
Species,coachwinsj,1,1,1.000000
Species,coachwinsk,1,1,1.000000
Species,coachwinsl,1,1,1.000000
Species,coachwinsm,1,1,1.000000
Species,coachyear11end,1,1,1.000000
Species,coachyear12start,1,1,1.000000
Species,coachyearhend,1,1,1.000000
Species,coachyearhstart,1,1,1.000000
Species,coachyearjstart,1,1,1.000000
Species,coachyearkend,1,1,1.000000
Species,coachyearkstart,1,1,1.000000
Species,coachyearlstart,1,1,1.000000
Species,coachyearmstart,1,1,1.000000
Species,coatofarmsArticle,1,1,1.000000
Species,coatofarmssize,1,2,0.500000
Species,codename3Label,1,1,1.000000
Species,codename4Label,1,1,1.000000
Species,codename5Label,1,1,1.000000
Species,col2DataType,1,13,0.076923
Species,colapps(points),1,1,1.000000
Species,collaborations,1,1,1.000000
Species,colleagues,1,1,1.000000
Species,collegeAttended,1,1,1.000000
Species,colorist,1,16,0.062500
Species,colorText,1,4,0.250000
Species,cols,1,1,1.000000
Species,combatant2a,1,1,1.000000
Species,combatantsHeader,1,3,0.333333
Species,comm,1,1,1.000000
Species,commemorates,1,1,1.000000
Species,commerce,1,1,1.000000
Species,commerceEnd,1,1,1.000000
Species,commerceStart,1,1,1.000000
Species,commitDate,1,1,1.000000
Species,committeeResponsible,1,1,1.000000
Species,common,1,2,0.500000
Species,commondraftedpick,1,1,1.000000
Species,commondraftedround,1,1,1.000000
Species,commondraftedyear,1,1,1.000000
Species,commonLanguages,1,1,1.000000
Species,commonNames,1,1,1.000000
Species,commonsLink,1,1,1.000000
Species,commonwealthRank,1,2,0.500000
Species,competencies,1,1,1.000000
Species,competitorsMen,1,1,1.000000
Species,competitorsWomen,1,1,1.000000
Species,complete,1,1,1.000000
Species,complications,1,1,1.000000
Species,composed,1,1,1.000000
Species,compositeStars,1,2,0.500000
Species,comptroller,1,1,1.000000
Species,comptrollerDate,1,1,1.000000
Species,concertHall,1,1,1.000000
Species,concertmaster,1,1,1.000000
Species,concurring,1,1,1.000000
Species,conditionEffective,1,1,1.000000
Species,confChampResult,1,1,1.000000
Species,configuration,1,1,1.000000
Species,conflng,1,1,1.000000
Species,confrecor,1,1,1.000000
Species,connectionHonour,1,1,1.000000
Species,consecrationPlace,1,1,1.000000
Species,consecrationYear,1,1,1.000000
Species,constitency,1,1,1.000000
Species,constituencyType,1,1,1.000000
Species,constitunecy,1,1,1.000000
Species,constructionNumber,1,1,1.000000
Species,constructor,1,1,1.000000
Species,contest,1,46,0.021739
Species,contested,1,1,1.000000
Species,continuity,1,1,1.000000
Species,contributedby,1,1,1.000000
Species,conventionDelegates,1,1,1.000000
Species,convert,1,2,0.500000
Species,cookbook,1,2,0.500000
Species,coordinates,1,1,1.000000
Species,coordinatesDisplay,1,1,1.000000
Species,copyleft,1,1,1.000000
Species,copyright,1,1,1.000000
Species,coronoWins,1,1,1.000000
Species,corporate,1,1,1.000000
Species,counselors,1,7,0.142857
Species,countriesOnly,1,1,1.000000
Species,countryabbr,1,1,1.000000
Species,countryOfOrigin,1,1,1.000000
Species,countryType,1,1,1.000000
Species,courtlistener,1,1,1.000000
Species,courtseal,1,1,1.000000
Species,coventionalLongName,1,1,1.000000
Species,cpu,1,4,0.250000
Species,cr,1,25,0.040000
Species,creativeDirector,1,1,1.000000
Species,creators,1,1,1.000000
Species,creditsEcriture,1,1,1.000000
Species,crests,1,6,0.166667
Species,critic,1,1,1.000000
Species,crosses,1,1,1.000000
Species,cs,1,1,1.000000
Species,culturalOrigins,1,1,1.000000
Species,curator,1,1,1.000000
Species,curr,1,1,1.000000
Species,currentCommander,1,1,1.000000
Species,currently,1,1,1.000000
Species,currentNumber,1,1,1.000000
Species,currentTenants,1,1,1.000000
Species,currentUse,1,1,1.000000
Species,currentWorldRanking,1,1,1.000000
Species,currsign,1,1,1.000000
Species,cystine,1,1,1.000000
Species,daate,1,1,1.000000
Species,dae,1,1,1.000000
Species,daet,1,1,1.000000
Species,danishleague,1,1,1.000000
Species,darte,1,4,0.250000
Species,daste,1,1,1.000000
Species,dat,1,1,1.000000
Species,databasefootballArchive,1,1,1.000000
Species,datae,1,1,1.000000
Species,datastyle,1,1,1.000000
Species,dateAdopted,1,1,1.000000
Species,dateCommenced,1,1,1.000000
Species,dateDate,1,1,1.000000
Species,dateDistributed,1,1,1.000000
Species,datee,1,1,1.000000
Species,dateIntroduced,1,1,1.000000
Species,dateMarried,1,1,1.000000
Species,dateOfArrest,1,1,1.000000
Species,dateOfPremiere,1,1,1.000000
Species,datePost,1,1,1.000000
Species,datePre,1,1,1.000000
Species,dateRatified,1,1,1.000000
Species,dead,1,1,1.000000
Species,deadLift,1,1,1.000000
Species,"death12.september,2012BirthPlace",1,1,1.000000
Species,deathLosses,1,1,1.000000
Species,deathWins,1,1,1.000000
Species,debianApproved,1,1,1.000000
Species,debutWork,1,1,1.000000
Species,decDraw,1,1,1.000000
Species,deceased,1,1,1.000000
Species,deceaseLieu,1,1,1.000000
Species,decideyear,1,1,1.000000
Species,dedicatedTo,1,1,1.000000
Species,defaultWidth,1,1,1.000000
Species,deflections,1,1,1.000000
Species,degree,1,1,1.000000
Species,demolished,1,1,1.000000
Species,depois,1,1,1.000000
Species,descended,1,1,1.000000
Species,designatedOther1Abbr,1,1,1.000000
Species,designatedOther1Color,1,1,1.000000
Species,designatedOther1Date,1,1,1.000000
Species,designatedOther1Link,1,1,1.000000
Species,designatedOther1Name,1,1,1.000000
Species,designatedOther1Textcolor,1,1,1.000000
Species,designatedOther2Abbr,1,1,1.000000
Species,designatedOther2Color,1,1,1.000000
Species,designatedOther2Date,1,1,1.000000
Species,designatedOther2Link,1,1,1.000000
Species,designatedOther2Name,1,1,1.000000
Species,designation1Free3name,1,1,1.000000
Species,designation1Free3value,1,1,1.000000
Species,detailsWidth,1,1,1.000000
Species,big%3E%3CdivAlign,1,1,1.000000
Species,device,1,1,1.000000
Species,diameterMetric,1,1,1.000000
Species,differentNext,1,1,1.000000
Species,difficulty,1,1,1.000000
Species,dioceses,1,5,0.200000
Species,direct,1,1,1.000000
Species,directionA,1,2,0.500000
Species,directionB,1,2,0.500000
Species,directorOfStateOperations,1,1,1.000000
Species,directorOfStateOperationsEnd,1,1,1.000000
Species,directorOfStateOperationsStart,1,1,1.000000
Species,disciple,1,1,1.000000
Species,discontinued,1,1,1.000000
Species,discovered,1,1,1.000000
Species,discoveredDate,1,1,1.000000
Species,displayEditors,1,2,0.500000
Species,displayflag,1,1,1.000000
Species,displayName,1,1,1.000000
Species,displaySupp,1,1,1.000000
Species,dissappearanceDate,1,1,1.000000
Species,dissent,1,1,1.000000
Species,dissenting,1,1,1.000000
Species,dissertation,1,1,1.000000
Species,distribution,1,1,1.000000
Species,districtLabel,1,3,0.333333
Species,divisionSeason,1,1,1.000000
Species,divname,1,1,1.000000
Species,divtype,1,1,1.000000
Species,dlang,1,1,1.000000
Species,does%22postPrisonSupervision%22,1,1,1.000000
Species,doiAccess,1,3,0.333333
Species,domeQuantity,1,1,1.000000
Species,domestic,1,1,1.000000
Species,domesticClub,1,1,1.000000
Species,donald(flashWwii)Gordon,1,1,1.000000
Species,dp,1,7,0.142857
Species,drafted,1,2,0.500000
Species,draftPosition,1,1,1.000000
Species,driverTitles,1,1,1.000000
Species,duckfaceSport,1,1,1.000000
Species,dutchDartsMasters,1,1,1.000000
Species,dutchTtContested,1,1,1.000000
Species,dutchTtWins,1,1,1.000000
Species,dwathPlace,1,1,1.000000
Species,ebooksg,1,1,1.000000
Species,eco,1,1,1.000000
Species,edate,1,1,1.000000
Species,editor1First,1,1,1.000000
Species,editor1Last,1,1,1.000000
Species,editor1Link,1,1,1.000000
Species,editor2Link,1,1,1.000000
Species,editor3First,1,1,1.000000
Species,editor3Last,1,1,1.000000
Species,editor3Link,1,1,1.000000
Species,editor4First,1,1,1.000000
Species,editor4Last,1,1,1.000000
Species,editor4Link,1,1,1.000000
Species,editor5First,1,1,1.000000
Species,editor5Last,1,1,1.000000
Species,editor5Link,1,1,1.000000
Species,editorbook,1,1,1.000000
Species,editorLink,1,2,0.500000
Species,educaiton,1,1,1.000000
Species,educatedAt,1,1,1.000000
Species,youthWing,1,1,1.000000
Species,educationDates,1,1,1.000000
Species,eitherHerDeadMotherOrDate,1,1,1.000000
Species,elderBrother,1,1,1.000000
Species,electionsDab,1,1,1.000000
Species,electricMotor,1,1,1.000000
Species,electricMotorPosition,1,1,1.000000
Species,elPaso,1,1,1.000000
Species,embedded,1,1,1.000000
Species,embedTitle,1,1,1.000000
Species,empasB,1,1,1.000000
Species,empasK,1,1,1.000000
Species,emperorConsort,1,1,1.000000
Species,employees,1,1,1.000000
Species,employmentField,1,1,1.000000
Species,endmo,1,1,1.000000
Species,endowment,1,1,1.000000
Species,endtheme,1,1,1.000000
Species,enduroChampionships,1,1,1.000000
Species,endyr,1,1,1.000000
Species,engaged,1,1,1.000000
Species,engender,1,1,1.000000
Species,engineer,1,1,1.000000
Species,engineName,1,1,1.000000
Species,enrollment,1,1,1.000000
Species,entries,1,1,1.000000
Species,environment,1,1,1.000000
Species,environmentParty,1,1,1.000000
Species,environmentStart,1,1,1.000000
Species,eppoCodes,1,1,1.000000
Species,eptMainEventMoneyFinishes,1,1,1.000000
Species,equipmentLabel,1,1,1.000000
Species,er,1,52,0.019231
Species,espnRating,1,1,1.000000
Species,espnUrl,1,2,0.500000
Species,establishedTitle,1,1,1.000000
Species,estimatedBirthdate,1,1,1.000000
Species,esuctcheon,1,1,1.000000
Species,ethnic,1,1,1.000000
Species,ethnicGroup,1,1,1.000000
Species,etymology,1,1,1.000000
Species,euromast,1,1,1.000000
Species,euroopen,1,1,1.000000
Species,europeanMaster35+,1,1,1.000000
Species,europeanSingles,1,1,1.000000
Species,eventPost,1,1,1.000000
Species,eventPre,1,1,1.000000
Species,evFootnote,1,1,1.000000
Species,ewcChampionships,1,1,1.000000
Species,ewcFastestLaps,1,1,1.000000
Species,ewcPoles,1,1,1.000000
Species,ewcRaceStarts,1,1,1.000000
Species,ewcRaceWins,1,1,1.000000
Species,excludeCover,1,30,0.033333
Species,executedBy,1,1,1.000000
Species,exemplar(s),1,1,1.000000
Species,exhibition,1,23,0.043478
Species,expandDisciples,1,1,1.000000
Species,expdraftedpick,1,1,1.000000
Species,expensesYear,1,1,1.000000
Species,expert,1,1,1.000000
Species,expiryDate,1,1,1.000000
Species,explanation,1,1,1.000000
Species,externalUrl,1,1,1.000000
Species,extinct,1,1,1.000000
Species,extlinks,1,2,0.500000
Species,extraCredits,1,1,1.000000
Species,eyes,1,1,1.000000
Species,facadeDirection,1,1,1.000000
Species,faith,1,1,1.000000
Species,fam,1,1,1.000000
Species,familycolor,1,1,1.000000
Species,ّfather'sName,1,1,1.000000
Species,fatherName,1,1,1.000000
Species,fball,1,1,1.000000
Species,featuring,1,1,1.000000
Species,fecId,1,1,1.000000
Species,festivals,1,1,1.000000
Species,fewerLinks,1,3,0.333333
Species,fffff,1,1,1.000000
Species,ffffm,1,1,1.000000
Species,fffmf,1,1,1.000000
Species,fffmm,1,1,1.000000
Species,ffmff,1,1,1.000000
Species,ffmfm,1,1,1.000000
Species,ffmmf,1,1,1.000000
Species,ffmmm,1,1,1.000000
Species,fieldGoals,1,1,1.000000
Species,fieldgoalse,1,179,0.005587
Species,fieldgoalsg,1,39,0.025641
Species,fieranking,1,1,1.000000
Species,fights,1,1,1.000000
Species,filesize,1,1,1.000000
Species,film,1,1,1.000000
Species,filmAndTelevision,1,1,1.000000
Species,filmfaren,1,1,1.000000
Species,finalcity,1,1,1.000000
Species,finalsRunnerUp,1,2,0.500000
Species,finalvenue,1,1,1.000000
Species,finderMasters,1,1,1.000000
Species,fiqh,1,1,1.000000
Species,firmType,1,1,1.000000
Species,firstdate,1,1,1.000000
Species,firstEntry,1,1,1.000000
Species,firstGpWin,1,1,1.000000
Species,firsticon,1,1,1.000000
Species,firstLightsWin,1,1,1.000000
Species,firstMajor,1,1,1.000000
Species,firstManxGpWin,1,1,1.000000
Species,firstReleaseDate,1,1,1.000000
Species,firstReleaseVersion,1,1,1.000000
Species,firstReporter,1,1,1.000000
Species,firstround,1,1,1.000000
Species,firsttime,1,1,1.000000
Species,flagbearerClose,1,1,1.000000
Species,flagBorder,1,2,0.500000
Species,flagCaption,1,1,1.000000
Species,flagP,1,1,1.000000
Species,flagS,1,1,1.000000
Species,flagTemplate,1,1,1.000000
Species,flagType,1,1,1.000000
Species,flagvar,1,6,0.166667
Species,flightTime,1,1,1.000000
Species,flin,1,1,1.000000
Species,float2Width,1,1,1.000000
Species,float3Width,1,1,1.000000
Species,float4Width,1,1,1.000000
Species,float5Width,1,1,1.000000
Species,float6Width,1,1,1.000000
Species,fmfff,1,1,1.000000
Species,fmffm,1,1,1.000000
Species,fmfmf,1,1,1.000000
Species,fmfmm,1,1,1.000000
Species,fmmff,1,1,1.000000
Species,fmmfm,1,1,1.000000
Species,fmmmf,1,1,1.000000
Species,fmmmm,1,1,1.000000
Species,followed,1,1,1.000000
Species,followedBy,1,6,0.166667
Species,followerOf,1,1,1.000000
Species,followersDate,1,1,1.000000
Species,font,1,1,1.000000
Species,fontSize,1,1,1.000000
Species,footage,1,1,1.000000
Species,footnote,1,1,1.000000
Species,forceoverall,1,1,1.000000
Species,formerLeague,1,1,1.000000
Species,formerMembers,1,1,1.000000
Species,formerNallTeams,1,1,1.000000
Species,s,1,1,1.000000
Species,formerteammate,1,1,1.000000
Species,founding,1,1,1.000000
Species,foundry,1,1,1.000000
Species,frame,1,16,0.062500
Species,frameLatitude,1,1,1.000000
Species,frameLongitude,1,1,1.000000
Species,freeSoftware,1,1,1.000000
Species,fromLives,1,1,1.000000
Species,fromThisSource,1,3,0.333333
Species,frontDownshift,1,1,1.000000
Species,frontFilename,1,1,1.000000
Species,frontHeight,1,1,1.000000
Species,frontSquat,1,1,1.000000
Species,fsnum,1,1,1.000000
Species,fullnsme,1,1,1.000000
Species,fullpage,1,1,1.000000
Species,fullscreenOption,1,7,0.142857
Species,fusiongenres,1,1,1.000000
Species,gains,1,1,1.000000
Species,gameId,1,1,1.000000
Species,gamesLink,1,1,1.000000
Species,gears,1,1,1.000000
Species,generalManager,1,1,1.000000
Species,germanOpen,1,1,1.000000
Species,gin,1,1,1.000000
Species,girlfriend,1,1,1.000000
Species,givenfor,1,1,1.000000
Species,givingBirthPlace,1,1,1.000000
Species,glutamicAcid,1,1,1.000000
Species,glycine,1,1,1.000000
Species,goggles,1,1,1.000000
Species,goldengloben,1,1,1.000000
Species,goldenglobew,1,1,1.000000
Species,goldGer,1,1,1.000000
Species,goldnoc,1,1,1.000000
Species,goldSar,1,1,1.000000
Species,goldUsa,1,1,1.000000
Species,gplCompatible,1,1,1.000000
Species,grades,1,1,1.000000
Species,"graduatedAbingtonHighSchool,Pennsylvania",1,1,1.000000
Species,graduation,1,1,1.000000
Species,grandChild,1,1,1.000000
Species,grandchildren.,1,1,1.000000
Species,grandparentAuthority,1,1,1.000000
Species,grandson,1,1,1.000000
Species,granTan%5DBirthPlace,1,1,1.000000
Species,graphicDesigner,1,1,1.000000
Species,grapplingSubwin,1,1,1.000000
Species,grapplingWin,1,1,1.000000
Species,grayshirt,1,3,0.333333
Species,greatgrandparentAuthority,1,1,1.000000
Species,greatGrandSon,1,1,1.000000
Species,greekEquivalent,1,1,1.000000
Species,greekExpandedTitle,1,1,1.000000
Species,gridName,1,1,1.000000
Species,gridPosition,1,1,1.000000
Species,grNumber,1,1,1.000000
Species,gross,1,1,1.000000
Species,groundbreaking,1,1,1.000000
Species,groundInjuries,1,1,1.000000
Species,grounds,1,1,1.000000
Species,grouping,1,1,1.000000
Species,gs,1,1,1.000000
Species,guests,1,1,1.000000
Species,guidance,1,1,1.000000
Species,gur,1,1,1.000000
Species,habitat,1,1,1.000000
Species,hak,1,1,1.000000
Species,hanguk,1,1,1.000000
Species,hanjicourtesy,1,1,1.000000
Species,hanjipen,1,1,1.000000
Species,hat,1,2,0.500000
Species,hatchDate,1,1,1.000000
Species,hatchName,1,1,1.000000
Species,haveDate,1,1,1.000000
Species,hazzan,1,1,1.000000
Species,hbkg,1,1,1.000000
Species,hclosses,1,1,1.000000
Species,hcwins,1,1,1.000000
Species,hdhshehevimageSize,1,1,1.000000
Species,headcolor,1,1,1.000000
Species,headerColor,1,1,1.000000
Species,headerHorizontal,1,2,0.500000
Species,headerVotes,1,1,1.000000
Species,headingstyle,1,1,1.000000
Species,headOfState,1,1,1.000000
Species,heigh,1,1,1.000000
Species,height(m),1,1,1.000000
Species,heightFootnote,1,1,1.000000
Species,heightInches,1,1,1.000000
Species,heightOrder,1,18,0.055556
Species,heirlooms,1,1,1.000000
Species,helmet,1,1,1.000000
Species,hep,1,1,1.000000
Species,hepburn,1,1,1.000000
Species,hidedeliveries,1,4070,0.000246
Species,hideDvr,1,1,1.000000
Species,hideDvrv,1,1,1.000000
Species,hidelegend,1,4,0.250000
Species,hidenote,1,1,1.000000
Species,hidepartycol,1,2,0.500000
Species,hiderefcol,1,2,0.500000
Species,hideStatistics,1,1,1.000000
Species,hideTotal,1,1,1.000000
Species,hideTotalv,1,1,1.000000
Species,hiero,1,1,1.000000
Species,higher,1,1,1.000000
Species,highestJuniorRanking,1,1,1.000000
Species,highestsinglesWorldranking,1,1,1.000000
Species,highestWorldSeries,1,1,1.000000
Species,her,1,2,0.500000
Species,histidine,1,1,1.000000
Species,historicSeat,1,1,1.000000
Species,hoffuture,1,26,0.038462
Species,holder,1,1,1.000000
Species,holo,1,1,1.000000
Species,home1player,1,1,1.000000
Species,home1pos,1,1,1.000000
Species,home2player,1,1,1.000000
Species,homeCoach,1,1,1.000000
Species,homeCountry,1,1,1.000000
Species,homeman,1,1,1.000000
Species,homemannat,1,1,1.000000
Species,homeMountain,1,1,1.000000
Species,homeNameShort,1,1,1.000000
Species,homeNickname,1,1,1.000000
Species,homeRecord,1,1,1.000000
Species,homeSchool,1,1,1.000000
Species,hometeam,1,1,1.000000
Species,horusPrefix,1,1,1.000000
Species,housedAt,1,1,1.000000
Species,howto,1,3,0.333333
Species,hptFinalTables,1,1,1.000000
Species,hptMoneyFinishes,1,1,1.000000
Species,hqCity,1,1,1.000000
Species,hrArchve,1,1,1.000000
Species,hsn,1,1,1.000000
Species,hullWeight,1,1,1.000000
Species,husbandName,1,1,1.000000
Species,iamgeSize,1,1,1.000000
Species,iata,1,1,1.000000
Species,icao,1,1,1.000000
Species,icapps,1,1,1.000000
Species,iccounty,1,1,1.000000
Species,icdebut,1,1,1.000000
Species,iceDance,1,1,1.000000
Species,icon,1,4,0.250000
Species,icprovinced,1,1,1.000000
Species,ifrachampion,1,1,1.000000
Species,ifsc,1,1,1.000000
Species,ignoreErr,1,2,0.500000
Species,iifan,1,1,1.000000
Species,iifaw,1,1,1.000000
Species,image2.,1,1,1.000000
Species,image2Size,1,2,0.500000
Species,image2Upright,1,1,1.000000
Species,imageBorder,1,1,1.000000
Species,imageDeath,1,1,1.000000
Species,imageIllustration,1,1,1.000000
Species,imageleft,1,2,0.500000
Species,imageLink,1,1,1.000000
Species,images,1,1,1.000000
Species,imageShield,1,1,1.000000
Species,imagetext,1,1,1.000000
Species,imageupright,1,1,1.000000
Species,imagewidth,1,1,1.000000
Species,imdb,1,8,0.125000
Species,imgGap,1,3,0.333333
Species,imgwidth,1,1,1.000000
Species,imperialUnit,1,22,0.045455
Species,inaccurate%3F,1,1,1.000000
Species,inactive,1,1,1.000000
Species,inaugurationDate,1,1,1.000000
Species,inbr,1,1,1.000000
Species,includeFootnote,1,22,0.045455
Species,including,1,1,1.000000
Species,indef,1,3,0.333333
Species,inf,1,1,1.000000
Species,infoa,1,1,1.000000
Species,infob,1,1,1.000000
Species,infoHdr,1,1,1.000000
Species,infraclassisAuthority,1,1,1.000000
Species,inhalt,1,1,1.000000
Species,initialReleaseDate,1,1,1.000000
Species,initiatedLabel,1,4,0.250000
Species,innerParty,1,1,1.000000
Species,innerPercent,1,1,1.000000
Species,inService,1,1,1.000000
Species,insigniacaption,1,1,1.000000
Species,insigniasize,1,1,1.000000
Species,instructors,1,1,1.000000
Species,instuition,1,1,1.000000
Species,intentional,1,6,0.166667
Species,intercepts,1,1,1.000000
Species,internationalDartsLeague,1,1,1.000000
Species,internationalSuperbikeWins,1,1,1.000000
Species,internationalSupersportWins,1,1,1.000000
Species,internetAlbums,1,1,1.000000
Species,interview,1,1,1.000000
Species,introduced,1,1,1.000000
Species,introducedBy,1,1,1.000000
Species,introducedCommons,1,1,1.000000
Species,ipaKo,1,1,1.000000
Species,iptTitles,1,1,1.000000
Species,iraq2024BirthPlace,1,1,1.000000
Species,irelandcaps,1,1,1.000000
Species,irishRaceWins,1,1,1.000000
Species,irn,1,1,1.000000
Species,is,1,1,1.000000
Species,isccname,1,1,1.000000
Species,isdtAwards,1,1,1.000000
Species,isleOfManMasters,1,1,1.000000
Species,isleOfManTtContested,1,1,1.000000
Species,isMissile,1,1,1.000000
Species,iso,1,1,1.000000
Species,iso3166code,1,1,1.000000
Species,isoleucine,1,1,1.000000
Species,issu,1,1,1.000000
Species,issue(children),1,1,1.000000
Species,it,1,5,0.200000
Species,italicsText,1,1,1.000000
Species,italoDeZantopic,1,1,1.000000
Species,itfSinglesCarrierHighRanking,1,1,1.000000
Species,iw,1,5,0.200000
Species,january,1,1,1.000000
Species,japan,1,1,1.000000
Species,japaneseHeader,1,1,1.000000
Species,jerseynumbers,1,1,1.000000
Species,jptitles,1,5,0.200000
Species,jstor,1,1,1.000000
Species,junior,1,35,0.028571
Species,jv,1,1,1.000000
Species,jvLatn,1,1,1.000000
Species,k1Kowin,1,1,1.000000
Species,k1Loss,1,1,1.000000
Species,k1Subwin,1,1,1.000000
Species,k1Win,1,1,1.000000
Species,kannada,1,1,1.000000
Species,karmicName,1,1,1.000000
Species,kaw,1,1,1.000000
Species,kboxNc,1,1,1.000000
Species,keyEvents,1,1,1.000000
Species,keypeople,1,1,1.000000
Species,khlDraft,1,1,1.000000
Species,khlDraftTeam,1,1,1.000000
Species,khlDraftYear,1,1,1.000000
Species,khm,1,1,1.000000
Species,thaiboxing,1,1,1.000000
Species,kickboxingdecwins,1,1,1.000000
Species,kickboxingDecwins,1,1,1.000000
Species,kickboxLosses,1,1,1.000000
Species,kickboxTko,1,1,1.000000
Species,kickboxTkoloss,1,1,1.000000
Species,kickboxWins,1,1,1.000000
Species,kk,1,1,1.000000
Species,knsl,1,1,1.000000
Species,koWin,1,1,1.000000
Species,kunyaAr,1,1,1.000000
Species,kyokushin,1,1,1.000000
Species,label18Size,1,1,1.000000
Species,label1Width,1,1,1.000000
Species,label2Sizez,1,1,1.000000
Species,label34Size,1,1,1.000000
Species,label35Size,1,1,1.000000
Species,label36Size,1,1,1.000000
Species,label37Size,1,1,1.000000
Species,label38Size,1,1,1.000000
Species,label39Size,1,1,1.000000
Species,label3Width,1,1,1.000000
Species,label40Size,1,1,1.000000
Species,label41Size,1,1,1.000000
Species,label42Size,1,1,1.000000
Species,label43Size,1,1,1.000000
Species,label44Size,1,1,1.000000
Species,label45Size,1,1,1.000000
Species,label46Size,1,1,1.000000
Species,label47Size,1,1,1.000000
Species,label48Size,1,1,1.000000
Species,label49Size,1,1,1.000000
Species,label4Sizez,1,1,1.000000
Species,label50Size,1,1,1.000000
Species,label51Size,1,1,1.000000
Species,label52Size,1,1,1.000000
Species,label53Size,1,1,1.000000
Species,label54Size,1,1,1.000000
Species,label55Size,1,1,1.000000
Species,label6size,1,1,1.000000
Species,label6Sizez,1,1,1.000000
Species,labelOffsetXd,1,4,0.250000
Species,labelOffsetYd,1,4,0.250000
Species,labelPost,1,1,1.000000
Species,labơels,1,1,1.000000
Species,laicised,1,1,1.000000
Species,lanels,1,1,1.000000
Species,languageOther,1,1,1.000000
Species,langVi,1,1,1.000000
Species,laptops,1,4,0.250000
Species,lastclub,1,1,1.000000
Species,lastConvWin,1,6,0.166667
Species,lastDate,1,1,1.000000
Species,lastEntry,1,1,1.000000
Species,lastJersyNumber,1,1,1.000000
Species,lastLightsWin,1,1,1.000000
Species,lastManxGpWin,1,1,1.000000
Species,lastMonarch,1,1,1.000000
Species,lastPosition,1,2,0.500000
Species,lat10Min,1,1,1.000000
Species,lat12Min,1,1,1.000000
Species,lat14Min,1,1,1.000000
Species,lat28Deg,1,1,1.000000
Species,lat29Deg,1,1,1.000000
Species,lat30Deg,1,1,1.000000
Species,lat31Deg,1,1,1.000000
Species,lat32Deg,1,1,1.000000
Species,lat33Deg,1,1,1.000000
Species,lat5Dir,1,2,0.500000
Species,lat5Sec,1,1,1.000000
Species,lat9Min,1,1,1.000000
Species,latestReleaseDate,1,1,1.000000
Species,latestReleaseVersion,1,1,1.000000
Species,layout,1,1,1.000000
Species,lbType,1,1,1.000000
Species,ldxd,1,1,1.000000
Species,ldyd,1,1,1.000000
Species,leftMargin,1,1,1.000000
Species,leftPadding,1,1,1.000000
Species,legislatureStatus,1,1,1.000000
Species,legislatureTerm,1,1,1.000000
Species,legReachIn,1,1,1.000000
Species,lengthImperial,1,1,1.000000
Species,lengthM,1,2,0.500000
Species,lengthMi,1,1,1.000000
Species,lengthTrack,1,1,1.000000
Species,lengthy,1,7,0.142857
Species,leSkratch,1,1,1.000000
Species,lesserCaption,1,11,0.090909
Species,lesserWidth,1,11,0.090909
Species,letterer,1,10,0.100000
Species,lettering,1,1,1.000000
Species,leucine,1,1,1.000000
Species,lh,1,1,1.000000
Species,lhasa,1,1,1.000000
Species,library,1,7,0.142857
Species,libraryName,1,1,1.000000
Species,libraryUrl,1,1,1.000000
Species,licence,1,1,1.000000
Species,licensedisbn,1,1,1.000000
Species,licensee,1,1,1.000000
Species,limit,1,1,1.000000
Species,linerNotes,1,1,1.000000
Species,linerNoteTranslation,1,1,1.000000
Species,linkCanada,1,3,0.333333
Species,linking,1,1,1.000000
Species,linkLanguage,1,5,0.200000
Species,liscense,1,1,1.000000
Species,list1name,1,1,1.000000
Species,list2title,1,1,1.000000
Species,list3title,1,1,1.000000
Species,list4title,1,1,1.000000
Species,list5title,1,1,1.000000
Species,listed,1,2,0.500000
Species,listEpisodes,1,1,1.000000
Species,listType,1,1,1.000000
Species,listWinner,1,1,1.000000
Species,livePokerEarnings,1,1,1.000000
Species,livery,1,1,1.000000
Species,livingRelatives,1,1,1.000000
Species,lk,1,1,1.000000
Species,localName,1,1,1.000000
Species,locationOfDocument,1,1,1.000000
Species,locationSigned,1,1,1.000000
Species,logdate,1,1,1.000000
Species,logLift,1,1,1.000000
Species,logoImage,1,1,1.000000
Species,logoUpright,1,3,0.333333
Species,loksabhaLeader,1,1,1.000000
Species,lon10Min,1,1,1.000000
Species,lon12Min,1,1,1.000000
Species,lon28Deg,1,1,1.000000
Species,lon29Deg,1,1,1.000000
Species,lon30Deg,1,1,1.000000
Species,lon31Deg,1,1,1.000000
Species,lon32Deg,1,1,1.000000
Species,lon33Deg,1,1,1.000000
Species,lon5Sec,1,1,1.000000
Species,lon9Min,1,1,1.000000
Species,longside,1,1,1.000000
Species,longtype,1,1,1.000000
Species,lower,1,1,1.000000
Species,lr,1,164,0.006098
Species,lysine,1,1,1.000000
Species,mahasamadi,1,1,1.000000
Species,main,1,1,1.000000
Species,mainImageAlt,1,1,1.000000
Species,majorAwards,1,1,1.000000
Species,majorityLeader,1,1,1.000000
Species,malay,1,1,1.000000
Species,maltaOpen,1,1,1.000000
Species,mandateperiod,1,1,1.000000
Species,manhaj,1,1,1.000000
Species,mannerOfDeath,1,1,1.000000
Species,manxGpActiveYears,1,1,1.000000
Species,manxGpContested,1,1,1.000000
Species,manxGpWins,1,1,1.000000
Species,mapAlt,1,1,1.000000
Species,mapDotLabel,1,1,1.000000
Species,mapDotMark,1,1,1.000000
Species,mapEntity,1,3,0.333333
Species,mapframe,1,1,1.000000
Species,mapImage,1,1,1.000000
Species,mapLabel,1,1,1.000000
Species,mapLocation,1,1,1.000000
Species,mapRelief,1,1,1.000000
Species,mark10size,1,1,1.000000
Species,mark11size,1,1,1.000000
Species,mark12size,1,1,1.000000
Species,mark13size,1,1,1.000000
Species,mark14size,1,1,1.000000
Species,mark15size,1,1,1.000000
Species,mark16size,1,1,1.000000
Species,mark17size,1,1,1.000000
Species,mark18size,1,1,1.000000
Species,mark19size,1,1,1.000000
Species,mark20size,1,1,1.000000
Species,mark21size,1,1,1.000000
Species,mark22size,1,1,1.000000
Species,mark23size,1,1,1.000000
Species,mark24size,1,1,1.000000
Species,mark25size,1,1,1.000000
Species,mark26size,1,1,1.000000
Species,mark27size,1,1,1.000000
Species,mark28size,1,1,1.000000
Species,mark29size,1,1,1.000000
Species,mark30size,1,1,1.000000
Species,mark31size,1,1,1.000000
Species,mark32size,1,1,1.000000
Species,mark33size,1,1,1.000000
Species,mark34size,1,1,1.000000
Species,mark35size,1,1,1.000000
Species,mark36size,1,1,1.000000
Species,mark37size,1,1,1.000000
Species,mark38size,1,1,1.000000
Species,mark39size,1,1,1.000000
Species,mark40size,1,1,1.000000
Species,mark41size,1,1,1.000000
Species,mark42size,1,1,1.000000
Species,mark43size,1,1,1.000000
Species,mark44size,1,1,1.000000
Species,mark45size,1,1,1.000000
Species,mark46size,1,1,1.000000
Species,mark47size,1,1,1.000000
Species,mark48size,1,1,1.000000
Species,mark49size,1,1,1.000000
Species,mark50size,1,1,1.000000
Species,mark51size,1,1,1.000000
Species,mark52size,1,1,1.000000
Species,mark53size,1,1,1.000000
Species,mark54size,1,1,1.000000
Species,mark55size,1,1,1.000000
Species,mark8size,1,1,1.000000
Species,mark9size,1,1,1.000000
Species,markCoord,1,1,1.000000
Species,markerSize,1,1,1.000000
Species,markerSymbol,1,1,1.000000
Species,markSized,1,1,1.000000
Species,marriageDate,1,1,1.000000
Species,marriageName,1,1,1.000000
Species,married.,1,1,1.000000
Species,married,1,1,1.000000
Species,marriedName,1,1,1.000000
Species,martialStatus,1,1,1.000000
Species,martydom,1,1,1.000000
Species,martyredBy,1,1,1.000000
Species,massiveTesticlesBestCupPos,1,1,1.000000
Species,master'sTitles,1,1,1.000000
Species,materialArt,1,1,1.000000
Species,maxwidth,1,1,1.000000
Species,mccunereischauer,1,1,1.000000
Species,mcgrathCup,1,1,1.000000
Species,medalsTitle,1,93,0.010753
Species,medaltemplate,1,1,1.000000
Species,medalUpright,1,1,1.000000
Species,melody,1,1,1.000000
Species,memberId,1,1,1.000000
Species,membersLabel,1,3,0.333333
Species,memorial,1,1,1.000000
Species,metadata,1,1,1.000000
Species,meteorn,1,1,1.000000
Species,meteorw,1,1,1.000000
Species,methionine,1,1,1.000000
Species,methodology,1,1,1.000000
Species,mffff,1,1,1.000000
Species,mfffm,1,1,1.000000
Species,mffmf,1,1,1.000000
Species,mffmm,1,1,1.000000
Species,mfmff,1,1,1.000000
Species,mfmfm,1,1,1.000000
Species,mfmmf,1,1,1.000000
Species,mfmmm,1,1,1.000000
Species,mgpContested,1,1,1.000000
Species,middle,1,1,1.000000
Species,middleCaption,1,1,1.000000
Species,middlename,1,1,1.000000
Species,middleWidth,1,11,0.090909
Species,midfieldCounty,1,1,1.000000
Species,military,1,1,1.000000
Species,militaryRank,1,1,1.000000
Species,minaretQuantity,1,1,1.000000
Species,mini,1,34,0.029412
Species,miniFile,1,2,0.500000
Species,minister3Party,1,1,1.000000
Species,minister4Party,1,1,1.000000
Species,minister5Termend,1,1,1.000000
Species,minister5Termstart,1,1,1.000000
Species,mixedBy,1,1,1.000000
Species,mixtape,1,2,0.500000
Species,mmaCounty,1,1,1.000000
Species,mmadqwins,1,2,0.500000
Species,mmaDraws,1,1,1.000000
Species,mmaLosses,1,1,1.000000
Species,mmaotherwins,1,1,1.000000
Species,mmaPosition,1,1,1.000000
Species,mmaTkoloss,1,1,1.000000
Species,mmfff,1,1,1.000000
Species,mmffm,1,1,1.000000
Species,mmfmf,1,1,1.000000
Species,mmfmm,1,1,1.000000
Species,mmmff,1,1,1.000000
Species,mmmfm,1,1,1.000000
Species,mmmmf,1,1,1.000000
Species,mmmmm,1,1,1.000000
Species,mn,1,1,1.000000
Species,mncA,1,1,1.000000
Species,mobon,1,1,1.000000
Species,mobow,1,1,1.000000
Species,modes,1,1,1.000000
Species,modulePersonal,1,1,1.000000
Species,mohamedAbdullahiFarmaajo,1,1,1.000000
Species,moiseMbiye,1,1,1.000000
Species,mongolianCyrillic,1,1,1.000000
Species,mongolianTraditionalScript,1,1,1.000000
Species,monthAndYear,1,1,1.000000
Species,mostCashes2010Wsop,1,1,1.000000
Species,mostRecentTeam,1,1,1.000000
Species,mostWins,1,1,1.000000
Species,mother.,1,1,1.000000
Species,mother'sDetails,1,1,1.000000
Species,motherName,1,1,1.000000
Species,mothsEatenLiveOnStream,1,1,1.000000
Species,motoamericaActiveYears,1,1,1.000000
Species,motoamericaFastestLaps,1,1,1.000000
Species,motoamericaManufaturer,1,1,1.000000
Species,motoamericaPodiums,1,1,1.000000
Species,motoamericaPoles,1,1,1.000000
Species,motoamericaRaceWins,1,1,1.000000
Species,motoamericaStarts,1,1,1.000000
Species,motocrossChampionships,1,1,1.000000
Species,motoeTeams,1,1,1.000000
Species,motogpFatestLaps,1,1,1.000000
Species,motoGpraceWins,1,1,1.000000
Species,motorcycle,1,1,1.000000
Species,mottoLang,1,1,1.000000
Species,mottoTranslation,1,1,1.000000
Species,movements,1,1,1.000000
Species,moves,1,1,1.000000
Species,mtveuropen,1,1,1.000000
Species,mtveuropew,1,1,1.000000
Species,mtvmovien,1,1,1.000000
Species,mtvmoview,1,1,1.000000
Species,murderer,1,1,1.000000
Species,musicVideo,1,1,1.000000
Species,mvpteam,1,1,1.000000
Species,nam,1,1,1.000000
Species,name%3Cnowiki%3E,1,1,1.000000
Species,name10d,1,1,1.000000
Species,name11f,1,1,1.000000
Species,name11g,1,1,1.000000
Species,name11h,1,1,1.000000
Species,name12c,1,1,1.000000
Species,name13c,1,1,1.000000
Species,name13d,1,1,1.000000
Species,name13e,1,1,1.000000
Species,name15c,1,1,1.000000
Species,name15d,1,1,1.000000
Species,name15e,1,1,1.000000
Species,name16d,1,1,1.000000
Species,name16e,1,1,1.000000
Species,name16f,1,1,1.000000
Species,name16g,1,1,1.000000
Species,name17d,1,1,1.000000
Species,name18d,1,1,1.000000
Species,name1e,1,1,1.000000
Species,name1f,1,1,1.000000
Species,name1g,1,1,1.000000
Species,name22c,1,1,1.000000
Species,name22d,1,1,1.000000
Species,name2g,1,1,1.000000
Species,name4e,1,1,1.000000
Species,name4f,1,1,1.000000
Species,name4g,1,1,1.000000
Species,name4h,1,1,1.000000
Species,name4i,1,1,1.000000
Species,name4j,1,1,1.000000
Species,name5c,1,1,1.000000
Species,name6c,1,1,1.000000
Species,name7d,1,1,1.000000
Species,name7e,1,1,1.000000
Species,nameFa,1,1,1.000000
Species,namestyle,1,1,1.000000
Species,naptMoneyFinishes,1,1,1.000000
Species,narrated,1,1,1.000000
Species,narrow,1,1,1.000000
Species,natioalyears,1,1,1.000000
Species,nationa;Id,1,1,1.000000
Species,nationalAnthem,1,1,1.000000
Species,nationalChampionships,1,1,1.000000
Species,nationalcompeticion,1,1,1.000000
Species,nationalExecutiveCommittee,1,1,1.000000
Species,nationalfilmw,1,3,0.333333
Species,nationally,1,1,1.000000
Species,nationalMotto,1,1,1.000000
Species,nationalTitles,1,1,1.000000
Species,nationalYears,1,1,1.000000
Species,nations,1,1,1.000000
Species,navbarPos,1,1,1.000000
Species,navbarstyle,1,1,1.000000
Species,naver,1,1,1.000000
Species,nb,1,3,0.333333
Species,nbap,1,12,0.083333
Species,ncaahTeam,1,1,1.000000
Species,nepaliday,1,1,1.000000
Species,nepalimonth,1,1,1.000000
Species,nepaliyear,1,1,1.000000
Species,netural,1,1,1.000000
Species,networkName,1,1,1.000000
Species,networkType,1,1,1.000000
Species,newArticleName,1,1,1.000000
Species,newlink,1,79,0.012658
Species,news,1,1,1.000000
Species,newsOfTheWorldDartsChampionship,1,1,1.000000
Species,nextElection,1,1,1.000000
Species,nf,1,1,1.000000
Species,nflsuppdraftedpick,1,1,1.000000
Species,nflsuppdraftedround,1,1,1.000000
Species,nflsuppdraftedyear,1,1,1.000000
Species,nhlDraft,1,1,1.000000
Species,nickname(s),1,1,1.000000
Species,nkhangul,1,1,1.000000
Species,nkhanja,1,1,1.000000
Species,nkmr,1,1,1.000000
Species,nkrr,1,1,1.000000
Species,nllDrattYear,1,1,1.000000
Species,nmen,1,1,1.000000
Species,nmew,1,1,1.000000
Species,nobars,1,1,1.000000
Species,noborder,1,1,1.000000
Species,nobreak,1,1,1.000000
Species,noBuilt,1,1,1.000000
Species,nobullet,1,16,0.062500
Species,nocollapse,1,3,0.333333
Species,noconf,1,1,1.000000
Species,nocontests,1,1,1.000000
Species,noDecisions,1,1,1.000000
Species,nodiv,1,34,0.029412
Species,noevent,1,7,0.142857
Species,noIcon,1,28,0.035714
Species,noid,1,2,0.500000
Species,noimage,1,2,0.500000
Species,noitalics,1,6,0.166667
Species,nolabels,1,5,0.200000
Species,noLeague,1,1,1.000000
Species,nolocation,1,3,0.333333
Species,nonAcademic,1,14,0.071429
Species,noneYears,1,1,1.000000
Species,"nonsensical.WhoCastHer,TheUs%22creators%22",1,1,1.000000
Species,noparen,1,1,1.000000
Species,noprose,1,3,0.333333
Species,norecord,1,23,0.043478
Species,noredlinks,1,3,0.333333
Species,noround,1,3,0.333333
Species,northkorea,1,2,0.500000
Species,noshare,1,1,1.000000
Species,notableAwards,1,1,1.000000
Species,notableOffice,1,1,1.000000
Species,notableRelative,1,1,1.000000
Species,notaref,1,1,1.000000
Species,notesfirst,1,1,1.000000
Species,notesType,1,2,0.500000
Species,notime,1,15,0.066667
Species,november,1,1,1.000000
Species,nr,1,49,0.020408
Species,ntlTeams,1,1,1.000000
Species,ntupate,1,1,1.000000
Species,ntupdaate,1,1,1.000000
Species,numberOfBooks,1,1,1.000000
Species,numberPrinted,1,1,1.000000
Species,numEmployeesYear,1,1,1.000000
Species,numMembers,1,1,1.000000
Species,numSeries,1,1,1.000000
Species,numTeams,1,1,1.000000
Species,numUsers,1,1,1.000000
Species,nururl,1,3,0.333333
Species,objective,1,1,1.000000
Species,observances,1,1,1.000000
Species,oc,1,20,0.050000
Species,ocB,1,1,1.000000
Species,occasion,1,1,1.000000
Species,occupation.,1,1,1.000000
Species,ocr,1,1,1.000000
Species,officeHeld,1,1,1.000000
Species,officialLanguages,1,1,1.000000
Species,officials,1,1,1.000000
Species,offwebsite,1,1,1.000000
Species,olympicAthlete,1,1,1.000000
Species,olympicsType,1,2,0.500000
Species,omarAbdirashidAliSharmaake,1,1,1.000000
Species,omega3fat,1,1,1.000000
Species,on3School,1,3,0.333333
Species,onelanguage,1,9,0.111111
Species,ongoing,1,2,0.500000
Species,onlinebooksabout,1,4,0.250000
Species,onlinenotableWorks,1,1,1.000000
Species,openingname,1,1,1.000000
Species,oppprank,1,1,1.000000
Species,oq,1,13,0.076923
Species,organisationalStatus,1,1,1.000000
Species,organisationPosition,1,1,1.000000
Species,organiser,1,1,1.000000
Species,organisers,1,1,1.000000
Species,organizers,1,1,1.000000
Species,orientation,1,1,1.000000
Species,originalLanguage,1,1,1.000000
Species,originalName,1,1,1.000000
Species,originalUse,1,1,1.000000
Species,origins'Country,1,1,1.000000
Species,origtag,1,44,0.022727
Species,oromiyaCounties,1,1,1.000000
Species,os,1,4,0.250000
Species,osiApproved,1,1,1.000000
Species,otherInformation,1,1,1.000000
Species,otherIuu,1,1,1.000000
Species,otherLabel,1,1,1.000000
Species,otherLanguage,1,9,0.111111
Species,otherName(s),1,1,1.000000
Species,otherPoliticalParty,1,1,1.000000
Species,otherPosts,1,1,1.000000
Species,otherregnalName,1,1,1.000000
Species,otherRoles,1,1,1.000000
Species,othersexlink,1,4,0.250000
Species,othertitles,1,1,1.000000
Species,outrightRecord,1,1,1.000000
Species,overallconfrecord,1,1,1.000000
Species,overimte,1,1,1.000000
Species,overlay,1,1,1.000000
Species,overlayHorizontalAlignment,1,1,1.000000
Species,pageNumber,1,1,1.000000
Species,pageNumbers,1,1,1.000000
Species,pahistoricType,1,2,0.500000
Species,paint,1,1,1.000000
Species,paragraphs,1,1,1.000000
Species,paralympicsRank,1,1,1.000000
Species,paralympicsWeight,1,1,1.000000
Species,paralympicsYear,1,1,1.000000
Species,paralympicteams,1,1,1.000000
Species,parameter,1,1,1.000000
Species,parent's,1,1,1.000000
Species,parentagency,1,1,1.000000
Species,parentAgency,1,1,1.000000
Species,parentagePlace,1,1,1.000000
Species,parentopening,1,1,1.000000
Species,parentOrganization,1,1,1.000000
Species,parishes,1,5,0.200000
Species,parliamentaryGroup,1,1,1.000000
Species,parlName,1,3,0.333333
Species,part1Choice1Color,1,1,1.000000
Species,part1Choice2Color,1,1,1.000000
Species,part1Choice3Color,1,1,1.000000
Species,part1Choice4Color,1,1,1.000000
Species,part1Choice5Color,1,1,1.000000
Species,partial,1,1,1.000000
Species,parties,1,1,1.000000
Species,partofRefnum,1,1,1.000000
Species,party6color,1,1,1.000000
Species,party6name,1,1,1.000000
Species,party7color,1,1,1.000000
Species,party7name,1,1,1.000000
Species,party8color,1,1,1.000000
Species,party8name,1,1,1.000000
Species,partyColor,1,1,1.000000
Species,partyColour,1,1,1.000000
Species,partypercent,1,1,1.000000
Species,"partyThatOrderedTheShip.ThisIsUsuallyTheOwnerButIsSometimesTheOperator,OrAnAgentOfEither.ContemporaneousNewspaperSourcesRarelyStateToWhichCategoryANamedPartyBelongs.AbbreviationsInThisColumnRr%3Cnowiki%3E",1,1,1.000000
Species,partyvotes,1,1,1.000000
Species,passed,1,1,1.000000
Species,passed2Abstention,1,1,1.000000
Species,passed2Against,1,1,1.000000
Species,passed2For,1,1,1.000000
Species,pastBishop,1,1,1.000000
Species,pastor,1,1,1.000000
Species,pasttense,1,2,0.500000
Species,patch,1,1,1.000000
Species,pdgawins,1,1,1.000000
Species,peak15a,1,1,1.000000
Species,peak15b,1,1,1.000000
Species,peak16c,1,1,1.000000
Species,peak17b,1,1,1.000000
Species,peak1c,1,1,1.000000
Species,peak2d,1,1,1.000000
Species,peak3c,1,1,1.000000
Species,peak4c,1,1,1.000000
Species,peak4f,1,1,1.000000
Species,peak5c,1,1,1.000000
Species,peak5d,1,1,1.000000
Species,peak6c,1,1,1.000000
Species,peak7c,1,1,1.000000
Species,peak8c,1,1,1.000000
Species,pencils,1,1,1.000000
Species,people,1,4,0.250000
Species,peoplesn,1,1,1.000000
Species,peoplesw,1,1,1.000000
Species,perfid,1,1,1.000000
Species,performed,1,1,1.000000
Species,performer,1,1,1.000000
Species,periodo,1,1,1.000000
Species,personal,1,1,1.000000
Species,personalDetails,1,1,1.000000
Species,pfs,1,1,1.000000
Species,pfx,1,1,1.000000
Species,pgtWins,1,1,1.000000
Species,phenylalanine,1,1,1.000000
Species,phones,1,4,0.250000
Species,photo1d,1,1,1.000000
Species,photo1e,1,1,1.000000
Species,photo2c,1,1,1.000000
Species,photo2d,1,1,1.000000
Species,photo2e,1,1,1.000000
Species,photoCaption,1,1,1.000000
Species,photography,1,1,1.000000
Species,"piano,PrimaryArtist",1,1,1.000000
Species,piano,1,1,1.000000
Species,placeOfArrest,1,1,1.000000
Species,placeOfBirth,1,1,1.000000
Species,placeOfRelease,1,1,1.000000
Species,places,1,1,1.000000
Species,plainlink,1,25,0.040000
Species,plaintiff,1,1,1.000000
Species,plainurl,1,2,0.500000
Species,plannedBy,1,1,1.000000
Species,platform,1,1,1.000000
Species,players,1,1,1.000000
Species,playersChampionship,1,1,1.000000
Species,playerStatus,1,1,1.000000
Species,playoffs,1,1,1.000000
Species,playsOutOf,1,1,1.000000
Species,pleasureTreasureVideo+AllSingleClips%3Cnowiki%3E,1,1,1.000000
Species,pllTeams,1,1,1.000000
Species,pmc,1,1,1.000000
Species,poinst,1,1,1.000000
Species,points8.,1,1,1.000000
Species,pojcourtesy,1,1,1.000000
Species,pojpen,1,1,1.000000
Species,police,1,1,1.000000
Species,politcalParty,1,1,1.000000
Species,political,1,1,1.000000
Species,politicalAffairsCommittee,1,1,1.000000
Species,poll2Final,1,2,0.500000
Species,poll2firstweek,1,1,1.000000
Species,poll3Final,1,1,1.000000
Species,poll4lastweek,1,1,1.000000
Species,poll4title,1,1,1.000000
Species,poll5lastweek,1,1,1.000000
Species,polls,1,1,1.000000
Species,populationDensityKm,1,1,1.000000
Species,posiciónTítulo,1,1,1.000000
Species,post7note,1,1,1.000000
Species,post9followed,1,1,1.000000
Species,post9preceded,1,1,1.000000
Species,post9years,1,1,1.000000
Species,postalCode,1,2,0.500000
Species,postcode,1,1,1.000000
Species,posteason,1,1,1.000000
Species,pov,1,1,1.000000
Species,pre16jun,1,7,0.142857
Species,preceeded,1,1,1.000000
Species,predcessor,1,1,1.000000
Species,predecesor,1,1,1.000000
Species,predecesso,1,1,1.000000
Species,predecessorAbbaTiga,1,1,1.000000
Species,predecssor,1,1,1.000000
Species,predescessor,1,1,1.000000
Species,prejudice,1,1,1.000000
Species,prenomenTranslation,1,1,1.000000
Species,presidents,1,4,0.250000
Species,pretitle,1,2,0.500000
Species,prevArcaPos,1,1,1.000000
Species,previousEditor,1,1,1.000000
Species,previousElection,1,1,1.000000
Species,previousOffices,1,1,1.000000
Species,previousOwner,1,1,1.000000
Species,previousowners,1,1,1.000000
Species,previousTeams,1,1,1.000000
Species,principalConductor,1,1,1.000000
Species,prior,1,1,1.000000
Species,proBeachVolleyball,1,1,1.000000
Species,proBeachVolleyballWins,1,1,1.000000
Species,proBeachVolleyballYears,1,1,1.000000
Species,productionCompanies,1,1,1.000000
Species,producttype,1,1,1.000000
Species,progression,1,1,1.000000
Species,proline,1,1,1.000000
Species,promajors,1,74,0.013514
Species,promoter,1,1,1.000000
Species,proNumber,1,1,1.000000
Species,proof,1,1,1.000000
Species,proother,1,11,0.090909
Species,propellant,1,1,1.000000
Species,proportion,1,1,1.000000
Species,prosecutor,1,1,1.000000
Species,provincialteam,1,1,1.000000
Species,provincialyears,1,1,1.000000
Species,pt,1,1,1.000000
Species,pu,1,1,1.000000
Species,publicationDate,1,1,1.000000
Species,publications,1,1,1.000000
Species,publicSecurity,1,1,1.000000
Species,publicSecurityParty,1,1,1.000000
Species,publicSecurityStart,1,1,1.000000
Species,pushpinMap,1,1,1.000000
Species,pvFootnote,1,1,1.000000
Species,qq,1,1,1.000000
Species,quads,1,1,1.000000
Species,quarterly,1,3,0.333333
Species,questionspresented,1,1,1.000000
Species,r2votespercent,1,1,1.000000
Species,racesStarted,1,1,1.000000
Species,railroadName,1,1,1.000000
Species,rainbowSixClass,1,1,1.000000
Species,GrewUp,1,1,1.000000
Species,randomChance,1,1,1.000000
Species,range,1,1,1.000000
Species,rankin,1,1,1.000000
Species,rapporteur,1,1,1.000000
Species,raw,1,1,1.000000
Species,rcmShift,1,1,1.000000
Species,rd1Score1Agg,1,1,1.000000
Species,rd1Score2Agg,1,1,1.000000
Species,rd1Score3Agg,1,1,1.000000
Species,rd1Score4Agg,1,1,1.000000
Species,rd1Score5Agg,1,1,1.000000
Species,rd1Score6Agg,1,1,1.000000
Species,rd1Score7Agg,1,1,1.000000
Species,rd1Score8Agg,1,1,1.000000
Species,rd2Score1Agg,1,1,1.000000
Species,rd2Score2Agg,1,1,1.000000
Species,rd2Score3Agg,1,1,1.000000
Species,rd2Score4Agg,1,1,1.000000
Species,rd3Score1Agg,1,1,1.000000
Species,rd3Score2Agg,1,1,1.000000
Species,readon,1,1,1.000000
Species,readson,1,1,1.000000
Species,reasion,1,1,1.000000
Species,reasn,1,1,1.000000
Species,reasob,1,1,1.000000
Species,recLocation,1,1,1.000000
Species,recordingEngineer,1,1,1.000000
Species,refer,1,1,1.000000
Species,reflink,1,1,1.000000
Species,refn,1,1,1.000000
Species,regionalCupApps,1,1,1.000000
Species,regionalCupBest,1,1,1.000000
Species,regionalCupFirst,1,1,1.000000
Species,regionalName,1,1,1.000000
Species,regionServed,1,1,1.000000
Species,related,1,1,1.000000
Species,relation,1,1,1.000000
Species,relationshipStatus,1,1,1.000000
Species,relative(s),1,1,1.000000
Species,release,1,1,1.000000
Species,relStyle,1,1,1.000000
Species,remix,1,1,1.000000
Species,removalnotice,1,1,1.000000
Species,removeDate,1,1,1.000000
Species,replacement,1,1,1.000000
Species,replaces,1,1,1.000000
Species,repo,1,1,1.000000
Species,representative,1,1,1.000000
Species,representatives,1,1,1.000000
Species,resaon,1,1,1.000000
Species,resident,1,1,1.000000
Species,resting(Samadhi)Date,1,1,1.000000
Species,resting(Samadhi)Place,1,1,1.000000
Species,restored,1,1,1.000000
Species,resultDetails,1,1,1.000000
Species,retited,1,1,1.000000
Species,retured,1,1,1.000000
Species,reupupdate,1,1,1.000000
Species,rev3score,1,1,1.000000
Species,revenueYear,1,1,1.000000
Species,revisedromanization,1,1,1.000000
Species,revisedText,1,1,1.000000
Species,riders,1,1,1.000000
Species,ridersChamp,1,1,1.000000
Species,rifle,1,1,1.000000
Species,rights,1,3,0.333333
Species,rigType,1,1,1.000000
Species,rite,1,1,1.000000
Species,rivalrygame,1,1,1.000000
Species,rivalsArchiveUrl,1,1,1.000000
Species,rivalsUrl,1,2,0.500000
Species,rlds,1,9,0.111111
Species,rluChampionship,1,1,1.000000
Species,rmlTeam,1,1,1.000000
Species,role2Notes,1,1,1.000000
Species,role3Notes,1,1,1.000000
Species,role4Notes,1,1,1.000000
Species,role4Title,1,1,1.000000
Species,role4Year,1,1,1.000000
Species,role5Notes,1,1,1.000000
Species,role5Title,1,1,1.000000
Species,role5Year,1,1,1.000000
Species,role6Notes,1,1,1.000000
Species,role6Title,1,1,1.000000
Species,role6Year,1,1,1.000000
Species,roof,1,1,1.000000
Species,rosterUrl,1,1,1.000000
Species,row11At,1,1,1.000000
Species,row11Lift,1,1,1.000000
Species,row11Shift,1,1,1.000000
Species,row11Text,1,1,1.000000
Species,row11To,1,1,1.000000
Species,row121At,1,1,1.000000
Species,row12Style,1,1,1.000000
Species,row12To,1,1,1.000000
Species,row151At,1,1,1.000000
Species,row161At,1,1,1.000000
Species,row161Lift,1,1,1.000000
Species,row161Shift,1,1,1.000000
Species,row161Text,1,1,1.000000
Species,row16At,1,1,1.000000
Species,row16Lift,1,1,1.000000
Species,row16Text,1,1,1.000000
Species,row17At,1,1,1.000000
Species,row17Lift,1,1,1.000000
Species,row17Text,1,1,1.000000
Species,row18At,1,1,1.000000
Species,row18Lift,1,1,1.000000
Species,row18Text,1,1,1.000000
Species,row19At,1,1,1.000000
Species,row19Lift,1,1,1.000000
Species,row19Shift,1,1,1.000000
Species,row19Text,1,1,1.000000
Species,row1Style,1,1,1.000000
Species,row210From,1,1,1.000000
Species,row210Text,1,1,1.000000
Species,row210To,1,1,1.000000
Species,row21Color,1,1,1.000000
Species,row21Text,1,1,1.000000
Species,row22Color,1,1,1.000000
Species,row22Colour,1,1,1.000000
Species,row22From,1,1,1.000000
Species,row22Style,1,1,1.000000
Species,row23Color,1,1,1.000000
Species,row23Colour,1,1,1.000000
Species,row23From,1,1,1.000000
Species,row24Color,1,1,1.000000
Species,row24Text,1,1,1.000000
Species,row24To,1,1,1.000000
Species,row25Color,1,1,1.000000
Species,row25Text,1,1,1.000000
Species,row25To,1,1,1.000000
Species,row26From,1,1,1.000000
Species,row26Text,1,1,1.000000
Species,row26To,1,1,1.000000
Species,row27Colour,1,1,1.000000
Species,row27From,1,1,1.000000
Species,row27Text,1,1,1.000000
Species,row27To,1,1,1.000000
Species,row28Colour,1,1,1.000000
Species,row28From,1,1,1.000000
Species,row28Text,1,1,1.000000
Species,row28To,1,1,1.000000
Species,row29Colour,1,1,1.000000
Species,row29From,1,1,1.000000
Species,row29Text,1,1,1.000000
Species,row29To,1,1,1.000000
Species,row2Colour,1,1,1.000000
Species,row2Style,1,1,1.000000
Species,row312Colour,1,1,1.000000
Species,row312From,1,1,1.000000
Species,row312Text,1,1,1.000000
Species,row312To,1,1,1.000000
Species,row313From,1,1,1.000000
Species,row313To,1,1,1.000000
Species,row314Colour,1,1,1.000000
Species,row314From,1,1,1.000000
Species,row314Text,1,1,1.000000
Species,row314To,1,1,1.000000
Species,row315From,1,1,1.000000
Species,row315To,1,1,1.000000
Species,row316Colour,1,1,1.000000
Species,row316From,1,1,1.000000
Species,row316Text,1,1,1.000000
Species,row316To,1,1,1.000000
Species,row317From,1,1,1.000000
Species,row317To,1,1,1.000000
Species,row318Colour,1,1,1.000000
Species,row318From,1,1,1.000000
Species,row318Text,1,1,1.000000
Species,row318To,1,1,1.000000
Species,row319From,1,1,1.000000
Species,row319To,1,1,1.000000
Species,row31From,1,1,1.000000
Species,row320Colour,1,1,1.000000
Species,row320From,1,1,1.000000
Species,row320Text,1,1,1.000000
Species,row320To,1,1,1.000000
Species,row321Colour,1,1,1.000000
Species,row321From,1,1,1.000000
Species,row321Text,1,1,1.000000
Species,row321To,1,1,1.000000
Species,row322Colour,1,1,1.000000
Species,row322From,1,1,1.000000
Species,row322Text,1,1,1.000000
Species,row322To,1,1,1.000000
Species,row323From,1,1,1.000000
Species,row323To,1,1,1.000000
Species,row324Colour,1,1,1.000000
Species,row324From,1,1,1.000000
Species,row324Text,1,1,1.000000
Species,row324To,1,1,1.000000
Species,row325From,1,1,1.000000
Species,row325To,1,1,1.000000
Species,row326Colour,1,1,1.000000
Species,row326From,1,1,1.000000
Species,row326Text,1,1,1.000000
Species,row326To,1,1,1.000000
Species,row327From,1,1,1.000000
Species,row327To,1,1,1.000000
Species,row328Colour,1,1,1.000000
Species,row328From,1,1,1.000000
Species,row328Text,1,1,1.000000
Species,row328To,1,1,1.000000
Species,row32Colour,1,1,1.000000
Species,row32From,1,1,1.000000
Species,row32Style,1,1,1.000000
Species,row33From,1,1,1.000000
Species,row33To,1,1,1.000000
Species,row34Colour,1,1,1.000000
Species,row34From,1,1,1.000000
Species,row34Text,1,1,1.000000
Species,row34To,1,1,1.000000
Species,row35From,1,1,1.000000
Species,row35To,1,1,1.000000
Species,row3Bordertop,1,1,1.000000
Species,row3Colour,1,1,1.000000
Species,row3Height,1,1,1.000000
Species,row3Style,1,1,1.000000
Species,row41To,1,1,1.000000
Species,row42Style,1,1,1.000000
Species,row42Text,1,1,1.000000
Species,row42To,1,1,1.000000
Species,row4Style,1,1,1.000000
Species,row51To,1,1,1.000000
Species,row52Style,1,1,1.000000
Species,row52Text,1,1,1.000000
Species,row52To,1,1,1.000000
Species,row5Style,1,1,1.000000
Species,heritage,1,1,1.000000
Species,rpCoordinates,1,1,1.000000
Species,rtgs,1,1,1.000000
Species,rtitle,1,1,1.000000
Species,rtl,1,1,1.000000
Species,ru,1,164,0.006098
Species,ruAppearancesh,1,2,0.500000
Species,rubrik,1,10,0.100000
Species,ruCoachdrawse,1,1,1.000000
Species,ruCoachgamese,1,1,1.000000
Species,ruCoachlossese,1,1,1.000000
Species,ruCoachwinse,1,1,1.000000
Species,ruCoachyear4end,1,1,1.000000
Species,ruCoachyear6end,1,1,1.000000
Species,ruCoachyear6start,1,1,1.000000
Species,ruCoachyear7end,1,1,1.000000
Species,ruCoachyear7start,1,1,1.000000
Species,ruCoachyear8end,1,1,1.000000
Species,ruCoachyear8start,1,1,1.000000
Species,ruCoachyear9end,1,1,1.000000
Species,ruCoachyear9start,1,1,1.000000
Species,ruCons,1,1,1.000000
Species,ruDropgoals,1,1,1.000000
Species,ruFieldgoalsg,1,8,0.125000
Species,ruGoalsh,1,2,0.500000
Species,ruledUntil,1,1,1.000000
Species,ruling,1,1,1.000000
Species,ruPens,1,1,1.000000
Species,ruSevensnationalpoints,1,1,1.000000
Species,russianleague,1,1,1.000000
Species,ruTriesh,1,2,0.500000
Species,ruYear10end,1,1,1.000000
Species,ruYear11start,1,1,1.000000
Species,ruYeargend,1,1,1.000000
Species,s2cid,1,1,1.000000
Species,sailplan,1,1,1.000000
Species,saLatn,1,1,1.000000
Species,sample,1,1,1.000000
Species,satelliten,1,1,1.000000
Species,satellitew,1,1,1.000000
Species,savateBoxe,1,1,1.000000
Species,savateKowin,1,1,1.000000
Species,savateLoss,1,1,1.000000
Species,savateWin,1,1,1.000000
Species,sbkBestPosition,1,1,1.000000
Species,schedule,1,1,1.000000
Species,scoring,1,1,1.000000
Species,scoringLeader,1,1,1.000000
Species,scotch,1,1,1.000000
Species,scottishOpen,1,1,1.000000
Species,scoutArchivedate,1,1,1.000000
Species,scoutArchiveUrl,1,1,1.000000
Species,scoutUrl,1,2,0.500000
Species,screenn,1,1,1.000000
Species,screenw,1,1,1.000000
Species,screenwriter,1,1,1.000000
Species,scribe(s),1,1,1.000000
Species,scripture,1,1,1.000000
Species,sealWidth,1,2,0.500000
Species,seamheads,1,1,1.000000
Species,searchedIt,1,1,1.000000
Species,season102ptGoals,1,1,1.000000
Species,season10PlayoffLoss,1,3,0.333333
Species,season10PlayoffSeconds,1,1,1.000000
Species,season10PlayoffWins,1,1,1.000000
Species,season112ptGoals,1,1,1.000000
Species,season11PlayoffLoss,1,3,0.333333
Species,season11PlayoffShots,1,1,1.000000
Species,season11PlayoffWins,1,1,1.000000
Species,season122ptGoals,1,1,1.000000
Species,season12PlayoffGroundBalls,1,2,0.500000
Species,season12PlayoffLoss,1,2,0.500000
Species,season12PlayoffSeconds,1,1,1.000000
Species,season12PlayoffShots,1,1,1.000000
Species,season12PlayoffWins,1,1,1.000000
Species,season12PointsGoals,1,1,1.000000
Species,season13FaceoffsAtt,1,1,1.000000
Species,season14Shots,1,1,1.000000
Species,season15GroundBalls,1,1,1.000000
Species,season15PlayoffLoss,1,1,1.000000
Species,season15PlayoffSeconds,1,1,1.000000
Species,season15PlayoffWins,1,1,1.000000
Species,season16PlayoffPenaltyMinutes,1,4,0.250000
Species,season18PlayoffGoalsAgainst,1,1,1.000000
Species,season18PlayoffLoss,1,1,1.000000
Species,season18PlayoffMinutes,1,1,1.000000
Species,season18PlayoffSaves,1,1,1.000000
Species,season18PlayoffSeconds,1,1,1.000000
Species,season18PlayoffWins,1,1,1.000000
Species,season18Wins,1,1,1.000000
Species,season19PlayoffLoss,1,1,1.000000
Species,season19PlayoffPenaltyMinutes,1,1,1.000000
Species,season19PlayoffSaves,1,1,1.000000
Species,season19PlayoffWins,1,1,1.000000
Species,season1PlayoffPoints,1,1,1.000000
Species,season1Points,1,1,1.000000
Species,season1Turnovers,1,1,1.000000
Species,season20GoalsAgainst,1,1,1.000000
Species,season20Loss,1,1,1.000000
Species,season20Minutes,1,1,1.000000
Species,season20PlayoffGamesPlayed,1,2,0.500000
Species,season20Saves,1,1,1.000000
Species,season20Seconds,1,1,1.000000
Species,season21GoalsAgainst,1,1,1.000000
Species,season21Loss,1,1,1.000000
Species,season21Minutes,1,1,1.000000
Species,season21PlayoffGoals,1,2,0.500000
Species,season21Saves,1,1,1.000000
Species,season21Seconds,1,1,1.000000
Species,season21Team,1,2,0.500000
Species,season22PlayoffAssists,1,1,1.000000
Species,season22PlayoffGamesPlayed,1,1,1.000000
Species,season22PlayoffGoals,1,1,1.000000
Species,season22PlayoffLooseBalls,1,1,1.000000
Species,season22Team,1,1,1.000000
Species,season23GamesPlayed,1,2,0.500000
Species,season23PlayoffAssists,1,1,1.000000
Species,season23PlayoffGoals,1,1,1.000000
Species,season23PlayoffPenaltyMinutes,1,1,1.000000
Species,season23Team,1,1,1.000000
Species,season24Assists,1,1,1.000000
Species,season24GamesPlayed,1,1,1.000000
Species,season24Goals,1,1,1.000000
Species,season24LooseBalls,1,1,1.000000
Species,season24PenaltyMinutes,1,1,1.000000
Species,season24PlayoffAssists,1,1,1.000000
Species,season24PlayoffGamesPlayed,1,1,1.000000
Species,season24PlayoffLooseBalls,1,1,1.000000
Species,season24TeamLink,1,1,1.000000
Species,season24Year,1,1,1.000000
Species,season2Assist,1,1,1.000000
Species,season2FaceoffsAttempted,1,1,1.000000
Species,season2PlayoffFaceoffsAttempted,1,1,1.000000
Species,season2PlayoffWins,1,2,0.500000
Species,season2Points,1,1,1.000000
Species,season3Assist,1,1,1.000000
Species,season3PlayoffLoss,1,5,0.200000
Species,season3Points,1,1,1.000000
Species,season4Playoff2ptGoals,1,2,0.500000
Species,season4PlayoffPenalties,1,2,0.500000
Species,season4PlayoffPoints,1,1,1.000000
Species,season4Points,1,1,1.000000
Species,season5Playoff2ptGoals,1,1,1.000000
Species,season5PlayoffLoss,1,7,0.142857
Species,season5Points,1,1,1.000000
Species,season6Playoff2ptGoals,1,1,1.000000
Species,season6PlayoffLoss,1,6,0.166667
Species,season6Points,1,1,1.000000
Species,season7League,1,2,0.500000
Species,season7PlayoffFaceoffsAtt,1,1,1.000000
Species,season7PlayoffFaceoffsWon,1,1,1.000000
Species,season82ptGoals,1,3,0.333333
Species,season8FaceoffsAtt,1,1,1.000000
Species,season8Penalties,1,1,1.000000
Species,season8PlayoffShots,1,1,1.000000
Species,season9Playoff2ptGoals,1,1,1.000000
Species,seats7Title,1,1,1.000000
Species,secConferenceRegularSeason,1,1,1.000000
Species,secondFlagvar,1,1,1.000000
Species,secondlanguage,1,1,1.000000
Species,secondround,1,1,1.000000
Species,secretaries,1,4,0.250000
Species,secretaryGeneral,1,1,1.000000
Species,sectio,1,1,1.000000
Species,seeds,1,1,1.000000
Species,seedsFormation,1,26,0.038462
Species,seleniumMg,1,1,1.000000
Species,senior,1,14,0.071429
Species,sep,1,4,0.250000
Species,serine,1,1,1.000000
Species,branch,1,1,1.000000
Species,serviceYearsLabel,1,1,1.000000
Species,servingWith,1,1,1.000000
Species,set,1,1,1.000000
Species,settlementType,1,1,1.000000
Species,sf,1,1,1.000000
Species,sha,1,1,1.000000
Species,shapeColord,1,5,0.200000
Species,shaped,1,5,0.200000
Species,shapeOutlined,1,5,0.200000
Species,shaper,1,1,1.000000
Species,shapers,1,1,1.000000
Species,shieldnumber,1,1,1.000000
Species,shipAcquired,1,1,1.000000
Species,shipBuilder,1,1,1.000000
Species,shipCaption,1,1,1.000000
Species,shipCompleted,1,1,1.000000
Species,shipCrew,1,1,1.000000
Species,shipDisplacement,1,1,1.000000
Species,shipLaunched,1,1,1.000000
Species,shipName,1,1,1.000000
Species,shipNamesake,1,1,1.000000
Species,shipNotes,1,1,1.000000
Species,shipOperator,1,1,1.000000
Species,shipOutOfService,1,1,1.000000
Species,shipOwner,1,1,1.000000
Species,shipPower,1,1,1.000000
Species,shipPropulsion,1,2,0.500000
Species,shipRenamed,1,1,1.000000
Species,shipSailPlan,1,1,1.000000
Species,shipTonnage,1,1,1.000000
Species,shoot,1,1,1.000000
Species,shortlist,1,1,1.000000
Species,shots,1,1,1.000000
Species,showArchitect,1,32,0.031250
Species,showArtist,1,36,0.027778
Species,showCaption,1,1,1.000000
Species,showdate,1,2,0.500000
Species,showImg,1,1,1.000000
Species,showlang,1,1,1.000000
Species,showLanguage,1,5,0.200000
Species,showListed,1,1,1.000000
Species,showorder,1,4,0.250000
Species,showOwner,1,35,0.028571
Species,showrunner,1,1,1.000000
Species,showTimeslot,1,1,1.000000
Species,sibling(s),1,1,1.000000
Species,siblings.,1,1,1.000000
Species,sights,1,1,1.000000
Species,signers,1,1,1.000000
Species,significance,1,1,1.000000
Species,siLatn,1,1,1.000000
Species,silverGer,1,1,1.000000
Species,silvernoc,1,1,1.000000
Species,silverSar,1,1,1.000000
Species,silverUsa,1,1,1.000000
Species,simp,1,1,1.000000
Species,single10date,1,1,1.000000
Species,single11date,1,1,1.000000
Species,single12date,1,1,1.000000
Species,single13date,1,1,1.000000
Species,single14date,1,1,1.000000
Species,single15date,1,1,1.000000
Species,single16date,1,1,1.000000
Species,single17date,1,1,1.000000
Species,single18date,1,1,1.000000
Species,single6date,1,1,1.000000
Species,single7date,1,1,1.000000
Species,single8date,1,1,1.000000
Species,single9date,1,1,1.000000
Species,singlesTitles,1,1,1.000000
Species,sitename,1,1,1.000000
Species,skhanja,1,1,1.000000
Species,soaringstars,1,7,0.142857
Species,social,1,1,1.000000
Species,socialMedia,1,1,1.000000
Species,soleExampleOfType%3F,1,1,1.000000
Species,sons,1,1,1.000000
Species,souln,1,2,0.500000
Species,soulw,1,2,0.500000
Species,sourceUsda,1,30,0.033333
Species,sovereigntyType,1,1,1.000000
Species,space,1,4,0.250000
Species,spanish,1,3,0.333333
Species,spans,1,1,1.000000
Species,splitFrom,1,1,1.000000
Species,spokenstyle,1,1,1.000000
Species,sponsorship,1,1,1.000000
Species,sportId,1,1,1.000000
Species,sportingCareer,1,1,1.000000
Species,spouse.,1,1,1.000000
Species,spouseAndKids,1,1,1.000000
Species,spouseWife,1,1,1.000000
Species,stack,1,4,0.250000
Species,staffWriter,1,1,1.000000
Species,stageName,1,1,1.000000
Species,stan,1,1,1.000000
Species,stanleyCupChampion,1,1,1.000000
Species,star,1,2,0.500000
Species,starch,1,1,1.000000
Species,startDateAndEndDate,1,1,1.000000
Species,startedby,1,1,1.000000
Species,startmo,1,1,1.000000
Species,startyr,1,1,1.000000
Species,stat28label,1,1,1.000000
Species,stat28value,1,1,1.000000
Species,state2SeatsName,1,1,1.000000
Species,stateHeadTitle,1,1,1.000000
Species,stateOfOrigin,1,1,1.000000
Species,statistics,1,1,1.000000
Species,statusText,1,1,1.000000
Species,stepmother,1,1,1.000000
Species,styledefault1Border,1,1,1.000000
Species,styledefaultHeight,1,1,1.000000
Species,stylemarriageBorder,1,1,1.000000
Species,stylemarriageBoxcolour,1,1,1.000000
Species,subdivisioAuthority,1,1,1.000000
Species,subdivisionArea,1,1,1.000000
Species,subdivisionIso,1,1,1.000000
Species,subdivisionRef,1,1,1.000000
Species,subGrouping,1,1,1.000000
Species,subid,1,1,1.000000
Species,submissions,1,1,1.000000
Species,subpage,1,1,1.000000
Species,subsectio,1,1,1.000000
Species,subsections,1,3,0.333333
Species,substed,1,422,0.002370
Species,subterclassis,1,1,1.000000
Species,subunits,1,1,1.000000
Species,sucat,1,1,1.000000
Species,succcessor,1,1,1.000000
Species,succeded,1,1,1.000000
Species,successor1ToLast,1,1,1.000000
Species,succsessor,1,1,1.000000
Species,suiIurisChurch,1,1,1.000000
Species,superclassisAuthority,1,1,1.000000
Species,supermotoChampionships,1,1,1.000000
Species,superphylumAuthority,1,1,1.000000
Species,superSectors,1,1,1.000000
Species,surnameNihongo,1,1,1.000000
Species,swedishleague,1,1,1.000000
Species,sworn,1,1,1.000000
Species,swornTypeLabel,1,1,1.000000
Species,symbolType,1,1,1.000000
Species,syndicates,1,2,0.500000
Species,system,1,1,1.000000
Species,tablets,1,4,0.250000
Species,tablewidth,1,1,1.000000
Species,taiwanese,1,1,1.000000
Species,taLatn,1,1,1.000000
Species,tam,1,1,1.000000
Species,tan,1,24,0.041667
Species,tdhl,1,1,1.000000
Species,teamcolors,1,1,1.000000
Species,teamcstart,1,1,1.000000
Species,teamid,1,1,1.000000
Species,teamname,1,2,0.500000
Species,teamTitles,1,1,1.000000
Species,televisionSeries,1,1,1.000000
Species,term10d,1,1,1.000000
Species,term11f,1,1,1.000000
Species,term11g,1,1,1.000000
Species,term11h,1,1,1.000000
Species,term12c,1,1,1.000000
Species,term13c,1,1,1.000000
Species,term13d,1,1,1.000000
Species,term13e,1,1,1.000000
Species,term15c,1,1,1.000000
Species,term15d,1,1,1.000000
Species,term15e,1,1,1.000000
Species,term16d,1,1,1.000000
Species,term16e,1,1,1.000000
Species,term16f,1,1,1.000000
Species,term16g,1,1,1.000000
Species,term17d,1,1,1.000000
Species,term18d,1,1,1.000000
Species,term1e,1,1,1.000000
Species,term1End,1,1,1.000000
Species,term1f,1,1,1.000000
Species,term1g,1,1,1.000000
Species,term1Start,1,1,1.000000
Species,term22c,1,1,1.000000
Species,term22d,1,1,1.000000
Species,term2f,1,1,1.000000
Species,term2g,1,1,1.000000
Species,term4e,1,1,1.000000
Species,term4f,1,1,1.000000
Species,term4g,1,1,1.000000
Species,term4h,1,1,1.000000
Species,term4i,1,1,1.000000
Species,term4j,1,1,1.000000
Species,term5c,1,1,1.000000
Species,term6c,1,1,1.000000
Species,term7d,1,1,1.000000
Species,term7e,1,1,1.000000
Species,termecessor,1,1,1.000000
Species,termEnd.,1,1,1.000000
Species,termEnd2.,1,1,1.000000
Species,termStart.,1,1,1.000000
Species,teste,1,1,1.000000
Species,testsb,1,1,1.000000
Species,textAlign,1,3,0.333333
Species,textBackground,1,1,1.000000
Species,theatre,1,1,1.000000
Species,thecrag,1,1,1.000000
Species,themeMusicComposer,1,1,1.000000
Species,thesisWork,1,1,1.000000
Species,thirdFlagvar,1,1,1.000000
Species,threonine,1,1,1.000000
Species,ti,1,1,1.000000
Species,tiber,1,1,1.000000
Species,timeslotLength,1,1,1.000000
Species,title(s),1,1,1.000000
Species,title1wins,1,1,1.000000
Species,title2wins,1,1,1.000000
Species,titlealign,1,2,0.500000
Species,titleBackground,1,1,1.000000
Species,titleColor,1,1,1.000000
Species,titlecount,1,1,1.000000
Species,titlesPsa,1,1,1.000000
Species,titre,1,1,1.000000
Species,tlcourtesy,1,1,1.000000
Species,tlpen,1,1,1.000000
Species,today,1,4,0.250000
Species,toi,1,1,1.000000
Species,toll,1,1,1.000000
Species,ton.%3Cnowiki%3E,1,1,1.000000
Species,top,1,1,1.000000
Species,topics,1,1,1.000000
Species,topimage,1,9,0.111111
Species,totalFatalities,1,1,1.000000
Species,totalHeight,1,1,1.000000
Species,totalInjuries,1,1,1.000000
Species,totalvotes,1,1,1.000000
Species,townNoteMarker,1,4,0.250000
Species,trad,1,1,1.000000
Species,tradingName,1,1,1.000000
Species,trainer(s),1,1,1.000000
Species,trainingLocation,1,1,1.000000
Species,translatorFirst,1,1,1.000000
Species,translatorLast,1,1,1.000000
Species,translitLang,1,1,1.000000
Species,transmissionType,1,1,1.000000
Species,treatise,1,1,1.000000
Species,treatment,1,1,1.000000
Species,trg,1,1,1.000000
Species,triangle,1,1,1.000000
Species,triangleColor,1,1,1.000000
Species,tribute,1,2,0.500000
Species,tricks,1,1,1.000000
Species,trs,1,1,1.000000
Species,tryptophan,1,1,1.000000
Species,ts,1,1,1.000000
Species,tt,1,1,1.000000
Species,ttLapRecords,1,1,1.000000
Species,ttsContested,1,1,1.000000
Species,turnovers,1,1,1.000000
Species,twitter,1,1,1.000000
Species,txt,1,1,1.000000
Species,typ,1,1,1.000000
Species,typeObj,1,1,1.000000
Species,typeOfDeath,1,1,1.000000
Species,tyres,1,1,1.000000
Species,tyrosine,1,1,1.000000
Species,u21NationalTeam,1,1,1.000000
Species,ukOpenQualifiers,1,1,1.000000
Species,ume,1,1,1.000000
Species,umpstatsend,1,1,1.000000
Species,unforcedErrors,1,1,1.000000
Species,union,1,1,1.000000
Species,unipartBritishProfessional,1,1,1.000000
Species,unitPref,1,1,1.000000
Species,unrankedClassisAuthority,1,1,1.000000
Species,unrankedFamiliaAuthority,1,1,1.000000
Species,unrankedOrdoAuthority,1,1,1.000000
Species,unrankedPhylumAuthority,1,1,1.000000
Species,unrankedSuperregnum,1,16,0.062500
Species,unrankedTribus,1,2,0.500000
Species,upadated,1,1,1.000000
Species,updatedReason,1,1,1.000000
Species,uploadDesc,1,1,1.000000
Species,urlName,1,1,1.000000
Species,usAnnouncers,1,1,1.000000
Species,usdgc,1,1,1.000000
Species,usedBy,1,1,1.000000
Species,useNewUkLeg,1,1,1.000000
Species,ushockeyhalloffame,1,1,1.000000
Species,usLaxHof,1,1,1.000000
Species,usopenseniorresult,1,1,1.000000
Species,uwlxDraft,1,1,1.000000
Species,uwlxDraftTeam,1,1,1.000000
Species,uwlxDraftYear,1,1,1.000000
Species,uyy,1,1,1.000000
Species,valign,1,1,1.000000
Species,valine,1,1,1.000000
Species,vb,1,1,1.000000
Species,vectors,1,1,1.000000
Species,venetianDeepstackPlayerOfSeriesAwards,1,1,1.000000
Species,venetianDeepstackWins,1,1,1.000000
Species,venues,1,1,1.000000
Species,verticalNote,1,1,1.000000
Species,vice,1,1,1.000000
Species,vicepresidentLink,1,1,1.000000
Species,vicePresidents,1,1,1.000000
Species,viceTitle,1,1,1.000000
Species,viewersr,1,1,1.000000
Species,viewersType,1,1,1.000000
Species,virgenDeLosTreintaYTres♀4date,1,1,1.000000
Species,visitorCoach,1,1,1.000000
Species,visitorNameShort,1,1,1.000000
Species,visitorNickname,1,1,1.000000
Species,visitorRecord,1,1,1.000000
Species,visitorSchool,1,1,1.000000
Species,vitdIu,1,1,1.000000
Species,vocation,1,1,1.000000
Species,vodka,1,1,1.000000
Species,voiume,1,1,1.000000
Species,votes12Percentage,1,1,1.000000
Species,votes1Percentage,1,1,1.000000
Species,votes22Percentage,1,1,1.000000
Species,votes2Percentage,1,1,1.000000
Species,votes3Percentage,1,1,1.000000
Species,votes4Percentage,1,1,1.000000
Species,votesIe,1,1,1.000000
Species,voySearch,1,1,1.000000
Species,waist,1,1,1.000000
Species,washim,1,1,1.000000
Species,wcraces,1,1,1.000000
Species,wcraceswithrelays,1,1,1.000000
Species,wd,1,1,1.000000
Species,wdf.,1,1,1.000000
Species,wdfWorldCup,1,1,1.000000
Species,wearables,1,4,0.250000
Species,weightCutFrom,1,1,1.000000
Species,weightLibras,1,1,1.000000
Species,weightOrder,1,10,0.100000
Species,wf,1,17,0.058824
Species,what,1,3,0.333333
Species,when,1,1,1.000000
Species,whiskey,1,1,1.000000
Species,whs,1,1,1.000000
Species,why,1,1,1.000000
Species,widthLeft,1,2,0.500000
Species,widthRight,1,2,0.500000
Species,widthUnits,1,14,0.071429
Species,wikiname,1,1,1.000000
Species,wineAge,1,1,1.000000
Species,wing1Title,1,1,1.000000
Species,winLabel,1,1,1.000000
Species,winners,1,1,1.000000
Species,winnersFlagvar,1,1,1.000000
Species,winValue,1,1,1.000000
Species,witdh,1,1,1.000000
Species,withtitle,1,8,0.125000
Species,woodbody,1,2,0.500000
Species,workplace,1,1,1.000000
Species,worldChampion35+,1,1,1.000000
Species,worldChampionship,1,1,1.000000
Species,worldChampionships,1,1,1.000000
Species,worldCupApps,1,1,1.000000
Species,worldCupBest,1,1,1.000000
Species,worldCupFirst,1,1,1.000000
Species,worldDoublesMen,1,1,1.000000
Species,worldRanking,1,1,1.000000
Species,worldsType,1,1,1.000000
Species,worldteamcupresult,1,1,1.000000
Species,worldwcrActiveYears,1,6,0.166667
Species,worldwcrChampionships,1,1,1.000000
Species,worldwcrLastSeason,1,6,0.166667
Species,worldwcrManufacturers,1,4,0.250000
Species,wq,1,17,0.058824
Species,wr,1,91,0.010989
Species,writert,1,1,1.000000
Species,writing,1,1,1.000000
Species,written,1,1,1.000000
Species,wsopCircuitFinalTables,1,1,1.000000
Species,wsopCircuitMoneyFinishes,1,1,1.000000
Species,wsopCircuitTitles,1,1,1.000000
Species,wsopEarnings,1,1,1.000000
Species,wsopFinalTable,1,1,1.000000
Species,wsopMainEvenBestFinishRank,1,1,1.000000
Species,wsopMainEventHighestFinishRank,1,1,1.000000
Species,wsopMainEventMostTimesInTheMoney,1,1,1.000000
Species,wsopMeanings,1,1,1.000000
Species,wsopMoneyFinish(es),1,1,1.000000
Species,wuth,1,1,1.000000
Species,wwe,1,1,1.000000
Species,wwwArchive,1,1,1.000000
Species,xc,1,1,1.000000
Species,xmax,1,1,1.000000
Species,year0start,1,2,0.500000
Species,year17start,1,1,1.000000
Species,year18start,1,1,1.000000
Species,year19start,1,1,1.000000
Species,yearActive,1,2,0.500000
Species,yearas,1,1,1.000000
Species,yearhend,1,1,1.000000
Species,yearInSchool,1,1,1.000000
Species,yearOfPulication,1,1,1.000000
Species,yearOfThesis,1,1,1.000000
Species,years5.,1,1,1.000000
Species,yearsActice,1,1,1.000000
Species,yearsInUse,1,1,1.000000
Species,yeras,1,1,1.000000
Species,ymax,1,1,1.000000
Species,youthclubss,1,1,1.000000
Species,yp,1,1,1.000000
Species,yr.%3Cnowiki%3E,1,1,1.000000
Species,zeecinen,1,1,1.000000
Species,zeecinew,1,1,1.000000
Species,zhDungan,1,1,1.000000
Species,zipcode,1,1,1.000000
Species,zoosectio,1,14,0.071429
Species,zoosubsectio,1,10,0.100000
Species,ইউআরএল,1,1,1.000000
Species,তারিখ,1,1,1.000000
Species,お楽しみ秘蔵ビデオ+全シングルクリップ%3Cnowiki%3E,1,1,1.000000
Star,detectionMethod,1,1,1.000000
Star,discoverer,1,1,1.000000
Star,orbitalPeriod,1,1,1.000000
Star,orbitalPeriod,1,1,1.000000
Star,%3F,1,1,1.000000
Star,absMag,1,1,1.000000
Star,absmagK,1,1,1.000000
Star,absoluteMagnitude,1,1,1.000000
Star,age2Gyr,1,1,1.000000
Star,ageHyr,1,1,1.000000
Star,agrMyr,1,1,1.000000
Star,altNames,1,1,1.000000
Star,appdia,1,1,1.000000
Star,appmag9Passband,1,1,1.000000
Star,appmagH,1,1,1.000000
Star,apsis,1,7,0.142857
Star,argPeri,1,1,1.000000
Star,axisInclination,1,1,1.000000
Star,axisUntiless,1,1,1.000000
Star,base,1,1,1.000000
Star,Bgcolor,1,1,1.000000
Star,captionAlign,1,1,1.000000
Star,centered,1,2,0.500000
Star,child,1,3,0.333333
Star,competent,1,1,1.000000
Star,componenta,1,1,1.000000
Star,cropBottomPerc,1,1,1.000000
Star,cropLeftPerc,1,1,1.000000
Star,cropRightPerc,1,1,1.000000
Star,cropTopPerc,1,1,1.000000
Star,cs1Dates,1,4,0.250000
Star,declination,1,1,1.000000
Star,defaultlang,1,1,1.000000
Star,desiredWidth,1,1,1.000000
Star,detectedBy,1,1,1.000000
Star,displayAuthors,1,2,0.500000
Star,distKly,1,1,1.000000
Star,distKpc,1,1,1.000000
Star,dostPc,1,1,1.000000
Star,eccentricity%7B%7Bval,1,1,1.000000
Star,equinos,1,1,1.000000
Star,escapeVelocity,1,1,1.000000
Star,expanded,1,3,0.333333
Star,extrasolarplanet,1,5,0.200000
Star,fixAttempted,1,20,0.050000
Star,fk,1,1,1.000000
Star,footerAlign,1,1,1.000000
Star,gaia,1,1,1.000000
Star,gc,1,1,1.000000
Star,gR,1,1,1.000000
Star,gravirt,1,1,1.000000
Star,gravoty,1,1,1.000000
Star,groupCluster,1,1,1.000000
Star,hd,1,1,1.000000
Star,headerAlign,1,1,1.000000
Star,hip,1,1,1.000000
Star,hK,1,1,1.000000
Star,host,1,1,1.000000
Star,hr,1,1,1.000000
Star,iJ,1,1,1.000000
Star,links,1,2,0.500000
Star,luminosityBolomatric,1,1,1.000000
Star,lumonosity,1,1,1.000000
Star,mas,1,1,1.000000
Star,metalFr,1,1,1.000000
Star,mutualOrbit,1,1,1.000000
Star,nameListStyle,1,2,0.500000
Star,otherNames,1,1,1.000000
Star,page,1,1,1.000000
Star,parallaxFootnote,1,1,1.000000
Star,periaston,1,1,1.000000
Star,pericenter,1,1,1.000000
Star,periodDay,1,1,1.000000
Star,periodYear,1,1,1.000000
Star,pmDec,1,1,1.000000
Star,pmRa,1,1,1.000000
Star,progenitorType,1,1,1.000000
Star,pronouce,1,1,1.000000
Star,radiu,1,1,1.000000
Star,rightAscension,1,1,1.000000
Star,rotational,1,1,1.000000
Star,rotationalPeriod,1,1,1.000000
Star,rotationalVelocityName,1,1,1.000000
Star,rotationalVelosity,1,1,1.000000
Star,rules,1,1,1.000000
Star,sao,1,1,1.000000
Star,small,1,2,0.500000
Star,sym,1,22,0.045455
Star,temperture,1,1,1.000000
Star,text,1,1,1.000000
Star,timePeriastron,1,1,1.000000
Star,topic,1,2,0.500000
Star,trype,1,1,1.000000
Star,up,1,1,1.000000
Star,uV,1,1,1.000000
Star,variableType,1,1,1.000000
Star,video,1,1,1.000000
Star,vK,1,1,1.000000
Star,x%25,1,1,1.000000
Star,y%25,1,1,1.000000
Galaxy,abell,1,1,1.000000
Galaxy,age,1,1,1.000000
Galaxy,apg,1,1,1.000000
Galaxy,apparentMagnitude,1,1,1.000000
Galaxy,appdimV,1,1,1.000000
Galaxy,author,1,1,1.000000
Galaxy,cgcg,1,1,1.000000
Galaxy,constel,1,1,1.000000
Galaxy,cs1Dates,1,1,1.000000
Galaxy,diameter,1,1,1.000000
Galaxy,displayAuthors,1,1,1.000000
Galaxy,ellipticity,1,1,1.000000
Galaxy,fixAttempted,1,10,0.100000
Galaxy,h,1,1,1.000000
Galaxy,h1ScaleLengthPc,1,1,1.000000
Galaxy,hangul,1,1,1.000000
Galaxy,header,1,1,1.000000
Galaxy,imageCaption,1,1,1.000000
Galaxy,kpg,1,1,1.000000
Galaxy,mark,1,1,1.000000
Galaxy,markWidth,1,1,1.000000
Galaxy,memberNo,1,1,1.000000
Galaxy,nameListStyle,1,1,1.000000
Galaxy,p,1,1,1.000000
Galaxy,radius,1,1,1.000000
Galaxy,radiusLy,1,2,0.500000
Galaxy,rr,1,1,1.000000
Galaxy,source,1,1,1.000000
Galaxy,state,1,2,0.500000
Galaxy,text,1,1,1.000000
Galaxy,topic,1,1,1.000000
Galaxy,ucg,1,1,1.000000
Galaxy,vHb,1,1,1.000000
Galaxy,x,1,1,1.000000
Galaxy,y,1,1,1.000000
ChemicalCompound,appearance,1,1,1.000000
ChemicalCompound,bioavailability,1,1,1.000000
ChemicalCompound,chEBI,1,1,1.000000
ChemicalCompound,chEMBL,1,1,1.000000
ChemicalCompound,density,1,1,1.000000
ChemicalCompound,meltingPoint,1,1,1.000000
ChemicalCompound,density,1,1,1.000000
ChemicalCompound,drugbank,1,1,1.000000
ChemicalCompound,medlinePlus,1,1,1.000000
ChemicalCompound,meltingPoint,1,1,1.000000
ChemicalCompound,%3F,1,2,0.500000
ChemicalCompound,about,1,1,1.000000
ChemicalCompound,altsymbols,1,1,1.000000
ChemicalCompound,annotColor,1,1,1.000000
ChemicalCompound,annotFontSize,1,1,1.000000
ChemicalCompound,appearance,1,1,1.000000
ChemicalCompound,article,1,1,1.000000
ChemicalCompound,at,1,1,1.000000
ChemicalCompound,audio,1,1,1.000000
ChemicalCompound,band,1,3,0.333333
ChemicalCompound,bgcolor,1,1,1.000000
ChemicalCompound,bioavailability,1,1,1.000000
ChemicalCompound,by,1,1,1.000000
ChemicalCompound,calciumMg,1,1,1.000000
ChemicalCompound,carbs,1,2,0.500000
ChemicalCompound,casSupplemental,1,1,1.000000
ChemicalCompound,certain,1,1,1.000000
ChemicalCompound,cl,1,1,1.000000
ChemicalCompound,clear,1,1,1.000000
ChemicalCompound,cmykref,1,1,1.000000
ChemicalCompound,collvolpage,1,1,1.000000
ChemicalCompound,colvoll,1,1,1.000000
ChemicalCompound,comment,1,1,1.000000
ChemicalCompound,commonscat,1,1,1.000000
ChemicalCompound,containerOnly,1,51,0.019608
ChemicalCompound,containerStyle,1,1,1.000000
ChemicalCompound,course,1,1,1.000000
ChemicalCompound,daate,1,1,1.000000
ChemicalCompound,displayEditors,1,1,1.000000
ChemicalCompound,dupe,1,1,1.000000
ChemicalCompound,ecologicaltype,1,1,1.000000
ChemicalCompound,eh,1,1,1.000000
ChemicalCompound,excretion,1,1,1.000000
ChemicalCompound,fat,1,2,0.500000
ChemicalCompound,fate,1,1,1.000000
ChemicalCompound,fe,1,1,1.000000
ChemicalCompound,file,1,1,1.000000
ChemicalCompound,flashptc,1,1,1.000000
ChemicalCompound,footnotes,1,1,1.000000
ChemicalCompound,for,1,1,1.000000
ChemicalCompound,g,1,1,1.000000
ChemicalCompound,genus,1,1,1.000000
ChemicalCompound,headerAlign,1,3,0.333333
ChemicalCompound,health,1,2,0.500000
ChemicalCompound,heatDeflectionTemp,1,1,1.000000
ChemicalCompound,heatDeflectionTempNote,1,1,1.000000
ChemicalCompound,hg,1,1,1.000000
ChemicalCompound,highEColor,1,1,1.000000
ChemicalCompound,highPhText,1,21,0.047619
ChemicalCompound,howedible,1,1,1.000000
ChemicalCompound,hymeniumtype,1,1,1.000000
ChemicalCompound,icon,1,2,0.500000
ChemicalCompound,imageBgColor,1,1,1.000000
ChemicalCompound,imageCaption,1,1,1.000000
ChemicalCompound,imagefile1Ref,1,1,1.000000
ChemicalCompound,imageLeft,1,1,1.000000
ChemicalCompound,imageStyle,1,5,0.200000
ChemicalCompound,imageTop,1,1,1.000000
ChemicalCompound,imageWidth,1,2,0.500000
ChemicalCompound,inchi,1,1,1.000000
ChemicalCompound,inchikey,1,1,1.000000
ChemicalCompound,index2Label,1,1,1.000000
ChemicalCompound,inn,1,1,1.000000
ChemicalCompound,innEma,1,1,1.000000
ChemicalCompound,innerstyle,1,2,0.500000
ChemicalCompound,issn,1,1,1.000000
ChemicalCompound,izodImpactStrength,1,1,1.000000
ChemicalCompound,jan,1,1,1.000000
ChemicalCompound,journal,1,1,1.000000
ChemicalCompound,k,1,1,1.000000
ChemicalCompound,kcal,1,1,1.000000
ChemicalCompound,kj,1,1,1.000000
ChemicalCompound,label,1,1,1.000000
ChemicalCompound,labels,1,1,1.000000
ChemicalCompound,layout,1,1,1.000000
ChemicalCompound,lcheading,1,1,1.000000
ChemicalCompound,left,1,1,1.000000
ChemicalCompound,legalAu,1,3,0.333333
ChemicalCompound,legalCa,1,2,0.500000
ChemicalCompound,legalEu,1,3,0.333333
ChemicalCompound,legalUk,1,2,0.500000
ChemicalCompound,lh,1,1,1.000000
ChemicalCompound,licenceEu,1,1,1.000000
ChemicalCompound,licenseStatementUrl,1,1,1.000000
ChemicalCompound,link,1,1,1.000000
ChemicalCompound,liststyle,1,1,1.000000
ChemicalCompound,locussupplementarydata,1,1,1.000000
ChemicalCompound,lowEColor,1,1,1.000000
ChemicalCompound,lowerWorkingTemp,1,1,1.000000
ChemicalCompound,magsus,1,1,1.000000
ChemicalCompound,mainhazards,1,1,1.000000
ChemicalCompound,majorProduct1Image,1,2,0.500000
ChemicalCompound,majorSubstrate,1,2,0.500000
ChemicalCompound,margin,1,1,1.000000
ChemicalCompound,meltingHigh,1,1,1.000000
ChemicalCompound,meltingptc,1,1,1.000000
ChemicalCompound,metabolism,1,1,1.000000
ChemicalCompound,mw,1,3,0.333333
ChemicalCompound,na,1,1,1.000000
ChemicalCompound,nameListStyle,1,166,0.006024
ChemicalCompound,niacinMg,1,1,1.000000
ChemicalCompound,no,1,1,1.000000
ChemicalCompound,nocat,1,1,1.000000
ChemicalCompound,nolink,1,1,1.000000
ChemicalCompound,noteRefsNamed,1,1,1.000000
ChemicalCompound,onlinebooks,1,1,1.000000
ChemicalCompound,opmFamily,1,1,1.000000
ChemicalCompound,opmProtein,1,1,1.000000
ChemicalCompound,othersections,1,1,1.000000
ChemicalCompound,phosphorusMg,1,2,0.500000
ChemicalCompound,plural,1,1,1.000000
ChemicalCompound,position,1,1,1.000000
ChemicalCompound,postText,1,1,1.000000
ChemicalCompound,pregnancyAuComment,1,2,0.500000
ChemicalCompound,pregnancyCategory,1,1,1.000000
ChemicalCompound,pregnancyUs,1,1,1.000000
ChemicalCompound,protein,1,2,0.500000
ChemicalCompound,quoted,1,1,1.000000
ChemicalCompound,revProd,1,1,1.000000
ChemicalCompound,revSubst,1,1,1.000000
ChemicalCompound,riboflavinMg,1,1,1.000000
ChemicalCompound,salign,1,1,1.000000
ChemicalCompound,seleniumUg,1,1,1.000000
ChemicalCompound,sign,1,1,1.000000
ChemicalCompound,sodiumMg,1,1,1.000000
ChemicalCompound,solubility,1,1,1.000000
ChemicalCompound,sourceUsda,1,2,0.500000
ChemicalCompound,specificHeat,1,1,1.000000
ChemicalCompound,spelling,1,1,1.000000
ChemicalCompound,sporeprintcolor,1,1,1.000000
ChemicalCompound,stdinchi,1,7,0.142857
ChemicalCompound,stipecharacter,1,1,1.000000
ChemicalCompound,substrateImageSize,1,1,1.000000
ChemicalCompound,sure,1,1,1.000000
ChemicalCompound,talk,1,1,1.000000
ChemicalCompound,taxon,1,1,1.000000
ChemicalCompound,tcdb,1,1,1.000000
ChemicalCompound,template,1,1,1.000000
ChemicalCompound,term,1,1,1.000000
ChemicalCompound,thiaminMg,1,1,1.000000
ChemicalCompound,timestamp,1,1,1.000000
ChemicalCompound,titlestyle,1,29,0.034483
ChemicalCompound,toggle,1,2,0.500000
ChemicalCompound,units,1,1,1.000000
ChemicalCompound,upperWorkingTemp,1,1,1.000000
ChemicalCompound,verifiedimages,1,35,0.028571
ChemicalCompound,vicat,1,1,1.000000
ChemicalCompound,vicatB,1,1,1.000000
ChemicalCompound,vitcMg,1,1,1.000000
ChemicalCompound,voy,1,2,0.500000
ChemicalCompound,waterAbsorptionEq,1,1,1.000000
ChemicalCompound,whichgills,1,1,1.000000
ChemicalCompound,work,1,1,1.000000
ChemicalCompound,zvg,1,1,1.000000
AdministrativeRegion,dissolutionYear,1,1,1.000000
AdministrativeRegion,imdbId,1,1,1.000000
AdministrativeRegion,mountainRange,1,1,1.000000
AdministrativeRegion,region,1,1,1.000000
AdministrativeRegion,2021Geocode,1,64,0.015625
AdministrativeRegion,4loc,1,1,1.000000
AdministrativeRegion,5a,1,1,1.000000
AdministrativeRegion,5pp,1,1,1.000000
AdministrativeRegion,5y,1,1,1.000000
AdministrativeRegion,6a,1,1,1.000000
AdministrativeRegion,6pp,1,1,1.000000
AdministrativeRegion,6y,1,1,1.000000
AdministrativeRegion,a,1,1,1.000000
AdministrativeRegion,abbr,1,2,0.500000
AdministrativeRegion,about,1,3,0.333333
AdministrativeRegion,above,1,1,1.000000
AdministrativeRegion,acting,1,2,0.500000
AdministrativeRegion,additionalInfo,1,1,1.000000
AdministrativeRegion,adminCenter,1,1,1.000000
AdministrativeRegion,adminCenterType,1,1,1.000000
AdministrativeRegion,adoption,1,1,1.000000
AdministrativeRegion,af,1,9,0.111111
AdministrativeRegion,agency,1,1,1.000000
AdministrativeRegion,alignFn,1,12,0.083333
AdministrativeRegion,allegiance,1,1,1.000000
AdministrativeRegion,almaMater,1,1,1.000000
AdministrativeRegion,altName,1,1,1.000000
AdministrativeRegion,altOfficeholderTitle,1,1,1.000000
AdministrativeRegion,ambulance,1,1,1.000000
AdministrativeRegion,amends,1,1,1.000000
AdministrativeRegion,annotFontSize,1,1,1.000000
AdministrativeRegion,annotTextAlign,1,1,1.000000
AdministrativeRegion,annualCalls,1,1,1.000000
AdministrativeRegion,v,1,1,1.000000
AdministrativeRegion,archiveDate,1,2,0.500000
AdministrativeRegion,arcTextSizea,1,1,1.000000
AdministrativeRegion,areaBlank2Acre,1,1,1.000000
AdministrativeRegion,areaMunic,1,1,1.000000
AdministrativeRegion,areaRankLink,1,1,1.000000
AdministrativeRegion,areaServed,1,1,1.000000
AdministrativeRegion,areaTitle,1,1,1.000000
AdministrativeRegion,areaUrban,1,1,1.000000
AdministrativeRegion,areaUrbanFootnotes,1,3,0.333333
AdministrativeRegion,areaWaterHa,1,1,1.000000
AdministrativeRegion,armsAlt,1,1,1.000000
AdministrativeRegion,armsImage,1,1,1.000000
AdministrativeRegion,artikel,1,1,1.000000
AdministrativeRegion,assemblyterm,1,1,1.000000
AdministrativeRegion,associateCircuitJudge,1,1,1.000000
AdministrativeRegion,associatecircuitjudgeparty,1,1,1.000000
AdministrativeRegion,associations,1,1,1.000000
AdministrativeRegion,audio,1,1,1.000000
AdministrativeRegion,augSnowCm,1,12,0.083333
AdministrativeRegion,augSnowDepthCm,1,7,0.142857
AdministrativeRegion,augSnowDepthInch,1,2,0.500000
AdministrativeRegion,augSnowInch,1,45,0.022222
AdministrativeRegion,augSnowMm,1,3,0.333333
AdministrativeRegion,author1Link,1,1,1.000000
AdministrativeRegion,authority,1,1,1.000000
AdministrativeRegion,autor,1,1,1.000000
AdministrativeRegion,autoscale,1,1,1.000000
AdministrativeRegion,bagde,1,1,1.000000
AdministrativeRegion,band,1,1,1.000000
AdministrativeRegion,barangay,1,1,1.000000
AdministrativeRegion,battalions,1,1,1.000000
AdministrativeRegion,battles,1,1,1.000000
AdministrativeRegion,beginningLabel,1,3,0.333333
AdministrativeRegion,berths,1,1,1.000000
AdministrativeRegion,bg,1,1,1.000000
AdministrativeRegion,biogeographicRealm,1,1,1.000000
AdministrativeRegion,biome,1,1,1.000000
AdministrativeRegion,blank6Name,1,1,1.000000
AdministrativeRegion,boardchairparty,1,2,0.500000
AdministrativeRegion,boardmajorityparty,1,2,0.500000
AdministrativeRegion,borderColor,1,1,1.000000
AdministrativeRegion,borders,1,1,1.000000
AdministrativeRegion,boxType,1,1,1.000000
AdministrativeRegion,buildings,1,1,1.000000
AdministrativeRegion,bulldozers,1,1,1.000000
AdministrativeRegion,by,1,4,0.250000
AdministrativeRegion,cap,1,1,1.000000
AdministrativeRegion,capitalType,1,1,1.000000
AdministrativeRegion,captionBathymetry,1,1,1.000000
AdministrativeRegion,catchment,1,1,1.000000
AdministrativeRegion,causes,1,1,1.000000
AdministrativeRegion,cdivision,1,1,1.000000
AdministrativeRegion,cellpadding,1,8,0.125000
AdministrativeRegion,censusYr,1,1254,0.000797
AdministrativeRegion,chart,1,1,1.000000
AdministrativeRegion,chief,1,1,1.000000
AdministrativeRegion,child1agency,1,1,1.000000
AdministrativeRegion,children,1,1,1.000000
AdministrativeRegion,chuhan,1,1,1.000000
AdministrativeRegion,chunom,1,1,1.000000
AdministrativeRegion,circuitjudge,1,1,1.000000
AdministrativeRegion,circuitjudgeparty,1,1,1.000000
AdministrativeRegion,civic,1,1,1.000000
AdministrativeRegion,clear,1,3,0.333333
AdministrativeRegion,client,1,1,1.000000
AdministrativeRegion,closingYear,1,1,1.000000
AdministrativeRegion,cnhanja,1,1,1.000000
AdministrativeRegion,coaAlt,1,1,1.000000
AdministrativeRegion,coastlineKm,1,1,1.000000
AdministrativeRegion,code,1,1,1.000000
AdministrativeRegion,code2Name,1,5,0.200000
AdministrativeRegion,codename,1,1,1.000000
AdministrativeRegion,collectionSize,1,1,1.000000
AdministrativeRegion,collectorParty,1,1,1.000000
AdministrativeRegion,colorBorder,1,1,1.000000
AdministrativeRegion,colours,1,1,1.000000
AdministrativeRegion,colspan,1,1,1.000000
AdministrativeRegion,comment,1,1,1.000000
AdministrativeRegion,completionDate,1,1,1.000000
AdministrativeRegion,confidence,1,1,1.000000
AdministrativeRegion,consecration,1,1,1.000000
AdministrativeRegion,conservation,1,1,1.000000
AdministrativeRegion,contentcss,1,110,0.009091
AdministrativeRegion,context,1,6,0.166667
AdministrativeRegion,continent,1,2,0.500000
AdministrativeRegion,controlledby,1,1,1.000000
AdministrativeRegion,coordscale,1,10,0.100000
AdministrativeRegion,copyrighturl,1,1,1.000000
AdministrativeRegion,counties,1,166,0.006024
AdministrativeRegion,court,1,1,1.000000
AdministrativeRegion,cover,1,1,1.000000
AdministrativeRegion,crash,1,1,1.000000
AdministrativeRegion,css,1,1,1.000000
AdministrativeRegion,daily,1,1,1.000000
AdministrativeRegion,danger,1,1,1.000000
AdministrativeRegion,dare,1,1,1.000000
AdministrativeRegion,data2Off,1,1,1.000000
AdministrativeRegion,data2Title,1,1,1.000000
AdministrativeRegion,data3Off,1,1,1.000000
AdministrativeRegion,data3Title,1,1,1.000000
AdministrativeRegion,data4Title,1,2,0.500000
AdministrativeRegion,data4Unsortable,1,2,0.500000
AdministrativeRegion,data4Width,1,1,1.000000
AdministrativeRegion,data5Title,1,1,1.000000
AdministrativeRegion,dateDecided,1,1,1.000000
AdministrativeRegion,dateDiscovered,1,1,1.000000
AdministrativeRegion,dateEstablished,1,1,1.000000
AdministrativeRegion,deathDate,1,1,1.000000
AdministrativeRegion,decisionBy,1,1,1.000000
AdministrativeRegion,demoAreaRef,1,1,1.000000
AdministrativeRegion,demoElectorsRef,1,3,0.333333
AdministrativeRegion,demographics2Footnotes,1,16,0.062500
AdministrativeRegion,densityfirst,1,1,1.000000
AdministrativeRegion,densityfirstyear,1,1,1.000000
AdministrativeRegion,densityFootnotes,1,1,1.000000
AdministrativeRegion,densitylast,1,1,1.000000
AdministrativeRegion,densitylastyear,1,1,1.000000
AdministrativeRegion,designatedOther,1,1,1.000000
AdministrativeRegion,designatedOther1Date,1,1,1.000000
AdministrativeRegion,designatedOther1Number,1,1,1.000000
AdministrativeRegion,designatedOther1NumPosition,1,1,1.000000
AdministrativeRegion,designation1Free3name,1,2,0.500000
AdministrativeRegion,designation2Criteria,1,1,1.000000
AdministrativeRegion,designation2Free1name,1,1,1.000000
AdministrativeRegion,designation2Free1value,1,1,1.000000
AdministrativeRegion,designation2Free3name,1,2,0.500000
AdministrativeRegion,designation3Criteria,1,1,1.000000
AdministrativeRegion,designation3Date,1,1,1.000000
AdministrativeRegion,designation3Offname,1,1,1.000000
AdministrativeRegion,designation3Type,1,1,1.000000
AdministrativeRegion,details,1,1,1.000000
AdministrativeRegion,developer,1,1,1.000000
AdministrativeRegion,discharge,1,1,1.000000
AdministrativeRegion,discoveredBy,1,1,1.000000
AdministrativeRegion,discoveryYear,1,1,1.000000
AdministrativeRegion,discuss,1,1,1.000000
AdministrativeRegion,disputed,1,1,1.000000
AdministrativeRegion,distance,1,1,1.000000
AdministrativeRegion,districteast,1,1,1.000000
AdministrativeRegion,districteastparty,1,1,1.000000
AdministrativeRegion,districtnorthparty,1,4,0.250000
AdministrativeRegion,districtsouthparty,1,4,0.250000
AdministrativeRegion,districtwest,1,1,1.000000
AdministrativeRegion,districtwestparty,1,1,1.000000
AdministrativeRegion,v,1,1,1.000000
AdministrativeRegion,sp,1,1,1.000000
AdministrativeRegion,krf,1,1,1.000000
AdministrativeRegion,doi,1,2,0.500000
AdministrativeRegion,downstream,1,1,1.000000
AdministrativeRegion,draftDepth,1,1,1.000000
AdministrativeRegion,drighraUnionCounsil,1,1,1.000000
AdministrativeRegion,drivesOn,1,1,1.000000
AdministrativeRegion,dwgs,1,1,1.000000
AdministrativeRegion,easiestRoute,1,1,1.000000
AdministrativeRegion,ecclesiasticalRegion,1,4,0.250000
AdministrativeRegion,edition,1,2,0.500000
AdministrativeRegion,editors,1,1,1.000000
AdministrativeRegion,education,1,1,1.000000
AdministrativeRegion,efu,1,1,1.000000
AdministrativeRegion,embed,1,1,1.000000
AdministrativeRegion,emblemCaption,1,1,1.000000
AdministrativeRegion,emblemSize,1,1,1.000000
AdministrativeRegion,estyear,1,8,0.125000
AdministrativeRegion,exOfficoOllector,1,1,1.000000
AdministrativeRegion,exOfficoRecorder,1,1,1.000000
AdministrativeRegion,expiry,1,1,1.000000
AdministrativeRegion,fa,1,1,1.000000
AdministrativeRegion,familycolor,1,1,1.000000
AdministrativeRegion,fate,1,1,1.000000
AdministrativeRegion,fetchwikidata,1,1,1.000000
AdministrativeRegion,fileno,1,1,1.000000
AdministrativeRegion,fillOpacity,1,17,0.058824
AdministrativeRegion,flagcaption,1,1,1.000000
AdministrativeRegion,flagTypeArticle,1,1,1.000000
AdministrativeRegion,fmt,1,1,1.000000
AdministrativeRegion,focus,1,1,1.000000
AdministrativeRegion,folkDance,1,2,0.500000
AdministrativeRegion,fontColord,1,1,1.000000
AdministrativeRegion,footerBackground,1,1,1.000000
AdministrativeRegion,fr,1,1,1.000000
AdministrativeRegion,frame,1,231,0.004329
AdministrativeRegion,frameStyle,1,1,1.000000
AdministrativeRegion,fromterms%23,1,1,1.000000
AdministrativeRegion,frozen,1,1,1.000000
AdministrativeRegion,h,1,1,1.000000
AdministrativeRegion,fullName,1,1,1.000000
AdministrativeRegion,functionalStatus,1,1,1.000000
AdministrativeRegion,fylke,1,21,0.047619
AdministrativeRegion,rv,1,1,1.000000
AdministrativeRegion,game,1,1,1.000000
AdministrativeRegion,gap,1,3,0.333333
AdministrativeRegion,gdpNominal,1,1,1.000000
AdministrativeRegion,gdpNominalPerCapita,1,1,1.000000
AdministrativeRegion,gdpNominalPerCapitaRank,1,1,1.000000
AdministrativeRegion,gdpNominalPerCapitaRankLink,1,1,1.000000
AdministrativeRegion,gdpNominalRank,1,1,1.000000
AdministrativeRegion,gdpNominalRankLink,1,1,1.000000
AdministrativeRegion,gdpNominalType,1,1,1.000000
AdministrativeRegion,gdpNominalYear,1,1,1.000000
AdministrativeRegion,gdpYear,1,13,0.076923
AdministrativeRegion,geology,1,1,1.000000
AdministrativeRegion,glotto,1,1,1.000000
AdministrativeRegion,goals,1,1,1.000000
AdministrativeRegion,governmentasof,1,1,1.000000
AdministrativeRegion,governmentBlank3Title,1,1,1.000000
AdministrativeRegion,gridName,1,5,0.200000
AdministrativeRegion,groundbreaking,1,1,1.000000
AdministrativeRegion,groundbreakingDate,1,1,1.000000
AdministrativeRegion,dlf,1,1,1.000000
AdministrativeRegion,kyst,1,1,1.000000
AdministrativeRegion,hazmat,1,1,1.000000
AdministrativeRegion,hdi,1,1,1.000000
AdministrativeRegion,hdiChange,1,1,1.000000
AdministrativeRegion,hdiRank,1,1,1.000000
AdministrativeRegion,hdiRankLink,1,1,1.000000
AdministrativeRegion,hdiYear,1,1,1.000000
AdministrativeRegion,headercss,1,110,0.009091
AdministrativeRegion,headerstyle,1,30,0.033333
AdministrativeRegion,herad,1,546,0.001832
AdministrativeRegion,herred,1,236,0.004237
AdministrativeRegion,hex,1,1,1.000000
AdministrativeRegion,hidepartycol,1,1,1.000000
AdministrativeRegion,hiderefcol,1,1,1.000000
AdministrativeRegion,hotSpringType,1,1,1.000000
AdministrativeRegion,houses,1,8,0.125000
AdministrativeRegion,iaff,1,1,1.000000
AdministrativeRegion,iaffweb,1,1,1.000000
AdministrativeRegion,iageCaption,1,1,1.000000
AdministrativeRegion,ids,1,1,1.000000
AdministrativeRegion,ignoreErr,1,1,1.000000
AdministrativeRegion,imagCaption,1,1,1.000000
AdministrativeRegion,image+caption,1,1,1.000000
AdministrativeRegion,imageBorder,1,1,1.000000
AdministrativeRegion,imageCpation,1,1,1.000000
AdministrativeRegion,imageEmblemSize,1,1,1.000000
AdministrativeRegion,imageFlagBorder,1,1,1.000000
AdministrativeRegion,imageGap,1,2,0.500000
AdministrativeRegion,imageLocation,1,1,1.000000
AdministrativeRegion,imagePalace,1,1,1.000000
AdministrativeRegion,imageSealSize,1,1,1.000000
AdministrativeRegion,imageSymbol,1,1,1.000000
AdministrativeRegion,imageTitle,1,1,1.000000
AdministrativeRegion,imperialUnit,1,1,1.000000
AdministrativeRegion,increase,1,1,1.000000
AdministrativeRegion,increaseRefnum,1,1,1.000000
AdministrativeRegion,incumbentSince,1,1,1.000000
AdministrativeRegion,indent,1,2,0.500000
AdministrativeRegion,indianPacific,1,2,0.500000
AdministrativeRegion,infobox,1,1,1.000000
AdministrativeRegion,inline,1,54,0.018519
AdministrativeRegion,input,1,131,0.007634
AdministrativeRegion,insigniasize,1,27,0.037037
AdministrativeRegion,isccname,1,1,1.000000
AdministrativeRegion,islands,1,1,1.000000
AdministrativeRegion,islandType,1,1,1.000000
AdministrativeRegion,isoexception,1,1,1.000000
AdministrativeRegion,itemsCollected,1,1,1.000000
AdministrativeRegion,julSnowCm,1,12,0.083333
AdministrativeRegion,julSnowDepthCm,1,7,0.142857
AdministrativeRegion,julSnowDepthInch,1,2,0.500000
AdministrativeRegion,julSnowMm,1,3,0.333333
AdministrativeRegion,v,1,1,1.000000
AdministrativeRegion,katakana,1,1,1.000000
AdministrativeRegion,keywords,1,1,1.000000
AdministrativeRegion,kmArea,1,1,1.000000
AdministrativeRegion,kmCoastline,1,1,1.000000
AdministrativeRegion,kyst,1,1,1.000000
AdministrativeRegion,kvName,1,1,1.000000
AdministrativeRegion,label2Size,1,1,1.000000
AdministrativeRegion,label3Size,1,1,1.000000
AdministrativeRegion,label4Size,1,1,1.000000
AdministrativeRegion,labelAngled,1,1,1.000000
AdministrativeRegion,labelOffsetXd,1,1,1.000000
AdministrativeRegion,labelOffsetYd,1,1,1.000000
AdministrativeRegion,labels,1,310,0.003226
AdministrativeRegion,ladested,1,1,1.000000
AdministrativeRegion,lakeType,1,2,0.500000
AdministrativeRegion,largest,1,14,0.071429
AdministrativeRegion,largestCity(1897),1,1,1.000000
AdministrativeRegion,largestMunicipality,1,1,1.000000
AdministrativeRegion,lat1Deg,1,1,1.000000
AdministrativeRegion,lat2Deg,1,1,1.000000
AdministrativeRegion,lat3Deg,1,1,1.000000
AdministrativeRegion,lat4Deg,1,1,1.000000
AdministrativeRegion,lat5Deg,1,1,1.000000
AdministrativeRegion,lat6Deg,1,1,1.000000
AdministrativeRegion,lcheading,1,1,1.000000
AdministrativeRegion,ldxd,1,11,0.090909
AdministrativeRegion,ldyd,1,11,0.090909
AdministrativeRegion,lead,1,1,1.000000
AdministrativeRegion,leader1Term,1,1,1.000000
AdministrativeRegion,leader2Term,1,1,1.000000
AdministrativeRegion,legalpersonality,1,1,1.000000
AdministrativeRegion,legend,1,1,1.000000
AdministrativeRegion,legend1start,1,13,0.076923
AdministrativeRegion,libraryName,1,1,1.000000
AdministrativeRegion,lightAndAir,1,1,1.000000
AdministrativeRegion,locationTown,1,1,1.000000
AdministrativeRegion,lon,1,1,1.000000
AdministrativeRegion,lon1Deg,1,1,1.000000
AdministrativeRegion,lon2Deg,1,1,1.000000
AdministrativeRegion,lon3Deg,1,1,1.000000
AdministrativeRegion,lon4Deg,1,1,1.000000
AdministrativeRegion,lon5Deg,1,1,1.000000
AdministrativeRegion,lon6Deg,1,1,1.000000
AdministrativeRegion,lonDir,1,8,0.125000
AdministrativeRegion,longd,1,1,1.000000
AdministrativeRegion,lowerHouse,1,1,1.000000
AdministrativeRegion,dpl,1,73,0.013699
AdministrativeRegion,ma,1,1,1.000000
AdministrativeRegion,majorIslands,1,1,1.000000
AdministrativeRegion,majorityneeded,1,1,1.000000
AdministrativeRegion,majorsites,1,1,1.000000
AdministrativeRegion,manager,1,1,1.000000
AdministrativeRegion,mapDataInverse,1,1,1.000000
AdministrativeRegion,mapDataLightx,1,1,1.000000
AdministrativeRegion,mapDatax,1,1,1.000000
AdministrativeRegion,mapframeFrameWidth,1,9,0.111111
AdministrativeRegion,mapframeLengthKm,1,1,1.000000
AdministrativeRegion,mapframePoint,1,5,0.200000
AdministrativeRegion,mapframeStrokeColor,1,1,1.000000
AdministrativeRegion,mapframeWikidata,1,24,0.041667
AdministrativeRegion,mark1size,1,1,1.000000
AdministrativeRegion,mark2size,1,1,1.000000
AdministrativeRegion,markCoord,1,1,1.000000
AdministrativeRegion,markDim,1,1,1.000000
AdministrativeRegion,markerColor,1,1,1.000000
AdministrativeRegion,marsupial,1,1,1.000000
AdministrativeRegion,maxtempFootnotes,1,1,1.000000
AdministrativeRegion,mc,1,1,1.000000
AdministrativeRegion,mean,1,1,1.000000
AdministrativeRegion,medianhouseholdincome,1,46,0.021739
AdministrativeRegion,mediaType,1,1,1.000000
AdministrativeRegion,metricRwy,1,1,1.000000
AdministrativeRegion,metricUnit,1,1,1.000000
AdministrativeRegion,metropolis,1,1,1.000000
AdministrativeRegion,minister3Termend,1,1,1.000000
AdministrativeRegion,minister3Termstart,1,1,1.000000
AdministrativeRegion,mlcts,1,1,1.000000
AdministrativeRegion,mode,1,2,0.500000
AdministrativeRegion,motive,1,1,1.000000
AdministrativeRegion,mottotranslated,1,1,1.000000
AdministrativeRegion,ms,1,1,1.000000
AdministrativeRegion,multiline,1,2,0.500000
AdministrativeRegion,munFormation1Refation1LeaderTitle,1,13,0.076923
AdministrativeRegion,mw,1,42,0.023810
AdministrativeRegion,nameLink,1,1,1.000000
AdministrativeRegion,nationalLanguages,1,1,1.000000
AdministrativeRegion,nativename,1,1,1.000000
AdministrativeRegion,nearestCity,1,1,1.000000
AdministrativeRegion,newspaperRef,1,1,1.000000
AdministrativeRegion,next,1,1,1.000000
AdministrativeRegion,nkhangul,1,1,1.000000
AdministrativeRegion,nkmr,1,1,1.000000
AdministrativeRegion,nkrr,1,1,1.000000
AdministrativeRegion,nocat,1,4,0.250000
AdministrativeRegion,nocatWdimage,1,1,1.000000
AdministrativeRegion,noicon,1,1,1.000000
AdministrativeRegion,noIcon,1,2,0.500000
AdministrativeRegion,nolabels,1,15,0.066667
AdministrativeRegion,nolink,1,1,1.000000
AdministrativeRegion,nonav,1,2,0.500000
AdministrativeRegion,noparent,1,1,1.000000
AdministrativeRegion,noprescript,1,1,1.000000
AdministrativeRegion,northkorea,1,4,0.250000
AdministrativeRegion,nr,1,2,0.500000
AdministrativeRegion,nrhpType,1,4,0.250000
AdministrativeRegion,nso,1,7,0.142857
AdministrativeRegion,numberOfJudges,1,1,1.000000
AdministrativeRegion,numBranches,1,1,1.000000
AdministrativeRegion,numEmployees,1,1,1.000000
AdministrativeRegion,oclc,1,1,1.000000
AdministrativeRegion,office,1,1,1.000000
AdministrativeRegion,onewayLeft,1,5,0.200000
AdministrativeRegion,onewayRight,1,2,0.500000
AdministrativeRegion,openedDate,1,1,1.000000
AdministrativeRegion,openingYear,1,1,1.000000
AdministrativeRegion,operated,1,1,1.000000
AdministrativeRegion,ordination,1,1,1.000000
AdministrativeRegion,otherLanguage,1,2,0.500000
AdministrativeRegion,others,1,3,0.333333
AdministrativeRegion,otherServicesHeader,1,1,1.000000
AdministrativeRegion,otherVersions,1,1,1.000000
AdministrativeRegion,outflow,1,1,1.000000
AdministrativeRegion,overlay10colour,1,1,1.000000
AdministrativeRegion,overlay10form,1,1,1.000000
AdministrativeRegion,overlay10left,1,1,1.000000
AdministrativeRegion,overlay10top,1,1,1.000000
AdministrativeRegion,overlay11colour,1,1,1.000000
AdministrativeRegion,overlay11form,1,1,1.000000
AdministrativeRegion,overlay11left,1,1,1.000000
AdministrativeRegion,overlay11top,1,1,1.000000
AdministrativeRegion,overlay12colour,1,1,1.000000
AdministrativeRegion,overlay12form,1,1,1.000000
AdministrativeRegion,overlay12left,1,1,1.000000
AdministrativeRegion,overlay12top,1,1,1.000000
AdministrativeRegion,overlay13left,1,1,1.000000
AdministrativeRegion,overlay13top,1,1,1.000000
AdministrativeRegion,overlay14left,1,1,1.000000
AdministrativeRegion,overlay14top,1,1,1.000000
AdministrativeRegion,overlay15colour,1,1,1.000000
AdministrativeRegion,overlay15left,1,1,1.000000
AdministrativeRegion,overlay15top,1,1,1.000000
AdministrativeRegion,overlay16left,1,1,1.000000
AdministrativeRegion,overlay16top,1,1,1.000000
AdministrativeRegion,overlay17left,1,1,1.000000
AdministrativeRegion,overlay17top,1,1,1.000000
AdministrativeRegion,overlay18left,1,1,1.000000
AdministrativeRegion,overlay18top,1,1,1.000000
AdministrativeRegion,overlay19left,1,1,1.000000
AdministrativeRegion,overlay19top,1,1,1.000000
AdministrativeRegion,overlay1form,1,13,0.076923
AdministrativeRegion,overlay1tip,1,1,1.000000
AdministrativeRegion,overlay20left,1,1,1.000000
AdministrativeRegion,overlay20top,1,1,1.000000
AdministrativeRegion,overlay2form,1,13,0.076923
AdministrativeRegion,overlay2tip,1,1,1.000000
AdministrativeRegion,overlay3colour,1,13,0.076923
AdministrativeRegion,overlay3form,1,13,0.076923
AdministrativeRegion,overlay3left,1,1,1.000000
AdministrativeRegion,overlay3top,1,1,1.000000
AdministrativeRegion,overlay4colour,1,12,0.083333
AdministrativeRegion,overlay4form,1,12,0.083333
AdministrativeRegion,overlay4left,1,1,1.000000
AdministrativeRegion,overlay4top,1,1,1.000000
AdministrativeRegion,overlay5colour,1,9,0.111111
AdministrativeRegion,overlay5form,1,9,0.111111
AdministrativeRegion,overlay5left,1,1,1.000000
AdministrativeRegion,overlay5top,1,1,1.000000
AdministrativeRegion,overlay6colour,1,6,0.166667
AdministrativeRegion,overlay6form,1,6,0.166667
AdministrativeRegion,overlay6left,1,1,1.000000
AdministrativeRegion,overlay6top,1,1,1.000000
AdministrativeRegion,overlay7colour,1,5,0.200000
AdministrativeRegion,overlay7form,1,5,0.200000
AdministrativeRegion,overlay7left,1,1,1.000000
AdministrativeRegion,overlay7top,1,1,1.000000
AdministrativeRegion,overlay8colour,1,1,1.000000
AdministrativeRegion,overlay8form,1,1,1.000000
AdministrativeRegion,overlay8left,1,1,1.000000
AdministrativeRegion,overlay8top,1,1,1.000000
AdministrativeRegion,overlay9colour,1,1,1.000000
AdministrativeRegion,overlay9form,1,1,1.000000
AdministrativeRegion,overlay9left,1,1,1.000000
AdministrativeRegion,overlay9top,1,1,1.000000
AdministrativeRegion,owned,1,1,1.000000
AdministrativeRegion,ownerOper,1,1,1.000000
AdministrativeRegion,ownership,1,1,1.000000
AdministrativeRegion,parentagency,1,1,1.000000
AdministrativeRegion,parentPeak,1,2,0.500000
AdministrativeRegion,partyterm%23,1,1,1.000000
AdministrativeRegion,pd,1,1,1.000000
AdministrativeRegion,perps,1,1,1.000000
AdministrativeRegion,photo1a,1,1,1.000000
AdministrativeRegion,photo1b,1,1,1.000000
AdministrativeRegion,photo2c,1,1,1.000000
AdministrativeRegion,photo2d,1,1,1.000000
AdministrativeRegion,photos,1,1,1.000000
AdministrativeRegion,picwidth,1,1,1.000000
AdministrativeRegion,placeDiscovered,1,1,1.000000
AdministrativeRegion,places,1,2,0.500000
AdministrativeRegion,plant,1,1,1.000000
AdministrativeRegion,pop2010Census,1,1,1.000000
AdministrativeRegion,pop2020census,1,1,1.000000
AdministrativeRegion,popEstAsOf.,1,1,1.000000
AdministrativeRegion,popEstFootnotes,1,1,1.000000
AdministrativeRegion,popEstimate,1,1,1.000000
AdministrativeRegion,popisi,1,20,0.050000
AdministrativeRegion,popServed,1,1,1.000000
AdministrativeRegion,populationDensityBlank1SqMi,1,1,1.000000
AdministrativeRegion,populationDensityBlank2Km,1,1,1.000000
AdministrativeRegion,populationDensityRankLink,1,1,1.000000
AdministrativeRegion,populationDensityRuralKm,1,4,0.250000
AdministrativeRegion,populationDensityRuralSqMi,1,1,1.000000
AdministrativeRegion,populationDensityUrbanSqMi,1,3,0.333333
AdministrativeRegion,populationEstimateRank,1,1,1.000000
AdministrativeRegion,populationMunic,1,1,1.000000
AdministrativeRegion,populationRankLink,1,1,1.000000
AdministrativeRegion,populationTitle,1,1,1.000000
AdministrativeRegion,populationUrbanFootnotes,1,3,0.333333
AdministrativeRegion,populationVillage,1,1,1.000000
AdministrativeRegion,postText,1,1,1.000000
AdministrativeRegion,preceding,1,1,1.000000
AdministrativeRegion,precipDaysColour,1,1,1.000000
AdministrativeRegion,precipitationColor,1,3,0.333333
AdministrativeRegion,precipitationColour,1,2691,0.000372
AdministrativeRegion,predecessor,1,1,1.000000
AdministrativeRegion,prefix,1,3,0.333333
AdministrativeRegion,premierships,1,1,1.000000
AdministrativeRegion,prev,1,1,1.000000
AdministrativeRegion,procRepPartyLink,1,1,1.000000
AdministrativeRegion,products,1,1,1.000000
AdministrativeRegion,proportion,1,1,1.000000
AdministrativeRegion,prosecutingAttorney,1,1,1.000000
AdministrativeRegion,prosecutingAttorneyparty,1,1,1.000000
AdministrativeRegion,protected,1,1,1.000000
AdministrativeRegion,protectedRef,1,1,1.000000
AdministrativeRegion,provDistrictNumber,1,1,1.000000
AdministrativeRegion,provElectionFrst,1,1,1.000000
AdministrativeRegion,pubDate,1,1,1.000000
AdministrativeRegion,published,1,1,1.000000
AdministrativeRegion,punct,1,2,0.500000
AdministrativeRegion,qc,1,1,1.000000
AdministrativeRegion,qn,1,1,1.000000
AdministrativeRegion,g,1,1,1.000000
AdministrativeRegion,r2LengthF,1,1,1.000000
AdministrativeRegion,r2LengthM,1,1,1.000000
AdministrativeRegion,r3LengthF,1,1,1.000000
AdministrativeRegion,r3LengthM,1,1,1.000000
AdministrativeRegion,rainColor,1,5,0.200000
AdministrativeRegion,rainColour,1,350,0.002857
AdministrativeRegion,rank,1,1,1.000000
AdministrativeRegion,recognizedLanguages,1,1,1.000000
AdministrativeRegion,recognizedNationalLanguages,1,1,1.000000
AdministrativeRegion,recorderofdeeds,1,1,1.000000
AdministrativeRegion,redistricting,1,1,1.000000
AdministrativeRegion,refs,1,1,1.000000
AdministrativeRegion,reg.Electors,1,1,1.000000
AdministrativeRegion,regions,1,3,0.333333
AdministrativeRegion,regionSeatWidth,1,2,0.500000
AdministrativeRegion,regionServed,1,1,1.000000
AdministrativeRegion,regionTitle,1,1,1.000000
AdministrativeRegion,regionType,1,1,1.000000
AdministrativeRegion,religiousAffiliation,1,1,1.000000
AdministrativeRegion,repterms,1,1,1.000000
AdministrativeRegion,revision,1,1,1.000000
AdministrativeRegion,ridingName,1,1,1.000000
AdministrativeRegion,rows,1,1,1.000000
AdministrativeRegion,ruralPopPercent,1,1,1.000000
AdministrativeRegion,g,1,1,1.000000
AdministrativeRegion,nkp,1,3,0.333333
AdministrativeRegion,salign,1,2,0.500000
AdministrativeRegion,sealWl,1,1,1.000000
AdministrativeRegion,seats2Title,1,1,1.000000
AdministrativeRegion,seats3Title,1,1,1.000000
AdministrativeRegion,seats4Title,1,1,1.000000
AdministrativeRegion,sep,1,1,1.000000
AdministrativeRegion,services,1,1,1.000000
AdministrativeRegion,sessionAlt,1,1,1.000000
AdministrativeRegion,shapeOutlined,1,12,0.083333
AdministrativeRegion,shield,1,1,1.000000
AdministrativeRegion,showaltofficeholder,1,1,1.000000
AdministrativeRegion,showcabinet,1,1,1.000000
AdministrativeRegion,showcoalition,1,1,1.000000
AdministrativeRegion,showdefencebranch,1,1,1.000000
AdministrativeRegion,showelection,1,1,1.000000
AdministrativeRegion,showimage,1,3,0.333333
AdministrativeRegion,showorder,1,2,0.500000
AdministrativeRegion,showparty,1,3,0.333333
AdministrativeRegion,showref,1,1,1.000000
AdministrativeRegion,showtermend,1,1,1.000000
AdministrativeRegion,showtermlenght,1,3,0.333333
AdministrativeRegion,showtermstart,1,1,1.000000
AdministrativeRegion,sLink,1,1,1.000000
AdministrativeRegion,snowColour,1,7,0.142857
AdministrativeRegion,sobriquet,1,1,1.000000
AdministrativeRegion,sortable,1,1,1.000000
AdministrativeRegion,sourcepath,1,1,1.000000
AdministrativeRegion,kyst,1,1,1.000000
AdministrativeRegion,spacing,1,1,1.000000
AdministrativeRegion,spalten,1,1,1.000000
AdministrativeRegion,speciesAuthor,1,1,1.000000
AdministrativeRegion,spouse,1,1,1.000000
AdministrativeRegion,ss,1,2,0.500000
AdministrativeRegion,sSearch,1,1,1.000000
AdministrativeRegion,st,1,5,0.200000
AdministrativeRegion,stadiumName,1,1,1.000000
AdministrativeRegion,statDensity,1,1,1.000000
AdministrativeRegion,province,1,1,1.000000
AdministrativeRegion,stateRep,1,2,0.500000
AdministrativeRegion,stateSen,1,2,0.500000
AdministrativeRegion,structuralSystem,1,1,1.000000
AdministrativeRegion,structure2Res,1,1,1.000000
AdministrativeRegion,subdivtype,1,20,0.050000
AdministrativeRegion,summerCapital,1,1,1.000000
AdministrativeRegion,surface,1,1,1.000000
AdministrativeRegion,survey,1,1,1.000000
AdministrativeRegion,g,1,2,0.500000
AdministrativeRegion,rv,1,1,1.000000
AdministrativeRegion,switch,1,10,0.100000
AdministrativeRegion,symbolLocation,1,1,1.000000
AdministrativeRegion,ta,1,2,0.500000
AdministrativeRegion,talksection,1,1,1.000000
AdministrativeRegion,target,1,1,1.000000
AdministrativeRegion,temperature,1,1,1.000000
AdministrativeRegion,temperatureColour,1,15,0.066667
AdministrativeRegion,tenants,1,1,1.000000
AdministrativeRegion,tenders,1,2,0.500000
AdministrativeRegion,territorialExtent,1,1,1.000000
AdministrativeRegion,textAlign,1,1,1.000000
AdministrativeRegion,theGhan,1,2,0.500000
AdministrativeRegion,thisis,1,1,1.000000
AdministrativeRegion,time,1,1,1.000000
AdministrativeRegion,timezone4Location,1,2,0.500000
AdministrativeRegion,timezone5Location,1,2,0.500000
AdministrativeRegion,timezonste,1,1,1.000000
AdministrativeRegion,titleBar,1,1,1.000000
AdministrativeRegion,tji,1,1,1.000000
AdministrativeRegion,tn,1,8,0.125000
AdministrativeRegion,torse,1,1,1.000000
AdministrativeRegion,totalAffected,1,1,1.000000
AdministrativeRegion,totalFires,1,1,1.000000
AdministrativeRegion,townOfDistrictSignificance,1,1,1.000000
AdministrativeRegion,towns,1,3,0.333333
AdministrativeRegion,tracks,1,1,1.000000
AdministrativeRegion,ts,1,6,0.166667
AdministrativeRegion,typesite,1,1,1.000000
AdministrativeRegion,unemploymentTotal,1,1,1.000000
AdministrativeRegion,unitName,1,1,1.000000
AdministrativeRegion,unittype,1,2,0.500000
AdministrativeRegion,upisano,1,20,0.050000
AdministrativeRegion,upperHouse,1,1,1.000000
AdministrativeRegion,upright,1,1,1.000000
AdministrativeRegion,upstream,1,1,1.000000
AdministrativeRegion,urlStatus,1,2,0.500000
AdministrativeRegion,usar,1,1,1.000000
AdministrativeRegion,use,1,1,1.000000
AdministrativeRegion,ve,1,6,0.166667
AdministrativeRegion,vehicle2type,1,2,0.500000
AdministrativeRegion,version,1,1,1.000000
AdministrativeRegion,vi,1,3,0.333333
AdministrativeRegion,villages,1,3,0.333333
AdministrativeRegion,visitationFootnotes,1,1,1.000000
AdministrativeRegion,vol12Pages,1,1,1.000000
AdministrativeRegion,volunteers,1,1,1.000000
AdministrativeRegion,voySearch,1,1,1.000000
AdministrativeRegion,warning,1,88,0.011364
AdministrativeRegion,wide,1,1,1.000000
AdministrativeRegion,widthPercent,1,2,0.500000
AdministrativeRegion,widthUnits,1,9,0.111111
AdministrativeRegion,wikidata,1,136,0.007353
AdministrativeRegion,wildfireEngines,1,1,1.000000
AdministrativeRegion,with,1,1,1.000000
AdministrativeRegion,words,1,1,1.000000
AdministrativeRegion,wq,1,1,1.000000
AdministrativeRegion,writer,1,1,1.000000
AdministrativeRegion,written,1,1,1.000000
AdministrativeRegion,xh,1,8,0.125000
AdministrativeRegion,yearSnowMm,1,1,1.000000
AdministrativeRegion,zipCode,1,1,1.000000
AdministrativeRegion,zu,1,8,0.125000
