node,entropy_weighted,unweighted,rank_weighted,rank_unweighted,rank_shift
United_States,65.03777953,168.00280178,1,1,0
Earth,25.99998751,102.54650571,2,2,0
France,21.44596370,59.25042622,3,3,0
Europe,16.28477706,43.17599801,4,4,0
Iraq,13.44451377,41.38910985,5,5,0
Virginia,12.43170934,29.91659617,6,8,2
Asia,11.88600920,36.81255392,7,7,0
Spain,9.88462596,21.44813555,8,15,7
Italy,9.67138386,23.09445864,9,12,3
Africa,9.10854503,25.64771452,10,9,-1
Germany,8.06149228,22.22384221,11,14,3
Confederate_States_of_America,8.04778218,25.62538467,12,10,-2
Afghanistan,7.82463397,25.46924744,13,11,-2
Atlantic_Ocean,7.71847319,18.10893554,14,17,3
Poland,7.39188213,16.74470221,15,18,3
Vietnam,6.56135575,18.82190445,16,16,0
China,6.33115795,22.75888867,17,13,-4
Netherlands,6.19622824,15.07964930,18,21,3
Russia,6.11805818,15.63375615,19,19,0
Tennessee,5.93953609,13.99960942,20,24,4
Pacific_Ocean,5.93839156,14.04055888,21,23,2
Missouri,5.37482783,15.28377894,22,20,-2
Philippines,5.27215695,11.91829594,23,29,6
India,5.08514868,13.87479363,24,25,1
Canada,4.88335555,12.64540822,25,27,2
Belgium,4.32186844,11.20706804,26,31,5
Kentucky,4.12475241,12.68318222,27,26,-1
South_Korea,4.10363283,14.54936118,28,22,-6
Americas,4.06392199,12.48215029,29,28,-1
Finland,4.02484609,9.20835717,30,37,7
North_Carolina,3.99801523,8.45686395,31,39,8
Western_United_States,3.98732254,10.35694042,32,33,1
South_Carolina,3.82881195,8.06690560,33,41,8
Portugal,3.78430955,7.55689797,34,47,13
Lower_Normandy,3.74984868,7.93278926,35,42,7
Oceania,3.71358248,9.36417969,36,36,0
Mediterranean_Sea,3.65084488,8.35663358,37,40,3
South_Vietnam,3.61594942,9.67588245,38,35,-3
Iran,3.58750046,11.48718953,39,30,-9
Soviet_Union,3.35333915,7.59188598,40,46,6
New_Jersey,3.35028284,7.31219471,41,53,12
Cuba,3.22064409,7.47247978,42,48,6
Japan,3.21216835,9.81493081,43,34,-9
Ukraine,3.19384787,6.82314530,44,58,14
Ontario,3.05688692,6.63297836,45,62,17
Turkey,3.00844592,7.72690487,46,45,-1
Holy_Roman_Empire,2.98465952,6.27186084,47,67,20
Egypt,2.87713150,6.75329212,48,60,12
North_America,2.79916212,6.32556945,49,66,17
West_Virginia,2.74446296,5.95834936,50,72,22
Nord-Pas-de-Calais,2.74378797,6.51232991,51,65,14
Pennsylvania,2.73060608,4.99415545,52,82,30
Brazil,2.71439475,6.72126667,53,61,8
Indonesia,2.69630004,7.41752757,54,51,-3
Battle_of_Blue_Licks,2.68741171,8.63607216,55,38,-17
Solomon_Islands,2.60741530,6.53633940,56,64,8
Norway,2.56667902,5.13621222,57,78,21
Picardy,2.56026752,5.68220181,58,74,16
Pakistan,2.55175762,7.81588213,59,43,-16
Nazi_Germany,2.50932123,5.10476816,60,79,19
North_Korea,2.50734857,7.42705405,61,50,-11
Caen,2.46145511,7.06027563,62,54,-8
Paris,2.42464563,6.62788590,63,63,0
Australia,2.41679055,6.08206168,64,69,5
New_York_City,2.39839183,4.30860698,65,95,30
Indian_Ocean,2.38766439,7.03405870,66,55,-11
Southeast_Asia,2.33727489,6.01576493,67,71,4
Papua_New_Guinea,2.29669232,5.09282424,68,80,12
Somalia,2.27712160,7.43684820,69,49,-20
English_language,2.26942658,10.77014751,70,32,-38
Florida,2.25516728,4.72290534,71,86,15
Lebanon,2.19934890,4.88236069,72,84,12
Israel,2.18773709,5.29192441,73,77,4
Mississippi,2.18316007,4.88258196,74,83,9
Illinois,2.17888855,4.46996795,75,89,14
United_Kingdom,2.16602772,5.91739964,76,73,-3
England,2.13058532,4.53025688,77,88,11
Texas,2.12394599,4.78439094,78,85,7
War_on_Terror,2.04990310,6.87902051,79,56,-23
Lists_of_World_Heritage_Sites_in_Europe,2.03611957,5.01410623,80,81,1
Laos,1.99958257,6.16314523,81,68,-13
Kingdom_of_Great_Britain,1.93183282,3.89271529,82,110,28
Peru,1.92369974,4.17108607,83,100,17
Second_Polish_Republic,1.90502660,4.20108290,84,99,15
Alabama,1.88280680,3.60769913,85,117,32
Kansas_City,1.87527269,7.79333067,86,44,-42
Chechnya,1.87419573,6.86767425,87,57,-30
Chicago,1.86497810,4.27892655,88,97,9
Tunisia,1.82746865,3.94744468,89,108,19
Arkansas,1.81735277,3.92471519,90,109,19
Luzon_(eiland),1.80358957,3.52789291,91,121,30
Iraqi_Kurdistan,1.78041751,6.76028998,92,59,-33
Estonia,1.77868571,3.45846872,93,127,34
New_Mexico,1.74047300,3.85275771,94,112,18
Georgia_(U.S._state),1.73344329,4.08887794,95,102,7
Maryland,1.67394387,3.99708529,96,106,10
Chile,1.65099175,3.43008325,97,128,31
California,1.61040164,3.18273508,98,144,46
North_Rhine-Westphalia,1.60892216,3.57164411,99,119,20
Sicily,1.60635535,3.04830408,100,148,48
South_America,1.59378404,3.35750802,101,134,33
Hungary,1.58091803,3.53716745,102,120,18
Morocco,1.57551933,3.84569282,103,113,10
Switzerland,1.57399916,4.36439580,104,92,-12
Normandy,1.55965770,3.30950738,105,136,31
Denmark,1.55769235,3.21422169,106,142,36
Al_Anbar_Governorate,1.55491641,4.35840640,107,93,-14
South_China_Sea,1.55086785,4.03812565,108,105,-3
Syria,1.50890676,4.08615069,109,103,-6
Libya,1.50133082,3.24366944,110,140,30
Burma,1.48760857,3.28662643,111,138,27
Georgia_(country),1.48237585,3.37489749,112,131,19
East_Timor,1.46932202,5.40169433,113,75,-38
South_Africa,1.46465543,3.38832432,114,129,15
male,1.43538788,38.36987868,115,6,-109
Cambodia,1.41893643,3.95961900,116,107,-9
Romania,1.38241518,3.23888626,117,141,24
Ottoman_Empire,1.37545090,3.37483590,118,132,14
War_in_Afghanistan_(2001%2013present),1.36747684,4.27459435,119,98,-21
"Loudoun_County,_Virginia",1.35813205,2.96476604,120,151,31
Louisiana,1.35457291,3.51971640,121,124,3
Algeria,1.34858099,3.66359704,122,116,-6
Moscow,1.34695583,2.83893587,123,160,37
Minnesota,1.34343592,2.45543433,124,190,66
Greece,1.33931128,2.57063603,125,180,55
Veracruz,1.33829542,6.03065473,126,70,-56
Belarus,1.32885211,3.11126656,127,146,19
Operation_Enduring_Freedom,1.29741975,4.45840612,128,91,-37
Southern_Europe,1.29452921,3.89180090,129,111,-18
"Henrico_County,_Virginia",1.29036709,2.85067292,130,158,28
Ramadi,1.27936965,4.30324001,131,96,-35
Amiens,1.27083910,3.70880944,132,115,-17
West_Bank,1.26314962,2.47213899,133,188,55
Middle_East,1.25713439,2.80756102,134,164,30
Lithuania,1.25053237,2.88145553,135,157,22
Piedmont,1.24798618,2.26858219,136,212,76
Catalonia,1.24250869,2.93579934,137,153,16
Falkland_Islands,1.22927378,2.07215739,138,238,100
Oklahoma,1.22406444,2.19504240,139,223,84
Persian_Gulf,1.22116655,3.60605685,140,118,-22
Berlin,1.21704019,2.64781048,141,175,34
Toronto,1.21046161,3.38426142,142,130,-12
Palestine,1.20474022,2.49738402,143,187,44
Operation_Enduring_Freedom_%2013_Horn_of_Africa,1.19830675,4.04183415,144,104,-40
"Trenton,_New_Jersey",1.19305796,3.49811464,145,126,-19
Austria,1.18314494,2.83763941,146,161,15
London,1.16890832,2.39800413,147,194,47
Angola,1.16734988,2.90840983,148,154,6
Cyprus,1.15935141,2.66595662,149,172,23
Malaysia,1.15478710,3.27419926,150,139,-11
Indiana,1.14300598,2.10833875,151,234,83
English_Channel,1.14230547,2.12601320,152,231,79
Caribbean,1.12177061,2.66551707,153,173,20
Saudi_Arabia,1.11288838,4.32144887,154,94,-60
"Memphis,_Tennessee",1.11282039,3.51063120,155,125,-30
Warsaw,1.09963293,2.30256864,156,211,55
wordnet_chemical_114806838,1.09708753,7.38737265,157,52,-105
Thailand,1.09556037,4.12946112,158,101,-57
Wyoming,1.08986226,1.94968470,159,260,101
Scotland,1.08801973,1.81400380,160,275,115
Lille,1.08140268,3.32713982,161,135,-26
Azerbaijan,1.08123536,2.51929570,162,186,24
Michigan,1.07724366,2.31707667,163,205,42
Baltic_Sea,1.07134298,1.95350154,164,259,95
Low_Countries,1.06856837,2.33318777,165,204,39
Eritrea,1.04709433,2.23919017,166,219,53
Korea,1.04032774,3.52744704,167,122,-45
Lorraine_(region),1.03326144,2.31337625,168,208,40
Singapore,1.02535828,3.52212738,169,123,-46
"Jackson_County,_Missouri",1.01962317,3.79713773,170,114,-56
Atlanta,1.01876712,2.84241629,171,159,-12
Korean_War,1.01869047,3.14160157,172,145,-27
Crawford_expedition,1.01364577,2.37311835,173,198,25
Czech_Republic,1.00982831,2.37912618,174,197,23
Massachusetts,1.00961583,1.80595772,175,277,102
European_Space_Agency,1.00619705,2.57556431,176,179,3
Congo_Crisis,1.00461062,3.04582510,177,149,-28
Caribbean_Sea,0.99905108,2.12734729,178,230,52
Province_of_New_York,0.99851054,1.73857804,179,291,112
Istanbul,0.99479612,1.71774644,180,296,116
Mindanao,0.99350691,2.35923938,181,202,21
Democratic_Republic_of_the_Congo,0.99237473,3.05853857,182,147,-35
Settling_Accounts,0.99095539,2.82429844,183,162,-21
Ethiopia,0.98759533,2.66510702,184,174,-10
Baghdad,0.98729751,2.77674260,185,168,-17
Operation_Atalanta,0.98179294,2.88467492,186,156,-30
Brittany,0.98096304,2.08784528,187,237,50
Dagestan,0.97812843,2.53602920,188,184,-4
Sweden,0.97753091,2.13045095,189,228,39
Guadalcanal,0.97617813,2.95629989,190,152,-38
Beijing,0.96887207,2.31625848,191,207,16
Empire_of_Japan,0.96848503,2.11926414,192,232,40
Central_Europe,0.96477667,2.02638788,193,246,53
New_South_Wales,0.95715857,1.46370286,194,344,150
"Santa_Fe,_New_Mexico",0.95360356,2.42029792,195,192,-3
Helmand_Province,0.95149718,2.38953179,196,196,0
Latvia,0.94384331,2.34617626,197,203,6
Wisconsin,0.94270986,1.81810359,198,274,76
Madrid,0.93447606,1.77973707,199,282,83
Slovenia,0.93373287,2.04038995,200,243,43
Los_Angeles,0.91186304,2.04587751,201,242,41
"Dinwiddie_County,_Virginia",0.90754642,1.96805846,202,256,54
Dominican_Republic,0.90559092,2.02168103,203,248,45
Serbia,0.90474756,2.16112657,204,226,22
North_Sea,0.90345999,1.74404472,205,290,85
Nijinsky%27s_Secret,0.90067064,2.22360145,206,221,15
Quebec,0.89602748,1.51282891,207,336,129
Southern_District_(Israel),0.88278114,2.04985315,208,241,33
Boston,0.88029315,1.67082965,209,308,99
Turin,0.88026805,2.06992913,210,239,29
Albania,0.87855266,2.10737619,211,235,24
Maine,0.87729959,2.03677919,212,245,33
Uganda,0.86828002,1.79159536,213,279,66
Jerusalem,0.86273711,1.60776130,214,321,107
International_Airport_Irkutsk,0.85555261,1.72942401,215,293,78
Territory_of_New_Guinea,0.85445424,1.83570522,216,271,55
Detroit,0.85409684,1.92222812,217,264,47
Grozny,0.84630991,3.36184029,218,133,-85
North_Vietnam,0.84283298,2.02338366,219,247,28
Kabul,0.83273644,2.82115565,220,163,-57
International_Force_for_East_Timor,0.83218705,2.59484155,221,178,-43
Basra,0.82857716,2.25022091,222,217,-5
"Nashville,_Tennessee",0.82801070,2.57041685,223,181,-42
D%C3%BCsseldorf,0.82270181,2.41005999,224,193,-31
Arabian_Sea,0.81648961,2.56834900,225,182,-43
Kingdom_of_Italy_(1861%20131946),0.81613520,1.73181288,226,292,66
Baden-W%C3%BCrttemberg,0.81531441,1.40481153,227,362,135
Kiev,0.81516563,1.60832384,228,320,92
Kosovo_War,0.81382889,2.39367353,229,195,-34
Baltimore,0.80743485,2.21945398,230,222,-8
Morobe_Province,0.80669466,1.57503194,231,328,97
Sinai_Peninsula,0.80582963,1.77949958,232,283,51
German_Empire,0.80430563,2.00084508,233,249,16
Al_Anbar_Province,0.80416853,2.26255384,234,216,-18
Nicaraguan_Revolution,0.80362492,2.30464349,235,210,-25
Ashdod,0.80331756,2.11155416,236,233,-3
Castile-La_Mancha,0.80037154,2.88804147,237,155,-82
Indian_Rebellion_of_1857,0.79557415,1.23100438,238,425,187
Gulf_of_Aden,0.78794343,2.99784852,239,150,-89
Sea_of_Japan,0.78763450,2.12825702,240,229,-11
Khuzestan_Province,0.78715523,2.15728413,241,227,-14
East_Asia,0.78609734,1.62156129,242,317,75
Montana,0.78311162,1.40559687,243,361,118
Prague,0.78302948,1.69758704,244,302,58
Paktia_Province,0.78179064,2.42664746,245,191,-54
Russian_Civil_War,0.77884936,1.69348936,246,304,58
Venezuela,0.77743533,1.83467649,247,272,25
Alaska,0.77615490,1.31517208,248,392,144
Muhammad,0.77298645,0.95175298,249,569,320
Muhammad_in_Islam,0.77298645,0.95175298,250,570,320
Operation_Active_Endeavour,0.77170231,2.17266229,251,224,-27
Hartsfield%2013Jackson_Atlanta_International_Airport,0.77132384,1.80088447,252,278,26
Horn_of_Africa,0.77064311,2.79835159,253,166,-87
Russian_Empire,0.76963762,1.75101175,254,288,34
"Baton_Rouge,_Louisiana",0.76928615,2.36533077,255,199,-56
Dutch_Republic,0.76667754,1.41109914,256,360,104
Vermont,0.75936961,1.31911625,257,389,132
Abkhazia,0.75924143,1.64096438,258,311,53
%C3%8Ele-de-France,0.75906557,2.26430913,259,214,-45
Sudan,0.75886345,1.99016590,260,251,-9
"Washington,_D.C.",0.74954850,1.37327301,261,370,109
Tlaxcala,0.74906247,2.73758365,262,170,-92
South_Dakota,0.74605587,1.26982182,263,408,145
Flanders,0.74054596,1.70897278,264,298,34
Idaho,0.73909646,1.31916567,265,388,123
wordnet_foodstuff_107566340,0.73790096,4.65131601,266,87,-179
Taiwan,0.73556847,1.74914393,267,289,22
Northern_Ostrobothnia,0.73440523,1.41650851,268,356,88
Toledo_Province,0.72896864,2.78219386,269,167,-102
Gaza_Strip,0.72871321,1.48423738,270,340,70
Nicaragua,0.72823611,2.53448679,271,185,-86
Yemen,0.72627204,1.63404630,272,315,43
Balkans,0.72352891,1.87403557,273,267,-6
Medina,0.72314365,1.39337038,274,365,91
Mexico_City,0.72102423,1.27919595,275,405,130
Dutch_East_Indies,0.71291868,1.70002756,276,301,25
Central_Asia,0.71123830,1.56020969,277,330,53
Philippine_Sea,0.71089665,1.57023010,278,329,51
"Tallahassee,_Florida",0.70996149,1.80839059,279,276,-3
Republic_of_China_(1912%201349),0.70977399,1.60754718,280,322,42
Northwestern_Federal_District,0.70971135,1.32370164,281,385,104
Haiti,0.70833550,1.98758697,282,253,-29
"Clay_County,_Missouri",0.70364244,2.76152483,283,169,-114
New_Guinea,0.70347725,1.52168468,284,335,51
Calabria,0.70264854,1.09789750,285,488,203
Kandahar,0.69153187,1.94941221,286,261,-25
East_Prussia,0.69049559,1.19069040,287,441,154
Federally_Administered_Tribal_Areas,0.69043062,1.70975786,288,297,9
West_Indies,0.68948366,1.06535875,289,503,214
Calais,0.68858069,1.85991505,290,268,-22
Armenia,0.68714014,1.46198030,291,345,54
Palestinian_territories,0.68558407,1.26407183,292,410,118
European_theatre_of_World_War_II,0.68294132,1.88324248,293,265,-28
East_China_Sea,0.68265585,1.59981908,294,324,30
Mogadishu,0.68257601,1.97650018,295,254,-41
Colorado,0.68131052,1.13603191,296,467,171
Tlaxcala_(state),0.68077053,2.63653479,297,176,-121
"Petersburg,_Virginia",0.67658466,1.37654713,298,369,71
Operation_Deliberate_Force,0.67635760,1.95640711,299,258,-41
Imjin_River,0.67629774,2.31698945,300,206,-94
Rouen,0.67489826,1.88071047,301,266,-35
Ulan-Ude_Airport,0.67357546,1.33166243,302,381,79
Near_East,0.67318270,1.66667022,303,309,6
Ba%27athist_Iraq,0.67083590,1.70335372,304,300,-4
New_Zealand,0.67082163,1.25733068,305,412,107
Extremadura,0.67064787,1.05368172,306,511,205
NATO_bombing_of_Yugoslavia,0.66827095,1.92705684,307,263,-44
Eiffel_Tower,0.66760281,1.83978253,308,270,-38
Unified_Task_Force,0.66639099,1.98855750,309,252,-57
wordnet_machinery_103701640,0.66606665,4.46497705,310,90,-220
Colombia,0.66472218,2.03967204,311,244,-67
New_York_metropolitan_area,0.66233614,1.03909099,312,518,206
John_F._Kennedy_International_Airport,0.65495829,1.44784615,313,348,35
Honshu,0.65362831,1.15701658,314,452,138
Maastricht,0.65287826,1.27905026,315,406,91
Palermo,0.65204252,1.40271447,316,363,47
Barcelona,0.65110438,1.53242166,317,332,15
Connecticut,0.65106398,1.04420903,318,515,197
West_Africa,0.65096447,1.19904071,319,438,119
"Jackson,_Mississippi",0.65062388,1.78544413,320,280,-40
Nebraska,0.64618245,1.13324063,321,471,150
Saxony,0.64564203,1.18983729,322,442,120
Paraguay,0.64546490,1.21966916,323,426,103
"Fauquier_County,_Virginia",0.64380837,1.34773830,324,373,49
Helsinki,0.64372296,1.48074641,325,342,17
"Chesterfield_County,_Virginia",0.64288035,1.32276155,326,386,60
"Chemung_County,_New_York",0.63915279,2.08898445,327,236,-91
Washington_(state),0.63846086,1.11717541,328,477,149
ESRO,0.63819759,1.62111339,329,318,-11
Jordan,0.63642599,1.68703587,330,305,-25
Pacific_War,0.63426727,1.52333174,331,334,3
Prussia,0.63327428,1.31825804,332,390,58
West_Flanders,0.63127426,1.47415852,333,343,10
Pyongyang,0.62884420,1.44877837,334,347,13
Amsterdam,0.62833116,1.26638263,335,409,74
Iberian_Peninsula,0.62793121,1.57841942,336,327,-9
Hubei,0.62722149,1.09126713,337,492,155
Hamburg,0.62653887,1.13810602,338,465,127
Kandahar_Province,0.62362927,1.69473168,339,303,-36
Central_America,0.62253402,1.34543760,340,377,37
Croatia,0.62231161,1.34565973,341,376,35
Kabul_International_Airport,0.62111655,1.82645041,342,273,-69
North_Holland,0.61939013,1.25084055,343,414,71
Los_Angeles_International_Airport,0.61737766,1.48172587,344,341,-3
Order_of_Lenin,0.61734084,1.60672677,345,323,-22
"Spotsylvania_County,_Virginia",0.61680983,1.23909541,346,421,75
Bangladesh,0.61679187,1.41751706,347,355,8
Mecca,0.61480185,1.04236028,348,517,169
Stuttgart,0.61321146,1.34759704,349,374,25
Argentina,0.61249465,1.32164702,350,387,37
Ireland,0.61091252,1.09515442,351,489,138
Tabasco,0.60799257,2.36509189,352,200,-152
Villahermosa,0.60799257,2.36509189,353,201,-152
Shanghai,0.60779661,0.99185187,354,542,188
Philadelphia_International_Airport,0.60674496,1.25482064,355,413,58
Southeast_(Vietnam),0.60198812,1.38748064,356,367,11
Second_Boer_War,0.59966598,1.25775564,357,411,54
Veracruz_(state),0.59926911,2.80390567,358,165,-193
Metz,0.59697349,1.55061325,359,331,-28
Taipei,0.59537510,1.12603250,360,473,113
Arabian_Peninsula,0.59496669,1.66572026,361,310,-51
"Veracruz,_Veracruz",0.59478885,2.24603334,362,218,-144
Zeeland,0.59342094,0.96373769,363,562,199
Sri_Lanka,0.59336243,0.98733812,364,547,183
Rennes,0.59259551,1.61446910,365,319,-46
Seoul_Capital_Area,0.59111353,1.41117453,366,359,-7
Guadeloupe,0.58773505,1.14794896,367,460,93
"Hanover_County,_Virginia",0.58729239,1.14601727,368,461,93
Luzon,0.58434962,1.13337326,369,470,101
Kingdom_of_England,0.58365662,1.15690848,370,454,84
Republic_of_Ireland,0.58335193,1.11209519,371,480,109
Iraqi_no-fly_zones,0.58264470,1.76703181,372,285,-87
Panama,0.58240167,1.11995366,373,475,102
Rome,0.57911884,1.34619540,374,375,1
Munich,0.57857382,1.27149154,375,407,32
First_French_Empire,0.57829254,1.06675938,376,501,125
Golan_Heights,0.57696642,1.16928043,377,447,70
Charlotte_Douglas_International_Airport,0.57692721,1.18344241,378,444,66
French_Algeria,0.57678256,1.42561572,379,354,-25
wordnet_fabric_103309808,0.57661130,3.20900757,380,143,-237
Battle_of_Edson%27s_Ridge,0.57655967,1.63791301,381,312,-69
Battle_of_the_Tenaru,0.57655967,1.63791301,382,313,-69
Carlson%27s_patrol,0.57655967,1.63791301,383,314,-69
Bolivia,0.57550773,1.23112014,384,424,40
Aegean_Sea,0.57308155,0.97300152,385,558,173
Bay_of_Biscay,0.56920277,0.84077222,386,648,262
Puerto_Rico,0.56835104,1.01883031,387,526,139
Arabic_language,0.56574913,2.61076200,388,177,-211
Khyber_Pakhtunkhwa,0.56558432,1.13505750,389,468,79
Fourth_Crusade,0.56371751,1.78445881,390,281,-109
Canberra,0.56346097,1.19433039,391,440,49
O%27Hare_International_Airport,0.56296531,1.23718983,392,422,30
Hawaii,0.56240223,0.98371857,393,556,163
Malta,0.56187057,1.13238431,394,472,78
Halabja_chemical_attack,0.56163389,2.26588821,395,213,-182
Great_Britain,0.55996066,1.17344745,396,445,49
"Clayton_County,_Georgia",0.55910453,1.38298333,397,368,-29
"Culpeper_County,_Virginia",0.55901737,1.14809830,398,459,61
Sumatra,0.55873169,1.17136435,399,446,47
Saint_Petersburg,0.55789938,0.98717547,400,548,148
Yellow_Sea,0.55631603,1.31782537,401,391,-10
Belgrade,0.55594129,1.21262194,402,430,28
Ho_Chi_Minh_City,0.55537119,1.29848781,403,397,-6
Petersburg_(Virginia),0.55133906,1.10927407,404,482,78
"Charleston,_South_Carolina",0.55125867,1.08058661,405,497,92
Limburg_(Netherlands),0.54953750,1.05521309,406,508,102
Byelorussian_Soviet_Socialist_Republic,0.54855863,0.88622819,407,618,211
Operation_Harekate_Yolo,0.54855538,1.57922064,408,326,-82
Central_Luzon,0.54639467,0.98694555,409,550,141
Miami_International_Airport,0.54611350,1.21226360,410,432,22
Elmira_(New_York),0.54610726,1.96113851,411,257,-154
Tamaulipas,0.54596891,1.97066951,412,255,-157
North_African_Campaign,0.54438274,1.20178305,413,437,24
Gallipoli,0.54399649,1.15062967,414,458,44
Kosovo,0.54370449,1.50046376,415,339,-76
Operation_Northern_Iraq,0.54210183,2.16966739,416,225,-191
Algiers,0.54182377,1.29334997,417,399,-18
Eritrean_War_of_Independence,0.54100316,1.70588847,418,299,-119
New_Georgia,0.53714330,0.98571797,419,552,133
Brownsville_(Texas),0.53682552,1.32636457,420,383,-37
Vietnam_War,0.53650765,1.52387436,421,333,-88
"Charleston_County,_South_Carolina",0.53592591,1.07589646,422,499,77
United_Arab_Emirates,0.53524395,2.22534481,423,220,-203
Karelian_Isthmus,0.53472845,1.05875467,424,505,81
Ypres,0.53410199,1.24018553,425,419,-6
Spanish_Netherlands,0.53304489,0.99869857,426,535,109
Santiago_de_Cuba,0.53224075,1.02561265,427,523,96
"Fulton_County,_Georgia",0.53140725,1.30838333,428,395,-33
Belgorod_Oblast,0.53107750,1.77151973,429,284,-145
Korean_Peninsula,0.52953907,1.33775805,430,378,-52
Central_economic_region,0.52684901,0.91471874,431,596,165
"Frederick_County,_Virginia",0.52485138,1.04887322,432,513,81
Napoleonic_Wars,0.52311524,0.99047799,433,544,111
Tampico,0.52272384,1.92745087,434,262,-172
Habsburg_Monarchy,0.52249426,0.90283465,435,608,173
Henan,0.52239076,1.20782285,436,434,-2
Western_Europe,0.52233028,1.14546581,437,462,25
Tehran,0.52140726,0.98453246,438,554,116
"Jacksonville,_Florida",0.51963749,1.28881528,439,401,-38
Great_War_(Harry_Turtledove),0.51930223,1.28826779,440,402,-38
Bavaria,0.51777684,0.97345832,441,557,116
French_First_Republic,0.51614733,0.99225161,442,541,99
Vienna,0.51612040,0.92365926,443,587,144
Belgorod,0.51464223,1.75989247,444,287,-157
"Paulding_County,_Georgia",0.51325956,1.03004213,445,519,74
Euro_sign,0.51288291,1.99771470,446,250,-196
Xalapa,0.51183031,2.06344933,447,240,-207
Bosnia_(region),0.51033305,0.85472234,448,636,188
Monterrey,0.51030128,1.76258647,449,286,-163
Caucasus,0.50987119,0.85984868,450,632,182
South_Yemen,0.50947274,1.41523019,451,358,-93
"Williamson_County,_Tennessee",0.50852364,0.99163679,452,543,91
Uruguay,0.50773896,0.84694468,453,646,193
Bern,0.50561018,0.93784463,454,579,125
French_language,0.50351906,1.84085239,455,269,-186
Arctic_Ocean,0.50227823,0.95123305,456,571,115
Ottoman_wars_in_Europe,0.50088611,0.99264271,457,540,83
Aragon,0.49998207,0.79448681,458,697,239
"Shelby_County,_Tennessee",0.49993210,1.45841370,459,346,-113
Kiribati,0.49959894,0.83953530,460,650,190
wordnet_food_100021265,0.49923179,3.29819343,461,137,-324
"Hinds_County,_Mississippi",0.49796141,1.15361808,462,457,-5
Guangxi,0.49773874,0.90053348,463,610,147
Union_(American_Civil_War),0.49570317,0.96771281,464,560,96
Colombian_conflict_(1964%2013present),0.49553962,1.33527337,465,379,-86
Gulf_of_Thailand,0.49499902,1.12103817,466,474,8
Bohemia,0.49327329,0.94400352,467,574,107
Eastern_Europe,0.49058187,0.85337332,468,639,171
Mozambique,0.49017721,1.08693961,469,494,25
Nuevo_Le%C3%B3n,0.49016237,1.72815273,470,294,-176
Russian_Soviet_Federative_Socialist_Republic,0.48901731,0.86191226,471,629,158
Puebla,0.48871750,1.68254556,472,306,-166
"Puebla,_Puebla",0.48871750,1.68254556,473,307,-166
Makhachkala,0.48806198,1.33191787,474,380,-94
CALABARZON,0.48768540,0.81274890,475,676,201
Logan_International_Airport,0.48703902,1.02749058,476,521,45
Andalusia,0.48678695,0.76656242,477,725,248
Lae,0.48660948,1.02339182,478,524,46
Borneo,0.48612949,0.95424587,479,566,87
Cyrenaica,0.48607424,0.73785171,480,774,294
"Cameron_County,_Texas",0.48511555,1.14305928,481,463,-18
"Cobb_County,_Georgia",0.48456698,1.07857647,482,498,16
Rio_de_Janeiro,0.48309790,0.95948727,483,563,80
Samawah,0.48280701,1.16491423,484,448,-36
Toronto_Pearson_International_Airport,0.48270271,1.06057688,485,504,19
wordnet_petroleum_114980579,0.47858559,2.70589257,486,171,-315
Kenya,0.47850379,1.23952572,487,420,-67
Slovakia,0.47817817,1.21396834,488,429,-59
War_of_Dagestan,0.47656519,1.32552339,489,384,-105
Greater_Lebanon,0.47615981,0.84390687,490,647,157
Bougainville_Island,0.47534299,0.86166208,491,630,139
"Chatham_County,_Georgia",0.47382917,1.10407382,492,484,-8
Ethiopian_Civil_War,0.47289849,1.20204176,493,436,-57
Katanga_Province,0.47117347,1.42595377,494,353,-141
Emilia-Romagna,0.47098532,0.76245502,495,731,236
1991_Soviet_coup_d%27%C3%A9tat_attempt,0.47082239,0.90938781,496,601,105
wordnet_coffee_bean_107929351,0.47007637,2.31186961,497,209,-288
Taiwan_Strait,0.46922104,0.99784672,498,536,38
War_of_the_Second_Coalition,0.46909575,0.81487966,499,672,173
Manchester,0.46845552,0.94928078,500,572,72
Bismarck_Sea,0.46832993,0.88209828,501,621,120
Gelderland,0.46648328,0.87954790,502,625,123
"Thibodaux,_Louisiana",0.46605781,1.13630690,503,466,-37
North_Africa,0.46531828,0.90615942,504,602,98
Savannah,0.46448472,1.15982948,505,450,-55
Ethio-Somali_War,0.46414193,1.19614816,506,439,-67
Frankfurt_Airport,0.46400715,1.05651304,507,507,0
Brooklyn,0.46304835,0.71524461,508,814,306
Leningrad_Oblast,0.46215150,0.71812928,509,805,296
"Winchester,_Virginia",0.46203664,0.95232557,510,568,58
Ohio_Country,0.46190020,1.07275971,511,500,-11
"Suffolk,_Virginia",0.46170420,0.90573658,512,604,92
Damascus,0.46096172,0.85188431,513,640,127
New_Britain,0.46057956,0.88089388,514,624,110
Riga,0.46026544,0.72736325,515,789,274
Strasbourg,0.45952832,0.95927476,516,564,48
Kalimantan,0.45933552,0.88470598,517,619,102
Girona_(province),0.45909177,0.92074984,518,590,72
St._Louis,0.45874329,0.87756061,519,626,107
Charleston_(South_Carolina),0.45873343,0.94066187,520,577,57
People%27s_General,0.45872936,1.35864331,521,372,-149
Domodedovo_International_Airport,0.45792265,0.98408854,522,555,33
Iraqi_dinar,0.45774736,2.55120629,523,183,-340
Detroit_Metropolitan_Wayne_County_Airport,0.45762946,0.91753199,524,593,69
Bloemfontein,0.45759124,0.92176739,525,589,64
Operation_Desert_Thunder,0.45746137,1.21430753,526,428,-98
Dakota_Territory,0.45670924,0.79841990,527,689,162
Rhode_Island,0.45649516,0.77745163,528,717,189
Ostrobothnia_(region),0.45510487,0.80363976,529,682,153
Helmand_province_campaign,0.45447700,1.28911748,530,400,-130
Rhineland-Palatinate,0.45394776,0.78158023,531,714,183
Ljubljana,0.45371263,0.72919180,532,785,253
"Jefferson_County,_West_Virginia",0.45348372,0.86144671,533,631,98
Strait_of_Malacca,0.45304430,0.91719155,534,594,60
Electorate_of_Brunswick-L%C3%BCneburg,0.45200778,0.71984313,535,804,269
Scandinavia,0.45058427,0.90609837,536,603,67
Metro_Manila,0.45012961,0.73398032,537,781,244
Basque_Country_(autonomous_community),0.44993100,0.82386549,538,661,123
"Washington_County,_Maryland",0.44905818,0.77437327,539,720,181
Insurgency_in_the_Maghreb_(2002%2013present),0.44813009,1.15925096,540,451,-89
Guinea-Bissau,0.44666770,1.08164799,541,496,-45
Ankara,0.44662423,0.70564742,542,826,284
Sydney,0.44655357,0.75753934,543,736,193
German_Confederation,0.44605850,0.89655508,544,613,69
The_Hague,0.44587117,0.98975813,545,545,0
Portland_(Maine),0.44587094,1.14191736,546,464,-82
Alsace,0.44538913,0.81253496,547,677,130
Tokyo,0.44537737,0.79291811,548,701,153
Micronesia,0.44480942,0.66161947,549,903,354
Gulf_of_Sidra,0.44480924,0.76370978,550,729,179
Red_Sea,0.44476093,1.01057917,551,532,-19
"Lafourche_Parish,_Louisiana",0.44450448,1.01178905,552,531,-21
Nanjing,0.44432790,1.00675128,553,533,-20
Honolulu,0.44420514,0.75539463,554,739,185
Operation_Enduring_Freedom_%2013_Trans_Sahara,0.44416974,1.18405065,555,443,-112
Kuwait,0.44405324,1.43467130,556,351,-205
Kazakhstan,0.44316913,1.31507422,557,393,-164
Suez_Canal,0.44300793,0.82396764,558,660,102
Samar,0.44253645,0.73381574,559,782,223
Adriatic_Sea,0.44236083,0.75404504,560,742,182
Tolmachevo_Airport,0.44224497,0.93846290,561,578,17
"Mehran,_Ilam",0.44163504,1.24290235,562,418,-144
"East_Baton_Rouge_Parish,_Louisiana",0.44106031,1.15694027,563,453,-110
Manhattan,0.44036520,0.71759676,564,808,244
Fort_Worth_International_Airport,0.43945940,0.89133112,565,615,50
Lesser_Poland_Voivodeship,0.43945509,0.66983558,566,889,323
"Rutherford_County,_Tennessee",0.43929135,0.88094602,567,623,56
Panama_City,0.43900240,0.80046575,568,687,119
S%C3%A3o_Paulo,0.43882022,0.84824429,569,645,76
Independence_(Missouri),0.43859584,1.43633270,570,350,-220
Anatolia,0.43822563,0.83752883,571,651,80
Strait_of_Gibraltar,0.43789241,1.20657756,572,435,-137
Guatemala,0.43612738,1.05389708,573,510,-63
Silesia,0.43598717,0.69969993,574,834,260
Kingdom_of_Iraq,0.43556180,0.92068060,575,591,16
Tbilisi,0.43481181,0.68646649,576,861,285
South_Holland,0.43425915,0.91783672,577,592,15
Bruges,0.43050272,1.11843169,578,476,-102
Gard%C4%93z,0.42991044,1.36063035,579,371,-208
"Oneida_County,_New_York",0.42946637,0.68709719,580,860,280
"Arlington_County,_Virginia",0.42909292,0.82028612,581,666,85
Thuringia,0.42806403,0.63621174,582,990,408
Alentejo,0.42764164,0.68881547,583,857,274
Taiyuan,0.42674425,1.21776480,584,427,-157
Santo_Domingo,0.42474724,0.88158751,585,622,37
Shanxi,0.42372254,1.09361148,586,491,-95
Kingdom_of_Naples,0.42370077,0.78022146,587,715,128
Karbala,0.42361411,0.89605379,588,614,26
Guernsey,0.42229969,0.63061019,589,1000,411
"Berkeley_County,_South_Carolina",0.42172425,0.81562642,590,671,81
Arizona,0.42140426,0.67303638,591,885,294
Battle_of_the_Lys_(1918),0.42127018,0.99586797,592,537,-55
Nagorno-Karabakh,0.42108498,0.69553269,593,847,254
Moldova,0.41986372,1.09918870,594,487,-107
"Culpeper,_Virginia",0.41960851,0.88853353,595,617,22
Great_Lakes_Basin,0.41923347,0.75259514,596,745,149
New_Brunswick,0.41916928,0.65296588,597,927,330
Insurgency_in_Laos,0.41813270,1.21230763,598,431,-167
Fulton_County_(Georgia),0.41686896,0.92569538,599,584,-15
Digital_Library_of_the_Caribbean,0.41659991,0.90522984,600,605,5
"Brownsville,_Texas",0.41635276,0.71310149,601,817,216
"Wilmington,_North_Carolina",0.41574514,0.74822966,602,753,151
"Clinton_County,_New_York",0.41551131,0.62643244,603,1007,404
Second_Crusade,0.41548624,0.74892926,604,750,146
Solomon_Islands_(archipelago),0.41496013,0.69538876,605,848,243
Athens,0.41489315,0.64339152,606,946,340
Operation_Mountain_Fury,0.41459175,1.02093332,607,525,-82
"Santa_Fe_County,_New_Mexico",0.41455337,0.99891553,608,534,-74
Girona,0.41417802,0.78524629,609,707,98
Amsterdam_Airport_Schiphol,0.41337309,0.92196688,610,588,-22
"Savannah,_Georgia",0.41325262,0.73614312,611,777,166
Staten_Island,0.41317941,0.66747164,612,894,282
Black_Sea,0.41306411,0.65697915,613,910,297
Western_Front_(World_War_II),0.41280892,0.97291647,614,559,-55
Portuguese_Colonial_War,0.41154564,0.96649332,615,561,-54
Italian_language,0.41153383,1.58974393,616,325,-291
Brandenburg,0.41109914,0.58603364,617,1113,496
Siege_of_Malta_(World_War_II),0.41084724,0.85095438,618,642,24
Qu%E1%BA%A3ng_Ng%C3%A3i_Province,0.41053695,0.85005676,619,643,24
Madagascar,0.40918761,0.61763282,620,1021,401
wordnet_plastic_114592610,0.40842230,2.47203847,621,189,-432
Frederick_County,0.40799284,0.78336870,622,712,90
National_Book_Award,0.40686534,0.67319547,623,883,260
Laguna_(province),0.40662595,0.67307426,624,884,260
Nashville_International_Airport,0.40653516,1.02848922,625,520,-105
"Austin,_Texas",0.40596173,0.93247653,626,580,-46
Operation_Gothic_Serpent,0.40523072,1.10145622,627,486,-141
Delhi,0.40512900,0.87363384,628,628,0
United_States_dollar,0.40446020,1.28626870,629,403,-226
Angolan_War_of_Independence,0.40358423,0.98628189,630,551,-79
Moro_insurgency_in_the_Philippines,0.40338150,1.06582845,631,502,-129
Arab%2013Israeli_conflict,0.40328685,1.04238645,632,516,-116
Bulgaria,0.40322460,1.08711946,633,493,-140
Namibia,0.40298765,0.88947315,634,616,-18
Ionian_Sea,0.40294769,0.62627762,635,1008,373
wordnet_fuel_114875077,0.40289984,2.26313987,636,215,-421
Southeast_(Brazil),0.40232565,0.78695734,637,706,69
Operation_Anaconda,0.40173982,1.05473636,638,509,-129
Mauritius,0.40173265,0.60855397,639,1039,400
LaGuardia_Airport,0.40147963,0.77936733,640,716,76
York,0.40098547,0.52143168,641,1324,683
Crimea,0.40075001,0.69349049,642,853,211
R%C3%A9union,0.39966026,0.56018863,643,1171,528
Pomerania,0.39918345,0.68379423,644,867,223
Gulf_War,0.39794963,1.11584586,645,478,-167
Southwest_Florida_International_Airport,0.39775930,0.68518846,646,865,219
Battle_of_the_Imjin_River,0.39724931,1.10477563,647,483,-164
Groningen,0.39682520,0.69841643,648,839,191
Southeast_Europe,0.39662009,1.01706234,649,528,-121
Battle_of_Heartbreak_Ridge,0.39658520,1.11359691,650,479,-171
Baltic_states,0.39628897,0.74363015,651,765,114
Vilnius,0.39581714,0.66083298,652,905,253
Lviv,0.39567749,0.64360854,653,945,292
Sahara,0.39538864,1.15644306,654,456,-198
Budapest,0.39445512,0.64159715,655,980,325
"Warren_County,_Mississippi",0.39440583,0.74845751,656,751,95
British_Raj,0.39427722,0.71753457,657,809,152
Tajikistan,0.39405132,1.42887516,658,352,-306
Artois,0.39391475,0.82949567,659,656,-3
Mandatory_Palestine,0.39382319,0.57431877,660,1138,478
Prince_William_County,0.39342029,0.70962871,661,825,164
"Amelia_County,_Virginia",0.39233117,0.73735497,662,775,113
George_Bush_Intercontinental_Airport,0.39191263,0.81448812,663,673,10
K%C3%B6nigsberg,0.39181482,0.75264487,664,744,80
Saint_Lawrence_River,0.39146744,0.68374888,665,868,203
Mekong_Delta,0.39121019,0.74707592,666,755,89
Basque_Country,0.39111110,0.70157679,667,832,165
"Shenandoah_County,_Virginia",0.39110782,0.72297026,668,798,130
Krasnoyarsk_Krai,0.39069861,0.58654226,669,1111,442
Cuban_missile_crisis,0.39001558,0.95707750,670,565,-105
Toulon,0.38991000,0.78881942,671,704,33
Philadelphia,0.38978143,0.58590931,672,1115,443
Shaba_I,0.38967890,1.05732517,673,506,-167
Haarlem,0.38961013,0.81776439,674,668,-6
Galicia_(Spain),0.38929184,0.59555704,675,1092,417
State_of_Katanga,0.38925310,1.20972018,676,433,-243
British_Malaya,0.38896567,0.67183123,677,886,209
Gia_Lai_Province,0.38884046,0.85471702,678,637,-41
Fort_Lauderdale%2013Hollywood_International_Airport,0.38856661,0.78338553,679,711,32
Bering_Sea,0.38856124,0.64711734,680,939,259
"New_Hanover_County,_North_Carolina",0.38840446,0.74085702,681,772,91
Vyborg_Bay,0.38840318,0.57596550,682,1133,451
Operation_Ripper,0.38738506,1.08443843,683,495,-188
"Pocahontas_County,_West_Virginia",0.38722190,0.71407839,684,815,131
A_S%E1%BA%A7u_Valley,0.38708367,0.80295519,685,684,-1
Cambodian%2013Vietnamese_War,0.38671840,1.09425843,686,490,-196
Banja_Luka,0.38653893,0.61220249,687,1026,339
Navarre,0.38650559,0.55906166,688,1180,492
Biscay,0.38637092,0.69713029,689,844,155
Dublin,0.38633530,0.55562930,690,1189,499
Battle_of_Auray,0.38611575,0.91269657,691,597,-94
Battle_of_Gisors,0.38611575,0.91269657,692,598,-94
Castilian_Civil_War,0.38611575,0.91269657,693,599,-94
Madrid%2013Barajas_Airport,0.38553502,0.82994484,694,655,-39
B%C3%ACnh_D%C6%B0%C6%A1ng_Province,0.38522589,0.66784857,695,893,198
"Yorktown,_Virginia",0.38505847,0.68042826,696,876,180
Veneto,0.38501754,0.64016423,697,982,285
Castilla-La_Mancha,0.38501510,0.56181675,698,1166,468
Arnhem,0.38471637,0.74298938,699,769,70
Gulf_of_Finland,0.38391512,0.66081595,700,906,206
Baku,0.38364932,0.65524244,701,915,214
War_in_Somalia_(2009%2013present),0.38309971,1.02679102,702,522,-180
Valpara%C3%ADso,0.38272147,0.62586670,703,1010,307
"Guilford_County,_North_Carolina",0.38257318,0.65715052,704,909,205
Free_State,0.38210489,0.63673722,705,987,282
Kingdom_of_Greece,0.38165680,0.66535311,706,897,191
Battle_of_the_Atlantic,0.38150750,0.91630679,707,595,-112
Kampala,0.38129993,0.62353946,708,1013,305
Tibet,0.38090573,0.75499030,709,740,31
Tallinn,0.38088374,0.60619521,710,1045,335
"Newton_County,_Missouri",0.38077655,0.69133051,711,856,145
Ivory_Coast,0.38049828,0.94582795,712,573,-139
Greenland,0.38036820,0.75660094,713,738,25
Beijing_Planning_Exhibition_Hall,0.38026206,0.80627324,714,679,-35
Sport_Klub,0.37978577,0.77665281,715,719,4
Lapland_(Finland),0.37963383,0.65652928,716,913,197
Oulu,0.37956882,0.80897844,717,678,-39
New_Orleans,0.37953108,0.68061948,718,875,157
Oman,0.37882503,1.13498245,719,469,-250
Italian_Libya,0.37807991,0.61789330,720,1020,300
2004_Avtury_raid,0.37769086,1.24986147,721,415,-306
2004_Grozny_raid,0.37769086,1.24986147,722,416,-306
Battle_of_Grozny_(August_1996),0.37769086,1.24986147,723,417,-306
Eric_Anundsson,0.37692882,0.88263312,724,620,-104
Dubai_International_Airport,0.37628776,0.85393697,725,638,-87
"Chattanooga,_Tennessee",0.37546232,0.69724023,726,843,117
Marshall_Islands,0.37492644,0.57577659,727,1134,407
Minneapolis%2013Saint_Paul_International_Airport,0.37450235,0.74439855,728,763,35
wordnet_clothing_103051540,0.37370144,1.62197103,729,316,-413
Free_City_of_Danzig,0.37331236,0.67034520,730,887,157
Suiyuan,0.37305573,0.74310050,731,768,37
Guangdong,0.37287903,0.79814634,732,691,-41
Pulkovo_Airport,0.37284003,0.79452266,733,696,-37
Bangkok,0.37274801,0.78386365,734,710,-24
Siege_of_Leiden,0.37258342,0.82460641,735,658,-77
Chicago_Midway_International_Airport,0.37192173,0.76155501,736,732,-4
Italian_Wars,0.37169548,0.71287657,737,819,82
West_Florida,0.37161869,0.56030119,738,1170,432
Khost_Province,0.37086573,0.74837162,739,752,13
Washington_Dulles_International_Airport,0.37072806,0.76397259,740,728,-12
Dutch_language,0.37044378,1.41536819,741,357,-384
Sindh,0.37023686,0.60194899,742,1056,314
Indonesian_occupation_of_East_Timor,0.36990938,1.10237717,743,485,-258
Liberia,0.36951290,0.78451902,744,708,-36
Christopher_Hitchens,0.36815396,0.49405074,745,1414,669
Bucharest,0.36812026,0.63319845,746,997,251
French_Third_Republic,0.36793387,0.72757229,747,788,41
Incheon_International_Airport,0.36757407,0.79575684,748,695,-53
Kingdom_of_Hungary,0.36756234,0.81609897,749,669,-80
Civil_war_in_Afghanistan_(1996%20132001),0.36734877,1.01423134,750,529,-221
Bilbao,0.36723627,0.72476487,751,795,44
Mauritania,0.36705912,0.93223302,752,581,-171
Western_Sahara_War,0.36585645,0.94159988,753,575,-178
Namibian_War_of_Independence,0.36555271,0.85624802,754,635,-119
San_Marino,0.36540201,0.91006239,755,600,-155
SpaceWire,0.36381687,0.69730742,756,841,85
Southwestern_United_States,0.36369182,0.66684910,757,896,139
Nigerian_Civil_War,0.36347536,0.85764975,758,634,-124
Orlando_International_Airport,0.36300046,0.73928692,759,773,14
East_Jerusalem,0.36289645,0.66339102,760,901,141
Manchester_Airport,0.36285702,0.75370323,761,743,-18
wordnet_motor_vehicle_103791235,0.36254171,1.72111709,762,295,-467
Battle_of_Bloody_Ridge,0.36084067,0.99267520,763,539,-224
Volgograd,0.36027030,0.53589519,764,1255,491
Ph%C6%B0%E1%BB%9Bc_Tuy_Province,0.35992223,0.64393406,765,944,179
Allied_intervention_in_the_Russian_Civil_War,0.35968492,0.70297234,766,831,65
Iran%2013Iraq_War,0.35956114,0.98469783,767,553,-214
Darwin,0.35887151,0.65184013,768,931,163
"Ascension_Parish,_Louisiana",0.35811906,0.65514482,769,916,147
"Augusta_County,_Virginia",0.35811906,0.65514482,770,917,147
"St._Mary_Parish,_Louisiana",0.35811906,0.65514482,771,918,147
"Bryan_County,_Georgia",0.35811906,0.65514482,772,919,147
Southern_Ostrobothnia,0.35787490,0.54631435,773,1219,446
Khost,0.35777932,0.75058331,774,747,-27
wordnet_gold_113371760,0.35772736,1.50932024,775,337,-438
"Maury_County,_Tennessee",0.35764466,0.65316417,776,924,148
"Linn_County,_Kansas",0.35764466,0.65316417,777,925,148
"Madison_Parish,_Louisiana",0.35764466,0.65316417,778,926,148
Kashmir_Valley,0.35723567,0.64119004,779,981,202
Ghazni,0.35716674,0.81586118,780,670,-110
Papal_States,0.35705594,0.58905682,781,1108,327
Battle_of_Stilo,0.35700306,0.69902719,782,837,55
"Prince_William_County,_Virginia",0.35698639,0.63327112,783,996,213
South_Ossetia,0.35683118,0.63633514,784,989,205
Crete,0.35677721,0.49193439,785,1419,634
Spanish_language,0.35656467,1.29756933,786,398,-388
Mongolia,0.35645033,0.85972639,787,633,-154
Qu%E1%BA%A3ng_Ng%C3%A3i,0.35578292,0.73408092,788,780,-8
Ottoman%2013Habsburg_wars,0.35550086,0.63633711,789,988,199
Northern_Italy,0.35453842,0.53061248,790,1275,485
"Mesilla,_New_Mexico",0.35452088,0.67010612,791,888,97
"Duval_County,_Florida",0.35429972,0.74795651,792,754,-38
Denver_International_Airport,0.35427008,0.71009596,793,824,31
1948_Arab%2013Israeli_War,0.35359860,0.76503505,794,726,-68
Dunkirk,0.35349459,0.54978906,795,1210,415
"Prince_Edward_County,_Virginia",0.35343311,0.62966484,796,1003,207
Diyala_Governorate,0.35333742,0.74195076,797,770,-27
Tocumen_International_Airport,0.35277126,0.67943084,798,877,79
B%C3%ACnh_%C4%90%E1%BB%8Bnh_Province,0.35247909,0.62592609,799,1009,210
Czechoslovakia,0.35225335,0.79003644,800,703,-97
1940%201344_insurgency_in_Chechnya,0.35203083,1.15662804,801,455,-346
Dakar,0.35200164,0.56377986,802,1161,359
Koltsovo_Airport,0.35198987,0.72026511,803,803,0
Montana_Territory,0.35178239,0.57659204,804,1132,328
Guam,0.35165855,0.58185160,805,1121,316
"Vernon_County,_Missouri",0.35138947,0.60931725,806,1037,231
"Lexington,_Missouri",0.35138947,0.60931725,807,1038,231
Soviet_ruble,0.35133686,0.81301543,808,675,-133
East_African_Campaign_(World_War_II),0.35113813,0.74158981,809,771,-38
Leipzig,0.35097287,0.64676709,810,940,130
Mali,0.35067204,0.74545276,811,760,-51
Havana,0.34999736,0.58038511,812,1123,311
Mosul,0.34982217,0.72575095,813,793,-20
"Lens,_Pas-de-Calais",0.34956180,0.74313470,814,767,-47
Nineveh_Province,0.34956086,0.71630236,815,812,-3
Second_Battle_of_Ypres,0.34949305,0.75936732,816,734,-82
Kingdom_of_Bulgaria,0.34935367,0.68781119,817,859,42
%C4%90i%E1%BB%87n_Bi%C3%AAn_Ph%E1%BB%A7,0.34900288,0.77724406,818,718,-100
British_Empire,0.34866451,0.69881795,819,838,19
Yom_Kippur_War,0.34865162,0.81941484,820,667,-153
Iran%2013Iraq_border,0.34864527,0.98699315,821,549,-272
French_Indochina,0.34861792,0.72112495,822,802,-20
Nevada,0.34857566,0.53516159,823,1259,436
Six-Day_War,0.34783084,0.87582792,824,627,-197
Kingdom_of_Prussia,0.34769768,0.57151850,825,1143,318
Lake_Champlain,0.34766012,0.52108151,826,1326,500
Samoa,0.34765216,0.65112447,827,933,106
Battle_of_Fleurus_(1690),0.34749235,0.72365000,828,797,-31
Northern_Kentucky_International_Airport,0.34682332,0.63342841,829,995,166
Nice,0.34680896,0.66833908,830,890,60
Hainan,0.34659571,0.73260125,831,783,-48
Vnukovo_International_Airport,0.34651538,0.69432147,832,852,20
Montreal,0.34648959,0.48678223,833,1449,616
Fort_Ticonderoga,0.34619298,0.47412366,834,1490,656
"Camden,_South_Carolina",0.34567020,0.57146086,835,1145,310
Collectivity_of_Saint_Martin,0.34546741,1.33136687,836,382,-454
Republic_of_Venice,0.34542256,0.74937597,837,749,-88
Brunei,0.34438218,0.68233785,838,872,34
Dresden,0.34433685,0.72405912,839,796,-43
Luxembourg,0.34383827,0.89777268,840,612,-228
Lake_Ontario,0.34371110,0.55952836,841,1175,334
"Sackets_Harbor,_New_York",0.34371110,0.55952836,842,1176,334
"Manzanillo,_Cuba",0.34371110,0.55952836,843,1177,334
War_of_the_Fifth_Coalition,0.34360838,0.55880623,844,1181,337
Ukrainian_Soviet_Socialist_Republic,0.34341924,0.52699642,845,1300,455
Fallujah,0.34306379,0.57874056,846,1127,281
Spanish_Empire,0.34298325,0.59596145,847,1091,244
Gibraltar,0.34287201,0.60680542,848,1042,194
Sierra_Leone_Civil_War,0.34275105,0.77240051,849,721,-128
Hong_Kong,0.34255051,1.39741514,850,364,-486
Venice,0.34235796,0.60981295,851,1034,183
"Orange_County,_Virginia",0.34207912,0.61304942,852,1024,172
Niger,0.34102453,0.77185894,853,722,-131
Fifth_Battle_of_Ypres,0.34097086,0.80225844,854,685,-169
"Rockingham_County,_Virginia",0.34077581,0.61304942,855,1023,168
Pleiku,0.34051065,0.75436876,856,741,-115
Prix_M%C3%A9dicis,0.34038869,0.54456824,857,1225,368
Ronald_Reagan_Washington_National_Airport,0.34035587,0.65655015,858,912,54
Groningen_(province),0.34004588,0.58158105,859,1122,263
Angers,0.33994595,0.79801003,860,692,-168
"St._Simons,_Georgia",0.33981145,0.52162078,861,1323,462
Barcelona%2013El_Prat_Airport,0.33972100,0.73436513,862,779,-83
Operation_Provide_Comfort,0.33970529,0.84025270,863,649,-214
Battle_of_Inchon,0.33947103,0.92394702,864,586,-278
Indira_Gandhi_International_Airport,0.33940629,0.74479865,865,762,-103
Yemelyanovo_International_Airport,0.33926673,0.65719709,866,908,42
Sogn_og_Fjordane,0.33899496,0.47534187,867,1484,617
"Pensacola,_Florida",0.33842524,0.59021335,868,1105,237
Palau,0.33833003,0.53773242,869,1249,380
East_Germany,0.33776537,0.74332457,870,766,-104
"Lancaster_County,_South_Carolina",0.33763114,0.54219460,871,1232,361
Senegal,0.33750210,0.66516238,872,900,28
Balochistan,0.33732600,0.80557434,873,680,-193
Manipur,0.33703760,0.57049051,874,1146,272
Battle_of_Nieuwpoort,0.33683889,0.70368470,875,829,-46
wordnet_fish_102512053,0.33644695,1.31330065,876,394,-482
Rhineland,0.33644250,0.53824480,877,1247,370
Beijing_Capital_International_Airport,0.33627632,0.71526032,878,813,-65
Dnieper_River,0.33622208,0.52882930,879,1297,418
"Kansas_City,_Missouri",0.33582020,0.56502717,880,1157,277
Baqubah,0.33565115,0.63596589,881,991,110
Battle_of_Suomenlinna,0.33537726,0.76141110,882,733,-149
Suomenlinna,0.33528451,0.79719944,883,693,-190
Java,0.33522299,0.63898541,884,983,99
S%C3%A3o_Paulo_(state),0.33520914,0.53913655,885,1244,359
Republic_of_the_Congo_(L%C3%A9opoldville),0.33500437,1.01298378,886,530,-356
Karachi,0.33497304,0.61261828,887,1025,138
Buenos_Aires,0.33496847,0.45754770,888,1577,689
War_of_Transnistria,0.33482241,0.72776715,889,787,-102
War_of_the_Sixth_Coalition,0.33415249,0.59339840,890,1097,207
"Herkimer_(village),_New_York",0.33389864,0.49984794,891,1394,503
Rotterdam,0.33389339,0.60560750,892,1046,154
Sand_War,0.33379051,0.79392372,893,700,-193
"Charles_Town,_West_Virginia",0.33334576,0.61948727,894,1018,124
South_Caucasus,0.33285289,0.56714912,895,1154,259
Uzbin_Valley_ambush,0.33251887,0.90206037,896,609,-287
Geneva_International_Airport,0.33236104,0.64242557,897,978,81
Fribourg,0.33126204,0.55500784,898,1191,293
"Appomattox_County,_Virginia",0.33080556,0.50661926,899,1364,465
Weimar_Republic,0.33067811,0.54457617,900,1224,324
"Union_County,_New_Jersey",0.33057602,0.48041258,901,1467,566
French_Revolutionary_Wars,0.33037942,0.63270212,902,998,96
Prometheus_Award,0.33033578,0.51662603,903,1340,437
New_Guinea_campaign,0.33017903,0.72126354,904,801,-103
Yeoncheon_County,0.32982451,0.94134855,905,576,-329
Battle_of_Noryang,0.32975428,0.98746888,906,546,-360
Turkish_War_of_Independence,0.32968298,0.69915719,907,836,-71
Geneva,0.32953084,0.51399037,908,1348,440
Halabja,0.32935567,1.16419354,909,449,-460
ESA_Television,0.32934953,0.69730742,910,842,-68
Antilles,0.32925635,0.53941794,911,1243,332
Babil_Governorate,0.32891315,0.51980428,912,1329,417
Jonathan_Lethem,0.32884319,0.39912678,913,1943,1030
Western_Australia,0.32883381,0.48970600,914,1431,517
Hanoi,0.32873643,0.74589602,915,757,-158
Battle_of_Laupen,0.32857506,0.58517032,916,1116,200
Kharkiv,0.32854953,0.49649834,917,1406,489
"Hamilton_County,_Tennessee",0.32839893,0.60012381,918,1060,142
War_of_the_Fourth_Coalition,0.32758077,0.56407291,919,1160,241
Hundred_Days,0.32755165,0.60072855,920,1057,137
Sheremetyevo_International_Airport,0.32742585,0.68334191,921,870,-51
Vaasa,0.32738308,0.60547154,922,1047,125
Mozambican_War_of_Independence,0.32733937,0.69169002,923,855,-68
Charles_de_Gaulle_Airport,0.32719442,0.67575651,924,880,-44
Tunis,0.32702061,0.59107435,925,1103,178
Zakynthos_F.C.,0.32680772,0.65334077,926,923,-3
Catalan_Revolt,0.32656667,0.72271107,927,799,-128
Upper_Canada,0.32635117,0.51912095,928,1334,406
Orange_Free_State,0.32612178,0.53473829,929,1260,331
Civil_war_in_Tajikistan,0.32605720,0.56936655,930,1150,220
Battle_of_Harim,0.32603537,0.62886033,931,1004,73
Baltimore%2013Washington_International_Airport,0.32582882,0.64487622,932,942,10
Aleutian_Islands,0.32573150,0.51404281,933,1347,414
Battle_of_Pork_Chop_Hill,0.32549430,0.93099829,934,582,-352
Province_of_Georgia,0.32545284,0.49935331,935,1396,461
Battle_of_White_Horse,0.32540919,0.90316111,936,607,-329
wordnet_metallic_element_114625458,0.32499685,1.44495395,937,349,-588
female,0.32483786,5.35329059,938,76,-862
Yakutsk_Airport,0.32455382,0.59301755,939,1098,159
Austrian_Empire,0.32447082,0.55770254,940,1184,244
Beirut,0.32437119,0.58261860,941,1119,178
Luanda,0.32429235,0.57741164,942,1131,189
Chuncheon,0.32415104,0.82416545,943,659,-284
State_of_Palestine,0.32372962,0.60313486,944,1055,111
Murfreesboro,0.32365357,0.62543102,945,1012,67
Hainaut,0.32360577,0.52555061,946,1309,363
"Whitfield_County,_Georgia",0.32327442,0.57029380,947,1147,200
Greater_London,0.32326301,0.60336331,948,1053,105
Northern_Territory,0.32311232,0.54534958,949,1222,273
First_Crusade,0.32298872,0.48536794,950,1454,504
South_Hamgyong_Province,0.32293063,0.55190289,951,1201,250
Arkhangelsk_Oblast,0.32278454,0.55410613,952,1196,244
Munich_Airport,0.32278446,0.69245164,953,854,-99
Kunming,0.32273873,0.59371599,954,1096,142
Jiangxi,0.32262360,0.51986408,955,1328,373
Battle_of_%C4%90%E1%BB%A9c_C%C6%A1,0.32253792,0.79678390,956,694,-262
Captaincy_General_of_Santo_Domingo,0.32177111,0.51703948,957,1339,382
Casablanca,0.32162918,0.61041047,958,1032,74
Spanish_American_wars_of_independence,0.32088470,0.52613779,959,1305,346
Republic_of_Genoa,0.32083980,0.49421893,960,1412,452
"Greene_County,_Missouri",0.32076979,0.54056739,961,1238,277
Nancy,0.32069815,0.62860140,962,1005,43
Pretoria,0.32065435,0.55424007,963,1195,232
Nova_Scotia,0.32043363,0.44591926,964,1626,662
Lombardy,0.32038117,0.49390255,965,1415,450
wordnet_pharmaceutical_103920989,0.32030581,1.30698779,966,396,-570
Istanbul_Atat%C3%BCrk_Airport,0.32029655,0.63768306,967,985,18
Narva,0.31983976,0.47341099,968,1493,525
Mazovia,0.31953908,0.52501217,969,1310,341
"Monterey,_California",0.31950007,0.50171678,970,1384,414
State_of_Mexico,0.31918932,0.51642458,971,1342,371
Vicksburg,0.31916492,0.59438065,972,1093,121
"Cook_County,_Illinois",0.31909255,0.53045367,973,1276,303
Mariana_Islands,0.31887284,0.52114068,974,1325,351
Iceland,0.31870364,0.44672557,975,1624,649
Austin%2013Bergstrom_International_Airport,0.31814105,0.63548644,976,992,16
Minsk,0.31785832,0.59622450,977,1090,113
"Saratoga_County,_New_York",0.31781580,0.47453604,978,1488,510
Battle_of_Badr,0.31768496,0.56889570,979,1151,172
"Leon_County,_Florida",0.31753791,0.66823935,980,891,-89
Leon_County_(Florida),0.31753791,0.66823935,981,892,-89
Th%E1%BB%ABa_Thi%C3%AAn%2013Hu%E1%BA%BF_Province,0.31752208,0.50703134,982,1362,380
"Claiborne_County,_Mississippi",0.31748401,0.52566057,983,1308,325
Lisbon,0.31743883,0.51011524,984,1357,373
Sierra_Leone,0.31739078,0.57204804,985,1142,157
Lesser_Poland,0.31729857,0.59147364,986,1102,116
Federal_Republic_of_Yugoslavia,0.31723468,0.89860333,987,611,-376
La_Goulette,0.31715901,0.69744690,988,840,-148
Muthanna_Province,0.31714498,0.65465152,989,920,-69
Bel%C3%A9m,0.31689900,0.59781451,990,1063,73
Provinces_of_Ireland,0.31652066,0.49719943,991,1402,411
"Newport_News,_Virginia",0.31619853,0.51013384,992,1356,364
Washington_County_(Maryland),0.31607317,0.49624610,993,1407,414
Austro-Prussian_War,0.31601627,0.57775792,994,1129,135
Operation_Eagle%27s_Summit,0.31597473,0.75054799,995,748,-247
Franklin_(Tennessee),0.31582504,0.60724446,996,1040,44
Karelo-Finnish_Soviet_Socialist_Republic,0.31573303,0.54316187,997,1227,230
Marmara_(region),0.31572796,0.47206792,998,1498,500
wordnet_cotton_114870078,0.31517648,1.28242465,999,404,-595
Chechen_Republic_of_Ichkeria,0.31507725,0.72215248,1000,800,-200
Gauteng,0.31499620,0.49538563,1001,1410,409
Yugoslavia,0.31473264,0.49922000,1002,1397,395
Shia_insurgency_in_Yemen,0.31472388,0.79427536,1003,699,-304
Jiangsu,0.31465948,0.64853537,1004,936,-68
Najaf_Governorate,0.31445691,0.67568031,1005,881,-124
Operation_Market_Time,0.31429723,0.72556318,1006,794,-212
Lambert%2013St._Louis_International_Airport,0.31405050,0.59766647,1007,1064,57
George_Orwell,0.31390254,0.35696212,1008,2266,1258
Australian_dollar,0.31372360,0.68560508,1009,864,-145
Louis_Armstrong_New_Orleans_International_Airport,0.31367118,0.57768072,1010,1130,120
Apia,0.31364180,0.60681254,1011,1041,30
Dijon,0.31334141,0.70072156,1012,833,-179
Community_of_Madrid,0.31333339,0.53944872,1013,1242,229
Qu%E1%BA%A3ng_Nam_Province,0.31329101,0.54031377,1014,1240,226
Western_Front_(World_War_I),0.31302406,0.64281654,1015,977,-38
Poitiers,0.31256980,0.48158536,1016,1465,449
Russian_language,0.31254577,0.90352347,1017,606,-411
Hong_Kong_International_Airport,0.31243754,0.62038913,1018,1017,-1
Judaean_Mountains,0.31232943,0.47723543,1019,1477,458
Battle_of_Benevento,0.31218901,0.68415627,1020,866,-154
Battle_of_Pusan_Perimeter,0.31169011,0.79433238,1021,698,-323
Callao,0.31159754,0.50193869,1022,1382,360
Jolo,0.31142591,0.49127363,1023,1422,399
Najaf,0.31135955,0.63212412,1024,999,-25
1959_Tibetan_uprising,0.31094470,0.70396280,1025,828,-197
Siege_of_Dongrae,0.31092662,0.84910346,1026,644,-382
Nepalese_Civil_War,0.31071238,0.71299888,1027,818,-209
Operation_Commando_(1951),0.31053189,0.82833875,1028,657,-371
Middle_Eastern_theatre_of_World_War_I,0.31040007,0.55195024,1029,1200,171
Zurich_Airport,0.30994167,0.65587528,1030,914,-116
Queens,0.30984447,0.43971042,1031,1667,636
Chongqing,0.30968998,0.61150516,1032,1028,-4
Lebanese_Civil_War,0.30967674,0.76819691,1033,724,-309
Tehran_Province,0.30962138,0.49866819,1034,1398,364
Stafford_County,0.30951703,0.48528233,1035,1455,420
Gilbert_Islands,0.30940829,0.47058013,1036,1512,476
Kingdom_of_the_Netherlands,0.30891753,0.82122270,1037,664,-373
Battle_of_Kapyong,0.30875429,0.83735181,1038,652,-386
Operation_Killer,0.30875429,0.83735181,1039,653,-386
"Williamsburg,_Virginia",0.30853048,0.49828434,1040,1399,359
Amhara_Region,0.30846832,0.45729389,1041,1580,539
German_language,0.30827730,1.05019306,1042,512,-530
Gangwon_Province_(South_Korea),0.30801826,0.78309119,1043,713,-330
Long_War_(1591%20131606),0.30801267,0.50603992,1044,1366,322
Chorwon_County,0.30792741,0.74682599,1045,756,-289
"Terre_Haute,_Indiana",0.30769369,0.45896709,1046,1571,525
LiveJournal,0.30762576,0.57991956,1047,1124,77
Lima,0.30759860,0.53104702,1048,1274,226
South_African_Republic,0.30686648,0.49382294,1049,1416,367
Battle_of_Lake_George,0.30673390,0.53043136,1050,1277,227
Ardennes,0.30658724,0.50844517,1051,1359,308
Malay_Peninsula,0.30612215,0.60933806,1052,1036,-16
"Clarke_County,_Virginia",0.30608930,0.52885862,1053,1295,242
"Jefferson_County,_Tennessee",0.30608930,0.52885862,1054,1296,242
Confederate_Arizona,0.30580223,0.51361828,1055,1349,294
Charleston_International_Airport,0.30579050,0.54856388,1056,1215,159
"St._Augustine,_Florida",0.30568603,0.44711896,1057,1621,564
"Washington_County,_Arkansas",0.30561490,0.52687796,1058,1301,243
North_Maluku,0.30543526,0.44080906,1059,1662,603
Vietnamese_border_raids_in_Thailand,0.30538209,0.76979453,1060,723,-337
Svalbard,0.30519037,0.60651768,1061,1043,-18
Burma_Campaign,0.30517757,0.56099329,1062,1168,106
Nasiriyah,0.30491895,0.55869138,1063,1182,119
wordnet_consumer_goods_103093574,0.30485047,1.50855320,1064,338,-726
Four_days_of_Naples,0.30471438,0.66203626,1065,902,-163
McCarran_International_Airport,0.30444354,0.59884107,1066,1061,-5
2004_Haitian_coup_d%27%C3%A9tat,0.30430476,0.71091121,1067,822,-245
Dublin_Airport,0.30408709,0.58398061,1068,1117,49
Guangzhou_Baiyun_International_Airport,0.30407667,0.61126550,1069,1030,-39
European_theatre_of_World_War_I,0.30353720,0.60325194,1070,1054,-16
Battle_of_the_Scheldt,0.30316079,0.65225284,1071,928,-143
"Alexandria,_Virginia",0.30303489,0.45929923,1072,1567,495
Manila_Bay,0.30288338,0.46872730,1073,1523,450
Honolulu_International_Airport,0.30283497,0.51717003,1074,1338,264
"Warren_County,_Virginia",0.30265032,0.51629819,1075,1343,268
Imphal,0.30250842,0.51441023,1076,1346,270
Munster,0.30223003,0.45326007,1077,1592,515
Makati,0.30216032,0.58230947,1078,1120,42
Tampa_International_Airport,0.30211311,0.57208752,1079,1141,62
"Southeast_Region,_Brazil",0.30209330,0.56319951,1080,1164,84
Maluku_Islands,0.30163681,0.50482024,1081,1376,295
Balkh_Province,0.30158069,0.46607125,1082,1532,450
"Curry_County,_Oregon",0.30140336,0.40084017,1083,1917,834
Kingdom_of_Bavaria,0.30129649,0.58863347,1084,1109,25
War_in_Somalia_(2006%201309),0.30128767,0.69918485,1085,835,-250
Operation_Jungle,0.30121050,0.67761161,1086,878,-208
Michel_Foucault,0.30118991,0.38544269,1087,2040,953
Irish_Sea,0.30111012,0.47021607,1088,1514,426
Battle_of_Chora,0.30110787,0.76298793,1089,730,-359
Lahore,0.30107723,0.55064937,1090,1204,114
Transvaal,0.30093763,0.45159405,1091,1601,510
New_Mexico_Territory,0.30092538,0.49935799,1092,1395,303
Western_Sahara_conflict,0.30091605,0.69466255,1093,850,-243
Suriname,0.30085573,0.69520945,1094,849,-245
Western_Cape,0.30080842,0.41850087,1095,1811,716
Southern_Africa,0.30051362,0.47438479,1096,1489,393
Riyadh,0.30051133,0.57963724,1097,1125,28
Chilo%C3%A9_Island,0.30047650,0.45993186,1098,1565,467
Operation_Astute,0.30029562,0.80130349,1099,686,-413
"Greene_County,_Tennessee",0.29935971,0.48303104,1100,1461,361
Mount_Hermon,0.29933326,0.47948347,1101,1470,369
"Bartow_County,_Georgia",0.29912251,0.48204071,1102,1464,362
Kassel,0.29906970,0.47546707,1103,1482,379
Tirana,0.29864716,0.53450210,1104,1262,158
Kurram_Valley,0.29857809,0.71121895,1105,821,-284
Arunachal_Pradesh,0.29840405,0.60641220,1106,1044,-62
Boxer_Rebellion,0.29826965,0.65216341,1107,929,-178
"Great_Falls,_South_Carolina",0.29815410,0.46951791,1108,1518,410
Prague_V%C3%A1clav_Havel_Airport,0.29815066,0.61064078,1109,1031,-78
Aisne_(river),0.29802031,0.54048788,1110,1239,129
Takur_Ghar,0.29784234,0.70299033,1111,830,-281
Copenhagen_Airport,0.29755166,0.61031324,1112,1033,-79
Thai%2013Laotian_Border_War,0.29744291,0.76400079,1113,727,-386
Springfield_(Missouri),0.29729565,0.50602735,1114,1367,253
"Jefferson_County,_Texas",0.29705044,0.50280911,1115,1380,265
Operation_Lion%27s_Leap,0.29698989,0.71790962,1116,806,-310
Operation_Simoom,0.29698989,0.71790962,1117,807,-310
Battle_of_Imjin_River_(1592),0.29694557,0.82352773,1118,662,-456
Siege_of_Jinju_(1593),0.29694557,0.82352773,1119,663,-456
Punta_Cana_International_Airport,0.29688594,0.59009312,1120,1107,-13
Battle_of_Hong_Kong,0.29687323,0.46472506,1121,1544,423
Greensboro,0.29654409,0.50029295,1122,1388,266
Mazar-e_Sharif,0.29637549,0.46933456,1123,1520,397
Jacques_Derrida,0.29613649,0.37444695,1124,2112,988
Battle_of_Timor,0.29603012,0.66530425,1125,898,-227
Lake_Huron,0.29585411,0.45630552,1126,1585,459
Commonwealth_of_the_Philippines,0.29583023,0.46999425,1127,1515,388
Guatemalan_Civil_War,0.29577521,0.65392045,1128,921,-207
Nepal,0.29574500,0.79071972,1129,702,-427
East_Frisia,0.29566964,0.41950813,1130,1804,674
Brussels_Airport,0.29534201,0.59388145,1131,1095,-36
Mississippi_Territory,0.29528332,0.45714627,1132,1582,450
Arizona_Territory,0.29528332,0.45714627,1133,1583,450
Siege_of_Jadotville,0.29458137,0.69436375,1134,851,-283
Operation_Falcon_Summit,0.29457307,0.71064140,1135,823,-312
Rhenen,0.29452359,0.42406602,1136,1765,629
Tao_Lin,0.29427125,0.36894724,1137,2146,1009
Nobel_Prize_in_Literature,0.29400482,0.43552205,1138,1680,542
Portuguese_language,0.29391358,1.11001661,1139,481,-658
North_Kivu,0.29385249,0.47796804,1140,1476,336
Kingdom_of_Egypt,0.29359983,0.46007425,1141,1560,419
Peshawar_District,0.29351522,0.42065884,1142,1797,655
"Bergen_County,_New_Jersey",0.29338416,0.42969918,1143,1747,604
Pulitzer_Prize,0.29333115,0.43522871,1144,1684,540
Siberian_Intervention,0.29300865,0.54122593,1145,1234,89
Salvadoran_Civil_War,0.29296385,0.71638974,1146,811,-335
H%C4%ABt,0.29273344,0.65682107,1147,911,-236
New_Britain_campaign,0.29219338,0.59183118,1148,1100,-48
Soviet_war_in_Afghanistan,0.29211283,0.75747308,1149,737,-412
"Eastern_Province,_Saudi_Arabia",0.29202602,0.47505532,1150,1485,335
"Lenoir_County,_North_Carolina",0.29156659,0.46000810,1151,1563,412
Pskov_Oblast,0.29152674,0.39405586,1152,1979,827
Syria%2013Lebanon_Campaign,0.29151283,0.46334152,1153,1546,393
Bordeaux,0.29147384,0.55222212,1154,1199,45
"York_County,_Virginia",0.29145239,0.49369909,1155,1417,262
Northland_Region,0.29121732,0.40823224,1156,1849,693
wordnet_electronics_106099269,0.29116242,1.23273930,1157,423,-734
San_Francisco_International_Airport,0.29105351,0.58738228,1158,1110,-48
Chadian%2013Libyan_conflict,0.29104365,0.66525382,1159,899,-260
War_of_the_Lombards,0.29096191,0.50726143,1160,1360,200
"Omaha,_Nebraska",0.29059173,0.41978812,1161,1801,640
"Redwood_County,_Minnesota",0.29055946,0.40377124,1162,1867,705
Battle_of_Albert_(1916),0.29045172,0.61212322,1163,1027,-136
Hunan,0.29041290,0.40218210,1164,1914,750
"Craven_County,_North_Carolina",0.29035689,0.48526507,1165,1456,291
Cagayan_de_Oro,0.29029637,0.56478781,1166,1158,-8
"Malalag,_Davao_del_Sur",0.29029637,0.56478781,1167,1159,-8
United_Kingdom_of_the_Netherlands,0.29027872,0.57475345,1168,1137,-31
Vichy_France,0.29005649,0.45799839,1169,1573,404
Ruhr,0.29004440,0.41063176,1170,1839,669
Blockade_of_Germany,0.28998657,0.64181961,1171,979,-192
Western_Sahara,0.28962481,0.60946962,1172,1035,-137
Tet_Offensive,0.28942652,0.72626113,1173,791,-382
Vienna_International_Airport,0.28906281,0.59162907,1174,1101,-73
Grodno,0.28887349,0.47224868,1175,1496,321
Battle_of_Salsu,0.28883339,0.81366281,1176,674,-502
Battle_of_the_Mediterranean,0.28882840,0.56765970,1177,1153,-24
Honduras,0.28875863,0.64996553,1178,935,-243
Zambia,0.28865402,0.63805595,1179,984,-195
Panjshir_Province,0.28864255,0.38361309,1180,2048,868
"Madison_County,_Kentucky",0.28859494,0.44438684,1181,1645,464
Kingdom_of_Portugal,0.28835917,0.43294875,1182,1693,511
"Montgomery_County,_Pennsylvania",0.28818498,0.41063246,1183,1838,655
"Nevada_County,_Arkansas",0.28811351,0.48412234,1184,1459,275
"Beaufort_County,_South_Carolina",0.28811240,0.46602518,1185,1533,348
"Virginia_Beach,_Virginia",0.28809864,0.38812985,1186,2019,833
Cherbourg-Octeville,0.28799125,0.40985091,1187,1842,655
Khabarovsk_Novy_Airport,0.28693480,0.54671447,1188,1218,30
Laotian_Civil_War,0.28687540,0.69602134,1189,845,-344
Prevalje,0.28683298,0.37263831,1190,2126,936
wordnet_fruit_113134947,0.28681840,0.92707071,1191,583,-608
"Brest,_Belarus",0.28678147,0.44155735,1192,1655,463
Battle_of_Hill_Eerie,0.28675445,0.65192680,1193,930,-263
Great_Lakes_region,0.28658237,0.40122419,1194,1916,722
"Mecklenburg_County,_North_Carolina",0.28657728,0.44356455,1195,1648,453
Gondar,0.28643118,0.46010561,1196,1559,363
Manchester%2013Boston_Regional_Airport,0.28638232,0.50095402,1197,1387,190
1814_campaign_in_France,0.28635840,0.51271869,1198,1350,152
"Rome,_New_York",0.28620088,0.41530046,1199,1821,622
Erfurt,0.28614168,0.40891806,1200,1846,646
Canary_Islands,0.28603730,0.43106920,1201,1739,538
"Davidson_County,_Tennessee",0.28596349,0.72778513,1202,786,-416
Action_of_29_June_1609,0.28578138,0.61940264,1203,1019,-184
Norman_Manley_International_Airport,0.28574892,0.52408241,1204,1312,108
Vienne,0.28573398,0.42573639,1205,1761,556
"Adams_County,_Pennsylvania",0.28564202,0.41946773,1206,1806,600
Pulitzer_Prize_for_Fiction,0.28557002,0.42200072,1207,1792,585
Gatwick_Airport,0.28530574,0.52647456,1208,1303,95
Smolensk,0.28512068,0.43078496,1209,1742,533
Gaza,0.28498380,0.50695526,1210,1363,153
Gwangju_Mudeung_Baseball_Stadium,0.28497500,0.52566183,1211,1307,96
Battle_of_Triangle_Hill,0.28496375,0.75236965,1212,746,-466
Guinea-Bissau_War_of_Independence,0.28446012,0.62578747,1213,1011,-202
Suvarnabhumi_Airport,0.28436137,0.57877690,1214,1126,-88
Matur%C3%ADn,0.28416214,0.43955622,1215,1668,453
Operation_Southern_Watch,0.28411985,0.67719901,1216,879,-337
Guyana,0.28391317,0.53040030,1217,1278,61
Operation_Hoover,0.28380712,0.68250972,1218,871,-347
Visayas,0.28378931,0.43334622,1219,1691,472
Second_French_Empire,0.28376868,0.50413680,1220,1377,157
War_of_the_Third_Coalition,0.28374700,0.46518634,1221,1541,320
Battle_of_the_Hook,0.28358847,0.73456687,1222,778,-444
"Concepci%C3%B3n,_Chile",0.28355830,0.39000870,1223,2005,782
Central_African_Republic,0.28352182,0.47901049,1224,1472,248
"Nottoway_County,_Virginia",0.28345591,0.44720274,1225,1620,395
Palacio_Vistalegre,0.28325250,0.45255530,1226,1597,371
"Cross_Anchor,_South_Carolina",0.28321151,0.38812985,1227,2018,791
Invasion_of_Normandy,0.28298369,0.57000965,1228,1148,-80
Cibao_International_Airport,0.28288871,0.43393047,1229,1688,459
Moscow_Oblast,0.28287005,0.37743296,1230,2088,858
Alexandria,0.28276895,0.47383881,1231,1491,260
Champagne_(historical_province),0.28270479,0.52811125,1232,1299,67
Aachen,0.28264020,0.43287380,1233,1694,461
Continental_Europe,0.28261428,0.51906639,1234,1335,101
Helsinki_Airport,0.28252842,0.56011643,1235,1172,-63
Jakarta,0.28241615,0.56075719,1236,1169,-67
Operation_Courageous,0.28220991,0.74558857,1237,758,-479
"UN_Offensive,_1950",0.28220991,0.74558857,1238,759,-479
Lhasa,0.28207180,0.53410577,1239,1263,24
wordnet_vehicle_104524313,0.28204843,1.39039708,1240,366,-874
Qu%E1%BA%BF_S%C6%A1n_District,0.28202682,0.46567022,1241,1537,296
Cotentin_Peninsula,0.28161219,0.43407948,1242,1687,445
Al_Muthanna_Province,0.28157536,0.56856095,1243,1152,-91
New_Delhi,0.28155844,0.59063360,1244,1104,-140
Alojz_Rebula,0.28154496,0.34967809,1245,2354,1109
Sharm_el-Sheikh_International_Airport,0.28149060,0.56325772,1246,1163,-83
Austria-Hungary,0.28137826,0.78717162,1247,705,-542
German_Samoa,0.28096967,0.55479780,1248,1193,-55
Barbary_Coast,0.28075499,0.42643164,1249,1757,508
Nagaland,0.28065316,0.43096574,1250,1740,490
Niagara-on-the-Lake,0.28064687,0.41011770,1251,1841,590
Walcheren,0.28063239,0.42947258,1252,1751,499
Balochistan_conflict,0.28053908,0.71355927,1253,816,-437
Shaba_II,0.28041790,0.63702698,1254,986,-268
Dhofar_Rebellion,0.28038823,0.68813340,1255,858,-397
Operation_Phantom_Phoenix,0.28030367,0.66713296,1256,895,-361
"Prince_George_County,_Virginia",0.28007441,0.46571552,1257,1536,279
"Corinth,_Mississippi",0.28002300,0.44102669,1258,1661,403
Erasmus_Prize,0.27995643,0.47132877,1259,1508,249
Minorca,0.27992797,0.36867272,1260,2148,888
"Providence,_Rhode_Island",0.27991501,0.48502580,1261,1457,196
"Manassas,_Virginia",0.27984990,0.48316375,1262,1460,198
Barents_Sea,0.27975798,0.45259453,1263,1595,332
Krasnodar_International_Airport,0.27971650,0.52425645,1264,1311,47
Soviet_westward_offensive_of_1918%201319,0.27969294,0.50377525,1265,1378,113
Capture_of_Nam_%C4%90%E1%BB%8Bnh_(1883),0.27963090,0.69566512,1266,846,-420
Anglo-Iraqi_War,0.27950352,0.47283712,1267,1495,228
Singapore_Changi_Airport,0.27945032,0.51876916,1268,1336,68
Kohima,0.27942650,0.43140639,1269,1702,433
"Baldwin_County,_Alabama",0.27930369,0.43538236,1270,1681,411
Ben_Gurion_Airport,0.27924398,0.55468570,1271,1194,-77
Battle_on_the_Marchfeld,0.27906036,0.49141323,1272,1421,149
Ghazni_Province,0.27898025,0.58352033,1273,1118,-155
D%C3%BCsseldorf_Airport,0.27881819,0.54911231,1274,1214,-60
Cairo,0.27859211,0.44903911,1275,1610,335
Duisburg,0.27850609,0.42756223,1276,1756,480
"Sio,_Papua_New_Guinea",0.27841512,0.47307939,1277,1494,217
Cocos_(Keeling)_Islands,0.27835265,0.36353675,1278,2197,919
Phoenix_Sky_Harbor_International_Airport,0.27801068,0.52593414,1279,1306,27
Copenhagen,0.27784107,0.39099750,1280,2001,721
University_of_Michigan,0.27782428,0.39289939,1281,1984,703
Early_modern_France,0.27777623,0.37442215,1282,2113,831
Benjamin_Fondane,0.27774157,0.33221453,1283,2488,1205
Heraklion_International_Airport,0.27763774,0.55409121,1284,1197,-87
wordnet_rice_107804323,0.27714821,1.01849282,1285,527,-758
"Avoyelles_Parish,_Louisiana",0.27710518,0.44554737,1286,1628,342
Otumba_de_G%C3%B3mez_Far%C3%ADas,0.27681310,0.41732330,1287,1813,526
Battle_of_Madagascar,0.27675997,0.37761113,1288,2086,798
Cap_Bon,0.27663770,0.43167043,1289,1701,412
%C5%81%C3%B3d%C5%BA,0.27645507,0.36324614,1290,2200,910
Burma_Campaign_1944,0.27627462,0.48139737,1291,1466,175
Latvian_War_of_Independence,0.27613354,0.52841229,1292,1298,6
Johnson_South_Reef_Skirmish,0.27611548,0.68600205,1293,862,-431
Sino-Vietnamese_War,0.27611548,0.68600205,1294,863,-431
Battle_of_France,0.27604522,0.53812944,1295,1248,-47
Mississippi_River,0.27600977,0.38606088,1296,2037,741
World_Fantasy_Award,0.27549253,0.40671846,1297,1855,558
Malpensa_Airport,0.27537448,0.54336927,1298,1226,-72
Hurghada_International_Airport,0.27536481,0.54230117,1299,1231,-68
Operation_Achilles,0.27523855,0.56947815,1300,1149,-151
British_Isles,0.27515876,0.44308214,1301,1649,348
London_Heathrow_Airport,0.27509826,0.52625636,1302,1304,2
Swiss_peasant_war_of_1653,0.27496613,0.46029342,1303,1558,255
"Murfreesboro,_Tennessee",0.27487144,0.45308689,1304,1593,289
Seattle%2013Tacoma_International_Airport,0.27482704,0.53320254,1305,1266,-39
Electorate_of_the_Palatinate,0.27450029,0.37288922,1306,2124,818
Paracel_Islands,0.27448718,0.55128892,1307,1202,-105
Indochina,0.27446711,0.56348259,1308,1162,-146
Papua_conflict,0.27415918,0.55535075,1309,1190,-119
Jack_Kerouac,0.27407711,0.32617900,1310,2543,1233
Nagorno-Karabakh_War,0.27405242,0.35198340,1311,2338,1027
Aitape,0.27404820,0.42084776,1312,1796,484
"Nicholas_County,_West_Virginia",0.27400942,0.44466781,1313,1642,329
"Berkeley_County,_West_Virginia",0.27400942,0.44466781,1314,1643,329
Berlin_Regional_Airport,0.27396072,0.47151984,1315,1500,185
Berlin_Tempelhof_Airport,0.27396072,0.47151984,1316,1501,185
Deutschlandhalle,0.27396072,0.47151984,1317,1502,185
Friedrich-Ludwig-Jahn-Sportpark,0.27396072,0.47151984,1318,1503,185
Stadion_An_der_Alten_F%C3%B6rsterei,0.27396072,0.47151984,1319,1504,185
Seattle,0.27387764,0.46360577,1320,1545,225
"Arkansas_County,_Arkansas",0.27386011,0.41631167,1321,1817,496
Fifth_Crusade,0.27384288,0.43876136,1322,1672,350
Uijeongbu,0.27380000,0.56713613,1323,1155,-168
Second_Battle_of_Artois,0.27362894,0.58601334,1324,1114,-210
Antwerp,0.27353139,0.46703801,1325,1526,201
Marinduque,0.27337710,0.53673413,1326,1250,-76
War_of_the_First_Coalition,0.27336035,0.47894397,1327,1473,146
Xinjiang,0.27334100,0.43654047,1328,1678,350
Osaka,0.27285147,0.34226823,1329,2399,1070
Battle_for_Czech_Radio,0.27277830,0.51943274,1330,1332,2
Northern_Australia,0.27267573,0.48977548,1331,1430,99
"Pechenga_(urban-type_settlement),_Murmansk_Oblast",0.27263093,0.43195153,1332,1699,367
Nordland,0.27258842,0.35726313,1333,2265,932
Utah,0.27212111,0.39476117,1334,1975,641
"Christian_County,_Missouri",0.27210482,0.43719498,1335,1676,341
wordnet_apparel_102728440,0.27207380,1.04837509,1336,514,-822
Bhutan,0.27190059,0.57298685,1337,1139,-198
Republic_of_the_Congo,0.27189014,0.46041003,1338,1557,219
Siege_of_Sangin,0.27169099,0.54265759,1339,1229,-110
Santiago_de_los_Caballeros,0.27168458,0.42878885,1340,1753,413
"Plattsburgh_(city),_New_York",0.27167873,0.37579430,1341,2108,767
London_Transport_Museum,0.27167137,0.44969686,1342,1608,266
Drago_Jan%C4%8Dar,0.27152794,0.33424777,1343,2466,1123
Tokyo_(prefecture),0.27149303,0.51250350,1344,1352,8
Wallachia,0.27148335,0.45984071,1345,1566,221
Chattanooga,0.27140279,0.44466781,1346,1644,298
Freiburg,0.27139199,0.34908195,1347,2360,1013
"Lacolle,_Quebec",0.27136955,0.41395934,1348,1829,481
South_Georgia_Island,0.27134034,0.37208495,1349,2130,781
Netherlands_New_Guinea,0.27106934,0.49613741,1350,1408,58
Northern_Mariana_Islands,0.27098948,0.39907960,1351,1945,594
Immanuel_Kant,0.27096460,0.33765837,1352,2428,1076
"New_Bern,_North_Carolina",0.27092002,0.44042846,1353,1663,310
Bohol,0.27084011,0.42782097,1354,1755,401
Russo-Georgian_war,0.27061882,0.51914167,1355,1333,-22
Indonesian_invasion_of_East_Timor,0.27037980,0.72590140,1356,792,-564
Badghis_Province,0.26989317,0.57534364,1357,1136,-221
The_Bronx,0.26989041,0.39263569,1358,1986,628
Srebrenica,0.26961271,0.44899645,1359,1611,252
First_Quarter_Storm,0.26938725,0.58603980,1360,1112,-248
2006_Ramadan_Offensive,0.26933675,0.62983575,1361,1002,-359
Batavian_Republic,0.26922811,0.37833610,1362,2080,718
Operation_Vigilant_Sentinel,0.26921833,0.64503890,1363,941,-422
Par%C3%A1_(Brazil),0.26915912,0.45025310,1364,1603,239
Battle_of_Peiwar_Kotal,0.26893621,0.66025759,1365,907,-458
Bi%C3%AAn_H%C3%B2a,0.26883261,0.48639927,1366,1450,84
Cape_Helles,0.26877077,0.50195370,1367,1381,14
"Beaufort,_South_Carolina",0.26849005,0.41906468,1368,1810,442
Passendale,0.26786553,0.42990985,1369,1744,375
Sikkim,0.26783771,0.51512976,1370,1345,-25
British_Somaliland,0.26780206,0.39308671,1371,1983,612
County_Cork,0.26779723,0.38548654,1372,2039,667
Battle_of_Takur_Ghar,0.26760446,0.65057686,1373,934,-439
Troms,0.26739772,0.35194626,1374,2340,966
Cavite_City,0.26736252,0.34339942,1375,2391,1016
Caucasus_Campaign,0.26726052,0.42898925,1376,1752,376
Toulouse,0.26710085,0.53450996,1377,1261,-116
El_Dorado_International_Airport,0.26706500,0.45632537,1378,1584,206
"Cumberland_County,_Virginia",0.26671683,0.41918783,1379,1808,429
Battle_of_Ahmed_Khel,0.26669509,0.65174695,1380,932,-448
Battle_of_Old_Baldy,0.26666367,0.68372295,1381,869,-512
Battle_of_Koronowo,0.26665300,0.47148882,1382,1506,124
Aceh_Sultanate,0.26660318,0.45754764,1383,1578,195
Battle_of_Baku,0.26658353,0.45421463,1384,1589,205
"White_Plains,_New_York",0.26649055,0.36096683,1385,2235,850
Monagas,0.26643406,0.39980912,1386,1934,548
Battle_of_Megiddo_(1918),0.26629519,0.57150432,1387,1144,-243
Santa_Cruz_de_Tenerife,0.26613281,0.39895138,1388,1956,568
Tunisia_Campaign,0.26602715,0.50304212,1389,1379,-10
Portuguese_Mozambique,0.26568469,0.53524818,1390,1257,-133
Slovak_invasion_of_Poland_(1939),0.26537982,0.53864666,1391,1245,-146
Cabe%C3%A7a_do_Cachorro,0.26532290,0.83216094,1392,654,-738
Al-Faw,0.26528569,0.55962497,1393,1174,-219
Gaeta,0.26496802,0.37659350,1394,2105,711
Seongju_County,0.26470248,0.46721482,1395,1525,130
Phuket_International_Airport,0.26464724,0.50147370,1396,1385,-11
Hukbalahap_Rebellion,0.26453735,0.52103953,1397,1327,-70
Burundi,0.26451863,0.40887536,1398,1847,449
Battle_of_Dezful,0.26393940,0.64288374,1399,947,-452
Battle_of_Mehran,0.26393940,0.64288374,1400,948,-452
Battle_of_the_Marshes,0.26393940,0.64288374,1401,949,-452
First_Battle_of_al-Faw,0.26393940,0.64288374,1402,950,-452
Liberation_of_Khorramshahr,0.26393940,0.64288374,1403,951,-452
Operation_Badr_(1985),0.26393940,0.64288374,1404,952,-452
Operation_Before_the_Dawn,0.26393940,0.64288374,1405,953,-452
Operation_Dawn-4,0.26393940,0.64288374,1406,954,-452
Operation_Dawn_(1983),0.26393940,0.64288374,1407,955,-452
Operation_Dawn_2,0.26393940,0.64288374,1408,956,-452
Operation_Dawn_3,0.26393940,0.64288374,1409,957,-452
Operation_Dawn_5,0.26393940,0.64288374,1410,958,-452
Operation_Dawn_6,0.26393940,0.64288374,1411,959,-452
Operation_Dawn_8,0.26393940,0.64288374,1412,960,-452
Operation_Jerusalem,0.26393940,0.64288374,1413,961,-452
Operation_Jerusalem_Way,0.26393940,0.64288374,1414,962,-452
Operation_Kaman_99,0.26393940,0.64288374,1415,963,-452
Operation_Karbala-4,0.26393940,0.64288374,1416,964,-452
Operation_Karbala-5,0.26393940,0.64288374,1417,965,-452
Operation_Karbala-6,0.26393940,0.64288374,1418,966,-452
Operation_Karbala_10,0.26393940,0.64288374,1419,967,-452
Operation_Kheibar,0.26393940,0.64288374,1420,968,-452
Operation_Mersad,0.26393940,0.64288374,1421,969,-452
Operation_Nasr_4,0.26393940,0.64288374,1422,970,-452
Operation_Ramadan,0.26393940,0.64288374,1423,971,-452
Operation_Samen-ol-A%27emeh,0.26393940,0.64288374,1424,972,-452
Operation_Undeniable_Victory,0.26393940,0.64288374,1425,973,-452
Operation_Zafar_7,0.26393940,0.64288374,1426,974,-452
Second_Battle_of_al-Faw,0.26393940,0.64288374,1427,975,-452
Siege_of_Abadan,0.26393940,0.64288374,1428,976,-452
%C4%90%E1%BB%93ng_Nai_Province,0.26391926,0.43370686,1429,1690,261
T%C3%A2y_Ninh_Province,0.26385219,0.43747018,1430,1675,245
"Stanley,_Falkland_Islands",0.26383677,0.40941523,1431,1845,414
State_of_East_Indonesia,0.26372372,0.45400795,1432,1590,158
wordnet_iron_ore_114923458,0.26366406,0.79866813,1433,688,-745
"James_City_County,_Virginia",0.26363505,0.39909371,1434,1944,510
Korean_Demilitarized_Zone,0.26346434,0.45998078,1435,1564,129
Swedish_Pomerania,0.26343826,0.36662474,1436,2169,733
Invasion_of_Grenada,0.26339785,0.54582485,1437,1221,-216
"Camden_County,_North_Carolina",0.26336625,0.40971939,1438,1843,405
Princeton_University,0.26335758,0.37250805,1439,2128,689
Vitoria-Gasteiz,0.26331202,0.44237324,1440,1652,212
Operation_Rolling_Thunder,0.26320973,0.57242842,1441,1140,-301
Jerusalem_District,0.26308455,0.42187642,1442,1794,352
Husayn_ibn_Ali,0.26308330,0.29787222,1443,2933,1490
Hadith,0.26303274,0.46929899,1444,1521,77
Operation_Pickaxe-Handle,0.26300670,0.49700794,1445,1403,-42
Washington_Territory,0.26299814,0.38889154,1446,2013,567
Wyoming_Territory,0.26299814,0.38889154,1447,2012,565
Tarakan_Island,0.26295062,0.43762189,1448,1674,226
Yunnan,0.26280978,0.44779460,1449,1615,166
Gilles_Deleuze,0.26277020,0.32770913,1450,2530,1080
Battle_of_Pentemili_beachhead,0.26250727,0.49993039,1451,1391,-60
Military_operations_during_the_Turkish_invasion_of_Cyprus,0.26250727,0.49993039,1452,1392,-60
Turkish_invasion_of_Cyprus,0.26250727,0.49993039,1453,1393,-60
Transnistria,0.26249770,0.51876101,1454,1337,-117
Richard_Rorty,0.26243401,0.33209719,1455,2491,1036
ISO_4217,0.26242900,0.73055524,1456,784,-672
Greenland_in_World_War_II,0.26228606,0.54802887,1457,1216,-241
Shusha,0.26227452,0.37377240,1458,2118,660
Civil_war_in_Afghanistan_(1992%201396),0.26222975,0.59275098,1459,1099,-360
Dezful,0.26210263,0.55983838,1460,1173,-287
Pyongyang_Metro,0.26208830,0.45786540,1461,1576,115
Amsterdam_Metro,0.26199685,0.41910631,1462,1809,347
wordnet_sugar_107859284,0.26189284,0.82033687,1463,665,-798
Richmond_(Kentucky),0.26172511,0.40200751,1464,1915,451
Nablus,0.26166222,0.44117889,1465,1659,194
Third_Crusade,0.26165320,0.47696181,1466,1478,12
Sochi_conflict,0.26162801,0.48635030,1467,1451,-16
Australian_Capital_Territory,0.26156206,0.48839361,1468,1434,-34
wordnet_wool_104599235,0.26155201,0.85146017,1469,641,-828
Battle_of_Yultong,0.26143947,0.56102777,1470,1167,-303
Tanzania,0.26137703,0.53946183,1471,1241,-230
Leonardo_da_Vinci%2013Fiumicino_Airport,0.26133999,0.49150787,1472,1420,-52
Phnom_Penh,0.26129119,0.45130804,1473,1602,129
Slavutych-Arena,0.26120392,0.28472500,1474,3544,2070
Novgorod_Oblast,0.26120351,0.32629731,1475,2541,1066
"Trinidad,_Cuba",0.26117158,0.42580190,1476,1759,283
Madrid_metropolitan_area,0.26101256,0.45255530,1477,1596,119
Julio_Cort%C3%A1zar,0.26081185,0.30372790,1478,2853,1375
O._Henry_Award,0.26077876,0.37002568,1479,2138,659
Cape_Town,0.26071435,0.35866676,1480,2254,774
Kon_Tum,0.26063514,0.43242576,1481,1697,216
Battle_of_73_Easting,0.26059812,0.60477072,1482,1048,-434
Battle_of_Baghdad_(2003),0.26059812,0.60477072,1483,1049,-434
Battle_of_Najaf_(2007),0.26059812,0.60477072,1484,1050,-434
Battle_of_Wadi_Al-Batin,0.26059812,0.60477072,1485,1051,-434
Trieste,0.26038997,0.33950920,1486,2418,932
David_Foster_Wallace,0.26027728,0.31200193,1487,2737,1250
Taiwan_Taoyuan_International_Airport,0.26022847,0.46943542,1488,1519,31
Porto_Alegre,0.26018405,0.46572093,1489,1535,46
North_Karelia,0.25992241,0.40964419,1490,1844,354
Voronezh,0.25976484,0.41942454,1491,1807,316
Fairfax_County,0.25971984,0.39688736,1492,1963,471
"Fairfax_County,_Virginia",0.25964676,0.40261581,1493,1870,377
Narita_International_Airport,0.25959596,0.46130728,1494,1553,59
Somali_Democratic_Republic,0.25936502,0.53265227,1495,1267,-228
Drone_attacks_in_Pakistan,0.25925657,0.62070360,1496,1014,-482
Operation_Asbury_Park,0.25925657,0.62070360,1497,1015,-482
Operation_Avalanche_(Afghanistan),0.25925657,0.62070360,1498,1016,-482
wordnet_wheat_112142085,0.25922325,0.79818314,1499,690,-809
San_Diego_International_Airport,0.25920305,0.48261534,1500,1462,-38
Georgian_Soviet_Socialist_Republic,0.25914476,0.36739890,1501,2157,656
Stemming,0.25913192,0.52650531,1502,1302,-200
Gettysburg_National_Military_Park,0.25904712,0.37946483,1503,2062,559
Piarco_International_Airport,0.25904252,0.42498636,1504,1764,260
Battle_of_Dogger_Bank_(1696),0.25900683,0.55227849,1505,1198,-307
Civil_war_in_Afghanistan_(1989%201392),0.25897434,0.61143975,1506,1029,-477
Bari,0.25882761,0.36695709,1507,2167,660
Cape_Finisterre,0.25865586,0.32968159,1508,2511,1003
Bram_Stoker_Award,0.25853881,0.38301886,1509,2050,541
Cambrai,0.25853082,0.39989329,1510,1933,423
Douai,0.25846460,0.55755692,1511,1185,-326
"Chester_County,_South_Carolina",0.25841751,0.38953604,1512,2009,497
Battle_of_Debecka_Pass,0.25835700,0.59626008,1513,1065,-448
Battle_of_Haifa_Street,0.25835700,0.59626008,1514,1066,-448
Battle_of_Najaf_(2003),0.25835700,0.59626008,1515,1067,-448
Battle_of_Phase_Line_Bullet,0.25835700,0.59626008,1516,1068,-448
Battle_of_Samarra_(2004),0.25835700,0.59626008,1517,1069,-448
Battle_of_Samawah_(2003),0.25835700,0.59626008,1518,1070,-448
Battle_of_the_Karbala_Gap_(2003),0.25835700,0.59626008,1519,1071,-448
Iraq_War_in_Anbar_Province,0.25835700,0.59626008,1520,1072,-448
Ninawa_campaign,0.25835700,0.59626008,1521,1073,-448
Operation_Able_Rising_Force,0.25835700,0.59626008,1522,1074,-448
Operation_Ardennes,0.25835700,0.59626008,1523,1075,-448
Operation_Augurs_of_Prosperity,0.25835700,0.59626008,1524,1076,-448
Operation_Desert_Shield_(Iraq),0.25835700,0.59626008,1525,1077,-448
Operation_Dragon_Fire_East,0.25835700,0.59626008,1526,1078,-448
Operation_Forsythe_Park,0.25835700,0.59626008,1527,1079,-448
Operation_Iron_Hammer_(Iraq_2005),0.25835700,0.59626008,1528,1080,-448
Operation_Marne_Avalanche,0.25835700,0.59626008,1529,1081,-448
Operation_Panther_Backroads,0.25835700,0.59626008,1530,1082,-448
Operation_Panther_Squeeze,0.25835700,0.59626008,1531,1083,-448
Operation_Planet_X,0.25835700,0.59626008,1532,1084,-448
Operation_Saber_Guardian,0.25835700,0.59626008,1533,1085,-448
Operation_Shurta_Nasir,0.25835700,0.59626008,1534,1086,-448
Operation_Stampede_3,0.25835700,0.59626008,1535,1087,-448
Operation_Valiant_Guardian,0.25835700,0.59626008,1536,1088,-448
Siege_of_Sadr_City,0.25835700,0.59626008,1537,1089,-448
Kuwait_City,0.25828701,0.43370871,1538,1689,151
"L._Brent_Bozell,_Jr.",0.25828135,0.29223929,1539,3426,1887
Andorra,0.25825995,0.54193989,1540,1233,-307
Hundred_Days_Offensive,0.25807970,0.52186286,1541,1321,-220
El_Sadar_Stadium,0.25804790,0.27936853,1542,3655,2113
Estadio_Manuel_Mart%C3%ADnez_Valero,0.25804790,0.27936853,1543,3658,2115
Estadio_El_Madrigal,0.25804790,0.27936853,1544,3659,2115
Partizan_Stadium,0.25804790,0.27936853,1545,3662,2117
Smederevo_City_Stadium,0.25804790,0.27936853,1546,3663,2117
Viceroyalty_of_New_Granada,0.25780158,0.34695571,1547,2372,825
Cincinnati,0.25757947,0.34348930,1548,2390,842
Cologne,0.25754427,0.49266643,1549,1418,-131
Stoke-on-Trent,0.25738397,0.30974156,1550,2774,1224
Cavite,0.25728577,0.35661260,1551,2271,720
Algiers_Province,0.25727801,0.51644916,1552,1341,-211
Apeldoorn,0.25722177,0.41366508,1553,1830,277
Pago_Pago,0.25709055,0.31181610,1554,2739,1185
First_Indochina_War,0.25697759,0.54600898,1555,1220,-335
Dagohoy_Rebellion,0.25679320,0.40416881,1556,1863,307
Batangas,0.25667616,0.51200731,1557,1354,-203
"Wallington,_New_Jersey",0.25662980,0.35476418,1558,2315,757
Stockholm_Arlanda_Airport,0.25661408,0.46678274,1559,1529,-30
Chuck_Palahniuk,0.25656112,0.31533863,1560,2673,1113
Taiwan_Province,0.25653664,0.32335264,1561,2586,1025
Ogaden,0.25642299,0.55669037,1562,1186,-376
An_Najaf,0.25633345,0.47166526,1563,1499,-64
War_of_the_Castilian_Succession,0.25632031,0.52311911,1564,1314,-250
Rizal,0.25622419,0.35829186,1565,2258,693
Battle_of_Rastatt_(1796),0.25614771,0.54099284,1566,1235,-331
Taipei_Municipal_Baseball_Stadium,0.25612260,0.38928191,1567,2010,443
Tianmu_Baseball_Stadium,0.25612260,0.38928191,1568,2011,443
Basmachi_movement,0.25612216,0.41201679,1569,1834,265
Lesotho,0.25610068,0.34640881,1570,2373,803
Ordre_des_Arts_et_des_Lettres,0.25608556,0.36251677,1571,2222,651
Philip_Roth,0.25596703,0.29746002,1572,2936,1364
City_of_London,0.25580877,0.46125504,1573,1554,-19
Namsos_Campaign,0.25563865,0.52383499,1574,1313,-261
Santa_Maria_da_Feira_Municipality,0.25560068,0.30592508,1575,2804,1229
Estoril,0.25560068,0.30592508,1576,2805,1229
Zadie_Smith,0.25542592,0.32400309,1577,2573,996
Memphis_International_Airport,0.25529704,0.46689552,1578,1527,-51
Karen_Russell,0.25500410,0.30305683,1579,2862,1283
GS_Champions_Park,0.25497589,0.46552060,1580,1539,-41
Tibet_Autonomous_Region,0.25493559,0.46664486,1581,1531,-50
Battle_of_the_Sambre_(1918),0.25491006,0.54263043,1582,1230,-352
Battle_of_Ky_Hoa,0.25487485,0.55062865,1583,1205,-378
Capture_of_Bi%C3%AAn_H%C3%B2a,0.25487485,0.55062865,1584,1206,-378
Capture_of_M%E1%BB%B9_Tho,0.25487485,0.55062865,1585,1207,-378
Capture_of_V%C4%A9nh_Long,0.25487485,0.55062865,1586,1208,-378
Siege_of_Tourane,0.25487485,0.55062865,1587,1209,-378
Tobruk,0.25486680,0.33448056,1588,2462,874
"Charlotte,_North_Carolina",0.25460583,0.37907110,1589,2070,481
"Monguagon_Township,_Michigan",0.25457898,0.38406087,1590,2045,455
"Barbourville,_Kentucky",0.25450222,0.37940907,1591,2063,472
Battle_of_Chosin_Reservoir,0.25438801,0.63031498,1592,1001,-591
Rur,0.25434829,0.36697805,1593,2161,568
Avtury,0.25433066,0.68119113,1594,874,-720
"Salyersville,_Kentucky",0.25428431,0.37833946,1595,2079,484
"Norfolk,_Virginia",0.25424468,0.37387772,1596,2117,521
Columbia_University,0.25421025,0.34039157,1597,2414,817
Russian_ruble,0.25411423,0.51226512,1598,1353,-245
Rensselaer_County,0.25408462,0.31332474,1599,2716,1117
Ohio_River,0.25407355,0.35606225,1600,2275,675
"Adair_County,_Missouri",0.25405953,0.40257241,1601,1871,270
"Athens,_Alabama",0.25405953,0.40257241,1602,1872,270
"Giles_County,_Tennessee",0.25405953,0.40257241,1603,1873,270
"Coweta_County,_Georgia",0.25405953,0.40257241,1604,1874,270
"Cameron,_Louisiana",0.25405953,0.40257241,1605,1875,270
"Knox_County,_Tennessee",0.25405953,0.40257241,1606,1876,270
Knox_County_(Tennessee),0.25405953,0.40257241,1607,1877,270
"Douglas_County,_Missouri",0.25405953,0.40257241,1608,1878,270
"Woodruff_County,_Arkansas",0.25405953,0.40257241,1609,1879,270
"Wythe_County,_Virginia",0.25405953,0.40257241,1610,1880,270
"Cynthiana,_Kentucky",0.25405953,0.40257241,1611,1881,270
"Sevier_County,_Tennessee",0.25405953,0.40257241,1612,1882,270
"Allegany_County,_Maryland",0.25405953,0.40257241,1613,1883,270
"Iron_County,_Missouri",0.25405953,0.40257241,1614,1884,270
Galveston,0.25405953,0.40257241,1615,1885,270
"Galveston,_Texas",0.25405953,0.40257241,1616,1886,270
"East_Carroll_Parish,_Louisiana",0.25405953,0.40257241,1617,1887,270
Grand_Gulf_Military_State_Park_(Mississippi),0.25405953,0.40257241,1618,1888,270
"Wright_County,_Missouri",0.25405953,0.40257241,1619,1889,270
"Phillips_County,_Arkansas",0.25405953,0.40257241,1620,1890,270
"Jackson,_Tennessee",0.25405953,0.40257241,1621,1891,270
"Laredo,_Texas",0.25405953,0.40257241,1622,1892,270
"Lynchburg,_Virginia",0.25405953,0.40257241,1623,1893,270
"Highland_County,_Virginia",0.25405953,0.40257241,1624,1894,270
"Lauderdale_County,_Mississippi",0.25405953,0.40257241,1625,1895,270
"Hardy_County,_West_Virginia",0.25405953,0.40257241,1626,1896,270
"Hart_County,_Kentucky",0.25405953,0.40257241,1627,1897,270
"Chickasaw_County,_Mississippi",0.25405953,0.40257241,1628,1898,270
"McCracken_County,_Kentucky",0.25405953,0.40257241,1629,1899,270
"Washington_County,_North_Carolina",0.25405953,0.40257241,1630,1900,270
"Mercer_County,_West_Virginia",0.25405953,0.40257241,1631,1901,270
"Sussex_County,_Virginia",0.25405953,0.40257241,1632,1902,270
"Pointe_Coupee_Parish,_Louisiana",0.25405953,0.40257241,1633,1903,270
"Strasburg,_Virginia",0.25405953,0.40257241,1634,1904,270
"Summit_Point,_West_Virginia",0.25405953,0.40257241,1635,1905,270
"Todds_Tavern,_Virginia",0.25405953,0.40257241,1636,1906,270
"Walkerton,_Virginia",0.25405953,0.40257241,1637,1907,270
"Waynesboro,_Georgia",0.25405953,0.40257241,1638,1908,270
"West_Point,_Georgia",0.25405953,0.40257241,1639,1909,270
"Douglas_County,_Kansas",0.25405953,0.40257241,1640,1910,270
"Osceola,_Missouri",0.25405953,0.40257241,1641,1911,270
"Saltville,_Virginia",0.25405953,0.40257241,1642,1912,270
Da_Nang,0.25404588,0.45923331,1643,1568,-75
Cairo_International_Airport,0.25402713,0.47456116,1644,1486,-158
Battle_of_Agusan_Hill,0.25394574,0.48798566,1645,1437,-208
Battle_of_Makahambus_Hill,0.25394574,0.48798566,1646,1438,-208
Battle_of_the_Malalag_River,0.25394574,0.48798566,1647,1439,-208
Jean-Paul_Sartre,0.25378603,0.30720102,1648,2791,1143
Montr%C3%A9al%2013Pierre_Elliott_Trudeau_International_Airport,0.25374245,0.45199260,1649,1599,-50
"Stewart_County,_Tennessee",0.25369010,0.39896424,1650,1955,305
"Bates_County,_Missouri",0.25358513,0.40059175,1651,1918,267
"Wayne_County,_Georgia",0.25358513,0.40059175,1652,1919,267
"St._Landry_Parish,_Louisiana",0.25358513,0.40059175,1653,1920,267
"Pulaski_County,_Arkansas",0.25358513,0.40059175,1654,1921,267
"Red_River_Parish,_Louisiana",0.25358513,0.40059175,1655,1922,267
"Cherokee_County,_Kansas",0.25358513,0.40059175,1656,1923,267
Fort_DeRussy_(Louisiana),0.25358513,0.40059175,1657,1924,267
"Lee_County,_Florida",0.25358513,0.40059175,1658,1925,267
"Grant_County,_Arkansas",0.25358513,0.40059175,1659,1926,267
"Mansura,_Louisiana",0.25358513,0.40059175,1660,1927,267
"Marianna,_Florida",0.25358513,0.40059175,1661,1928,267
"Natchitoches_Parish,_Louisiana",0.25358513,0.40059175,1662,1929,267
"Pine_Bluff,_Arkansas",0.25358513,0.40059175,1663,1930,267
"Tupelo,_Mississippi",0.25358513,0.40059175,1664,1931,267
Jezzine,0.25341668,0.37186758,1665,2132,467
Rhine,0.25339058,0.41678975,1666,1815,149
Tampere,0.25336982,0.30332113,1667,2857,1190
"Southwest_Middlesex,_Ontario",0.25334084,0.37682682,1668,2103,435
Fairfax_(Virginia),0.25328574,0.37609178,1669,2106,437
Vella_Lavella,0.25325449,0.37090931,1670,2135,465
Finnish_Lapland,0.25323365,0.36378453,1671,2193,522
Canc%C3%BAn_International_Airport,0.25315639,0.47886334,1672,1475,-197
Galashki,0.25313589,0.38539981,1673,2041,368
Gr%C3%BCnwalder_Stadion,0.25312786,0.42019195,1674,1798,124
Vorderkaiserfelden_Hut,0.25312786,0.42019195,1675,1799,124
wordnet_tobacco_104442831,0.25300422,0.80455025,1676,681,-995
Chilo%C3%A9_Archipelago,0.25293027,0.38886346,1677,2014,337
Daria-i-Noor,0.25287561,0.44472586,1678,1641,-37
Battle_of_Cantigny,0.25264193,0.53631133,1679,1251,-428
Battle_of_Saint-Mihiel,0.25264193,0.53631133,1680,1252,-428
Straits_of_Corfu,0.25255746,0.32790391,1681,2528,847
Gulf_of_Mexico,0.25250087,0.40225406,1682,1913,231
Grand_Harbour,0.25248628,0.37239480,1683,2129,446
Burgundy,0.25239377,0.47534962,1684,1483,-201
Le_Boulou,0.25231241,0.36207802,1685,2226,541
Dogger_Bank,0.25229125,0.43536189,1686,1682,-4
2008_invasion_of_Anjouan,0.25220155,0.52172184,1687,1322,-365
Sangster_International_Airport,0.25179955,0.45343927,1688,1591,-97
Bratsk_Airport,0.25177204,0.40820479,1689,1851,162
Admiralty_Islands,0.25168996,0.37975797,1690,2059,369
Peninsular_Malaysia,0.25164942,0.39853114,1691,1957,266
Blockade_of_Wonsan,0.25164232,0.59015807,1692,1106,-586
Coahuila,0.25162262,0.36646395,1693,2171,478
Chihuahua_(state),0.25162262,0.36646395,1694,2172,478
Gothic_Line,0.25161575,0.48029007,1695,1469,-226
wordnet_beverage_107881800,0.25154650,0.95410467,1696,567,-1129
"Boonville,_Missouri",0.25141104,0.35466088,1697,2323,626
"Sumter,_South_Carolina",0.25141104,0.35466088,1698,2324,626
Hamad_International_Airport,0.25118845,0.47149065,1699,1505,-194
The_Bahamas,0.25111250,0.32256814,1700,2591,891
British_Kenya,0.25107176,0.33282764,1701,2482,781
C%C3%A1diz,0.25099942,0.35630638,1702,2273,571
Shantou,0.25099558,0.41684998,1703,1814,111
Battle_of_Kabul_(1992%201396),0.25097886,0.56271054,1704,1165,-539
Vietnamese_Demilitarized_Zone,0.25092314,0.37564839,1705,2109,404
Gulf_of_Tonkin,0.25092314,0.37564839,1706,2110,404
Bagram_Airfield,0.25083978,0.54080224,1707,1236,-471
Kandahar_International_Airport,0.25083978,0.54080224,1708,1237,-471
Independent_State_of_Croatia,0.25083445,0.35323953,1709,2330,621
Paul_Auster,0.25074863,0.29189828,1710,3435,1725
Wilmington_International_Airport,0.25069516,0.38761041,1711,2022,311
"Springfield,_Missouri",0.25069474,0.37965862,1712,2061,349
Port_of_Tripoli,0.25056606,0.37205913,1713,2131,418
Battle_of_Bajaur,0.25054127,0.60048010,1714,1059,-655
Battle_of_Mogadishu_(March%2013April_2007),0.25045189,0.55125580,1715,1203,-512
Berlin_Tegel_Airport,0.25035606,0.46558960,1716,1538,-178
Sabiha_G%C3%B6k%C3%A7en_International_Airport,0.25031913,0.44736913,1717,1617,-100
Syrian_Republic_(1930%20131958),0.25027230,0.33342245,1718,2476,758
Abu_Dhabi_International_Airport,0.25022225,0.45910137,1719,1569,-150
Heinsberg,0.25020760,0.32693237,1720,2537,817
Battle_of_the_Rice_Boats,0.25018110,0.36998632,1721,2139,418
wordnet_natural_gas_114960090,0.25012576,0.80307676,1722,683,-1039
United_States_Minor_Outlying_Islands,0.25001774,0.30917775,1723,2779,1056
Djiboutian%2013Eritrean_border_conflict,0.24994087,0.51066142,1724,1355,-369
"Paete,_Laguna",0.24981073,0.36209844,1725,2223,498
"Pagsanjan,_Laguna",0.24981073,0.36209844,1726,2224,498
"Santa_Cruz,_Laguna",0.24981073,0.36209844,1727,2225,498
Gaza%2013Israel_conflict,0.24971276,0.48932228,1728,1432,-296
Salt_Lake_City_International_Airport,0.24969658,0.44222523,1729,1653,-76
wordnet_car_102958343,0.24966190,0.99270549,1730,538,-1192
Operation_Phantom_Linebacker,0.24954027,0.56628160,1731,1156,-575
O%C5%9Bwi%C4%99cim_County,0.24949718,0.31997484,1732,2616,884
Li%C3%A8ge,0.24944847,0.41467616,1733,1826,93
Luanda_Province,0.24944701,0.39384854,1734,1981,247
Rabaul,0.24941322,0.34142816,1735,2405,670
Battle_of_Isly,0.24930045,0.51970377,1736,1330,-406
Nangarhar_Province,0.24921702,0.40653975,1737,1856,119
London_boroughs,0.24918736,0.44118622,1738,1658,-80
B%C3%ADo_B%C3%ADo_Region,0.24916139,0.33184951,1739,2495,756
Al-Qurnah,0.24910893,0.43991079,1740,1665,-75
Mohammed_V_International_Airport,0.24909552,0.43772174,1741,1673,-68
Sarawak,0.24909241,0.30974801,1742,2773,1031
Operation_Bolo,0.24908485,0.53012002,1743,1279,-464
Second_Congo_War,0.24908252,0.47455677,1744,1487,-257
Battle_of_Dobro_Pole,0.24906006,0.49051658,1745,1429,-316
Battle_of_Guilin%2013Liuzhou,0.24904458,0.57864625,1746,1128,-618
Orl%C3%A9ans,0.24902774,0.52966521,1747,1293,-454
San_Pietro_Infine,0.24898852,0.36326814,1748,2199,451
"Madison_County,_Tennessee",0.24896731,0.36743460,1749,2156,407
Nigeria,0.24896537,0.55565021,1750,1188,-562
Roberto_Bola%C3%B1o,0.24887801,0.29904314,1751,2927,1176
Don_River_(Russia),0.24882077,0.33064413,1752,2505,753
Battle_of_the_Kodori_Valley,0.24879902,0.46505318,1753,1542,-211
Bokhundjara_incident,0.24879902,0.46505318,1754,1543,-211
"Callahan,_Florida",0.24876940,0.36301194,1755,2202,447
"Port_Republic,_New_Jersey",0.24876940,0.36301194,1756,2203,447
"Cobleskill_(village),_New_York",0.24876940,0.36301194,1757,2204,447
"Newark,_Delaware",0.24876940,0.36301194,1758,2205,447
"Johnstown_(city),_New_York",0.24876940,0.36301194,1759,2206,447
"Washington,_Georgia",0.24876940,0.36301194,1760,2207,447
"St._Johnsville,_New_York",0.24876940,0.36301194,1761,2208,447
"Moncks_Corner,_South_Carolina",0.24876940,0.36301194,1762,2209,447
"Quinton_Township,_New_Jersey",0.24876940,0.36301194,1763,2210,447
"Cherry_Valley,_New_York",0.24876940,0.36301194,1764,2211,447
Fort_Stanwix,0.24876940,0.36301194,1765,2212,447
"Sag_Harbor,_New_York",0.24876940,0.36301194,1766,2213,447
"Ninety_Six,_South_Carolina",0.24876940,0.36301194,1767,2214,447
Upstate_New_York,0.24876940,0.36301194,1768,2215,447
"Summerton,_South_Carolina",0.24876940,0.36301194,1769,2216,447
"Tuckerton,_New_Jersey",0.24876940,0.36301194,1770,2217,447
Rio_Grande_do_Sul,0.24870277,0.39819244,1771,1959,188
Southern_United_States,0.24865654,0.36671624,1772,2168,396
Belo_Horizonte,0.24858210,0.41948481,1773,1805,32
Battle_of_Dien_Bien_Phu,0.24857728,0.52225581,1774,1315,-459
USS_Boston_vs_Berceau,0.24857728,0.52225581,1775,1316,-459
Delaware,0.24857473,0.35753306,1776,2263,487
Province_of_South_Carolina,0.24841078,0.40470370,1777,1861,84
wordnet_hide_114759275,0.24835757,0.74497240,1778,761,-1017
Nueva_Ecija,0.24811081,0.34794716,1779,2363,584
"Fairlee,_Maryland",0.24810861,0.36013541,1780,2244,464
"Portsmouth,_Virginia",0.24810861,0.36013541,1781,2245,464
"Brownstown_Charter_Township,_Michigan",0.24809369,0.36199822,1782,2227,445
"Saint_Michaels,_Maryland",0.24809369,0.36199822,1783,2228,445
Tristan_da_Cunha,0.24809369,0.36199822,1784,2229,445
Gananoque,0.24809369,0.36199822,1785,2230,445
Operation_Uphold_Democracy,0.24808924,0.48446769,1786,1458,-328
Luis_Mu%C3%B1oz_Mar%C3%ADn_International_Airport,0.24806582,0.43271887,1787,1696,-91
Venice_Marco_Polo_Airport,0.24804946,0.46071044,1788,1556,-232
David_Hume,0.24792645,0.29656265,1789,3271,1482
Bamyan_Airport,0.24787378,0.52980457,1790,1282,-508
Bost_Airport,0.24787378,0.52980457,1791,1283,-508
Chaghcharan_Airport,0.24787378,0.52980457,1792,1284,-508
Farah_Airport,0.24787378,0.52980457,1793,1285,-508
Khost_Airfield,0.24787378,0.52980457,1794,1286,-508
Qala_i_Naw_Airport,0.24787378,0.52980457,1795,1287,-508
Shindand_Air_Base,0.24787378,0.52980457,1796,1288,-508
Taloqan_Airport,0.24787378,0.52980457,1797,1289,-508
Zaranj_Airport,0.24787378,0.52980457,1798,1290,-508
"San_Juan,_Puerto_Rico",0.24775759,0.35085053,1799,2347,548
Mario_Kopi%C4%87,0.24751451,0.31629517,1800,2664,864
Battle_of_Morval,0.24751005,0.51263447,1801,1351,-450
Mackinac_Island,0.24747462,0.35838120,1802,2255,453
North_Ossetia%2013Alania,0.24733733,0.33376597,1803,2473,670
"Jenkins_County,_Georgia",0.24732994,0.35674484,1804,2268,464
"Madison_County,_Missouri",0.24732994,0.35674484,1805,2269,464
"Rogersville,_Tennessee",0.24732994,0.35674484,1806,2270,464
Gloucester_County_(New_Jersey),0.24716583,0.35072618,1807,2349,542
Islamic_philosophy,0.24698718,0.40411407,1808,1865,57
Abu_Ghraib,0.24685555,0.35476418,1809,2280,471
Ash_Hollow_State_Historical_Park,0.24685555,0.35476418,1810,2281,471
"Blue_Mounds,_Wisconsin",0.24685555,0.35476418,1811,2282,471
"Balad,_Iraq",0.24685555,0.35476418,1812,2283,471
"Elizabeth,_Illinois",0.24685555,0.35476418,1813,2284,471
"Clark_County,_Missouri",0.24685555,0.35476418,1814,2285,471
"Victory,_Wisconsin",0.24685555,0.35476418,1815,2286,471
"Yuma_County,_Colorado",0.24685555,0.35476418,1816,2287,471
"Kidder_County,_North_Dakota",0.24685555,0.35476418,1817,2288,471
"Santa_Cruz,_New_Mexico",0.24685555,0.35476418,1818,2289,471
"Benton_County,_Missouri",0.24685555,0.35476418,1819,2290,471
"Las_Cruces,_New_Mexico",0.24685555,0.35476418,1820,2291,471
"Sandusky_County,_Ohio",0.24685555,0.35476418,1821,2292,471
"Spokane,_Washington",0.24685555,0.35476418,1822,2293,471
Haditha,0.24685555,0.35476418,1823,2294,471
"Hampden,_Maine",0.24685555,0.35476418,1824,2295,471
"Custer_County,_Montana",0.24685555,0.35476418,1825,2296,471
"Woodford,_Wisconsin",0.24685555,0.35476418,1826,2297,471
"Cass_County,_Indiana",0.24685555,0.35476418,1827,2298,471
"Vernon,_California",0.24685555,0.35476418,1828,2299,471
"Chalmette,_Louisiana",0.24685555,0.35476418,1829,2300,471
"Albemarle_County,_Virginia",0.24685555,0.35476418,1830,2301,471
"San_Pasqual_Valley,_San_Diego",0.24685555,0.35476418,1831,2302,471
"Stillman_Valley,_Illinois",0.24685555,0.35476418,1832,2303,471
White_River_(Indiana),0.24685555,0.35476418,1833,2304,471
Tonto_Basin,0.24685555,0.35476418,1834,2305,471
"Sumter_County,_Florida",0.24685555,0.35476418,1835,2306,471
"Sauk_City,_Wisconsin",0.24685555,0.35476418,1836,2307,471
"Lubbock,_Texas",0.24685555,0.35476418,1837,2308,471
Brockville,0.24685555,0.35476418,1838,2309,471
"Polo,_Illinois",0.24685555,0.35476418,1839,2310,471
"Fort_Wayne,_Indiana",0.24685555,0.35476418,1840,2311,471
"Grant_County,_Wisconsin",0.24685555,0.35476418,1841,2312,471
"Johnson_County,_Missouri",0.24685555,0.35476418,1842,2313,471
"Mahmoudiyah,_Iraq",0.24685555,0.35476418,1843,2314,471
"Pearl_City,_Illinois",0.24685555,0.35476418,1844,2316,472
"Perrysburg,_Ohio",0.24685555,0.35476418,1845,2317,472
San_Juan_Islands,0.24685555,0.35476418,1846,2318,472
"Savanna,_Illinois",0.24685555,0.35476418,1847,2319,472
"Prairie_du_Chien,_Wisconsin",0.24685555,0.35476418,1848,2320,472
"South_Wayne,_Wisconsin",0.24685555,0.35476418,1849,2321,472
Battle_of_Gia_Cuc,0.24682219,0.53172397,1850,1268,-582
Battle_of_Palan,0.24682219,0.53172397,1851,1269,-582
Battle_of_Thu%E1%BA%ADn_An,0.24682219,0.53172397,1852,1270,-582
Capture_of_H%C6%B0ng_H%C3%B3a,0.24682219,0.53172397,1853,1271,-582
S%C6%A1n_T%C3%A2y_Campaign,0.24682219,0.53172397,1854,1272,-582
Baja_California_(state),0.24669606,0.29914458,1855,2926,1071
United_States_occupation_of_the_Dominican_Republic_(1965%201366),0.24667921,0.48837015,1856,1435,-421
Edict_of_Restitution,0.24655475,0.38409355,1857,2043,186
Battle_of_Pakchon,0.24653459,0.55849767,1858,1183,-675
Khedivate_of_Egypt,0.24646233,0.32325580,1859,2587,728
Tours,0.24626400,0.47603341,1860,1481,-379
Daejeon,0.24624962,0.36191178,1861,2231,370
Baj%C3%ADo,0.24612103,0.33899317,1862,2421,559
Operation_Barrel_Roll,0.24611891,0.50706816,1863,1361,-502
Battle_of_the_Somme,0.24611554,0.42364236,1864,1766,-98
Bouquet_of_Lilies_Clock,0.24603522,0.39130955,1865,1990,125
Clover_Leaf_(Faberg%C3%A9_egg),0.24603522,0.39130955,1866,1991,125
Romanov_Tercentenary_(Faberg%C3%A9_egg),0.24603522,0.39130955,1867,1992,125
Standart_Yacht_(Faberg%C3%A9_egg),0.24603522,0.39130955,1868,1993,125
TV_Tsentr,0.24603522,0.39130955,1869,1994,125
Ad-Dawr,0.24600559,0.42132244,1870,1795,-75
Vevi,0.24596146,0.33612692,1871,2454,583
Spanish_dollar,0.24580395,0.51944783,1872,1331,-541
Balearic_Islands,0.24555144,0.33685866,1873,2433,560
"Cumberland_County,_North_Carolina",0.24555133,0.35772445,1874,2260,386
Japanese_conquest_of_Burma,0.24539154,0.46112083,1875,1555,-320
"Albert,_Somme",0.24535169,0.44963506,1876,1609,-267
"Catoosa_County,_Georgia",0.24521756,0.37731517,1877,2100,223
"Walker_County,_Georgia",0.24521756,0.37731517,1878,2101,223
Shanghai_Pudong_International_Airport,0.24518718,0.43324461,1879,1692,-187
Benito_Ju%C3%A1rez_International_Airport,0.24496401,0.43088930,1880,1741,-139
Northwest_Italy,0.24492746,0.32844114,1881,2523,642
Battle_of_Cr%C3%AAte-%C3%A0-Pierrot,0.24491924,0.51582922,1882,1344,-538
Latrun,0.24489353,0.34207076,1883,2400,517
Grammy_Award,0.24475971,0.33430580,1884,2465,581
Siege_of_Acre_(1799),0.24468922,0.49756858,1885,1401,-484
Kingdom_of_Saxony,0.24456694,0.40632579,1886,1858,-28
Second_Battle_of_Krithia,0.24452069,0.50147322,1887,1386,-501
Dutch_East_Indies_campaign,0.24442944,0.46889986,1888,1522,-366
Advance_of_the_Islamic_Courts_Union,0.24442740,0.45807111,1889,1572,-317
Israeli%2013Palestinian_conflict,0.24401829,0.38965998,1890,2008,118
Battle_of_Tr%C3%A0_B%C3%ACnh,0.24390716,0.54969728,1891,1211,-680
Operation_Masher,0.24390716,0.54969728,1892,1212,-680
Battle_of_Agounennda,0.24387833,0.50920821,1893,1358,-535
"Yanggu_County,_Gangwon",0.24383820,0.54957764,1894,1213,-681
South_Sudan,0.24382885,0.38173707,1895,2054,159
Edmonton,0.24381828,0.29876022,1896,2928,1032
Pozi%C3%A8res,0.24376604,0.33526033,1897,2460,563
T%C3%A2y_Ninh,0.24371281,0.39397900,1898,1980,82
Battle_of_Spicheren,0.24363128,0.48539087,1899,1453,-446
Battle_of_Berlin_(RAF_campaign),0.24356724,0.46300731,1900,1548,-352
MIMAROPA,0.24355927,0.37455130,1901,2111,210
Faryab_Province,0.24352076,0.49690558,1902,1404,-498
Warsaw_Chopin_Airport,0.24343904,0.44726973,1903,1619,-284
Pyongan,0.24338067,0.45786540,1904,1575,-329
Mongol_invasions_of_Vietnam,0.24330677,0.52206090,1905,1320,-585
Order_of_Merit_of_the_Federal_Republic_of_Germany,0.24322452,0.34247101,1906,2398,492
Hispaniola,0.24320198,0.38862488,1907,2015,108
Rio_de_Janeiro_(state),0.24316830,0.40415209,1908,1864,-44
"Kershaw_County,_South_Carolina",0.24313308,0.36516689,1909,2179,270
Princess_Juliana_International_Airport,0.24310217,0.41441150,1910,1827,-83
Nagapattinam,0.24302552,0.30538755,1911,2826,915
Union_of_South_Africa,0.24288735,0.36863588,1912,2149,237
Ural_economic_region,0.24281046,0.28578566,1913,3530,1617
Operation_Torch,0.24277028,0.46537970,1914,1540,-374
First_Ivorian_Civil_War,0.24271045,0.49433811,1915,1411,-504
Novara,0.24264390,0.28472500,1916,3545,1629
Oldham,0.24264390,0.28472500,1917,3546,1629
Western_Desert_Campaign,0.24262926,0.35689613,1918,2267,349
Battle_of_the_Caribbean,0.24256552,0.46322356,1919,1547,-372
wordnet_coal_114814616,0.24249199,0.71749908,1920,810,-1110
Dalmatia,0.24244008,0.34540665,1921,2376,455
Niagara_River,0.24239856,0.34405173,1922,2386,464
East_African_Campaign_(World_War_I),0.24237483,0.41594188,1923,1819,-104
Republic_of_Serbia_(1990%20132006),0.24229923,0.55949958,1924,1178,-746
Republic_of_Serbia_(1992%20132006),0.24229923,0.55949958,1925,1179,-746
Tashkent_International_Airport,0.24226452,0.44264909,1926,1651,-275
"Oslo_Airport,_Gardermoen",0.24221959,0.43683531,1927,1677,-250
Leinster,0.24213727,0.34164699,1928,2402,474
Harbin_Taiping_International_Airport,0.24203804,0.41420061,1929,1828,-101
"Tishomingo_County,_Mississippi",0.24203051,0.35456730,1930,2325,395
Battle_of_Kitcheners%27_Wood,0.24189337,0.49784448,1931,1400,-531
Battle_of_Jaji,0.24188937,0.55481659,1932,1192,-740
"Surobi,_Kabul",0.24185267,0.53337566,1933,1265,-668
S%C3%A3o_Paulo%2013Guarulhos_International_Airport,0.24184752,0.43951835,1934,1669,-265
Las_Pi%C3%B1as,0.24179500,0.35899543,1935,2250,315
Battle_of_Doiran_(1918),0.24161621,0.47887760,1936,1474,-462
Spring_1945_offensive_in_Italy,0.24160970,0.44214555,1937,1654,-283
Eastern_Finland_Province,0.24160201,0.36637016,1938,2173,235
Gangwon,0.24156753,0.50183322,1939,1383,-556
Durand_Line,0.24154744,0.37754890,1940,2087,147
Battle_of_Singapore,0.24145570,0.40872687,1941,1848,-93
"Portobelo,_Col%C3%B3n",0.24140931,0.31649435,1942,2663,721
Battle_of_Al_Faw_(2003),0.24138991,0.53523430,1943,1258,-685
Makkah_Province,0.24129544,0.37150156,1944,2133,189
Makkah_Region,0.24129544,0.37150156,1945,2134,189
Battle_of_Abukir_(1799),0.24122502,0.48786534,1946,1440,-506
Battle_of_Arara,0.24111662,0.49102743,1947,1423,-524
Mount_Simon,0.24100526,0.31656371,1948,2662,714
wordnet_meat_107649854,0.24100172,0.64821448,1949,937,-1012
Villers-Bretonneux,0.24098046,0.32021070,1950,2613,663
"Pelham,_Ontario",0.24092027,0.31780503,1951,2645,694
Hunters%27_Lodges,0.24062358,0.37285419,1952,2125,173
Pyrenees,0.24059715,0.32161477,1953,2600,647
Strait_of_Sicily,0.24057662,0.32435577,1954,2570,616
Autonomous_Region_of_Bougainville,0.24054251,0.35086280,1955,2346,391
Convoy_PQ_17,0.24051120,0.44730985,1956,1618,-338
Prague_Offensive,0.24040678,0.42643001,1957,1758,-199
Tampa,0.24037852,0.37040098,1958,2136,178
Lorraine_(duchy),0.24034293,0.33569574,1959,2458,499
Spring_Offensive,0.24030573,0.36365635,1960,2195,235
Hu%C3%ADla_Province,0.24025337,0.32810422,1961,2525,564
2003_invasion_of_Iraq,0.24013089,0.45537186,1962,1586,-376
Iraq_War,0.24013089,0.45537186,1963,1587,-376
"Beaufort_Castle,_Lebanon",0.24011572,0.31498446,1964,2677,713
Aceh_War,0.24008609,0.40056021,1965,1932,-33
Defence_of_the_Reich,0.24004066,0.43419575,1966,1685,-281
Albacete,0.24001462,0.27936853,1967,3654,1687
Chaves,0.24001462,0.27936853,1968,3656,1688
"Chiyoda,_Tokyo",0.24001462,0.27936853,1969,3657,1688
Vizela_Municipality,0.24001462,0.27936853,1970,3660,1690
Podgorica,0.24001462,0.27936853,1971,3661,1690
Gondomar_Municipality,0.24001462,0.27936853,1972,3664,1692
Cheorwon_County,0.23988874,0.53384347,1973,1264,-709
Tyrrhenian_Sea,0.23982454,0.31260272,1974,2730,756
War_of_the_Austrian_Succession,0.23977371,0.36761330,1975,2154,179
Prix_Femina,0.23973047,0.32419124,1976,2571,595
Charles_Bukowski,0.23960886,0.28080617,1977,3597,1620
Battle_of_Maiwand,0.23955827,0.54459456,1978,1223,-755
Eastern_Front_(World_War_II),0.23950646,0.39952224,1979,1942,-37
Franco-Dutch_War,0.23943515,0.36340965,1980,2198,218
Kingdom_of_Laos,0.23930843,0.47092049,1981,1509,-472
Gulf_of_Suez,0.23930653,0.35882117,1982,2253,271
Battle_of_Tora_Bora,0.23917493,0.48553800,1983,1452,-531
%C4%90%E1%BB%A9c_C%C6%A1_District,0.23909560,0.48863316,1984,1433,-551
Alv%C3%B8en,0.23909308,0.29730177,1985,2940,955
Sinim%C3%A4ed_Hills,0.23895959,0.30615140,1986,2799,813
Okhtyrka,0.23895959,0.30615140,1987,2800,813
Michel_Aflaq,0.23888587,0.30405500,1988,2844,856
"Screven_County,_Georgia",0.23886173,0.32918266,1989,2514,525
"Stanly_County,_North_Carolina",0.23886173,0.32918266,1990,2515,525
Operation_Karez,0.23867907,0.46140040,1991,1552,-439
"Elizabeth_City,_North_Carolina",0.23866141,0.33310704,1992,2479,487
Northern_Savonia,0.23855034,0.32197841,1993,2595,602
"Cumberland_County,_New_South_Wales",0.23841506,0.36463615,1994,2186,192
Georgian%2013Abkhazian_conflict,0.23826804,0.43192093,1995,1700,-295
Lake_Erie,0.23824502,0.32254684,1996,2592,596
National_Book_Critics_Circle_Award,0.23819547,0.33308001,1997,2480,483
Battle_of_Cambrai_(1917),0.23813608,0.41244958,1998,1832,-166
Third_Battle_of_Krithia,0.23813239,0.47912370,1999,1471,-528
South_India,0.23810869,0.31485572,2000,2679,679
"Sullivan_County,_Tennessee",0.23799950,0.32516127,2001,2556,555
Adelphi_Theatre_(New_York_City),0.23799530,0.28578566,2002,3529,1527
"Honolulu_County,_Hawaii",0.23795008,0.36402848,2003,2192,189
Taranto,0.23792940,0.30316557,2004,2861,857
"Buka,_Papua_New_Guinea",0.23782509,0.33438331,2005,2464,459
"East_Amwell_Township,_New_Jersey",0.23771534,0.32389035,2006,2576,570
"Brown_County,_Minnesota",0.23771534,0.32389035,2007,2577,570
"Newcastle,_New_South_Wales",0.23770429,0.30249379,2008,2869,861
Spitsbergen,0.23769031,0.31803331,2009,2643,634
Rwanda,0.23765127,0.41969113,2010,1803,-207
Monastir_Habib_Bourguiba_International_Airport,0.23760943,0.42814451,2011,1754,-257
wordnet_copper_114635722,0.23757761,0.74407370,2012,764,-1248
Peter_Sloterdijk,0.23754282,0.28880499,2013,3477,1464
Leyte_(island),0.23746641,0.32293278,2014,2588,574
Gazi-Stadion_auf_der_Waldau,0.23744147,0.37909150,2015,2067,52
Porsche-Arena,0.23744147,0.37909150,2016,2068,52
Stuttgart_Municipal_Airport,0.23744147,0.37909150,2017,2069,52
Territory_of_Papua,0.23732751,0.38749379,2018,2025,7
Lithuanian_Soviet_Socialist_Republic,0.23726076,0.29876022,2019,2929,910
Chouannerie,0.23723227,0.46869491,2020,1524,-496
Ottoman%2013Venetian_War_(1714%201318),0.23721072,0.40419344,2021,1862,-159
Operation_Libelle,0.23720095,0.47142688,2022,1507,-515
Hudson_River,0.23718980,0.35331908,2023,2329,306
Manchukuo,0.23713289,0.34259839,2024,2395,371
Manchuria,0.23713289,0.34259839,2025,2396,371
An_L%C3%A3o_District,0.23712365,0.41305010,2026,1831,-195
Battle_of_Snuol,0.23710606,0.44976247,2027,1604,-423
Cambodian_Campaign,0.23710606,0.44976247,2028,1605,-423
Cambodian_Civil_War,0.23710606,0.44976247,2029,1606,-423
Operation_Menu,0.23710606,0.44976247,2030,1607,-423
Occupation_of_German_Samoa,0.23706381,0.47623271,2031,1480,-551
Kingdom_of_Hungary_(1920%201346),0.23701363,0.31743240,2032,2649,617
Caroline_Islands,0.23683119,0.34378383,2033,2388,355
Balikpapan,0.23676979,0.37973801,2034,2060,26
Gogland,0.23674963,0.35004356,2035,2352,317
"Tampa,_Florida",0.23671628,0.36047701,2036,2238,202
"Floyd_County,_Kentucky",0.23671628,0.36047701,2037,2239,202
"Independence,_Missouri",0.23671628,0.36047701,2038,2240,202
Operation_Medusa,0.23660566,0.44782860,2039,1614,-425
Joyce_Carol_Oates,0.23658450,0.26103945,2040,4079,2039
War_of_Attrition,0.23648981,0.43525841,2041,1683,-358
"Lauderdale_County,_Tennessee",0.23647908,0.35948668,2042,2247,205
"Hutchinson_County,_Texas",0.23642232,0.31101298,2043,2747,704
"Bristol,_Maine",0.23642232,0.31101298,2044,2748,704
Surgut_International_Airport,0.23640795,0.38972078,2045,2007,-38
Leeward_Islands,0.23635357,0.29359305,2046,3414,1368
"DeSoto_Parish,_Louisiana",0.23632095,0.35882646,2047,2251,204
Gianni_Vattimo,0.23623313,0.29321180,2048,3421,1373
Battle_of_Ghazni,0.23620972,0.53612367,2049,1253,-796
Battle_of_Kabul_(1842),0.23620972,0.53612367,2050,1254,-796
Operation_Diesel,0.23618271,0.53831521,2051,1246,-805
Breda,0.23613034,0.32710400,2052,2536,484
Busan,0.23609908,0.48759126,2053,1448,-605
Warren_County_(Virginia),0.23591584,0.34377524,2054,2389,335
El_Salvador_International_Airport,0.23589956,0.38408340,2055,2044,-11
"Frederick_County,_Maryland",0.23584911,0.35837224,2056,2256,200
Kingdom_of_Nepal,0.23582900,0.45302453,2057,1594,-463
La_Caine,0.23580685,0.29212522,2058,3427,1369
Province_of_Catania,0.23580685,0.29212522,2059,3428,1369
K%C3%A5fjorden_(Alta),0.23580685,0.29212522,2060,3429,1369
First_Schleswig_War,0.23572940,0.39104933,2061,1999,-62
Operation_Steel_Tiger,0.23565138,0.45222376,2062,1598,-464
Sizilien,0.23549158,0.31270513,2063,2729,666
wordnet_aluminum_114627820,0.23544010,0.54273702,2064,1228,-836
France_T%C3%A9l%C3%A9visions,0.23542200,0.43135677,2065,1723,-342
Stade_du_Hameau,0.23542200,0.43135677,2066,1724,-342
Rostov-on-Don_Airport,0.23541032,0.38861440,2067,2016,-51
Battle_of_Durazzo_(1915),0.23534500,0.47639215,2068,1479,-589
Manas_International_Airport,0.23532031,0.39179995,2069,1988,-81
Gapyeong_County,0.23528811,0.50587452,2070,1368,-702
Indianapolis_International_Airport,0.23528667,0.41614435,2071,1818,-253
wordnet_lumber_114943580,0.23525636,0.63535596,2072,993,-1079
Romagna,0.23523005,0.33404039,2073,2469,396
Mook_en_Middelaar,0.23511924,0.30682290,2074,2794,720
"Knox_County,_Kentucky",0.23507650,0.34169004,2075,2401,326
Vatican_City,0.23504533,0.65334077,2076,922,-1154
"Colleton_County,_South_Carolina",0.23495290,0.34729019,2077,2370,293
Antonella_Gambotto-Burke,0.23489953,0.27889593,2078,3667,1589
Aden_Emergency,0.23488467,0.35069295,2079,2350,271
Battle_of_Messines_(1917),0.23488325,0.39629250,2080,1967,-113
"Magoffin_County,_Kentucky",0.23487522,0.34072676,2081,2413,332
Chadian_Civil_War_(2005%201310),0.23486320,0.47364780,2082,1492,-590
Entebbe_International_Airport,0.23484513,0.35945645,2083,2248,165
First_Battle_of_Krithia,0.23478383,0.47065281,2084,1510,-574
Landing_at_Cape_Helles,0.23478383,0.47065281,2085,1511,-574
Battle_of_Coulmiers,0.23477725,0.46262793,2086,1549,-537
Battle_of_Villepion,0.23477725,0.46262793,2087,1550,-537
Warsaw_Pact_invasion_of_Czechoslovakia,0.23474730,0.30601546,2088,2803,715
Dortmund,0.23472989,0.44430116,2089,1646,-443
Essen,0.23472989,0.44430116,2090,1647,-443
East_Africa,0.23470097,0.36754776,2091,2155,64
First_Battle_of_Maryang_San,0.23466807,0.49660341,2092,1405,-687
Gwangju,0.23463514,0.37340628,2093,2120,27
Central_Macedonia,0.23454342,0.28689991,2094,3508,1414
Booker_Prize,0.23450983,0.31857751,2095,2632,537
Man_Booker_Prize,0.23450983,0.31857751,2096,2633,537
Gary_Forrester,0.23448949,0.29563454,2097,3305,1208
Norwegian_Sea,0.23435946,0.35067219,2098,2351,253
Athens_International_Airport,0.23435319,0.42348930,2099,1788,-311
2004_French%2013Ivorian_clashes,0.23434183,0.46964028,2100,1517,-583
Indonesia%2013Malaysia_confrontation,0.23427911,0.49081164,2101,1424,-677
Bayonne,0.23416618,0.32192198,2102,2597,495
"Malvern,_Pennsylvania",0.23416343,0.32750995,2103,2532,429
South_Kensington,0.23410803,0.28473405,2104,3542,1438
Pantelleria,0.23410803,0.28473405,2105,3543,1438
Roland_Barthes,0.23407144,0.27444746,2106,3775,1669
wordnet_electricity_111449907,0.23406625,0.75767029,2107,735,-1372
Egyptian_pound,0.23404587,0.49993893,2108,1390,-718
Chenagai_airstrike,0.23394159,0.52980457,2109,1291,-818
Taliban_insurgency,0.23394159,0.52980457,2110,1292,-818
Basel,0.23388423,0.39176977,2111,1989,-122
Convoy_ON_166,0.23383038,0.43218690,2112,1698,-414
William_P._Hobby_Airport,0.23382846,0.39548046,2113,1973,-140
Kansas_City_International_Airport,0.23373549,0.41062746,2114,1840,-274
Toussaint_Louverture_International_Airport,0.23366716,0.39538346,2115,1974,-141
"Alcorn_County,_Mississippi",0.23341282,0.33810067,2116,2426,310
Arena_Leipzig,0.23341218,0.33325068,2117,2477,360
Marseille,0.23317192,0.45746434,2118,1579,-539
AT%26T_Plaza,0.23310573,0.37731797,2119,2089,-30
Chicago_Avenue_Pumping_Station,0.23310573,0.37731797,2120,2094,-26
Exelon_Pavilions,0.23310573,0.37731797,2121,2095,-26
Harris_Theater_(Chicago),0.23310573,0.37731797,2122,2096,-26
Jay_Pritzker_Pavilion,0.23310573,0.37731797,2123,2097,-26
McCormick_Tribune_Plaza_%26_Ice_Rink,0.23310573,0.37731797,2124,2098,-26
Soldier_Field,0.23310573,0.37731797,2125,2099,-26
2008_Iraqi_Day_of_Ashura_fighting,0.23304202,0.50536104,2126,1369,-757
Al-Wathbah_uprising,0.23304202,0.50536104,2127,1370,-757
Battle_of_Amarah,0.23304202,0.50536104,2128,1371,-757
Battle_of_Diwaniya,0.23304202,0.50536104,2129,1372,-757
Battle_of_Karbala_(2007),0.23304202,0.50536104,2130,1373,-757
Battle_of_Umm_Qasr,0.23304202,0.50536104,2131,1374,-757
Battle_of_Doiran_(1916),0.23297256,0.45793130,2132,1574,-558
Krasnoyarsk,0.23295383,0.33170413,2133,2497,364
Wesel,0.23280139,0.33073038,2134,2503,369
Constitutionalist_Revolution,0.23274192,0.35478383,2135,2277,142
War_of_1812,0.23264790,0.37918196,2136,2066,-70
Portuguese_Empire,0.23263103,0.33844611,2137,2425,288
Battle_of_Sio,0.23243989,0.38009340,2138,2058,-80
Nice_C%C3%B4te_d%27Azur_Airport,0.23239008,0.40633591,2139,1857,-282
Zaragoza,0.23237045,0.32602349,2140,2544,404
wordnet_cement_114804487,0.23233326,0.70490119,2141,827,-1314
Kyrgyzstan,0.23233210,0.55606475,2142,1187,-955
Malayan_Emergency,0.23223007,0.43410439,2143,1686,-457
"Cooper_County,_Missouri",0.23222127,0.31940219,2144,2620,476
"Sumter_County,_South_Carolina",0.23222127,0.31940219,2145,2621,476
Battle_of_Pasir_Panjang,0.23200038,0.37889336,2146,2071,-75
wordnet_footwear_103381126,0.23199317,0.68196903,2147,873,-1274
Belchite,0.23197214,0.31487681,2148,2678,530
Wroc%C5%82aw,0.23195532,0.28908932,2149,3466,1317
"Union_County,_Mississippi",0.23193531,0.31923620,2150,2622,472
Rebellions_of_1837,0.23192335,0.36062285,2151,2237,86
Qing_Dynasty,0.23191166,0.36877697,2152,2147,-5
Norfolk,0.23188201,0.28342359,2153,3569,1416
Heinz-Steyer-Stadion,0.23183507,0.35515008,2154,2276,122
Sangin_District,0.23180506,0.38823739,2155,2017,-138
Cejlon,0.23171463,0.30251492,2156,2868,712
Urozgan_Province,0.23169814,0.38209004,2157,2052,-105
Italian_Campaign_(World_War_II),0.23168999,0.40675848,2158,1854,-304
Panjwayi_District,0.23161818,0.38405371,2159,2046,-113
Battle_of_Saint_Gotthard_(1664),0.23155285,0.32727122,2160,2534,374
Second_Anglo-Mysore_War,0.23152596,0.34504360,2161,2377,216
Tulagi,0.23151618,0.32200225,2162,2594,432
Las_Am%C3%A9ricas_International_Airport,0.23138762,0.38552063,2163,2038,-125
Battle_of_Nam_Dong,0.23130570,0.44499477,2164,1639,-525
Fall_of_Saigon,0.23130570,0.44499477,2165,1640,-525
French_protectorate_of_Tunisia,0.23126485,0.36432422,2166,2189,23
"Nieuwpoort,_Belgium",0.23110974,0.39029801,2167,2004,-163
Battle_of_Britain,0.23100468,0.41072471,2168,1837,-331
Kingdom_of_Yugoslavia,0.23099622,0.30378946,2169,2850,681
Kolombangara,0.23099002,0.32019618,2170,2614,444
wordnet_steel_114802450,0.23074632,0.92437400,2171,585,-1586
Michigan_Territory,0.23071296,0.32063682,2172,2606,434
"Idaho_County,_Idaho",0.23071296,0.32063682,2173,2607,434
Fort_Phil_Kearny,0.23071296,0.32063682,2174,2608,434
Giorgio_Agamben,0.23060021,0.28029593,2175,3634,1459
Jorge_Ch%C3%A1vez_International_Airport,0.23052108,0.37764735,2176,2085,-91
Quill_Award,0.23050878,0.30605573,2177,2802,625
Korea_Strait,0.23039882,0.53148019,2178,1273,-905
Martin_Heidegger,0.23036851,0.26855937,2179,3894,1715
Burma_Campaign_1944%20131945,0.23036181,0.39833060,2180,1958,-222
Lithuanian_Wars_of_Independence,0.23024425,0.39062246,2181,2003,-178
Cordillera_Administrative_Region,0.23021678,0.29397130,2182,3410,1228
Boris_Pahor,0.23019609,0.27117906,2183,3820,1637
Princeton,0.23009971,0.31436274,2184,2686,502
"Cambridge,_Massachusetts",0.23009619,0.27530706,2185,3758,1573
Fetion,0.23000801,0.28342499,2186,3567,1381
Battle_of_Voronezh_(1942),0.22991883,0.43041303,2187,1743,-444
Naxalite%2013Maoist_insurgency,0.22989376,0.50023996,2188,1389,-799
Bergen_op_Zoom,0.22986290,0.30359429,2189,2855,666
Namur,0.22984181,0.36989122,2190,2140,-50
Operation_Barbarossa,0.22979620,0.37294772,2191,2123,-68
Chongchon_River,0.22978530,0.49580669,2192,1409,-783
Sack_of_Antwerp,0.22973917,0.35467234,2193,2322,129
King_Khalid_International_Airport,0.22972252,0.40724083,2194,1852,-342
wordnet_citrus_107747055,0.22968822,0.59816933,2195,1062,-1133
King_Abdulaziz_International_Airport,0.22963173,0.39716450,2196,1962,-234
Battle_of_Guillemont,0.22959509,0.45173139,2197,1600,-597
Battle_of_Otumba,0.22954014,0.31449800,2198,2683,485
Spanish_conquest_of_the_Aztec_Empire,0.22954014,0.31449800,2199,2684,485
Seoul,0.22952819,0.47051978,2200,1513,-687
Iran_crisis_of_1946,0.22943097,0.28773002,2201,3492,1291
North_Yemen_Civil_War,0.22892500,0.37919054,2202,2065,-137
Attack_on_the_Sui-ho_Dam,0.22876749,0.43935177,2203,1670,-533
Oakland_International_Airport,0.22875759,0.39102457,2204,2000,-204
War_of_the_Spanish_Succession,0.22870604,0.33996029,2205,2416,211
American_Revolutionary_War,0.22868489,0.34920563,2206,2359,153
Loudoun_County_(Virginia),0.22863928,0.33094928,2207,2499,292
Igor_%C5%A0kamperle,0.22859545,0.27511550,2208,3770,1562
Battle_of_Arras_(1940),0.22857841,0.44856291,2209,1612,-597
Siege_of_Calais_(1940),0.22857841,0.44856291,2210,1613,-597
Kodori_Valley,0.22850674,0.35194984,2211,2339,128
Battle_for_Caen,0.22842636,0.44707115,2212,1622,-590
Battle_of_Moreuil_Wood,0.22842636,0.44707115,2213,1623,-590
Land_mine_situation_in_Nagorno-Karabakh,0.22839740,0.35233353,2214,2336,122
Nagorno-Karabakh_conflict,0.22839740,0.35233353,2215,2337,122
First_Sudanese_Civil_War,0.22830358,0.39754976,2216,1961,-255
wordnet_aircraft_102686568,0.22817596,0.78387799,2217,709,-1508
Kuril_Islands,0.22813351,0.31547261,2218,2670,452
Odessa,0.22804858,0.30135909,2219,2893,674
Ancona,0.22796895,0.29231533,2220,3425,1205
Internal_conflict_in_Burma,0.22796188,0.49065901,2221,1428,-793
Han_River_(Korea),0.22795568,0.46687514,2222,1528,-694
V._C._Bird_International_Airport,0.22794411,0.35651550,2223,2272,49
Iraqi_Kurdish_Civil_War,0.22793298,0.45472461,2224,1588,-636
"Fredericksburg,_Virginia",0.22792605,0.33893414,2225,2423,198
Henry_Miller,0.22791470,0.26187572,2226,4073,1847
Battle_of_Panjwaii,0.22786703,0.42276357,2227,1790,-437
"Abadan,_Iran",0.22776934,0.44144063,2228,1656,-572
Louisville_International_Airport,0.22773858,0.39085598,2229,2002,-227
Turbot_War,0.22773326,0.36976433,2230,2143,-87
Ukrainian_language,0.22771834,0.52928504,2231,1294,-937
Carpiquet,0.22759285,0.30196012,2232,2876,644
Seven_Years%27_War,0.22752647,0.33077706,2233,2501,268
Oxford,0.22738033,0.28751196,2234,3502,1268
East_Siberian_economic_region,0.22735610,0.31618697,2235,2665,430
Siberian_Federal_District,0.22735610,0.31618697,2236,2666,430
Battle_of_Albert_(1914),0.22732696,0.44541230,2237,1629,-608
Battle_of_Arras_(1914),0.22732696,0.44541230,2238,1630,-608
Battle_of_Ginchy,0.22732696,0.44541230,2239,1631,-608
First_Battle_of_Artois,0.22732696,0.44541230,2240,1632,-608
First_Battle_of_Champagne,0.22732696,0.44541230,2241,1633,-608
First_Battle_of_the_Aisne,0.22732696,0.44541230,2242,1634,-608
Schwaben_Redoubt,0.22732696,0.44541230,2243,1635,-608
Second_Battle_of_Champagne,0.22732696,0.44541230,2244,1636,-608
Siege_of_Maubeuge,0.22732696,0.44541230,2245,1637,-608
Third_Battle_of_Artois,0.22732696,0.44541230,2246,1638,-608
Great_Northern_War,0.22730411,0.32394532,2247,2575,328
Coimbra,0.22728992,0.33745125,2248,2429,181
Nam_%C4%90%E1%BB%8Bnh,0.22724327,0.44565768,2249,1627,-622
Talhah,0.22722677,0.25751113,2250,4171,1921
"New_Madrid,_Missouri",0.22718862,0.30146834,2251,2889,638
Battle_of_the_Bulge,0.22703811,0.42530853,2252,1762,-490
Western_Allied_invasion_of_Germany,0.22703811,0.42530853,2253,1763,-490
Marmara_Region,0.22702407,0.31349631,2254,2713,459
Bali_Sea,0.22701939,0.31079848,2255,2752,497
Battle_of_Bukit_Timah,0.22687228,0.37864563,2256,2072,-184
Duchy_of_Brabant,0.22685323,0.32515577,2257,2557,300
Vancouver_International_Airport,0.22681669,0.38997623,2258,2006,-252
wordnet_computer_103082979,0.22663310,0.63399260,2259,994,-1265
Wewak,0.22657700,0.32412699,2260,2572,312
Vladivostok_International_Airport,0.22655339,0.38269411,2261,2051,-210
English_Armada,0.22653422,0.36316081,2262,2201,-61
Peace_Monument,0.22634470,0.31675458,2263,2656,393
Robert_F._Kennedy_Memorial_Stadium,0.22634470,0.31675458,2264,2657,393
DC_Streetcar,0.22634470,0.31675458,2265,2658,393
John_Paul_Jones_Memorial,0.22634470,0.31675458,2266,2659,393
John_Philip_Sousa_Bridge,0.22634470,0.31675458,2267,2660,393
Battle_of_Saumur_(1940),0.22633729,0.44005227,2268,1664,-604
Siikajoki,0.22633332,0.32088696,2269,2603,334
Tel_Megiddo,0.22632345,0.39288933,2270,1985,-285
Libyan_resistance_movement,0.22631625,0.43898503,2271,1671,-600
Italian_invasion_of_France,0.22628924,0.44117658,2272,1660,-612
"Cochise_County,_Arizona",0.22595392,0.28669724,2273,3511,1238
Baltic_region,0.22588623,0.35241802,2274,2335,61
Bismarck_Archipelago,0.22575704,0.31704737,2275,2653,378
Guri,0.22572566,0.34784625,2276,2364,88
Java_Sea,0.22568641,0.31075928,2277,2753,476
Black_September_in_Jordan,0.22559723,0.43277186,2278,1695,-583
Trincomalee,0.22559491,0.28976335,2279,3452,1173
First_Battle_of_Ypres,0.22557310,0.38513582,2280,2042,-238
Action_of_5_November_1813,0.22550342,0.43986742,2281,1666,-615
Uytash_Airport,0.22541748,0.35916021,2282,2249,-33
Attack_on_Sydney_Harbour,0.22539977,0.40820675,2283,1850,-433
Kadala_Airport,0.22536047,0.37592388,2284,2107,-177
Battle_of_the_Paracel_Islands,0.22533006,0.47210461,2285,1497,-788
"Youngstown,_New_York",0.22526251,0.28908407,2286,3467,1181
Cuban_War_of_Independence,0.22521339,0.39681772,2287,1964,-323
South_Waziristan,0.22520221,0.29405505,2288,3408,1120
1975_Spring_Offensive,0.22519893,0.42363216,2289,1767,-522
Attack_on_Camp_Holloway,0.22519893,0.42363216,2290,1768,-522
Battle_of_An_L%E1%BB%99c,0.22519893,0.42363216,2291,1769,-522
Battle_of_Ban_Dong,0.22519893,0.42363216,2292,1770,-522
Battle_of_Hamburger_Hill,0.22519893,0.42363216,2293,1771,-522
Battle_of_Hiep_Hoa,0.22519893,0.42363216,2294,1772,-522
Battle_of_Hu%E1%BA%BF,0.22519893,0.42363216,2295,1773,-522
Battle_of_Kontum,0.22519893,0.42363216,2296,1774,-522
Battle_of_Saigon_(1968),0.22519893,0.42363216,2297,1775,-522
Easter_Offensive,0.22519893,0.42363216,2298,1776,-522
Operation_Apache_Snow,0.22519893,0.42363216,2299,1777,-522
Operation_Attleboro,0.22519893,0.42363216,2300,1778,-522
Operation_Delaware,0.22519893,0.42363216,2301,1779,-522
Operation_Flaming_Dart,0.22519893,0.42363216,2302,1780,-522
Operation_Frequent_Wind,0.22519893,0.42363216,2303,1781,-522
Operation_Junction_City,0.22519893,0.42363216,2304,1782,-522
Operation_Sea_Dragon_(Vietnam_War),0.22519893,0.42363216,2305,1783,-522
Operation_Texas_Star,0.22519893,0.42363216,2306,1784,-522
Operation_Union_II,0.22519893,0.42363216,2307,1785,-522
Siege_of_Plei_Me,0.22519893,0.42363216,2308,1786,-522
V%C5%A9ng_R%C3%B4_Bay_Incident,0.22519893,0.42363216,2309,1787,-522
Egyptian_raid_on_Larnaca_International_Airport,0.22517357,0.39233593,2310,1987,-323
Chincha_Islands_War,0.22516949,0.37392382,2311,2116,-195
Sanya_Phoenix_International_Airport,0.22513364,0.36827432,2312,2152,-160
HG_85,0.22510589,0.25128900,2313,4387,2074
War_over_Water_(Jordan_river),0.22503127,0.39675196,2314,1965,-349
Bataan,0.22503008,0.31513390,2315,2676,361
War_of_the_League_of_Cambrai,0.22494340,0.33922924,2316,2420,104
German_military_administration_in_occupied_France_during_World_War_II,0.22484439,0.31454205,2317,2682,365
Thomas_Ligotti,0.22483260,0.25565917,2318,4241,1923
Guadalcanal_Campaign,0.22478889,0.34465704,2319,2383,64
Kingdom_of_Sardinia,0.22477165,0.33786724,2320,2427,107
"Westmorland_County,_New_Brunswick",0.22475924,0.29654517,2321,3272,951
Khe_Sanh_Combat_Base,0.22467546,0.31401524,2322,2697,375
wordnet_diamond_113371958,0.22466530,0.57571158,2323,1135,-1188
wordnet_livestock_101887474,0.22462057,0.71147663,2324,820,-1504
Operation_Northern_Watch,0.22459169,0.41661160,2325,1816,-509
Albemarle_Sound,0.22452912,0.31181168,2326,2740,414
"Prescott,_Ontario",0.22450263,0.31002255,2327,2770,443
Jean_Baudrillard,0.22445387,0.27235492,2328,3805,1477
Kingdom_of_Romania,0.22428104,0.30820603,2329,2787,458
Giannina_Braschi,0.22427100,0.26659207,2330,3943,1613
"Princeton,_New_Jersey",0.22423587,0.30077194,2331,2901,570
Duchy_of_Warsaw,0.22418783,0.33165300,2332,2498,166
Battle_of_Hannut,0.22417556,0.40405146,2333,1866,-467
Battle_of_Uijeongbu,0.22408622,0.49074839,2334,1425,-909
Second_Battle_of_Yeonpyeong,0.22408622,0.49074839,2335,1427,-908
Koninkrijk_Zweden_(1523-1814),0.22406717,0.28883720,2336,3476,1140
Congolese_franc,0.22405090,0.64717856,2337,938,-1399
Battle_of_Worringen,0.22405083,0.32378722,2338,2580,242
Operation_Krohcol,0.22395385,0.46258816,2339,1551,-788
Little_War_in_Hungary,0.22393317,0.35266232,2340,2334,-6
Grantley_Adams_International_Airport,0.22392259,0.34592807,2341,2375,34
Butaritari,0.22373713,0.30869981,2342,2782,440
Battle_of_Lanfeng,0.22372960,0.48774721,2343,1441,-902
Battle_of_South_Henan,0.22372960,0.48774721,2344,1442,-902
Battle_of_South_Shanxi,0.22372960,0.48774721,2345,1443,-902
Battle_of_Wuyuan,0.22372960,0.48774721,2346,1444,-902
Battle_of_Xinkou,0.22372960,0.48774721,2347,1445,-902
Canton_Operation,0.22372960,0.48774721,2348,1446,-902
Hainan_Island_Operation,0.22372960,0.48774721,2349,1447,-902
Polish-Lithuanian_Commonwealth,0.22372282,0.31835630,2350,2641,291
Battle_of_Passchendaele,0.22370896,0.39574825,2351,1971,-380
Banu_Qaynuqa,0.22369896,0.34739414,2352,2367,15
Battle_of_al-Harrah,0.22369896,0.34739414,2353,2368,15
Battle_of_Djerba,0.22355750,0.35128259,2354,2344,-10
Campaign_at_the_China%2013Burma_border,0.22354678,0.44124773,2355,1657,-698
Algerian_War,0.22326230,0.43135677,2356,1703,-653
Algiers_putsch_of_1961,0.22326230,0.43135677,2357,1704,-653
Battle_of_Abukir_(1801),0.22326230,0.43135677,2358,1706,-652
Battle_of_Alexandria,0.22326230,0.43135677,2359,1707,-652
Battle_of_Algiers_(1956%201357),0.22326230,0.43135677,2360,1708,-652
Battle_of_Champtoceaux,0.22326230,0.43135677,2361,1709,-652
Battle_of_H%C3%B2a_B%C3%ACnh,0.22326230,0.43135677,2362,1710,-652
Battle_of_Philippeville,0.22326230,0.43135677,2363,1711,-652
Battle_of_Pulo_Aura,0.22326230,0.43135677,2364,1712,-652
Battle_of_Villiers,0.22326230,0.43135677,2365,1713,-652
Carr%C3%A9_d%27As_IV_incident,0.22326230,0.43135677,2366,1714,-652
E._J._Bellocq,0.22326230,0.43135677,2367,1716,-651
Battle_of_Kouno,0.22326230,0.43135677,2368,1725,-643
Battle_of_Kouss%C3%A9ri,0.22326230,0.43135677,2369,1726,-643
Battle_of_Lougou,0.22326230,0.43135677,2370,1727,-643
Battle_of_N%C3%A0_S%E1%BA%A3n,0.22326230,0.43135677,2371,1728,-643
Battle_of_Togbao,0.22326230,0.43135677,2372,1729,-643
MY_Le_Ponant,0.22326230,0.43135677,2373,1730,-643
Mandingo_Wars,0.22326230,0.43135677,2374,1731,-643
Operation_Camargue,0.22326230,0.43135677,2375,1732,-643
Operation_Castor,0.22326230,0.43135677,2376,1733,-643
Operation_Jumelles,0.22326230,0.43135677,2377,1734,-643
Ouaddai_War,0.22326230,0.43135677,2378,1735,-643
Siege_of_Angers,0.22326230,0.43135677,2379,1736,-643
Siege_of_Belfort,0.22326230,0.43135677,2380,1737,-643
Thirty-Three_(song),0.22326230,0.43135677,2381,1738,-643
Shandong,0.22326172,0.28164231,2382,3591,1209
"Fort_Erie,_Ontario",0.22326073,0.30719016,2383,2792,409
Oryol,0.22324973,0.27088876,2384,3838,1454
Iris_Murdoch,0.22323277,0.24255653,2385,4841,2456
Hamid_Dabashi,0.22313706,0.26707938,2386,3922,1536
Saaremaa,0.22311798,0.29382415,2387,3412,1025
Gulf_of_Saint_Lawrence,0.22293645,0.34970540,2388,2353,-35
Hawizeh_Marshes,0.22290876,0.42322559,2389,1789,-600
Saul_Bellow,0.22290424,0.24003661,2390,5212,2822
Battle_of_Bia%C5%82ystok%2013Minsk,0.22264160,0.41983585,2391,1800,-591
"Calloway_County,_Kentucky",0.22260447,0.32581036,2392,2548,156
Edward_Said,0.22257216,0.26796021,2393,3915,1522
Grand_Port_District,0.22254868,0.26490503,2394,4023,1629
Democratic_Party_(United_States),0.22253291,0.25154105,2395,4386,1991
Judith_Butler,0.22239625,0.26461901,2396,4031,1635
Ghent,0.22238692,0.39561057,2397,1972,-425
Lofoten,0.22234204,0.30981974,2398,2772,374
Turkmenistan,0.22229466,0.72632581,2399,790,-1609
Ba%C5%82kany,0.22224091,0.31685923,2400,2655,255
Magdalena_Contreras,0.22222089,0.31278856,2401,2728,327
Battle_of_Balikpapan_(1945),0.22205122,0.39973586,2402,1935,-467
Battle_of_Java_(1942),0.22205122,0.39973586,2403,1936,-467
Battle_of_Morotai,0.22205122,0.39973586,2404,1937,-467
Battle_of_the_Java_Sea,0.22205122,0.39973586,2405,1938,-467
Indian_Ocean_raid,0.22205122,0.39973586,2406,1939,-467
North_Western_Area_Campaign,0.22205122,0.39973586,2407,1940,-467
Western_New_Guinea_campaign,0.22205122,0.39973586,2408,1941,-467
Nauru,0.22202875,0.29950980,2409,2923,514
"Barbour_County,_West_Virginia",0.22197966,0.31838161,2410,2635,225
Pittsburgh_International_Airport,0.22193108,0.37780986,2411,2083,-328
Pescara,0.22190190,0.26196559,2412,4071,1659
Spanish_reconquest_of_Santo_Domingo,0.22189211,0.31542752,2413,2672,259
Rostov-on-Don,0.22187596,0.28737278,2414,3504,1090
Quasi-War,0.22186963,0.36489707,2415,2180,-235
Deutsche_Bahn,0.22184601,0.38612832,2416,2032,-384
Deutsche_Flugsicherung,0.22184601,0.38612832,2417,2033,-384
Olympiastadion_(Munich),0.22184601,0.38612832,2418,2036,-382
Lake_Ladoga,0.22158922,0.29789325,2419,2932,513
Al_Madinah_Province,0.22158916,0.34739414,2420,2366,-54
Al_Madinah_Region,0.22158916,0.34739414,2421,2369,-52
Chelyabinsk_Airport,0.22153649,0.36173754,2422,2233,-189
Battle_of_Kock_(1809),0.22151830,0.38128561,2423,2056,-367
Siege_of_Toulon,0.22147824,0.31700257,2424,2654,230
Heiner_M%C3%BCller,0.22146082,0.26404034,2425,4039,1614
Solomon_Sea,0.22141946,0.28362367,2426,3557,1131
Battle_of_Musa_Qala,0.22138005,0.36930369,2427,2144,-283
Operation_Hammer_(Afghanistan),0.22138005,0.36930369,2428,2145,-283
Samarra,0.22136672,0.40341053,2429,1868,-561
Sadr_City,0.22136672,0.40341053,2430,1869,-561
"Randolph_County,_West_Virginia",0.22132800,0.31838161,2431,2636,205
"Pontotoc_County,_Oklahoma",0.22125339,0.30054487,2432,2902,470
"Morgan_County,_Alabama",0.22125339,0.30054487,2433,2903,470
"Humphreys_County,_Tennessee",0.22125339,0.30054487,2434,2904,470
"Carteret_County,_North_Carolina",0.22125339,0.30054487,2435,2905,470
Muar_town,0.22122122,0.27570551,2436,3751,1315
Fronti%C3%A8re_entre_le_Cambodge_et_le_Vi%C3%AAt_Nam,0.22121624,0.46003989,2437,1562,-875
Outer_Banks,0.22104624,0.34401323,2438,2387,-51
Royalist_attack_on_Chaves,0.22103540,0.33622433,2439,2453,14
Operation_Anklet,0.22100923,0.36412776,2440,2191,-249
Battle_of_Amami-%C5%8Cshima,0.22098391,0.44759030,2441,1616,-825
Gori,0.22095561,0.29567915,2442,3303,861
"Gori,_Georgia",0.22095561,0.29567915,2443,3304,861
Battle_of_Monte_Castello,0.22094946,0.39608368,2444,1968,-476
Shannon_Bramer,0.22091392,0.25501550,2445,4254,1809
Queen_Beatrix_International_Airport,0.22081647,0.35293876,2446,2331,-115
British_Mandate_of_Palestine,0.22078766,0.30623623,2447,2798,351
Namsos,0.22061582,0.37262987,2448,2127,-321
South-West_Africa_Campaign,0.22055188,0.32262484,2449,2590,141
Huon_Peninsula,0.22034059,0.30317198,2450,2860,410
United_States_occupation_of_Nicaragua,0.22028081,0.40693356,2451,1853,-598
Normandy_landings,0.22027390,0.37793459,2452,2081,-371
Orly_Airport,0.22027045,0.35968724,2453,2246,-207
Shifta_War,0.22020967,0.45728824,2454,1581,-873
Omsk_Tsentralny_Airport,0.22014773,0.36369682,2455,2194,-261
1958_Lebanon_crisis,0.22014417,0.37923259,2456,2064,-392
Battle_of_Keresztes,0.22001727,0.34499120,2457,2378,-79
Italian_War_of_1494%201398,0.21992679,0.32282871,2458,2589,131
Attack_on_Broome,0.21981010,0.39122521,2459,1995,-464
Battle_of_Ambon,0.21981010,0.39122521,2460,1996,-464
Battle_of_Sunda_Strait,0.21981010,0.39122521,2461,1997,-464
Battle_of_Tarakan_(1945),0.21981010,0.39122521,2462,1998,-464
"Cantigny,_Somme",0.21978803,0.37793231,2463,2082,-381
Bremen,0.21973983,0.41211865,2464,1833,-631
Turku,0.21973222,0.30011556,2465,2918,453
Robert_C._Solomon,0.21972156,0.25814138,2466,4145,1679
Aksai_Chin,0.21970880,0.36022049,2467,2243,-224
War_of_the_League_of_Cognac,0.21969063,0.31739474,2468,2650,182
"Pinal_County,_Arizona",0.21967288,0.27210779,2469,3809,1340
The_Power_of_Darkness_(1979_film),0.21965068,0.22961527,2470,5498,3028
Corregidor_Island,0.21962083,0.30083639,2471,2898,427
Province_of_Foggia,0.21957197,0.26792320,2472,3916,1444
Baltic_Operation,0.21956661,0.41114035,2473,1836,-637
Bulacan,0.21955671,0.28323100,2474,3570,1096
wordnet_garment_103419014,0.21950814,0.60387606,2475,1052,-1423
Ottoman_Syria,0.21948411,0.33958380,2476,2417,-59
Rimini,0.21946202,0.30202544,2477,2874,397
Appennino_tosco-romagnolo,0.21946202,0.30202544,2478,2875,397
Cleveland_Hopkins_International_Airport,0.21945952,0.36027066,2479,2242,-237
Queen_Alia_International_Airport,0.21942727,0.37340779,2480,2119,-361
Assam,0.21941568,0.31898144,2481,2625,144
"Niagara_Falls,_Ontario",0.21941430,0.28553683,2482,3531,1049
Baldwin_County_(Alabama),0.21937302,0.31838161,2483,2634,151
"Wayne_County,_North_Carolina",0.21937302,0.31838161,2484,2637,153
Wayne_County_(North_Carolina),0.21937302,0.31838161,2485,2638,153
"Charles_City,_Iowa",0.21937302,0.31838161,2486,2639,153
"Charles_City,_Virginia",0.21937302,0.31838161,2487,2640,153
Dushanbe_International_Airport,0.21934176,0.36564868,2488,2178,-310
2006_Lebanon_War,0.21932780,0.42252110,2489,1791,-698
Northern_Europe,0.21930330,0.33877182,2490,2424,-66
Kutaisi,0.21928632,0.30261619,2491,2866,375
"DuPage_County,_Illinois",0.21923532,0.37731797,2492,2093,-399
Battle_of_Daugavpils,0.21920005,0.36360511,2493,2196,-297
Avital_Ronell,0.21917985,0.25693043,2494,4181,1687
"Orangeburg_County,_South_Carolina",0.21914087,0.28362177,2495,3558,1063
"Rutland_County,_Vermont",0.21914087,0.28362177,2496,3559,1063
Georgian%2013Ossetian_conflict,0.21903359,0.36416170,2497,2190,-307
Kiev_Arsenal,0.21900451,0.32574768,2498,2549,51
Malyshev_Factory,0.21900451,0.32574768,2499,2550,51
Ukrainian_Railways,0.21900451,0.32574768,2500,2552,52
Melilla,0.21887575,0.30102709,2501,2896,395
Capo_Passero,0.21886811,0.27417865,2502,3777,1275
Gaza_War,0.21881538,0.35179959,2503,2341,-162
Operation_Days_of_Penitence,0.21881538,0.35179959,2504,2342,-162
Tkvarcheli_district,0.21872649,0.34764760,2505,2365,-140
Islamic_Emirate_of_Waziristan,0.21868039,0.48030956,2506,1468,-1038
"Birmingham,_Alabama",0.21866995,0.25847091,2507,4127,1620
Leiden,0.21861321,0.38363848,2508,2047,-461
Philippine_Revolution,0.21861192,0.36485574,2509,2181,-328
"Orleans,_Massachusetts",0.21854985,0.29447425,2510,3405,895
Yangon,0.21850509,0.27171566,2511,3813,1302
Austrian_State_Prize_for_European_Literature,0.21846728,0.29196189,2512,3433,921
"New_Haven,_Connecticut",0.21843925,0.27268521,2513,3798,1285
North_German_Confederation,0.21843366,0.31706552,2514,2652,138
Kivu,0.21843366,0.29923802,2515,2925,410
"Renville_County,_Minnesota",0.21837661,0.28009357,2516,3636,1120
"Delaware_County,_Pennsylvania",0.21832039,0.29200796,2517,3432,915
Spanish_Armada,0.21829864,0.33212168,2518,2490,-28
Conquest_of_Tunis_(1535),0.21823790,0.32048300,2519,2610,91
Cypriot_intercommunal_violence,0.21819917,0.35830144,2520,2257,-263
Pakchon_County,0.21810098,0.38736151,2521,2029,-492
Fort_Niagara,0.21802906,0.27540047,2522,3755,1233
Brunei_Revolt,0.21797589,0.39317702,2523,1982,-541
Tafsir,0.21793358,0.33313677,2524,2478,-46
Revolta_da_Armada,0.21787447,0.38738818,2525,2028,-497
Nykarleby,0.21785184,0.30189952,2526,2877,351
Battle_of_An_L%C3%A3o,0.21783633,0.39906250,2527,1946,-581
Battle_of_Ap_Bac,0.21783633,0.39906250,2528,1947,-581
Battle_of_Binh_Gia,0.21783633,0.39906250,2529,1948,-581
Battle_of_Dak_To,0.21783633,0.39906250,2530,1949,-581
Battle_of_Dong_Xoai,0.21783633,0.39906250,2531,1950,-581
First_Battle_of_Loc_Ninh,0.21783633,0.39906250,2532,1951,-581
Operation_Chopper_(Vietnam),0.21783633,0.39906250,2533,1952,-581
Operation_Game_Warden,0.21783633,0.39906250,2534,1953,-581
Operation_Sealords,0.21783633,0.39906250,2535,1954,-581
Al-Kar%C4%81bilah,0.21779888,0.29333492,2536,3416,880
Alta_California,0.21779888,0.29333492,2537,3417,880
Russian_Far_East,0.21775880,0.31551639,2538,2669,131
Remagen,0.21775138,0.33066466,2539,2504,-35
Territory_of_Alaska,0.21764630,0.31126107,2540,2744,204
2008_Mardakert_skirmishes,0.21762361,0.32046986,2541,2611,70
Puerto_Rican_Campaign,0.21759199,0.35882319,2542,2252,-290
Siege_of_Antwerp_(1914),0.21754502,0.37709887,2543,2102,-441
First_Taiwan_Strait_Crisis,0.21749434,0.43581460,2544,1679,-865
French_protectorate_in_Morocco,0.21739781,0.32803926,2545,2526,-19
Jabari_Asim,0.21728016,0.24594452,2546,4752,2206
Great_Turkish_War,0.21718369,0.34143091,2547,2404,-143
Peace_Hotel,0.21711069,0.28342499,2548,3568,1020
wordnet_industry_100923444,0.21707176,0.73730966,2549,776,-1773
Thorold,0.21699655,0.28650945,2550,3515,965
Battle_of_Vienna,0.21688058,0.31662331,2551,2661,110
Saint-Brieuc,0.21683795,0.26049219,2552,4089,1537
Outpost_Harry,0.21676734,0.42578648,2553,1760,-793
Muhammad_Husayn_Tabatabaei,0.21670307,0.25341649,2554,4284,1730
Straits_Settlements,0.21669802,0.32370892,2555,2582,27
Battle_of_Fromelles,0.21668675,0.33440252,2556,2463,-93
Avignon,0.21660114,0.43135677,2557,1705,-852
Clermont-Ferrand,0.21660114,0.43135677,2558,1715,-843
Grenoble,0.21660114,0.43135677,2559,1717,-842
Lyon,0.21660114,0.43135677,2560,1718,-842
Montpellier,0.21660114,0.43135677,2561,1719,-842
Nantes,0.21660114,0.43135677,2562,1720,-842
Saint-%C3%89tienne,0.21660114,0.43135677,2563,1721,-842
Battle_of_Cr%C3%A9cy,0.21654023,0.28877030,2564,3478,914
Bethlehem,0.21653524,0.26436723,2565,4037,1472
Siege_of_Srebrenica,0.21650695,0.35176053,2566,2343,-223
Siege_of_Bonn_(1673),0.21641194,0.30820827,2567,2786,219
Anzio,0.21639858,0.30040127,2568,2906,338
Raleigh%2013Durham_International_Airport,0.21634030,0.36067749,2569,2236,-333
"Plattsburgh_(town),_New_York",0.21630346,0.25977751,2570,4095,1525
"Newark,_New_Jersey",0.21629502,0.26220729,2571,4068,1497
Operation_Kraai,0.21627704,0.38767909,2572,2020,-552
Operation_Product,0.21627704,0.38767909,2573,2021,-552
Botswana,0.21624575,0.32949305,2574,2512,-62
Battle_of_Empress_Augusta_Bay,0.21623587,0.41470510,2575,1822,-753
Battle_of_Wakde,0.21623587,0.41470510,2576,1823,-753
Matanikau_Offensive,0.21623587,0.41470510,2577,1824,-753
USS_Panay_incident,0.21623587,0.41470510,2578,1825,-753
Karelia,0.21619449,0.27665564,2579,3704,1125
Uzbekistan,0.21616835,0.67375485,2580,882,-1698
Ion_Dragoumis,0.21599639,0.24395021,2581,4779,2198
Battle_of_Badung_Strait,0.21594445,0.37837324,2582,2077,-505
Borneo_campaign_(1945),0.21594445,0.37837324,2583,2078,-505
Battle_of_Khafji,0.21590211,0.41190784,2584,1835,-749
"Langen,_Hesse",0.21588637,0.31410454,2585,2696,111
Ostend,0.21576739,0.32376683,2586,2581,-5
Sim%C3%B3n_Bol%C3%ADvar_International_Airport_(Venezuela),0.21575786,0.33585275,2587,2455,-132
Arlington_(Virginia),0.21570203,0.24610025,2588,4748,2160
Swedish_Wars_on_Bremen,0.21569523,0.30189716,2589,2878,289
Battle_of_Preveza,0.21569329,0.33714206,2590,2430,-160
Christopher_Barzak,0.21553760,0.25503946,2591,4253,1662
Snuol_District,0.21549651,0.34114905,2592,2411,-181
"Ogdensburg,_New_York",0.21545362,0.27974929,2593,3645,1052
Cape_Colony,0.21544585,0.25887705,2594,4125,1531
Mongolian_People%27s_Republic,0.21544059,0.29617728,2595,3285,690
Spanish%2013American_War,0.21531578,0.35420833,2596,2327,-269
Malta_Island,0.21527081,0.34850097,2597,2362,-235
"National_Park,_New_Jersey",0.21520832,0.28925871,2598,3462,864
Confederation_of_the_Rhine,0.21518238,0.31743274,2599,2648,49
%C4%B0smet_%C4%B0n%C3%B6n%C3%BC,0.21516068,0.22798775,2600,5532,2932
Battle_of_Nicopolis,0.21498444,0.33073879,2601,2502,-99
Battle_of_Ayacucho,0.21493628,0.30498285,2602,2833,231
TV_Roskosmos,0.21490751,0.25527716,2603,4248,1645
FC_Dynamo_Moscow,0.21490751,0.25527716,2604,4250,1646
"Gloucester_County,_New_Jersey",0.21488065,0.28247146,2605,3584,979
Czechoslovak_Socialist_Republic,0.21484494,0.28005657,2606,3637,1031
Invasion_of_Poland,0.21478376,0.33622586,2607,2452,-155
Holland,0.21475006,0.31517981,2608,2675,67
Juan_Santamar%C3%ADa_International_Airport,0.21471613,0.34332724,2609,2392,-217
"Big_Horn_County,_Montana",0.21457037,0.28650945,2610,3516,906
Bud_Dajo,0.21457037,0.28650945,2611,3517,906
Powder_River_Country,0.21457037,0.28650945,2612,3518,906
Nine_Years%27_War,0.21446607,0.32803568,2613,2527,-86
Istanbul_Province,0.21441675,0.28484953,2614,3540,926
Clay%27s_Way,0.21434235,0.21461686,2615,5978,3363
Battle_of_Ameixial,0.21432710,0.33417605,2616,2467,-149
Battle_of_Montes_Claros,0.21432710,0.33417605,2617,2468,-149
Hannut,0.21425145,0.32172187,2618,2598,-20
Raymond_Carver,0.21414708,0.24556529,2619,4753,2134
Battle_of_West_Hunan,0.21412700,0.36280881,2620,2218,-402
M%C3%A1laga_Airport,0.21410991,0.35075295,2621,2348,-273
Pasir_Panjang,0.21408615,0.31102968,2622,2746,124
Christopher_Largen,0.21403608,0.24713421,2623,4736,2113
O%C5%9Bwi%C4%99cim,0.21397635,0.26309559,2624,4054,1430
Spanish_Florida,0.21395271,0.27423524,2625,3776,1151
First_Battle_of_Fallujah,0.21394787,0.36254858,2626,2220,-406
Operation_Black_Eagle,0.21394787,0.36254858,2627,2221,-406
First_Mongol_invasion_of_Poland,0.21386981,0.29976449,2628,2920,292
Adlertag,0.21385995,0.39463897,2629,1976,-653
Operation_Steinbock,0.21385995,0.39463897,2630,1977,-653
German_New_Guinea,0.21380817,0.26797788,2631,3914,1283
Battle_of_Sariwon,0.21372588,0.39455652,2632,1978,-654
Battle_of_Balikpapan_(1942),0.21370333,0.36986260,2633,2141,-492
Battle_of_Makassar_Strait,0.21370333,0.36986260,2634,2142,-492
Red_corridor,0.21350423,0.36260198,2635,2219,-416
Fatimah,0.21347960,0.23791689,2636,5244,2608
%C3%89pehy,0.21341963,0.26412684,2637,4038,1401
Tavush_Province,0.21341146,0.24908055,2638,4598,1960
Polish_language,0.21334604,0.45897354,2639,1570,-1069
World_War_III_(film),0.21330062,0.37033139,2640,2137,-503
1987_Sino-Indian_skirmish,0.21329408,0.42956443,2641,1748,-893
Chola_incident,0.21329408,0.42956443,2642,1749,-893
Sino-Indian_War,0.21329408,0.42956443,2643,1750,-893
Italian_conquest_of_British_Somaliland,0.21322955,0.28598436,2644,3528,884
Sardinia,0.21321989,0.26327328,2645,4050,1405
Somme_River,0.21321371,0.31122605,2646,2745,99
Qingdao,0.21319284,0.26774298,2647,3919,1272
War_of_the_Polish_Succession,0.21312360,0.31868653,2648,2630,-18
North_Russia_Intervention,0.21309578,0.35765805,2649,2261,-388
wordnet_grain_109290777,0.21307568,0.66118617,2650,904,-1746
North_Yemen,0.21292893,0.33245221,2651,2484,-167
Jack_Ketchum,0.21282180,0.24204921,2652,4854,2202
Albert_Camus,0.21273871,0.24194114,2653,4857,2204
Kingdom_of_France,0.21272211,0.31329178,2654,2718,64
Bukit_Timah,0.21266960,0.31092439,2655,2750,95
Democratic_Republic_of_Afghanistan,0.21266569,0.38723963,2656,2030,-626
Battle_of_Alc%C3%A1cer_Quibir,0.21265796,0.32913933,2657,2516,-141
Kashmir_conflict,0.21255137,0.41978135,2658,1802,-856
Habsburg_Netherlands,0.21253397,0.28971008,2659,3453,794
Hungarian_Revolution_of_1956,0.21249885,0.31324027,2660,2726,66
Philip_Jos%C3%A9_Farmer,0.21244959,0.24518332,2661,4756,2095
Second_Siege_of_Zaragoza,0.21239028,0.34458641,2662,2384,-278
South-East_Asian_theatre_of_World_War_II,0.21236879,0.32666993,2663,2540,-123
Second_Battle_of_Passchendaele,0.21236201,0.36860366,2664,2150,-514
Riga_International_Airport,0.21229443,0.35342044,2665,2328,-337
Hu%E1%BA%BF,0.21220737,0.33004367,2666,2508,-158
D%E1%BA%A7u_Ti%E1%BA%BFng_District,0.21220737,0.33004367,2667,2509,-158
V%C5%A9ng_R%C3%B4_Bay,0.21220737,0.33004367,2668,2510,-158
Jordan_Valley_(Middle_East),0.21216105,0.31861958,2669,2631,-38
Fromelles,0.21210507,0.29212107,2670,3430,760
Lower_Canada,0.21202697,0.28222570,2671,3586,915
Carentan,0.21199523,0.25987666,2672,4091,1419
A%C4%9Fr%C4%B1_Province,0.21199353,0.28860634,2673,3479,806
Michel_Onfray,0.21189134,0.24974196,2674,4516,1842
Lankao_County,0.21180149,0.35729257,2675,2264,-411
Djerba,0.21175395,0.29929510,2676,2924,248
Altafjord,0.21174751,0.30111952,2677,2895,218
Palauinseln,0.21166095,0.27343319,2678,3786,1108
Cam_Ranh_International_Airport,0.21165888,0.32847725,2679,2521,-158
Donna_Tartt,0.21159570,0.24162111,2680,4867,2187
Operation_Overlord,0.21153527,0.35286955,2681,2332,-349
Teddy_Stadium,0.21151141,0.28665971,2682,3513,831
Tamil_language,0.21137095,0.48820373,2683,1436,-1247
"Richmond_County,_New_York",0.21135537,0.29183772,2684,3436,752
"Pasquotank_County,_North_Carolina",0.21133648,0.28343318,2685,3565,880
"Sackville,_New_Brunswick",0.21129955,0.26661598,2686,3942,1256
David_Anthony_Durham,0.21119695,0.23632203,2687,5275,2588
Alain_de_Benoist,0.21112042,0.24342573,2688,4786,2098
Islamabad,0.21111072,0.31446263,2689,2685,-4
Battle_of_Arroyo_dos_Molinos,0.21110803,0.32452960,2690,2559,-131
Battle_of_Abtao,0.21109284,0.33206573,2691,2492,-199
First_Sumatran_expedition,0.21105951,0.36182075,2692,2232,-460
"Chaves_Municipality,_Portugal",0.21105726,0.29289534,2693,3422,729
Amami_%C5%8Cshima,0.21104304,0.34022588,2694,2415,-279
Krak%C3%B3w,0.21091948,0.27487809,2695,3773,1078
Namhae_County,0.21072600,0.42978285,2696,1745,-951
Namhaedo,0.21072600,0.42978285,2697,1746,-951
Operation_Jacana,0.21072310,0.34604436,2698,2374,-324
"Valencia_County,_New_Mexico",0.21072274,0.27289819,2699,3796,1097
Falcone%2013Borsellino_Airport,0.21070308,0.34269401,2700,2394,-306
Ministro_Pistarini_International_Airport,0.21065378,0.33018000,2701,2507,-194
Avicenna,0.21061992,0.24004470,2702,5211,2509
Faizabad,0.21061163,0.41846751,2703,1812,-891
Hungarian_language,0.21056029,0.46991960,2704,1516,-1188
Abadan,0.21051860,0.36858047,2705,2151,-554
Sejny_Uprising,0.21048105,0.34162775,2706,2403,-303
Leuven,0.21047198,0.33386678,2707,2472,-235
"Stafford_County,_Virginia",0.21042466,0.29617852,2708,3284,576
Operation_Commando_Hunt,0.21035149,0.38757753,2709,2023,-686
Operation_Pony_Express,0.21035149,0.38757753,2710,2024,-686
Battle_of_Windsor,0.21031469,0.32064088,2711,2605,-106
Lufthansa_Flight_181,0.21025915,0.42189902,2712,1793,-919
Battle_of_Remagen,0.21023058,0.36436571,2713,2187,-526
Operation_Lumberjack,0.21023058,0.36436571,2714,2188,-526
Battle_of_Maciejowice,0.21019000,0.32884778,2715,2517,-198
Battle_of_Szczekociny,0.21019000,0.32884778,2716,2518,-198
Ph%C6%B0%E1%BB%9Bc_Long_Province,0.21017357,0.31960156,2717,2619,-98
Ternopil,0.21014134,0.26070022,2718,4085,1367
Aghdara_(town),0.21011481,0.28619969,2719,3524,805
Podolia,0.21001571,0.28990099,2720,3451,731
Ab%C5%AB_Ray%E1%B8%A5%C4%81n_al-B%C4%ABr%C5%ABn%C4%AB,0.20988616,0.24197375,2721,4856,2135
"New_Madrid_County,_Missouri",0.20984770,0.27149780,2722,3819,1097
Portland_International_Airport,0.20982859,0.33581155,2723,2456,-267
Mysore,0.20982280,0.26852660,2724,3895,1171
Allied_invasion_of_Sicily,0.20980696,0.35089592,2725,2345,-380
Estanislao_Zuleta,0.20980502,0.23738334,2726,5258,2532
Pre%C5%A1eren_Award,0.20975248,0.28232039,2727,3585,858
Samoan_Civil_War,0.20974894,0.33401967,2728,2470,-258
Second_Samoan_Civil_War,0.20974894,0.33401967,2729,2471,-258
Wakde,0.20973147,0.32624967,2730,2542,-188
Regensburg,0.20948668,0.29051020,2731,3443,712
Balkan_campaign_of_1529,0.20947373,0.31880999,2732,2628,-104
Hungarian_campaign_of_1527%201328,0.20947373,0.31880999,2733,2629,-104
Alfonso_Bonilla_Arag%C3%B3n_International_Airport,0.20943335,0.29536093,2734,3307,573
Incheon,0.20942842,0.38625368,2735,2031,-704
"Cherokee_County,_South_Carolina",0.20928044,0.26084133,2736,4081,1345
Battle_of_Annual,0.20927304,0.27824714,2737,3681,944
Estremoz,0.20920421,0.29202482,2738,3431,693
Shelley_Jackson,0.20920344,0.23570341,2739,5285,2546
Thirteen_Colonies,0.20918414,0.26818178,2740,3897,1157
Ukraine_without_Kuchma,0.20918182,0.32574768,2741,2553,-188
"Portland,_Maine",0.20917945,0.28725862,2742,3505,763
Salman_Rushdie,0.20912711,0.25234917,2743,4367,1624
Sonora,0.20912652,0.25615055,2744,4219,1475
Sonora_(Mexico),0.20912652,0.25615055,2745,4220,1475
Al_Diwaniyah,0.20909945,0.30408315,2746,2843,97
Nostalgia_(novel),0.20909027,0.21872360,2747,5845,3098
Sariwon,0.20903813,0.31768652,2748,2646,-102
Vilnius_Region,0.20900755,0.27555569,2749,3753,1004
Guinea-Bissau_Civil_War,0.20896295,0.32088007,2750,2604,-146
Portuguese_phrasebook,0.20895565,0.44296290,2751,1650,-1101
Indian_Territory,0.20890040,0.28538185,2752,3532,780
Bangladesh_Liberation_War,0.20887133,0.37395161,2753,2114,-639
Battle_of_Gazipur,0.20887133,0.37395161,2754,2115,-639
Sokol_Airport,0.20875480,0.33573808,2755,2457,-298
"Hyderabad_District,_Sindh",0.20875445,0.23970963,2756,5217,2461
Geneva_Municipal_Airport,0.20873720,0.25922295,2757,4122,1365
Welland,0.20870724,0.25819517,2758,4143,1385
Savo_Island,0.20859038,0.27716981,2759,3685,926
Ignatyevo_Airport,0.20857198,0.32741754,2760,2533,-227
Vietnamese_dong,0.20856200,0.52206090,2761,1318,-1443
Mircea_C%C4%83rt%C4%83rescu,0.20855391,0.24255388,2762,4842,2080
Battle_of_Ushant_(1944),0.20851541,0.34128787,2763,2406,-357
Convoy_SC_143,0.20851541,0.34128787,2764,2407,-357
Convoy_SC_94,0.20851541,0.34128787,2765,2408,-357
Operation_Totalize,0.20851541,0.34128787,2766,2409,-357
Operation_Tractable,0.20851541,0.34128787,2767,2410,-357
"Sandston,_Virginia",0.20835562,0.28892310,2768,3473,705
Minas_Gerais,0.20834371,0.28940157,2769,3457,688
Thomas_Pynchon,0.20829511,0.23549633,2770,5290,2520
Forest_of_Argonne,0.20829453,0.27846837,2771,3677,906
Siberia,0.20826124,0.29624079,2772,3283,511
Lynden_Pindling_International_Airport,0.20822814,0.32354884,2773,2585,-188
Operation_Eagle_Pull,0.20818501,0.30892413,2774,2781,7
Abakan_International_Airport,0.20817840,0.30586065,2775,2807,32
Nantucket_Memorial_Airport,0.20817369,0.28312939,2776,3577,801
wordnet_paper_114974264,0.20815530,0.54748899,2777,1217,-1560
Tariq_Ramadan,0.20813616,0.24210219,2778,4853,2075
Hainan_Island_incident,0.20812369,0.40484018,2779,1859,-920
Task_Force_Faith,0.20812369,0.40484018,2780,1860,-920
"Derna,_Libya",0.20811333,0.27285851,2781,3797,1016
"Windsor,_Ontario",0.20809585,0.28627237,2782,3523,741
Columbia_Metropolitan_Airport,0.20808134,0.28611275,2783,3527,744
Battle_of_the_Windmill,0.20807357,0.31213023,2784,2736,-48
Hasan_ibn_Ali,0.20804935,0.22491073,2785,5603,2818
Israeli%2013Lebanese_conflict,0.20794463,0.33243292,2786,2485,-301
Upolu,0.20793957,0.29195836,2787,3434,647
wordnet_fertilizer_114859344,0.20781681,0.61414245,2788,1022,-1766
Highway_of_Death,0.20771652,0.35628124,2789,2274,-515
Bay_of_Pigs,0.20767438,0.28790095,2790,3491,701
Thessaloniki,0.20765935,0.24156833,2791,4868,2077
Province_of_Pomerania_(1815%20131945),0.20762354,0.27495794,2792,3771,979
Battle_of_Chumonchin_Chan,0.20761911,0.37319391,2793,2121,-672
Battle_of_Hill_282,0.20761911,0.37319391,2794,2122,-672
Electorate_of_Bavaria,0.20748345,0.26861606,2795,3893,1098
Kars,0.20742228,0.28682808,2796,3510,714
Pyotr_Ilyich_Tchaikovsky,0.20737574,0.21789283,2797,5898,3101
Fyodor_Dostoyevsky,0.20736152,0.21836351,2798,5854,3056
Georgian_Civil_War,0.20727582,0.32681149,2799,2538,-261
Socialist_Federal_Republic_of_Yugoslavia,0.20726293,0.30663852,2800,2797,-3
Figueira_de_Castelo_Rodrigo_Municipality,0.20719222,0.28349557,2801,3562,761
Elvas,0.20719222,0.28349557,2802,3563,761
Velikiye_Luki,0.20718831,0.25038304,2803,4508,1705
Courland,0.20715097,0.25003187,2804,4511,1707
Levent,0.20712790,0.23404845,2805,5348,2543
Battle_of_Castelo_Rodrigo,0.20704345,0.31410723,2806,2694,-112
Battle_of_the_Lines_of_Elvas,0.20704345,0.31410723,2807,2695,-112
Herat,0.20696265,0.31082923,2808,2751,-57
Pashto_language,0.20681738,0.60048010,2809,1058,-1751
Chhatrapati_Shivaji_International_Airport,0.20680436,0.33240883,2810,2486,-324
T%C3%A2rgu_Frumos,0.20676970,0.28965715,2811,3454,643
Malta_Colony,0.20674477,0.33082781,2812,2500,-312
Osan,0.20673217,0.30499039,2813,2832,19
Third_Anglo-Mysore_War,0.20671287,0.25205314,2814,4372,1558
Operation_Hot_Winter,0.20668150,0.30182736,2815,2880,65
Larry_Heinemann,0.20654320,0.23407362,2816,5347,2531
Canadian_English,0.20651457,0.38743918,2817,2026,-791
Canadian_French,0.20651457,0.38743918,2818,2027,-791
Duchy_of_Milan,0.20650284,0.28044013,2819,3607,788
David_Sedaris,0.20638610,0.23357050,2820,5373,2553
George_Grant_(philosopher),0.20626111,0.23475665,2821,5298,2477
2001_uprising_in_Herat,0.20621236,0.37842173,2822,2073,-749
Iran_hostage_crisis,0.20621236,0.37842173,2823,2074,-749
Operation_Nimble_Archer,0.20621236,0.37842173,2824,2075,-749
Operation_Praying_Mantis,0.20621236,0.37842173,2825,2076,-749
"Rensselaer_County,_New_York",0.20619445,0.24134473,2826,4880,2054
Texel,0.20618190,0.29112099,2827,3440,613
Martakert_Province,0.20614499,0.25588328,2828,4232,1404
Battle_of_Pozna%C5%84_(1945),0.20607737,0.32517662,2829,2555,-274
San_Antonio_International_Airport,0.20604888,0.32772215,2830,2529,-301
Zaoyang,0.20604206,0.27911595,2831,3665,834
Martha%27s_Vineyard_Airport,0.20602112,0.27709191,2832,3686,854
Camposanto,0.20599735,0.27340000,2833,3787,954
Permesta,0.20584749,0.35765641,2834,2262,-572
"Barentu,_Eritrea",0.20584348,0.28907382,2835,3468,633
Battle_of_Amiens_(1918),0.20583637,0.34473152,2836,2382,-454
Battle_of_Lw%C3%B3w_(1939),0.20582666,0.32105062,2837,2602,-235
Liberal_Wars,0.20582606,0.33711608,2838,2431,-407
Indian_subcontinent,0.20581030,0.27266805,2839,3799,960
Joseon,0.20577579,0.27080189,2840,3839,999
Democratic_Kampuchea,0.20569072,0.29572792,2841,3301,460
Koh_Tang,0.20569072,0.29572792,2842,3302,460
United_States_Exploring_Expedition,0.20568429,0.31996415,2843,2617,-226
Ch%C3%A2teau-Thierry,0.20567785,0.27103424,2844,3821,977
Medal_of_Independence_(Turkey),0.20566677,0.25937780,2845,4120,1275
Tuttlingen,0.20566663,0.26506854,2846,4002,1156
Soviet%2013Japanese_War_(1945),0.20565667,0.26932629,2847,3889,1042
Soviet_invasion_of_Manchuria,0.20565667,0.26932629,2848,3890,1042
Rabat,0.20560729,0.29952682,2849,2922,73
Vale_Park,0.20560196,0.21736250,2850,5907,3057
Port_Columbus_International_Airport,0.20560170,0.32235640,2851,2593,-258
El_Caney,0.20558579,0.28790095,2852,3489,637
Guant%C3%A1namo_Bay,0.20558579,0.28790095,2853,3490,637
wordnet_prawn_107794159,0.20553461,0.46576686,2854,1534,-1320
Battle_of_the_Kerch_Peninsula,0.20551385,0.32860507,2855,2519,-336
Second_Battle_of_T%C3%A2rgu_Frumos,0.20551385,0.32860507,2856,2520,-336
"Toledo,_Ohio",0.20544205,0.25045758,2857,4506,1649
Comodoro_Arturo_Merino_Ben%C3%ADtez_International_Airport,0.20542251,0.31901403,2858,2623,-235
Fort_Sumter,0.20540354,0.28430915,2859,3551,692
Raid_on_Algiers,0.20540215,0.32599091,2860,2545,-315
1969_EC-121_shootdown_incident,0.20537799,0.36468327,2861,2182,-679
Battle_of_Osan,0.20537799,0.36468327,2862,2183,-679
Korean_DMZ_Conflict_(1966%201369),0.20537799,0.36468327,2863,2184,-679
North_Korea%2013United_States_relations,0.20537799,0.36468327,2864,2185,-679
Palembang,0.20534778,0.28527521,2865,3534,669
Tianjin_Binhai_International_Airport,0.20531747,0.31560829,2866,2668,-198
B._W._Powe,0.20528573,0.23045239,2867,5479,2612
Battle_of_Blenheim,0.20526185,0.28480530,2868,3541,673
Bronx,0.20525240,0.26061554,2869,4086,1217
Palma_Soriano,0.20521853,0.28001544,2870,3638,768
Slovak_Republic_(1939%201345),0.20507242,0.24994521,2871,4512,1641
Kansai_International_Airport,0.20506902,0.32399091,2872,2574,-298
Operation_Golden_Pheasant,0.20506280,0.36706313,2873,2160,-713
Changjin_County,0.20502001,0.33265687,2874,2483,-391
Suomussalmi,0.20496121,0.27982210,2875,3640,765
General_Mitchell_International_Airport,0.20493432,0.32571315,2876,2554,-322
Grozny_Airport,0.20493092,0.30951782,2877,2776,-101
Siege_of_Jinju_(1592),0.20490194,0.34938180,2878,2355,-523
Siege_of_Pyongyang_(1592),0.20490194,0.34938180,2879,2356,-523
Siege_of_Pyongyang_(1593),0.20490194,0.34938180,2880,2357,-523
Siege_of_Ulsan,0.20490194,0.34938180,2881,2358,-523
Operation_Shingle,0.20483240,0.32810573,2882,2524,-358
Noah_Cicero,0.20477798,0.23520704,2883,5293,2410
"Somerset_County,_Pennsylvania",0.20476328,0.23542500,2884,5291,2407
Drava,0.20475673,0.26513319,2885,4000,1115
Transdanubia,0.20475673,0.26513319,2886,4001,1115
British_Hong_Kong,0.20467078,0.28167210,2887,3590,703
"Rochefort,_Charente-Maritime",0.20455328,0.23751157,2888,5255,2367
United_States_occupation_of_the_Dominican_Republic_(1916%201324),0.20455046,0.33306496,2889,2481,-408
First_Congo_War,0.20442712,0.31330091,2890,2717,-173
Burkina_Faso,0.20441492,0.31767029,2891,2647,-244
Mangaung,0.20436027,0.30670046,2892,2795,-97
Mangaung_Metropolitan_Municipality,0.20436027,0.30670046,2893,2796,-97
Malay_language,0.20433956,0.49410666,2894,1413,-1481
Valencia,0.20432948,0.24975112,2895,4515,1620
Chortkiv,0.20430206,0.27608117,2896,3746,850
Daniel_Dennett,0.20414571,0.23803796,2897,5237,2340
Battle_of_Monte_Cassino,0.20408963,0.31472296,2898,2680,-218
wordnet_mineral_114662574,0.20407668,0.59418244,2899,1094,-1805
Belgian_Revolution,0.20402837,0.32583873,2900,2546,-354
Ten_Days%27_Campaign,0.20402837,0.32583873,2901,2547,-354
Est%C3%A1dio_Marques_da_Silva,0.20402395,0.21468427,2902,5971,3069
Burnden_Park,0.20402395,0.21468427,2903,5972,3069
Reebok_Stadium,0.20402395,0.21468427,2904,5973,3069
Est%C3%A1dio_Marcolino_de_Castro,0.20402395,0.21468427,2905,5974,3069
Est%C3%A1dio_Ant%C3%B3nio_Coimbra_da_Mota,0.20402395,0.21468427,2906,5975,3069
Chi%C8%99in%C4%83u,0.20401719,0.27555995,2907,3752,845
"Jasper_County,_South_Carolina",0.20398474,0.27628621,2908,3726,818
Mobile_Bay,0.20398474,0.27628621,2909,3730,821
"Louisa_County,_Virginia",0.20398474,0.27628621,2910,3740,830
Alkmaar,0.20394128,0.25811606,2911,4146,1235
War_of_the_Quadruple_Alliance,0.20393034,0.29732310,2912,2939,27
Jonathan_Safran_Foer,0.20390082,0.23568133,2913,5286,2373
Eastern_Alps,0.20386674,0.28067112,2914,3601,687
Venetian_Plain,0.20386674,0.28067112,2915,3602,687
Christmas_Island,0.20380088,0.28170058,2916,3589,673
Araure,0.20377004,0.27331297,2917,3788,871
Aden,0.20367545,0.31800554,2918,2644,-274
wordnet_rubber_115006258,0.20364318,0.53535922,2919,1256,-1663
Damour,0.20363893,0.26203975,2920,4070,1150
Republican_People%27s_Party_(Turkey),0.20361728,0.22667391,2921,5557,2636
Battle_of_Lima_Site_85,0.20359756,0.34890470,2922,2361,-561
Suez,0.20358392,0.27529270,2923,3769,846
Alastair_Reynolds,0.20357535,0.22902756,2924,5509,2585
Khujand_Airport,0.20356968,0.31023847,2925,2768,-157
wordnet_ship_104194289,0.20356257,0.50648220,2926,1365,-1561
Constan%C8%9Ba,0.20350096,0.26058156,2927,4087,1160
Ras_Kamboni,0.20348286,0.28155694,2928,3593,665
Pakistan%2013United_States_skirmishes,0.20347081,0.32769281,2929,2531,-398
Georg_B%C3%BCchner_Prize,0.20345167,0.25809931,2930,4166,1236
Georgian_language,0.20340643,0.36097289,2931,2234,-697
Chilean_War_of_Independence,0.20339366,0.26496183,2932,4006,1074
Battle_of_Groningen,0.20338593,0.33204939,2933,2493,-440
Georgian_uprising_on_Texel,0.20338593,0.33204939,2934,2494,-440
"Kampar,_Perak",0.20335771,0.29123460,2935,3439,504
East_Capitol_Street,0.20331490,0.25238209,2936,4348,1412
Kunar_Province,0.20330081,0.25077779,2937,4397,1460
Battle_of_Ravenna_(1512),0.20327685,0.27488902,2938,3772,834
Montevideo,0.20319569,0.26054447,2939,4088,1149
Kanmon_Straits,0.20318510,0.26513833,2940,3999,1059
Indian_rupee,0.20316780,0.36651043,2941,2170,-771
Arctic_convoys_of_World_War_II,0.20314527,0.33554938,2942,2459,-483
Occupation_of_Constantinople,0.20312996,0.32058449,2943,2609,-334
Jos%C3%A9_Mar%C3%ADa_C%C3%B3rdova_International_Airport,0.20311098,0.29272795,2944,3423,479
Toledo_(Ohio),0.20299504,0.25808595,2945,4167,1222
Asunci%C3%B3n,0.20297059,0.27074065,2946,3845,899
Siege_of_Leningrad,0.20282769,0.31546841,2947,2671,-276
East_African_Development_Bank,0.20282610,0.28700594,2948,3507,559
Drenthe,0.20277724,0.27245434,2949,3802,853
Azerbaijani_language,0.20277565,0.38358955,2950,2049,-901
Soviet_invasion_of_Poland,0.20275167,0.31235512,2951,2735,-216
Vietnamese_language,0.20272906,0.52206090,2952,1319,-1633
Battle_of_Campo_Santo,0.20271784,0.29035294,2953,3444,491
O._R._Tambo_International_Airport,0.20268803,0.31040744,2954,2766,-188
Afghan_afghani,0.20268414,0.52980457,2955,1281,-1674
Anglo-Dutch_Wars,0.20266452,0.27177020,2956,3810,854
Kuwait_International_Airport,0.20256852,0.31525538,2957,2674,-283
Second_Battle_of_the_Somme_(1918),0.20232094,0.33506845,2958,2461,-497
Battle_of_Bereza_Kartuska_(1919),0.20222508,0.30495070,2959,2836,-123
Battle_of_Wo%C5%82odarka,0.20222508,0.30495070,2960,2837,-123
Battle_of_Zadw%C3%B3rze,0.20222508,0.30495070,2961,2838,-123
Battle_of_the_Niemen_River,0.20222508,0.30495070,2962,2839,-123
Operation_Minsk,0.20222508,0.30495070,2963,2840,-123
Kaesong,0.20222432,0.35812728,2964,2259,-705
CPJ_International_Press_Freedom_Awards,0.20221859,0.37731797,2965,2090,-875
International_Press_Institute_World_Press_Freedom_Heroes,0.20221859,0.37731797,2966,2091,-875
Maria_Moors_Cabot_prize,0.20221859,0.37731797,2967,2092,-875
"Greenville,_Mississippi",0.20220077,0.22892842,2968,5512,2544
Palm_Beach_International_Airport,0.20218042,0.30612275,2969,2801,-168
Bernhardt_Line,0.20217613,0.32846604,2970,2522,-448
Siege_of_Barentu,0.20216083,0.32723251,2971,2535,-436
Est%C3%A1dio_do_Pacaembu,0.20214499,0.27016794,2972,3877,905
Almaty,0.20212533,0.26292539,2973,4058,1085
American_Samoa,0.20208975,0.24004901,2974,5210,2236
"Pennington_County,_South_Dakota",0.20206705,0.25238209,2975,4350,1375
"Monongahela,_Pennsylvania",0.20206705,0.25238209,2976,4359,1383
Battle_of_C%C4%93sis_(1919),0.20206030,0.30348339,2977,2856,-121
Moonsund_Landing_Operation,0.20204186,0.31415925,2978,2688,-290
Operation_Arctic_Fox,0.20204186,0.31415925,2979,2689,-290
Operation_Platinum_Fox,0.20204186,0.31415925,2980,2690,-290
Operation_Silver_Fox,0.20204186,0.31415925,2981,2691,-290
Soviet_evacuation_of_Tallinn,0.20204186,0.31415925,2982,2692,-290
Vyborg%2013Petrozavodsk_Offensive,0.20204186,0.31415925,2983,2693,-290
"Anderson,_South_Carolina",0.20202977,0.27628621,2984,3707,723
"Grainger_County,_Tennessee",0.20202977,0.27628621,2985,3708,723
"Mississippi_County,_Missouri",0.20202977,0.27628621,2986,3709,723
"Prentiss_County,_Mississippi",0.20202977,0.27628621,2987,3710,723
"Hamblen_County,_Tennessee",0.20202977,0.27628621,2988,3711,723
"Mayes_County,_Oklahoma",0.20202977,0.27628621,2989,3712,723
"Chester,_Virginia",0.20202977,0.27628621,2990,3713,723
"Pulaski_County,_Virginia",0.20202977,0.27628621,2991,3714,723
Grand_River_(Missouri),0.20202977,0.27628621,2992,3715,723
"Livingston_County,_Missouri",0.20202977,0.27628621,2993,3716,723
"Farmville,_Virginia",0.20202977,0.27628621,2994,3717,723
"Dade_County,_Georgia",0.20202977,0.27628621,2995,3718,723
"Cullman_County,_Alabama",0.20202977,0.27628621,2996,3719,723
"New_Kent_County,_Virginia",0.20202977,0.27628621,2997,3720,723
Fredericksburg_(Virginia),0.20202977,0.27628621,2998,3721,723
"Funkstown,_Maryland",0.20202977,0.27628621,2999,3722,723
"Glasgow,_Missouri",0.20202977,0.27628621,3000,3723,723
"Hanover,_Pennsylvania",0.20202977,0.27628621,3001,3724,723
"Hartsville,_Tennessee",0.20202977,0.27628621,3002,3725,723
"Iuka,_Mississippi",0.20202977,0.27628621,3003,3727,724
"Marietta,_Georgia",0.20202977,0.27628621,3004,3728,724
"Lone_Jack,_Missouri",0.20202977,0.27628621,3005,3729,724
"Henderson_County,_Tennessee",0.20202977,0.27628621,3006,3731,725
"Port_Gibson,_Mississippi",0.20202977,0.27628621,3007,3732,725
"Raymond,_Mississippi",0.20202977,0.27628621,3008,3733,725
Roanoke_Island,0.20202977,0.27628621,3009,3734,725
"Carroll_County,_Ohio",0.20202977,0.27628621,3010,3735,725
Salineville,0.20202977,0.27628621,3011,3736,725
Norfolk_(Virginia),0.20202977,0.27628621,3012,3737,725
"Charlotte_County,_Virginia",0.20202977,0.27628621,3013,3738,725
"Halifax_County,_Virginia",0.20202977,0.27628621,3014,3739,725
Lafayette_Parish,0.20202977,0.27628621,3015,3741,726
"Lafayette_Parish,_Louisiana",0.20202977,0.27628621,3016,3742,726
"Beaufort_County,_North_Carolina",0.20202977,0.27628621,3017,3743,726
"Newtonia,_Missouri",0.20202977,0.27628621,3018,3744,726
"St._Albans_(town),_Vermont",0.20202977,0.27628621,3019,3745,726
Westphalia,0.20200717,0.24988213,3020,4514,1494
Turkish_language,0.20197875,0.46673607,3021,1530,-1491
Siege_of_Vienna,0.20194492,0.30154453,3022,2888,-134
Sydney_Airport,0.20191792,0.31464564,3023,2681,-342
"Braxton_County,_West_Virginia",0.20179257,0.27529588,3024,3759,735
"Tucker_County,_West_Virginia",0.20179257,0.27529588,3025,3760,735
"Callaway_County,_Missouri",0.20179257,0.27529588,3026,3761,735
"Chicot_County,_Arkansas",0.20179257,0.27529588,3027,3762,735
"Osceola,_Arkansas",0.20179257,0.27529588,3028,3763,735
"Ouachita_County,_Arkansas",0.20179257,0.27529588,3029,3764,735
Fort_Gaines_(Alabama),0.20179257,0.27529588,3030,3765,735
Fort_Morgan_(Alabama),0.20179257,0.27529588,3031,3766,735
Loudoun_Valley,0.20179257,0.27529588,3032,3767,735
Virginia_Peninsula,0.20179257,0.27529588,3033,3768,735
United_States_Virgin_Islands,0.20168684,0.23087159,3034,5475,2441
El_Alamein,0.20168608,0.24660006,3035,4741,1706
Alfred_Adler,0.20165006,0.22390203,3036,5622,2586
Katanga,0.20164044,0.33049098,3037,2506,-531
Mahdist_War,0.20163999,0.30292915,3038,2864,-174
Mirbat,0.20163498,0.34497113,3039,2379,-660
Mayaguez_incident,0.20160779,0.34288922,3040,2393,-647
Bonn,0.20159599,0.25322758,3041,4289,1248
Vedeno,0.20156794,0.26769991,3042,3920,878
Kizlyar,0.20156794,0.26769991,3043,3921,878
Simferopol_International_Airport,0.20151618,0.29975413,3044,2921,-123
Battle_of_Basra_(2003),0.20149800,0.33372232,3045,2474,-571
Carl_Jung,0.20148452,0.22456733,3046,5605,2559
Dipolog,0.20147396,0.26259129,3047,4061,1014
Zamboanga_City,0.20147396,0.26259129,3048,4063,1015
UD_Las_Palmas,0.20142492,0.24328387,3049,4790,1741
Fano,0.20134891,0.26332337,3050,4047,997
Korea_Aerospace_Research_Institute,0.20132995,0.36696416,3051,2163,-888
Providenciales_International_Airport,0.20132028,0.29855434,3052,2931,-121
Knut_Hamsun,0.20131208,0.22342936,3053,5641,2588
Murtala_Muhammed_International_Airport,0.20130565,0.29001805,3054,3449,395
Jerusalem_Governorate,0.20124511,0.28665971,3055,3512,457
1973_Chilean_coup_d%27%C3%A9tat,0.20122795,0.32447282,3056,2560,-496
Battle_of_El_Caney,0.20122795,0.32447282,3057,2561,-496
Battle_of_Guant%C3%A1namo_Bay,0.20122795,0.32447282,3058,2562,-496
Battle_of_Las_Guasimas,0.20122795,0.32447282,3059,2563,-496
Battle_of_Rio_Manimani,0.20122795,0.32447282,3060,2564,-496
Battle_of_San_Juan_Hill,0.20122795,0.32447282,3061,2565,-496
Battle_of_Tayacoba,0.20122795,0.32447282,3062,2566,-496
Battle_of_the_Aguadores,0.20122795,0.32447282,3063,2567,-496
Bay_of_Pigs_Invasion,0.20122795,0.32447282,3064,2568,-496
Siege_of_Santiago,0.20122795,0.32447282,3065,2569,-496
Center_for_Computer-Assisted_Legal_Instruction,0.20118598,0.20826180,3066,6174,3108
Battle_of_San_Francisco,0.20118405,0.30157892,3067,2883,-184
Battle_of_Pisagua,0.20118405,0.30157892,3068,2884,-184
Battle_of_Tacna,0.20118405,0.30157892,3069,2885,-184
War_of_the_Pacific,0.20118405,0.30157892,3070,2886,-184
"Los_Ba%C3%B1os,_Laguna",0.20115687,0.26259129,3071,4062,991
Alexandre_Koj%C3%A8ve,0.20110876,0.22900682,3072,5510,2438
Los_autonautas_de_la_cosmopista,0.20110572,0.20285364,3073,6378,3305
"Pelee,_Ontario",0.20110302,0.24764028,3074,4721,1647
"Fonthill,_Ontario",0.20110302,0.24764028,3075,4722,1647
Battle_of_Moh%C3%A1cs,0.20109855,0.29659843,3076,3270,194
Balkan_Campaign_(World_War_II),0.20108293,0.27699028,3077,3687,610
United_States_occupation_of_Haiti,0.20103657,0.33942700,3078,2419,-659
Angaur,0.20100516,0.25579988,3079,4233,1154
Francavilla_di_Sicilia,0.20097466,0.25759317,3080,4169,1089
Milazzo,0.20097466,0.25759317,3081,4170,1089
Inner_Mongolia,0.20094398,0.24422567,3082,4776,1694
"Namur,_Belgium",0.20089621,0.25512004,3083,4252,1169
Alavus,0.20088888,0.26392464,3084,4040,956
Lapua,0.20088888,0.26392464,3085,4041,956
Kaarina,0.20088888,0.26392464,3086,4042,956
Battle_of_Bicocca,0.20086641,0.27261497,3087,3800,713
Fronti%C3%A8re_entre_la_R%C3%A9publique_populaire_de_Chine_et_le_Vi%C3%AAt_Nam,0.20084813,0.34436725,3088,2385,-703
Cape_Gloucester,0.20084498,0.26487899,3089,4024,935
Kaiapit,0.20084498,0.26487899,3090,4025,935
"Wau,_Papua_New_Guinea",0.20084498,0.26487899,3091,4026,935
Choiseul_Island,0.20084498,0.26487899,3092,4027,935
Finisterre_Range,0.20084498,0.26487899,3093,4028,935
Salamaua,0.20084498,0.26487899,3094,4029,935
Pisa_International_Airport,0.20081765,0.31100369,3095,2749,-346
wordnet_medicine_106043075,0.20075090,0.64399203,3096,943,-2153
Uman,0.20061433,0.24245265,3097,4847,1750
Deir_ez-Zor,0.20059864,0.24351129,3098,4783,1685
Bushehr_Province,0.20058889,0.27581417,3099,3748,649
wordnet_place_113926786,0.20058210,0.52206090,3100,1317,-1783
Estadio_Municipal_de_Concepci%C3%B3n,0.20054283,0.23287685,3101,5405,2304
Transjordan,0.20052837,0.31253426,3102,2731,-371
Nivelle_(river),0.20049971,0.25315319,3103,4292,1189
Usagre,0.20049971,0.25315319,3104,4293,1189
Yangpyeong_County,0.20049779,0.28342499,3105,3566,461
Stanis%C5%82aw_Lem,0.20049021,0.22224427,3106,5704,2598
Dominican_Civil_War,0.20048580,0.31900944,3107,2624,-483
Sambre%2013Oise_Canal,0.20047074,0.30374529,3108,2852,-256
Qu%E1%BA%A3ng_Tr%E1%BB%8B_Province,0.20046157,0.26282419,3109,4059,950
S%C6%A1n_T%C3%A2y_(Hanoi),0.20046157,0.26282419,3110,4060,950
"Eugene,_Oregon",0.20044634,0.22812657,3111,5520,2409
Yuzhno-Sakhalinsk_Airport,0.20042096,0.30226874,3112,2870,-242
Robert_Boyle,0.20041817,0.22131124,3113,5724,2611
Battle_of_Palembang,0.20036633,0.31829462,3114,2642,-472
Siege_of_Kars,0.20034836,0.32194842,3115,2596,-519
Battle_of_Central_Henan,0.20029154,0.35478049,3116,2278,-838
Battle_of_Shanggao,0.20029154,0.35478049,3117,2279,-838
"Bladensburg,_Maryland",0.20024741,0.25238209,3118,4307,1189
Arques-la-Bataille,0.20024525,0.25356995,3119,4280,1161
Bukit_Kepong,0.20019421,0.24202200,3120,4855,1735
Aeolian_Islands,0.20018838,0.24358653,3121,4782,1661
France_Bevk,0.20017016,0.22302357,3122,5654,2532
Green_Islands_(Papua_New_Guinea),0.20016084,0.25981944,3123,4093,970
Treasury_Islands,0.20016084,0.25981944,3124,4094,970
Baruch_Spinoza,0.20012468,0.22443922,3125,5610,2485
IJsselmeer,0.20011610,0.25258800,3126,4297,1171
Zuiderzee,0.20011610,0.25258800,3127,4298,1171
Hulst,0.20011610,0.25258800,3128,4299,1171
Rocroi,0.20004559,0.24504070,3129,4757,1628
First_Melillan_campaign,0.20002359,0.31069190,3130,2754,-376
Nitzanim,0.20001715,0.24911241,3131,4597,1466
Masruq_ibn_al-Ajda%27,0.20000472,0.22357345,3132,5637,2505
Friedrich_Nietzsche,0.19996935,0.22748424,3133,5541,2408
"Baler,_Aurora",0.19990536,0.25604922,3134,4224,1090
"Mabitac,_Laguna",0.19990536,0.25604922,3135,4225,1090
Ilocos_Sur,0.19990536,0.25604922,3136,4226,1090
"Catubig,_Northern_Samar",0.19990536,0.25604922,3137,4227,1090
Battle_of_Dos_R%C3%ADos,0.19989841,0.30591869,3138,2806,-332
Overloon,0.19989626,0.25969470,3139,4109,970
Schweinfurt,0.19989626,0.25969470,3140,4110,970
Battle_of_Walcourt,0.19988558,0.29354814,3141,3415,274
Trouillas,0.19983978,0.25181191,3142,4383,1241
Sultan_Yacoub,0.19977775,0.25982782,3143,4092,949
Battle_of_Merdjayoun,0.19976971,0.28060449,3144,3603,459
Al-Kiswah,0.19967366,0.23991116,3145,5216,2071
Edvard_Kocbek,0.19966337,0.22504767,3146,5595,2449
Battle_of_Bautzen_(1945),0.19965566,0.30535707,3147,2827,-320
Battle_of_Kolberg_(1945),0.19965566,0.30535707,3148,2828,-320
Battle_of_Studzianki,0.19965566,0.30535707,3149,2829,-320
East_Pomeranian_Offensive,0.19965566,0.30535707,3150,2830,-320
Vilnius_Offensive,0.19965566,0.30535707,3151,2831,-320
Aquidneck_Island,0.19955745,0.25705009,3152,4178,1026
Flamborough_Head,0.19955745,0.25705009,3153,4179,1026
"El_Guettar,_Tunisia",0.19949426,0.25663407,3154,4182,1028
"Sainte-Marie-du-Mont,_Manche",0.19948354,0.25728335,3155,4176,1021
1986_United_States_bombing_of_Libya,0.19947408,0.31345480,3156,2714,-442
Gulf_of_Sidra_incident_(1989),0.19947408,0.31345480,3157,2715,-442
Khe_Sanh,0.19944467,0.25760314,3158,4168,1010
Port_Royal_Island,0.19938470,0.25650597,3159,4184,1025
"Bound_Brook,_New_Jersey",0.19938470,0.25650597,3160,4185,1025
"Sylvania,_Georgia",0.19938470,0.25650597,3161,4186,1025
"Norwood,_North_Carolina",0.19938470,0.25650597,3162,4187,1025
"Union_Township,_Union_County,_New_Jersey",0.19938470,0.25650597,3163,4188,1025
"Hatboro,_Pennsylvania",0.19938470,0.25650597,3164,4189,1025
"Germantown,_Philadelphia",0.19938470,0.25650597,3165,4190,1025
"Groton,_Connecticut",0.19938470,0.25650597,3166,4191,1025
"New_London,_Connecticut",0.19938470,0.25650597,3167,4192,1025
"Heath_Springs,_South_Carolina",0.19938470,0.25650597,3168,4193,1025
"Mount_Holly,_New_Jersey",0.19938470,0.25650597,3169,4194,1025
"Jamestown,_South_Carolina",0.19938470,0.25650597,3170,4195,1025
"Manville,_New_Jersey",0.19938470,0.25650597,3171,4196,1025
"Highland,_Sullivan_County,_New_York",0.19938470,0.25650597,3172,4197,1025
"Minisink_Ford,_New_York",0.19938470,0.25650597,3173,4198,1025
"Freehold_Borough,_New_Jersey",0.19938470,0.25650597,3174,4199,1025
"Paulus_Hook,_Jersey_City",0.19938470,0.25650597,3175,4200,1025
"Scotch_Plains,_New_Jersey",0.19938470,0.25650597,3176,4201,1025
"Rantowles,_Hollywood,_South_Carolina",0.19938470,0.25650597,3177,4202,1025
"Wyoming,_Pennsylvania",0.19938470,0.25650597,3178,4203,1025
"Mount_Pleasant,_New_York",0.19938470,0.25650597,3179,4204,1025
"Thornwood,_New_York",0.19938470,0.25650597,3180,4205,1025
"Stillwater,_New_York",0.19938470,0.25650597,3181,4206,1025
"River_Vale,_New_Jersey",0.19938470,0.25650597,3182,4207,1025
Fort_Mifflin,0.19938470,0.25650597,3183,4208,1025
Frederica_River,0.19938470,0.25650597,3184,4209,1025
Northwest_Territory,0.19938470,0.25650597,3185,4210,1025
Penobscot_Bay,0.19938470,0.25650597,3186,4211,1025
Fort_Motte,0.19938470,0.25650597,3187,4212,1025
Occupation_of_Gori,0.19932804,0.30179946,3188,2881,-307
Lambda_Literary_Award,0.19932161,0.24770601,3189,4720,1531
Angolan_Civil_War,0.19930246,0.30824229,3190,2784,-406
O%27nyong%27nyong_virus,0.19930246,0.30824229,3191,2785,-406
2002_Venezuelan_coup_d%27%C3%A9tat_attempt,0.19930042,0.31324394,3192,2719,-473
Battle_of_C%C3%A1rdenas,0.19930042,0.31324394,3193,2720,-473
Battle_of_Pensacola_(1814),0.19930042,0.31324394,3194,2721,-473
Comanche_Wars,0.19930042,0.31324394,3195,2722,-473
Navajo_Wars,0.19930042,0.31324394,3196,2723,-473
Seminole_Wars,0.19930042,0.31324394,3197,2724,-473
Texas%2013Indian_wars,0.19930042,0.31324394,3198,2725,-473
Sidi_Bouzid,0.19927719,0.25607768,3199,4221,1022
B%C3%BCllingen,0.19927719,0.25607768,3200,4222,1022
Territory_of_the_Military_Commander_in_Serbia,0.19927719,0.25607768,3201,4223,1022
Luang_Prabang,0.19920025,0.36568708,3202,2174,-1028
Vientiane,0.19920025,0.36568708,3203,2175,-1028
Alba_de_Tormes,0.19918329,0.24892609,3204,4662,1458
Valladolid,0.19918329,0.24892609,3205,4663,1458
Castalla,0.19918329,0.24892609,3206,4664,1458
"Medell%C3%ADn,_Spain",0.19918329,0.24892609,3207,4665,1458
El_Seibo_Province,0.19918329,0.24892609,3208,4666,1458
Irun,0.19918329,0.24892609,3209,4667,1458
Ucl%C3%A9s,0.19918329,0.24892609,3210,4668,1458
Tarragona,0.19918329,0.24892609,3211,4669,1458
Jos%C3%A9_Joaqu%C3%ADn_de_Olmedo_International_Airport,0.19916979,0.28901554,3212,3471,259
Battle_of_Lacolle_Mills_(1814),0.19916476,0.28939165,3213,3458,245
Blackett_Strait,0.19915809,0.25579988,3214,4234,1020
Camotes_Sea,0.19915809,0.25579988,3215,4235,1020
Vangunu,0.19915809,0.25579988,3216,4236,1020
"Brookings,_Oregon",0.19915809,0.25579988,3217,4237,1020
Palawan,0.19915809,0.25579988,3218,4238,1020
Niihau,0.19915809,0.25579988,3219,4239,1020
Pacific_Theater_of_Operations,0.19915809,0.25579988,3220,4240,1020
The_Telegraphist,0.19914525,0.20036207,3221,6492,3271
Koronowo,0.19910557,0.28358850,3222,3560,338
"Wilcze,_Kuyavian-Pomeranian_Voivodeship",0.19910557,0.28358850,3223,3561,338
Cape_Canaveral,0.19904684,0.25599911,3224,4228,1004
New_York_Harbor,0.19904684,0.25599911,3225,4229,1004
Demerara_River,0.19904684,0.25599911,3226,4230,1004
Nalchik,0.19903362,0.25527716,3227,4245,1018
Gimry,0.19903362,0.25527716,3228,4246,1018
Poti,0.19903362,0.25527716,3229,4247,1018
Samashki,0.19903362,0.25527716,3230,4249,1019
Glen_Shiel,0.19901744,0.24862046,3231,4674,1443
Arctic,0.19898851,0.27552605,3232,3754,522
Battle_of_Hanko_(1941),0.19896687,0.30546375,3233,2809,-424
Battle_of_Honkaniemi,0.19896687,0.30546375,3234,2810,-424
Battle_of_Ilomantsi,0.19896687,0.30546375,3235,2811,-424
Battle_of_Kelja,0.19896687,0.30546375,3236,2812,-424
Battle_of_Kollaa,0.19896687,0.30546375,3237,2813,-424
Battle_of_Nietj%C3%A4rvi,0.19896687,0.30546375,3238,2814,-424
Battle_of_Petsamo_(1939),0.19896687,0.30546375,3239,2815,-424
Battle_of_Raate_Road,0.19896687,0.30546375,3240,2816,-424
Battle_of_Salla_(1939),0.19896687,0.30546375,3241,2817,-424
Battle_of_Suomussalmi,0.19896687,0.30546375,3242,2818,-424
Battle_of_Suursaari,0.19896687,0.30546375,3243,2819,-424
Battle_of_Tienhaara,0.19896687,0.30546375,3244,2820,-424
Battle_of_Tolvaj%C3%A4rvi,0.19896687,0.30546375,3245,2821,-424
Battle_of_Vuosalmi,0.19896687,0.30546375,3246,2822,-424
Battle_of_Summa,0.19896687,0.30546375,3247,2823,-424
Finnish_reconquest_of_the_Karelian_Isthmus_(1941),0.19896687,0.30546375,3248,2824,-424
Winter_War,0.19896687,0.30546375,3249,2825,-424
Carl_Rogers,0.19893259,0.22236020,3250,5678,2428
Agdam,0.19886553,0.24948951,3251,4567,1316
Kalbajar,0.19886553,0.24948951,3252,4568,1316
Operation_Bodenplatte,0.19882758,0.31999515,3253,2615,-638
Martin_Amis,0.19878426,0.23643843,3254,5272,2018
Mughal_Empire,0.19876895,0.23429482,3255,5309,2054
University_of_Wisconsin%2013Madison,0.19874578,0.24893854,3256,4661,1405
Massawa,0.19868547,0.25355496,3257,4281,1024
"Bamberg_County,_South_Carolina",0.19866497,0.25337242,3258,4285,1027
"Blountville,_Tennessee",0.19866497,0.25337242,3259,4286,1027
"Boone_County,_Missouri",0.19866497,0.25337242,3260,4287,1027
"Randolph_County,_Missouri",0.19866497,0.25337242,3261,4288,1027
American_Theater_(World_War_II),0.19862714,0.31988836,3262,2618,-644
Chechen%2013Ingush_Autonomous_Soviet_Socialist_Republic,0.19862125,0.39578346,3263,1969,-1294
Dagestan_Autonomous_Soviet_Socialist_Republic,0.19862125,0.39578346,3264,1970,-1294
Chinggis_Khaan_International_Airport,0.19860853,0.29332535,3265,3420,155
Al-Faw_Peninsula,0.19860584,0.33215039,3266,2489,-777
Faulkner_Award_for_Fiction,0.19859830,0.24491739,3267,4763,1496
Manzhouli_Xijiao_Airport,0.19856179,0.28896901,3268,3472,204
Pudong,0.19848588,0.23769183,3269,5250,1981
Socotra,0.19842777,0.25238209,3270,4301,1031
"Alexandria,_Alabama",0.19842777,0.25238209,3271,4302,1031
"Ringoes,_New_Jersey",0.19842777,0.25238209,3272,4303,1031
"Dover,_Illinois",0.19842777,0.25238209,3273,4304,1031
Bargal,0.19842777,0.25238209,3274,4305,1031
"Blaine_County,_Montana",0.19842777,0.25238209,3275,4306,1031
Blanco_Canyon,0.19842777,0.25238209,3276,4308,1032
"Conecuh_County,_Alabama",0.19842777,0.25238209,3277,4309,1032
"Escambia_County,_Alabama",0.19842777,0.25238209,3278,4310,1032
Chapultepec,0.19842777,0.25238209,3279,4311,1032
Churubusco,0.19842777,0.25238209,3280,4312,1032
Cienfuegos,0.19842777,0.25238209,3281,4313,1032
Dominguez_Hills_(mountain_range),0.19842777,0.25238209,3282,4314,1032
Lava_Beds_National_Monument,0.19842777,0.25238209,3283,4315,1032
"Nicollet_County,_Minnesota",0.19842777,0.25238209,3284,4316,1032
"Put-in-Bay,_Ohio",0.19842777,0.25238209,3285,4317,1032
Lake_Okeechobee,0.19842777,0.25238209,3286,4318,1032
Lost_River_(California),0.19842777,0.25238209,3287,4319,1032
Monterey_Bay,0.19842777,0.25238209,3288,4320,1032
"Laurens_County,_South_Carolina",0.19842777,0.25238209,3289,4321,1032
Salinas_Valley,0.19842777,0.25238209,3290,4322,1032
Nipe_Bay,0.19842777,0.25238209,3291,4323,1032
Fort_Howard_(Maryland),0.19842777,0.25238209,3292,4324,1032
Palo_Duro_Canyon,0.19842777,0.25238209,3293,4325,1032
"Rosalia,_Washington",0.19842777,0.25238209,3294,4326,1032
Steptoe_Butte,0.19842777,0.25238209,3295,4327,1032
Powder_River_(Montana),0.19842777,0.25238209,3296,4328,1032
Farah_Province,0.19842777,0.25238209,3297,4329,1032
Great_Sioux_Reservation,0.19842777,0.25238209,3298,4330,1032
"Harding_County,_South_Dakota",0.19842777,0.25238209,3299,4331,1032
"Stoney_Creek,_Ontario",0.19842777,0.25238209,3300,4332,1032
"Burleigh_County,_North_Dakota",0.19842777,0.25238209,3301,4333,1032
Leech_Lake,0.19842777,0.25238209,3302,4334,1032
"Washington_County,_Colorado",0.19842777,0.25238209,3303,4335,1032
Tal_Afar,0.19842777,0.25238209,3304,4336,1032
"Sioux_County,_Nebraska",0.19842777,0.25238209,3305,4337,1032
"Dickey_County,_North_Dakota",0.19842777,0.25238209,3306,4338,1032
"Yellow_Medicine_County,_Minnesota",0.19842777,0.25238209,3307,4339,1032
"Beaverhead_County,_Montana",0.19842777,0.25238209,3308,4340,1032
"Jalapa,_Indiana",0.19842777,0.25238209,3309,4341,1032
"Sheridan_County,_Wyoming",0.19842777,0.25238209,3310,4342,1032
Cabo_de_Gata-N%C3%ADjar_Natural_Park,0.19842777,0.25238209,3311,4343,1032
Cape_Palos,0.19842777,0.25238209,3312,4344,1032
"New_Ulm,_Minnesota",0.19842777,0.25238209,3313,4345,1032
Oregon_Country,0.19842777,0.25238209,3314,4346,1032
Oregon_Territory,0.19842777,0.25238209,3315,4347,1032
Emirau_Island,0.19842777,0.25238209,3316,4349,1033
"Mora_County,_New_Mexico",0.19842777,0.25238209,3317,4351,1034
Tuxpan,0.19842777,0.25238209,3318,4352,1034
Fort_Laramie_National_Historic_Site,0.19842777,0.25238209,3319,4353,1034
"Fort_Thomas,_Arizona",0.19842777,0.25238209,3320,4354,1034
Nebraska_Territory,0.19842777,0.25238209,3321,4355,1034
Great_Plains,0.19842777,0.25238209,3322,4356,1034
"Harpers_Ferry,_West_Virginia",0.19842777,0.25238209,3323,4357,1034
"Fort_C._F._Smith_(Fort_Smith,_Montana)",0.19842777,0.25238209,3324,4358,1034
Saqlawiyah,0.19842777,0.25238209,3325,4360,1035
Tabas,0.19842777,0.25238209,3326,4361,1035
Pyramid_Lake_(Nevada),0.19842777,0.25238209,3327,4362,1035
Captain_Jack%27s_Stronghold,0.19842777,0.25238209,3328,4363,1035
Taos_Pueblo,0.19842777,0.25238209,3329,4364,1035
Western_Pennsylvania,0.19842777,0.25238209,3330,4365,1035
Wounded_Knee_Creek,0.19842777,0.25238209,3331,4366,1035
Thirty_Years%27_War,0.19841783,0.25637727,3332,4213,881
Battle_of_Haelen_(1914),0.19841192,0.30740263,3333,2790,-543
Battle_of_Diamond_Hill,0.19833256,0.27873199,3334,3672,338
Battle_of_Paardeberg,0.19833256,0.27873199,3335,3673,338
Bloody_Sunday_(1900),0.19833256,0.27873199,3336,3674,338
Bar_Confederation,0.19830873,0.30155213,3337,2887,-450
International_IMPAC_Dublin_Literary_Award,0.19830630,0.24869918,3338,4673,1335
American_Indian_Wars,0.19824383,0.32458590,3339,2558,-781
Ruvo_di_Puglia,0.19823326,0.24504070,3340,4758,1418
Battle_of_the_Transdanubian_Hills,0.19822663,0.27090162,3341,3837,496
Battle_of_Kurekdere,0.19808023,0.31562932,3342,2667,-675
"Tondo,_Manila",0.19806051,0.24449658,3343,4767,1424
Huesca,0.19806051,0.24449658,3344,4768,1424
Northern_America,0.19806051,0.24449658,3345,4769,1424
Paktika_Province,0.19805567,0.27735681,3346,3683,337
R%C3%A1k%C3%B3czi%27s_War_of_Independence,0.19802871,0.29064050,3347,3442,95
wordnet_raw_material_114596700,0.19801114,0.62723988,3348,1006,-2342
Hafar_Al-Batin,0.19799053,0.32135170,3349,2601,-748
"Annual,_Morocco",0.19798417,0.24460403,3350,4765,1415
L%C3%A9opold_S%C3%A9dar_Senghor_International_Airport,0.19796323,0.28162288,3351,3592,241
Ctesiphon,0.19789611,0.23766797,3352,5253,1901
Battle_of_%C5%81%C3%B3d%C5%BA_(1939),0.19787888,0.29603859,3353,3286,-67
Battle_of_Brze%C5%9B%C4%87_Litewski,0.19787888,0.29603859,3354,3287,-67
Battle_of_Hel,0.19787888,0.29603859,3355,3288,-67
Battle_of_Kampinos_Forest,0.19787888,0.29603859,3356,3289,-67
Battle_of_Kock_(1939),0.19787888,0.29603859,3357,3290,-67
Battle_of_Tuchola_Forest,0.19787888,0.29603859,3358,3291,-67
Battle_of_Westerplatte,0.19787888,0.29603859,3359,3292,-67
Battle_of_Wizna,0.19787888,0.29603859,3360,3293,-67
Charge_at_Krojanty,0.19787888,0.29603859,3361,3294,-67
Defense_of_the_Polish_Post_Office_in_Danzig,0.19787888,0.29603859,3362,3295,-67
Siege_of_Warsaw_(1939),0.19787888,0.29603859,3363,3296,-67
Denmark-Norway,0.19785041,0.26229927,3364,4066,702
Operation_Chav%C3%ADn_de_Hu%C3%A1ntar,0.19783747,0.31053766,3365,2755,-610
Mircea_Eliade,0.19783461,0.22128774,3366,5725,2359
Altia,0.19782723,0.28045173,3367,3605,238
Valtion_lentokonetehdas,0.19782723,0.28045173,3368,3606,238
Lapland,0.19780293,0.26325160,3369,4051,682
Hsinchu,0.19779363,0.22691413,3370,5553,2183
F%C3%BCrstentum_Walachei,0.19773489,0.26778860,3371,3917,546
Leo_Strauss,0.19771954,0.22346471,3372,5640,2268
JAXA,0.19771273,0.32380607,3373,2578,-795
La_Mari%C3%A9e,0.19771273,0.32380607,3374,2579,-795
Battle_of_%C5%BByrzyn,0.19768336,0.30027185,3375,2907,-468
Battle_of_Bia%C5%82o%C5%82%C4%99ka,0.19768336,0.30027185,3376,2908,-468
Battle_of_Cio%C5%82k%C3%B3w,0.19768336,0.30027185,3377,2909,-468
Battle_of_D%C4%99be_Wielkie,0.19768336,0.30027185,3378,2910,-468
Battle_of_Iganie,0.19768336,0.30027185,3379,2911,-468
Battle_of_Olszynka_Grochowska,0.19768336,0.30027185,3380,2912,-468
Battle_of_Ostro%C5%82%C4%99ka_(1831),0.19768336,0.30027185,3381,2913,-468
Battle_of_Rac%C5%82awice,0.19768336,0.30027185,3382,2914,-468
Battle_of_Rajgr%C3%B3d,0.19768336,0.30027185,3383,2915,-468
Battle_of_Stoczek,0.19768336,0.30027185,3384,2916,-468
Battle_of_Warsaw_(1831),0.19768336,0.30027185,3385,2917,-468
Don_DeLillo,0.19762230,0.21992811,3386,5808,2422
City_of_Tshwane_Metropolitan_Municipality,0.19761580,0.26777601,3387,3918,531
Kirkuk,0.19757781,0.31894036,3388,2626,-762
Tikrit,0.19757781,0.31894036,3389,2627,-762
Logar_Province,0.19753082,0.32355866,3390,2583,-807
Paktika_area,0.19753082,0.32355866,3391,2584,-807
Tel_Aviv,0.19744677,0.24603538,3392,4749,1357
Bret_Easton_Ellis,0.19729246,0.21950451,3393,5831,2438
A%C5%9Fiyan_Asri_Cemetery,0.19728463,0.24733897,3394,4724,1330
Ba%C4%9Fc%C4%B1lar_Olympic_Sport_Hall,0.19728463,0.24733897,3395,4725,1330
Haldun_Alaga%C5%9F_Sports_Hall,0.19728463,0.24733897,3396,4726,1330
Cemal_Re%C5%9Fit_Rey_Concert_Hall,0.19728463,0.24733897,3397,4727,1330
Cemil_Topuzlu_Open-Air_Theatre,0.19728463,0.24733897,3398,4728,1330
Istanbul_Metro,0.19728463,0.24733897,3399,4729,1330
Karacaahmet_Cemetery,0.19728463,0.24733897,3400,4730,1330
M1_(Istanbul_Metro),0.19728463,0.24733897,3401,4731,1330
Zincirlikuyu_Cemetery,0.19728463,0.24733897,3402,4732,1330
Rafael_N%C3%BA%C3%B1ez_International_Airport,0.19727273,0.26671201,3403,3941,538
Provence,0.19727076,0.26499596,3404,4004,600
Hyderabad_State,0.19725856,0.25097980,3405,4392,987
Thrace,0.19724558,0.29857090,3406,2930,-476
Kyzyl_Airport,0.19722808,0.27024323,3407,3876,469
2006_Kodori_crisis,0.19721378,0.31007321,3408,2769,-639
Russian_Turkestan,0.19716626,0.26673809,3409,3939,530
Turkestan,0.19716626,0.26673809,3410,3940,530
Battle_of_Chawinda,0.19708505,0.33629881,3411,2434,-977
Battle_of_Sylhet,0.19708505,0.33629881,3412,2435,-977
Battle_of_Tololing,0.19708505,0.33629881,3413,2436,-977
Capture_of_Kishangarh_Fort,0.19708505,0.33629881,3414,2437,-977
Battle_of_Asal_Uttar,0.19708505,0.33629881,3415,2441,-974
Battle_of_Basantar,0.19708505,0.33629881,3416,2442,-974
Battle_of_Longewala,0.19708505,0.33629881,3417,2443,-974
Kargil_War,0.19708505,0.33629881,3418,2444,-974
Lahore_Front,0.19708505,0.33629881,3419,2445,-974
Operation_Chengiz_Khan,0.19708505,0.33629881,3420,2446,-974
Operation_Dwarka,0.19708505,0.33629881,3421,2447,-974
Operation_Gibraltar,0.19708505,0.33629881,3422,2448,-974
Operation_Meghdoot,0.19708505,0.33629881,3423,2449,-974
Siachen_conflict,0.19708505,0.33629881,3424,2450,-974
Tangail_Airdrop,0.19708505,0.33629881,3425,2451,-974
Clive_James,0.19708050,0.22095469,3426,5757,2331
"Bethlehem,_Free_State",0.19706186,0.23492831,3427,5295,1868
Sambre,0.19694304,0.30374529,3428,2851,-577
Battle_of_the_North_Cape,0.19694275,0.29491040,3429,3308,-121
Operation_Gauntlet,0.19694275,0.29491040,3430,3309,-121
Kurdish_languages,0.19692830,0.50536104,3431,1375,-2056
Dieppe,0.19692715,0.24334629,3432,4789,1357
Battle_of_Lacolle_Mills_(1812),0.19692364,0.28088101,3433,3595,162
Battle_of_the_Chateauguay,0.19692364,0.28088101,3434,3596,162
Battle_of_Sunchon_(air),0.19686326,0.36031579,3435,2241,-1194
Krasnoyarsk_Cheremshanka_Airport,0.19684127,0.26885156,3436,3892,456
Milan_Kundera,0.19679598,0.21728754,3437,5909,2472
Isaac_Newton,0.19677248,0.21933109,3438,5832,2394
Aerial_engagements_of_the_Second_Sino-Japanese_War,0.19675980,0.29692180,3439,3263,-176
Liechtenstein,0.19671725,0.31029528,3440,2767,-673
Italian_War_of_1536%201338,0.19668196,0.29373672,3441,3413,-28
Rakhine_State,0.19664984,0.23226455,3442,5447,2005
Battle_of_Ko_Chang,0.19664269,0.30496760,3443,2834,-609
Franco-Thai_War,0.19664269,0.30496760,3444,2835,-609
Italian_War_of_1551%201359,0.19658315,0.27670814,3445,3702,257
Machurucuto_Incident,0.19658221,0.30137705,3446,2890,-556
Battle_of_Grodno_(1939),0.19658067,0.29666157,3447,3265,-182
Battle_of_Szack,0.19658067,0.29666157,3448,3266,-182
Battle_of_Wilno_(1939),0.19658067,0.29666157,3449,3267,-182
Battle_of_Wytyczno,0.19658067,0.29666157,3450,3268,-182
Czortk%C3%B3w_Uprising,0.19658067,0.29666157,3451,3269,-182
British_invasions_of_the_R%C3%ADo_de_la_Plata,0.19656944,0.26194404,3452,4072,620
New_Netherland,0.19654150,0.25030038,3453,4509,1056
Kresy,0.19650154,0.23391082,3454,5358,1904
Anglo-Spanish_War_(1654%201360),0.19649580,0.25910953,3455,4123,668
Franco-Spanish_War_(1635%201359),0.19649580,0.25910953,3456,4124,668
Battle_of_Beirut_(1941),0.19642116,0.27213359,3457,3807,350
Battle_of_the_Litani_River,0.19642116,0.27213359,3458,3808,350
"Belfast,_Mpumalanga",0.19637350,0.23223315,3459,5448,1989
Wonsan,0.19634127,0.31721145,3460,2651,-809
Patriot_War,0.19633476,0.28617419,3461,3525,64
Republic_of_Canada,0.19633476,0.28617419,3462,3526,64
Kayseri,0.19629084,0.21630072,3463,5936,2473
Door_Wide_Open,0.19629004,0.19730820,3464,6592,3128
Seelow,0.19615109,0.22807570,3465,5528,2063
Nordatlantik,0.19612755,0.22106261,3466,5730,2264
Tallinn_Offensive,0.19610810,0.27853651,3467,3676,209
Operation_Herrick,0.19606507,0.27840466,3468,3678,210
Operation_Red_Dagger,0.19606507,0.27840466,3469,3679,210
English_Wars_(Scandinavia),0.19603070,0.27641046,3470,3705,235
Julius_Evola,0.19601400,0.21468248,3471,5976,2505
Allied_invasion_of_Italy,0.19598332,0.31184651,3472,2738,-734
Battle_of_Corbach,0.19592842,0.23926796,3473,5221,1748
Kiska,0.19585177,0.25413336,3474,4276,802
Gregorio_Luper%C3%B3n_International_Airport,0.19584452,0.27774787,3475,3682,207
Sacramento_International_Airport,0.19580867,0.29575433,3476,3300,-176
Haruki_Murakami,0.19577344,0.21842783,3477,5850,2373
Dallas_Love_Field,0.19572800,0.29397963,3478,3409,-69
Peter_Rollins,0.19567639,0.22096158,3479,5756,2277
Kerch_Peninsula,0.19566367,0.23155506,3480,5467,1987
Internal_conflict_in_Peru,0.19559635,0.30202702,3481,2872,-609
Battle_of_Kloster_Kampen,0.19553293,0.24603025,3482,4750,1268
Battle_of_Krefeld,0.19553293,0.24603025,3483,4751,1268
Cuneo,0.19553107,0.23447184,3484,5307,1823
Leros,0.19550816,0.23052118,3485,5478,1993
wordnet_opium_103850966,0.19550518,0.52980457,3486,1280,-2206
Mount_Longdon,0.19550263,0.23328186,3487,5390,1903
Lively_Island,0.19550263,0.23328186,3488,5391,1903
San_Carlos_Water,0.19550263,0.23328186,3489,5392,1903
Pebble_Island,0.19550263,0.23328186,3490,5393,1903
Port_Howard,0.19550263,0.23328186,3491,5394,1903
West_Falkland,0.19550263,0.23328186,3492,5395,1903
Okinawa_Island,0.19548698,0.24702840,3493,4738,1245
Ramallah,0.19540618,0.25194347,3494,4373,879
Battle_of_Nasiriyah,0.19539123,0.31235970,3495,2732,-763
Battle_of_Norfolk,0.19539123,0.31235970,3496,2733,-763
Bombing_of_Iraq_(1998),0.19539123,0.31235970,3497,2734,-763
Yenangyaung,0.19537281,0.23394894,3498,5355,1857
Yemen_Arab_Republic,0.19532584,0.25743732,3499,4174,675
Baliqiao,0.19524950,0.22950832,3500,5501,2001
Allied_advance_from_Paris_to_the_Rhine,0.19519749,0.31053735,3501,2756,-745
Battle_of_the_St._Lawrence,0.19519749,0.31053735,3502,2757,-745
Convoy_SC_118,0.19519749,0.31053735,3503,2758,-745
Convoy_SC_121,0.19519749,0.31053735,3504,2759,-745
Falaise_pocket,0.19519749,0.31053735,3505,2760,-745
Monte_la_Difensa,0.19519749,0.31053735,3506,2761,-745
Operation_Dragoon,0.19519749,0.31053735,3507,2762,-745
Operation_Market_Garden,0.19519749,0.31053735,3508,2763,-745
Operation_Plunder,0.19519749,0.31053735,3509,2764,-745
Operation_Varsity,0.19519749,0.31053735,3510,2765,-745
Litani_River,0.19505786,0.23249223,3511,5438,1927
Jenin,0.19505786,0.23249223,3512,5439,1927
Huta_Stalowa_Wola,0.19504498,0.27164955,3513,3817,304
Polish_State_Railways,0.19504498,0.27164955,3514,3818,304
Gorno-Badakhshan_Autonomous_Province,0.19503387,0.27099039,3515,3822,307
Islamic_State_of_Afghanistan,0.19503387,0.27099039,3516,3823,307
Isbank_Tower_1,0.19501354,0.20304057,3517,6367,2850
Ovar_Municipality,0.19500731,0.21468427,3518,5970,2452
Italian_Front_(World_War_I),0.19500477,0.30746146,3519,2788,-731
Flanders_Campaign,0.19499634,0.26461274,3520,4036,516
Thermopylae,0.19497400,0.23054426,3521,5477,1956
River_Somme,0.19494016,0.26621405,3522,3947,425
Tr%C3%A0_B%E1%BB%93ng_District,0.19491680,0.30574756,3523,2808,-715
First_Battle_of_Sirte,0.19487824,0.30210413,3524,2871,-653
Avre_(Somme),0.19487116,0.23148832,3525,5468,1943
Dinnieh_clashes,0.19482919,0.28833355,3526,3482,-44
Jonathan_Franzen,0.19479215,0.21633230,3527,5935,2408
Battle_of_Festubert,0.19477697,0.28767504,3528,3493,-35
Battle_of_Christmas_Island,0.19476633,0.30988371,3529,2771,-758
Changde,0.19475374,0.23033192,3530,5483,1953
Sichuan,0.19475374,0.23033192,3531,5484,1953
Rio_de_Janeiro%2013Gale%C3%A3o_International_Airport,0.19473745,0.28532031,3532,3533,1
Operation_Harpoon_(1942),0.19473482,0.29016485,3533,3446,-87
Khmer_Republic,0.19472374,0.30741544,3534,2789,-745
Battle_of_Li%C3%A8ge,0.19470617,0.30429305,3535,2842,-693
Battle_of_Araure,0.19465468,0.29014816,3536,3447,-89
Operation_Freedom_Deal,0.19458471,0.29159901,3537,3438,-99
Battle_of_the_Netherlands,0.19457606,0.29779092,3538,2934,-604
Hewanorra_International_Airport,0.19457265,0.27074571,3539,3844,305
Dudinka,0.19454872,0.21375000,3540,5996,2456
Battle_of_the_Vorskla_River,0.19452122,0.28073764,3541,3599,58
Saint-Nazaire,0.19451549,0.22106261,3542,5737,2195
1993_Russian_constitutional_crisis,0.19450648,0.30134531,3543,2894,-649
Auvere,0.19447980,0.22807570,3544,5524,1980
"Borodino_(village),_Mozhaysky_District,_Moscow_Oblast",0.19447980,0.22807570,3545,5525,1980
Raseiniai,0.19447980,0.22807570,3546,5526,1980
Sommers,0.19447980,0.22807570,3547,5527,1980
Sambia_Peninsula,0.19447980,0.22807570,3548,5529,1981
Tatsinsky_District,0.19447980,0.22807570,3549,5530,1981
"Yelnya,_Yelninsky_District,_Smolensk_Oblast",0.19447980,0.22807570,3550,5531,1981
Muar_District,0.19447122,0.22986392,3551,5492,1941
Cenderawasih_Bay,0.19444532,0.23644252,3552,5271,1719
Shah-i-Kot_Valley,0.19438951,0.32930518,3553,2513,-1040
Khalkhyn_Gol,0.19429203,0.23393894,3554,5357,1803
Battle_of_Callao,0.19426681,0.28347289,3555,3564,9
Robert_L._Bradshaw_International_Airport,0.19424713,0.26992493,3556,3882,326
Shemiranat_County,0.19424385,0.26955037,3557,3884,327
Central_District_(Tehran_County),0.19424385,0.26955037,3558,3885,327
Tehran_County,0.19424385,0.26955037,3559,3886,327
Attu_Island,0.19424228,0.24521989,3560,4755,1195
Battle_of_Tuttlingen,0.19422283,0.27074951,3561,3843,282
Battle_of_Damour,0.19418004,0.26362295,3562,4045,483
Battle_of_Jezzine_(1941),0.19418004,0.26362295,3563,4046,483
Anthony_Burgess,0.19417340,0.21648038,3564,5933,2369
Auchy-les-Mines,0.19414788,0.22744742,3565,5542,1977
Moroccan_dirham,0.19413088,0.36785929,3566,2153,-1413
Aisha,0.19412950,0.21356350,3567,5999,2432
Hafsa_bint_Umar,0.19412950,0.21356350,3568,6001,2433
Juwayriyya_bint_al-Harith,0.19412950,0.21356350,3569,6003,2434
Khadija_bint_Khuwaylid,0.19412950,0.21356350,3570,6004,2434
Maria_al-Qibtiyya,0.19412950,0.21356350,3571,6005,2434
Maymuna_bint_al-Harith,0.19412950,0.21356350,3572,6006,2434
Muhammad%27s_wives,0.19412950,0.21356350,3573,6007,2434
Ramla_bint_Abi_Sufyan,0.19412950,0.21356350,3574,6008,2434
Rayhana_bint_Zayd,0.19412950,0.21356350,3575,6009,2434
Safiyya_bint_Huyayy,0.19412950,0.21356350,3576,6010,2434
Sawda_bint_Zam%CA%BFa,0.19412950,0.21356350,3577,6011,2434
Umm_Salama,0.19412950,0.21356350,3578,6012,2434
Zaynab_bint_Jahsh,0.19412950,0.21356350,3579,6013,2434
Zaynab_bint_Khuzayma,0.19412950,0.21356350,3580,6014,2434
Medenine,0.19412325,0.22563857,3581,5586,2005
Kingdom_of_Italy_(Napoleonic),0.19411657,0.26956129,3582,3883,301
Sino-Soviet_conflict_(1929),0.19411598,0.28887995,3583,3474,-109
Kivu_conflict,0.19409508,0.30834947,3584,2783,-801
Battle_of_Rovaniemi,0.19409408,0.28914722,3585,3463,-122
Battle_of_Tornio,0.19409408,0.28914722,3586,3464,-122
Operation_Tanne_Ost,0.19409408,0.28914722,3587,3465,-122
South_Capitol_Street,0.19406025,0.22126996,3588,5726,2138
Armenian_language,0.19405716,0.28948048,3589,3456,-133
Pachir_Aw_Agam_District,0.19404533,0.28756910,3590,3494,-96
"209th_Detachment,_2325th_Group",0.19402321,0.36696416,3591,2162,-1429
Active_rollover_protection,0.19402321,0.36696416,3592,2166,-1426
Slovene_language,0.19401919,0.37666637,3593,2104,-1489
Battle_of_Abu-Ageila_(1967),0.19398091,0.29480636,3594,3393,-201
Battle_of_Baltim,0.19398091,0.29480636,3595,3394,-201
Battle_of_Marsa_Talamat,0.19398091,0.29480636,3596,3395,-201
Battle_of_Suez,0.19398091,0.29480636,3597,3396,-201
Battle_of_the_Chinese_Farm,0.19398091,0.29480636,3598,3397,-201
Battle_of_the_Sinai_(1973),0.19398091,0.29480636,3599,3398,-201
Ofira_Air_Battle,0.19398091,0.29480636,3600,3399,-201
Operation_Badr_(1973),0.19398091,0.29480636,3601,3400,-201
Operation_Boxer,0.19398091,0.29480636,3602,3401,-201
Operation_Bulmus_6,0.19398091,0.29480636,3603,3402,-201
Operation_Rooster_53,0.19398091,0.29480636,3604,3403,-201
Larry_Brown_(author),0.19397949,0.21705320,3605,5915,2310
Bardia,0.19395798,0.22700253,3606,5550,1944
Strait_of_Otranto,0.19395798,0.22700253,3607,5551,1944
Battle_of_Arnhem,0.19394900,0.28885569,3608,3475,-133
Hiiumaa,0.19391265,0.24007738,3609,5207,1598
Muhu,0.19391265,0.24007738,3610,5208,1598
Genealogy_of_Khadijah%27s_daughters,0.19388455,0.21356350,3611,6000,2389
Ibrahim_ibn_Muhammad,0.19388455,0.21356350,3612,6002,2390
Battle_of_Kutn%C3%A1_Hora,0.19388453,0.28449110,3613,3547,-66
Battle_of_M%C3%BChlberg,0.19384499,0.27069522,3614,3846,232
Schmalkaldic_War,0.19384499,0.27069522,3615,3847,232
Peloponnese,0.19375220,0.25514174,3616,4251,635
Ramree_Island,0.19370931,0.22438494,3617,5611,1994
Kajaki_District,0.19364132,0.30949145,3618,2778,-840
Afabet,0.19363038,0.22438011,3619,5612,1993
Battle_of_Ras_Kamboni,0.19361506,0.30954573,3620,2775,-845
Jayuya_Uprising,0.19360655,0.28647828,3621,3519,-102
wordnet_zinc_114661977,0.19358496,0.44604633,3622,1625,-1997
Philippines_Campaign_(1944%201345),0.19354256,0.29479394,3623,3404,-219
Gallipoli_Campaign,0.19351091,0.29384060,3624,3411,-213
Sangin,0.19349430,0.30252264,3625,2867,-758
West_African_CFA_franc,0.19348609,0.35274312,3626,2333,-1293
James_Salter,0.19344993,0.21331219,3627,6018,2391
How_Few_Remain,0.19339681,0.30299428,3628,2863,-765
Durr%C3%ABs,0.19334003,0.28497778,3629,3536,-93
Coral_Sea,0.19323514,0.22526178,3630,5589,1959
Jo%C5%BEe_Javor%C5%A1ek,0.19322318,0.21357314,3631,5998,2367
Keren,0.19319606,0.22152355,3632,5717,2085
"Hardeman_County,_Tennessee",0.19318780,0.25102896,3633,4389,756
"Boyle_County,_Kentucky",0.19318780,0.25102896,3634,4390,756
"Hardin_County,_Tennessee",0.19318780,0.25102896,3635,4391,756
Longueval,0.19317681,0.22334062,3636,5642,2006
"Pointe-Noire,_Guadeloupe",0.19317679,0.22179653,3637,5711,2074
Toamasina,0.19317679,0.22179653,3638,5712,2074
"Saint-Denis,_R%C3%A9union",0.19317679,0.22179653,3639,5713,2074
Isle_de_France_(Mauritius),0.19317679,0.22179653,3640,5714,2074
Battles_of_Khalkhin_Gol,0.19317058,0.24687923,3641,4739,1098
Soviet%2013Japanese_border_conflicts,0.19317058,0.24687923,3642,4740,1098
Battle_of_Kampar,0.19316201,0.33231671,3643,2487,-1156
Battle_of_Al_Busayyah,0.19315012,0.30384906,3644,2845,-799
Battle_of_Medina_Ridge,0.19315012,0.30384906,3645,2846,-799
Cruise_missile_strikes_on_Iraq_(1993),0.19315012,0.30384906,3646,2847,-799
Cruise_missile_strikes_on_Iraq_(1996),0.19315012,0.30384906,3647,2848,-799
Operation_Southern_Focus,0.19315012,0.30384906,3648,2849,-799
Operation_Shed_Light,0.19314512,0.32031310,3649,2612,-1037
Battle_of_Ban_Houei_Sane,0.19313003,0.29406029,3650,3407,-243
"Same,_East_Timor",0.19312183,0.22282911,3651,5656,2005
Tony_Tulathimutte,0.19304578,0.21667375,3652,5922,2270
Siege_of_Haarlem_(1572-1573),0.19302818,0.29099054,3653,3441,-212
Chincha_Islands,0.19302421,0.25594508,3654,4231,577
%C3%8Eles_des_Saintes,0.19297273,0.22067035,3655,5785,2130
Battle_of_Chambois,0.19295638,0.30202671,3656,2873,-783
The_Hump,0.19291913,0.29689684,3657,3264,-393
Duchy_of_Savoy,0.19291167,0.24953883,3658,4548,890
J%C3%B8ssingfjord,0.19290343,0.22106261,3659,5728,2069
Denmark_Strait,0.19290343,0.22106261,3660,5729,2069
Glomfjord,0.19290343,0.22106261,3661,5731,2070
Odon_(river),0.19290343,0.22106261,3662,5732,2070
Sark,0.19290343,0.22106261,3663,5733,2070
Reggio_Calabria,0.19290343,0.22106261,3664,5734,2070
Saint-Jouin-Bruneval,0.19290343,0.22106261,3665,5735,2070
Vosges_Mountains,0.19290343,0.22106261,3666,5736,2070
Zurich,0.19277910,0.28288053,3667,3580,-87
Federation_of_Malaya,0.19276640,0.27299624,3668,3793,125
Battle_of_Seneffe,0.19260193,0.27347932,3669,3782,113
Siege_of_Mons_(1691),0.19260193,0.27347932,3670,3783,113
Siege_of_Namur_(1692),0.19260193,0.27347932,3671,3784,113
Buffalo_Niagara_International_Airport,0.19255195,0.28313713,3672,3576,-96
Aleutian_Islands_Campaign,0.19252521,0.30137306,3673,2891,-782
Operation_Cottage,0.19252521,0.30137306,3674,2892,-782
Mindoro,0.19246324,0.24007303,3675,5209,1534
Battle_of_Coral%2013Balmoral,0.19241444,0.29628910,3676,3280,-396
Battle_of_Long_Tan,0.19241444,0.29628910,3677,3281,-396
Operation_Bribie,0.19241444,0.29628910,3678,3282,-396
Battle_of_Konya,0.19238700,0.29000302,3679,3450,-229
Operation_Tidal_Wave,0.19238601,0.28435578,3680,3548,-132
Gmina_O%C5%9Bwi%C4%99cim,0.19236610,0.22454375,3681,5606,1925
Pearl_Harbor,0.19235887,0.23690704,3682,5263,1581
Battle_of_Zeeland,0.19233494,0.28928028,3683,3461,-222
Meuse_(river),0.19228268,0.24036913,3684,5206,1522
2001_Bangladeshi-Indian_border_skirmish,0.19227165,0.30327608,3685,2858,-827
Kufra,0.19227108,0.21792342,3686,5892,2206
Calitri,0.19227108,0.21792342,3687,5893,2206
"Syracuse,_Sicily",0.19227108,0.21792342,3688,5894,2206
Polish_z%C5%82oty,0.19223323,0.32163045,3689,2599,-1090
wordnet_software_106566077,0.19220602,0.39674430,3690,1966,-1724
Battle_of_Dong-Yin,0.19217936,0.34491557,3691,2380,-1311
Landing_Operation_on_Hainan_Island,0.19217936,0.34491557,3692,2381,-1311
Itata_Incident,0.19214101,0.28949188,3693,3455,-238
Battle_of_Tulgas,0.19212250,0.30184186,3694,2879,-815
J._M._Coetzee,0.19212140,0.20963287,3695,6151,2456
"Concepci%C3%B3n_Province,_Chile",0.19210719,0.23287685,3696,5404,1708
Siege_of_Nice,0.19210131,0.26024330,3697,4090,393
Arve,0.19206593,0.27667016,3698,3703,5
Ballarat,0.19205401,0.21736702,3699,5901,2202
"Saint-Denis-sur-Richelieu,_Quebec",0.19205401,0.21736702,3700,5902,2202
"Eureka,_Victoria",0.19205401,0.21736702,3701,5903,2202
Irish_Free_State,0.19205401,0.21736702,3702,5904,2202
Limbang,0.19205401,0.21736702,3703,5905,2202
Strait_of_Hormuz,0.19205401,0.21736702,3704,5906,2202
Battle_for_Jerusalem_(1948),0.19195800,0.27358256,3705,3781,76
Afghanistan%2013Pakistan_skirmishes,0.19191465,0.31157456,3706,2742,-964
Death_of_Osama_bin_Laden,0.19191465,0.31157456,3707,2743,-964
wordnet_soy_112532564,0.19188761,0.38203300,3708,2053,-1655
Korean_language,0.19186724,0.49074839,3709,1426,-2283
Victim_of_the_Brain,0.19180547,0.19833760,3710,6559,2849
Mesopotamian_campaign,0.19180106,0.29774079,3711,2935,-776
Gottfried_Wilhelm_Leibniz,0.19178655,0.21010544,3712,6143,2431
Paraguay_expedition,0.19176057,0.28409565,3713,3555,-158
Battle_of_Borowa_G%C3%B3ra,0.19170788,0.28034504,3714,3609,-105
Battle_of_Gdynia,0.19170788,0.28034504,3715,3610,-105
Battle_of_Jaros%C5%82aw,0.19170788,0.28034504,3716,3611,-105
Battle_of_Jordan%C3%B3w,0.19170788,0.28034504,3717,3612,-105
Battle_of_K%C4%99pa_Oksywska,0.19170788,0.28034504,3718,3613,-105
Battle_of_Ka%C5%82uszyn,0.19170788,0.28034504,3719,3614,-105
Battle_of_Kobry%C5%84,0.19170788,0.28034504,3720,3615,-105
Battle_of_Krasnobr%C3%B3d,0.19170788,0.28034504,3721,3616,-105
Battle_of_Lasy_Kr%C3%B3lewskie,0.19170788,0.28034504,3722,3617,-105
Battle_of_M%C5%82awa,0.19170788,0.28034504,3723,3618,-105
Battle_of_Miko%C5%82%C3%B3w,0.19170788,0.28034504,3724,3619,-105
Battle_of_Modlin,0.19170788,0.28034504,3725,3620,-105
Battle_of_Mokra,0.19170788,0.28034504,3726,3621,-105
Battle_of_Przemy%C5%9Bl_(1939),0.19170788,0.28034504,3727,3622,-105
Battle_of_Pszczyna,0.19170788,0.28034504,3728,3623,-105
Battle_of_R%C3%B3%C5%BCan,0.19170788,0.28034504,3729,3624,-105
Battle_of_Radom,0.19170788,0.28034504,3730,3625,-105
Battle_of_Tomasz%C3%B3w_Lubelski,0.19170788,0.28034504,3731,3626,-105
Battle_of_Tomasz%C3%B3w_Mazowiecki,0.19170788,0.28034504,3732,3627,-105
Battle_of_W%C3%B3lka_W%C4%99glowa,0.19170788,0.28034504,3733,3628,-105
Battle_of_W%C4%99gierska_G%C3%B3rka,0.19170788,0.28034504,3734,3629,-105
Battle_of_Wola_Cyrusowa,0.19170788,0.28034504,3735,3630,-105
Battle_of_the_Bzura,0.19170788,0.28034504,3736,3631,-105
Battle_of_the_Danzig_Bay,0.19170788,0.28034504,3737,3632,-105
Hill_262,0.19170788,0.28034504,3738,3633,-105
Het_Loo_Palace,0.19167722,0.27092172,3739,3831,92
Victory_Boogie-Woogie,0.19167722,0.27092172,3740,3833,93
Battle_of_the_Frontiers,0.19166181,0.29700041,3741,3260,-481
Battle_of_the_Yser,0.19166181,0.29700041,3742,3261,-481
Race_to_the_Sea,0.19166181,0.29700041,3743,3262,-481
Kinsale,0.19156315,0.23242067,3744,5443,1699
wordnet_vegetable_107707451,0.19153012,0.37765934,3745,2084,-1661
Port_Jackson,0.19150856,0.26565858,3746,3953,207
Operation_Acid_Gambit,0.19150278,0.28416997,3747,3552,-195
Operation_Nifty_Package,0.19150278,0.28416997,3748,3553,-195
United_States_invasion_of_Panama,0.19150278,0.28416997,3749,3554,-195
Nordkapp,0.19150218,0.23635600,3750,5273,1523
"North_Cape,_Norway",0.19150218,0.23635600,3751,5274,1523
Sidewise_Award_for_Alternate_History,0.19147668,0.23732978,3752,5259,1507
An_L%E1%BB%99c,0.19147158,0.27002911,3753,3880,127
B%C3%ACnh_Long_Province,0.19147158,0.27002911,3754,3881,127
Johann_Hari,0.19144836,0.22618272,3755,5569,1814
Peace_Prize_of_the_German_Book_Trade,0.19141574,0.23452212,3756,5306,1550
Languages_of_France,0.19140163,0.43135677,3757,1722,-2035
Saint-Mihiel,0.19137729,0.28024704,3758,3635,-123
wordnet_building_material_114786479,0.19137047,0.39781466,3759,1960,-1799
Battle_of_Cassinga,0.19135468,0.28323026,3760,3571,-189
Battle_of_Cuito_Cuanavale,0.19135468,0.28323026,3761,3572,-189
Battle_of_Quifangondo,0.19135468,0.28323026,3762,3573,-189
Jean-Jacques_Rousseau,0.19133773,0.21126728,3763,6094,2331
Battle_of_Leyte,0.19130144,0.28628330,3764,3520,-244
Battle_of_Luzon,0.19130144,0.28628330,3765,3521,-244
Invasion_of_Lingayen_Gulf,0.19130144,0.28628330,3766,3522,-244
Northern_Limit_Line,0.19126667,0.28904538,3767,3469,-298
Yeonpyeongdo,0.19126667,0.28904538,3768,3470,-298
San_Jose_International_Airport,0.19124623,0.28047407,3769,3604,-165
Mark_Richard,0.19114839,0.21085731,3770,6114,2344
Battle_of_Bogdat,0.19110043,0.28101213,3771,3594,-177
Operation_Amherst,0.19106064,0.28812786,3772,3484,-288
Italian_Civil_War,0.19105181,0.27698271,3773,3688,-85
Persian_Campaign,0.19102713,0.27862753,3774,3675,-99
Spratly_Islands,0.19100197,0.29577544,3775,3299,-476
Jacksonville_International_Airport,0.19097429,0.28307726,3776,3579,-197
Battle_of_Ponta_Delgada,0.19096703,0.26311143,3777,4052,275
Portuguese_Restoration_War,0.19096703,0.26311143,3778,4053,275
Savoy,0.19091255,0.23732599,3779,5260,1481
"Greensboro,_North_Carolina",0.19086556,0.23572835,3780,5284,1504
Bernard_Stiegler,0.19083572,0.21177268,3781,6086,2305
"Oca%C3%B1a,_Spain",0.19082505,0.22914087,3782,5506,1724
Valls,0.19082505,0.22914087,3783,5507,1724
Ciudad_Rodrigo,0.19082505,0.22914087,3784,5508,1724
Neal_Stephenson,0.19081519,0.21708440,3785,5912,2127
Battle_of_Papudo,0.19081147,0.27093775,3786,3824,38
Bombardment_of_Valpara%C3%ADso,0.19081147,0.27093775,3787,3825,38
Enewetak_Atoll,0.19080413,0.23463990,3788,5299,1511
Saipan,0.19080413,0.23463990,3789,5300,1511
Tinian,0.19080413,0.23463990,3790,5301,1511
Wake_Island,0.19080413,0.23463990,3791,5302,1511
Musa_Qala,0.19076831,0.25463605,3792,4259,467
Sino-Soviet_border_conflict,0.19075649,0.33895317,3793,2422,-1371
Allan_Bloom,0.19072953,0.21400217,3794,5994,2200
Beslan,0.19070082,0.23422173,3795,5310,1515
Battle_of_Dunkirk,0.19067215,0.29164039,3796,3437,-359
Battle_of_Borneo_(1941%201342),0.19062947,0.28747421,3797,3503,-294
Neufch%C3%A2tel-Hardelot,0.19062495,0.22509819,3798,5592,1794
Longyearbyen,0.19061110,0.25741699,3799,4175,376
Deutsches_Schauspielhaus,0.19060996,0.23794456,3800,5240,1440
HADAG_Seetouristik_und_F%C3%A4hrdienst,0.19060996,0.23794456,3801,5241,1440
Hamburger_Hochbahn,0.19060996,0.23794456,3802,5242,1440
Thalia_Theater_(Hamburg),0.19060996,0.23794456,3803,5243,1440
1961_Indian_annexation_of_Goa,0.19060224,0.28313983,3804,3575,-229
Battle_of_Tabocas,0.19049950,0.26080097,3805,4082,277
First_Battle_of_Guararapes,0.19049950,0.26080097,3806,4083,277
Second_Battle_of_Guararapes,0.19049950,0.26080097,3807,4084,277
Ambon_Island,0.19047920,0.26084714,3808,4080,272
Eastern_Siberia,0.19046932,0.26501051,3809,4003,194
Pensacola,0.19044033,0.23092248,3810,5473,1663
Keflav%C3%ADk_International_Airport,0.19041167,0.28037027,3811,3608,-203
wordnet_petrochemical_114980468,0.19039150,0.48258744,3812,1463,-2349
South_West_Africa,0.19039108,0.29556216,3813,3306,-507
"%C3%87ankaya,_Ankara",0.19031506,0.21422428,3814,5992,2178
Battle_of_Palmyra,0.19031439,0.25077098,3815,4398,583
Abkhaz_language,0.19028750,0.36734221,3816,2159,-1657
B%C3%ACnh_Gi%C3%A3,0.19011571,0.26306771,3817,4055,238
L%E1%BB%99c_Ninh,0.19011571,0.26306771,3818,4056,238
Tom_Wolfe,0.19009614,0.21044326,3819,6122,2303
"Coamo,_Puerto_Rico",0.19007072,0.25166657,3820,4384,564
Bursa,0.19006244,0.23349651,3821,5384,1563
Honnecourt-sur-Escaut,0.19003647,0.22603256,3822,5570,1748
Timeline_of_the_Spanish%2013American_War,0.19000080,0.26330930,3823,4049,226
Indochinesische_Halbinsel,0.18997457,0.30433049,3824,2841,-983
War_of_the_Succession_of_Champagne,0.18994299,0.23788378,3825,5245,1420
Solomon_Islands_campaign,0.18993678,0.28827194,3826,3483,-343
Bering_Sea_Arbitration,0.18988139,0.29333121,3827,3418,-409
Friendly_fire_incident_at_Sangin,0.18988139,0.29333121,3828,3419,-409
County_of_Flanders,0.18987314,0.23687551,3829,5264,1435
Yuseong_District,0.18986218,0.25397318,3830,4278,448
Companhia_Paulista_de_Trens_Metropolitanos,0.18983289,0.22637768,3831,5566,1735
Mexican_Drug_War,0.18983175,0.30281765,3832,2865,-967
Windhoek,0.18963661,0.25728062,3833,4177,344
Battle_of_Yunnan-Burma_Road,0.18957057,0.28842595,3834,3480,-354
2008_Nord-Kivu_campaign,0.18955380,0.29720143,3835,2941,-894
Franche-Comt%C3%A9,0.18950106,0.21900011,3836,5835,1999
Battle_of_Ciudad_Real,0.18947404,0.25625935,3837,4214,377
Battle_of_Fuengirola,0.18947404,0.25625935,3838,4215,377
Battle_of_Somosierra,0.18947404,0.25625935,3839,4216,377
Battle_of_Tudela,0.18947404,0.25625935,3840,4217,377
First_Siege_of_Zaragoza,0.18947404,0.25625935,3841,4218,377
Rooney_Prize_for_Irish_Literature,0.18943431,0.22839360,3842,5517,1675
Battle_of_York,0.18932192,0.27317418,3843,3789,-54
Upper_Canada_Rebellion,0.18932192,0.27317418,3844,3790,-54
Mohsin_Hamid,0.18929724,0.20762282,3845,6193,2348
General_Sherman_incident,0.18929603,0.26647477,3846,3944,98
United_States_expedition_to_Korea,0.18929603,0.26647477,3847,3945,98
Battle_of_Lundy%27s_Lane,0.18929491,0.27536572,3848,3756,-92
Battle_of_Maguaga,0.18929491,0.27536572,3849,3757,-92
Amman,0.18915969,0.25663231,3850,4183,333
Shimonoseki_Campaign,0.18915119,0.27578588,3851,3749,-102
Craig_Clevenger,0.18909886,0.20734849,3852,6202,2350
Armenian_dram,0.18908337,0.30010423,3853,2919,-934
Italian_Social_Republic,0.18907783,0.24802420,3854,4676,822
wordnet_limestone_114936226,0.18902381,0.38123034,3855,2057,-1798
Preveza,0.18899723,0.25297842,3856,4294,438
David_Mitchell_(author),0.18898348,0.20868032,3857,6167,2310
Noam_Chomsky,0.18898229,0.21480813,3858,5968,2110
Ottawa_Macdonald%2013Cartier_International_Airport,0.18896269,0.26461531,3859,4035,176
Kingdom_of_Mysore,0.18882914,0.22950992,3860,5500,1640
Battle_for_The_Hague,0.18881952,0.27961721,3861,3647,-214
Battle_of_Maastricht,0.18881952,0.27961721,3862,3648,-214
Battle_of_Rotterdam,0.18881952,0.27961721,3863,3649,-214
Battle_of_the_Afsluitdijk,0.18881952,0.27961721,3864,3650,-214
Battle_of_the_Grebbeberg,0.18881952,0.27961721,3865,3651,-214
Italian_Somaliland,0.18879837,0.27607027,3866,3747,-119
Second_Desmond_Rebellion,0.18879791,0.25967918,3867,4111,244
Aleksei_Losev,0.18879419,0.20498536,3868,6255,2387
Nikolay_Lossky,0.18879419,0.20498536,3869,6256,2387
Operation_Crimp,0.18878435,0.28683131,3870,3509,-361
Ali,0.18877831,0.20055734,3871,6471,2600
Case_Blue,0.18877711,0.24249599,3872,4843,971
Battle_of_Cape_Bon_(1941),0.18877147,0.28074152,3873,3598,-275
Battle_of_Campo_Tenese,0.18875755,0.27889434,3874,3668,-206
Hunter_S._Thompson,0.18874929,0.20765556,3875,6192,2317
City_of_Cape_Town,0.18871497,0.22621669,3876,5568,1692
Siege_of_Breda_(1624),0.18871059,0.26145236,3877,4075,198
Siege_of_Ostend,0.18871059,0.26145236,3878,4076,198
Bras%C3%ADlia,0.18868989,0.29648915,3879,3273,-606
Curitiba,0.18868989,0.29648915,3880,3274,-606
Fortaleza,0.18868989,0.29648915,3881,3275,-606
Manaus,0.18868989,0.29648915,3882,3276,-606
Recife,0.18868989,0.29648915,3883,3277,-606
Salvador,0.18868989,0.29648915,3884,3278,-606
Battle_of_Vittorio_Veneto,0.18867199,0.28708684,3885,3506,-379
Battle_of_%C5%9Awiecino,0.18863289,0.27164955,3886,3815,-71
Battle_of_Chojnice,0.18863289,0.27164955,3887,3816,-71
Osh_Airport,0.18862466,0.27014674,3888,3878,-10
Makin_(islands),0.18862421,0.23312847,3889,5399,1510
Bombing_of_Vienna_in_World_War_II,0.18857886,0.28311720,3890,3578,-312
Ciril_Kosma%C4%8D,0.18852880,0.20801380,3891,6189,2298
German_attacks_on_Nauru,0.18848312,0.26384083,3892,4043,151
Operation_Source,0.18848312,0.26384083,3893,4044,151
USS_Liberty_incident,0.18843042,0.28499840,3894,3535,-359
Battle_of_Tarakan_(1942),0.18838835,0.27896357,3895,3666,-229
London_City_Airport,0.18838630,0.27223478,3896,3806,-90
Baltimore_riot_of_1861,0.18835466,0.29714401,3897,2942,-955
Battle_of_Amelia_Springs,0.18835466,0.29714401,3898,2943,-955
Battle_of_Anderson,0.18835466,0.29714401,3899,2944,-955
Battle_of_Anthony%27s_Hill,0.18835466,0.29714401,3900,2945,-955
Battle_of_Appomattox_Court_House,0.18835466,0.29714401,3901,2946,-955
Battle_of_Appomattox_Station,0.18835466,0.29714401,3902,2947,-955
Battle_of_Athens_(1864),0.18835466,0.29714401,3903,2948,-955
Battle_of_Averasborough,0.18835466,0.29714401,3904,2949,-955
Battle_of_Ball%27s_Bluff,0.18835466,0.29714401,3905,2950,-955
Battle_of_Barbourville,0.18835466,0.29714401,3906,2951,-955
Battle_of_Baton_Rouge_(1862),0.18835466,0.29714401,3907,2952,-955
Battle_of_Bean%27s_Station,0.18835466,0.29714401,3908,2953,-955
Battle_of_Beaver_Dam_Creek,0.18835466,0.29714401,3909,2954,-955
Battle_of_Belmont,0.18835466,0.29714401,3910,2955,-955
Battle_of_Berryville,0.18835466,0.29714401,3911,2956,-955
Battle_of_Big_Black_River_Bridge,0.18835466,0.29714401,3912,2957,-955
Battle_of_Brice%27s_Crossroads,0.18835466,0.29714401,3913,2958,-955
Battle_of_Brown%27s_Mill,0.18835466,0.29714401,3914,2959,-955
Battle_of_Buckland_Mills,0.18835466,0.29714401,3915,2960,-955
Battle_of_Buffington_Island,0.18835466,0.29714401,3916,2961,-955
Battle_of_Bull%27s_Gap,0.18835466,0.29714401,3917,2962,-955
Battle_of_Byram%27s_Ford,0.18835466,0.29714401,3918,2963,-955
Battle_of_Cabin_Creek,0.18835466,0.29714401,3919,2964,-955
Battle_of_Calcasieu_Pass,0.18835466,0.29714401,3920,2965,-955
Battle_of_Camp_Allegheny,0.18835466,0.29714401,3921,2966,-955
Battle_of_Campbell%27s_Station,0.18835466,0.29714401,3922,2967,-955
Battle_of_Carnifex_Ferry,0.18835466,0.29714401,3923,2968,-955
Battle_of_Chalk_Bluff,0.18835466,0.29714401,3924,2969,-955
Battle_of_Cheat_Mountain,0.18835466,0.29714401,3925,2970,-955
Battle_of_Cherbourg_(1864),0.18835466,0.29714401,3926,2971,-955
Battle_of_Chester_Station,0.18835466,0.29714401,3927,2972,-955
Battle_of_Chickamauga,0.18835466,0.29714401,3928,2973,-955
Battle_of_Chickasaw_Bayou,0.18835466,0.29714401,3929,2974,-955
Battle_of_Clark%27s_Mill,0.18835466,0.29714401,3930,2975,-955
Battle_of_Cloyd%27s_Mountain,0.18835466,0.29714401,3931,2976,-955
Battle_of_Cockpit_Point,0.18835466,0.29714401,3932,2977,-955
Battle_of_Cold_Harbor,0.18835466,0.29714401,3933,2978,-955
Battle_of_Columbia,0.18835466,0.29714401,3934,2979,-955
Battle_of_Compton%27s_Ferry,0.18835466,0.29714401,3935,2980,-955
Battle_of_Cool_Spring,0.18835466,0.29714401,3936,2981,-955
Battle_of_Cotton_Plant,0.18835466,0.29714401,3937,2982,-955
Battle_of_Cove_Mountain,0.18835466,0.29714401,3938,2983,-955
Battle_of_Crampton%27s_Gap,0.18835466,0.29714401,3939,2984,-955
Battle_of_Cross_Keys,0.18835466,0.29714401,3940,2985,-955
Battle_of_Cumberland_Church,0.18835466,0.29714401,3941,2986,-955
Battle_of_Cynthiana,0.18835466,0.29714401,3942,2987,-955
Battle_of_Dandridge,0.18835466,0.29714401,3943,2988,-955
Battle_of_Darbytown_Road,0.18835466,0.29714401,3944,2989,-955
Battle_of_Davis%27s_Cross_Roads,0.18835466,0.29714401,3945,2990,-955
Battle_of_Day%27s_Gap,0.18835466,0.29714401,3946,2991,-955
Battle_of_Decatur,0.18835466,0.29714401,3947,2992,-955
Battle_of_Dinwiddie_Court_House,0.18835466,0.29714401,3948,2993,-955
Battle_of_Dover_(1863),0.18835466,0.29714401,3949,2994,-955
Battle_of_Dranesville,0.18835466,0.29714401,3950,2995,-955
Battle_of_Drewry%27s_Bluff,0.18835466,0.29714401,3951,2996,-955
Battle_of_Droop_Mountain,0.18835466,0.29714401,3952,2997,-955
Battle_of_Eltham%27s_Landing,0.18835466,0.29714401,3953,2998,-955
Battle_of_Ezra_Church,0.18835466,0.29714401,3954,2999,-955
Battle_of_Fair_Garden,0.18835466,0.29714401,3955,3000,-955
Battle_of_Fair_Oaks_%26_Darbytown_Road,0.18835466,0.29714401,3956,3001,-955
Battle_of_Fisher%27s_Hill,0.18835466,0.29714401,3957,3002,-955
Battle_of_Five_Forks,0.18835466,0.29714401,3958,3003,-955
Battle_of_Folck%27s_Mill,0.18835466,0.29714401,3959,3004,-955
Battle_of_Fort_Anderson,0.18835466,0.29714401,3960,3005,-955
Battle_of_Fort_Bisland,0.18835466,0.29714401,3961,3006,-955
Battle_of_Fort_Blakely,0.18835466,0.29714401,3962,3007,-955
Battle_of_Fort_Brooke,0.18835466,0.29714401,3963,3008,-955
Battle_of_Fort_Davidson,0.18835466,0.29714401,3964,3009,-955
Battle_of_Fort_Donelson,0.18835466,0.29714401,3965,3010,-955
Battle_of_Fort_Henry,0.18835466,0.29714401,3966,3011,-955
Battle_of_Fort_McAllister_(1863),0.18835466,0.29714401,3967,3012,-955
Battle_of_Fort_McAllister_(1864),0.18835466,0.29714401,3968,3013,-955
Battle_of_Fort_Pillow,0.18835466,0.29714401,3969,3014,-955
Battle_of_Fort_Pulaski,0.18835466,0.29714401,3970,3015,-955
Battle_of_Fort_Sanders,0.18835466,0.29714401,3971,3016,-955
Battle_of_Fort_Stedman,0.18835466,0.29714401,3972,3017,-955
Battle_of_Franklin_(1863),0.18835466,0.29714401,3973,3018,-955
Battle_of_Fredericksburg,0.18835466,0.29714401,3974,3019,-955
Battle_of_Front_Royal,0.18835466,0.29714401,3975,3020,-955
Battle_of_Funkstown,0.18835466,0.29714401,3976,3021,-955
Battle_of_Gainesville,0.18835466,0.29714401,3977,3022,-955
Battle_of_Galveston,0.18835466,0.29714401,3978,3023,-955
Battle_of_Galveston_Harbor_(1862),0.18835466,0.29714401,3979,3024,-955
Battle_of_Garnett%27s_%26_Golding%27s_Farm,0.18835466,0.29714401,3980,3025,-955
Battle_of_Georgia_Landing,0.18835466,0.29714401,3981,3026,-955
Battle_of_Glasgow,0.18835466,0.29714401,3982,3027,-955
Battle_of_Glendale,0.18835466,0.29714401,3983,3028,-955
Battle_of_Globe_Tavern,0.18835466,0.29714401,3984,3029,-955
Battle_of_Goldsboro_Bridge,0.18835466,0.29714401,3985,3030,-955
Battle_of_Goodrich%27s_Landing,0.18835466,0.29714401,3986,3031,-955
Battle_of_Grand_Gulf,0.18835466,0.29714401,3987,3032,-955
Battle_of_Greenbrier_River,0.18835466,0.29714401,3988,3033,-955
Battle_of_Grimball%27s_Landing,0.18835466,0.29714401,3989,3034,-955
Battle_of_Hampton_Roads,0.18835466,0.29714401,3990,3035,-955
Battle_of_Hancock,0.18835466,0.29714401,3991,3036,-955
Battle_of_Hanover,0.18835466,0.29714401,3992,3037,-955
Battle_of_Hanover_Court_House,0.18835466,0.29714401,3993,3038,-955
Battle_of_Hartsville,0.18835466,0.29714401,3994,3039,-955
Battle_of_Hartville,0.18835466,0.29714401,3995,3040,-955
Battle_of_Hatcher%27s_Run,0.18835466,0.29714401,3996,3041,-955
Battle_of_Hatchie%27s_Bridge,0.18835466,0.29714401,3997,3042,-955
Battle_of_Hatteras_Inlet_Batteries,0.18835466,0.29714401,3998,3043,-955
Battle_of_Haw%27s_Shop,0.18835466,0.29714401,3999,3044,-955
Battle_of_Helena,0.18835466,0.29714401,4000,3045,-955
Battle_of_High_Bridge,0.18835466,0.29714401,4001,3046,-955
Battle_of_Hoke%27s_Run,0.18835466,0.29714401,4002,3047,-955
Battle_of_Honey_Hill,0.18835466,0.29714401,4003,3048,-955
Battle_of_Honey_Springs,0.18835466,0.29714401,4004,3049,-955
Battle_of_Hoover%27s_Gap,0.18835466,0.29714401,4005,3050,-955
Battle_of_Irish_Bend,0.18835466,0.29714401,4006,3051,-955
Battle_of_Island_Number_Ten,0.18835466,0.29714401,4007,3052,-955
Battle_of_Iuka,0.18835466,0.29714401,4008,3053,-955
"Battle_of_Jackson,_Mississippi",0.18835466,0.29714401,4009,3054,-955
"Battle_of_Jackson,_Tennessee",0.18835466,0.29714401,4010,3055,-955
Battle_of_Jerusalem_Plank_Road,0.18835466,0.29714401,4011,3056,-955
Battle_of_Johnsonville,0.18835466,0.29714401,4012,3057,-955
Battle_of_Jonesborough,0.18835466,0.29714401,4013,3058,-955
Battle_of_Kelly%27s_Ford,0.18835466,0.29714401,4014,3059,-955
Battle_of_Kennesaw_Mountain,0.18835466,0.29714401,4015,3060,-955
Battle_of_Kessler%27s_Cross_Lanes,0.18835466,0.29714401,4016,3061,-955
Battle_of_Kinston,0.18835466,0.29714401,4017,3062,-955
Battle_of_Kirksville,0.18835466,0.29714401,4018,3063,-955
Battle_of_Kock%27s_Plantation,0.18835466,0.29714401,4019,3064,-955
Battle_of_Kolb%27s_Farm,0.18835466,0.29714401,4020,3065,-955
Battle_of_LaFourche_Crossing,0.18835466,0.29714401,4021,3066,-955
Battle_of_Laredo,0.18835466,0.29714401,4022,3067,-955
Battle_of_Lewis%27s_Farm,0.18835466,0.29714401,4023,3068,-955
Battle_of_Little_Blue_River,0.18835466,0.29714401,4024,3069,-955
Battle_of_Lone_Jack,0.18835466,0.29714401,4025,3070,-955
Battle_of_Lookout_Mountain,0.18835466,0.29714401,4026,3071,-955
Battle_of_Lovejoy%27s_Station,0.18835466,0.29714401,4027,3072,-955
Battle_of_Lynchburg,0.18835466,0.29714401,4028,3073,-955
Battle_of_Malvern_Hill,0.18835466,0.29714401,4029,3074,-955
Battle_of_Manassas_Gap,0.18835466,0.29714401,4030,3075,-955
Battle_of_Marais_des_Cygnes,0.18835466,0.29714401,4031,3076,-955
Battle_of_Marietta,0.18835466,0.29714401,4032,3077,-955
Battle_of_Marmiton_River,0.18835466,0.29714401,4033,3078,-955
Battle_of_McDowell,0.18835466,0.29714401,4034,3079,-955
Battle_of_Meadow_Bridge,0.18835466,0.29714401,4035,3080,-955
Battle_of_Memphis,0.18835466,0.29714401,4036,3081,-955
Battle_of_Meridian,0.18835466,0.29714401,4037,3082,-955
Battle_of_Middle_Boggy_Depot,0.18835466,0.29714401,4038,3083,-955
Battle_of_Middle_Creek,0.18835466,0.29714401,4039,3084,-955
Battle_of_Middleburg,0.18835466,0.29714401,4040,3085,-955
Battle_of_Mill_Springs,0.18835466,0.29714401,4041,3086,-955
Battle_of_Milliken%27s_Bend,0.18835466,0.29714401,4042,3087,-955
Battle_of_Mine_Run,0.18835466,0.29714401,4043,3088,-955
Battle_of_Missionary_Ridge,0.18835466,0.29714401,4044,3089,-955
Battle_of_Mobile_Bay,0.18835466,0.29714401,4045,3090,-955
Battle_of_Monocacy,0.18835466,0.29714401,4046,3091,-955
Battle_of_Monroe%27s_Crossroads,0.18835466,0.29714401,4047,3092,-955
Battle_of_Moorefield,0.18835466,0.29714401,4048,3093,-955
Battle_of_Morton%27s_Ford,0.18835466,0.29714401,4049,3094,-955
Battle_of_Mossy_Creek,0.18835466,0.29714401,4050,3095,-955
Battle_of_Munfordville,0.18835466,0.29714401,4051,3096,-955
Battle_of_Nashville,0.18835466,0.29714401,4052,3097,-955
Battle_of_Natural_Bridge,0.18835466,0.29714401,4053,3098,-955
Battle_of_New_Bern,0.18835466,0.29714401,4054,3099,-955
Battle_of_New_Market,0.18835466,0.29714401,4055,3100,-955
Battle_of_North_Anna,0.18835466,0.29714401,4056,3101,-955
Battle_of_Oak_Grove,0.18835466,0.29714401,4057,3102,-955
Battle_of_Okolona,0.18835466,0.29714401,4058,3103,-955
Battle_of_Old_Church,0.18835466,0.29714401,4059,3104,-955
Battle_of_Old_Fort_Wayne,0.18835466,0.29714401,4060,3105,-955
Battle_of_Olustee,0.18835466,0.29714401,4061,3106,-955
Battle_of_Opequon,0.18835466,0.29714401,4062,3107,-955
Battle_of_Paducah,0.18835466,0.29714401,4063,3108,-955
Battle_of_Palmito_Ranch,0.18835466,0.29714401,4064,3109,-955
Battle_of_Parker%27s_Cross_Roads,0.18835466,0.29714401,4065,3110,-955
Battle_of_Pea_Ridge,0.18835466,0.29714401,4066,3111,-955
Battle_of_Peachtree_Creek,0.18835466,0.29714401,4067,3112,-955
Battle_of_Peebles%27s_Farm,0.18835466,0.29714401,4068,3113,-955
Battle_of_Perryville,0.18835466,0.29714401,4069,3114,-955
Battle_of_Philippi_(West_Virginia),0.18835466,0.29714401,4070,3115,-955
Battle_of_Pickett%27s_Mill,0.18835466,0.29714401,4071,3116,-955
Battle_of_Piedmont,0.18835466,0.29714401,4072,3117,-955
Battle_of_Plains_Store,0.18835466,0.29714401,4073,3118,-955
Battle_of_Plymouth_(1864),0.18835466,0.29714401,4074,3119,-955
Battle_of_Port_Gibson,0.18835466,0.29714401,4075,3120,-955
Battle_of_Port_Republic,0.18835466,0.29714401,4076,3121,-955
Battle_of_Port_Walthall_Junction,0.18835466,0.29714401,4077,3122,-955
Battle_of_Portland_Harbor,0.18835466,0.29714401,4078,3123,-955
Battle_of_Prairie_Grove,0.18835466,0.29714401,4079,3124,-955
Battle_of_Princeton_Court_House,0.18835466,0.29714401,4080,3125,-955
Battle_of_Proctor%27s_Creek,0.18835466,0.29714401,4081,3126,-955
Battle_of_Raymond,0.18835466,0.29714401,4082,3127,-955
Battle_of_Resaca,0.18835466,0.29714401,4083,3128,-955
Battle_of_Rice%27s_Station,0.18835466,0.29714401,4084,3129,-955
Battle_of_Rich_Mountain,0.18835466,0.29714401,4085,3130,-955
Battle_of_Richmond,0.18835466,0.29714401,4086,3131,-955
Battle_of_Ringgold_Gap,0.18835466,0.29714401,4087,3132,-955
Battle_of_Roanoke_Island,0.18835466,0.29714401,4088,3133,-955
Battle_of_Rowlett%27s_Station,0.18835466,0.29714401,4089,3134,-955
Battle_of_Rutherford%27s_Farm,0.18835466,0.29714401,4090,3135,-955
Battle_of_Sailor%27s_Creek,0.18835466,0.29714401,4091,3136,-955
Battle_of_Saint_Mary%27s_Church,0.18835466,0.29714401,4092,3137,-955
Battle_of_Salem_Church,0.18835466,0.29714401,4093,3138,-955
Battle_of_Salineville,0.18835466,0.29714401,4094,3139,-955
Battle_of_Santa_Rosa_Island,0.18835466,0.29714401,4095,3140,-955
Battle_of_Sappony_Church,0.18835466,0.29714401,4096,3141,-955
Battle_of_Savage%27s_Station,0.18835466,0.29714401,4097,3142,-955
Battle_of_Secessionville,0.18835466,0.29714401,4098,3143,-955
Battle_of_Selma,0.18835466,0.29714401,4099,3144,-955
Battle_of_Seven_Pines,0.18835466,0.29714401,4100,3145,-955
Battle_of_Sewell%27s_Point,0.18835466,0.29714401,4101,3146,-955
Battle_of_Shepherdstown,0.18835466,0.29714401,4102,3147,-955
Battle_of_Shiloh,0.18835466,0.29714401,4103,3148,-955
Battle_of_Smithfield_Crossing,0.18835466,0.29714401,4104,3149,-955
Battle_of_Snyder%27s_Bluff,0.18835466,0.29714401,4105,3150,-955
Battle_of_South_Mills,0.18835466,0.29714401,4106,3151,-955
Battle_of_South_Mountain,0.18835466,0.29714401,4107,3152,-955
Battle_of_Spanish_Fort,0.18835466,0.29714401,4108,3153,-955
Battle_of_Spotsylvania_Court_House,0.18835466,0.29714401,4109,3154,-955
Battle_of_St._Johns_Bluff,0.18835466,0.29714401,4110,3155,-955
Battle_of_Staunton_River_Bridge,0.18835466,0.29714401,4111,3156,-955
Battle_of_Stirling%27s_Plantation,0.18835466,0.29714401,4112,3157,-955
Battle_of_Stones_River,0.18835466,0.29714401,4113,3158,-955
Battle_of_Strasburg,0.18835466,0.29714401,4114,3159,-955
Battle_of_Suffolk_(Norfleet_House),0.18835466,0.29714401,4115,3160,-955
Battle_of_Summit_Point,0.18835466,0.29714401,4116,3161,-955
Battle_of_Sutherland%27s_Station,0.18835466,0.29714401,4117,3162,-955
Battle_of_Swift_Creek,0.18835466,0.29714401,4118,3163,-955
Battle_of_Tampa,0.18835466,0.29714401,4119,3164,-955
Battle_of_Thompson%27s_Station,0.18835466,0.29714401,4120,3165,-955
Battle_of_Thoroughfare_Gap,0.18835466,0.29714401,4121,3166,-955
Battle_of_Todd%27s_Tavern,0.18835466,0.29714401,4122,3167,-955
Battle_of_Tom%27s_Brook,0.18835466,0.29714401,4123,3168,-955
Battle_of_Tranter%27s_Creek,0.18835466,0.29714401,4124,3169,-955
Battle_of_Trevilian_Station,0.18835466,0.29714401,4125,3170,-955
Battle_of_Unison,0.18835466,0.29714401,4126,3171,-955
Battle_of_Upperville,0.18835466,0.29714401,4127,3172,-955
Battle_of_Utoy_Creek,0.18835466,0.29714401,4128,3173,-955
Battle_of_Vaught%27s_Hill,0.18835466,0.29714401,4129,3174,-955
Battle_of_Vermillion_Bayou,0.18835466,0.29714401,4130,3175,-955
Battle_of_Walkerton,0.18835466,0.29714401,4131,3176,-955
Battle_of_Ware_Bottom_Church,0.18835466,0.29714401,4132,3177,-955
Battle_of_Washington,0.18835466,0.29714401,4133,3178,-955
Battle_of_Wauhatchie,0.18835466,0.29714401,4134,3179,-955
"Battle_of_Waynesboro,_Georgia",0.18835466,0.29714401,4135,3180,-955
"Battle_of_Waynesboro,_Virginia",0.18835466,0.29714401,4136,3181,-955
Battle_of_West_Point,0.18835466,0.29714401,4137,3182,-955
Battle_of_Westport,0.18835466,0.29714401,4138,3183,-955
Battle_of_White_Hall,0.18835466,0.29714401,4139,3184,-955
Battle_of_White_Oak_Road,0.18835466,0.29714401,4140,3185,-955
Battle_of_White_Oak_Swamp,0.18835466,0.29714401,4141,3186,-955
Battle_of_Williamsburg,0.18835466,0.29714401,4142,3187,-955
Battle_of_Williamsport,0.18835466,0.29714401,4143,3188,-955
Battle_of_Wilmington,0.18835466,0.29714401,4144,3189,-955
Battle_of_Wilson%27s_Creek,0.18835466,0.29714401,4145,3190,-955
Battle_of_Wilson%27s_Wharf,0.18835466,0.29714401,4146,3191,-955
Battle_of_Wyse_Fork,0.18835466,0.29714401,4147,3192,-955
Battle_of_Yellow_Tavern,0.18835466,0.29714401,4148,3193,-955
Battle_of_the_Crater,0.18835466,0.29714401,4149,3194,-955
Battle_of_the_Cumberland_Gap_(1863),0.18835466,0.29714401,4150,3195,-955
Battle_of_the_Wilderness,0.18835466,0.29714401,4151,3196,-955
Beefsteak_Raid,0.18835466,0.29714401,4152,3197,-955
Big_Sandy_Expedition,0.18835466,0.29714401,4153,3198,-955
Bristoe_Campaign,0.18835466,0.29714401,4154,3199,-955
Capture_of_New_Orleans,0.18835466,0.29714401,4155,3200,-955
Carolinas_Campaign,0.18835466,0.29714401,4156,3201,-955
Battle_of_Griswoldville,0.18835466,0.29714401,4157,3202,-955
Defense_of_Cincinnati,0.18835466,0.29714401,4158,3203,-955
First_Battle_of_Auburn,0.18835466,0.29714401,4159,3204,-955
First_Battle_of_Bull_Run,0.18835466,0.29714401,4160,3205,-955
First_Battle_of_Chattanooga,0.18835466,0.29714401,4161,3206,-955
First_Battle_of_Dalton,0.18835466,0.29714401,4162,3207,-955
First_Battle_of_Deep_Bottom,0.18835466,0.29714401,4163,3208,-955
First_Battle_of_Donaldsonville,0.18835466,0.29714401,4164,3209,-955
First_Battle_of_Fort_Fisher,0.18835466,0.29714401,4165,3210,-955
First_Battle_of_Fort_Wagner,0.18835466,0.29714401,4166,3211,-955
First_Battle_of_Independence,0.18835466,0.29714401,4167,3212,-955
First_Battle_of_Kernstown,0.18835466,0.29714401,4168,3213,-955
First_Battle_of_Murfreesboro,0.18835466,0.29714401,4169,3214,-955
First_Battle_of_Newtonia,0.18835466,0.29714401,4170,3215,-955
First_Battle_of_Petersburg,0.18835466,0.29714401,4171,3216,-955
First_Battle_of_Rappahannock_Station,0.18835466,0.29714401,4172,3217,-955
First_Battle_of_Ream%27s_Station,0.18835466,0.29714401,4173,3218,-955
First_Battle_of_Sabine_Pass,0.18835466,0.29714401,4174,3219,-955
First_Battle_of_Winchester,0.18835466,0.29714401,4175,3220,-955
Grierson%27s_Raid,0.18835466,0.29714401,4176,3221,-955
Lawrence_Massacre,0.18835466,0.29714401,4177,3222,-955
Morgan%27s_Raid,0.18835466,0.29714401,4178,3223,-955
Overland_Campaign,0.18835466,0.29714401,4179,3224,-955
Raid_at_Combahee_Ferry,0.18835466,0.29714401,4180,3225,-955
Sacking_of_Osceola,0.18835466,0.29714401,4181,3226,-955
Second_Battle_of_Bull_Run,0.18835466,0.29714401,4182,3227,-955
Second_Battle_of_Charleston_Harbor,0.18835466,0.29714401,4183,3228,-955
Second_Battle_of_Chattanooga,0.18835466,0.29714401,4184,3229,-955
Second_Battle_of_Corinth,0.18835466,0.29714401,4185,3230,-955
Second_Battle_of_Dalton,0.18835466,0.29714401,4186,3231,-955
Second_Battle_of_Deep_Bottom,0.18835466,0.29714401,4187,3232,-955
Second_Battle_of_Donaldsonville,0.18835466,0.29714401,4188,3233,-955
Second_Battle_of_Fort_Fisher,0.18835466,0.29714401,4189,3234,-955
Second_Battle_of_Fort_Wagner,0.18835466,0.29714401,4190,3235,-955
Second_Battle_of_Fredericksburg,0.18835466,0.29714401,4191,3236,-955
Second_Battle_of_Independence,0.18835466,0.29714401,4192,3237,-955
Second_Battle_of_Kernstown,0.18835466,0.29714401,4193,3238,-955
Second_Battle_of_Lexington,0.18835466,0.29714401,4194,3239,-955
Second_Battle_of_Newtonia,0.18835466,0.29714401,4195,3240,-955
Second_Battle_of_Petersburg,0.18835466,0.29714401,4196,3241,-955
Second_Battle_of_Rappahannock_Station,0.18835466,0.29714401,4197,3242,-955
Second_Battle_of_Ream%27s_Station,0.18835466,0.29714401,4198,3243,-955
Second_Battle_of_Saltville,0.18835466,0.29714401,4199,3244,-955
Second_Battle_of_Springfield,0.18835466,0.29714401,4200,3245,-955
Second_Battle_of_Winchester,0.18835466,0.29714401,4201,3246,-955
Seven_Days_Battles,0.18835466,0.29714401,4202,3247,-955
Siege_of_Corinth,0.18835466,0.29714401,4203,3248,-955
Siege_of_Fort_Macon,0.18835466,0.29714401,4204,3249,-955
Siege_of_Port_Hudson,0.18835466,0.29714401,4205,3250,-955
Siege_of_Suffolk,0.18835466,0.29714401,4206,3251,-955
Siege_of_Yorktown_(1862),0.18835466,0.29714401,4207,3252,-955
St._Albans_Raid,0.18835466,0.29714401,4208,3253,-955
Stoneman%27s_1863_Raid,0.18835466,0.29714401,4209,3254,-955
Third_Battle_of_Murfreesboro,0.18835466,0.29714401,4210,3255,-955
Third_Battle_of_Petersburg,0.18835466,0.29714401,4211,3256,-955
Tullahoma_Campaign,0.18835466,0.29714401,4212,3257,-955
Union_blockade,0.18835466,0.29714401,4213,3258,-955
Wheeler%27s_October_1863_Raid,0.18835466,0.29714401,4214,3259,-955
Second_Intifada,0.18831835,0.23195976,4215,5463,1248
China_Academy_of_Space_Technology,0.18825413,0.31394115,4216,2703,-1513
China_Mobile,0.18825413,0.31394115,4217,2704,-1513
China_National_Space_Administration,0.18825413,0.31394115,4218,2705,-1513
China_Radio_International,0.18825413,0.31394115,4219,2706,-1513
China_Unicom,0.18825413,0.31394115,4220,2707,-1513
Jinjiang_International,0.18825413,0.31394115,4221,2708,-1513
Red_Cross_Society_of_China,0.18825413,0.31394115,4222,2709,-1513
Johnson_South_Reef,0.18813610,0.29577544,4223,3298,-925
TVBS,0.18806279,0.31295252,4224,2727,-1497
Bombing_of_Singapore_(1941),0.18801201,0.23534064,4225,5292,1067
Operation_Kryptonite,0.18798564,0.27943236,4226,3652,-574
Pozna%C5%84,0.18795024,0.24213337,4227,4851,624
Regierungsbezirk_Posen_(Wartheland),0.18795024,0.24213337,4228,4852,624
Zaki_al-Arsuzi,0.18779964,0.22979901,4229,5494,1265
Paraguayan_Civil_War,0.18779942,0.27834570,4230,3680,-550
Stanley_Rosen,0.18775913,0.21121281,4231,6095,1864
Battle_of_St._Quentin_Canal,0.18775453,0.28263627,4232,3581,-651
Kevin_Young_(poet),0.18774709,0.21266326,4233,6048,1815
Bombing_of_Rabaul_(November_1943),0.18769566,0.27976129,4234,3641,-593
Bougainville_Campaign,0.18769566,0.27976129,4235,3642,-593
New_Georgia_Campaign,0.18769566,0.27976129,4236,3643,-593
Operation_Ke,0.18769566,0.27976129,4237,3644,-593
Chamorro_language,0.18768154,0.29737444,4238,2937,-1301
Chamorro_phrasebook,0.18768154,0.29737444,4239,2938,-1301
Maputo,0.18755257,0.26816568,4240,3898,-342
Western_theater_of_the_American_Revolutionary_War,0.18751794,0.27170925,4241,3814,-427
Action_at_Mount_Zion_Church,0.18749598,0.29481383,4242,3311,-931
Apache_Wars,0.18749598,0.29481383,4243,3312,-931
Atlanta_Campaign,0.18749598,0.29481383,4244,3313,-931
Battle_of_Adairsville,0.18749598,0.29481383,4245,3314,-931
Battle_of_Albemarle_Sound,0.18749598,0.29481383,4246,3315,-931
Battle_of_Altamaha_Bridge,0.18749598,0.29481383,4247,3316,-931
Battle_of_Aquia_Creek,0.18749598,0.29481383,4248,3317,-931
Battle_of_Arkansas_Post,0.18749598,0.29481383,4249,3318,-931
Battle_of_Bayou_Bourbeux,0.18749598,0.29481383,4250,3319,-931
Battle_of_Bayou_Fourche,0.18749598,0.29481383,4251,3320,-931
Battle_of_Blair%27s_Landing,0.18749598,0.29481383,4252,3321,-931
Battle_of_Bulltown,0.18749598,0.29481383,4253,3322,-931
Battle_of_Cane_Hill,0.18749598,0.29481383,4254,3323,-931
Battle_of_Collierville,0.18749598,0.29481383,4255,3324,-931
Battle_of_Corrick%27s_Ford,0.18749598,0.29481383,4256,3325,-931
Battle_of_Corydon,0.18749598,0.29481383,4257,3326,-931
Battle_of_Culpeper_Court_House,0.18749598,0.29481383,4258,3327,-931
Battle_of_Dallas,0.18749598,0.29481383,4259,3328,-931
Battle_of_Elizabeth_City,0.18749598,0.29481383,4260,3329,-931
Battle_of_Elkin%27s_Ferry,0.18749598,0.29481383,4261,3330,-931
Battle_of_Fort_Blair,0.18749598,0.29481383,4262,3331,-931
Battle_of_Fort_De_Russy,0.18749598,0.29481383,4263,3332,-931
Battle_of_Fort_Myers,0.18749598,0.29481383,4264,3333,-931
Battle_of_Fort_Stevens,0.18749598,0.29481383,4265,3334,-931
Battle_of_Fort_Sumter,0.18749598,0.29481383,4266,3335,-931
Battle_of_Franklin%27s_Crossing,0.18749598,0.29481383,4267,3336,-931
Battle_of_Franklin_(1864),0.18749598,0.29481383,4268,3337,-931
Battle_of_Glorieta_Pass,0.18749598,0.29481383,4269,3338,-931
Battle_of_Harpers_Ferry,0.18749598,0.29481383,4270,3339,-931
Battle_of_Jenkins%27_Ferry,0.18749598,0.29481383,4271,3340,-931
Battle_of_Loudoun_Heights,0.18749598,0.29481383,4272,3341,-931
Battle_of_Mansfield,0.18749598,0.29481383,4273,3342,-931
Battle_of_Mansura,0.18749598,0.29481383,4274,3343,-931
Battle_of_Marianna,0.18749598,0.29481383,4275,3344,-931
Battle_of_Mine_Creek,0.18749598,0.29481383,4276,3345,-931
Battle_of_Monett%27s_Ferry,0.18749598,0.29481383,4277,3346,-931
Battle_of_Moore%27s_Mill,0.18749598,0.29481383,4278,3347,-931
Battle_of_Namozine_Church,0.18749598,0.29481383,4279,3348,-931
Battle_of_New_Hope_Church,0.18749598,0.29481383,4280,3349,-931
Battle_of_Old_River_Lake,0.18749598,0.29481383,4281,3350,-931
Battle_of_Peralta,0.18749598,0.29481383,4282,3351,-931
Battle_of_Pine_Bluff,0.18749598,0.29481383,4283,3352,-931
Battle_of_Pleasant_Hill,0.18749598,0.29481383,4284,3353,-931
Battle_of_Plum_Point_Bend,0.18749598,0.29481383,4285,3354,-931
Battle_of_Poison_Spring,0.18749598,0.29481383,4286,3355,-931
Battle_of_Prairie_D%27Ane,0.18749598,0.29481383,4287,3356,-931
Battle_of_Rocky_Face_Ridge,0.18749598,0.29481383,4288,3357,-931
Battle_of_Saint_Charles,0.18749598,0.29481383,4289,3358,-931
Battle_of_Salyersville,0.18749598,0.29481383,4290,3359,-931
Battle_of_Spring_Hill,0.18749598,0.29481383,4291,3360,-931
Battle_of_Suffolk_(Hill%27s_Point),0.18749598,0.29481383,4292,3361,-931
Battle_of_Tebbs_Bend,0.18749598,0.29481383,4293,3362,-931
Battle_of_Tupelo,0.18749598,0.29481383,4294,3363,-931
Battle_of_Valverde,0.18749598,0.29481383,4295,3364,-931
Battle_of_Yellow_Bayou,0.18749598,0.29481383,4296,3365,-931
Battle_of_Young%27s_Point,0.18749598,0.29481383,4297,3366,-931
Battle_of_Port_Royal,0.18749598,0.29481383,4298,3367,-931
Fight_at_Aldie,0.18749598,0.29481383,4299,3368,-931
First_Battle_of_Charleston_Harbor,0.18749598,0.29481383,4300,3369,-931
First_Battle_of_Mesilla,0.18749598,0.29481383,4301,3370,-931
George%27s_Schoolhouse_Raid,0.18749598,0.29481383,4302,3371,-931
Heaton%27s_Crossroads,0.18749598,0.29481383,4303,3372,-931
Jones-Imboden_Raid,0.18749598,0.29481383,4304,3373,-931
Manassas_Station_Operations_(Stonewall_Jackson),0.18749598,0.29481383,4305,3374,-931
New_Mexico_Campaign,0.18749598,0.29481383,4306,3375,-931
Northern_Virginia_Campaign,0.18749598,0.29481383,4307,3376,-931
Peninsula_Campaign,0.18749598,0.29481383,4308,3377,-931
Red_River_Campaign,0.18749598,0.29481383,4309,3378,-931
Second_Battle_of_Auburn,0.18749598,0.29481383,4310,3379,-931
Second_Battle_of_Fort_Sumter,0.18749598,0.29481383,4311,3380,-931
Second_Battle_of_Memphis,0.18749598,0.29481383,4312,3381,-931
Second_Battle_of_Sabine_Pass,0.18749598,0.29481383,4313,3382,-931
Second_Dranesville,0.18749598,0.29481383,4314,3383,-931
Siege_of_Fort_Gaines,0.18749598,0.29481383,4315,3384,-931
Siege_of_Fort_Morgan,0.18749598,0.29481383,4316,3385,-931
Skirmish_at_Island_Mound,0.18749598,0.29481383,4317,3386,-931
Skirmish_at_Miskel_Farm,0.18749598,0.29481383,4318,3387,-931
Skirmish_of_Sporting_Hill,0.18749598,0.29481383,4319,3388,-931
The_Affair_at_Glenmore_Farm,0.18749598,0.29481383,4320,3389,-931
The_Burning_Raid,0.18749598,0.29481383,4321,3390,-931
The_Fight_at_Waterford,0.18749598,0.29481383,4322,3391,-931
The_Harmony_Skirmish,0.18749598,0.29481383,4323,3392,-931
Houaphanh_Province,0.18749357,0.24885633,4324,4671,347
Phou_Pha_Thi,0.18749357,0.24885633,4325,4672,347
Peach_Tree_War,0.18748719,0.22222747,4326,5708,1382
Standard_Chinese,0.18746404,0.46006204,4327,1561,-2766
Debrecen,0.18746288,0.22980512,4328,5493,1165
Eindhoven,0.18729732,0.23798558,4329,5238,909
Haidian_District,0.18727324,0.23894999,4330,5225,895
Operation_Entebbe,0.18724921,0.26332010,4331,4048,-283
Makassar_Strait,0.18719360,0.24431496,4332,4771,439
Tianjin,0.18714826,0.21426553,4333,5991,1658
Ukrainian_hryvnia,0.18714420,0.32574768,4334,2551,-1783
Bpost,0.18712536,0.26477118,4335,4030,-305
Battle_of_Bussaco,0.18712259,0.25218469,4336,4369,33
Battle_of_Angamos,0.18710740,0.25972083,4337,4096,-241
Battle_of_Arica,0.18710740,0.25972083,4338,4097,-241
Battle_of_Buin,0.18710740,0.25972083,4339,4098,-241
Battle_of_Chipana,0.18710740,0.25972083,4340,4099,-241
Battle_of_Huamachuco,0.18710740,0.25972083,4341,4100,-241
Battle_of_La_Concepci%C3%B3n,0.18710740,0.25972083,4342,4101,-241
Battle_of_Los_%C3%81ngeles,0.18710740,0.25972083,4343,4102,-241
Battle_of_Miraflores,0.18710740,0.25972083,4344,4103,-241
Battle_of_Punta_Gruesa,0.18710740,0.25972083,4345,4104,-241
Battle_of_Tarapac%C3%A1,0.18710740,0.25972083,4346,4105,-241
Battle_of_Yungay,0.18710740,0.25972083,4347,4106,-241
Bombardment_of_Callao,0.18710740,0.25972083,4348,4107,-241
War_of_the_Confederation,0.18710740,0.25972083,4349,4108,-241
Italian_War_of_1521%201326,0.18710439,0.25295477,4350,4295,-55
Battle_of_Longwoods,0.18705379,0.26685508,4351,3923,-428
Battle_of_Malcolm%27s_Mills,0.18705379,0.26685508,4352,3924,-428
Battle_of_Queenston_Heights,0.18705379,0.26685508,4353,3925,-428
Siege_of_Detroit,0.18705379,0.26685508,4354,3926,-428
Swiss_franc,0.18694107,0.30365830,4355,2854,-1501
Kursk,0.18692087,0.21246056,4356,6064,1708
Lord%27s_Resistance_Army_insurgency,0.18691588,0.28319006,4357,3574,-783
Shanggao_County,0.18688475,0.25052114,4358,4504,146
Battle_of_Szina,0.18688351,0.23300857,4359,5400,1041
Battle_of_Tarcal,0.18688351,0.23300857,4360,5401,1041
Second_Opium_War,0.18688306,0.26946679,4361,3887,-474
Taiping_Rebellion,0.18688306,0.26946679,4362,3888,-474
Albuquerque_International_Sunport,0.18688212,0.26575776,4363,3951,-412
B%C3%A9char_Province,0.18688158,0.28496703,4364,3537,-827
Departments_of_France,0.18688158,0.28496703,4365,3538,-827
Tindouf_Province,0.18688158,0.28496703,4366,3539,-827
Insurgency_in_Northeast_India,0.18688014,0.28435554,4367,3550,-817
Operation_Enduring_Freedom_%2013_Philippines,0.18687113,0.25701728,4368,4180,-188
Walter_Kaufmann_(philosopher),0.18686504,0.20478767,4369,6268,1899
Voltaire,0.18685104,0.20617394,4370,6229,1859
Caribbean_theater_of_the_American_Revolutionary_War,0.18684604,0.27092120,4371,3835,-536
Naval_operations_in_the_American_Revolutionary_War,0.18684604,0.27092120,4372,3836,-536
Andr%C3%A9_Malraux,0.18679991,0.20160025,4373,6428,2055
Second_Liberian_Civil_War,0.18679803,0.27256400,4374,3801,-573
BSFA_Award,0.18678894,0.22713139,4375,5548,1173
Kozienice,0.18676765,0.23651784,4376,5269,893
Studzianki_Pancerne,0.18676765,0.23651784,4377,5270,893
Cambodian%2013Thai_border_dispute,0.18676034,0.30683459,4378,2793,-1585
George_Hourani,0.18671386,0.20558062,4379,6241,1862
Ibn_Babawayh,0.18669954,0.20594909,4380,6236,1856
2004_Nazran_raid,0.18668281,0.27694096,4381,3689,-692
Battle_for_Height_776,0.18668281,0.27694096,4382,3690,-692
Battle_for_Vedeno_(2001),0.18668281,0.27694096,4383,3691,-692
Battle_of_Grozny_(1994%201395),0.18668281,0.27694096,4384,3692,-692
Battle_of_Grozny_(1999%20132000),0.18668281,0.27694096,4385,3693,-692
Battle_of_Grozny_(November_1994),0.18668281,0.27694096,4386,3694,-692
Battle_of_Komsomolskoye,0.18668281,0.27694096,4387,3695,-692
First_Chechen_War,0.18668281,0.27694096,4388,3696,-692
Galashki_ambush,0.18668281,0.27694096,4389,3697,-692
Kizlyar-Pervomayskoye_hostage_crisis,0.18668281,0.27694096,4390,3698,-692
Second_Chechen_War,0.18668281,0.27694096,4391,3699,-692
Shatoy_ambush,0.18668281,0.27694096,4392,3700,-692
Battle_of_Romani,0.18664693,0.27570664,4393,3750,-643
Hanko,0.18664080,0.23654806,4394,5265,871
Hanko_Peninsula,0.18664080,0.23654806,4395,5266,871
Salla,0.18664080,0.23654806,4396,5267,871
Lake_Tolvayarvi,0.18664080,0.23654806,4397,5268,871
Battle_of_Babang,0.18663928,0.28811999,4398,3485,-913
Battle_of_Kindau,0.18663928,0.28811999,4399,3486,-913
Battle_of_Sungei_Koemba,0.18663928,0.28811999,4400,3487,-913
Operation_Sumatra_Assist,0.18663928,0.28811999,4401,3488,-913
Maurice_Bishop_International_Airport,0.18657063,0.24611468,4402,4747,345
Prvoslav_Vuj%C4%8Di%C4%87,0.18656611,0.20650927,4403,6217,1814
Cape_St._Vincent,0.18656372,0.21659774,4404,5926,1522
Birmingham%2013Shuttlesworth_International_Airport,0.18655807,0.26583435,4405,3950,-455
Battle_of_Dollar,0.18645992,0.23931100,4406,5219,813
"Shush,_Iran",0.18645438,0.28661279,4407,3514,-893
Uskok_War,0.18639170,0.25344768,4408,4283,-125
Battle_of_Seminara,0.18638754,0.25377010,4409,4279,-130
Battle_of_Bita_Paka,0.18631966,0.23097438,4410,5472,1062
Aitape%2013Wewak_campaign,0.18630669,0.27881414,4411,3669,-742
Invasion_of_Tulagi_(May_1942),0.18630669,0.27881414,4412,3670,-742
Koli_Point_action,0.18630669,0.27881414,4413,3671,-742
Jim_Morrison,0.18630473,0.20379839,4414,6279,1865
Saudi%2013Yemeni_War,0.18620006,0.27003729,4415,3879,-536
Battle_of_Fleurus_(1794),0.18619543,0.23914639,4416,5222,806
Boris_Groys,0.18618341,0.20872093,4417,6165,1748
David_Conyers,0.18613347,0.20639048,4418,6220,1802
Battle_of_Surabaya,0.18612218,0.28373892,4419,3556,-863
Senussi_Campaign,0.18609387,0.25948702,4420,4113,-307
Mez%C5%91keresztes,0.18603408,0.23378358,4421,5360,939
F.C._Ararat_Tehran,0.18602557,0.28752269,4422,3496,-926
Iran_Electronics_Industries,0.18602557,0.28752269,4423,3497,-926
R%C3%B6ssing_uranium_mine,0.18602557,0.28752269,4424,3498,-926
Bootham_Crescent,0.18601597,0.19312284,4425,6716,2291
Fulfordgate,0.18601597,0.19312284,4426,6717,2291
Battle_of_Colenso,0.18600727,0.23481045,4427,5296,869
Broome,0.18600015,0.24501184,4428,4759,331
Sunda_Strait,0.18600015,0.24501184,4429,4760,331
Battles_of_Narvik,0.18589177,0.25214128,4430,4370,-60
Norwegian_Campaign,0.18589177,0.25214128,4431,4371,-60
Gerald_R._Ford_International_Airport,0.18585618,0.26303801,4432,4057,-375
War_of_the_Pyrenees,0.18581762,0.25078383,4433,4396,-37
Orhan_Pamuk,0.18578720,0.20089288,4434,6464,2030
Jalalabad,0.18576862,0.27993095,4435,3639,-796
Battle_of_Velletri_(1744),0.18576217,0.25248982,4436,4300,-136
Northeast_China,0.18574749,0.23184932,4437,5465,1028
Battle_of_Heiligerlee_(1568),0.18574453,0.27092172,4438,3827,-611
Battle_of_Jemmingen,0.18574453,0.27092172,4439,3828,-611
Battle_of_Jodoigne,0.18574453,0.27092172,4440,3829,-611
Battle_of_Mookerheyde,0.18574453,0.27092172,4441,3830,-611
Java_War,0.18574453,0.27092172,4442,3832,-610
Siege_of_Alkmaar,0.18574453,0.27092172,4443,3834,-609
Abu-Ageila,0.18572261,0.23352847,4444,5382,938
Green_Island_(Egypt),0.18572261,0.23352847,4445,5383,938
Joy_Williams_(American_writer),0.18570931,0.20133726,4446,6436,1990
wordnet_hydrocarbon_114911057,0.18567422,0.38140193,4447,2055,-2392
Corfu_Channel_incident,0.18563581,0.20929872,4448,6156,1708
National_Monument_(Indonesia),0.18560014,0.26675738,4449,3931,-518
PSIR_Rembang,0.18560014,0.26675738,4450,3932,-518
PSIS_Semarang,0.18560014,0.26675738,4451,3933,-518
PSP_Padang,0.18560014,0.26675738,4452,3934,-518
Persiku_Kudus,0.18560014,0.26675738,4453,3935,-518
West_Estonian_archipelago,0.18558753,0.22436154,4454,5613,1159
John_W._Campbell_Memorial_Award_for_Best_Science_Fiction_Novel,0.18556953,0.21858497,4455,5847,1392
Bhatsa_Dam,0.18554518,0.26562328,4456,3973,-483
Morbe_Dam,0.18554518,0.26562328,4457,3974,-483
Panshet_Dam,0.18554518,0.26562328,4458,3975,-483
Ujjani_Dam,0.18554518,0.26562328,4459,3976,-483
Waghur_Dam,0.18554518,0.26562328,4460,3977,-483
KwaZulu-Natal,0.18554130,0.21652963,4461,5930,1469
Chambois,0.18553394,0.23557423,4462,5287,825
Great_Siege_of_Malta,0.18550697,0.26164094,4463,4074,-389
Heiligerlee,0.18549110,0.22676115,4464,5555,1091
Jemgum,0.18549110,0.22676115,4465,5556,1091
Battle_of_Hamel,0.18548640,0.27631717,4466,3706,-760
Owen_Roberts_International_Airport,0.18548100,0.26234081,4467,4065,-402
"Long_T%C3%A2n,_B%C3%A0_R%E1%BB%8Ba%2013V%C5%A9ng_T%C3%A0u",0.18543414,0.23394858,4468,5356,888
Second_Schleswig_War,0.18541742,0.23750147,4469,5256,787
Badaber_Uprising,0.18538433,0.27311703,4470,3792,-678
Northern_Dvina_River,0.18538038,0.23552186,4471,5288,817
Tulgas,0.18538038,0.23552186,4472,5289,817
Yser,0.18529554,0.23415012,4473,5342,869
Theodor_W._Adorno,0.18527452,0.20300222,4474,6371,1897
Swaziland,0.18527250,0.30086580,4475,2897,-1578
Cassinga,0.18523898,0.23024857,4476,5487,1011
Lingayen_Gulf,0.18522918,0.23111360,4477,5471,994
"Atimonan,_Quezon",0.18519467,0.26492069,4478,4007,-471
Battle_of_Bataan,0.18519467,0.26492069,4479,4008,-471
Battle_of_Bataan_(1945),0.18519467,0.26492069,4480,4009,-471
Battle_of_Corregidor,0.18519467,0.26492069,4481,4010,-471
Battle_of_Manila_(1945),0.18519467,0.26492069,4482,4011,-471
Battle_of_Mindanao,0.18519467,0.26492069,4483,4012,-471
Battle_of_Mindoro,0.18519467,0.26492069,4484,4013,-471
Battle_of_the_Visayas,0.18519467,0.26492069,4485,4014,-471
"Jalajala,_Rizal",0.18519467,0.26492069,4486,4015,-471
Japanese_occupation_of_the_Philippines,0.18519467,0.26492069,4487,4016,-471
"Mayoyao,_Ifugao",0.18519467,0.26492069,4488,4017,-471
"Nampicuan,_Nueva_Ecija",0.18519467,0.26492069,4489,4018,-471
Philippines_Campaign_(1941%201342),0.18519467,0.26492069,4490,4019,-471
Raid_at_Cabanatuan,0.18519467,0.26492069,4491,4020,-471
Raid_at_Los_Ba%C3%B1os,0.18519467,0.26492069,4492,4021,-471
Zamboanga_(province),0.18519467,0.26492069,4493,4022,-471
Battle_of_Boulou,0.18519225,0.24950355,4494,4564,70
Battle_of_San_Lorenzo_de_la_Muga,0.18519225,0.24950355,4495,4565,70
War_of_the_Oranges,0.18519225,0.24950355,4496,4566,70
Biak,0.18517029,0.22658599,4497,5558,1061
Battle_of_Belleau_Wood,0.18516319,0.27093672,4498,3826,-672
Italian_campaign_of_1524%201325,0.18516043,0.25444068,4499,4260,-239
Battle_of_Soissons_(1918),0.18513617,0.27312827,4500,3791,-709
Electorate_of_Cologne,0.18513397,0.22196072,4501,5709,1208
Cheddi_Jagan_International_Airport,0.18505311,0.25114880,4502,4388,-114
Rungnado_May_Day_Stadium,0.18505272,0.27378423,4503,3780,-723
Battle_of_Gang_Toi,0.18505183,0.27171944,4504,3811,-693
Battle_of_Xa_Cam_My,0.18505183,0.27171944,4505,3812,-693
Battle_of_Pelee_Island,0.18499971,0.22974184,4506,5495,989
Short_Hills_Raid,0.18499971,0.22974184,4507,5496,989
Battles_of_the_Kinarot_Valley,0.18497809,0.23458638,4508,5304,796
Operation_Hiram,0.18497809,0.23458638,4509,5305,796
Demyansk,0.18494841,0.21134519,4510,6091,1581
Rhodesia,0.18493469,0.26896488,4511,3891,-620
First_Iraqi%2013Kurdish_War,0.18492178,0.27726907,4512,3684,-828
Oil_Campaign_of_World_War_II,0.18491687,0.26629190,4513,3946,-567
Battle_of_Fort_Eben-Emael,0.18491561,0.27346668,4514,3785,-729
Ciudad_Real,0.18489265,0.22260682,4515,5672,1157
Taedong_River,0.18485987,0.22550118,4516,5587,1071
Bremen_(state),0.18483375,0.24461488,4517,4764,247
Flesland,0.18482411,0.25231735,4518,4368,-150
Low_German,0.18482173,0.38612832,4519,2034,-2485
North_Frisian_language,0.18482173,0.38612832,4520,2035,-2485
Afsluitdijk,0.18477212,0.22922488,4521,5503,982
Kornwerderzand,0.18477212,0.22922488,4522,5504,982
Grebbeberg,0.18477212,0.22922488,4523,5505,982
C%E1%BB%A7_Chi_District,0.18476564,0.23126887,4524,5469,945
Alexander_Nehamas,0.18472899,0.20610263,4525,6230,1705
"Allen,_Oklahoma",0.18468651,0.23419080,4526,5311,785
"Atoka_County,_Oklahoma",0.18468651,0.23419080,4527,5312,785
Baker_County_(Florida),0.18468651,0.23419080,4528,5313,785
"Harnett_County,_North_Carolina",0.18468651,0.23419080,4529,5314,785
"Decatur,_Alabama",0.18468651,0.23419080,4530,5315,785
"Gainesville,_Florida",0.18468651,0.23419080,4531,5316,785
Gainesville_(Florida),0.18468651,0.23419080,4532,5317,785
James_Island_(South_Carolina),0.18468651,0.23419080,4533,5318,785
"McIntosh_County,_Oklahoma",0.18468651,0.23419080,4534,5319,785
"Muskogee_County,_Oklahoma",0.18468651,0.23419080,4535,5320,785
"Bedford_County,_Tennessee",0.18468651,0.23419080,4536,5321,785
"Benton_County,_Tennessee",0.18468651,0.23419080,4537,5322,785
"New_Johnsonville,_Tennessee",0.18468651,0.23419080,4538,5323,785
"Pulaski_County,_Kentucky",0.18468651,0.23419080,4539,5324,785
"Wayne_County,_Kentucky",0.18468651,0.23419080,4540,5325,785
"Woodville,_Florida",0.18468651,0.23419080,4541,5326,785
Fort_Wayne_(Indian_Territory),0.18468651,0.23419080,4542,5327,785
"Baker_County,_Florida",0.18468651,0.23419080,4543,5328,785
"Benton_County,_Arkansas",0.18468651,0.23419080,4544,5329,785
"Gordon_County,_Georgia",0.18468651,0.23419080,4545,5330,785
"Selma,_Alabama",0.18468651,0.23419080,4546,5331,785
Selma_(Alabama),0.18468651,0.23419080,4547,5332,785
Pitt_County,0.18468651,0.23419080,4548,5333,785
"Pitt_County,_North_Carolina",0.18468651,0.23419080,4549,5334,785
"Kinston,_North_Carolina",0.18468651,0.23419080,4550,5335,785
"Beaufort,_North_Carolina",0.18468651,0.23419080,4551,5336,785
Eastern_Kentucky_Coalfield,0.18468651,0.23419080,4552,5337,785
"Campbell_County,_Kentucky",0.18468651,0.23419080,4553,5338,785
"Kenton_County,_Kentucky",0.18468651,0.23419080,4554,5339,785
Morris_Island,0.18468651,0.23419080,4555,5340,785
"East_Feliciana_Parish,_Louisiana",0.18468651,0.23419080,4556,5341,785
Calvados,0.18464805,0.21091722,4557,6112,1555
"Flushing,_Queens",0.18460597,0.20753850,4558,6194,1636
Battle_of_Francavilla,0.18453506,0.25316040,4559,4290,-269
Battle_of_Milazzo_(1718),0.18453506,0.25316040,4560,4291,-269
"Aldie,_Virginia",0.18452838,0.23353058,4561,5374,813
Arkansas_Post,0.18452838,0.23353058,4562,5375,813
"Dare_County,_North_Carolina",0.18452838,0.23353058,4563,5376,813
"Clark_County,_Arkansas",0.18452838,0.23353058,4564,5377,813
"Sabine_Parish,_Louisiana",0.18452838,0.23353058,4565,5378,813
White_River_(Arkansas),0.18452838,0.23353058,4566,5379,813
"Taylor_County,_Kentucky",0.18452838,0.23353058,4567,5380,813
"Waterford,_Virginia",0.18452838,0.23353058,4568,5381,813
Nagykanizsa%2013K%C3%B6rmend_Offensive,0.18445866,0.24439938,4569,4770,201
H%C3%A9l%C3%A8ne_Cixous,0.18442218,0.20371546,4570,6280,1710
Gabon,0.18441992,0.21891661,4571,5839,1268
Ken_Kesey,0.18441255,0.19940271,4572,6522,1950
"Dinuba,_California",0.18439793,0.20488721,4573,6257,1684
Guilin,0.18439716,0.27296233,4574,3794,-780
Liuzhou,0.18439716,0.27296233,4575,3795,-780
"Shanksville,_Pennsylvania",0.18439346,0.20100000,4576,6461,1885
Invasion_of_Yugoslavia,0.18439181,0.21616606,4577,5938,1361
"Bergen_Airport,_Flesland",0.18437976,0.25557070,4578,4243,-335
August_Uprising,0.18435844,0.22706021,4579,5549,970
Seminara,0.18432425,0.22190153,4580,5710,1130
Bita_Paka,0.18431175,0.21544274,4581,5961,1380
Gavutu,0.18430937,0.22899734,4582,5511,929
Karl_Marx,0.18428664,0.20270715,4583,6379,1796
Surabaya,0.18427539,0.23039269,4584,5482,898
Battle_of_Mogadishu_(1993),0.18425314,0.29025226,4585,3445,-1140
D._H._Lawrence,0.18424108,0.19840920,4586,6554,1968
Battle_of_Alavus,0.18422451,0.26805798,4587,3899,-688
Battle_of_Jutas,0.18422451,0.26805798,4588,3900,-688
Battle_of_Kauhajoki,0.18422451,0.26805798,4589,3901,-688
Battle_of_Koljonvirta,0.18422451,0.26805798,4590,3902,-688
Battle_of_Lapua,0.18422451,0.26805798,4591,3903,-688
Battle_of_Lemo,0.18422451,0.26805798,4592,3904,-688
Battle_of_Nykarleby,0.18422451,0.26805798,4593,3905,-688
Battle_of_Oravais,0.18422451,0.26805798,4594,3906,-688
Battle_of_Pulkkila,0.18422451,0.26805798,4595,3907,-688
Battle_of_Pyh%C3%A4joki,0.18422451,0.26805798,4596,3908,-688
Battle_of_Reval,0.18422451,0.26805798,4597,3909,-688
Battle_of_Revolax,0.18422451,0.26805798,4598,3910,-688
Battle_of_Siikajoki,0.18422451,0.26805798,4599,3911,-688
Battle_of_Vaasa,0.18422451,0.26805798,4600,3912,-688
Battle_of_Vyborg_Bay_(1790),0.18422451,0.26805798,4601,3913,-688
Velletri,0.18420909,0.22153878,4602,5716,1114
May_2006_S%C3%A3o_Paulo_violence,0.18416273,0.22637768,4603,5565,962
"Hamel,_Nord",0.18415831,0.22828986,4604,5518,914
"Le_Hamel,_Somme",0.18415831,0.22828986,4605,5519,914
Badaber,0.18413951,0.22738316,4606,5543,937
Prince-Bishopric_of_Li%C3%A8ge,0.18411747,0.21854237,4607,5848,1241
Battle_of_Port_Lyautey,0.18411145,0.26215255,4608,4069,-539
Bataan_Peninsula,0.18410458,0.22506086,4609,5593,984
Cabanatuan,0.18410458,0.22506086,4610,5594,984
Admiralty_Islands_campaign,0.18406558,0.27030350,4611,3848,-763
Battle_of_Arawe,0.18406558,0.27030350,4612,3849,-763
Battle_of_Biak,0.18406558,0.27030350,4613,3850,-763
Battle_of_Buna%2013Gona,0.18406558,0.27030350,4614,3851,-763
Battle_of_Cape_Gloucester,0.18406558,0.27030350,4615,3852,-763
Battle_of_Kaiapit,0.18406558,0.27030350,4616,3853,-763
Battle_of_Leyte_Gulf,0.18406558,0.27030350,4617,3854,-763
Battle_of_Milne_Bay,0.18406558,0.27030350,4618,3855,-763
Battle_of_North_Borneo,0.18406558,0.27030350,4619,3856,-763
Battle_of_Rennell_Island,0.18406558,0.27030350,4620,3857,-763
Battle_of_Savo_Island,0.18406558,0.27030350,4621,3858,-763
Battle_of_Wau,0.18406558,0.27030350,4622,3859,-763
Battle_of_the_Bismarck_Sea,0.18406558,0.27030350,4623,3860,-763
Battle_of_the_Coral_Sea,0.18406558,0.27030350,4624,3861,-763
Battle_of_the_Eastern_Solomons,0.18406558,0.27030350,4625,3862,-763
Bombing_of_Darwin,0.18406558,0.27030350,4626,3863,-763
Bombing_of_Wewak,0.18406558,0.27030350,4627,3864,-763
Finisterre_Range_campaign,0.18406558,0.27030350,4628,3865,-763
Huon_Peninsula_campaign,0.18406558,0.27030350,4629,3866,-763
Invasion_of_Salamaua%2013Lae,0.18406558,0.27030350,4630,3867,-763
Kokoda_Track_campaign,0.18406558,0.27030350,4631,3868,-763
Landing_at_Nassau_Bay,0.18406558,0.27030350,4632,3869,-763
Landing_at_Saidor,0.18406558,0.27030350,4633,3870,-763
Operation_Dexterity,0.18406558,0.27030350,4634,3871,-763
Raid_on_Choiseul,0.18406558,0.27030350,4635,3872,-763
Salamaua%2013Lae_campaign,0.18406558,0.27030350,4636,3873,-763
Upper_Galilee,0.18406470,0.21646614,4637,5934,1297
Adana_5_Ocak_Stadium,0.18404700,0.25425189,4638,4263,-375
Ankara_19_May%C4%B1s_Stadium,0.18404700,0.25425189,4639,4264,-375
Atat%C3%BCrk_Olympic_Stadium,0.18404700,0.25425189,4640,4266,-374
Bail%C3%A9n,0.18402087,0.21595072,4641,5942,1301
Midway_Islands,0.18400344,0.22053325,4642,5787,1145
Communist_Insurgency_War,0.18399220,0.29238958,4643,3424,-1219
Brazilian_real,0.18398495,0.34701320,4644,2371,-2273
Lao_kip,0.18396792,0.36568708,4645,2176,-2469
Philosophy_of_history,0.18395821,0.24187077,4646,4858,212
Kauhajoki,0.18392592,0.22594976,4647,5577,930
Iisalmi,0.18392592,0.22594976,4648,5578,930
Oravais,0.18392592,0.22594976,4649,5579,930
Pulkkila,0.18392592,0.22594976,4650,5580,930
Pyh%C3%A4joki,0.18392592,0.22594976,4651,5581,930
Vyborg,0.18392592,0.22594976,4652,5582,930
Kenitra,0.18390510,0.22427656,4653,5616,963
Michael_Hemmingson,0.18390051,0.19994496,4654,6497,1843
Mediterranean_region,0.18389944,0.22166746,4655,5715,1060
North_Borneo,0.18389665,0.22658599,4656,5559,903
Rennell_Island,0.18389665,0.22658599,4657,5560,903
"Nassau_Bay,_Papua_New_Guinea",0.18389665,0.22658599,4658,5561,903
Battle_of_Sullivan%27s_Island,0.18384425,0.22850288,4659,5516,857
Second_Battle_of_Zurich,0.18383393,0.24536764,4660,4754,94
"Fort_Worth,_Texas",0.18379860,0.20725399,4661,6203,1542
Mengjiang,0.18377282,0.23767472,4662,5251,589
Sakhalin,0.18377282,0.23767472,4663,5252,589
Uprising_of_1953_in_East_Germany,0.18376522,0.25399026,4664,4277,-387
Ferr%C3%A9z,0.18371121,0.20093144,4665,6463,1798
Canadian_dollar,0.18370544,0.29428251,4666,3406,-1260
"Fontenoy,_Aisne",0.18368109,0.22497499,4667,5601,934
Second_Battle_of_the_Marne,0.18368088,0.26592679,4668,3948,-720
Garris,0.18366647,0.21876879,4669,5840,1171
"Garris,_Pyr%C3%A9n%C3%A9es-Atlantiques",0.18366647,0.21876879,4670,5841,1171
Hendaye,0.18366647,0.21876879,4671,5842,1171
Larrun,0.18366647,0.21876879,4672,5843,1171
Nive,0.18366647,0.21876879,4673,5844,1171
Akto_County,0.18366519,0.23894999,4674,5223,549
Suizhou,0.18366519,0.23894999,4675,5224,549
2006_state_of_emergency_in_the_Philippines,0.18366287,0.27077229,4676,3840,-836
Iraq_spring_fighting_of_2004,0.18366287,0.27077229,4677,3841,-836
Oplan_HACKLE,0.18366287,0.27077229,4678,3842,-836
V%C3%A5gs%C3%B8y,0.18358557,0.21870216,4679,5846,1167
Battle_of_Gondar,0.18351867,0.27236637,4680,3804,-876
Czechoslovak_government-in-exile,0.18351248,0.23023581,4681,5488,807
"Battle_Ground,_Indiana",0.18349827,0.21825473,4682,5860,1178
Little_Bighorn_River,0.18349827,0.21825473,4683,5872,1189
"Franklin_County,_Idaho",0.18349827,0.21825473,4684,5877,1193
Aldous_Huxley,0.18348979,0.19967988,4685,6501,1816
Bitonto,0.18347540,0.21830096,4686,5855,1169
Oosterschelde,0.18341073,0.21839200,4687,5851,1164
Reimerswaal_(city),0.18341073,0.21839200,4688,5852,1164
Groenlo,0.18341073,0.21839200,4689,5853,1164
Kiriwina,0.18340978,0.22430747,4690,5614,924
Woodlark_Island,0.18340978,0.22430747,4691,5615,924
Po_(river),0.18340889,0.22350073,4692,5638,946
Po_Valley,0.18340889,0.22350073,4693,5639,946
Georges_Bataille,0.18338571,0.20065224,4694,6469,1775
Yad_Mordechai,0.18334477,0.21607494,4695,5940,1245
Shiloh_(Foote_novel),0.18330733,0.18390822,4696,6947,2251
Oruzgan,0.18327037,0.27970795,4697,3646,-1051
"San_Mateo,_Rizal",0.18327024,0.22069948,4698,5763,1065
"Plaridel,_Bulacan",0.18327024,0.22069948,4699,5764,1065
Isle_of_Portland,0.18326417,0.22312980,4700,5652,952
Lyme_Bay,0.18326417,0.22312980,4701,5653,952
Operation_Giant_Lance,0.18326276,0.26591106,4702,3949,-753
Michelle_Obama,0.18321409,0.18952064,4703,6811,2108
Guram_Dochanashvili,0.18320153,0.19721213,4704,6598,1894
Bekaa,0.18318517,0.22321855,4705,5647,942
Beqaa_Valley,0.18318517,0.22321855,4706,5648,942
Battle_of_Jerusalem_(1917),0.18318084,0.25747260,4707,4172,-535
Battle_of_Damascus_(1941),0.18317381,0.22002657,4708,5803,1095
Battle_of_Deir_ez-Zor,0.18317381,0.22002657,4709,5804,1095
Battle_of_Ramillies,0.18315155,0.23176160,4710,5466,756
Battle_of_Khushab,0.18313850,0.29603333,4711,3297,-1414
Yale_University,0.18313209,0.21445030,4712,5982,1270
R%C3%ADo_de_la_Plata,0.18306860,0.21992210,4713,5809,1096
Battle_of_Mbwila,0.18305800,0.24176233,4714,4860,146
New_England,0.18303830,0.22136673,4715,5723,1008
South_African_rand,0.18303804,0.28073029,4716,3600,-1116
"Nogales,_Arizona",0.18303371,0.22223712,4717,5705,988
"Nogales,_Sonora",0.18303371,0.22223712,4718,5706,988
Mau_Mau_Uprising,0.18294660,0.21509134,4719,5963,1244
"Chadds_Ford_Township,_Delaware_County,_Pennsylvania",0.18292313,0.22100398,4720,5740,1020
"Eutawville,_South_Carolina",0.18292313,0.22100398,4721,5741,1020
"Fort_Ann,_New_York",0.18292313,0.22100398,4722,5742,1020
"Washington_Heights,_Manhattan",0.18292313,0.22100398,4723,5743,1020
"Morningside_Heights,_Manhattan",0.18292313,0.22100398,4724,5744,1020
"Hubbardton,_Vermont",0.18292313,0.22100398,4725,5745,1020
New_Hampshire_Grants,0.18292313,0.22100398,4726,5746,1020
Long_Island,0.18292313,0.22100398,4727,5747,1020
"Ridgefield,_Connecticut",0.18292313,0.22100398,4728,5748,1020
"Westport,_Connecticut",0.18292313,0.22100398,4729,5749,1020
"Springfield_Township,_Union_County,_New_Jersey",0.18292313,0.22100398,4730,5750,1020
"Stony_Point,_New_York",0.18292313,0.22100398,4731,5751,1020
"East_Whiteland_Township,_Chester_County,_Pennsylvania",0.18292313,0.22100398,4732,5752,1020
Kips_Bay,0.18292313,0.22100398,4733,5753,1020
Dodecanese,0.18291754,0.21126967,4734,6093,1359
Battle_of_Ch%C3%A2teau-Thierry_(1918),0.18289506,0.26461763,4735,4032,-703
Meuse-Argonne_Offensive,0.18289506,0.26461763,4736,4033,-703
Third_Battle_of_the_Aisne,0.18289506,0.26461763,4737,4034,-703
Arracourt,0.18285146,0.22071845,4738,5759,1021
Cisterna_di_Latina,0.18285146,0.22071845,4739,5760,1021
Surinam_(Dutch_colony),0.18285146,0.22071845,4740,5761,1021
Jon_McGregor,0.18282930,0.19949855,4741,6514,1773
Battle_of_Qurna_(Iraq_War),0.18282791,0.25355388,4742,4282,-460
Battle_of_Albuera,0.18281566,0.24271338,4743,4826,83
Battle_of_Barrosa,0.18281566,0.24271338,4744,4827,83
Battle_of_Bayonne,0.18281566,0.24271338,4745,4828,83
Battle_of_Garris,0.18281566,0.24271338,4746,4829,83
Battle_of_Nivelle,0.18281566,0.24271338,4747,4830,83
Battle_of_Sorauren,0.18281566,0.24271338,4748,4831,83
Battle_of_Toulouse_(1814),0.18281566,0.24271338,4749,4832,83
Battle_of_Usagre,0.18281566,0.24271338,4750,4833,83
Battle_of_Vitoria,0.18281566,0.24271338,4751,4834,83
Battle_of_the_Bidassoa_(1813),0.18281566,0.24271338,4752,4835,83
Battle_of_the_Nive,0.18281566,0.24271338,4753,4836,83
Battle_of_the_Pyrenees,0.18281566,0.24271338,4754,4837,83
Siege_of_C%C3%A1diz,0.18281566,0.24271338,4755,4838,83
Battle_of_Suixian%2013Zaoyang,0.18280871,0.31394115,4756,2698,-2058
Battle_of_West_Henan%2013North_Hubei,0.18280871,0.31394115,4757,2699,-2058
Battle_of_the_Twin_Tunnels,0.18280871,0.31394115,4758,2700,-2058
Second_Taiwan_Strait_Crisis,0.18280871,0.31394115,4759,2710,-2049
Swatow_Operation,0.18280871,0.31394115,4760,2711,-2049
Xinjiang_raid,0.18280871,0.31394115,4761,2712,-2049
Alca%C3%B1iz,0.18278886,0.21595072,4762,5941,1179
Teruel,0.18278886,0.21595072,4763,5943,1180
Burgos,0.18278886,0.21595072,4764,5944,1180
Burgos_(city),0.18278886,0.21595072,4765,5945,1180
Cantabria,0.18278886,0.21595072,4766,5946,1180
Espinosa_de_los_Monteros,0.18278886,0.21595072,4767,5947,1180
Mar%C3%ADa_de_Huerva,0.18278886,0.21595072,4768,5948,1180
Salamanca,0.18278886,0.21595072,4769,5949,1180
Tamames,0.18278886,0.21595072,4770,5950,1180
Le%C3%B3n_(Spain),0.18278886,0.21595072,4771,5951,1180
Villafranca_del_Bierzo,0.18278886,0.21595072,4772,5952,1180
Peleliu,0.18277206,0.22053325,4773,5788,1015
B%C5%8Ds%C5%8D_Peninsula,0.18277206,0.22053325,4774,5789,1015
Tokyo_Bay,0.18277206,0.22053325,4775,5790,1015
Commander_Islands,0.18277206,0.22053325,4776,5791,1015
Cape_Torokina,0.18277206,0.22053325,4777,5792,1015
Ulithi,0.18277206,0.22053325,4778,5793,1015
Ionian_Islands,0.18276271,0.23589111,4779,5282,503
Nordic_Council%27s_Literature_Prize,0.18272658,0.21283191,4780,6047,1267
Siegfried_Line,0.18272125,0.21398038,4781,5995,1214
Beersheba,0.18270436,0.21813914,4782,5888,1106
Bautzen,0.18269928,0.22415815,4783,5618,835
Bay_of_Islands,0.18269790,0.22066607,4784,5786,1002
Kaspiysk,0.18268908,0.22018478,4785,5796,1011
Louisiana_(New_Spain),0.18267829,0.21574698,4786,5956,1170
Battle_of_Fire_Support_Base_Ripcord,0.18267758,0.26546869,4787,3980,-807
Battle_of_Hill_881,0.18267758,0.26546869,4788,3981,-807
Battle_of_Ia_Drang,0.18267758,0.26546869,4789,3982,-807
Con_Thien,0.18267758,0.26546869,4790,3983,-807
Gulf_of_Tonkin_incident,0.18267758,0.26546869,4791,3984,-807
McNamara_Line,0.18267758,0.26546869,4792,3985,-807
Operation_Buffalo_(1967),0.18267758,0.26546869,4793,3986,-807
Operation_End_Sweep,0.18267758,0.26546869,4794,3987,-807
Operation_Igloo_White,0.18267758,0.26546869,4795,3988,-807
Operation_Ivory_Coast,0.18267758,0.26546869,4796,3989,-807
Operation_Jefferson_Glenn,0.18267758,0.26546869,4797,3990,-807
Operation_Linebacker_II,0.18267758,0.26546869,4798,3991,-807
Operation_Niagara,0.18267758,0.26546869,4799,3992,-807
Operation_Patio,0.18267758,0.26546869,4800,3993,-807
Operation_Swift,0.18267758,0.26546869,4801,3994,-807
Operation_Union,0.18267758,0.26546869,4802,3995,-807
Project_Dye_Marker,0.18267758,0.26546869,4803,3996,-807
Tet_1969,0.18267758,0.26546869,4804,3997,-807
Helvetic_Republic,0.18265332,0.22469572,4805,5604,799
Writers_Guild_of_America_Award,0.18257015,0.21238373,4806,6065,1259
Allama_Iqbal_International_Airport,0.18256382,0.25549449,4807,4244,-563
Richard_Wright_(author),0.18252922,0.19882587,4808,6534,1726
Cyril_E._King_Airport,0.18250800,0.24889434,4809,4670,-139
Ulan-Ude,0.18249571,0.22777252,4810,5539,729
Ulan_Ude,0.18249571,0.22777252,4811,5540,729
Battle_of_Marsaglia,0.18247502,0.23776571,4812,5247,435
Battle_of_Staffarda,0.18247502,0.23776571,4813,5248,435
Siege_of_Turin_(1640),0.18247502,0.23776571,4814,5249,435
Cabo_de_Santa_Maria_(Faro),0.18245306,0.21540907,4815,5962,1147
Aden_Protectorate,0.18244144,0.22452225,4816,5607,791
Federation_of_South_Arabia,0.18244144,0.22452225,4817,5608,791
Protectorate_of_South_Arabia,0.18244144,0.22452225,4818,5609,791
Siege_of_Gaeta_(1734),0.18240347,0.24234248,4819,4850,31
Roberto_Mangabeira_Unger,0.18237908,0.19984707,4820,6498,1678
Battle_of_%C3%85ndalsnes,0.18237634,0.24247821,4821,4844,23
Operation_Archery,0.18237634,0.24247821,4822,4845,23
Operation_Claymore,0.18237634,0.24247821,4823,4846,23
"Chagai,_Pakistan",0.18233773,0.19904897,4824,6525,1701
Joseph_Campbell,0.18231077,0.19755264,4825,6583,1758
"Adobe_Walls,_Texas",0.18228518,0.21825473,4826,5856,1030
Al-Karmah,0.18228518,0.21825473,4827,5857,1030
Al-Qa%27im_(town),0.18228518,0.21825473,4828,5858,1030
"Balangiga,_Eastern_Samar",0.18228518,0.21825473,4829,5859,1030
"Morton,_Minnesota",0.18228518,0.21825473,4830,5861,1031
"Jasper_County,_Missouri",0.18228518,0.21825473,4831,5862,1031
"Frenchtown_Charter_Township,_Michigan",0.18228518,0.21825473,4832,5863,1031
River_Raisin,0.18228518,0.21825473,4833,5864,1031
Huamantla,0.18228518,0.21825473,4834,5865,1031
"Huamantla,_Tlaxcala",0.18228518,0.21825473,4835,5866,1031
"Dunn_County,_North_Dakota",0.18228518,0.21825473,4836,5867,1031
Dunn_County_(North_Dakota),0.18228518,0.21825473,4837,5868,1031
"Lincoln_County,_New_Mexico",0.18228518,0.21825473,4838,5869,1031
Lower_Sioux_Indian_Reservation,0.18228518,0.21825473,4839,5870,1031
Fort_Mercer,0.18228518,0.21825473,4840,5871,1031
"Gray_County,_Texas",0.18228518,0.21825473,4841,5873,1032
McClellan_Creek,0.18228518,0.21825473,4842,5874,1032
Chatham-Kent,0.18228518,0.21825473,4843,5875,1032
Moravian_Indian_Reserve_No._47,0.18228518,0.21825473,4844,5876,1032
Black_Hills,0.18228518,0.21825473,4845,5878,1033
Bozeman_Trail,0.18228518,0.21825473,4846,5879,1033
Pemaquid_Point_Light,0.18228518,0.21825473,4847,5880,1033
Diyala_Province,0.18228518,0.21825473,4848,5881,1033
Mazar-i-Sharif,0.18228518,0.21825473,4849,5882,1033
"Tulelake,_California",0.18228518,0.21825473,4850,5883,1033
"Powder_River_County,_Montana",0.18228518,0.21825473,4851,5884,1033
Colorado_Territory,0.18228518,0.21825473,4852,5885,1033
"Kiowa_County,_Colorado",0.18228518,0.21825473,4853,5886,1033
Utah_Territory,0.18228518,0.21825473,4854,5887,1033
City_of_Westminster,0.18227363,0.22644847,4855,5562,707
Covent_Garden,0.18227363,0.22644847,4856,5563,707
Covent_Garden,0.18227363,0.22644847,4857,5564,707
Second_Battle_of_El_Alamein,0.18219931,0.23796880,4858,5239,381
Garigliano,0.18215551,0.21336047,4859,6015,1156
Stromboli,0.18215551,0.21336047,4860,6016,1156
Russian_Federal_Space_Agency,0.18207391,0.24771098,4861,4714,-147
VTB,0.18207391,0.24771098,4862,4715,-147
Dariush_Shayegan,0.18206011,0.19781158,4863,6580,1717
Battle_of_Saint-Denis_(1678),0.18205231,0.24266382,4864,4839,-25
Siege_of_Maastricht_(1673),0.18205231,0.24266382,4865,4840,-25
Fort_San_Felipe_(Cavite),0.18204034,0.21299772,4866,6038,1172
"Sangarar%C3%A1,_Peru",0.18204034,0.21299772,4867,6039,1172
Viceroyalty_of_Peru,0.18204034,0.21299772,4868,6040,1172
Carmen_del_Paran%C3%A1,0.18204034,0.21299772,4869,6041,1172
"Encarnaci%C3%B3n,_Paraguay",0.18204034,0.21299772,4870,6042,1172
First_Battle_of_Tripoli_Harbor,0.18203125,0.26124604,4871,4078,-793
Nam_%C4%90%C3%B4ng_District,0.18194713,0.24456139,4872,4766,-106
Transylvania,0.18192892,0.23629949,4873,5278,405
Battle_of_Arques,0.18189447,0.24369400,4874,4780,-94
M%C3%A4rkisch_Buchholz,0.18188159,0.20205047,4875,6415,1540
Kingdom_of_the_Two_Sicilies,0.18184510,0.22266259,4876,5671,795
Swahili_language,0.18182995,0.34251835,4877,2397,-2480
Kingdom_of_Holland,0.18180938,0.23593538,4878,5281,403
Battle_of_Bitonto,0.18177810,0.24106221,4879,4884,5
Jordanian_dinar,0.18173968,0.28931234,4880,3460,-1420
Battle_of_Heligoland_(1864),0.18171168,0.23439189,4881,5308,427
Bukit_Kepong_Incident,0.18170971,0.21652234,4882,5931,1049
Aztec_Empire,0.18170328,0.21683083,4883,5918,1035
Acolhuacan,0.18170328,0.21683083,4884,5919,1035
Viceroyalty_of_New_Spain,0.18170328,0.21683083,4885,5920,1035
Japanese_phrasebook,0.18167516,0.35429497,4886,2326,-2560
Mexican_Revolution,0.18164776,0.26127366,4887,4077,-810
Arriva,0.18163434,0.21564181,4888,5957,1069
DB_Schenker_Rail_(UK),0.18163434,0.21564181,4889,5958,1069
S%C3%BCdostBayernBahn,0.18163434,0.21564181,4890,5959,1069
As-Samu,0.18163118,0.21402359,4891,5993,1102
Ny%C3%ADregyh%C3%A1za,0.18162504,0.20998557,4892,6146,1254
Battle_of_Bergen_(1799),0.18161968,0.23027545,4893,5485,592
Battle_of_Castricum,0.18161968,0.23027545,4894,5486,592
Kimhyonggwon_County,0.18159656,0.24336225,4895,4787,-108
Pujon_County,0.18159656,0.24336225,4896,4788,-108
Battle_of_Kolombangara,0.18158889,0.25839868,4897,4138,-759
Battle_of_the_Green_Islands,0.18158889,0.25839868,4898,4139,-759
Battle_of_the_Treasury_Islands,0.18158889,0.25839868,4899,4140,-759
Land_Battle_of_Vella_Lavella,0.18158889,0.25839868,4900,4141,-759
Adrianople_Vilayet,0.18156429,0.21574816,4901,5955,1054
Hulluch,0.18156102,0.21005761,4902,6145,1243
Vincent_Louis_Carrella,0.18155438,0.19484736,4903,6667,1764
Qatar,0.18149220,0.41581556,4904,1820,-3084
Zimbabwe,0.18149109,0.34086689,4905,2412,-2493
Abbottabad,0.18143147,0.22566811,4906,5584,678
Osama_bin_Laden%27s_compound_in_Abbottabad,0.18143147,0.22566811,4907,5585,678
Battle_of_Kallo,0.18142694,0.24138354,4908,4871,-37
Battle_of_Puerto_de_Cavite,0.18142694,0.24138354,4909,4872,-37
Battle_of_Reimerswaal,0.18142694,0.24138354,4910,4873,-37
Battle_on_the_Zuiderzee,0.18142694,0.24138354,4911,4874,-37
Battles_of_La_Naval_de_Manila,0.18142694,0.24138354,4912,4875,-37
Siege_of_Bergen-op-Zoom_(1622),0.18142694,0.24138354,4913,4876,-37
Siege_of_Groenlo_(1627),0.18142694,0.24138354,4914,4877,-37
Siege_of_Hulst,0.18142694,0.24138354,4915,4878,-37
Siege_of_Maastricht_(1579),0.18142694,0.24138354,4916,4879,-37
Operation_Chronicle,0.18142175,0.26226165,4917,4067,-850
Battle_of_Kasserine_Pass,0.18141691,0.25941433,4918,4114,-804
Operation_Flax,0.18141691,0.25941433,4919,4115,-804
Operation_Herring,0.18141691,0.25941433,4920,4116,-804
Operation_Pedestal,0.18141691,0.25941433,4921,4117,-804
Operation_Retribution_(1943),0.18141691,0.25941433,4922,4118,-804
Operation_Vulcan,0.18141691,0.25941433,4923,4119,-804
Battle_of_Lens,0.18132709,0.24397218,4924,4778,-146
Northern_Ireland,0.18132054,0.20830283,4925,6173,1248
Cabanagem,0.18131671,0.21732676,4926,5908,982
Le_Havre,0.18128477,0.21223086,4927,6082,1155
Capture_of_Breda_(1590),0.18126910,0.24241372,4928,4848,-80
Siege_of_Kinsale,0.18126910,0.24241372,4929,4849,-80
Tobias_Wolff,0.18126890,0.19600537,4930,6611,1681
Janet_Frame,0.18123866,0.19462787,4931,6669,1738
Frithjof_Bergmann,0.18123246,0.19966987,4932,6502,1570
Michael_Chabon,0.18121677,0.19577548,4933,6630,1697
Queanbeyan,0.18110893,0.19855274,4934,6548,1614
Qu%E1%BA%A3ng_T%C3%ADn_Province,0.18110368,0.24002183,4935,5213,278
Anapa_Airport,0.18109491,0.24069403,4936,5202,266
"Stamford,_Connecticut",0.18108845,0.21307649,4937,6034,1097
Operation_Spring_Awakening,0.18108524,0.22955473,4938,5499,561
Panjshir_Valley,0.18108259,0.20735843,4939,6201,1262
Battle_of_Nitzanim,0.18106872,0.23320568,4940,5396,456
Battle_of_Yad_Mordechai,0.18106872,0.23320568,4941,5397,456
Operation_Pleshet,0.18106872,0.23320568,4942,5398,456
M%C3%A1laga,0.18106093,0.21592204,4943,5954,1011
Mactan-Cebu_International_Airport,0.18106002,0.23333561,4944,5387,443
Reims,0.18104918,0.21132639,4945,6092,1147
Richmond_International_Airport,0.18104817,0.25273795,4946,4296,-650
Battle_of_Mughar_Ridge,0.18093973,0.24896196,4947,4599,-348
Battle_of_Top%C3%A1ter,0.18090268,0.24045093,4948,5205,257
Iran%2013PJAK_conflict,0.18089738,0.28752269,4949,3499,-1450
Iraqi%2013Kurdish_conflict,0.18089738,0.28752269,4950,3500,-1450
Phrygian_dominant_scale,0.18089738,0.28752269,4951,3501,-1450
Kotoka_International_Airport,0.18089543,0.23618669,4952,5279,327
Standard_Chinese_language,0.18089228,0.36736263,4953,2158,-2795
Battle_of_Kafr-el-Dawwar,0.18086547,0.25070699,4954,4399,-555
Battle_of_Raphia,0.18086547,0.25070699,4955,4400,-555
Battle_of_Tel_el-Kebir,0.18086547,0.25070699,4956,4401,-555
Battle_of_Yibneh,0.18086547,0.25070699,4957,4402,-555
Libyan%2013Egyptian_War,0.18086547,0.25070699,4958,4403,-555
Operation_Eagle,0.18086547,0.25070699,4959,4404,-555
Sack_of_Jerusalem_(10th_century_BC),0.18086547,0.25070699,4960,4405,-555
Siege_of_Ascalon,0.18086547,0.25070699,4961,4406,-555
Battle_of_Liegnitz_(1760),0.18084892,0.22810873,4962,5522,560
Macedonia_(Greece),0.18083652,0.20133327,4963,6437,1474
Thessaloniki_(regional_unit),0.18083652,0.20133327,4964,6438,1474
Battle_of_Lonoy,0.18066405,0.24952758,4965,4549,-416
Battle_of_Mabitac,0.18066405,0.24952758,4966,4550,-416
Battle_of_Manila_(1898),0.18066405,0.24952758,4967,4551,-416
Battle_of_Manila_(1899),0.18066405,0.24952758,4968,4552,-416
Battle_of_Paete,0.18066405,0.24952758,4969,4553,-416
Battle_of_Pagsanjan,0.18066405,0.24952758,4970,4554,-416
Battle_of_Paye,0.18066405,0.24952758,4971,4555,-416
Battle_of_Pulang_Lupa,0.18066405,0.24952758,4972,4556,-416
Battle_of_Quingua,0.18066405,0.24952758,4973,4557,-416
Battle_of_Santa_Cruz_(1899),0.18066405,0.24952758,4974,4558,-416
Battle_of_Tirad_Pass,0.18066405,0.24952758,4975,4559,-416
Battle_of_Zapote_River,0.18066405,0.24952758,4976,4560,-416
Philippine%2013American_War,0.18066405,0.24952758,4977,4561,-416
Siege_of_Baler,0.18066405,0.24952758,4978,4562,-416
Siege_of_Catubig,0.18066405,0.24952758,4979,4563,-416
Harvard_Law_School,0.18065641,0.20562989,4980,6240,1260
Air_raid_on_Bari,0.18063108,0.25810517,4981,4147,-834
Battle_for_Brest,0.18063108,0.25810517,4982,4148,-834
Battle_of_Overloon,0.18063108,0.25810517,4983,4149,-834
Big_Week,0.18063108,0.25810517,4984,4150,-834
Bombing_of_Duisburg_in_World_War_II,0.18063108,0.25810517,4985,4151,-834
Bombing_of_Kassel_in_World_War_II,0.18063108,0.25810517,4986,4152,-834
Combined_Bomber_Offensive,0.18063108,0.25810517,4987,4153,-834
Exercise_Tiger,0.18063108,0.25810517,4988,4154,-834
Omaha_Beach,0.18063108,0.25810517,4989,4155,-834
Operation_Clipper,0.18063108,0.25810517,4990,4156,-834
Operation_Crossbow,0.18063108,0.25810517,4991,4157,-834
Operation_Hurricane_(1944),0.18063108,0.25810517,4992,4158,-834
Operation_L%C3%BCttich,0.18063108,0.25810517,4993,4159,-834
Operation_Queen,0.18063108,0.25810517,4994,4160,-834
Pointblank_directive,0.18063108,0.25810517,4995,4161,-834
Ruhr_Pocket,0.18063108,0.25810517,4996,4162,-834
Schweinfurt%2013Regensburg_mission,0.18063108,0.25810517,4997,4163,-834
Transport_Plan,0.18063108,0.25810517,4998,4164,-834
Utah_Beach,0.18063108,0.25810517,4999,4165,-834
wordnet_base_metal_114618674,0.18060492,0.33352467,5000,2475,-2525
Lao_phrasebook,0.18058462,0.36568708,5001,2177,-2824
Stavropol_Krai,0.18057461,0.21725709,5002,5910,908
2003%201304_Indonesian_offensive_in_Aceh,0.18053251,0.26675738,5003,3927,-1076
Indonesian_National_Revolution,0.18053251,0.26675738,5004,3936,-1068
Insurgency_in_Aceh,0.18053251,0.26675738,5005,3937,-1068
Sarawak_Communist_Insurgency,0.18053251,0.26675738,5006,3938,-1068
Moskenes%C3%B8ya,0.18052502,0.22737715,5007,5544,537
Edmund_Andros,0.18048537,0.26562328,5008,3954,-1054
1988_Maldives_coup_d%27%C3%A9tat,0.18048537,0.26562328,5009,3978,-1031
Jaffna_University_Helidrop,0.18048537,0.26562328,5010,3979,-1031
Battle_of_Truillas,0.18042662,0.23955743,5011,5218,207
Mirny_Airport,0.18042119,0.24709285,5012,4737,-275
Battle_of_Fontenoy,0.18037962,0.22321414,5013,5649,636
Battle_of_Lauffeld,0.18037962,0.22321414,5014,5650,636
Battle_of_Rocoux,0.18037962,0.22321414,5015,5651,636
"Darwin,_Falkland_Islands",0.18033509,0.20552124,5016,6246,1230
Goose_Green,0.18033509,0.20552124,5017,6247,1230
Crusade_of_1101,0.18024437,0.22407219,5018,5619,601
El_Agheila,0.18022216,0.20247431,5019,6384,1365
Murmansk,0.18021062,0.20483274,5020,6267,1247
Greater_Rochester_International_Airport,0.18020799,0.25020102,5021,4510,-511
Alma_Mater_(New_York_sculpture),0.18020779,0.19822214,5022,6561,1539
Robert_K._Kraft_Field_at_Lawrence_A._Wien_Stadium,0.18020779,0.19822214,5023,6562,1539
WKCR-FM,0.18020779,0.19822214,5024,6563,1539
Battle_of_Leliefontein,0.18020351,0.23741130,5025,5257,232
1982_Lebanon_War,0.18020208,0.25841841,5026,4128,-898
Battle_of_Jezzine_(1982),0.18020208,0.25841841,5027,4129,-898
Battle_of_Latakia,0.18020208,0.25841841,5028,4130,-898
Battle_of_Sultan_Yacoub,0.18020208,0.25841841,5029,4131,-898
First_Battle_of_Mount_Hermon,0.18020208,0.25841841,5030,4132,-898
Operation_Grapes_of_Wrath,0.18020208,0.25841841,5031,4133,-898
Operation_Model_5,0.18020208,0.25841841,5032,4134,-898
Operation_Mole_Cricket_19,0.18020208,0.25841841,5033,4135,-898
Third_Battle_of_Mount_Hermon,0.18020208,0.25841841,5034,4136,-898
Valley_of_Tears,0.18020208,0.25841841,5035,4137,-898
Aktau_Airport,0.18020192,0.23573987,5036,5283,247
Battle_of_Okinawa,0.18019992,0.25745153,5037,4173,-864
Carlo_Wolff,0.18018124,0.19630741,5038,6604,1566
William_Michaelian,0.18017875,0.19371955,5039,6700,1661
British_Ceylon,0.18015399,0.23813046,5040,5234,194
Battle_of_Domb%C3%A5s,0.18013523,0.23396757,5041,5349,308
Battle_of_Dr%C3%B8bak_Sound,0.18013523,0.23396757,5042,5350,308
Battle_of_Hegra_Fortress,0.18013523,0.23396757,5043,5351,308
Battle_of_Midtskogen,0.18013523,0.23396757,5044,5352,308
Battle_of_Vinjesvingen,0.18013523,0.23396757,5045,5353,308
Battle_of_Gratangen,0.18013523,0.23396757,5046,5354,308
B%C3%ACnh_Ba,0.18010375,0.20551414,5047,6248,1201
Ti%E1%BB%81n_Giang_Province,0.18008679,0.23480078,5048,5297,249
%C4%B0zmir,0.18007917,0.19589925,5049,6627,1578
Aveiro,0.18005230,0.24176233,5050,4859,-191
Braga,0.18005230,0.24176233,5051,4861,-190
Guimar%C3%A3es,0.18005230,0.24176233,5052,4862,-190
Set%C3%BAbal,0.18005230,0.24176233,5053,4864,-189
Viseu,0.18005230,0.24176233,5054,4865,-189
Sidon,0.18003857,0.20499482,5055,6251,1196
Shebaa_farms,0.18003857,0.20499482,5056,6252,1196
Beit_Hanoun,0.18003857,0.20499482,5057,6253,1196
Negev,0.18003857,0.20499482,5058,6254,1196
Muhammad_ibn_Ya%27qub_al-Kulayni,0.18000352,0.19746739,5059,6588,1529
Shaykh_Tabarsi,0.18000352,0.19746739,5060,6589,1529
Norwegian_krone,0.17999803,0.28255430,5061,3582,-1479
Italian_War_of_1542%201346,0.17998018,0.24146064,5062,4869,-193
Norfolk_International_Airport,0.17995671,0.25039957,5063,4507,-556
Joshua_Cohen_(writer),0.17994990,0.19434783,5064,6673,1609
"Poljana,_Prevalje",0.17994734,0.20142611,5065,6433,1368
Staffarda_Abbey,0.17988547,0.20774310,5066,6191,1125
Yangtze,0.17986574,0.23812483,5067,5235,168
Yangtze_River,0.17986574,0.23812483,5068,5236,168
University_of_Chicago,0.17984833,0.21053789,5069,6120,1051
Zhabei_District,0.17983583,0.20355461,5070,6291,1221
Bali,0.17982549,0.23040431,5071,5480,409
Badung_Strait,0.17982549,0.23040431,5072,5481,409
Battle_of_Kissou%C3%A9,0.17982525,0.21155568,5073,6090,1017
Siege_of_Padua,0.17982073,0.23288595,5074,5403,329
Battle_of_Stalingrad,0.17982001,0.22732075,5075,5545,470
Battle_of_the_Caucasus,0.17982001,0.22732075,5076,5546,470
Romanian_Armies_in_the_Battle_of_Stalingrad,0.17982001,0.22732075,5077,5547,470
Khafji,0.17981964,0.23753042,5078,5254,176
January_Events_(Lithuania),0.17979594,0.24499023,5079,4761,-318
Soviet_OMON_assaults_on_Lithuanian_border_posts,0.17979594,0.24499023,5080,4762,-318
Ulaanbaatar,0.17978845,0.22285102,5081,5655,574
John_Locke,0.17977362,0.19456853,5082,6671,1589
Battle_of_Malplaquet,0.17974554,0.22147601,5083,5721,638
Halbe,0.17965320,0.20205047,5084,6414,1330
"Lenino,_Mahilyow_Voblast",0.17965320,0.20205047,5085,6416,1331
Bobruisk,0.17965320,0.20205047,5086,6417,1331
Kerch,0.17965320,0.20205047,5087,6418,1331
Kamianets-Podilskyi,0.17965320,0.20205047,5088,6419,1331
Black_Friday_(1945),0.17961937,0.25045873,5089,4505,-584
Bardhaman_district,0.17961266,0.26562328,5090,3972,-1118
"Borba_Municipality,_Portugal",0.17960210,0.22101241,5091,5738,647
Vila_Vi%C3%A7osa,0.17960210,0.22101241,5092,5739,647
D.C._Armory,0.17951663,0.24089903,5093,5050,-43
Naval_Air_Station_Oceana,0.17951663,0.24089903,5094,5087,-7
New_Jersey_Grizzlies,0.17951663,0.24089903,5095,5088,-7
Boston_Bulldogs_(soccer),0.17951663,0.24089903,5096,5167,71
Chicago_Spurs,0.17951663,0.24089903,5097,5168,71
Global_Memory_Net,0.17951663,0.24089903,5098,5169,71
John_Joseph_Moakley_United_States_Courthouse,0.17951663,0.24089903,5099,5170,71
World_Digital_Library,0.17951663,0.24089903,5100,5171,71
"P%C3%A9ronne,_Somme",0.17949642,0.20253514,5101,6382,1281
Hermann_Hesse,0.17942501,0.19546232,5102,6640,1538
Battle_of_Flamborough_Head,0.17940455,0.25188256,5103,4374,-729
Battle_of_Rhode_Island,0.17940455,0.25188256,5104,4375,-729
Gulf_Coast_campaign,0.17940455,0.25188256,5105,4376,-729
Northern_theater_of_the_American_Revolutionary_War_after_Saratoga,0.17940455,0.25188256,5106,4377,-729
Siege_of_Charleston,0.17940455,0.25188256,5107,4378,-729
Siege_of_Savannah,0.17940455,0.25188256,5108,4379,-729
Siege_of_Yorktown,0.17940455,0.25188256,5109,4380,-729
Southern_theater_of_the_American_Revolutionary_War,0.17940455,0.25188256,5110,4381,-729
Yorktown_campaign,0.17940455,0.25188256,5111,4382,-729
Fredric_Jameson,0.17939828,0.19584753,5112,6629,1517
Attack_on_Orleans,0.17937963,0.25495456,5113,4255,-858
Battle_of_Ambos_Nogales,0.17937963,0.25495456,5114,4256,-858
Lost_Battalion_(World_War_I),0.17937963,0.25495456,5115,4257,-858
Ypiranga_incident,0.17937963,0.25495456,5116,4258,-858
Principality_of_Transylvania_(1571%20131711),0.17936146,0.21289334,5117,6043,926
Kingdom_of_Navarre,0.17927257,0.21845208,5118,5849,731
2008_Turkish_incursion_into_northern_Iraq,0.17920046,0.25425189,5119,4262,-857
Ararat_rebellion,0.17920046,0.25425189,5120,4265,-855
Operation_Dawn_(1997),0.17920046,0.25425189,5121,4267,-854
Operation_Hammer_(1997),0.17920046,0.25425189,5122,4268,-854
Operation_Steel,0.17920046,0.25425189,5123,4269,-854
Battle_of_Khasdour,0.17920046,0.25425189,5124,4271,-853
Dersim_Rebellion,0.17920046,0.25425189,5125,4272,-853
KDPI_insurgency_(1989%201396),0.17920046,0.25425189,5126,4273,-853
October_2007_clashes_in_Hakk%C3%A2ri,0.17920046,0.25425189,5127,4274,-853
Sheikh_Said_rebellion,0.17920046,0.25425189,5128,4275,-853
Battle_of_El_Guettar,0.17917579,0.25090369,5129,4393,-736
Battle_of_San_Pietro_Infine,0.17917579,0.25090369,5130,4394,-736
Battle_of_Troina,0.17917579,0.25090369,5131,4395,-736
Khorramshahr,0.17916350,0.25929024,5132,4121,-1011
Talavera_de_la_Reina,0.17916075,0.20652919,5133,6215,1082
Alcu%C3%A9scar,0.17915750,0.21896254,5134,5837,703
"Arroyomolinos,_C%C3%A1ceres",0.17915750,0.21896254,5135,5838,703
Chuuk_Lagoon,0.17914581,0.21045707,5136,6121,985
French_Equatorial_Africa,0.17908965,0.19846945,5137,6550,1413
Kunar_area,0.17908692,0.19958674,5138,6509,1371
Porkuni,0.17908692,0.19958674,5139,6510,1371
Virumaa,0.17908692,0.19958674,5140,6511,1371
Cornwall_(Ontario),0.17907985,0.21057092,5141,6119,978
Richard_Ford,0.17902660,0.19284567,5142,6718,1576
Iranian_rial,0.17900599,0.31167655,5143,2741,-2402
Commonwealth_of_England,0.17894860,0.20873149,5144,6164,1020
Fulvio_Tomizza,0.17885944,0.19076409,5145,6784,1639
Philip_K._Dick,0.17885495,0.19482332,5146,6668,1522
Burg_Honberg,0.17884126,0.20753427,5147,6195,1048
Great_Yarmouth,0.17878454,0.19889375,5148,6530,1382
Vis_(island),0.17878452,0.19786435,5149,6574,1425
Basse-Terre,0.17878452,0.19786435,5150,6575,1425
Piran,0.17878452,0.19786435,5151,6576,1425
"Cabo_Rojo,_Puerto_Rico",0.17878452,0.19786435,5152,6577,1425
"Saint-Paul,_R%C3%A9union",0.17878452,0.19786435,5153,6578,1425
Baie_de_Saint-Paul,0.17878452,0.19786435,5154,6579,1425
Attack_on_German_Flatts_(1778),0.17877918,0.25060228,5155,4407,-748
Battle_of_Alligator_Bridge,0.17877918,0.25060228,5156,4408,-748
Battle_of_Barren_Hill,0.17877918,0.25060228,5157,4409,-748
Battle_of_Beaufort,0.17877918,0.25060228,5158,4410,-748
Battle_of_Bennington,0.17877918,0.25060228,5159,4411,-748
Battle_of_Blandford,0.17877918,0.25060228,5160,4412,-748
Battle_of_Bound_Brook,0.17877918,0.25060228,5161,4413,-748
Battle_of_Brandywine,0.17877918,0.25060228,5162,4414,-748
Battle_of_Brier_Creek,0.17877918,0.25060228,5163,4415,-748
Battle_of_Camden,0.17877918,0.25060228,5164,4416,-748
Battle_of_Charlotte,0.17877918,0.25060228,5165,4417,-748
Battle_of_Chestnut_Neck,0.17877918,0.25060228,5166,4418,-748
Battle_of_Cobleskill,0.17877918,0.25060228,5167,4419,-748
Battle_of_Colson%27s_Mill,0.17877918,0.25060228,5168,4420,-748
Battle_of_Connecticut_Farms,0.17877918,0.25060228,5169,4421,-748
Battle_of_Cooch%27s_Bridge,0.17877918,0.25060228,5170,4422,-748
Battle_of_Cowan%27s_Ford,0.17877918,0.25060228,5171,4423,-748
Battle_of_Cowpens,0.17877918,0.25060228,5172,4424,-748
Battle_of_Crooked_Billet,0.17877918,0.25060228,5173,4425,-748
Battle_of_Eutaw_Springs,0.17877918,0.25060228,5174,4426,-748
Battle_of_Fallen_Timbers,0.17877918,0.25060228,5175,4427,-748
Battle_of_Fishing_Creek,0.17877918,0.25060228,5176,4428,-748
Battle_of_Fort_Anne,0.17877918,0.25060228,5177,4429,-748
Battle_of_Fort_Cumberland,0.17877918,0.25060228,5178,4430,-748
Battle_of_Fort_Washington,0.17877918,0.25060228,5179,4431,-748
Battle_of_Germantown,0.17877918,0.25060228,5180,4432,-748
Battle_of_Gloucester_(1777),0.17877918,0.25060228,5181,4433,-748
Battle_of_Green_Spring,0.17877918,0.25060228,5182,4434,-748
Battle_of_Groton_Heights,0.17877918,0.25060228,5183,4435,-748
Battle_of_Guilford_Court_House,0.17877918,0.25060228,5184,4436,-748
Battle_of_Hanging_Rock,0.17877918,0.25060228,5185,4437,-748
Battle_of_Harlem_Heights,0.17877918,0.25060228,5186,4438,-748
Battle_of_Hobkirk%27s_Hill,0.17877918,0.25060228,5187,4439,-748
Battle_of_Hubbardton,0.17877918,0.25060228,5188,4440,-748
Battle_of_Iron_Works_Hill,0.17877918,0.25060228,5189,4441,-748
Battle_of_Johnstown,0.17877918,0.25060228,5190,4442,-748
Battle_of_Kettle_Creek,0.17877918,0.25060228,5191,4443,-748
Battle_of_Klock%27s_Field,0.17877918,0.25060228,5192,4444,-748
Battle_of_Lenud%27s_Ferry,0.17877918,0.25060228,5193,4445,-748
Battle_of_Long_Island,0.17877918,0.25060228,5194,4446,-748
Battle_of_Millstone,0.17877918,0.25060228,5195,4447,-748
Battle_of_Minisink,0.17877918,0.25060228,5196,4448,-748
Battle_of_Monck%27s_Corner,0.17877918,0.25060228,5197,4449,-748
Battle_of_Monmouth,0.17877918,0.25060228,5198,4450,-748
Battle_of_Newtown,0.17877918,0.25060228,5199,4451,-748
Battle_of_Oriskany,0.17877918,0.25060228,5200,4452,-748
Battle_of_Paoli,0.17877918,0.25060228,5201,4453,-748
Battle_of_Paulus_Hook,0.17877918,0.25060228,5202,4454,-748
Battle_of_Pell%27s_Point,0.17877918,0.25060228,5203,4455,-748
Battle_of_Princeton,0.17877918,0.25060228,5204,4456,-748
Battle_of_Quinton%27s_Bridge,0.17877918,0.25060228,5205,4457,-748
Battle_of_Ridgefield,0.17877918,0.25060228,5206,4458,-748
Battle_of_Rocky_Mount,0.17877918,0.25060228,5207,4459,-748
Battle_of_Short_Hills,0.17877918,0.25060228,5208,4460,-748
Battle_of_Spencer%27s_Ordinary,0.17877918,0.25060228,5209,4461,-748
Battle_of_Springfield_(1780),0.17877918,0.25060228,5210,4462,-748
Battle_of_Staten_Island,0.17877918,0.25060228,5211,4463,-748
Battle_of_Stono_Ferry,0.17877918,0.25060228,5212,4464,-748
Battle_of_Stony_Point,0.17877918,0.25060228,5213,4465,-748
Battle_of_Thomas_Creek,0.17877918,0.25060228,5214,4466,-748
Battle_of_Valcour_Island,0.17877918,0.25060228,5215,4467,-748
Battle_of_Waxhaws,0.17877918,0.25060228,5216,4468,-748
Battle_of_Wetzell%27s_Mill,0.17877918,0.25060228,5217,4469,-748
Battle_of_White_Marsh,0.17877918,0.25060228,5218,4470,-748
Battle_of_White_Plains,0.17877918,0.25060228,5219,4471,-748
Battle_of_Wyoming,0.17877918,0.25060228,5220,4472,-748
Battle_of_Young%27s_House,0.17877918,0.25060228,5221,4473,-748
Battle_of_the_Assunpink_Creek,0.17877918,0.25060228,5222,4474,-748
Battle_of_the_Clouds,0.17877918,0.25060228,5223,4475,-748
Battle_of_the_Combahee_River,0.17877918,0.25060228,5224,4476,-748
Battles_of_Saratoga,0.17877918,0.25060228,5225,4477,-748
Baylor_Massacre,0.17877918,0.25060228,5226,4478,-748
Big_Runaway,0.17877918,0.25060228,5227,4479,-748
Brandywine_Battlefield,0.17877918,0.25060228,5228,4480,-748
Capture_of_Savannah,0.17877918,0.25060228,5229,4481,-748
Carleton%27s_Raid,0.17877918,0.25060228,5230,4482,-748
Cherry_Valley_massacre,0.17877918,0.25060228,5231,4483,-748
Forage_War,0.17877918,0.25060228,5232,4484,-748
Fort_Lee_Historic_Park,0.17877918,0.25060228,5233,4485,-748
Francisco%27s_Fight,0.17877918,0.25060228,5234,4486,-748
Frederica_naval_action,0.17877918,0.25060228,5235,4487,-748
Landing_at_Kip%27s_Bay,0.17877918,0.25060228,5236,4488,-748
Meigs_Raid,0.17877918,0.25060228,5237,4489,-748
Mount_Hope_Bay_raids,0.17877918,0.25060228,5238,4490,-748
North_Channel_Naval_Duel,0.17877918,0.25060228,5239,4491,-748
Northwest_Indian_War,0.17877918,0.25060228,5240,4492,-748
Penobscot_Expedition,0.17877918,0.25060228,5241,4493,-748
Philadelphia_campaign,0.17877918,0.25060228,5242,4494,-748
Saratoga_campaign,0.17877918,0.25060228,5243,4495,-748
Siege_of_Fort_Mifflin,0.17877918,0.25060228,5244,4496,-748
Siege_of_Fort_Motte,0.17877918,0.25060228,5245,4497,-748
Siege_of_Fort_Stanwix,0.17877918,0.25060228,5246,4498,-748
Siege_of_Fort_Ticonderoga_(1777),0.17877918,0.25060228,5247,4499,-748
Siege_of_Fort_Watson,0.17877918,0.25060228,5248,4500,-748
Siege_of_Ninety-Six,0.17877918,0.25060228,5249,4501,-748
Skirmish_at_Waters_Creek,0.17877918,0.25060228,5250,4502,-748
The_Affair_at_Little_Egg_Harbor,0.17877918,0.25060228,5251,4503,-748
Russo-Persian_War_(1722%201323),0.17875601,0.24098454,5252,4885,-367
Battle_of_Famars,0.17875394,0.22010775,5253,5800,547
Battle_of_Tournay,0.17875394,0.22010775,5254,5801,547
Siege_of_Dunkirk_(1793),0.17875394,0.22010775,5255,5802,547
Battle_of_Montijo,0.17875107,0.23229102,5256,5444,188
Dodecanese_Campaign,0.17874880,0.21624588,5257,5937,680
Sharpsburg,0.17871281,0.20850405,5258,6171,913
Arthur_Napoleon_Raymond_Robinson_International_Airport,0.17870988,0.22890757,5259,5513,254
"Villers-Bocage,_Calvados",0.17860228,0.19737507,5260,6591,1331
Uganda%2013Tanzania_War,0.17857346,0.23195802,5261,5464,203
Naypyidaw,0.17851542,0.24633215,5262,4742,-520
Battle_of_Buda_(1686),0.17849286,0.23993108,5263,5215,-48
Carnatic_Wars,0.17839854,0.20081365,5264,6467,1203
Actions_of_5%20136_May_1945,0.17838997,0.24959453,5265,4517,-748
American_airborne_landings_in_Normandy,0.17838997,0.24959453,5266,4518,-748
Battle_of_Aachen,0.17838997,0.24959453,5267,4519,-748
Battle_of_Arracourt,0.17838997,0.24959453,5268,4520,-748
Battle_of_Carentan,0.17838997,0.24959453,5269,4521,-748
Battle_of_Cherbourg,0.17838997,0.24959453,5270,4522,-748
Battle_of_Cisterna,0.17838997,0.24959453,5271,4523,-748
Battle_of_Crucifix_Hill,0.17838997,0.24959453,5272,4524,-748
Battle_of_H%C3%BCrtgen_Forest,0.17838997,0.24959453,5273,4525,-748
Battle_of_Kassel_(1945),0.17838997,0.24959453,5274,4526,-748
Battle_of_Lanzerath_Ridge,0.17838997,0.24959453,5275,4527,-748
Battle_of_Metz,0.17838997,0.24959453,5276,4528,-748
Battle_of_Nancy_(1944),0.17838997,0.24959453,5277,4529,-748
Battle_of_Sidi_Bou_Zid,0.17838997,0.24959453,5278,4530,-748
Br%C3%A9court_Manor_Assault,0.17838997,0.24959453,5279,4531,-748
Colmar_Pocket,0.17838997,0.24959453,5280,4532,-748
Elsenborn_Ridge,0.17838997,0.24959453,5281,4533,-748
Liberation_of_Paris,0.17838997,0.24959453,5282,4534,-748
Losheim_Gap,0.17838997,0.24959453,5283,4535,-748
Mission_Albany,0.17838997,0.24959453,5284,4536,-748
Battle_of_Graignes,0.17838997,0.24959453,5285,4537,-748
Battle_of_Kesternich,0.17838997,0.24959453,5286,4538,-748
Lost_Battalion_(World_War_II),0.17838997,0.24959453,5287,4539,-748
Operation_Cobra,0.17838997,0.24959453,5288,4540,-748
Operation_Grenade,0.17838997,0.24959453,5289,4541,-748
Operation_Halyard,0.17838997,0.24959453,5290,4542,-748
Operation_Nordwind,0.17838997,0.24959453,5291,4543,-748
Pointe_du_Hoc,0.17838997,0.24959453,5292,4544,-748
SS_Stephen_Hopkins,0.17838997,0.24959453,5293,4545,-748
Siege_of_Bastogne,0.17838997,0.24959453,5294,4546,-748
Task_Force_Baum,0.17838997,0.24959453,5295,4547,-748
Battle_of_Hilli,0.17838595,0.25832833,5296,4142,-1154
Battle_of_Ferkeh,0.17834632,0.22282074,5297,5657,360
McGhee_Tyson_Airport,0.17823319,0.23706545,5298,5262,-36
Lensk_Airport,0.17822542,0.23242757,5299,5442,143
Ch%C3%A2teauguay,0.17822036,0.20968721,5300,6150,850
Siege_of_Ancona,0.17818999,0.22251607,5301,5676,375
Siege_of_Gaeta_(1815),0.17818999,0.22251607,5302,5677,375
Marettimo,0.17818072,0.19528228,5303,6660,1357
Pesaro,0.17818072,0.19528228,5304,6661,1357
Uganda_Development_Bank,0.17813937,0.21922073,5305,5834,529
Lebanese_pound,0.17813608,0.28833355,5306,3481,-1825
Battle_of_Pingxingguan,0.17812603,0.22137279,5307,5722,415
Battle_of_Oudenarde,0.17812463,0.22420582,5308,5617,309
Stefan_Zweig,0.17811110,0.19037228,5309,6787,1478
Battle_of_Alba_de_Tormes,0.17805003,0.23276726,5310,5406,96
Battle_of_Alca%C3%B1iz,0.17805003,0.23276726,5311,5407,96
Battle_of_Almonacid,0.17805003,0.23276726,5312,5408,96
Battle_of_Bail%C3%A9n,0.17805003,0.23276726,5313,5409,96
Battle_of_Belchite_(1809),0.17805003,0.23276726,5314,5410,96
Battle_of_Burgos,0.17805003,0.23276726,5315,5411,96
Battle_of_Cabez%C3%B3n,0.17805003,0.23276726,5316,5412,96
Battle_of_Cape_Finisterre_(1805),0.17805003,0.23276726,5317,5413,96
Battle_of_Castalla,0.17805003,0.23276726,5318,5414,96
Battle_of_Castell%C3%B3n,0.17805003,0.23276726,5319,5415,96
Battle_of_Espinosa_de_los_Monteros,0.17805003,0.23276726,5320,5416,96
Battle_of_Mar%C3%ADa,0.17805003,0.23276726,5321,5417,96
Battle_of_Medell%C3%ADn,0.17805003,0.23276726,5322,5418,96
Battle_of_Medina_de_Rioseco,0.17805003,0.23276726,5323,5419,96
Battle_of_Oca%C3%B1a,0.17805003,0.23276726,5324,5420,96
Battle_of_Palo_Hincado,0.17805003,0.23276726,5325,5421,96
Battle_of_Pancorbo_(1808),0.17805003,0.23276726,5326,5422,96
Battle_of_San_Marcial,0.17805003,0.23276726,5327,5423,96
Battle_of_Talavera,0.17805003,0.23276726,5328,5424,96
Battle_of_Tamames,0.17805003,0.23276726,5329,5425,96
Battle_of_Ucl%C3%A9s_(1809),0.17805003,0.23276726,5330,5426,96
Battle_of_Valencia_(1808),0.17805003,0.23276726,5331,5427,96
Battle_of_Valls,0.17805003,0.23276726,5332,5428,96
Battle_of_Valmaseda,0.17805003,0.23276726,5333,5429,96
Battle_of_Villafranca_(1809),0.17805003,0.23276726,5334,5430,96
Combat_of_El_Bruch,0.17805003,0.23276726,5335,5431,96
Dos_de_Mayo_Uprising,0.17805003,0.23276726,5336,5432,96
Siege_of_Ciudad_Rodrigo_(1810),0.17805003,0.23276726,5337,5433,96
Siege_of_Tarragona_(1813),0.17805003,0.23276726,5338,5434,96
Third_Siege_of_Gerona,0.17805003,0.23276726,5339,5435,96
Mandatory_Iraq,0.17803601,0.19491135,5340,6665,1325
Occupied_Enemy_Territory_Administration,0.17803601,0.19491135,5341,6666,1325
Franz_Kafka,0.17796917,0.18985948,5342,6801,1459
Uni%C3%B3n_Espa%C3%B1ola,0.17796642,0.22234490,5343,5700,357
Actions_along_the_Matanikau,0.17795880,0.24894088,5344,4600,-744
Attack_on_Pearl_Harbor,0.17795880,0.24894088,5345,4601,-744
Battle_for_Henderson_Field,0.17795880,0.24894088,5346,4602,-744
Battle_of_Angaur,0.17795880,0.24894088,5347,4603,-744
Battle_of_Attu,0.17795880,0.24894088,5348,4604,-744
Battle_of_Bairoko,0.17795880,0.24894088,5349,4605,-744
Battle_of_Blackett_Strait,0.17795880,0.24894088,5350,4606,-744
Battle_of_Cape_Esperance,0.17795880,0.24894088,5351,4607,-744
Battle_of_Cape_St._George,0.17795880,0.24894088,5352,4608,-744
Battle_of_Corregidor_(1945),0.17795880,0.24894088,5353,4609,-744
Battle_of_Driniumor_River,0.17795880,0.24894088,5354,4610,-744
Battle_of_Dutch_Harbor,0.17795880,0.24894088,5355,4611,-744
Battle_of_Eniwetok,0.17795880,0.24894088,5356,4612,-744
Battle_of_Enogai,0.17795880,0.24894088,5357,4613,-744
Battle_of_Guam_(1941),0.17795880,0.24894088,5358,4614,-744
Battle_of_Guam_(1944),0.17795880,0.24894088,5359,4615,-744
Battle_of_Iwo_Jima,0.17795880,0.24894088,5360,4616,-744
Battle_of_Koromokina_Lagoon,0.17795880,0.24894088,5361,4617,-744
Battle_of_Kula_Gulf,0.17795880,0.24894088,5362,4618,-744
Battle_of_Kwajalein,0.17795880,0.24894088,5363,4619,-744
Battle_of_Makin,0.17795880,0.24894088,5364,4620,-744
Battle_of_Midway,0.17795880,0.24894088,5365,4621,-744
Battle_of_Munda_Point,0.17795880,0.24894088,5366,4622,-744
Battle_of_Ormoc_Bay,0.17795880,0.24894088,5367,4623,-744
Battle_of_Peleliu,0.17795880,0.24894088,5368,4624,-744
Battle_of_Piva_Forks,0.17795880,0.24894088,5369,4625,-744
Battle_of_Sagami_Bay,0.17795880,0.24894088,5370,4626,-744
Battle_of_Saipan,0.17795880,0.24894088,5371,4627,-744
Battle_of_Tarawa,0.17795880,0.24894088,5372,4628,-744
Battle_of_Tassafaronga,0.17795880,0.24894088,5373,4629,-744
Battle_of_Tinian,0.17795880,0.24894088,5374,4630,-744
Battle_of_Vella_Gulf,0.17795880,0.24894088,5375,4631,-744
Battle_of_Viru_Harbor,0.17795880,0.24894088,5376,4632,-744
Battle_of_Wake_Island,0.17795880,0.24894088,5377,4633,-744
Battle_of_Wickham_Anchorage,0.17795880,0.24894088,5378,4634,-744
Battle_of_the_Komandorski_Islands,0.17795880,0.24894088,5379,4635,-744
Battle_of_the_Philippine_Sea,0.17795880,0.24894088,5380,4636,-744
Battle_of_the_Santa_Cruz_Islands,0.17795880,0.24894088,5381,4637,-744
Battle_off_Horaniu,0.17795880,0.24894088,5382,4638,-744
Battle_off_Samar,0.17795880,0.24894088,5383,4639,-744
Bombing_of_Tokyo,0.17795880,0.24894088,5384,4640,-744
Doolittle_Raid,0.17795880,0.24894088,5385,4641,-744
Drive_on_Munda_Point,0.17795880,0.24894088,5386,4642,-744
Battle_of_Lone_Tree_Hill,0.17795880,0.24894088,5387,4643,-744
Formosa_Air_Battle,0.17795880,0.24894088,5388,4644,-744
Invasion_of_Palawan,0.17795880,0.24894088,5389,4645,-744
Japanese_occupation_of_Kiska,0.17795880,0.24894088,5390,4646,-744
Landings_at_Cape_Torokina,0.17795880,0.24894088,5391,4647,-744
Landings_on_Rendova,0.17795880,0.24894088,5392,4648,-744
Lookout_Air_Raids,0.17795880,0.24894088,5393,4649,-744
Makin_Island_raid,0.17795880,0.24894088,5394,4650,-744
Naval_Battle_of_Guadalcanal,0.17795880,0.24894088,5395,4651,-744
New_Georgia_counterattack,0.17795880,0.24894088,5396,4652,-744
Niihau_Incident,0.17795880,0.24894088,5397,4653,-744
Operation_Hailstone,0.17795880,0.24894088,5398,4654,-744
Operation_K,0.17795880,0.24894088,5399,4655,-744
Operation_Matterhorn,0.17795880,0.24894088,5400,4656,-744
Operation_Tan_No._2,0.17795880,0.24894088,5401,4657,-744
Operation_Ten-Go,0.17795880,0.24894088,5402,4658,-744
Operation_Vengeance,0.17795880,0.24894088,5403,4659,-744
Raid_on_Taipei,0.17795880,0.24894088,5404,4660,-744
Battle_of_Flers%2013Courcelette,0.17787783,0.24073549,5405,5201,-204
Ossetian_phrasebook,0.17787602,0.30179946,5406,2882,-2524
Daniel_Oduber_Quir%C3%B3s_International_Airport,0.17779896,0.24165130,5407,4866,-541
Shah_Jo_Risalo,0.17779643,0.17942938,5408,7204,1796
South_Korean_won,0.17763022,0.36696416,5409,2165,-3244
State_of_Burma,0.17762519,0.22070798,5410,5762,352
Kaliningrad,0.17761849,0.19882776,5411,6533,1122
Charleroi,0.17760749,0.21237898,5412,6066,654
Walcourt,0.17760749,0.21237898,5413,6067,654
Seneffe,0.17760103,0.20811436,5414,6188,774
Battle_of_Beersheba_(1917),0.17759117,0.24049107,5415,5204,-211
Battle_of_Caulk%27s_Field,0.17758311,0.24721813,5416,4733,-683
Battle_of_Craney_Island,0.17758311,0.24721813,5417,4734,-683
Trent_Affair,0.17758311,0.24721813,5418,4735,-683
Ko%C5%82obrzeg,0.17757574,0.21488838,5419,5967,548
1953_Iranian_coup_d%27%C3%A9tat,0.17755609,0.24940968,5420,4569,-851
Battle_of_Baltimore,0.17755609,0.24940968,5421,4570,-851
Battle_of_Basra_(2008),0.17755609,0.24940968,5422,4571,-851
Battle_of_Brownstown,0.17755609,0.24940968,5423,4572,-851
Battle_of_Chippawa,0.17755609,0.24940968,5424,4573,-851
Battle_of_Crysler%27s_Farm,0.17755609,0.24940968,5425,4574,-851
Battle_of_Plattsburgh,0.17755609,0.24940968,5426,4575,-851
Battle_of_Qala-i-Jangi,0.17755609,0.24940968,5427,4576,-851
Battle_of_St._Michaels,0.17755609,0.24940968,5428,4577,-851
Capture_of_Fort_Niagara,0.17755609,0.24940968,5429,4578,-851
Capture_of_HMS_Epervier,0.17755609,0.24940968,5430,4579,-851
Capture_of_HMS_Frolic,0.17755609,0.24940968,5431,4580,-851
Capture_of_HMS_Penguin,0.17755609,0.24940968,5432,4581,-851
Capture_of_USS_President,0.17755609,0.24940968,5433,4582,-851
Charles_Duncombe_(Upper_Canada_Rebellion),0.17755609,0.24940968,5434,4583,-851
Flagstaff_War,0.17755609,0.24940968,5435,4584,-851
Little_Belt_Affair,0.17755609,0.24940968,5436,4585,-851
Nanking_Incident,0.17755609,0.24940968,5437,4586,-851
Operation_Northern_Delay,0.17755609,0.24940968,5438,4587,-851
Pastry_War,0.17755609,0.24940968,5439,4588,-851
Raid_on_Gananoque,0.17755609,0.24940968,5440,4589,-851
Second_Battle_of_Fallujah,0.17755609,0.24940968,5441,4590,-851
Siege_of_Fort_Erie,0.17755609,0.24940968,5442,4591,-851
Siege_of_Fort_Mackinac,0.17755609,0.24940968,5443,4592,-851
Sinking_of_HMS_Peacock,0.17755609,0.24940968,5444,4593,-851
USS_Constitution_vs_HMS_Guerriere,0.17755609,0.24940968,5445,4594,-851
USS_United_States_vs_HMS_Macedonian,0.17755609,0.24940968,5446,4595,-851
Capture_of_HMS_Cyane,0.17755609,0.24940968,5447,4596,-851
Syracuse_Hancock_International_Airport,0.17755468,0.23460325,5448,5303,-145
Michael_Bishop_(author),0.17755367,0.18929683,5449,6814,1365
Akron%2013Canton_Airport,0.17754685,0.23252270,5450,5437,-13
Rzhev,0.17753511,0.19833257,5451,6560,1109
Bay_of_C%C3%A1rdenas,0.17752667,0.21656434,5452,5927,475
"C%C3%A1rdenas,_Cuba",0.17752667,0.21656434,5453,5928,475
Matanzas,0.17752667,0.21656434,5454,5929,475
2000_Zhani-Vedeno_ambush,0.17750823,0.24771098,5455,4677,-778
2005_Nalchik_raid,0.17750823,0.24771098,5456,4678,-778
Battle_of_Ko%C5%A1are,0.17750823,0.24771098,5457,4679,-778
Beslan_school_hostage_crisis,0.17750823,0.24771098,5458,4680,-778
Gimry_fighting,0.17750823,0.24771098,5459,4681,-778
January_2005_Dagestan_Raids,0.17750823,0.24771098,5460,4682,-778
Occupation_of_Poti,0.17750823,0.24771098,5461,4683,-778
Samashki_massacre,0.17750823,0.24771098,5462,4716,-746
Third_Taiwan_Strait_Crisis,0.17750823,0.24771098,5463,4717,-746
War_in_Abkhazia_(1992%201393),0.17750823,0.24771098,5464,4718,-746
War_in_Ingushetia,0.17750823,0.24771098,5465,4719,-746
Legislative_districts_of_Quezon,0.17750062,0.20629565,5466,6222,756
Quezon,0.17750062,0.20629565,5467,6223,756
Ifugao,0.17750062,0.20629565,5468,6224,756
Legislative_district_of_Ifugao,0.17750062,0.20629565,5469,6225,756
Kollaa_River,0.17748060,0.21491105,5470,5966,496
Simon_Critchley,0.17747102,0.19559770,5471,6634,1163
Anglo-Spanish_War_(1796%20131808),0.17744964,0.23204815,5472,5449,-23
Battle_of_Bloody_Marsh,0.17744964,0.23204815,5473,5450,-23
Battle_of_Cape_Passaro,0.17744964,0.23204815,5474,5451,-23
Battle_of_Cape_St_Vincent_(1797),0.17744964,0.23204815,5475,5452,-23
Battle_of_Glen_Shiel,0.17744964,0.23204815,5476,5453,-23
Battle_of_Gully_Hole_Creek,0.17744964,0.23204815,5477,5454,-23
Battle_of_Havana_(1762),0.17744964,0.23204815,5478,5455,-23
Battle_of_Manila_(1762),0.17744964,0.23204815,5479,5456,-23
Battle_of_Porto_Bello,0.17744964,0.23204815,5480,5457,-23
Battle_of_San_Juan_(1797),0.17744964,0.23204815,5481,5458,-23
Battle_of_Santa_Cruz_de_Tenerife_(1797),0.17744964,0.23204815,5482,5459,-23
Battle_of_St._Louis,0.17744964,0.23204815,5483,5460,-23
Siege_of_St._Augustine_(1740),0.17744964,0.23204815,5484,5461,-23
Spain_in_the_American_Revolutionary_War,0.17744964,0.23204815,5485,5462,-23
Gene_Wolfe,0.17741717,0.19009199,5486,6793,1307
Erivan_Governorate,0.17735814,0.21707123,5487,5913,426
Gyumri,0.17735814,0.21707123,5488,5914,426
Boris_Artzybasheff,0.17734784,0.18230843,5489,7060,1571
Japanese_yen,0.17734246,0.33184792,5490,2496,-2994
Azerbaijan_Soviet_Socialist_Republic,0.17730173,0.23385770,5491,5359,-132
World_War_II_in_Yugoslavia,0.17729670,0.22069652,5492,5765,273
Herzegovina,0.17728406,0.21557300,5493,5960,467
Portuguese_Timor,0.17725776,0.24425144,5494,4773,-721
Timor,0.17725776,0.24425144,5495,4774,-721
West_Timor,0.17725776,0.24425144,5496,4775,-721
Chulman_Airport,0.17723719,0.23720025,5497,5261,-236
Dutch_Revolt,0.17719740,0.22327157,5498,5645,147
Eighty_Years%27_War,0.17719740,0.22327157,5499,5646,147
Verdun,0.17715913,0.20623125,5500,6228,728
W%C5%82odawa,0.17715103,0.21304058,5501,6036,535
Wytyczno,0.17715103,0.21304058,5502,6037,535
A_Bathing_Ape,0.17713684,0.28197810,5503,3587,-1916
Denmark%2013Norway,0.17707507,0.20873722,5504,6163,659
Werner_Krieglstein,0.17707053,0.19226631,5505,6748,1243
Torstenson_War,0.17701439,0.21463969,5506,5977,471
Norwegian_language,0.17701014,0.28255430,5507,3583,-1924
Battle_of_Mouquet_Farm,0.17700597,0.24416942,5508,4777,-731
Finnish_language,0.17697598,0.30079873,5509,2899,-2610
Swedish_language,0.17697598,0.30079873,5510,2900,-2610
B%E1%BB%93ng_S%C6%A1n,0.17695008,0.24344854,5511,4784,-727
Kim_S%C6%A1n,0.17695008,0.24344854,5512,4785,-727
Jhumpa_Lahiri,0.17694448,0.18874303,5513,6836,1323
1993_Summer_Offensives,0.17689971,0.23409297,5514,5344,-170
Battle_of_Kalbajar,0.17689971,0.23409297,5515,5345,-170
Capture_of_Shusha,0.17689971,0.23409297,5516,5346,-170
Patricia_Buckley_Bozell,0.17680942,0.18548620,5517,6905,1388
Libyan_Desert,0.17680888,0.21067234,5518,6116,598
Silmido,0.17679780,0.22797988,5519,5533,14
Baltim,0.17679196,0.21264635,5520,6057,537
Damietta,0.17679196,0.21264635,5521,6058,537
Dumyat,0.17679196,0.21264635,5522,6059,537
Great_Bitter_Lake,0.17679196,0.21264635,5523,6060,537
Operation_Tannenbaum,0.17677705,0.24833172,5524,4675,-849
Sarah_Kofman,0.17676656,0.19241100,5525,6735,1210
Hotel_Bellevue_Palace,0.17671975,0.23832706,5526,5228,-298
RUAG,0.17671975,0.23832706,5527,5231,-296
L._Brent_Bozell_III,0.17666061,0.18548620,5528,6902,1374
Narvik,0.17663942,0.20358002,5529,6290,761
Greenville%2013Spartanburg_International_Airport,0.17663884,0.23631079,5530,5276,-254
Bratislava,0.17663838,0.23413161,5531,5343,-188
Punjabi_phrasebook,0.17660847,0.33629881,5532,2438,-3094
Sindhi_phrasebook,0.17660847,0.33629881,5533,2439,-3094
Urdu,0.17660847,0.33629881,5534,2440,-3094
"Venustiano_Carranza,_D.F.",0.17659128,0.21744986,5535,5900,365
Brazi,0.17657168,0.21042560,5536,6123,587
C%C3%A2mpina,0.17657168,0.21042560,5537,6124,587
Ploie%C8%99ti,0.17657168,0.21042560,5538,6125,587
Siege_of_Delhi,0.17655009,0.19834076,5539,6558,1019
"Dongyin,_Lienchiang",0.17654314,0.22329456,5540,5643,103
"Fujian_Province,_Republic_of_China",0.17654314,0.22329456,5541,5644,103
Hanover,0.17650840,0.20650417,5542,6218,676
Ivan_Soll,0.17649718,0.19146959,5543,6770,1227
Carl_Hancock_Rux,0.17649627,0.18849567,5544,6842,1298
Siege_of_Dunkirk_(1944%201345),0.17648344,0.23115011,5545,5470,-75
Operation_Little_Saturn,0.17644660,0.21247609,5546,6062,516
Operation_Uranus,0.17644660,0.21247609,5547,6063,516
wordnet_wine_107891726,0.17642540,0.30910042,5548,2780,-2768
Ibn_Tufail,0.17639093,0.19351780,5549,6705,1156
Battle_of_N%C3%B6rdlingen_(1634),0.17632830,0.21747134,5550,5899,349
Battle_of_Freiburg,0.17625186,0.22149766,5551,5718,167
Battle_of_N%C3%B6rdlingen_(1645),0.17625186,0.22149766,5552,5719,167
Battle_of_Massawa_(1977),0.17624786,0.24365872,5553,4781,-772
Action_of_5_October_1804,0.17622656,0.23085554,5554,5476,-78
La_Albuera,0.17619860,0.20157659,5555,6429,874
Damian_McDonald_(writer),0.17619788,0.18971856,5556,6803,1247
Battle_of_Aldie,0.17617366,0.24322922,5557,4791,-766
Battle_of_Allatoona,0.17617366,0.24322922,5558,4792,-766
Battle_of_Atlanta,0.17617366,0.24322922,5559,4793,-766
Battle_of_Big_Bethel,0.17617366,0.24322922,5560,4794,-766
Battle_of_Blackburn%27s_Ford,0.17617366,0.24322922,5561,4795,-766
Battle_of_Blountville,0.17617366,0.24322922,5562,4796,-766
Battle_of_Blue_Springs,0.17617366,0.24322922,5563,4797,-766
Battle_of_Boonsboro,0.17617366,0.24322922,5564,4798,-766
Battle_of_Boonville,0.17617366,0.24322922,5565,4799,-766
Battle_of_Boydton_Plank_Road,0.17617366,0.24322922,5566,4800,-766
Battle_of_Brandy_Station,0.17617366,0.24322922,5567,4801,-766
Battle_of_Brentwood,0.17617366,0.24322922,5568,4802,-766
Battle_of_Britton%27s_Lane,0.17617366,0.24322922,5569,4803,-766
Battle_of_Buck_Head_Creek,0.17617366,0.24322922,5570,4804,-766
Battle_of_Cedar_Creek,0.17617366,0.24322922,5571,4805,-766
Battle_of_Cedar_Mountain,0.17617366,0.24322922,5572,4806,-766
Battle_of_Chaffin%27s_Farm,0.17617366,0.24322922,5573,4807,-766
Battle_of_Champion_Hill,0.17617366,0.24322922,5574,4808,-766
Battle_of_Chancellorsville,0.17617366,0.24322922,5575,4809,-766
Battle_of_Chantilly,0.17617366,0.24322922,5576,4810,-766
Battle_of_Charlestown,0.17617366,0.24322922,5577,4811,-766
Battle_of_Dingle%27s_Mill,0.17617366,0.24322922,5578,4812,-766
Battle_of_Dry_Wood_Creek,0.17617366,0.24322922,5579,4813,-766
Battle_of_Fredericktown,0.17617366,0.24322922,5580,4814,-766
Battle_of_Gaines%27s_Mill,0.17617366,0.24322922,5581,4815,-766
Battle_of_Liberty,0.17617366,0.24322922,5582,4816,-766
Battle_of_Mile_Hill,0.17617366,0.24322922,5583,4817,-766
Battle_of_Mount_Zion_Church,0.17617366,0.24322922,5584,4818,-766
Battle_of_Rivers%27_Bridge,0.17617366,0.24322922,5585,4819,-766
Battle_of_Roan%27s_Tan_Yard,0.17617366,0.24322922,5586,4820,-766
Battle_of_Rogersville,0.17617366,0.24322922,5587,4821,-766
Battle_of_Simmon%27s_Bluff,0.17617366,0.24322922,5588,4822,-766
Battle_of_Totopotomoy_Creek,0.17617366,0.24322922,5589,4823,-766
First_Battle_of_Lexington,0.17617366,0.24322922,5590,4824,-766
First_Battle_of_Springfield,0.17617366,0.24322922,5591,4825,-766
Fuengirola,0.17616949,0.20445511,5592,6270,678
Somosierra,0.17616949,0.20445511,5593,6271,678
Somosierra,0.17616949,0.20445511,5594,6272,678
"Tudela,_Navarre",0.17616949,0.20445511,5595,6273,678
wordnet_flower_111669921,0.17614386,0.27681566,5596,3701,-1895
Castrovillari,0.17607053,0.20926505,5597,6157,560
Morano_Calabro,0.17607053,0.20926505,5598,6158,560
Mormanno,0.17607053,0.20926505,5599,6159,560
"Charlotte_Amalie,_U.S._Virgin_Islands",0.17605965,0.19803679,5600,6569,969
Kingdom_of_Italy,0.17605871,0.21100595,5601,6106,505
Piave_(river),0.17605871,0.21100595,5602,6107,505
Vittorio_Veneto,0.17605871,0.21100595,5603,6108,505
University_College_Dublin,0.17604903,0.19841608,5604,6553,949
Karl_Jaspers,0.17604528,0.18962786,5605,6806,1201
Hispano-Moroccan_War_(1859%201360),0.17603814,0.23834700,5606,5226,-380
Kurdistan,0.17603352,0.20119104,5607,6452,845
Alta,0.17603262,0.20606618,5608,6234,626
G%C3%A1ivuotna%2013K%C3%A5fjord,0.17603262,0.20606618,5609,6235,626
Buffington_Island,0.17601488,0.21314310,5610,6019,409
"Meigs_County,_Ohio",0.17601488,0.21314310,5611,6020,409
"Clay_County,_Arkansas",0.17601488,0.21314310,5612,6021,409
"Dunklin_County,_Missouri",0.17601488,0.21314310,5613,6022,409
"Morgan_County,_West_Virginia",0.17601488,0.21314310,5614,6023,409
"Fayetteville,_North_Carolina",0.17601488,0.21314310,5615,6024,409
"Hoke_County,_North_Carolina",0.17601488,0.21314310,5616,6025,409
"Caroline_County,_Virginia",0.17601488,0.21314310,5617,6026,409
"Richmond,_Kentucky",0.17601488,0.21314310,5618,6027,409
"Westport,_Kansas_City,_Missouri",0.17601488,0.21314310,5619,6028,409
Cumberland_Gap,0.17601488,0.21314310,5620,6029,409
Saint_Bernard_Parish,0.17601488,0.21314310,5621,6030,409
"St._Bernard_Parish,_Louisiana",0.17601488,0.21314310,5622,6031,409
"La_Grange,_Tennessee",0.17601488,0.21314310,5623,6032,409
South_(United_States_of_America),0.17601488,0.21314310,5624,6033,409
Siege_of_Stralsund_(1628),0.17600452,0.22622754,5625,5567,-58
Steven_Ford_Brown,0.17598874,0.18836799,5626,6846,1220
West_New_Britain_Province,0.17592386,0.20944928,5627,6155,528
Battle_of_La_Plata,0.17591297,0.23357379,5628,5363,-265
Battle_of_Las_Mercedes,0.17591297,0.23357379,5629,5364,-265
Battle_of_Santa_Clara,0.17591297,0.23357379,5630,5365,-265
Battle_of_Yaguajay,0.17591297,0.23357379,5631,5366,-265
Cinzano,0.17591297,0.23357379,5632,5368,-264
Japur%C3%A1_River,0.17591297,0.23357379,5633,5369,-264
Moncada_Barracks,0.17591297,0.23357379,5634,5370,-264
Operation_Verano,0.17591297,0.23357379,5635,5371,-264
Ten_Years%27_War,0.17591297,0.23357379,5636,5372,-264
Siege_of_Namur_(1695),0.17590014,0.22120324,5637,5727,90
Corydon,0.17589628,0.21264794,5638,6050,412
"Corydon,_Indiana",0.17589628,0.21264794,5639,6051,412
"Peralta,_New_Mexico",0.17589628,0.21264794,5640,6052,412
"Camp_Hill,_Pennsylvania",0.17589628,0.21264794,5641,6053,412
"East_Pennsboro_Township,_Cumberland_County,_Pennsylvania",0.17589628,0.21264794,5642,6054,412
"Hampden_Township,_Cumberland_County,_Pennsylvania",0.17589628,0.21264794,5643,6055,412
Arizona_Territory_(Confederate_States_of_America),0.17589628,0.21264794,5644,6056,412
Ravenna,0.17589405,0.20192348,5645,6420,775
Black_Sea_campaigns_(1941%201344),0.17580464,0.21977793,5646,5811,165
Battle_of_Magdhaba,0.17576763,0.23494619,5647,5294,-353
French_West_Africa,0.17576485,0.20055364,5648,6472,824
Utrecht,0.17574789,0.19866745,5649,6537,888
Paint_It_Black_(novel),0.17573694,0.17584674,5650,7336,1686
White_Oleander,0.17573694,0.17584674,5651,7337,1686
Sepik,0.17573202,0.20924800,5652,6160,508
Omar_Khayy%C3%A1m,0.17572013,0.19097157,5653,6772,1119
Battle_of_Lutterberg_(1762),0.17567613,0.19608924,5654,6607,953
Battle_of_Uman,0.17566077,0.21116693,5655,6096,441
Budapest_Offensive,0.17566077,0.21116693,5656,6097,441
Siege_of_Budapest,0.17566077,0.21116693,5657,6098,441
Franz_Kafka_Prize,0.17564230,0.20005624,5658,6495,837
Kazachinskoe_Airport,0.17561309,0.23332312,5659,5388,-271
Nizhneudinsk_Airport,0.17561309,0.23332312,5660,5389,-271
Pont_de_Molins,0.17557810,0.20301950,5661,6369,708
Sant_Lloren%C3%A7_de_la_Muga,0.17557810,0.20301950,5662,6370,708
South_African_Border_War,0.17555859,0.21717303,5663,5911,248
Kerala_Sahitya_Akademi_Award,0.17554009,0.19887884,5664,6531,867
Kerala_State_Film_Award,0.17554009,0.19887884,5665,6532,867
Paul_Haines_(fiction_writer),0.17553140,0.18596198,5666,6894,1228
Dutch_Harbor-Unalaska,0.17550258,0.20289994,5667,6375,708
wordnet_nickel_114646610,0.17550135,0.30949586,5668,2777,-2891
Lithuanian_Railways,0.17547441,0.21997821,5669,5807,138
Sorpe_Dam,0.17543742,0.19060721,5670,6785,1115
Santa_Isabel_Island,0.17542249,0.20743949,5671,6200,529
Oton_%C5%BDupan%C4%8Di%C4%8D,0.17537461,0.18557992,5672,6897,1225
Klaip%C4%97da_Revolt,0.17536359,0.22964128,5673,5497,-176
Azerbaijan_People%27s_Government,0.17535056,0.19891410,5674,6527,853
Pahlavi_dynasty,0.17535056,0.19891410,5675,6528,853
Republic_of_Mahabad,0.17535056,0.19891410,5676,6529,853
1954_Guatemalan_coup_d%27%C3%A9tat,0.17531498,0.24089903,5677,4886,-791
1964_Brazilian_coup_d%27%C3%A9tat,0.17531498,0.24089903,5678,4887,-791
1967_Greek_coup_d%27%C3%A9tat,0.17531498,0.24089903,5679,4888,-791
1989_Philippine_coup_attempt,0.17531498,0.24089903,5680,4889,-791
Action_in_the_Gulf_of_Sidra_(1986),0.17531498,0.24089903,5681,4890,-791
Action_of_18_March_2006,0.17531498,0.24089903,5682,4891,-791
Action_of_28_October_2007,0.17531498,0.24089903,5683,4892,-791
Action_of_3_June_2007,0.17531498,0.24089903,5684,4893,-791
Ambush_of_Geary,0.17531498,0.24089903,5685,4894,-791
American_Civil_War,0.17531498,0.24089903,5686,4895,-791
Angoor_Ada_raid,0.17531498,0.24089903,5687,4896,-791
Antelope_Hills_Expedition,0.17531498,0.24089903,5688,4897,-791
Aroostook_War,0.17531498,0.24089903,5689,4898,-791
Attack_at_Ament%27s_Cabin,0.17531498,0.24089903,5690,4899,-791
Attacks_at_Fort_Blue_Mounds,0.17531498,0.24089903,5691,4900,-791
Balangiga_massacre,0.17531498,0.24089903,5692,4901,-791
Banja_Luka_incident,0.17531498,0.24089903,5693,4902,-791
Bannock_War,0.17531498,0.24089903,5694,4903,-791
Barbary_Wars,0.17531498,0.24089903,5695,4904,-791
Battle_for_Mexico_City,0.17531498,0.24089903,5696,4905,-791
Battle_of_Abu_Ghraib,0.17531498,0.24089903,5697,4906,-791
Battle_of_Al_Qaim,0.17531498,0.24089903,5698,4907,-791
Battle_of_Antietam,0.17531498,0.24089903,5699,4908,-791
Battle_of_Apache_Pass,0.17531498,0.24089903,5700,4909,-791
Battle_of_Apple_River_Fort,0.17531498,0.24089903,5701,4910,-791
Battle_of_Ash_Hollow,0.17531498,0.24089903,5702,4911,-791
Battle_of_Athens_(1861),0.17531498,0.24089903,5703,4912,-791
Battle_of_Bad_Axe,0.17531498,0.24089903,5704,4913,-791
Battle_of_Baqubah,0.17531498,0.24089903,5705,4914,-791
Battle_of_Bargal_(2007),0.17531498,0.24089903,5706,4915,-791
Battle_of_Bear_Paw,0.17531498,0.24089903,5707,4916,-791
Battle_of_Beaver_Dams,0.17531498,0.24089903,5708,4917,-791
Battle_of_Beecher_Island,0.17531498,0.24089903,5709,4918,-791
Battle_of_Big_Mound,0.17531498,0.24089903,5710,4919,-791
Battle_of_Birch_Coulee,0.17531498,0.24089903,5711,4920,-791
Battle_of_Bladensburg,0.17531498,0.24089903,5712,4921,-791
Battle_of_Blanco_Canyon,0.17531498,0.24089903,5713,4922,-791
Battle_of_Bristoe_Station,0.17531498,0.24089903,5714,4923,-791
Battle_of_Buena_Vista,0.17531498,0.24089903,5715,4924,-791
Battle_of_Burnt_Corn,0.17531498,0.24089903,5716,4925,-791
Battle_of_Ca%C3%B1ada,0.17531498,0.24089903,5717,4926,-791
Battle_of_Cagayan_de_Misamis,0.17531498,0.24089903,5718,4927,-791
Battle_of_Canyon_Creek,0.17531498,0.24089903,5719,4928,-791
Battle_of_Carrizal,0.17531498,0.24089903,5720,4929,-791
Battle_of_Carthage_(1861),0.17531498,0.24089903,5721,4930,-791
Battle_of_Cedar_Creek_(1876),0.17531498,0.24089903,5722,4931,-791
Battle_of_Cerro_Gordo,0.17531498,0.24089903,5723,4932,-791
Battle_of_Chapultepec,0.17531498,0.24089903,5724,4933,-791
Battle_of_Churubusco,0.17531498,0.24089903,5725,4934,-791
Battle_of_Cienfuegos,0.17531498,0.24089903,5726,4935,-791
Battle_of_Cole_Camp_(1861),0.17531498,0.24089903,5727,4936,-791
Battle_of_Contreras,0.17531498,0.24089903,5728,4937,-791
Battle_of_Cook%27s_Mills,0.17531498,0.24089903,5729,4938,-791
Battle_of_Dead_Buffalo_Lake,0.17531498,0.24089903,5730,4939,-791
Battle_of_Derne,0.17531498,0.24089903,5731,4940,-791
Battle_of_Dolores_River,0.17531498,0.24089903,5732,4941,-791
Battle_of_Dominguez_Rancho,0.17531498,0.24089903,5733,4942,-791
Battle_of_Donkey_Island,0.17531498,0.24089903,5734,4943,-791
Battle_of_Dry_Lake,0.17531498,0.24089903,5735,4944,-791
Battle_of_El_Brazito,0.17531498,0.24089903,5736,4945,-791
Battle_of_Firebase_Anaconda,0.17531498,0.24089903,5737,4946,-791
Battle_of_Fort_Dearborn,0.17531498,0.24089903,5738,4947,-791
Battle_of_Fort_George,0.17531498,0.24089903,5739,4948,-791
Battle_of_Fort_Oswego_(1814),0.17531498,0.24089903,5740,4949,-791
Battle_of_Fort_Ridgely,0.17531498,0.24089903,5741,4950,-791
Battle_of_Fort_Stephenson,0.17531498,0.24089903,5742,4951,-791
Battle_of_Fort_Tularosa,0.17531498,0.24089903,5743,4952,-791
Battle_of_Four_Lakes,0.17531498,0.24089903,5744,4953,-791
Battle_of_Frenchtown,0.17531498,0.24089903,5745,4954,-791
Battle_of_Gettysburg,0.17531498,0.24089903,5746,4955,-791
Battle_of_Haditha,0.17531498,0.24089903,5747,4956,-791
Battle_of_Hampden,0.17531498,0.24089903,5748,4957,-791
Battle_of_Honsinger_Bluff,0.17531498,0.24089903,5749,4958,-791
Battle_of_Horseshoe_Bend_(1814),0.17531498,0.24089903,5750,4959,-791
Battle_of_Horseshoe_Bend_(1832),0.17531498,0.24089903,5751,4960,-791
Battle_of_Huamantla,0.17531498,0.24089903,5752,4961,-791
Battle_of_Kenapacomaqua,0.17531498,0.24089903,5753,4962,-791
Battle_of_Khe_Sanh,0.17531498,0.24089903,5754,4963,-791
Battle_of_Killdeer_Mountain,0.17531498,0.24089903,5755,4964,-791
Battle_of_La_Mesa,0.17531498,0.24089903,5756,4965,-791
Battle_of_Lake_Erie,0.17531498,0.24089903,5757,4966,-791
Battle_of_Lake_Okeechobee,0.17531498,0.24089903,5758,4967,-791
Battle_of_Lincoln_(1878),0.17531498,0.24089903,5759,4968,-791
Battle_of_Little_Robe_Creek,0.17531498,0.24089903,5760,4969,-791
Battle_of_Lost_River,0.17531498,0.24089903,5761,4970,-791
Battle_of_Lower_Sioux_Agency,0.17531498,0.24089903,5762,4971,-791
Battle_of_Mackinac_Island_(1814),0.17531498,0.24089903,5763,4972,-791
Battle_of_Manila_Bay,0.17531498,0.24089903,5764,4973,-791
Battle_of_Molino_del_Rey,0.17531498,0.24089903,5765,4974,-791
Battle_of_Monterey,0.17531498,0.24089903,5766,4975,-791
Battle_of_Monterrey,0.17531498,0.24089903,5767,4976,-791
Battle_of_Mosul_(2004),0.17531498,0.24089903,5768,4977,-791
Battle_of_Musgrove_Mill,0.17531498,0.24089903,5769,4978,-791
Battle_of_Najaf_(2004),0.17531498,0.24089903,5770,4979,-791
Battle_of_Natividad,0.17531498,0.24089903,5771,4980,-791
Battle_of_New_Orleans,0.17531498,0.24089903,5772,4981,-791
Battle_of_Nipe_Bay,0.17531498,0.24089903,5773,4982,-791
Battle_of_North_Point,0.17531498,0.24089903,5774,4983,-791
Battle_of_Ogdensburg,0.17531498,0.24089903,5775,4984,-791
Battle_of_Ong_Thanh,0.17531498,0.24089903,5776,4985,-791
Battle_of_Palo_Alto,0.17531498,0.24089903,5777,4986,-791
Battle_of_Palo_Duro_Canyon,0.17531498,0.24089903,5778,4987,-791
Battle_of_Picacho_Pass,0.17531498,0.24089903,5779,4988,-791
Battle_of_Pine_Creek,0.17531498,0.24089903,5780,4989,-791
Battle_of_Powder_River,0.17531498,0.24089903,5781,4990,-791
Battle_of_Ramadi_(2004),0.17531498,0.24089903,5782,4991,-791
Battle_of_Red_Bank,0.17531498,0.24089903,5783,4992,-791
Battle_of_Resaca_de_la_Palma,0.17531498,0.24089903,5784,4993,-791
Battle_of_Rio_Hill,0.17531498,0.24089903,5785,4994,-791
Battle_of_San_Pasqual,0.17531498,0.24089903,5786,4995,-791
Battle_of_Santiago_de_Cuba,0.17531498,0.24089903,5787,4996,-791
Battle_of_Seattle_(1856),0.17531498,0.24089903,5788,4997,-791
Battle_of_Shewan,0.17531498,0.24089903,5789,4998,-791
Battle_of_Shimonoseki_Straits,0.17531498,0.24089903,5790,4999,-791
Battle_of_Slim_Buttes,0.17531498,0.24089903,5791,5000,-791
Battle_of_Stillman%27s_Run,0.17531498,0.24089903,5792,5001,-791
Battle_of_Stoney_Creek,0.17531498,0.24089903,5793,5002,-791
Battle_of_Stony_Lake,0.17531498,0.24089903,5794,5003,-791
Battle_of_Sugar_Point,0.17531498,0.24089903,5795,5004,-791
Battle_of_Summit_Springs,0.17531498,0.24089903,5796,5005,-791
Battle_of_Tal_Afar,0.17531498,0.24089903,5797,5006,-791
Battle_of_Talladega,0.17531498,0.24089903,5798,5007,-791
Battle_of_Tallushatchee,0.17531498,0.24089903,5799,5008,-791
Battle_of_Taraca,0.17531498,0.24089903,5800,5009,-791
Battle_of_Tippecanoe,0.17531498,0.24089903,5801,5010,-791
Battle_of_Tipton%27s_Island,0.17531498,0.24089903,5802,5011,-791
Battle_of_Trenton,0.17531498,0.24089903,5803,5012,-791
Battle_of_Turki,0.17531498,0.24089903,5804,5013,-791
Battle_of_Turret_Peak,0.17531498,0.24089903,5805,5014,-791
Battle_of_Wahoo_Swamp,0.17531498,0.24089903,5806,5015,-791
Battle_of_Warbonnet_Creek,0.17531498,0.24089903,5807,5016,-791
Battle_of_Washita_River,0.17531498,0.24089903,5808,5017,-791
Battle_of_White_Bird_Canyon,0.17531498,0.24089903,5809,5018,-791
Battle_of_Whitestone_Hill,0.17531498,0.24089903,5810,5019,-791
Battle_of_Wisconsin_Heights,0.17531498,0.24089903,5811,5020,-791
Battle_of_Wolf_Mountain,0.17531498,0.24089903,5812,5021,-791
Battle_of_Wood_Lake,0.17531498,0.24089903,5813,5022,-791
Battle_of_Yellow_House_Canyon,0.17531498,0.24089903,5814,5023,-791
Battle_of_the_Big_Hole,0.17531498,0.24089903,5815,5024,-791
Battle_of_the_Clearwater,0.17531498,0.24089903,5816,5025,-791
Battle_of_the_Little_Bighorn,0.17531498,0.24089903,5817,5026,-791
Battle_of_the_Mississinewa,0.17531498,0.24089903,5818,5027,-791
Battle_of_the_North_Fork_of_the_Red_River,0.17531498,0.24089903,5819,5028,-791
Battle_of_the_Rosebud,0.17531498,0.24089903,5820,5029,-791
Battle_of_the_Thames,0.17531498,0.24089903,5821,5030,-791
Battle_of_the_Tongue_River,0.17531498,0.24089903,5822,5031,-791
Battle_off_Cape_Gata,0.17531498,0.24089903,5823,5032,-791
Battle_off_Cape_Palos,0.17531498,0.24089903,5824,5033,-791
Battles_of_New_Ulm,0.17531498,0.24089903,5825,5034,-791
Bear_River_Massacre,0.17531498,0.24089903,5826,5035,-791
Black_Hawk_War_(1865%201372),0.17531498,0.24089903,5827,5036,-791
Buffalo_Grove_ambush,0.17531498,0.24089903,5828,5037,-791
Buffalo_Hunters%27_War,0.17531498,0.24089903,5829,5038,-791
Burning_of_Washington,0.17531498,0.24089903,5830,5039,-791
Capture_of_Fort_Erie,0.17531498,0.24089903,5831,5040,-791
Capture_of_Guam,0.17531498,0.24089903,5832,5041,-791
Capture_of_HMS_Boxer,0.17531498,0.24089903,5833,5042,-791
Capture_of_Santa_Fe,0.17531498,0.24089903,5834,5043,-791
Capture_of_USS_Chesapeake,0.17531498,0.24089903,5835,5044,-791
Cayuse_War,0.17531498,0.24089903,5836,5045,-791
Colorado_War,0.17531498,0.24089903,5837,5046,-791
Communist_insurgency_in_the_Philippines,0.17531498,0.24089903,5838,5047,-791
Creek_War,0.17531498,0.24089903,5839,5048,-791
Cuban_Revolution,0.17531498,0.24089903,5840,5049,-791
Dade_Massacre,0.17531498,0.24089903,5841,5051,-790
Dakota_War_of_1862,0.17531498,0.24089903,5842,5052,-790
Diyala_campaign,0.17531498,0.24089903,5843,5053,-790
Dull_Knife_Fight,0.17531498,0.24089903,5844,5054,-790
Engagements_on_Lake_Huron,0.17531498,0.24089903,5845,5055,-790
Engagements_on_Lake_Ontario,0.17531498,0.24089903,5846,5056,-790
Fall_of_Mazari_Sharif,0.17531498,0.24089903,5847,5057,-790
Fetterman_Fight,0.17531498,0.24089903,5848,5058,-790
First_Barbary_War,0.17531498,0.24089903,5849,5059,-790
First_Battle_of_Adobe_Walls,0.17531498,0.24089903,5850,5060,-790
First_Battle_of_Bud_Dajo,0.17531498,0.24089903,5851,5061,-790
First_Battle_of_Mora,0.17531498,0.24089903,5852,5062,-790
First_Battle_of_Sacket%27s_Harbor,0.17531498,0.24089903,5853,5063,-790
First_Battle_of_Tabasco,0.17531498,0.24089903,5854,5064,-790
First_Battle_of_Tuxpan,0.17531498,0.24089903,5855,5065,-790
First_Battle_of_the_Stronghold,0.17531498,0.24089903,5856,5066,-790
Ghost_Dance_War,0.17531498,0.24089903,5857,5067,-790
Grattan_massacre,0.17531498,0.24089903,5858,5068,-790
Great_Sioux_War_of_1876,0.17531498,0.24089903,5859,5069,-790
Greek_Civil_War,0.17531498,0.24089903,5860,5070,-790
Gulf_of_Sidra_incident_(1981),0.17531498,0.24089903,5861,5071,-790
Harmar_Campaign,0.17531498,0.24089903,5862,5072,-790
Hassan_Uprising,0.17531498,0.24089903,5863,5073,-790
Hayfield_Fight,0.17531498,0.24089903,5864,5074,-790
Iraq_spring_fighting_of_2008,0.17531498,0.24089903,5865,5075,-790
Jean-Michel_Basquiat,0.17531498,0.24089903,5866,5076,-790
John_Brown%27s_raid_on_Harpers_Ferry,0.17531498,0.24089903,5867,5077,-790
Karbala_provincial_headquarters_raid,0.17531498,0.24089903,5868,5078,-790
Landing_on_Emirau,0.17531498,0.24089903,5869,5079,-790
Las_Cuevas_War,0.17531498,0.24089903,5870,5080,-790
Lower_Canada_Rebellion,0.17531498,0.24089903,5871,5081,-790
Mexican%2013American_War,0.17531498,0.24089903,5872,5082,-790
Minor_attacks_of_the_Black_Hawk_War,0.17531498,0.24089903,5873,5083,-790
Modoc_War,0.17531498,0.24089903,5874,5084,-790
Moro_Crater_massacre,0.17531498,0.24089903,5875,5085,-790
Moro_Rebellion,0.17531498,0.24089903,5876,5086,-790
Nez_Perce_War,0.17531498,0.24089903,5877,5089,-788
Operation_Able_Warrior,0.17531498,0.24089903,5878,5090,-788
Operation_Airborne_Dragon,0.17531498,0.24089903,5879,5091,-788
Operation_Alljah,0.17531498,0.24089903,5880,5092,-788
Operation_Arbead_II,0.17531498,0.24089903,5881,5093,-788
Operation_Badlands,0.17531498,0.24089903,5882,5094,-788
Operation_Beaver_Cage,0.17531498,0.24089903,5883,5095,-788
Operation_Bull_Run,0.17531498,0.24089903,5884,5096,-788
Operation_Bulldog_Mammoth,0.17531498,0.24089903,5885,5097,-788
Operation_Commando_Eagle,0.17531498,0.24089903,5886,5098,-788
Operation_Dagger,0.17531498,0.24089903,5887,5099,-788
Operation_Desert_Scorpion_(Iraq_2003),0.17531498,0.24089903,5888,5100,-788
Operation_Eagle_Claw,0.17531498,0.24089903,5889,5101,-788
Operation_Hump,0.17531498,0.24089903,5890,5102,-788
Operation_Iron_Hammer_(Iraq_2003),0.17531498,0.24089903,5891,5103,-788
Operation_Market_Sweep,0.17531498,0.24089903,5892,5104,-788
Operation_Marne_Torch,0.17531498,0.24089903,5893,5105,-788
Operation_Mawtini,0.17531498,0.24089903,5894,5106,-788
Operation_Murfreesboro,0.17531498,0.24089903,5895,5107,-788
Operation_New_Market,0.17531498,0.24089903,5896,5108,-788
Operation_Peninsula_Strike,0.17531498,0.24089903,5897,5109,-788
Operation_Peregrine_II,0.17531498,0.24089903,5898,5110,-788
Operation_Phantom_Thunder,0.17531498,0.24089903,5899,5111,-788
Operation_Quyet_Thang_202,0.17531498,0.24089903,5900,5112,-788
Operation_Red_Dawn,0.17531498,0.24089903,5901,5113,-788
Operation_Red_Wings,0.17531498,0.24089903,5902,5114,-788
Operation_Sledgehammer_(2007),0.17531498,0.24089903,5903,5115,-788
Operation_Spear,0.17531498,0.24089903,5904,5116,-788
Operation_Speedy_Express,0.17531498,0.24089903,5905,5117,-788
Operation_Squeeze_Play,0.17531498,0.24089903,5906,5118,-788
Operation_Starlite,0.17531498,0.24089903,5907,5119,-788
Operation_Steel_Curtain,0.17531498,0.24089903,5908,5120,-788
Operation_Tiger_Hammer,0.17531498,0.24089903,5909,5121,-788
Operation_Viking_Hammer,0.17531498,0.24089903,5910,5122,-788
Operation_Warrior%27s_Rage,0.17531498,0.24089903,5911,5123,-788
Operation_Waverider,0.17531498,0.24089903,5912,5124,-788
Paiute_War,0.17531498,0.24089903,5913,5125,-788
People_Power_Revolution,0.17531498,0.24089903,5914,5126,-788
Pig_War,0.17531498,0.24089903,5915,5127,-788
Pleasant_Valley_War,0.17531498,0.24089903,5916,5128,-788
Plum_River_raid,0.17531498,0.24089903,5917,5129,-788
Powder_River_Expedition_(1865),0.17531498,0.24089903,5918,5130,-788
Raid_on_Alexandria,0.17531498,0.24089903,5919,5131,-788
Raid_on_Elizabethtown,0.17531498,0.24089903,5920,5132,-788
Ramadan_Offensive,0.17531498,0.24089903,5921,5133,-788
Red_Cloud%27s_War,0.17531498,0.24089903,5922,5134,-788
Sand_Creek_massacre,0.17531498,0.24089903,5923,5135,-788
Second_Barbary_War,0.17531498,0.24089903,5924,5136,-788
Second_Battle_of_Bud_Dajo,0.17531498,0.24089903,5925,5137,-788
Second_Battle_of_Manzanillo,0.17531498,0.24089903,5926,5138,-788
Second_Battle_of_Sacket%27s_Harbor,0.17531498,0.24089903,5927,5139,-788
Second_Battle_of_Tabasco,0.17531498,0.24089903,5928,5140,-788
Second_Battle_of_Tripoli_Harbor,0.17531498,0.24089903,5929,5141,-788
Second_Battle_of_the_Stronghold,0.17531498,0.24089903,5930,5142,-788
Second_Seminole_War,0.17531498,0.24089903,5931,5143,-788
Sheepeater_Indian_War,0.17531498,0.24089903,5932,5144,-788
Siege_of_Fort_Harrison,0.17531498,0.24089903,5933,5145,-788
Siege_of_Fort_Meigs,0.17531498,0.24089903,5934,5146,-788
Siege_of_Fort_Texas,0.17531498,0.24089903,5935,5147,-788
Siege_of_Fort_Wayne,0.17531498,0.24089903,5936,5148,-788
Siege_of_Los_Angeles,0.17531498,0.24089903,5937,5149,-788
Siege_of_Petersburg,0.17531498,0.24089903,5938,5150,-788
Siege_of_Prairie_du_Chien,0.17531498,0.24089903,5939,5151,-788
Siege_of_Puebla_(1847),0.17531498,0.24089903,5940,5152,-788
Siege_of_Pueblo_de_Taos,0.17531498,0.24089903,5941,5153,-788
Siege_of_Veracruz,0.17531498,0.24089903,5942,5154,-788
Siege_of_Vicksburg,0.17531498,0.24089903,5943,5155,-788
Sinsinawa_Mound_raid,0.17531498,0.24089903,5944,5156,-788
Sioux_Wars,0.17531498,0.24089903,5945,5157,-788
Skirmish_at_Blackwater_Creek,0.17531498,0.24089903,5946,5158,-788
Snake_War,0.17531498,0.24089903,5947,5159,-788
Spafford_Farm_massacre,0.17531498,0.24089903,5948,5160,-788
St._Vrain_massacre,0.17531498,0.24089903,5949,5161,-788
Tampico_Affair,0.17531498,0.24089903,5950,5162,-788
Taos_Revolt,0.17531498,0.24089903,5951,5163,-788
Third_Battle_of_Manzanillo,0.17531498,0.24089903,5952,5164,-788
Thornton_Affair,0.17531498,0.24089903,5953,5165,-788
2014_Latakia_offensive,0.17531498,0.24089903,5954,5172,-782
Battle_of_Big_Sandy_Creek,0.17531498,0.24089903,5955,5173,-782
Battle_of_Bud_Bagsak,0.17531498,0.24089903,5956,5174,-782
Battle_of_Cieneguilla,0.17531498,0.24089903,5957,5175,-782
Battle_of_Embudo_Pass,0.17531498,0.24089903,5958,5176,-782
Battle_of_Fort_Wayne,0.17531498,0.24089903,5959,5177,-782
Battle_of_Kellogg%27s_Grove,0.17531498,0.24089903,5960,5178,-782
Battle_of_Medina,0.17531498,0.24089903,5961,5179,-782
Battle_of_Rio_San_Gabriel,0.17531498,0.24089903,5962,5180,-782
Battle_of_Siranaya,0.17531498,0.24089903,5963,5181,-782
Battle_of_Waddams_Grove,0.17531498,0.24089903,5964,5182,-782
Operation_Bayonet_Lightning,0.17531498,0.24089903,5965,5183,-782
Operation_Iron_Justice,0.17531498,0.24089903,5966,5184,-782
Operation_Tomahawk,0.17531498,0.24089903,5967,5185,-782
Overthrow_of_the_Kingdom_of_Hawaii,0.17531498,0.24089903,5968,5186,-782
Pancho_Villa_Expedition,0.17531498,0.24089903,5969,5187,-782
Reform_War,0.17531498,0.24089903,5970,5188,-782
United_States_involvement_in_the_Mexican_Revolution,0.17531498,0.24089903,5971,5189,-782
United_States_occupation_of_Veracruz,0.17531498,0.24089903,5972,5190,-782
Utah_War,0.17531498,0.24089903,5973,5191,-782
Ute_Wars,0.17531498,0.24089903,5974,5192,-782
Wagon_Box_Fight,0.17531498,0.24089903,5975,5193,-782
Warren_Wagon_Train_Raid,0.17531498,0.24089903,5976,5194,-782
Wham_Paymaster_Robbery,0.17531498,0.24089903,5977,5195,-782
Whiskey_Rebellion,0.17531498,0.24089903,5978,5196,-782
White_River_War,0.17531498,0.24089903,5979,5197,-782
Winnebago_War,0.17531498,0.24089903,5980,5198,-782
Wounded_Knee_Massacre,0.17531498,0.24089903,5981,5199,-782
Yakima_War,0.17531498,0.24089903,5982,5200,-782
Portuguese_Angola,0.17526277,0.24127993,5983,4881,-1102
Portuguese_Guinea,0.17526277,0.24127993,5984,4882,-1102
Clinton_National_Airport,0.17523474,0.22809821,5985,5523,-462
Ia_Drang_Valley,0.17523078,0.20641210,5986,6219,233
Changjin-gang,0.17518369,0.23929462,5987,5220,-767
Vlieter_Incident,0.17517850,0.21306292,5988,6035,47
Dayton_International_Airport,0.17517165,0.23228582,5989,5445,-544
"Hyde_Park,_Chicago",0.17507144,0.19189844,5990,6750,760
Double_seigneurie_de_Maastricht,0.17505805,0.20129400,5991,6439,448
Bizerte,0.17505666,0.20512555,5992,6249,257
Kevin_McAleer,0.17501711,0.18631312,5993,6885,892
Lake_Balaton,0.17501086,0.19878038,5994,6535,541
Ad_Halom,0.17500857,0.19955621,5995,6512,517
Ibn_Ishaq,0.17500236,0.18678673,5996,6878,882
Des_Moines_International_Airport,0.17499021,0.23358149,5997,5362,-635
La_Romana_International_Airport,0.17497308,0.23292721,5998,5402,-596
First_Philippine_Republic,0.17495268,0.20302461,5999,6368,369
Netherlands_in_World_War_II,0.17494813,0.20484735,6000,6258,258
Pomerelia,0.17492705,0.20079545,6001,6468,467
The_Barricades,0.17492275,0.23366643,6002,5361,-641
University_of_Geneva,0.17491165,0.20144672,6003,6431,428
Barry_Hannah,0.17490752,0.18805690,6004,6850,846
Battle_of_Wattignies,0.17478346,0.21674533,6005,5921,-84
1_Police_Plaza,0.17478268,0.20307704,6006,6310,304
American_Airlines_Theatre,0.17478268,0.20307704,6007,6311,304
Carnegie_Hall,0.17478268,0.20307704,6008,6312,304
Chatham_Square,0.17478268,0.20307704,6009,6313,304
David_H._Koch_Theater,0.17478268,0.20307704,6010,6314,304
Delacorte_Theater,0.17478268,0.20307704,6011,6315,304
Liberty_Theatre,0.17478268,0.20307704,6012,6316,304
Lyric_Theatre_(1998_New_York_City),0.17478268,0.20307704,6013,6317,304
MCU_Park,0.17478268,0.20307704,6014,6318,304
New_Victory_Theater,0.17478268,0.20307704,6015,6319,304
42nd_Street_Shuttle,0.17478268,0.20307704,6016,6320,304
63rd_Street_Lines,0.17478268,0.20307704,6017,6321,304
7_Subway_Extension,0.17478268,0.20307704,6018,6322,304
Archer_Avenue_Lines,0.17478268,0.20307704,6019,6323,304
BMT_Astoria_Line,0.17478268,0.20307704,6020,6324,304
BMT_Brighton_Line,0.17478268,0.20307704,6021,6325,304
BMT_Broadway_Line,0.17478268,0.20307704,6022,6326,304
BMT_Canarsie_Line,0.17478268,0.20307704,6023,6327,304
BMT_Fourth_Avenue_Line,0.17478268,0.20307704,6024,6328,304
BMT_Franklin_Avenue_Line,0.17478268,0.20307704,6025,6329,304
BMT_Jamaica_Line,0.17478268,0.20307704,6026,6330,304
BMT_Myrtle_Avenue_Line,0.17478268,0.20307704,6027,6331,304
BMT_Nassau_Street_Line,0.17478268,0.20307704,6028,6332,304
BMT_Sea_Beach_Line,0.17478268,0.20307704,6029,6333,304
BMT_West_End_Line,0.17478268,0.20307704,6030,6334,304
Bowling_Green_%2013_South_Ferry_Shuttle,0.17478268,0.20307704,6031,6335,304
Brooklyn%2013Manhattan_Transit_Corporation,0.17478268,0.20307704,6032,6336,304
IND_Concourse_Line,0.17478268,0.20307704,6033,6337,304
IND_Crosstown_Line,0.17478268,0.20307704,6034,6338,304
IND_Culver_Line,0.17478268,0.20307704,6035,6339,304
IND_Eighth_Avenue_Line,0.17478268,0.20307704,6036,6340,304
IND_Fulton_Street_Line,0.17478268,0.20307704,6037,6341,304
IND_Queens_Boulevard_Line,0.17478268,0.20307704,6038,6342,304
IND_Rockaway_Line,0.17478268,0.20307704,6039,6343,304
IND_Sixth_Avenue_Line,0.17478268,0.20307704,6040,6344,304
IRT_Broadway_%2013_Seventh_Avenue_Line,0.17478268,0.20307704,6041,6345,304
IRT_Dyre_Avenue_Line,0.17478268,0.20307704,6042,6346,304
IRT_Flushing_Line,0.17478268,0.20307704,6043,6347,304
IRT_Jerome_Avenue_Line,0.17478268,0.20307704,6044,6348,304
IRT_Lenox_Avenue_Line,0.17478268,0.20307704,6045,6349,304
IRT_Lexington_Avenue_Line,0.17478268,0.20307704,6046,6350,304
IRT_Nostrand_Avenue_Line,0.17478268,0.20307704,6047,6351,304
IRT_Pelham_Line,0.17478268,0.20307704,6048,6352,304
IRT_White_Plains_Road_Line,0.17478268,0.20307704,6049,6353,304
Independent_Subway_System,0.17478268,0.20307704,6050,6354,304
Interborough_Rapid_Transit_Company,0.17478268,0.20307704,6051,6355,304
New_Haven_Line,0.17478268,0.20307704,6052,6356,304
New_York_City_Subway,0.17478268,0.20307704,6053,6357,304
New_York_City_Transit_Authority,0.17478268,0.20307704,6054,6358,304
New_York_Skyports_Inc._Seaplane_Base,0.17478268,0.20307704,6055,6359,304
Nyctv,0.17478268,0.20307704,6056,6360,304
Richmond_County_Bank_Ballpark,0.17478268,0.20307704,6057,6361,304
Rockaway_Beach_Branch,0.17478268,0.20307704,6058,6362,304
Second_Avenue_Subway,0.17478268,0.20307704,6059,6363,304
Shea_Stadium,0.17478268,0.20307704,6060,6364,304
Times_Square_Theater,0.17478268,0.20307704,6061,6365,304
Yankee_Stadium_(1923),0.17478268,0.20307704,6062,6366,304
Islamic_theology,0.17474462,0.22084226,6063,5758,-305
Battle_of_Jutland,0.17473784,0.23785032,6064,5246,-818
Blue_Grass_Airport,0.17470983,0.22387154,6065,5623,-442
"Chesnee,_South_Carolina",0.17469235,0.20325299,6066,6295,229
"Cowpens,_South_Carolina",0.17469235,0.20325299,6067,6296,229
"Maumee,_Ohio",0.17469235,0.20325299,6068,6297,229
Maumee_River,0.17469235,0.20325299,6069,6298,229
"Willistown_Township,_Chester_County,_Pennsylvania",0.17469235,0.20325299,6070,6299,229
"Bristol,_Rhode_Island",0.17469235,0.20325299,6071,6300,229
"Fall_River,_Massachusetts",0.17469235,0.20325299,6072,6301,229
"Freetown,_Massachusetts",0.17469235,0.20325299,6073,6302,229
"Warren,_Rhode_Island",0.17469235,0.20325299,6074,6303,229
"Montijo,_Spain",0.17468847,0.19936184,6075,6523,448
Montijo_Municipality,0.17468847,0.19936184,6076,6524,448
Lao_language,0.17467779,0.33709548,6077,2432,-3645
Sre%C4%8Dko_Kosovel,0.17467364,0.18489457,6078,6925,847
Battle_of_Arras_(1654),0.17461081,0.22362518,6079,5626,-453
Battle_of_Augusta,0.17461081,0.22362518,6080,5627,-453
Battle_of_Cerignola,0.17461081,0.22362518,6081,5628,-453
Battle_of_Garigliano_(1503),0.17461081,0.22362518,6082,5629,-453
Battle_of_Honnecourt,0.17461081,0.22362518,6083,5630,-453
Battle_of_Palermo,0.17461081,0.22362518,6084,5631,-453
Battle_of_Rocroi,0.17461081,0.22362518,6085,5632,-453
Battle_of_Ruvo,0.17461081,0.22362518,6086,5633,-453
Battle_of_Stromboli,0.17461081,0.22362518,6087,5634,-453
Battle_of_Torroella,0.17461081,0.22362518,6088,5635,-453
Piedmontese_Civil_War,0.17461081,0.22362518,6089,5636,-453
Battle_of_Hill_60_(Gallipoli),0.17460694,0.22858734,6090,5515,-575
%2018Urabi_Revolt,0.17460322,0.20383035,6091,6278,187
Maurice_Merleau-Ponty,0.17459204,0.18959577,6092,6808,716
Almonacid_de_Toledo,0.17459164,0.19946304,6093,6515,422
Castile_(historical_region),0.17459164,0.19946304,6094,6516,422
"Toledo,_Spain",0.17459164,0.19946304,6095,6517,422
Cabez%C3%B3n_de_Pisuerga,0.17459164,0.19946304,6096,6518,422
Castell%C3%B3_d%27Emp%C3%BAries,0.17459164,0.19946304,6097,6519,422
Medina_de_Rioseco,0.17459164,0.19946304,6098,6520,422
"Durango,_Biscay",0.17459164,0.19946304,6099,6521,422
Kwajalein,0.17457904,0.20289994,6100,6376,276
Kwajalein_Atoll,0.17457904,0.20289994,6101,6377,276
Kevin_Canty_(author),0.17457851,0.18786022,6102,6862,760
Battle_of_Cambrai_(1918),0.17452928,0.23226460,6103,5446,-657
"Chippawa,_Ontario",0.17452342,0.20299956,6104,6372,268
Qala-i-Jangi,0.17452342,0.20299956,6105,6373,268
Hussite_Wars,0.17450014,0.21790051,6106,5897,-209
Battle_of_Crete,0.17448244,0.22028201,6107,5794,-313
Battle_of_Greece,0.17448244,0.22028201,6108,5795,-313
Kwomintang-China,0.17446715,0.21611304,6109,5939,-170
Alwar_State,0.17441820,0.20813076,6110,6175,65
Bharatpur_State,0.17441820,0.20813076,6111,6176,65
Bundi_State,0.17441820,0.20813076,6112,6177,65
Dhundhar,0.17441820,0.20813076,6113,6178,65
Kapurthala_State,0.17441820,0.20813076,6114,6179,65
Kendujhar,0.17441820,0.20813076,6115,6180,65
Mewar,0.17441820,0.20813076,6116,6181,65
Patiala_State,0.17441820,0.20813076,6117,6182,65
"Rampur,_Uttar_Pradesh",0.17441820,0.20813076,6118,6183,65
Rewa_(princely_state),0.17441820,0.20813076,6119,6184,65
Sirmoor_State,0.17441820,0.20813076,6120,6185,65
Sirohi,0.17441820,0.20813076,6121,6186,65
Udaipur,0.17441820,0.20813076,6122,6187,65
Battle_of_Thiepval_Ridge,0.17441462,0.23246987,6123,5440,-683
Battle_of_the_Ancre_Heights,0.17441462,0.23246987,6124,5441,-683
"Hampton,_Virginia",0.17433249,0.20168621,6125,6425,300
Hampton_(Virginia),0.17433249,0.20168621,6126,6426,300
"Meggett,_South_Carolina",0.17433249,0.20168621,6127,6427,300
Steve_Erickson,0.17430316,0.18486341,6128,6926,798
Battle_of_Rostov_(1941),0.17426565,0.20706949,6129,6205,76
Hyderabad_Taluka_(rural),0.17425330,0.18678673,6130,6879,749
Joseph_McElroy,0.17421402,0.18600796,6131,6893,762
Northeastern_United_States,0.17421389,0.20119104,6132,6440,308
Apache_Pass,0.17421389,0.20119104,6133,6441,308
"Cooks_Mills,_Welland",0.17421389,0.20119104,6134,6442,308
"Gettysburg,_Pennsylvania",0.17421389,0.20119104,6135,6443,308
"Dadeville,_Alabama",0.17421389,0.20119104,6136,6444,308
"Roger_Mills_County,_Oklahoma",0.17421389,0.20119104,6137,6445,308
Washita_River,0.17421389,0.20119104,6138,6446,308
"Birney,_Montana",0.17421389,0.20119104,6139,6447,308
Tongue_River_(Montana),0.17421389,0.20119104,6140,6448,308
Boston_Harbor,0.17421389,0.20119104,6141,6449,308
Dara-I-Pech_District,0.17421389,0.20119104,6142,6450,308
Korangal_Valley,0.17421389,0.20119104,6143,6451,308
Tunisian_dinar,0.17418481,0.26570096,6144,3952,-2192
George_Bacovia,0.17416337,0.18462421,6145,6930,785
Fall_of_Kampala,0.17415910,0.22255576,6146,5673,-473
Tuareg_rebellion_(1990%201395),0.17415910,0.22255576,6147,5675,-472
"Saint-Quentin,_Aisne",0.17415233,0.21186308,6148,6085,-63
"Augusta,_Sicily",0.17411663,0.19752035,6149,6585,436
Augusta_(Italy),0.17411663,0.19752035,6150,6586,436
wordnet_transistor_104471632,0.17410597,0.32669399,6151,2539,-3612
Azad_Hind,0.17408574,0.21812061,6152,5889,-263
British_rule_in_Burma,0.17408574,0.21812061,6153,5890,-263
Battle_of_Toungoo,0.17408289,0.20986092,6154,6148,-6
Eppley_Airfield,0.17407214,0.22991612,6155,5491,-664
wordnet_bean_107724943,0.17405522,0.29011314,6156,3448,-2708
Brazilian_Portuguese_phrasebook,0.17405101,0.29648915,6157,3279,-2878
Operation_Crusader,0.17404981,0.20717168,6158,6204,46
Long_Beach_Airport,0.17404961,0.22224477,6159,5703,-456
Battle_of_the_Dukla_Pass,0.17404541,0.21503886,6160,5964,-196
Taungoo,0.17404372,0.19459544,6161,6670,509
Algeria_Press_Service,0.17403777,0.22785144,6162,5536,-626
IEEE_Edison_Medal,0.17403657,0.31394115,6163,2702,-3461
Bay_of_Gibraltar,0.17403026,0.19724829,6164,6595,431
Sluis,0.17403026,0.19724829,6165,6596,431
Staats-Vlaanderen,0.17403026,0.19724829,6166,6597,431
David_Baldacci,0.17402149,0.18354479,6167,7041,874
1872_Cavite_mutiny,0.17398544,0.22234490,6168,5679,-489
Action_of_18_September_1639,0.17398544,0.22234490,6169,5680,-489
Battle_of_Alto_de_los_Godos,0.17398544,0.22234490,6170,5681,-489
Battle_of_Bankusay_Channel,0.17398544,0.22234490,6171,5682,-489
Battle_of_Gibraltar_(1607),0.17398544,0.22234490,6172,5683,-489
Battle_of_Huesca,0.17398544,0.22234490,6173,5684,-489
Battle_of_Sangarar%C3%A1,0.17398544,0.22234490,6174,5685,-489
Battle_of_Sluis_(1603),0.17398544,0.22234490,6175,5686,-489
Battle_of_Tacuar%C3%AD,0.17398544,0.22234490,6176,5687,-489
Battle_of_Trocadero,0.17398544,0.22234490,6177,5688,-489
Bol%C3%ADvar%27s_campaign_to_liberate_New_Granada,0.17398544,0.22234490,6178,5689,-489
Bolivian_War_of_Independence,0.17398544,0.22234490,6179,5690,-489
Chichimeca_War,0.17398544,0.22234490,6180,5691,-489
Mexican_War_of_Independence,0.17398544,0.22234490,6181,5692,-489
Second_Melillan_campaign,0.17398544,0.22234490,6182,5693,-489
Spanish_conquest_of_the_Inca_Empire,0.17398544,0.22234490,6183,5701,-482
Catalan_language,0.17396464,0.27464444,6184,3774,-2410
Alice_Munro,0.17395746,0.18471019,6185,6928,743
Battle_of_Villinghausen,0.17394637,0.21092454,6186,6110,-76
Battle_of_Wilhelmsthal,0.17394637,0.21092454,6187,6111,-76
Suvla,0.17392799,0.19790784,6188,6573,385
Bengali_language,0.17388835,0.30327608,6189,2859,-3330
wordnet_semiconductor_114821248,0.17386521,0.36696416,6190,2164,-4026
Piedmont_Triad_International_Airport,0.17382925,0.22519631,6191,5590,-601
"%C3%81lvaro_Obreg%C3%B3n,_D.F.",0.17379311,0.21040648,6192,6126,-66
Azcapotzalco,0.17379311,0.21040648,6193,6127,-66
"Benito_Ju%C3%A1rez,_D.F.",0.17379311,0.21040648,6194,6128,-66
Coyoac%C3%A1n,0.17379311,0.21040648,6195,6129,-66
Cuajimalpa,0.17379311,0.21040648,6196,6130,-66
"Cuauht%C3%A9moc,_D.F.",0.17379311,0.21040648,6197,6131,-66
"Gustavo_A._Madero,_D.F.",0.17379311,0.21040648,6198,6132,-66
Iztacalco,0.17379311,0.21040648,6199,6133,-66
Iztapalapa,0.17379311,0.21040648,6200,6134,-66
Mexico_City%27s_boroughs,0.17379311,0.21040648,6201,6135,-66
"Miguel_Hidalgo,_D.F.",0.17379311,0.21040648,6202,6136,-66
Milpa_Alta,0.17379311,0.21040648,6203,6137,-66
Tl%C3%A1huac,0.17379311,0.21040648,6204,6138,-66
Tlalpan,0.17379311,0.21040648,6205,6139,-66
Xochimilco,0.17379311,0.21040648,6206,6140,-66
Masuria,0.17379112,0.19147509,6207,6769,562
Nikolaevka_(Oblast%27_di_Belgorod),0.17377824,0.19341149,6208,6710,502
Alamut_(1938_novel),0.17377622,0.17512107,6209,7351,1142
Israeli_new_shekel,0.17376205,0.25818245,6210,4144,-2066
Karameh,0.17372338,0.19801769,6211,6571,360
Battle_of_Vevi_(1941),0.17369661,0.21897285,6212,5836,-376
Western_Ukraine,0.17366971,0.19313329,6213,6715,502
Battle_of_Austerlitz,0.17366467,0.21986017,6214,5810,-404
Qu%C3%A9bec_City_Jean_Lesage_International_Airport,0.17365670,0.22386790,6215,5624,-591
First_Battle_of_El_Alamein,0.17355565,0.21702250,6216,5916,-300
Dutch_rijksdaalder,0.17352804,0.22222747,6217,5707,-510
Spaanse_Staat,0.17352424,0.24001652,6218,5214,-1004
Samoan_language,0.17351073,0.24761436,6219,4723,-1496
Hungarian_People%27s_Republic,0.17347967,0.20325085,6220,6304,84
People%27s_Republic_of_Hungary,0.17347967,0.20325085,6221,6305,84
Heinsberg_Rural_District,0.17346357,0.19667314,6222,6602,380
Jerusalem_Prize,0.17341228,0.19807240,6223,6568,345
Ostrogozhsk,0.17335354,0.19156370,6224,6767,543
"Rossosh,_Rossoshansky_District,_Voronezh_Oblast",0.17335354,0.19156370,6225,6768,543
Operation_Retribution_(1941),0.17325377,0.19558422,6226,6636,410
Landing_at_Suvla_Bay,0.17324499,0.22544864,6227,5588,-639
Moro_River_Campaign,0.17323107,0.22810921,6228,5521,-707
Clarice_Lispector,0.17319187,0.18531304,6229,6915,686
Appennino_tosco-emiliano,0.17316819,0.21804109,6230,5891,-339
Jos%C3%A9_de_Almada_Negreiros,0.17314989,0.18230843,6231,7061,830
Malawi,0.17314274,0.24142130,6232,4870,-1362
Rif_Republic,0.17312324,0.19730201,6233,6593,360
Azerbaijani_manat,0.17300403,0.23630470,6234,5277,-957
Givi_Kiladze_Stadium,0.17297617,0.21236224,6235,6075,-160
Mikheil_Meskhi_Stadium,0.17297617,0.21236224,6236,6076,-160
Municipal_Stadium_(Telavi),0.17297617,0.21236224,6237,6077,-160
Poladi_Stadium,0.17297617,0.21236224,6238,6078,-160
Tengiz_Burjanadze_Stadium,0.17297617,0.21236224,6239,6079,-160
Battle_of_Dettingen,0.17293813,0.20417550,6240,6277,37
Old_Z%C3%BCrich_War,0.17291623,0.23832706,6241,5230,-1011
Samegrelo,0.17290256,0.20555795,6242,6242,0
Battle_of_%C3%96land,0.17289640,0.21445067,6243,5980,-263
Battle_of_Bornholm_(1676),0.17289640,0.21445067,6244,5981,-263
Kleist_Prize,0.17284054,0.19955137,6245,6513,268
Duchy_of_Ferrara,0.17283430,0.19999048,6246,6496,250
Moldau_(Region),0.17283184,0.19077753,6247,6783,536
Edgardo_Vega_Yunqu%C3%A9,0.17283117,0.18243592,6248,7057,809
Western_Germany,0.17280629,0.23269790,6249,5436,-813
Malcolm_Lowry,0.17280001,0.18233229,6250,7059,809
Leie,0.17274793,0.22695343,6251,5552,-699
Ma%C5%82opolska_Wschodnia,0.17274244,0.20457861,6252,6269,17
War_of_the_Reunions,0.17271556,0.20680673,6253,6208,-45
British_Indian_Ocean_Territory,0.17266239,0.18368351,6254,7029,775
Chagos_Archipelago,0.17266239,0.18368351,6255,7030,775
Breisach,0.17263217,0.19272331,6256,6721,465
Warren_H._Carroll,0.17256815,0.18548620,6257,6903,646
"William_F._Buckley,_Jr.",0.17256815,0.18548620,6258,6904,646
Portland_International_Jetport,0.17255362,0.22513627,6259,5591,-668
Mustafa_Kemal_Atat%C3%BCrk,0.17252652,0.17652029,6260,7319,1059
Battle_of_Pacocha,0.17252249,0.21963863,6261,5812,-449
Denis_Johnson,0.17247932,0.18247631,6262,7056,794
Pau_FC,0.17243036,0.18416795,6263,6939,676
Skerki_Banks,0.17240369,0.19034906,6264,6788,524
War_in_North-West_Pakistan,0.17237775,0.22873465,6265,5514,-751
Yichang,0.17237687,0.19016596,6266,6790,524
French_Morocco,0.17235372,0.21592879,6267,5953,-314
Daniel_Pinchbeck,0.17234307,0.18385106,6268,6949,681
Ivo_Urban%C4%8Di%C4%8D,0.17228938,0.18514612,6269,6924,655
Myrtle_Beach_International_Airport,0.17228195,0.22404898,6270,5620,-650
Battle_of_the_Canal_du_Nord,0.17226115,0.22594550,6271,5583,-688
"Krasny_Bor,_Leningrad_Oblast",0.17223990,0.18903785,6272,6816,544
Radzymin,0.17223990,0.18903785,6273,6817,544
Valday,0.17223990,0.18903785,6274,6818,544
Khasan_(urban-type_settlement),0.17218035,0.18889895,6275,6834,559
Lake_Khasan,0.17218035,0.18889895,6276,6835,559
Ulus-Kert,0.17217728,0.19707996,6277,6600,323
Belarusian_ruble,0.17217377,0.26498159,6278,4005,-2273
Battle_of_Nikolayevka,0.17216081,0.20428937,6279,6276,-3
Siege_of_Tobruk,0.17215818,0.20986060,6280,6149,-131
Bob_Hope_Airport,0.17215009,0.21175254,6281,6087,-194
Battle_of_Agridi,0.17209019,0.20552645,6282,6243,-39
Battle_of_Meloria_(1241),0.17209019,0.20552645,6283,6244,-39
Battle_of_Banja_Luka,0.17207115,0.22011154,6284,5797,-487
Battle_of_Slankamen,0.17207115,0.22011154,6285,5798,-487
Battle_of_Zenta,0.17207115,0.22011154,6286,5799,-487
Maginot_Line,0.17193725,0.18758471,6287,6866,579
Spanish_Civil_War,0.17192547,0.20253324,6288,6383,95
Caucasus_Mountains,0.17188575,0.20209155,6289,6413,124
Franco-Swedish_War,0.17182288,0.21474636,6290,5969,-321
George_Berkeley,0.17180662,0.18287001,6291,7050,759
Christina_Lamb,0.17180658,0.18135360,6292,7100,808
Battle_of_Ammunition_Hill,0.17176360,0.22596560,6293,5571,-722
Battle_of_Karameh,0.17176360,0.22596560,6294,5572,-722
Battles_of_Latrun_(1948),0.17176360,0.22596560,6295,5573,-722
Jordanian_campaign_(1967),0.17176360,0.22596560,6296,5574,-722
Operation_Danny,0.17176360,0.22596560,6297,5575,-722
Samu_Incident,0.17176360,0.22596560,6298,5576,-722
Battle_of_Debrecen,0.17173027,0.21171379,6299,6088,-211
Siege_of_Damascus_(1148),0.17173000,0.20039980,6300,6491,191
"Shatsk,_Ukraine",0.17172082,0.20043247,6301,6490,189
Battle_of_Genoa_(1795),0.17168211,0.20706070,6302,6206,-96
Battle_of_Hy%C3%A8res_Islands,0.17168211,0.20706070,6303,6207,-96
Nepali_phrasebook,0.17167113,0.29484553,6304,3310,-2994
Byzantine%2013Norman_wars,0.17166655,0.21434022,6305,5983,-322
Mah%C3%A9bourg,0.17158839,0.18589826,6306,6895,589
Maurice_Blanchot,0.17158543,0.18317272,6307,7043,736
Halifax_Stanfield_International_Airport,0.17156581,0.21333513,6308,6017,-291
Yakut_Revolt,0.17153997,0.20831318,6309,6172,-137
Ituri_Interim_Administration,0.17144618,0.20241941,6310,6407,97
Mato_Grosso,0.17143033,0.20026104,6311,6493,182
Gas_attack_at_Hulluch,0.17138265,0.21196805,6312,6084,-228
Lvov%2013Sandomierz_Offensive,0.17137499,0.20298021,6313,6374,61
Battle_of_Suriname,0.17134613,0.20046053,6314,6485,171
David_Markson,0.17127243,0.18073842,6315,7172,857
Battle_of_Dybb%C3%B8l,0.17124527,0.20364096,6316,6288,-28
Republican_People%27s_Party,0.17122362,0.17999704,6317,7193,876
Saman%C3%A1_El_Catey_International_Airport,0.17119633,0.20435962,6318,6275,-43
H%C3%BCrtgenwald,0.17119212,0.19243107,6319,6734,415
Ray_Bradbury,0.17115925,0.18131081,6320,7103,783
Richard_Brautigan,0.17114875,0.18190908,6321,7075,754
Cuito_Cuanavale,0.17114339,0.19814914,6322,6564,242
Kerkennah_Islands,0.17113554,0.18396171,6323,6944,621
Souda,0.17113554,0.18396171,6324,6945,621
Souda_Bay,0.17113554,0.18396171,6325,6946,621
Amba_Mariam,0.17102701,0.18368351,6326,7028,702
Jementah,0.17102701,0.18368351,6327,7031,704
"Kesang,_Malaysia",0.17102701,0.18368351,6328,7032,704
Segamat_District,0.17102701,0.18368351,6329,7033,704
British_Solomon_Islands,0.17098672,0.19900623,6330,6526,196
Battle_of_Hondschoote_(1793),0.17096128,0.20139044,6331,6435,104
Ganghwado,0.17091592,0.19530071,6332,6659,327
Iron_Cross,0.17090475,0.19028334,6333,6789,456
Yamaguchi_Prefecture,0.17089992,0.19688360,6334,6601,267
Battle_of_Givenchy,0.17089919,0.22280680,6335,5658,-677
Battle_of_Le_Transloy,0.17089919,0.22280680,6336,5659,-677
Battle_of_Mont_Sorrel,0.17089919,0.22280680,6337,5660,-677
Battle_of_Vimy_Ridge,0.17089919,0.22280680,6338,5661,-677
Case_Black,0.17087499,0.20087697,6339,6466,127
Aleksandr_Dugin,0.17086924,0.18139692,6340,7098,758
A_Coru%C3%B1a,0.17085874,0.20144778,6341,6430,89
Lausanne,0.17083264,0.23832706,6342,5229,-1113
"Mechanicsville,_Virginia",0.17081191,0.20051448,6343,6476,133
"Henry_County,_Tennessee",0.17081191,0.20051448,6344,6477,133
Hampton_Roads,0.17081191,0.20051448,6345,6478,133
James_River,0.17081191,0.20051448,6346,6479,133
Sewell%27s_Point,0.17081191,0.20051448,6347,6480,133
"McNairy_County,_Tennessee",0.17081191,0.20051448,6348,6481,133
"Santa_Rosa_Island,_California",0.17081191,0.20051448,6349,6482,133
"Santa_Rosa_Island,_Florida",0.17081191,0.20051448,6350,6483,133
Santa_Rosa_Island_(Florida),0.17081191,0.20051448,6351,6484,133
The_Last_Novel,0.17079737,0.17194681,6352,7491,1139
Wittgenstein%27s_Mistress,0.17079737,0.17194681,6353,7492,1139
Arthur_Danto,0.17079653,0.18260256,6354,7052,698
New_Georgia_Islands,0.17073909,0.19755942,6355,6582,227
Belgrade_Offensive,0.17073302,0.21028205,6356,6141,-215
Vienna_Offensive,0.17073302,0.21028205,6357,6142,-215
Czech_language,0.17072080,0.26819757,6358,3896,-2462
Kingdom_of_Etruria,0.17069387,0.20355437,6359,6292,-67
"Queenston,_Ontario",0.17066817,0.19536536,6360,6658,298
Kongo_language,0.17065741,0.28937070,6361,3459,-2902
Argun_River_(Caucasus),0.17062718,0.19707996,6362,6599,237
The_Wachowskis,0.17062529,0.18460500,6363,6931,568
Algerian_Civil_War,0.17061603,0.22785144,6364,5537,-827
Caryl_Phillips,0.17060943,0.17977743,6365,7195,830
Great_Syrian_Revolt,0.17060206,0.22398211,6366,5621,-745
Tuareg_rebellion_(2007%201309),0.17059276,0.21222563,6367,6083,-284
Renminbi,0.17059169,0.31394115,6368,2701,-3667
Ron_Arias,0.17058887,0.17927622,6369,7216,847
Fethi_Okyar,0.17053314,0.17538065,6370,7347,977
Jodoigne,0.17052350,0.19605669,6371,6609,238
wordnet_shellfish_107783210,0.17050670,0.25857321,6372,4126,-2246
Key_West_International_Airport,0.17048919,0.21450110,6373,5979,-394
"Belleau,_Aisne",0.17045927,0.19605924,6374,6608,234
Morotai,0.17044595,0.20662925,6375,6209,-166
North_Halmahera_Regency,0.17044595,0.20662925,6376,6210,-166
Dolina_Kinaret,0.17043882,0.18987969,6377,6797,420
Film_Independent_Spirit_Awards,0.17042362,0.18995438,6378,6796,418
University_of_Cambridge,0.17037723,0.19052420,6379,6786,407
Martin_Buber,0.17037173,0.18045250,6380,7177,797
Battle_of_Groenkop,0.17037017,0.19983133,6381,6499,118
Battle_of_Stormberg,0.17037017,0.19983133,6382,6500,118
Christopher_Klim,0.17035463,0.18100608,6383,7117,734
Burma_Campaign_1942%201343,0.17030191,0.19586803,6384,6628,244
National_Medal_of_Arts,0.17028239,0.19001341,6385,6795,410
Battle_of_Breisach,0.17023739,0.19840461,6386,6555,169
Ram%C3%B3n_Villeda_Morales_International_Airport,0.17020202,0.21266158,6387,6049,-338
Jeffrey_Eugenides,0.17018217,0.18086276,6388,7122,734
Saint-Denis_(Mons),0.17011554,0.19125285,6389,6771,382
South_African_English,0.17010699,0.24057314,6390,5203,-1187
2009_Eastern_Congo_offensive,0.17010090,0.22780850,6391,5538,-853
Northwest_Arkansas_Regional_Airport,0.17008698,0.21688066,6392,5917,-475
The_Troubles,0.17007676,0.20577469,6393,6239,-154
Joshua_Ferris,0.17006212,0.18042333,6394,7180,786
Richard_Yates_(novelist),0.17001860,0.17887602,6395,7229,834
Moldavian_Soviet_Socialist_Republic,0.17000872,0.20945997,6396,6152,-244
Republics_of_the_Soviet_Union,0.17000872,0.20945997,6397,6153,-244
White_House_(Moscow),0.17000872,0.20945997,6398,6154,-244
Qadir_Bux_Bedil,0.17000189,0.17942938,6399,7202,803
Sachal_Sarmast,0.17000189,0.17942938,6400,7203,803
Shaikh_Ayaz,0.17000189,0.17942938,6401,7205,804
wordnet_jewel_103596787,0.16999292,0.28435554,6402,3549,-2853
The_Goldfinch,0.16998404,0.17281977,6403,7461,1058
The_Little_Friend,0.16998404,0.17281977,6404,7462,1058
The_Secret_History,0.16998404,0.17281977,6405,7463,1058
Mortain,0.16995850,0.19387788,6406,6698,292
Norman_Partridge,0.16992111,0.17878579,6407,7234,827
Battle_of_La_Marf%C3%A9e,0.16991375,0.20320275,6408,6306,-102
Battle_of_Marciano,0.16991375,0.20320275,6409,6307,-102
Mauritania%2013Senegal_Border_War,0.16991279,0.21009919,6410,6144,-266
Empress_Augusta_Bay,0.16991049,0.20874989,6411,6162,-249
K._J._Stevens,0.16990120,0.17965808,6412,7198,786
Battle_of_Walcheren_Causeway,0.16988252,0.21963832,6413,5813,-600
Convoy_ONS_5,0.16988252,0.21963832,6414,5814,-600
Convoy_ON_154,0.16988252,0.21963832,6415,5815,-600
Convoy_ON_207,0.16988252,0.21963832,6416,5816,-600
Convoy_SC_107,0.16988252,0.21963832,6417,5817,-600
ON_202,0.16988252,0.21963832,6418,5818,-600
Dieppe_Raid,0.16988252,0.21963832,6419,5819,-600
Juno_Beach,0.16988252,0.21963832,6420,5820,-600
Liberation_of_Arnhem,0.16988252,0.21963832,6421,5821,-600
Operation_Abercrombie,0.16988252,0.21963832,6422,5822,-600
Operation_Astonia,0.16988252,0.21963832,6423,5823,-600
Operation_Blackcock,0.16988252,0.21963832,6424,5824,-600
Operation_Blockbuster,0.16988252,0.21963832,6425,5825,-600
Operation_Charnwood,0.16988252,0.21963832,6426,5826,-600
Operation_Infatuate,0.16988252,0.21963832,6427,5827,-600
Operation_Spring,0.16988252,0.21963832,6428,5828,-600
Operation_Tonga,0.16988252,0.21963832,6429,5829,-600
Operation_Veritable,0.16988252,0.21963832,6430,5830,-600
F%C3%B8rde_Fjord,0.16984672,0.19257798,6431,6731,300
East_Florida,0.16982298,0.19282004,6432,6719,287
Latvian_Mobile_Telephone,0.16979239,0.20865441,6433,6169,-264
"Oriskany,_New_York",0.16975388,0.19260239,6434,6723,289
"Whitestown,_New_York",0.16975388,0.19260239,6435,6724,289
"Peru,_New_York",0.16975388,0.19260239,6436,6725,289
Valcour_Island,0.16975388,0.19260239,6437,6726,289
"Fort_Washington,_Pennsylvania",0.16975388,0.19260239,6438,6727,289
"Springfield_Township,_Montgomery_County,_Pennsylvania",0.16975388,0.19260239,6439,6728,289
"Upper_Dublin_Township,_Montgomery_County,_Pennsylvania",0.16975388,0.19260239,6440,6729,289
"Whitemarsh_Township,_Montgomery_County,_Pennsylvania",0.16975388,0.19260239,6441,6730,289
Battle_of_Toulon_(1707),0.16974644,0.19384137,6442,6699,257
Bastogne,0.16971088,0.19243107,6443,6733,290
Battle_of_Shirimni,0.16970555,0.21236224,6444,6068,-376
Battle_of_Svindax,0.16970555,0.21236224,6445,6069,-376
Battle_of_Tskhinvali,0.16970555,0.21236224,6446,6070,-376
2004_Adjara_crisis,0.16970555,0.21236224,6447,6080,-367
Sukhumi_massacre,0.16970555,0.21236224,6448,6081,-367
Slovak_language,0.16969286,0.25161933,6449,4385,-2064
Burmese_kyat,0.16968709,0.24633215,6450,4743,-1707
Balmaseda,0.16967331,0.18957043,6451,6809,358
El_Bruc,0.16967331,0.18957043,6452,6810,358
Santa_Cruz_Islands,0.16966323,0.19231995,6453,6736,283
Kyushu,0.16966323,0.19231995,6454,6737,283
Ryukyu_Islands,0.16966323,0.19231995,6455,6738,283
Agacher_Strip_War,0.16965185,0.20310317,6456,6308,-148
Grand_Duchy_of_Tuscany,0.16963373,0.20309823,6457,6309,-148
Televisi%C3%B3n_Nacional_de_Chile,0.16961873,0.19859285,6458,6542,84
Bozeman_Yellowstone_International_Airport,0.16959641,0.21262030,6459,6061,-398
First_Battle_of_Passchendaele,0.16958507,0.21085810,6460,6113,-347
South_Yemeni_dinar,0.16955292,0.27029457,6461,3874,-2587
Mutawakkilite_Kingdom_of_Yemen,0.16953512,0.21502798,6462,5965,-497
"Saint-Aubin-sur-Mer,_Calvados",0.16953241,0.18625705,6463,6886,423
British_Expedition_to_Ceylon,0.16951893,0.19847433,6464,6549,85
Colony_of_Natal,0.16948794,0.21288778,6465,6044,-421
Grand_Duchy_of_Finland,0.16948794,0.21288778,6466,6045,-421
wordnet_plywood_103971218,0.16945923,0.27938152,6467,3653,-2814
Al_Ubaidi,0.16937111,0.19095284,6468,6773,305
Angoor_Ada,0.16937111,0.19095284,6469,6774,305
B%E1%BA%BFn_Tre_Province,0.16937111,0.19095284,6470,6775,305
Picacho_Peak_State_Park,0.16937111,0.19095284,6471,6776,305
Four_Corners,0.16937111,0.19095284,6472,6777,305
Husaybah,0.16937111,0.19095284,6473,6778,305
Rio_Grande,0.16937111,0.19095284,6474,6779,305
Santa_Fe_de_Nuevo_M%C3%A9xico,0.16937111,0.19095284,6475,6780,305
%C4%90%E1%BB%8Bnh_T%C6%B0%E1%BB%9Dng_Province,0.16937111,0.19095284,6476,6781,305
G%C3%B2_C%C3%B4ng_Province,0.16937111,0.19095284,6477,6782,305
Battle_of_Valmy,0.16935052,0.20628185,6478,6226,-252
Hamminkeln,0.16932399,0.19399279,6479,6693,214
Siege_of_Bouchain,0.16932373,0.19873947,6480,6536,56
%27Amran_Governorate,0.16931936,0.22501489,6481,5596,-885
Al_Jawf_Governorate,0.16931936,0.22501489,6482,5597,-885
Hajjah_Governorate,0.16931936,0.22501489,6483,5598,-885
Saada_Governorate,0.16931936,0.22501489,6484,5599,-885
Jizan_Region,0.16931936,0.22501489,6485,5600,-885
Jos%C3%A9_Ortega_y_Gasset,0.16931109,0.17703976,6486,7290,804
Cameroon,0.16929754,0.23008842,6487,5490,-997
Cerignola,0.16929330,0.18801628,6488,6851,363
Ter_(river),0.16929330,0.18801628,6489,6852,363
Torroella_de_Montgr%C3%AD,0.16929330,0.18801628,6490,6853,363
Battle_of_H%C3%B6chst,0.16928838,0.20192247,6491,6421,-70
Battle_of_Stadtlohn,0.16928838,0.20192247,6492,6422,-70
Battle_of_White_Mountain,0.16928838,0.20192247,6493,6423,-70
Battle_of_Wimpfen,0.16928838,0.20192247,6494,6424,-70
Battle_of_Lutter,0.16928824,0.20588053,6495,6237,-258
Battle_of_Wolgast,0.16928824,0.20588053,6496,6238,-258
Marrakesh,0.16923412,0.18517682,6497,6923,426
Falaise,0.16919961,0.19834911,6498,6556,58
"Falaise,_Calvados",0.16919961,0.19834911,6499,6557,58
Indonesian_rupiah,0.16916308,0.26675738,6500,3929,-2571
Edgar_Rice_Burroughs,0.16912625,0.17730784,6501,7273,772
Antsiranana,0.16911256,0.19012118,6502,6791,289
French_Madagascar,0.16911256,0.19012118,6503,6792,289
Michael_Swanwick,0.16909904,0.17846303,6504,7246,742
People%27s_Republic_of_Poland,0.16909496,0.18697987,6505,6876,371
Ostrogozhsk%2013Rossosh_Offensive,0.16908582,0.19559387,6506,6635,129
Simone_de_Beauvoir,0.16907669,0.18157473,6507,7083,576
Emilia_(region_of_Italy),0.16906873,0.20368910,6508,6286,-222
Siege_of_Cuneo_(1691),0.16903920,0.19623631,6509,6605,96
War_of_the_Mantuan_Succession,0.16903920,0.19623631,6510,6606,96
Todd_James_Pierce,0.16897411,0.17879657,6511,7233,722
Tehlikeli_Oyunlar,0.16895983,0.16929684,6512,7563,1051
Tutunamayanlar,0.16895983,0.16929684,6513,7564,1051
Bia%C5%82ystok,0.16889219,0.20098007,6514,6462,-52
Battle_of_Imphal,0.16887863,0.19356364,6515,6701,186
Battle_of_the_Admin_Box,0.16887863,0.19356364,6516,6702,186
Operation_U-Go,0.16887863,0.19356364,6517,6703,186
North_Korean_won,0.16886841,0.27378423,6518,3779,-2739
wordnet_lead_105157143,0.16885268,0.25560164,6519,4242,-2277
Azermarka,0.16880241,0.20222930,6520,6408,-112
Mingachevir_Hydro_Power_Plant,0.16880241,0.20222930,6521,6409,-112
Sangachal_Terminal,0.16880241,0.20222930,6522,6410,-112
Gibraltar_pound,0.16879857,0.22368352,6523,5625,-898
Battles_of_Zhawar,0.16878466,0.20244150,6524,6385,-139
Operation_Storm-333,0.16878466,0.20244150,6525,6386,-139
Panjshir_offensives,0.16878466,0.20244150,6526,6387,-139
Siege_of_Khost,0.16878466,0.20244150,6527,6388,-139
Sloedam,0.16877086,0.18733851,6528,6868,340
Zuid-Beveland,0.16877086,0.18733851,6529,6869,340
Dane_County_Regional_Airport,0.16872530,0.20896398,6530,6161,-369
Zhari_District,0.16867379,0.20437919,6531,6274,-257
Tajbeg_Palace,0.16864955,0.18441506,6532,6934,402
Haitian_Revolution,0.16864414,0.19802275,6533,6570,37
Bennington,0.16863283,0.18872944,6534,6837,303
Battle_of_Hill_70,0.16863106,0.21648770,6535,5932,-603
Nestan_Kvinikadze,0.16859105,0.17843764,6536,7247,711
Burgenland_Croatian,0.16858404,0.25963607,6537,4112,-2425
Herero_Wars,0.16856008,0.20852918,6538,6170,-368
Lewis_Call,0.16855699,0.18205523,6539,7074,535
Be%C5%9Fikta%C5%9F,0.16851634,0.17652029,6540,7317,777
The_Unknown_Soldier_(1955_film),0.16846840,0.16859613,6541,7587,1046
The_Unknown_Soldier_(1985_film),0.16846840,0.16859613,6542,7588,1046
The_Unknown_Soldier_(novel),0.16846840,0.16859613,6543,7589,1046
Under_the_North_Star,0.16846840,0.16859613,6544,7590,1046
Battle_of_Guinegate_(1513),0.16845864,0.20216460,6545,6411,-134
Siege_of_Acre_(1189%201391),0.16845864,0.20216460,6546,6412,-134
Turkish_lira,0.16832704,0.25425189,6547,4270,-2277
Nikolai_Berdyaev,0.16832631,0.17765105,6548,7264,716
North_China,0.16830931,0.21159321,6549,6089,-460
Kirovohrad,0.16826547,0.18262202,6550,7051,501
Isaac_Bashevis_Singer,0.16824347,0.17725080,6551,7274,723
Alberich_(World_War_I_German_operation),0.16819610,0.20991095,6552,6147,-405
Southern_France,0.16811001,0.19161270,6553,6766,213
"Yonkers,_New_York",0.16810787,0.18787903,6554,6860,306
Colonia_del_Sacramento,0.16809965,0.18710874,6555,6870,315
"Maldonado,_Uruguay",0.16809965,0.18710874,6556,6871,315
Sack_of_Rome_(1527),0.16807843,0.19808096,6557,6566,9
Siege_of_Florence_(1529%201330),0.16807843,0.19808096,6558,6567,9
Colum_McCann,0.16807304,0.17633836,6559,7326,767
Al_Arabiya,0.16803334,0.23348253,6560,5385,-1175
Battle_of_Bergendal,0.16787822,0.19348977,6561,6709,148
Antonio_Jose_Guzman,0.16787181,0.18412736,6562,6940,378
"Cojo,_Art_Juggernaut",0.16787181,0.18412736,6563,6943,380
Centrocaspian_Dictatorship,0.16783961,0.20044350,6564,6486,-78
Democratic_Republic_of_Armenia,0.16783961,0.20044350,6565,6487,-78
Democratic_Republic_of_Azerbaijan,0.16783961,0.20044350,6566,6488,-78
Democratic_Republic_of_Georgia,0.16783961,0.20044350,6567,6489,-78
Siege_of_Jerusalem_(1099),0.16783327,0.20088432,6568,6465,-103
Vladimir_Bartol,0.16783213,0.17732521,6569,7272,703
Stargard_Szczeci%C5%84ski,0.16779192,0.18123028,6570,7104,534
Northern_Sea_Route,0.16779192,0.18123028,6571,7105,534
Province_of_Upper_Silesia,0.16779192,0.18123028,6572,7106,534
Former_eastern_territories_of_Germany,0.16779192,0.18123028,6573,7107,534
Russo-Swedish_War_(1788%201390),0.16778909,0.20368734,6574,6287,-287
Burmese_language,0.16772620,0.24633215,6575,4744,-1831
Burmese_phrasebook,0.16772620,0.24633215,6576,4745,-1831
Battle_of_Tourcoing,0.16769804,0.19563308,6577,6631,54
Battle_of_Beaumont_(1794),0.16769804,0.19563308,6578,6632,54
Battle_of_Villers-en-Cauchies,0.16769804,0.19563308,6579,6633,54
Order_of_the_White_Eagle_(Poland),0.16766391,0.18467714,6580,6929,349
wordnet_cigarette_103030663,0.16764907,0.31435242,6581,2687,-3894
Battle_of_Le_Mesnil-Patry,0.16764140,0.21112768,6582,6099,-483
Battle_of_Moerbrugge,0.16764140,0.21112768,6583,6100,-483
Battle_of_Ortona,0.16764140,0.21112768,6584,6101,-483
Battle_of_Verri%C3%A8res_Ridge,0.16764140,0.21112768,6585,6102,-483
Convoy_ON_127,0.16764140,0.21112768,6586,6103,-483
Operation_Atlantic,0.16764140,0.21112768,6587,6104,-483
Operation_Windsor,0.16764140,0.21112768,6588,6105,-483
Lydia_Davis,0.16763669,0.17500470,6589,7388,799
Battle_of_Lone_Pine,0.16762830,0.21065865,6590,6117,-473
Battle_of_the_Nek,0.16762830,0.21065865,6591,6118,-473
Yemeni_Arabic,0.16760540,0.27029457,6592,3875,-2717
Battle_of_Rimini_(1944),0.16758984,0.19761024,6593,6581,-12
Guthega_Power_Station,0.16754114,0.17080832,6594,7525,931
Murray_Hydroelectric_Power_Station,0.16754114,0.17080832,6595,7526,931
Battle_of_Jasmund_(1864),0.16753953,0.20053138,6596,6473,-123
Battle_of_Als,0.16753953,0.20053138,6597,6474,-123
Siege_of_Stralsund_(1711%201315),0.16753953,0.20053138,6598,6475,-123
Sigmund_Freud,0.16753349,0.17973181,6599,7196,597
Kyren_Airport,0.16752067,0.20659565,6600,6211,-389
Nizhneangarsk_Airport,0.16752067,0.20659565,6601,6212,-389
Taksimo_Airport,0.16752067,0.20659565,6602,6213,-389
Ust-Ilimsk_Airport,0.16752067,0.20659565,6603,6214,-389
Persian_language,0.16746057,0.28752269,6604,3495,-3109
Jacques_Ellul,0.16745727,0.17577438,6605,7340,735
Ivan_Cankar,0.16745510,0.17455111,6606,7398,792
Battle_of_Voronezh_(1943),0.16744448,0.20352707,6607,6293,-314
Marsaglia,0.16743319,0.18368348,6608,7034,426
Kuban,0.16738215,0.18435360,6609,6935,326
Brabant_des_%C3%89tats,0.16737603,0.18703908,6610,6875,265
"Broome,_Western_Australia",0.16734823,0.19750592,6611,6587,-24
Bowery,0.16730299,0.17876925,6612,7237,625
East_Broadway_(Manhattan),0.16730299,0.17876925,6613,7238,625
Mott_Street,0.16730299,0.17876925,6614,7239,625
Park_Row_(Manhattan),0.16730299,0.17876925,6615,7240,625
Pearl_Street_(Manhattan),0.16730299,0.17876925,6616,7241,625
Worth_Street,0.16730299,0.17876925,6617,7242,625
Battle_of_J%C3%BCterbog,0.16726589,0.20116250,6618,6453,-165
Battle_of_Jankau,0.16726589,0.20116250,6619,6454,-165
Battle_of_Rain,0.16726589,0.20116250,6620,6455,-165
Battle_of_Werben,0.16726589,0.20116250,6621,6456,-165
Battle_of_Wiesloch_(1632),0.16726589,0.20116250,6622,6457,-165
Battle_of_Wittstock,0.16726589,0.20116250,6623,6458,-165
Battle_of_the_Alte_Veste,0.16726589,0.20116250,6624,6459,-165
Siege_of_Nuremberg,0.16726589,0.20116250,6625,6460,-165
Indonesian_language,0.16725438,0.26675738,6626,3930,-2696
Sotho_language,0.16722895,0.23013701,6627,5489,-1138
Assamese_phrasebook,0.16722774,0.26562328,6628,3955,-2673
Bodo_language,0.16722774,0.26562328,6629,3956,-2673
Dogri_phrasebook,0.16722774,0.26562328,6630,3957,-2673
Gujarati_phrasebook,0.16722774,0.26562328,6631,3958,-2673
Hindi,0.16722774,0.26562328,6632,3959,-2673
Indian_English,0.16722774,0.26562328,6633,3960,-2673
Kannada_phrasebook,0.16722774,0.26562328,6634,3961,-2673
Kashmiri_phrasebook,0.16722774,0.26562328,6635,3962,-2673
Konkani_phrasebook,0.16722774,0.26562328,6636,3963,-2673
Maithili_phrasebook,0.16722774,0.26562328,6637,3964,-2673
Marathi_phrasebook,0.16722774,0.26562328,6638,3965,-2673
Meitei_language,0.16722774,0.26562328,6639,3966,-2673
Odia_phrasebook,0.16722774,0.26562328,6640,3967,-2673
Official_language,0.16722774,0.26562328,6641,3968,-2673
Sanskrit,0.16722774,0.26562328,6642,3969,-2673
Santali_language,0.16722774,0.26562328,6643,3970,-2673
Telugu_phrasebook,0.16722774,0.26562328,6644,3971,-2673
Mers_El_K%C3%A9bir,0.16721004,0.17858953,6645,7244,599
Berck,0.16716137,0.17842504,6646,7248,602
Boulogne-sur-Mer,0.16716137,0.17842504,6647,7249,602
Cucq,0.16716137,0.17842504,6648,7250,602
Le_Touquet,0.16716137,0.17842504,6649,7251,602
"Colenso,_KwaZulu-Natal",0.16712711,0.18326481,6650,7042,392
Battle_of_Ctesiphon_(1915),0.16711120,0.20627757,6651,6227,-424
Du%C5%A1an_Jelin%C4%8Di%C4%8D,0.16710900,0.17512107,6652,7350,698
Lordship_of_Groningen,0.16710292,0.18838058,6653,6844,191
Mook,0.16710292,0.18838058,6654,6845,191
Maakhir,0.16710096,0.26254657,6655,4064,-2591
Islamic_studies,0.16709384,0.20144672,6656,6432,-224
Battle_of_Karbala_(2003),0.16708664,0.21431904,6657,5984,-673
Battle_of_al-Babein,0.16708664,0.21431904,6658,5985,-673
Macauley_Chrisantus,0.16708664,0.21431904,6659,5986,-673
Syro-Ephraimite_War,0.16708664,0.21431904,6660,5989,-671
Turkey%2013PKK_conflict,0.16708664,0.21431904,6661,5990,-671
Trinidad,0.16707419,0.18774197,6662,6865,203
Nicolae_Davidescu,0.16699932,0.17457154,6663,7395,732
Battle_of_V%C3%ADtkov_Hill,0.16697133,0.20063505,6664,6470,-194
Ioanna_Ku%C3%A7uradi,0.16695601,0.17536010,6665,7348,683
Milne_Bay,0.16694833,0.18829300,6666,6848,182
"Darwin,_Northern_Territory",0.16694833,0.18829300,6667,6849,182
Mateca%C3%B1a_International_Airport,0.16694557,0.19350171,6668,6706,38
ABN_AMRO,0.16694246,0.20369533,6669,6281,-388
ABN_AMRO_Group,0.16694246,0.20369533,6670,6282,-388
Royal_Palace_of_Amsterdam,0.16694246,0.20369533,6671,6284,-387
Soestdijk_Palace,0.16694246,0.20369533,6672,6285,-387
Jaffa,0.16686686,0.18647529,6673,6884,211
Battle_of_Ag%C3%BCi,0.16682603,0.19859285,6674,6538,-136
Battle_of_Rancagua,0.16682603,0.19859285,6675,6539,-136
Capture_of_Valdivia,0.16682603,0.19859285,6676,6540,-136
Battle_of_El_Toro,0.16682603,0.19859285,6677,6543,-134
Battle_of_Tarpellanca,0.16682603,0.19859285,6678,6544,-134
Battle_of_Yerbas_Buenas,0.16682603,0.19859285,6679,6545,-134
Chilean_Civil_War_of_1891,0.16682603,0.19859285,6680,6546,-134
Occupation_of_Araucan%C3%ADa,0.16682603,0.19859285,6681,6547,-134
Operation_Shahi_Tandar,0.16680753,0.21094282,6682,6109,-573
Kozara_Offensive,0.16680062,0.19281283,6683,6720,37
wordnet_furniture_103405725,0.16678253,0.24616446,6684,4746,-1938
Traian_Demetrescu,0.16675618,0.17344619,6685,7439,754
Indies,0.16672536,0.18777990,6686,6864,178
Constantijn_Huygens_Prize,0.16670469,0.18250433,6687,7053,366
P._C._Hooft_Award,0.16670469,0.18250433,6688,7054,366
Prijs_der_Nederlandse_Letteren,0.16670469,0.18250433,6689,7055,366
Man_Booker_International_Prize,0.16669806,0.18378657,6690,6950,260
Battle_of_Villaviciosa,0.16664786,0.18964695,6691,6805,114
Battle_of_Steenkerque,0.16664765,0.19641413,6692,6603,-89
"La_Madeleine,_Manche",0.16663209,0.18656490,6693,6882,189
Saint-Martin-de-Varreville,0.16663209,0.18656490,6694,6883,189
San_Juan,0.16662847,0.19557925,6695,6637,-58
Hilton_Head_International_Airport,0.16661461,0.20552608,6696,6245,-451
wordnet_dairy_product_107843775,0.16660578,0.22687006,6697,5554,-1143
2001%201302_India%2013Pakistan_standoff,0.16659968,0.22067553,6698,5766,-932
Atlantique_incident,0.16659968,0.22067553,6699,5767,-932
Battle_of_Boyra,0.16659968,0.22067553,6700,5768,-932
Battle_of_Mir_Ali,0.16659968,0.22067553,6701,5769,-932
Battle_of_Wana,0.16659968,0.22067553,6702,5770,-932
"East_Pakistan_Air_Operations,_1971",0.16659968,0.22067553,6703,5771,-932
HMS_Cadiz_(D79),0.16659968,0.22067553,6704,5772,-932
INS_Khukri_(1958),0.16659968,0.22067553,6705,5773,-932
Indo-Pakistani_War_of_1965,0.16659968,0.22067553,6706,5774,-932
Indo-Pakistani_War_of_1971,0.16659968,0.22067553,6707,5775,-932
Kunduz_airlift,0.16659968,0.22067553,6708,5776,-932
Operation_Jackpot,0.16659968,0.22067553,6709,5777,-932
PNS_Hangor_(S131),0.16659968,0.22067553,6710,5778,-932
Siege_of_Lal_Masjid,0.16659968,0.22067553,6711,5784,-927
wordnet_construction_100911048,0.16655183,0.26675738,6712,3928,-2784
"Ashland,_Chemung_County,_New_York",0.16646157,0.18550199,6713,6898,185
"Elmira,_New_York",0.16646157,0.18550199,6714,6899,185
"Elmira_(town),_New_York",0.16646157,0.18550199,6715,6900,185
"Waverly,_Tioga_County,_New_York",0.16646157,0.18550199,6716,6901,185
Saint-L%C3%B4,0.16642573,0.18535923,6717,6914,197
George_Saunders,0.16640825,0.17439846,6718,7400,682
David_Albahari,0.16640184,0.17507112,6719,7352,633
Pingxing_Pass,0.16640143,0.18136115,6720,7099,379
Joan_Salvat-Papasseit,0.16639500,0.17322281,6721,7447,726
Cape_Esperance,0.16638603,0.18526663,6722,6918,196
Buka_Island,0.16638603,0.18526663,6723,6919,196
Iwo_Jima,0.16638603,0.18526663,6724,6920,196
Volcano_Islands,0.16638603,0.18526663,6725,6921,196
Midway_Atoll,0.16638603,0.18526663,6726,6922,196
Hasan_Ali_Topta%C5%9F,0.16636456,0.17333135,6727,7443,716
Averroes,0.16636280,0.17570993,6728,7341,613
Ibn_al-Nafis,0.16636280,0.17570993,6729,7342,613
Hour_of_the_Star,0.16635701,0.16750179,6730,7627,897
Near_to_the_Wild_Heart,0.16635701,0.16750179,6731,7628,897
The_Hour_of_the_Star,0.16635701,0.16750179,6732,7629,897
The_Passion_According_to_G.H.,0.16635701,0.16750179,6733,7630,897
Lester_Bangs,0.16634714,0.17411904,6734,7433,699
Viceroyalty_of_the_R%C3%ADo_de_la_Plata,0.16633915,0.18287349,6735,7049,314
October_Ferry_to_Gabriola,0.16632000,0.16722027,6736,7633,897
Ultramarine_(novel),0.16632000,0.16722027,6737,7634,897
Under_the_Volcano,0.16632000,0.16722027,6738,7635,897
wordnet_graphite_114796575,0.16629732,0.27378423,6739,3778,-2961
Bilal_Town,0.16628486,0.18783405,6740,6863,123
Cuban_peso,0.16626372,0.23357379,6741,5367,-1374
Chir_River,0.16624679,0.18010078,6742,7188,446
Donets_Basin,0.16624679,0.18010078,6743,7189,446
Volga_Region,0.16624679,0.18010078,6744,7190,446
Nettuno,0.16616613,0.18984141,6745,6802,57
Wabash_River,0.16614259,0.18412736,6746,6941,195
Bear_River_(Utah),0.16614259,0.18412736,6747,6942,195
Battle_of_Camperdown,0.16612803,0.18444061,6748,6932,184
Battle_of_Saldanha_Bay_(1796),0.16612803,0.18444061,6749,6933,184
Second_Battle_of_Kharkov,0.16609438,0.19320341,6750,6711,-39
Roberts_International_Airport,0.16606857,0.19271907,6751,6722,-29
.30-06_Springfield,0.16606365,0.16611824,6752,7710,958
August_Strindberg,0.16606134,0.17251145,6753,7480,727
Battle_of_Saragossa,0.16602249,0.18836667,6754,6847,93
Battle_of_Assandun,0.16602228,0.19513385,6755,6662,-93
Battle_of_Brentford_(1016),0.16602228,0.19513385,6756,6663,-93
Battle_of_%C3%89pehy,0.16595498,0.20140030,6757,6434,-323
Canal_de_Saint-Quentin,0.16593185,0.18432012,6758,6938,180
Stanley_Elkin,0.16592278,0.17389666,6759,7434,675
Craiova,0.16591772,0.17457154,6760,7394,634
Danish_krone,0.16591179,0.22100152,6761,5754,-1007
Kingdom_of_Le%C3%B3n,0.16586909,0.24176233,6762,4863,-1899
Dave_Eggers,0.16578070,0.17302971,6763,7457,694
Michael_Cisco,0.16577482,0.17357553,6764,7436,672
Lusatia,0.16575756,0.18707907,6765,6872,107
Jean-Fran%C3%A7ois_Lyotard,0.16574338,0.17531405,6766,7349,583
Rafael_Hern%C3%A1ndez_Airport,0.16573332,0.19813549,6767,6565,-202
Stormberg_Mountains,0.16568729,0.17830944,6768,7253,485
Asheville_Regional_Airport,0.16565731,0.19744064,6769,6590,-179
Orne_(river),0.16564238,0.18111543,6770,7115,345
Mevhibe_%C4%B0n%C3%B6n%C3%BC,0.16563347,0.16937896,6771,7555,784
Mark_Kirk,0.16563023,0.16842085,6772,7602,830
Office_de_Radiodiffusion-T%C3%A9l%C3%A9vision_du_Mali,0.16562638,0.18960218,6773,6807,34
B%C3%BClent_Ecevit,0.16554669,0.16937896,6774,7553,779
Erdal_%C4%B0n%C3%B6n%C3%BC,0.16554669,0.16937896,6775,7554,779
Abaza_language,0.16554532,0.24771098,6776,4684,-2092
Adyghe_language,0.16554532,0.24771098,6777,4685,-2092
Altai_language,0.16554532,0.24771098,6778,4686,-2092
Avar_language,0.16554532,0.24771098,6779,4687,-2092
Bashkir_phrasebook,0.16554532,0.24771098,6780,4688,-2092
Buryat_language,0.16554532,0.24771098,6781,4689,-2092
Chechen_phrasebook,0.16554532,0.24771098,6782,4690,-2092
Chukchi_language,0.16554532,0.24771098,6783,4691,-2092
Chuvash_language,0.16554532,0.24771098,6784,4692,-2092
Dargwa_language,0.16554532,0.24771098,6785,4693,-2092
Erzya_language,0.16554532,0.24771098,6786,4694,-2092
Kabardian_language,0.16554532,0.24771098,6787,4695,-2092
Kalmyk_Oirat,0.16554532,0.24771098,6788,4696,-2092
Karelian_language,0.16554532,0.24771098,6789,4697,-2092
Khakas_language,0.16554532,0.24771098,6790,4698,-2092
Khanty_language,0.16554532,0.24771098,6791,4699,-2092
Komi_language,0.16554532,0.24771098,6792,4700,-2092
Koryak_language,0.16554532,0.24771098,6793,4701,-2092
Kumyk_language,0.16554532,0.24771098,6794,4702,-2092
Lak_language,0.16554532,0.24771098,6795,4703,-2092
Languages_of_Russia,0.16554532,0.24771098,6796,4704,-2092
Lezgian_language,0.16554532,0.24771098,6797,4705,-2092
Mansi_language,0.16554532,0.24771098,6798,4706,-2092
Mari_language,0.16554532,0.24771098,6799,4707,-2092
Moksha_language,0.16554532,0.24771098,6800,4708,-2092
Nenets_languages,0.16554532,0.24771098,6801,4709,-2092
Sakha_phrasebook,0.16554532,0.24771098,6802,4710,-2092
Tatar_language,0.16554532,0.24771098,6803,4711,-2092
Tuvan_language,0.16554532,0.24771098,6804,4712,-2092
Udmurt_phrasebook,0.16554532,0.24771098,6805,4713,-2092
Sesotho_phrasebook,0.16553392,0.22230628,6806,5702,-1104
Czech_koruna,0.16550238,0.23089029,6807,5474,-1333
Bradford_Morrow,0.16549932,0.17283831,6808,7460,652
Salerno,0.16546773,0.18786708,6809,6861,52
Action_of_30_May_1563,0.16545490,0.19541203,6810,6642,-168
Action_of_31_July_1712,0.16545490,0.19541203,6811,6643,-168
Action_of_7_July_1565,0.16545490,0.19541203,6812,6644,-168
Battle_of_Brunkeberg,0.16545490,0.19541203,6813,6645,-168
Battle_of_Lena,0.16545490,0.19541203,6814,6646,-168
Battle_of_V%C3%A4ster%C3%A5s,0.16545490,0.19541203,6815,6647,-168
Action_of_26_July_1566,0.16545490,0.19541203,6816,6648,-168
Action_of_4_June_1565,0.16545490,0.19541203,6817,6649,-168
Assault_on_Copenhagen_(1659),0.16545490,0.19541203,6818,6650,-168
Battle_of_Bogesund,0.16545490,0.19541203,6819,6651,-168
Battle_of_Colberger_Heide,0.16545490,0.19541203,6820,6652,-168
First_battle_of_%C3%96land_(1564),0.16545490,0.19541203,6821,6653,-168
Livonian_Crusade,0.16545490,0.19541203,6822,6654,-168
Northern_Crusades,0.16545490,0.19541203,6823,6655,-168
Operation_B%C3%B8llebank,0.16545490,0.19541203,6824,6656,-168
Siege_of_Malm%C3%B6,0.16545490,0.19541203,6825,6657,-168
Estado_Novo_(Portugal),0.16544675,0.20607710,6826,6231,-595
Republic_of_Benin_(1967),0.16544675,0.20607710,6827,6232,-595
United_Arab_Republic,0.16544675,0.20607710,6828,6233,-595
Operation_Ariel,0.16543246,0.18838100,6829,6843,14
Siege_of_Tsingtao,0.16536153,0.20778174,6830,6190,-640
1971_Ugandan_coup_d%27%C3%A9tat,0.16535656,0.20261001,6831,6380,-451
Suez_Crisis,0.16535656,0.20261001,6832,6381,-451
Battle_of_the_Dnieper,0.16530856,0.19189425,6833,6751,-82
Crimean_Offensive,0.16530856,0.19189425,6834,6752,-82
Dnieper%2013Carpathian_Offensive,0.16530856,0.19189425,6835,6753,-82
Jassy%2013Kishinev_Offensive,0.16530856,0.19189425,6836,6754,-82
Kerch%2013Eltigen_Operation,0.16530856,0.19189425,6837,6755,-82
Lublin%2013Brest_Offensive,0.16530856,0.19189425,6838,6756,-82
Siege_of_Odessa_(1941),0.16530856,0.19189425,6839,6757,-82
Uman%2013Boto%C5%9Fani_Offensive,0.16530856,0.19189425,6840,6758,-82
Maccabi_Kiryat_Gat_F.C.,0.16529228,0.19409937,6841,6684,-157
Libyan_dinar,0.16516295,0.22255576,6842,5674,-1168
Ugandan_shilling,0.16514704,0.21922073,6843,5833,-1010
Battle_of_Bergen_(1759),0.16514547,0.18545819,6844,6906,62
Battle_of_Emsdorf,0.16514547,0.18545819,6845,6907,62
Battle_of_Hastenbeck,0.16514547,0.18545819,6846,6908,62
Battle_of_Minden,0.16514547,0.18545819,6847,6909,62
Great_Siege_of_Gibraltar,0.16514547,0.18545819,6848,6910,62
Singapore_dollar,0.16513537,0.26514647,6849,3998,-2851
Leyte,0.16509822,0.18476297,6850,6927,77
wordnet_iron_114642417,0.16509128,0.27240880,6851,3803,-3048
Liberal_Republican_Party_(Turkey),0.16499028,0.17129622,6852,7507,655
Ben_Marcus,0.16496547,0.17194681,6853,7490,637
Dog_Soldiers_(novel),0.16491930,0.16525604,6854,7726,872
WUSA_(film),0.16491930,0.16525604,6855,7727,872
Who%27ll_Stop_the_Rain,0.16491930,0.16525604,6856,7728,872
Appomattox_Court_House,0.16486565,0.18608177,6857,6888,31
Appomattox_Court_House_National_Historical_Park,0.16486565,0.18608177,6858,6889,31
Clarksville_(Tennessee),0.16486565,0.18608177,6859,6890,31
Fort_Donelson,0.16486565,0.18608177,6860,6891,31
"Lake_County,_Tennessee",0.16486565,0.18608177,6861,6892,31
Palestinian_National_Authority,0.16486278,0.17816654,6862,7255,393
University_of_Paris,0.16484283,0.17652029,6863,7318,455
Brody,0.16482660,0.17602523,6864,7329,465
Dubno,0.16482660,0.17602523,6865,7330,465
Lutsk,0.16482660,0.17602523,6866,7331,465
Cherkasy,0.16482660,0.17602523,6867,7332,465
Korsun-Shevchenkivskyi,0.16482660,0.17602523,6868,7333,465
Bellicourt,0.16481828,0.18432012,6869,6936,67
Oisy-le-Verger,0.16481828,0.18432012,6870,6937,67
"Franklin,_Tennessee",0.16479788,0.18579882,6871,6896,25
Fujian,0.16478723,0.18854844,6872,6838,-34
Mongolian_t%C3%B6gr%C3%B6g,0.16474837,0.20504198,6873,6250,-623
Battle_of_Leros,0.16474558,0.18946160,6874,6813,-61
Toni_Morrison,0.16473346,0.17088259,6875,7523,648
1982_invasion_of_the_Falkland_Islands,0.16472556,0.19595731,6876,6612,-264
Battle_of_Goose_Green,0.16472556,0.19595731,6877,6613,-264
Battle_of_Mount_Harriet,0.16472556,0.19595731,6878,6614,-264
Battle_of_Mount_Longdon,0.16472556,0.19595731,6879,6615,-264
Battle_of_Mount_Tumbledown,0.16472556,0.19595731,6880,6616,-264
Battle_of_Seal_Cove,0.16472556,0.19595731,6881,6617,-264
Battle_of_Two_Sisters,0.16472556,0.19595731,6882,6618,-264
Battle_of_Wireless_Ridge,0.16472556,0.19595731,6883,6619,-264
Falklands_War,0.16472556,0.19595731,6884,6620,-264
Operation_Paraquet,0.16472556,0.19595731,6885,6621,-264
Operation_Sutton,0.16472556,0.19595731,6886,6622,-264
Raid_on_Pebble_Island,0.16472556,0.19595731,6887,6623,-264
Skirmish_at_Many_Branch_Point,0.16472556,0.19595731,6888,6624,-264
Skirmish_at_Top_Malo_House,0.16472556,0.19595731,6889,6625,-264
Berber_languages,0.16471455,0.23834700,6890,5227,-1663
Davor_D%C5%BEalto,0.16470804,0.17157191,6891,7499,608
Richard_Kroner,0.16470804,0.17157191,6892,7500,608
First_Battle_of_Villers-Bretonneux,0.16468067,0.20024788,6893,6494,-399
Al-Wahda_S.C.C.,0.16467762,0.22275166,6894,5664,-1230
Getafe_CF_B,0.16467762,0.22275166,6895,5665,-1230
wordnet_alumina_114823944,0.16467055,0.25442281,6896,4261,-2635
Rossell%C3%B3,0.16466541,0.18045232,6897,7178,281
Roussillon,0.16466541,0.18045232,6898,7179,281
Gabriel_Garc%C3%ADa_M%C3%A1rquez,0.16466437,0.17073926,6899,7527,628
Kastellorizo,0.16465266,0.17566751,6900,7343,443
Hong_Kong_dollar,0.16460740,0.28197810,6901,3588,-3313
wordnet_animal_product_114700745,0.16457460,0.21069467,6902,6115,-787
Battle_of_Arghandab,0.16456641,0.20243218,6903,6389,-514
Battle_of_Cut_Knife,0.16456641,0.20243218,6904,6390,-514
Battle_of_Batoche,0.16456641,0.20243218,6905,6391,-514
Battle_of_Duck_Lake,0.16456641,0.20243218,6906,6392,-514
Battle_of_Eccles_Hill,0.16456641,0.20243218,6907,6393,-514
Battle_of_Fish_Creek,0.16456641,0.20243218,6908,6394,-514
Battle_of_Fort_Pitt,0.16456641,0.20243218,6909,6395,-514
Battle_of_Frenchman%27s_Butte,0.16456641,0.20243218,6910,6396,-514
Battle_of_Loon_Lake,0.16456641,0.20243218,6911,6397,-514
Battle_of_Trout_River,0.16456641,0.20243218,6912,6398,-514
Fenian_raids,0.16456641,0.20243218,6913,6399,-514
HMS_Loch_Alvie_(K428),0.16456641,0.20243218,6914,6400,-514
Neelie_Kroes,0.16456641,0.20243218,6915,6401,-514
North-West_Rebellion,0.16456641,0.20243218,6916,6402,-514
October_Crisis,0.16456641,0.20243218,6917,6403,-514
Operation_Accius,0.16456641,0.20243218,6918,6404,-514
Rubicon_Estate_Winery,0.16456641,0.20243218,6919,6405,-514
Wolseley_Expedition,0.16456641,0.20243218,6920,6406,-514
Armenian_Soviet_Socialist_Republic,0.16454346,0.17479337,6921,7389,468
Goris,0.16454346,0.17479337,6922,7390,468
Noyemberyan,0.16454346,0.17479337,6923,7391,468
William_H._Gass,0.16450662,0.17047209,6924,7538,614
DePaul_University,0.16449883,0.17578919,6925,7338,413
Staffarda,0.16440160,0.17887155,6926,7230,304
John_D._Caputo,0.16437637,0.17457048,6927,7397,470
Danish_language,0.16432694,0.22100152,6928,5755,-1173
William_Styron,0.16431938,0.17158806,6929,7497,568
"Grenay,_Pas-de-Calais",0.16431100,0.17962519,6930,7199,269
Li%C3%A9vin,0.16431100,0.17962519,6931,7200,269
Al-Muqaddasi,0.16428706,0.17102099,6932,7513,581
Estakhri,0.16428706,0.17102099,6933,7514,581
Ibn_Hawqal,0.16428706,0.17102099,6934,7515,581
Joseph_Wolpe,0.16428706,0.17102099,6935,7516,581
Muhammad_ibn_Zakariya_al-Razi,0.16428706,0.17102099,6936,7517,581
"Brest,_France",0.16425607,0.18134134,6937,7101,164
Battle_of_Yenangyaung,0.16425560,0.19752692,6938,6584,-354
Tswana_language,0.16415769,0.22149066,6939,5720,-1219
Battle_of_Dakar,0.16406938,0.19243128,6940,6732,-208
"Allentown,_Pennsylvania",0.16405058,0.18154383,6941,7085,144
"Bridgeport,_Connecticut",0.16405058,0.18154383,6942,7086,144
"Danbury,_Connecticut",0.16405058,0.18154383,6943,7087,144
"Edison,_New_Jersey",0.16405058,0.18154383,6944,7088,144
"Elizabeth,_New_Jersey",0.16405058,0.18154383,6945,7089,144
"Jersey_City,_New_Jersey",0.16405058,0.18154383,6946,7090,144
"New_Rochelle,_New_York",0.16405058,0.18154383,6947,7091,144
"Norwalk,_Connecticut",0.16405058,0.18154383,6948,7092,144
"Passaic,_New_Jersey",0.16405058,0.18154383,6949,7093,144
"Paterson,_New_Jersey",0.16405058,0.18154383,6950,7094,144
"Scranton,_Pennsylvania",0.16405058,0.18154383,6951,7095,144
"Waterbury,_Connecticut",0.16405058,0.18154383,6952,7096,144
Continuation_War,0.16404971,0.19352733,6953,6704,-249
Katse_Dam,0.16404574,0.17264981,6954,7467,513
Matekane_Air_Strip,0.16404574,0.17264981,6955,7469,514
Territory_of_Hawaii,0.16404517,0.18022854,6956,7182,226
Betio,0.16404517,0.18022854,6957,7183,226
Tarawa,0.16404517,0.18022854,6958,7184,226
Chuuk,0.16404517,0.18022854,6959,7185,226
Kobe,0.16404517,0.18022854,6960,7186,226
Shannon_Airport,0.16401592,0.19511486,6961,6664,-297
"Charlotte_Amalie,_United_States_Virgin_Islands",0.16401447,0.17453011,6962,7399,437
"Cornwall,_Ontario",0.16401338,0.18028546,6963,7181,218
"Albany,_New_York",0.16401327,0.17194681,6964,7493,529
Prilep,0.16395278,0.17129622,6965,7508,543
Liguria,0.16394564,0.19187717,6966,6760,-206
Central_African_CFA_franc,0.16388059,0.19543295,6967,6641,-326
Camp_Aguinaldo,0.16383651,0.17925203,6968,7217,249
Fort_Bonifacio,0.16383651,0.17925203,6969,7218,249
Malaca%C3%B1ang_Palace,0.16383651,0.17925203,6970,7219,249
Naval_Station_Sangley_Point,0.16383651,0.17925203,6971,7220,249
Villamor_Air_Base,0.16383651,0.17925203,6972,7221,249
"Sharpsburg,_Maryland",0.16383651,0.17925203,6973,7222,249
People%27s_Socialist_Republic_of_Albania,0.16383651,0.17925203,6974,7223,249
Battle_of_Gazala,0.16381880,0.18620209,6975,6887,-88
Battle_of_Palikao,0.16380920,0.18707839,6976,6873,-103
Battle_of_Shanghai_(1861),0.16380920,0.18707839,6977,6874,-103
Solca,0.16372004,0.17457154,6978,7396,418
Lithuanian_litas,0.16371253,0.21997821,6979,5805,-1174
Crimean_Khanate,0.16370159,0.18176181,6980,7081,101
Moldavia,0.16370159,0.18176181,6981,7082,101
Dmitry_Glukhovsky,0.16363101,0.17063925,6982,7531,549
"Ormstown,_Quebec",0.16359920,0.17984361,6983,7194,211
Greek_Resistance,0.16357107,0.18657918,6984,6880,-104
World_War_II_in_Yugoslav_Macedonia,0.16357107,0.18657918,6985,6881,-104
Aranese_dialect,0.16355453,0.22234490,6986,5696,-1290
Asturian_language,0.16355453,0.22234490,6987,5697,-1290
Basque_language,0.16355453,0.22234490,6988,5698,-1290
Galician_language,0.16355453,0.22234490,6989,5699,-1290
"Abdullah,_son_of_Salam",0.16350843,0.17311400,6990,7448,458
Abdullah_ibn_Masud,0.16350843,0.17311400,6991,7449,458
Abdur_Rahman_bin_Awf,0.16350843,0.17311400,6992,7450,458
Abu_Zayd_al-Balkhi,0.16350843,0.17311400,6993,7451,458
Maruf_Karkhi,0.16350843,0.17311400,6994,7454,460
Sa%27eed_bin_Zaid,0.16350843,0.17311400,6995,7455,460
Shah_Abdul_Latif_Bhittai,0.16350843,0.17311400,6996,7456,460
Battle_of_Binh_Ba,0.16346938,0.19593227,6997,6626,-371
"Greenwood,_Mississippi",0.16346525,0.17281977,6998,7466,468
Francis_Parker_Yockey,0.16340042,0.16948415,6999,7552,553
Carolinian_language,0.16337763,0.19845967,7000,6552,-448
Dushanbe,0.16335955,0.20349457,7001,6294,-707
Chagai_District,0.16332656,0.17311400,7002,7452,450
Husri,0.16332656,0.17311400,7003,7453,450
Barack_Obama,0.16331225,0.16610925,7004,7711,707
Illinois_Senate_career_of_Barack_Obama,0.16331225,0.16610925,7005,7712,707
United_States_Senate_career_of_Barack_Obama,0.16331225,0.16610925,7006,7713,707
Battle_of_Bunker_Hill,0.16330371,0.17723821,7007,7275,268
Battle_of_Chelsea_Creek,0.16330371,0.17723821,7008,7276,268
Battle_of_Longue-Pointe,0.16330371,0.17723821,7009,7277,268
Battle_of_Nassau,0.16330371,0.17723821,7010,7278,268
Battle_of_Quebec_(1775),0.16330371,0.17723821,7011,7279,268
Battle_of_Saint-Pierre,0.16330371,0.17723821,7012,7280,268
Battle_of_The_Cedars,0.16330371,0.17723821,7013,7281,268
Battle_of_Trois-Rivi%C3%A8res,0.16330371,0.17723821,7014,7282,268
Boston_campaign,0.16330371,0.17723821,7015,7283,268
Fortification_of_Dorchester_Heights,0.16330371,0.17723821,7016,7284,268
Siege_of_Boston,0.16330371,0.17723821,7017,7285,268
Siege_of_Fort_St._Jean,0.16330371,0.17723821,7018,7286,268
Swazi_language,0.16329941,0.21792333,7019,5895,-1124
Swazi_phrasebook,0.16329941,0.21792333,7020,5896,-1124
Gulf_of_Riga,0.16326328,0.17095446,7021,7519,498
wordnet_rug_104118021,0.16326124,0.24989778,7022,4513,-2509
Battle_of_Villafranca_(1744),0.16325258,0.18012934,7023,7187,164
Philip_%C3%93_Ceallaigh,0.16322924,0.17088027,7024,7524,500
Willemstad,0.16320956,0.20369533,7025,6283,-742
M%C3%B6hne_Reservoir,0.16317930,0.17030360,7026,7543,517
Angolan_kwanza,0.16317689,0.22271025,7027,5667,-1360
Ajdov%C5%A1%C4%8Dina,0.16314865,0.17009979,7028,7546,518
"Harlingen,_Friesland",0.16312150,0.17001815,7029,7547,518
1973_Israeli_raid_on_Lebanon,0.16311544,0.19409937,7030,6674,-356
1978_South_Lebanon_conflict,0.16311544,0.19409937,7031,6675,-356
2000%201306_Shebaa_Farms_conflict,0.16311544,0.19409937,7032,6676,-356
2000_Hezbollah_cross-border_raid,0.16311544,0.19409937,7033,6677,-356
Battle_of_Jenin,0.16311544,0.19409937,7034,6678,-356
Battle_of_Nablus,0.16311544,0.19409937,7035,6679,-356
Battle_of_the_Beaufort_(1982),0.16311544,0.19409937,7036,6680,-356
First_Intifada,0.16311544,0.19409937,7037,6681,-356
Operation_Accountability,0.16311544,0.19409937,7038,6685,-353
Operation_Autumn_Clouds,0.16311544,0.19409937,7039,6686,-353
Operation_Defensive_Shield,0.16311544,0.19409937,7040,6687,-353
Operation_Rainbow_(2004),0.16311544,0.19409937,7041,6688,-353
Operation_Summer_Rains,0.16311544,0.19409937,7042,6689,-353
Siege_of_the_Church_of_the_Nativity_in_Bethlehem,0.16311544,0.19409937,7043,6690,-353
South_Lebanon_conflict_(1985%20132000),0.16311544,0.19409937,7044,6691,-353
Violence_in_the_Israeli%2013Palestinian_conflict_2007,0.16311544,0.19409937,7045,6692,-353
Japanese_invasion_of_Thailand,0.16311136,0.21288626,7046,6046,-1000
KVZK-2,0.16309872,0.16854924,7047,7594,547
Right-bank_Ukraine,0.16304676,0.17330144,7048,7444,396
Anton_LaVey,0.16302266,0.17019315,7049,7544,495
Gaston_Bachelard,0.16302266,0.17019315,7050,7545,495
Thomas_Bernhard,0.16301934,0.16924560,7051,7567,516
"Boonsboro,_Maryland",0.16300744,0.18157155,7052,7084,32
wordnet_electronic_device_103277771,0.16300264,0.22234490,7053,5694,-1359
wordnet_shipbuilding_100912822,0.16300264,0.22234490,7054,5695,-1359
Baykit_Airport,0.16299510,0.19224462,7055,6749,-306
Romansh_language,0.16295031,0.23832706,7056,5233,-1823
"San_Miguel_County,_New_Mexico",0.16294814,0.18132397,7057,7102,45
Algerian_dinar,0.16293921,0.22785144,7058,5534,-1524
Gazala,0.16292919,0.17261025,7059,7473,414
Gulf_Coast_of_the_United_States,0.16290326,0.17878538,7060,7235,175
Hudson_Bay,0.16290326,0.17878538,7061,7236,175
Sijzi,0.16283763,0.17056777,7062,7533,471
Zakariya_al-Qazwini,0.16283763,0.17056777,7063,7534,471
wordnet_spice_115050011,0.16283303,0.20869595,7064,6166,-898
Battle_of_Thermopylae_(1941),0.16281185,0.18951591,7065,6812,-253
Kosovo_Operation_(1944),0.16278525,0.18527002,7066,6916,-150
Operation_Kugelblitz,0.16278525,0.18527002,7067,6917,-150
%C4%B0nebolu,0.16277513,0.16929684,7068,7562,494
"Gagarin,_Russia",0.16270851,0.17230734,7069,7484,415
Kirkenes,0.16270851,0.17230734,7070,7485,415
Lower_Silesia,0.16270851,0.17230734,7071,7486,415
Province_of_Lower_Silesia,0.16270851,0.17230734,7072,7487,415
Vyazma,0.16270851,0.17230734,7073,7488,415
Pechengsky_District,0.16270851,0.17230734,7074,7489,415
Marne_(river),0.16268468,0.17825472,7075,7254,179
Vienna_Woods,0.16267656,0.17234247,7076,7482,406
Wien-Umgebung_District,0.16267656,0.17234247,7077,7483,406
Barnard_College,0.16266728,0.17333222,7078,7442,364
Norman_Mailer,0.16264916,0.16958754,7079,7550,471
Mali_Federation,0.16262530,0.22493893,7080,5602,-1478
Badajoz,0.16262493,0.17578830,7081,7339,258
Battle_of_Poljana,0.16262003,0.18150393,7082,7097,15
Roanoke%2013Blacksburg_Regional_Airport,0.16258568,0.19161669,7083,6765,-318
Cod_Wars,0.16249814,0.17849573,7084,7245,161
Kermanshah_Province,0.16249245,0.18054929,7085,7174,89
Kurdistan_Province,0.16249245,0.18054929,7086,7175,89
West_Azerbaijan_Province,0.16249245,0.18054929,7087,7176,89
Operation_Compass,0.16248227,0.18965331,7088,6804,-284
Montone_(river),0.16247817,0.17596174,7089,7335,246
John_Berryman,0.16247339,0.16785824,7090,7618,528
Tswana_phrasebook,0.16246265,0.21365993,7091,5997,-1094
Okinawa_Islands,0.16244429,0.17735422,7092,7271,179
Battle_of_Poelcappelle,0.16243956,0.19173724,7093,6761,-332
Battle_of_Polygon_Wood,0.16243956,0.19173724,7094,6762,-332
Battle_of_Pozi%C3%A8res,0.16243956,0.19173724,7095,6763,-332
Battle_of_the_Avre,0.16243956,0.19173724,7096,6764,-332
Blue_in_the_Face,0.16243306,0.16550710,7097,7721,624
Smoke_(film),0.16243306,0.16550710,7098,7722,624
L.F._Wade_International_Airport,0.16242927,0.19349287,7099,6708,-391
wordnet_watch_104555897,0.16242301,0.23832706,7100,5232,-1868
"Centralia,_Illinois",0.16238911,0.16842085,7101,7600,499
Georgian_lari,0.16236777,0.21236224,7102,6071,-1031
Lithuanian_language,0.16234673,0.21997821,7103,5806,-1297
Cisalpine_Republic,0.16234092,0.18298322,7104,7046,-58
Parthenopean_Republic,0.16234092,0.18298322,7105,7047,-58
Ligurian_Republic,0.16234092,0.18298322,7106,7048,-58
V%C3%A4inameri,0.16233623,0.17095446,7107,7518,411
Renzo_Novatore,0.16232730,0.16737654,7108,7632,524
W%C3%BCrttemberg,0.16230719,0.18362591,7109,7036,-73
Pays-Bas_unis,0.16230719,0.18362591,7110,7037,-73
Dutch_Harbor,0.16228952,0.17644997,7111,7320,209
Unalaska_Island,0.16228952,0.17644997,7112,7321,209
Tassafaronga_Point,0.16228952,0.17644997,7113,7322,209
French_Frigate_Shoals,0.16228952,0.17644997,7114,7323,209
Oahu,0.16228952,0.17644997,7115,7324,209
Wotje_Atoll,0.16228952,0.17644997,7116,7325,209
Stephen_King,0.16228561,0.16781338,7117,7622,505
Eder,0.16225812,0.17030360,7118,7541,423
M%C3%B6hne,0.16225812,0.17030360,7119,7542,423
Reichsgau_Danzig-West_Prussia,0.16225588,0.17883928,7120,7232,112
The_Assault,0.16222077,0.16248618,7121,7787,666
The_Discovery_of_Heaven,0.16222077,0.16248618,7122,7788,666
Zwei_Frauen_(Mulisch),0.16222077,0.16248618,7123,7789,666
Battle_of_Skerki_Bank,0.16220870,0.18987791,7124,6798,-326
Operation_Brevity,0.16220870,0.18987791,7125,6799,-326
Operation_Vigorous,0.16220870,0.18987791,7126,6800,-326
Battle_of_Cartagena_de_Indias,0.16220296,0.18081022,7127,7169,42
Battle_of_St._George%27s_Caye,0.16220296,0.18081022,7128,7170,42
War_of_Jenkins%27_Ear,0.16220296,0.18081022,7129,7171,42
Sergei_Bulgakov,0.16219727,0.16741112,7130,7631,501
Fernando_Gonz%C3%A1lez_(writer),0.16218322,0.17065828,7131,7530,399
Slovak_National_Uprising,0.16203209,0.17387074,7132,7435,303
1939%201340_Winter_Offensive,0.16201448,0.18901627,7133,6819,-314
Battle_of_Beiping%2013Tianjin,0.16201448,0.18901627,7134,6820,-314
Battle_of_Changde,0.16201448,0.18901627,7135,6821,-314
Battle_of_Shanghai,0.16201448,0.18901627,7136,6822,-314
Battle_of_South_Guangxi,0.16201448,0.18901627,7137,6823,-314
Battle_of_West_Suiyuan,0.16201448,0.18901627,7138,6824,-314
Battle_of_Zaoyang%2013Yichang,0.16201448,0.18901627,7139,6825,-314
Central_Hubei_Operation,0.16201448,0.18901627,7140,6826,-314
Defense_of_Sihang_Warehouse,0.16201448,0.18901627,7141,6827,-314
Beiping%2013Hankou_Railway_Operation,0.16201448,0.18901627,7142,6828,-314
Second_Guangxi_Campaign,0.16201448,0.18901627,7143,6829,-314
Sichuan_invasion,0.16201448,0.18901627,7144,6830,-314
Tianjin%2013Pukou_Railway_Operation,0.16201448,0.18901627,7145,6831,-314
Western_Hubei_Operation,0.16201448,0.18901627,7146,6832,-314
Municipalities_of_Japan,0.16201243,0.18906755,7147,6815,-332
The_Confusions_of_Young_T%C3%B6rless,0.16196290,0.16214566,7148,7802,654
The_Man_Without_Qualities,0.16196290,0.16214566,7149,7803,654
Young_T%C3%B6rless,0.16196290,0.16214566,7150,7804,654
%C5%92uvres_pr%C3%A9-posthumes,0.16196290,0.16214566,7151,7805,654
Battle_of_Neuve_Chapelle,0.16192246,0.18735616,7152,6867,-285
Siege_of_Lille_(1708),0.16188223,0.17970083,7153,7197,44
Clamart,0.16187076,0.17157191,7154,7498,344
Kimbundu,0.16186443,0.22271025,7155,5668,-1487
Ovambo_language,0.16186443,0.22271025,7156,5669,-1487
Umbundu,0.16186443,0.22271025,7157,5670,-1487
Sarasota%2013Bradenton_International_Airport,0.16186051,0.19005388,7158,6794,-364
wordnet_cobalt_114635290,0.16185232,0.23603001,7159,5280,-1879
Lingala_language,0.16182377,0.22928460,7160,5502,-1658
German_invasion_of_Denmark_(1940),0.16181362,0.18376053,7161,6951,-210
Berni%C3%A8res-sur-Mer,0.16173179,0.17333657,7162,7440,278
Courseulles-sur-Mer,0.16173179,0.17333657,7163,7441,278
Division_of_Korea,0.16168037,0.19316107,7164,6712,-452
Occupation_of_Japan,0.16168037,0.19316107,7165,6713,-452
Reorganized_National_Government_of_China,0.16168037,0.19316107,7166,6714,-452
Burlington_International_Airport,0.16165283,0.18897744,7167,6833,-334
Central_Atlas_Tamazight,0.16165043,0.22785144,7168,5535,-1633
Jean_Grenier,0.16162838,0.16627161,7169,7701,532
Louis_Guilloux,0.16162838,0.16627161,7170,7702,532
Yannick_Pelletier,0.16162838,0.16627161,7171,7703,532
Marshall_Moore,0.16162698,0.16716120,7172,7693,521
Battle_of_Gallabat,0.16160090,0.19229103,7173,6739,-434
Second_Sudanese_Civil_War,0.16160090,0.19229103,7174,6742,-432
Borota_raid,0.16160090,0.19229103,7175,6747,-428
"Five_Forks,_Dinwiddie_County,_Virginia",0.16156217,0.17806360,7176,7256,80
Battle_of_Ramadi_(2006),0.16155615,0.16611824,7177,7708,531
T._K._Seung,0.16155448,0.16884387,7178,7582,404
Stephen_Greenblatt,0.16153550,0.17037706,7179,7539,360
William_E._Connolly,0.16153550,0.17037706,7180,7540,360
Fourth_Anglo-Dutch_War,0.16153107,0.18002217,7181,7191,10
Siege_of_Bergen_op_Zoom_(1747),0.16153107,0.18002217,7182,7192,10
Henry_Corbin,0.16150790,0.16868087,7183,7586,403
Abu_Dhabi,0.16144373,0.22275166,7184,5662,-1522
wordnet_sisal_115042654,0.16138135,0.22271025,7185,5666,-1519
Queen_Anne%27s_War,0.16137323,0.18105235,7186,7116,-70
Trust_Territory_of_the_Pacific_Islands,0.16136365,0.19845967,7187,6551,-636
Antarctica,0.16136336,0.17719695,7188,7287,99
Southern_Ocean,0.16136336,0.17719695,7189,7288,99
Leyte_Gulf,0.16129888,0.17552866,7190,7344,154
Australia_(continent),0.16129888,0.17552866,7191,7345,154
Nouvelle-Guin%C3%A9e_(homonymie),0.16129888,0.17552866,7192,7346,154
My_Name_Is_Red,0.16127994,0.16219707,7193,7794,601
Snow_(Pamuk_novel),0.16127994,0.16219707,7194,7795,601
The_Black_Book_(Pamuk_novel),0.16127994,0.16219707,7195,7796,601
The_Museum_of_Innocence,0.16127994,0.16219707,7196,7797,601
The_New_Life_(novel),0.16127994,0.16219707,7197,7798,601
The_White_Castle,0.16127994,0.16219707,7198,7799,601
Monte_Cassino,0.16127526,0.17675145,7199,7309,110
Battle_of_Alv%C3%B8en,0.16126439,0.17329620,7200,7446,246
Battle_of_Almenar,0.16125686,0.17842055,7201,7252,51
University_of_Mississippi,0.16125587,0.17281977,7202,7464,262
The_Pentagon,0.16122533,0.16611824,7203,7709,506
Bishkek,0.16120531,0.18357021,7204,7040,-164
Caverns_(novel),0.16119648,0.16210659,7205,7806,601
One_Flew_Over_the_Cuckoo%27s_Nest_(novel),0.16119648,0.16210659,7206,7807,601
Sailor_Song,0.16119648,0.16210659,7207,7808,601
Sometimes_a_Great_Notion,0.16119648,0.16210659,7208,7809,601
Battle_of_Ceresole,0.16117499,0.18209578,7209,7067,-142
Battle_of_Friedlingen,0.16117499,0.18209578,7210,7068,-142
Battle_of_Konzer_Br%C3%BCcke,0.16117499,0.18209578,7211,7069,-142
Battle_of_Pavia,0.16117499,0.18209578,7212,7070,-142
Battle_of_Renty,0.16117499,0.18209578,7213,7071,-142
Battle_of_Salzbach,0.16117499,0.18209578,7214,7072,-142
Siege_of_Valenciennes_(1676%201377),0.16117499,0.18209578,7215,7073,-142
Case_White,0.16116473,0.17430245,7216,7430,214
Operation_Southeast_Croatia,0.16116473,0.17430245,7217,7431,214
Operation_Trio,0.16116473,0.17430245,7218,7432,214
"Chatham,_Chicago",0.16115788,0.16842085,7219,7601,382
French_Guiana,0.16111551,0.18238101,7220,7058,-162
Colleville-sur-Mer,0.16108806,0.17437660,7221,7423,202
Saint-Laurent-sur-Mer,0.16108806,0.17437660,7222,7424,202
Sainte-Honorine-des-Pertes,0.16108806,0.17437660,7223,7425,202
Vierville-sur-Mer,0.16108806,0.17437660,7224,7426,202
Vire,0.16108806,0.17437660,7225,7427,202
Province_of_Westphalia,0.16108806,0.17437660,7226,7428,202
Kisumu,0.16108315,0.19389987,7227,6694,-533
Mombasa,0.16108315,0.19389987,7228,6695,-533
Nairobi,0.16108315,0.19389987,7229,6696,-533
Christopher_Moore_(author),0.16106905,0.16660444,7230,7699,469
Mongolian_language,0.16102948,0.19602020,7231,6610,-621
%C5%A0iauliai_Offensive,0.16102277,0.18370752,7232,6952,-280
Baltic_Offensive,0.16102277,0.18370752,7233,6953,-280
Battle_at_Borodino_Field,0.16102277,0.18370752,7234,6954,-280
Battle_for_Velikiye_Luki,0.16102277,0.18370752,7235,6955,-280
Battle_of_Auvere,0.16102277,0.18370752,7236,6956,-280
Battle_of_Belgorod,0.16102277,0.18370752,7237,6957,-280
Battle_of_Berlin,0.16102277,0.18370752,7238,6958,-280
Battle_of_Brody_(1941),0.16102277,0.18370752,7239,6959,-280
Battle_of_Halbe,0.16102277,0.18370752,7240,6960,-280
Battle_of_K%C3%B6nigsberg,0.16102277,0.18370752,7241,6961,-280
Battle_of_Kiev_(1941),0.16102277,0.18370752,7242,6962,-280
Battle_of_Kiev_(1943),0.16102277,0.18370752,7243,6963,-280
Battle_of_Krasny_Bor,0.16102277,0.18370752,7244,6964,-280
Battle_of_Kursk,0.16102277,0.18370752,7245,6965,-280
Battle_of_Lenino,0.16102277,0.18370752,7246,6966,-280
Battle_of_Memel,0.16102277,0.18370752,7247,6967,-280
Battle_of_Moscow,0.16102277,0.18370752,7248,6968,-280
Battle_of_Narva_(1944),0.16102277,0.18370752,7249,6969,-280
Battle_of_Radzymin_(1944),0.16102277,0.18370752,7250,6970,-280
Battle_of_Raseiniai,0.16102277,0.18370752,7251,6971,-280
Battle_of_Smolensk_(1941),0.16102277,0.18370752,7252,6972,-280
Battle_of_Smolensk_(1943),0.16102277,0.18370752,7253,6973,-280
Battle_of_Someri,0.16102277,0.18370752,7254,6974,-280
Battle_of_Tannenberg_Line,0.16102277,0.18370752,7255,6975,-280
Battle_of_Vyborg_Bay_(1944),0.16102277,0.18370752,7256,6976,-280
Battle_of_the_Korsun%2013Cherkassy_Pocket,0.16102277,0.18370752,7257,6977,-280
Battle_of_the_Seelow_Heights,0.16102277,0.18370752,7258,6978,-280
Battles_of_Rzhev,0.16102277,0.18370752,7259,6979,-280
Belgorod-Khar%27kov_Offensive_Operation,0.16102277,0.18370752,7260,6980,-280
Bobruysk_Offensive,0.16102277,0.18370752,7261,6981,-280
Courland_Pocket,0.16102277,0.18370752,7262,6982,-280
Defense_of_Brest_Fortress,0.16102277,0.18370752,7263,6983,-280
Defense_of_the_Adzhimushkay_quarry,0.16102277,0.18370752,7264,6984,-280
Demyansk_Pocket,0.16102277,0.18370752,7265,6985,-280
East_Prussian_Offensive,0.16102277,0.18370752,7266,6986,-280
Evacuation_of_East_Prussia,0.16102277,0.18370752,7267,6987,-280
First_Battle_of_Kharkov,0.16102277,0.18370752,7268,6988,-280
Gumbinnen_Operation,0.16102277,0.18370752,7269,6989,-280
Heiligenbeil_Pocket,0.16102277,0.18370752,7270,6990,-280
Kamenets-Podolsky_Pocket,0.16102277,0.18370752,7271,6991,-280
Kaunas_Offensive,0.16102277,0.18370752,7272,6992,-280
Leningrad%2013Novgorod_Offensive,0.16102277,0.18370752,7273,6993,-280
Lower_Silesian_Offensive,0.16102277,0.18370752,7274,6994,-280
Minsk_Offensive,0.16102277,0.18370752,7275,6995,-280
Mirgorod_direction_offensive,0.16102277,0.18370752,7276,6996,-280
Mogilev_Offensive,0.16102277,0.18370752,7277,6997,-280
Belostock_Offensive,0.16102277,0.18370752,7278,6998,-280
Operation_Bagration,0.16102277,0.18370752,7279,6999,-280
Operation_Doppelkopf,0.16102277,0.18370752,7280,7000,-280
Operation_Iskra,0.16102277,0.18370752,7281,7001,-280
Operation_Koltso,0.16102277,0.18370752,7282,7002,-280
Operation_Kutuzov,0.16102277,0.18370752,7283,7003,-280
Operation_Mars,0.16102277,0.18370752,7284,7004,-280
Operation_Ostra_Brama,0.16102277,0.18370752,7285,7005,-280
Operation_Polkovodets_Rumyantsev,0.16102277,0.18370752,7286,7006,-280
Operation_Polyarnaya_Zvezda,0.16102277,0.18370752,7287,7007,-280
Operation_Renntier,0.16102277,0.18370752,7288,7008,-280
Operation_Solstice,0.16102277,0.18370752,7289,7009,-280
Operation_Winter_Storm,0.16102277,0.18370752,7290,7010,-280
Operation_Wotan,0.16102277,0.18370752,7291,7011,-280
Operation_Wunderland,0.16102277,0.18370752,7292,7012,-280
Osovets_Offensive,0.16102277,0.18370752,7293,7013,-280
Petsamo%2013Kirkenes_Offensive,0.16102277,0.18370752,7294,7014,-280
Polotsk_Offensive,0.16102277,0.18370752,7295,7015,-280
Prague_uprising,0.16102277,0.18370752,7296,7016,-280
Riga_Offensive_(1944),0.16102277,0.18370752,7297,7017,-280
Samland_Offensive,0.16102277,0.18370752,7298,7018,-280
Siege_of_Breslau,0.16102277,0.18370752,7299,7019,-280
Tartu_Offensive,0.16102277,0.18370752,7300,7020,-280
Tatsinskaya_Raid,0.16102277,0.18370752,7301,7021,-280
Third_Battle_of_Kharkov,0.16102277,0.18370752,7302,7022,-280
Toropets%2013Kholm_Offensive,0.16102277,0.18370752,7303,7023,-280
Upper_Silesian_Offensive,0.16102277,0.18370752,7304,7024,-280
Vistula%2013Oder_Offensive,0.16102277,0.18370752,7305,7025,-280
Vitebsk%2013Orsha_Offensive,0.16102277,0.18370752,7306,7026,-280
Yelnya_Offensive,0.16102277,0.18370752,7307,7027,-280
Chechelnyk,0.16102136,0.16750179,7308,7626,318
Kostas_Axelos,0.16100810,0.16711377,7309,7695,386
Battle_of_Muar,0.16099171,0.18791511,7310,6858,-452
Operation_Tiderace,0.16099171,0.18791511,7311,6859,-452
Cape_Matapan,0.16098949,0.16925063,7312,7565,253
Gavdos,0.16098949,0.16925063,7313,7566,253
Operation_Sinbad,0.16097974,0.18357567,7314,7038,-276
Siege_of_UK_bases_in_Basra,0.16097974,0.18357567,7315,7039,-276
Abadd%C3%B3n_el_exterminador,0.16096599,0.16113352,7316,7851,535
El_T%C3%BAnel,0.16096599,0.16113352,7317,7852,535
FC_Lahti,0.16093907,0.16610925,7318,7714,396
National_Space_Organization,0.16092595,0.18097442,7319,7118,-201
Red_Cross_Society_of_the_Republic_of_China,0.16092595,0.18097442,7320,7119,-201
Battle_of_Dogger_Bank_(1781),0.16090570,0.17874189,7321,7243,-78
Dekemvriana,0.16088477,0.17945694,7322,7201,-121
Justin_Cronin,0.16087607,0.16558127,7323,7719,396
Gallipoli_Star_(Ottoman_Empire),0.16080639,0.17073518,7324,7528,204
Order_of_Osmanieh,0.16080639,0.17073518,7325,7529,204
Battle_of_Karasounk,0.16077380,0.18186367,7326,7080,-246
Christian_Bauman,0.16073570,0.16525604,7327,7724,397
John_Shannon_(novelist),0.16073570,0.16525604,7328,7725,397
Ivan_Aralica,0.16072943,0.16567247,7329,7718,389
Syrian_pound,0.16072406,0.21431904,7330,5987,-1343
"Al-Jazira,_Mesopotamia",0.16071784,0.17932236,7331,7214,-117
Hejaz,0.16071784,0.17932236,7332,7215,-117
Occidental_College,0.16071537,0.16935023,7333,7561,228
Danilo_Lokar,0.16070498,0.16552770,7334,7720,386
Benin,0.16070033,0.20361713,7335,6289,-1046
Marmarica,0.16068407,0.16956621,7336,7551,215
Battle_of_Lake_Khasan,0.16059161,0.18305388,7337,7044,-293
Invasion_of_the_Kuril_Islands,0.16059161,0.18305388,7338,7045,-293
Chilean_peso,0.16056050,0.19859285,7339,6541,-798
Battle_of_Breitenfeld_(1631),0.16054962,0.18081550,7340,7123,-217
Battle_of_Breitenfeld_(1642),0.16054962,0.18081550,7341,7124,-217
Battle_of_Calven,0.16054962,0.18081550,7342,7125,-217
Battle_of_Cortenuova,0.16054962,0.18081550,7343,7126,-217
Battle_of_Dessau_Bridge,0.16054962,0.18081550,7344,7127,-217
Battle_of_Doma%C5%BElice,0.16054962,0.18081550,7345,7128,-217
Battle_of_Dornach,0.16054962,0.18081550,7346,7129,-217
Battle_of_Dorylaeum_(1147),0.16054962,0.18081550,7347,7130,-217
Battle_of_Fossalta,0.16054962,0.18081550,7348,7131,-217
Battle_of_Frastanz,0.16054962,0.18081550,7349,7132,-217
Battle_of_Gavinana,0.16054962,0.18081550,7350,7133,-217
Battle_of_Hundsfeld,0.16054962,0.18081550,7351,7134,-217
Battle_of_L%C3%BCtzen_(1632),0.16054962,0.18081550,7352,7135,-217
Battle_of_Langensalza_(1075),0.16054962,0.18081550,7353,7136,-217
Battle_of_Legnano,0.16054962,0.18081550,7354,7137,-217
Battle_of_Legnica,0.16054962,0.18081550,7355,7138,-217
Battle_of_Lucka,0.16054962,0.18081550,7356,7139,-217
Battle_of_Mingolsheim,0.16054962,0.18081550,7357,7140,-217
Battle_of_Mohi,0.16054962,0.18081550,7358,7141,-217
Battle_of_Monte_Porzio,0.16054962,0.18081550,7359,7142,-217
Battle_of_Parma,0.16054962,0.18081550,7360,7143,-217
Battle_of_Sablat,0.16054962,0.18081550,7361,7144,-217
Battle_of_Schwaderloh,0.16054962,0.18081550,7362,7145,-217
Battle_of_Trzciana,0.16054962,0.18081550,7363,7146,-217
Battle_of_Turnhout_(1789),0.16054962,0.18081550,7364,7147,-217
Battle_of_Welfesholz,0.16054962,0.18081550,7365,7148,-217
Battle_of_Wisternitz,0.16054962,0.18081550,7366,7149,-217
Byzantine%2013Arab_wars_(780%20131180),0.16054962,0.18081550,7367,7150,-217
Battle_of_G%C5%82og%C3%B3w,0.16054962,0.18081550,7368,7153,-215
Battle_of_Hard,0.16054962,0.18081550,7369,7154,-215
Battle_of_Nekm%C3%AD%C5%99,0.16054962,0.18081550,7370,7155,-215
Battle_of_St._Jakob_an_der_Sihl,0.16054962,0.18081550,7371,7156,-215
Brabant_Revolution,0.16054962,0.18081550,7372,7157,-215
Crusade_of_1197,0.16054962,0.18081550,7373,7158,-215
Polish%2013Swedish_War_(1626%201329),0.16054962,0.18081550,7374,7159,-215
Sack_of_Magdeburg,0.16054962,0.18081550,7375,7160,-215
Siege_of_Brescia,0.16054962,0.18081550,7376,7161,-215
Siege_of_Faenza,0.16054962,0.18081550,7377,7162,-215
Siege_of_Jerusalem_(1244),0.16054962,0.18081550,7378,7163,-215
Siege_of_Kehl_(1703),0.16054962,0.18081550,7379,7164,-215
Siege_of_Pilsen,0.16054962,0.18081550,7380,7165,-215
Siege_of_Viterbo,0.16054962,0.18081550,7381,7166,-215
Sixth_Crusade,0.16054962,0.18081550,7382,7167,-215
Swabian_War,0.16054962,0.18081550,7383,7168,-215
26_Baku_Commissars,0.16054659,0.17604578,7384,7328,-56
Khartoum,0.16054612,0.19229103,7385,6740,-645
Olaf_Stapledon,0.16053850,0.16518733,7386,7730,344
WH_Smith_Literary_Award,0.16053260,0.17281977,7387,7465,78
Battle_of_Kos,0.16047025,0.17773120,7388,7263,-125
Garuda_Indonesia_Flight_206,0.16046753,0.20484441,7389,6259,-1130
Haw_wars,0.16046753,0.20484441,7390,6260,-1130
South_Thailand_insurgency,0.16046753,0.20484441,7391,6261,-1130
L%C3%AA_V%C4%83n_Kh%C3%B4i_revolt,0.16046753,0.20484441,7392,6265,-1127
Ta_Din_Dang_campaign,0.16046753,0.20484441,7393,6266,-1127
Tsonga_language,0.16042138,0.20748720,7394,6197,-1197
Venda_language,0.16042138,0.20748720,7395,6198,-1197
Xhosa_language,0.16042138,0.20748720,7396,6199,-1197
Pakistani_rupee,0.16041843,0.22067553,7397,5781,-1616
Jacob_Taubes,0.16041493,0.16507872,7398,7742,344
Maghreb,0.16041341,0.17047642,7399,7537,138
Operation_R%C3%B6sselsprung_(1944),0.16037891,0.17299329,7400,7458,58
Operation_Uzice,0.16037891,0.17299329,7401,7459,58
Simon_Vestdijk,0.16037304,0.16485536,7402,7743,341
Southern_Illinois_University_Carbondale,0.16035631,0.16842085,7403,7603,200
English_in_Puerto_Rico,0.16033684,0.19557925,7404,6638,-766
Puerto_Rican_Spanish,0.16033684,0.19557925,7405,6639,-766
Liesel_Litzenburger,0.16033611,0.16473349,7406,7746,340
Jerry_Garcia,0.16032220,0.16585324,7407,7716,309
"Enemies,_A_Love_Story",0.16021478,0.16076166,7408,7937,529
Shosha_(novel),0.16021478,0.16076166,7409,7938,529
The_Magician_of_Lublin_(film),0.16021478,0.16076166,7410,7939,529
The_Real_Shlemiel,0.16021478,0.16076166,7411,7940,529
Yentl,0.16021478,0.16076166,7412,7941,529
Yentl_(film),0.16021478,0.16076166,7413,7942,529
DR_(broadcaster),0.16018902,0.17506503,7414,7363,-51
Barfly_(film),0.16018338,0.16193426,7415,7827,412
Ham_on_Rye,0.16018338,0.16193426,7416,7829,413
Notes_of_a_Dirty_Old_Man,0.16018338,0.16193426,7417,7830,413
The_Most_Beautiful_Woman_in_Town,0.16018338,0.16193426,7418,7831,413
Women_(novel),0.16018338,0.16193426,7419,7832,413
William_Faulkner,0.16017581,0.16442681,7420,7750,330
Alsace-Lorraine,0.16017265,0.18214083,7421,7063,-358
Dominion_of_Newfoundland,0.16017265,0.18214083,7422,7064,-358
First_Portuguese_Republic,0.16017265,0.18214083,7423,7065,-358
French_colonial_empire,0.16017265,0.18214083,7424,7066,-358
Battle_of_Cocos,0.16017143,0.18541814,7425,6911,-514
Battle_of_Mont_Saint-Quentin,0.16017143,0.18541814,7426,6912,-514
Siege_of_Toma,0.16017143,0.18541814,7427,6913,-514
Charlottesville%2013Albemarle_Airport,0.16015638,0.18365851,7428,7035,-393
Daniel_Wallace_(author),0.16011091,0.16447362,7429,7748,319
Irish_language,0.16007919,0.19726405,7430,6594,-836
Robinson_Jeffers,0.16001219,0.16417339,7431,7755,324
wordnet_platinum_114649543,0.15999705,0.20748720,7432,6196,-1236
Lawrence_Durrell,0.15999248,0.16594455,7433,7715,282
Anhui,0.15994528,0.16785154,7434,7619,185
Mitch_Cullin,0.15993266,0.16443777,7435,7749,314
Action_of_13_January_1797,0.15990538,0.17691578,7436,7292,-144
Action_of_23_April_1794,0.15990538,0.17691578,7437,7293,-144
Action_of_6_November_1794,0.15990538,0.17691578,7438,7294,-144
Battle_of_Groix,0.15990538,0.17691578,7439,7295,-144
Battle_of_the_Nile,0.15990538,0.17691578,7440,7296,-144
Croisi%C3%A8re_du_Grand_Hiver,0.15990538,0.17691578,7441,7297,-144
Exp%C3%A9dition_d%27Irlande,0.15990538,0.17691578,7442,7298,-144
Action_of_14_December_1798,0.15990538,0.17691578,7443,7299,-144
Atlantic_campaign_of_May_1794,0.15990538,0.17691578,7444,7300,-144
Battle_of_Ballinamuck,0.15990538,0.17691578,7445,7301,-144
Battle_of_Fishguard,0.15990538,0.17691578,7446,7302,-144
Battle_of_Tory_Island,0.15990538,0.17691578,7447,7303,-144
Glorious_First_of_June,0.15990538,0.17691578,7448,7304,-144
Irish_Rebellion_of_1798,0.15990538,0.17691578,7449,7305,-144
War_in_the_Vend%C3%A9e,0.15990538,0.17691578,7450,7306,-144
First_Fitna,0.15989232,0.16512741,7451,7731,280
Monaco,0.15987307,0.24430515,7452,4772,-2680
wordnet_handicraft_103485655,0.15985604,0.20638506,7453,6221,-1232
Battle_of_the_Hohenzollern_Redoubt,0.15982120,0.18222924,7454,7062,-392
wordnet_cereal_112141495,0.15978056,0.24127015,7455,4883,-2572
Battle_of_Alam_el_Halfa,0.15973201,0.17797310,7456,7259,-197
Battle_of_El_Agheila,0.15973201,0.17797310,7457,7260,-197
Battle_of_Medenine,0.15973201,0.17797310,7458,7261,-197
Operation_Agreement,0.15973201,0.17797310,7459,7262,-197
Umberto_Eco,0.15972379,0.16547670,7460,7723,263
wordnet_feed_107800091,0.15971308,0.24089903,7461,5166,-2295
Saudi_riyal,0.15970710,0.23348253,7462,5386,-2076
Government_of_National_Unity_(Hungary),0.15970466,0.16794919,7463,7616,153
Great_Hungarian_Plain,0.15970466,0.16794919,7464,7617,153
Afrique_du_Nord-Ouest,0.15968555,0.17047642,7465,7536,71
Burnley_F.C.,0.15965899,0.16512741,7466,7732,266
Dundee_F.C.,0.15965899,0.16512741,7467,7733,266
Notts_County_F.C.,0.15965899,0.16512741,7468,7734,266
Scotland_national_under-19_football_team,0.15965899,0.16512741,7469,7735,266
Scotland_national_under-21_football_team,0.15965899,0.16512741,7470,7736,266
Scunthorpe_United_F.C.,0.15965899,0.16512741,7471,7737,266
Sheffield_United_F.C.,0.15965899,0.16512741,7472,7738,266
Wolverhampton_Wanderers_F.C.,0.15965899,0.16512741,7473,7739,266
James_Wells_Champney,0.15964229,0.16219707,7474,7793,319
%C5%81upk%C3%B3w_Pass,0.15961542,0.16827830,7475,7607,132
Dukla,0.15961542,0.16827830,7476,7608,132
Dukla_Pass,0.15961542,0.16827830,7477,7609,132
"Polany,_Podkarpackie_Voivodeship",0.15961542,0.16827830,7478,7610,132
Tom_Waits,0.15959319,0.16568091,7479,7717,238
Latvian_language,0.15959281,0.20865441,7480,6168,-1312
Wetzlar,0.15959042,0.18081550,7481,7151,-330
Indology,0.15958070,0.17056777,7482,7535,53
Brandenburg-Prussia,0.15957340,0.17242488,7483,7481,-2
Jim_Northrup_(writer),0.15957010,0.16509396,7484,7741,257
A_Fairly_Honourable_Defeat,0.15948739,0.16030865,7485,7961,476
A_Severed_Head,0.15948739,0.16030865,7486,7962,476
A_Word_Child,0.15948739,0.16030865,7487,7963,476
Something_Special_(short_story),0.15948739,0.16030865,7488,7964,476
The_Black_Prince_(novel),0.15948739,0.16030865,7489,7965,476
The_Flight_from_the_Enchanter,0.15948739,0.16030865,7490,7966,476
The_Good_Apprentice,0.15948739,0.16030865,7491,7967,476
The_Green_Knight_(novel),0.15948739,0.16030865,7492,7968,476
The_Italian_Girl,0.15948739,0.16030865,7493,7969,476
The_Philosopher%27s_Pupil,0.15948739,0.16030865,7494,7970,476
The_Sandcastle_(novel),0.15948739,0.16030865,7495,7971,476
"The_Sea,_the_Sea",0.15948739,0.16030865,7496,7972,476
Under_the_Net,0.15948739,0.16030865,7497,7973,476
"Ripe,_Marche",0.15947820,0.16722027,7498,7636,138
wordnet_cashew_107772147,0.15945756,0.20651828,7499,6216,-1283
Operation_Battleaxe,0.15945048,0.17698619,7500,7291,-209
Bob_Dylan,0.15942944,0.16379932,7501,7765,264
Balochi_language,0.15938073,0.22067553,7502,5782,-1720
Saraiki_phrasebook,0.15938073,0.22067553,7503,5783,-1720
Corsica,0.15933405,0.17754296,7504,7265,-239
County_of_Nice,0.15933405,0.17754296,7505,7266,-239
Orbetello,0.15933405,0.17754296,7506,7267,-239
Principality_of_Piombino,0.15933405,0.17754296,7507,7268,-239
Siena,0.15933405,0.17754296,7508,7269,-239
Three_Bishoprics,0.15933405,0.17754296,7509,7270,-239
Manjushree_Thapa,0.15932910,0.16425051,7510,7752,242
Mario_S%C3%A1bato,0.15932189,0.16113352,7511,7854,343
Liturgy_of_St._John_Chrysostom_(Tchaikovsky),0.15927734,0.15974784,7512,8016,504
Loom_(video_game),0.15927734,0.15974784,7513,8017,504
Nut_Rocker,0.15927734,0.15974784,7514,8018,504
Serenade_(ballet),0.15927734,0.15974784,7515,8019,504
The_Seasons_(Tchaikovsky),0.15927734,0.15974784,7516,8020,504
Vyborg_HVDC_scheme,0.15926691,0.17501203,7517,7383,-134
Albanian_Kingdom,0.15925762,0.16962014,7518,7549,31
How_I_Met_My_Husband,0.15924149,0.15981273,7519,8004,485
Runaway_(book),0.15924149,0.15981273,7520,8005,485
The_Progress_of_Love,0.15924149,0.15981273,7521,8006,485
Who_Do_You_Think_You_Are%3F_(book),0.15924149,0.15981273,7522,8007,485
Irkutsk,0.15923970,0.17672746,7523,7315,-208
Oru_Cheru_Punchiri,0.15923898,0.15994105,7524,7984,460
Javier_Mar%C3%ADas,0.15918162,0.16306145,7525,7771,246
Labrador_Sea,0.15916391,0.18386351,7526,6948,-578
Battle_of_Bardia,0.15913371,0.18118242,7527,7108,-419
Battle_of_Calabria,0.15913371,0.18118242,7528,7109,-419
Battle_of_Cape_Matapan,0.15913371,0.18118242,7529,7110,-419
Battle_of_Cape_Spada,0.15913371,0.18118242,7530,7111,-419
Battle_of_the_Espero_Convoy,0.15913371,0.18118242,7531,7112,-419
Battle_of_the_Strait_of_Otranto_(1940),0.15913371,0.18118242,7532,7113,-419
Operation_Abstention,0.15913371,0.18118242,7533,7114,-419
Namibian_dollar,0.15909774,0.19447366,7534,6672,-862
Mo_Yan,0.15906243,0.16296615,7535,7772,237
Andorran_diner,0.15901063,0.19187717,7536,6759,-777
wordnet_animal_100015388,0.15899877,0.22067553,7537,5779,-1758
wordnet_bed_linen_102821030,0.15899877,0.22067553,7538,5780,-1758
"Bennington,_Vermont",0.15897904,0.16936472,7539,7558,19
"Hoosick,_New_York",0.15897904,0.16936472,7540,7559,19
"Walloomsac,_New_York",0.15897904,0.16936472,7541,7560,19
Anglo-Swedish_War_(1810%201312),0.15895739,0.17885765,7542,7231,-311
Battle_of_the_River_Plate,0.15894619,0.17666394,7543,7316,-227
Cormac_McCarthy,0.15894330,0.16266537,7544,7784,240
Wichita_Falls_Municipal_Airport,0.15889388,0.16520659,7545,7729,184
Anglo-Spanish_War_(1762%201363),0.15885520,0.17092965,7546,7520,-26
Fantastic_War,0.15885520,0.17092965,7547,7521,-26
Spanish_invasion_of_Portugal_(1762),0.15885520,0.17092965,7548,7522,-26
Max_Weber,0.15884991,0.16439760,7549,7751,202
Dunkirk_evacuation,0.15883153,0.17686921,7550,7307,-243
Phoney_War,0.15883153,0.17686921,7551,7308,-243
Maquis_des_Gli%C3%A8res,0.15879648,0.17125352,7552,7509,-43
Maquis_du_Mont_Mouchet,0.15879648,0.17125352,7553,7510,-43
Scuttling_of_the_French_fleet_in_Toulon,0.15879648,0.17125352,7554,7511,-43
Luba-Kasai_language,0.15879298,0.21666046,7555,5925,-1630
Ride_the_Tiger,0.15876905,0.15960422,7556,8074,518
Battle_of_Rabaul_(1942),0.15875060,0.17940446,7557,7206,-351
Battle_of_Slater%27s_Knoll,0.15875060,0.17940446,7558,7207,-351
Japanese_invasion_of_Malaya,0.15875060,0.17940446,7559,7208,-351
Landing_at_Lae,0.15875060,0.17940446,7560,7209,-351
Shelling_of_Newcastle,0.15875060,0.17940446,7561,7210,-351
The_Charles_Bukowski_Tapes,0.15875026,0.16193426,7562,7828,266
Action_of_16_May_1797,0.15873863,0.17506503,7563,7353,-210
Battle_of_Bornh%C3%B6ved_(1227),0.15873863,0.17506503,7564,7354,-210
Battle_of_Bov,0.15873863,0.17506503,7565,7355,-210
Battle_of_Fredericia,0.15873863,0.17506503,7566,7356,-210
Battle_of_Heligoland_(1849),0.15873863,0.17506503,7567,7357,-210
Battle_of_Helsingborg_(1362),0.15873863,0.17506503,7568,7358,-210
Battle_of_Isted,0.15873863,0.17506503,7569,7359,-210
Battle_of_Lundby,0.15873863,0.17506503,7570,7360,-210
Battle_of_Lyndanisse,0.15873863,0.17506503,7571,7361,-210
Battle_of_the_Ice,0.15873863,0.17506503,7572,7362,-210
Battle_of_Lottorf,0.15873863,0.17506503,7573,7367,-206
Battle_of_Visby,0.15873863,0.17506503,7574,7368,-206
St._George%27s_Night_Uprising,0.15873863,0.17506503,7575,7369,-206
Afrikaans,0.15872635,0.19965648,7576,6503,-1073
Languages_of_South_Africa,0.15872635,0.19965648,7577,6504,-1073
Northern_Sotho_language,0.15872635,0.19965648,7578,6505,-1073
Southern_Ndebele_language,0.15872635,0.19965648,7579,6506,-1073
Zulu_language,0.15872635,0.19965648,7580,6507,-1073
Vrhnika,0.15871878,0.16348804,7581,7768,187
Jim_Knipfel,0.15866161,0.16361567,7582,7766,184
County_of_Tyrol,0.15862872,0.17159024,7583,7494,-89
Galicia_(Eastern_Europe),0.15862872,0.17159024,7584,7495,-89
Illyrian_Provinces,0.15862872,0.17159024,7585,7496,-89
Philipp_Meyer,0.15862080,0.16219774,7586,7792,206
Florida_State_University,0.15860564,0.16615421,7587,7704,117
Morehouse_College,0.15860564,0.16615421,7588,7705,117
Nation_of_Islam,0.15860564,0.16615421,7589,7706,117
Norfolk_State_University,0.15860564,0.16615421,7590,7707,117
Hawthorn_Ridge_Redoubt,0.15857390,0.17888526,7591,7228,-363
Olivenza,0.15852603,0.16767317,7592,7623,31
Astana,0.15849495,0.18854528,7593,6839,-754
wordnet_columbite-tantalite_114672373,0.15843496,0.21666046,7594,5923,-1671
wordnet_tungsten_114659512,0.15843496,0.21666046,7595,5924,-1671
Ignacio_Padilla,0.15840353,0.16294840,7596,7773,177
Orbassano,0.15840094,0.16684174,7597,7696,99
Piossasco,0.15840094,0.16684174,7598,7697,99
Volvera,0.15840094,0.16684174,7599,7698,99
Battle_of_Kohima,0.15823350,0.17502339,7600,7370,-230
Battle_of_Ramree_Island,0.15823350,0.17502339,7601,7371,-230
Operation_Dracula,0.15823350,0.17502339,7602,7372,-230
Lev_Shestov,0.15821296,0.16268325,7603,7783,180
Stanis%C5%82aw_Brzozowski_(writer),0.15818342,0.16350766,7604,7767,163
Native_Son_(1951_film),0.15816578,0.15889484,7605,8117,512
Black_Boy,0.15816578,0.15889484,7606,8118,512
Native_Son,0.15816578,0.15889484,7607,8119,512
The_Outsider_(Wright_novel),0.15816578,0.15889484,7608,8120,512
Uncle_Tom%27s_Children,0.15816578,0.15889484,7609,8121,512
In_the_Heart_of_the_Country,0.15816516,0.15890940,7610,8101,491
Age_of_Iron,0.15816516,0.15890940,7611,8102,491
Diary_of_a_Bad_Year,0.15816516,0.15890940,7612,8103,491
Dusklands,0.15816516,0.15890940,7613,8104,491
Elizabeth_Costello,0.15816516,0.15890940,7614,8105,491
Foe_(novel),0.15816516,0.15890940,7615,8106,491
Life_%26_Times_of_Michael_K,0.15816516,0.15890940,7616,8107,491
Slow_Man,0.15816516,0.15890940,7617,8108,491
The_Master_of_Petersburg,0.15816516,0.15890940,7618,8109,491
Waiting_for_the_Barbarians,0.15816516,0.15890940,7619,8110,491
Sidi_Barrani,0.15816054,0.16465503,7620,7747,127
Harry_Mulisch,0.15815119,0.16158584,7621,7845,224
John_Bayley_(writer),0.15810999,0.16030865,7622,7974,352
Bodaybo_Airport,0.15809242,0.17672746,7623,7310,-313
Erbogachen_Airport,0.15809242,0.17672746,7624,7311,-313
Mama_Airport,0.15809242,0.17672746,7625,7312,-313
Ust-Kut_Airport,0.15809242,0.17672746,7626,7313,-313
Zheleznogorsk_Airport,0.15809242,0.17672746,7627,7314,-313
Klagenfurt,0.15806061,0.16214566,7628,7801,173
Paul_McCartney,0.15805681,0.16210659,7629,7810,181
Flag_of_the_United_States_Air_Force,0.15803182,0.15805912,7630,8239,609
Bangor_International_Airport,0.15801130,0.17625793,7631,7327,-304
Eucumbene_Dam,0.15800169,0.16040416,7632,7952,320
Jindabyne_Dam,0.15800169,0.16040416,7633,7953,320
Laverton_North_Power_Station,0.15800169,0.16040416,7634,7954,320
Talbingo_Dam,0.15800169,0.16040416,7635,7955,320
Tantangara_Dam,0.15800169,0.16040416,7636,7956,320
Tooma_Dam,0.15800169,0.16040416,7637,7957,320
Tumut_Hydroelectric_Power_Station,0.15800169,0.16040416,7638,7958,320
Tumut_Pond_Dam,0.15800169,0.16040416,7639,7959,320
Robert_Stone_(novelist),0.15796903,0.16153455,7640,7846,206
Battle_of_Gabon,0.15796260,0.17106866,7641,7512,-129
1948_Czechoslovak_coup_d%27%C3%A9tat,0.15794778,0.17501203,7642,7373,-269
Alberta_Legislature_Building,0.15794778,0.17501203,7643,7374,-269
Battle_for_Hill_3234,0.15794778,0.17501203,7644,7375,-269
Battle_of_Afabet,0.15794778,0.17501203,7645,7376,-269
Battle_of_Maravar_Pass,0.15794778,0.17501203,7646,7377,-269
Battle_of_Porkuni,0.15794778,0.17501203,7647,7378,-269
Jeltoqsan,0.15794778,0.17501203,7648,7379,-269
Lithuanian_partisans,0.15794778,0.17501203,7649,7380,-269
Operation_Magistral,0.15794778,0.17501203,7650,7381,-269
Operation_Ring,0.15794778,0.17501203,7651,7382,-269
Continuous_spatial_automaton,0.15794778,0.17501203,7652,7384,-268
Race_to_Berlin,0.15794778,0.17501203,7653,7385,-268
Soviet_withdrawal_from_Afghanistan,0.15794778,0.17501203,7654,7386,-268
Xinjiang_conflict,0.15794778,0.17501203,7655,7387,-268
Antonina_Miliukova,0.15793043,0.15974784,7656,8011,355
United_Arab_Emirates_dirham,0.15790077,0.22275166,7657,5663,-1994
Middle_America_(region),0.15789629,0.16855155,7658,7591,-67
Tobago,0.15789629,0.16855155,7659,7592,-67
"Tuscarora,_Pennsylvania",0.15789629,0.16855155,7660,7593,-67
Grigol_Robakidze,0.15786297,0.16115759,7661,7847,186
Battle_of_Kandahar,0.15785780,0.17330064,7662,7445,-217
Colleville-Montgomery,0.15780062,0.16292047,7663,7774,111
Hermanville-sur-Mer,0.15780062,0.16292047,7664,7775,111
Langrune-sur-Mer,0.15780062,0.16292047,7665,7776,111
Lion-sur-Mer,0.15780062,0.16292047,7666,7777,111
Luc-sur-Mer,0.15780062,0.16292047,7667,7778,111
Merville-Franceville-Plage,0.15780062,0.16292047,7668,7779,111
Ouistreham,0.15780062,0.16292047,7669,7780,111
Ernst_J%C3%BCnger,0.15778927,0.16098486,7670,7858,188
wordnet_cashew_112759273,0.15773858,0.18678874,7671,6877,-794
wordnet_cardamom_112358293,0.15772911,0.19795451,7672,6572,-1100
Order_of_the_Crown_(W%C3%BCrttemberg),0.15771476,0.16473349,7673,7745,72
Barbie_in_the_Nutcracker,0.15766113,0.15974784,7674,8012,338
Fitna_(film),0.15766113,0.15974784,7675,8013,338
Intermezzo_(1936_film),0.15766113,0.15974784,7676,8014,338
Knight_Without_Armour,0.15766113,0.15974784,7677,8015,338
Confession_(miniseries),0.15766113,0.15974784,7678,8022,344
Swan_Lake_(1981_film),0.15766113,0.15974784,7679,8023,344
The_Music_Lovers,0.15766113,0.15974784,7680,8024,344
The_Nutcracker_(1973_film),0.15766113,0.15974784,7681,8025,344
The_Nutcracker_Prince,0.15766113,0.15974784,7682,8026,344
The_Queen_of_Spades_(1960_film),0.15766113,0.15974784,7683,8027,344
Kenyan_shilling,0.15765182,0.19389987,7684,6697,-987
Newfoundland,0.15763630,0.16784032,7685,7620,-65
Sanjak_of_Gelibolu,0.15763630,0.16784032,7686,7621,-65
Herbert_Marcuse,0.15759239,0.16202137,7687,7812,125
wordnet_gas_114481080,0.15756080,0.21236224,7688,6072,-1616
wordnet_medicine_103740161,0.15756080,0.21236224,7689,6073,-1616
wordnet_telephone_104401088,0.15756080,0.21236224,7690,6074,-1616
Lesotho_loti,0.15756063,0.17264981,7691,7468,-223
Cherry_Capital_Airport,0.15754706,0.17437318,7692,7429,-263
"La_Junta,_Colorado",0.15754419,0.16210659,7693,7811,118
Andrei_Bely,0.15752005,0.16083378,7694,7936,242
FC_Sion,0.15751478,0.16069828,7695,7947,252
FK_Pelister,0.15751478,0.16069828,7696,7948,252
Chester_City_F.C.,0.15751478,0.16069828,7697,7949,252
Colin_Wilson,0.15744794,0.16245800,7698,7791,93
Mozambican_Civil_War,0.15743914,0.17056802,7699,7532,-167
Hebrew_language,0.15741173,0.19409937,7700,6682,-1018
Modern_Hebrew,0.15741173,0.19409937,7701,6683,-1018
Abdollah_Javadi-Amoli,0.15736366,0.16196689,7702,7813,111
Ebrahim_Amini,0.15736366,0.16196689,7703,7814,111
Hossein_Nasr,0.15736366,0.16196689,7704,7815,111
Hossein_Noori_Hamedani,0.15736366,0.16196689,7705,7816,111
Mahmoud_Taleghani,0.15736366,0.16196689,7706,7817,111
Mohammad_Beheshti,0.15736366,0.16196689,7707,7818,111
Mohammed_Emami-Kashani,0.15736366,0.16196689,7708,7819,111
Morteza_Motahhari,0.15736366,0.16196689,7709,7820,111
Muhammad_al-Tijani,0.15736366,0.16196689,7710,7821,111
Musa_al-Sadr,0.15736366,0.16196689,7711,7822,111
Naser_Makarem_Shirazi,0.15736366,0.16196689,7712,7823,111
Luxembourg_(city),0.15735140,0.17935026,7713,7212,-501
Anthony_Kiedis,0.15732780,0.16193426,7714,7826,112
Armenian_SSR,0.15729301,0.17439773,7715,7401,-314
Beiyang_Government,0.15729301,0.17439773,7716,7402,-314
Central_Powers,0.15729301,0.17439773,7717,7403,-314
Committee_of_Members_of_the_Constituent_Assembly,0.15729301,0.17439773,7718,7404,-314
Crimean_People%27s_Republic,0.15729301,0.17439773,7719,7405,-314
Don_Republic,0.15729301,0.17439773,7720,7406,-314
Emirate_of_Bukhara,0.15729301,0.17439773,7721,7407,-314
Far_Eastern_Republic,0.15729301,0.17439773,7722,7408,-314
Kingdom_of_Poland_(1916-1918),0.15729301,0.17439773,7723,7409,-314
Kingdom_of_Serbia,0.15729301,0.17439773,7724,7410,-314
Kuban_People%27s_Republic,0.15729301,0.17439773,7725,7411,-314
Latvian_Soviet_Socialist_Republic,0.15729301,0.17439773,7726,7412,-314
Outer_Mongolia,0.15729301,0.17439773,7727,7413,-314
Provisional_Siberian_Government_(Vladivostok),0.15729301,0.17439773,7728,7414,-314
Transcaucasian_Democratic_Federative_Republic,0.15729301,0.17439773,7729,7415,-314
Transcaucasian_Socialist_Federative_Soviet_Republic,0.15729301,0.17439773,7730,7416,-314
Ukrainian_People%27s_Republic,0.15729301,0.17439773,7731,7417,-314
Ukrainian_State,0.15729301,0.17439773,7732,7418,-314
West_Ukrainian_People%27s_Republic,0.15729301,0.17439773,7733,7419,-314
Republiek_Estland_(1918-1940),0.15729301,0.17439773,7734,7420,-314
Republiek_Letland_(1918-1940),0.15729301,0.17439773,7735,7421,-314
Republiek_Litouwen_(1918-1940),0.15729301,0.17439773,7736,7422,-314
Sudanese_pound,0.15728106,0.19229103,7737,6746,-991
wordnet_gypsum_114677778,0.15726904,0.19349470,7738,6707,-1031
Abb%C3%A9_Jules,0.15714915,0.15717965,7739,8308,569
Business_is_business,0.15714915,0.15717965,7740,8309,569
Dans_le_ciel,0.15714915,0.15717965,7741,8310,569
Dingo_(novel),0.15714915,0.15717965,7742,8311,569
Farces_et_moralit%C3%A9s,0.15714915,0.15717965,7743,8312,569
Home_(Mirbeau),0.15714915,0.15717965,7744,8313,569
La_628-E8,0.15714915,0.15717965,7745,8314,569
Le_Calvaire,0.15714915,0.15717965,7746,8315,569
S%C3%A9bastien_Roch,0.15714915,0.15717965,7747,8316,569
The_Diary_of_a_Chambermaid_(1946_film),0.15714915,0.15717965,7748,8317,569
The_Diary_of_a_Chambermaid_(novel),0.15714915,0.15717965,7749,8318,569
The_Torture_Garden_(novel),0.15714915,0.15717965,7750,8319,569
Australian_National_Botanic_Gardens,0.15712034,0.17136261,7751,7502,-249
Googong_Dam,0.15712034,0.17136261,7752,7503,-249
Snowy_Hydro,0.15712034,0.17136261,7753,7504,-249
Eden_(Lem_novel),0.15710069,0.15787115,7754,8251,497
Fiasco_(novel),0.15710069,0.15787115,7755,8252,497
His_Master%27s_Voice_(novel),0.15710069,0.15787115,7756,8253,497
Memoirs_Found_in_a_Bathtub,0.15710069,0.15787115,7757,8254,497
Peace_on_Earth_(novel),0.15710069,0.15787115,7758,8255,497
Return_from_the_Stars,0.15710069,0.15787115,7759,8256,497
Solaris_(novel),0.15710069,0.15787115,7760,8257,497
Summa_Technologiae,0.15710069,0.15787115,7761,8258,497
Test_pilota_Pirxa,0.15710069,0.15787115,7762,8259,497
The_Astronauts,0.15710069,0.15787115,7763,8260,497
The_Cyberiad,0.15710069,0.15787115,7764,8261,497
The_Futurological_Congress,0.15710069,0.15787115,7765,8262,497
The_Invincible,0.15710069,0.15787115,7766,8263,497
The_Magellanic_Cloud,0.15710069,0.15787115,7767,8264,497
The_Star_Diaries,0.15710069,0.15787115,7768,8265,497
Ralph_Ellison,0.15698928,0.16048306,7769,7950,181
A_Frolic_of_His_Own,0.15694444,0.15704930,7770,8322,552
Agap%C4%93_Agape,0.15694444,0.15704930,7771,8323,552
J_R,0.15694444,0.15704930,7772,8324,552
The_Recognitions,0.15694444,0.15704930,7773,8325,552
The_Rush_for_Second_Place,0.15694444,0.15704930,7774,8326,552
Greg_F._Gifune,0.15692809,0.15970849,7775,8032,257
%C3%9Altimo_round,0.15692781,0.15806777,7776,8217,441
Around_the_Day_in_Eighty_Worlds,0.15692781,0.15806777,7777,8218,441
Bestiario,0.15692781,0.15806777,7778,8219,441
Circe_(film),0.15692781,0.15806777,7779,8220,441
Fantomas_contra_los_vampiros_multinacionales,0.15692781,0.15806777,7780,8221,441
Final_del_juego,0.15692781,0.15806777,7781,8222,441
Hopscotch_(Julio_Cort%C3%A1zar_novel),0.15692781,0.15806777,7782,8223,441
Intimidad_de_los_parques,0.15692781,0.15806777,7783,8224,441
Las_armas_secretas,0.15692781,0.15806777,7784,8225,441
Libro_de_Manuel,0.15692781,0.15806777,7785,8226,441
Octaedro,0.15692781,0.15806777,7786,8227,441
Prosa_del_Observatorio,0.15692781,0.15806777,7787,8228,441
The_Winners_(novel),0.15692781,0.15806777,7788,8229,441
Todos_los_fuegos_el_fuego,0.15692781,0.15806777,7789,8230,441
Koninkrijk_Spanje_(1716-1873),0.15686465,0.16850465,7790,7599,-191
Andernach,0.15686156,0.16193426,7791,7825,34
Alexander_Blok,0.15682113,0.15972885,7792,8028,236
Pavel_Florensky,0.15682113,0.15972885,7793,8029,236
Semyon_Frank,0.15682113,0.15972885,7794,8030,236
wordnet_uranium_114660443,0.15680509,0.18063979,7795,7173,-622
Shelby_Foote,0.15674037,0.15956808,7796,8082,286
Big_Mountain_Air_Force_Station,0.15673709,0.15805912,7797,8232,435
Falcon_Stadium,0.15673709,0.15805912,7798,8233,435
McChord_Field,0.15673709,0.15805912,7799,8234,435
Museum_of_Aviation_(Warner_Robins),0.15673709,0.15805912,7800,8235,435
Plattsburgh_Air_Force_Base,0.15673709,0.15805912,7801,8236,435
Tin_City_LRRS_Airport,0.15673709,0.15805912,7802,8238,436
Cape_Lisburne_LRRS_Airport,0.15673709,0.15805912,7803,8240,437
North_Auxiliary_Airfield,0.15673709,0.15805912,7804,8241,437
R.I._Bong_Air_Force_Base,0.15673709,0.15805912,7805,8242,437
White_Sands_Space_Harbor,0.15673709,0.15805912,7806,8243,437
Jerome_Charyn,0.15670100,0.15950567,7807,8083,276
Raoul_Vaneigem,0.15666755,0.16039467,7808,7960,152
Cooma,0.15666620,0.16040416,7809,7951,142
In_the_Country_of_Last_Things,0.15666051,0.15775355,7810,8282,472
Leviathan_(Auster_novel),0.15666051,0.15775355,7811,8283,472
Man_in_the_Dark_(novel),0.15666051,0.15775355,7812,8284,472
Moon_Palace,0.15666051,0.15775355,7813,8285,472
Mr._Vertigo,0.15666051,0.15775355,7814,8286,472
Oracle_Night,0.15666051,0.15775355,7815,8287,472
The_Book_of_Illusions,0.15666051,0.15775355,7816,8288,472
The_Invention_of_Solitude,0.15666051,0.15775355,7817,8289,472
The_Music_of_Chance,0.15666051,0.15775355,7818,8290,472
The_New_York_Trilogy,0.15666051,0.15775355,7819,8291,472
Timbuktu_(novella),0.15666051,0.15775355,7820,8292,472
Travels_in_the_Scriptorium,0.15666051,0.15775355,7821,8293,472
Prague_groschen,0.15662124,0.18081550,7822,7152,-670
Saar_Offensive,0.15659042,0.16835857,7823,7604,-219
Siege_of_Lille_(1940),0.15659042,0.16835857,7824,7605,-219
Andre_Dubus,0.15657527,0.15949489,7825,8084,259
Ann_Beattie,0.15657527,0.15949489,7826,8085,259
Thai_baht,0.15656972,0.20484441,7827,6263,-1564
Value_theory,0.15656370,0.16715982,7828,7694,-134
wordnet_narration_107220773,0.15655596,0.21431904,7829,5988,-1841
Crime_(novel),0.15652028,0.15658243,7830,8333,503
Filth_(novel),0.15652028,0.15658243,7831,8334,503
Glue_(novel),0.15652028,0.15658243,7832,8335,503
If_You_Liked_School_You%27ll_Love_Work,0.15652028,0.15658243,7833,8336,503
Marabou_Stork_Nightmares,0.15652028,0.15658243,7834,8337,503
Porno_(novel),0.15652028,0.15658243,7835,8338,503
Reheated_Cabbage,0.15652028,0.15658243,7836,8339,503
Skagboys,0.15652028,0.15658243,7837,8340,503
The_Acid_House,0.15652028,0.15658243,7838,8341,503
The_Acid_House_(film),0.15652028,0.15658243,7839,8342,503
The_Bedroom_Secrets_of_the_Master_Chefs,0.15652028,0.15658243,7840,8343,503
Trainspotting_(film),0.15652028,0.15658243,7841,8344,503
Trainspotting_(novel),0.15652028,0.15658243,7842,8345,503
Wedding_Belles,0.15652028,0.15658243,7843,8346,503
Strategic_bombing_during_World_War_II,0.15650464,0.16804651,7844,7614,-230
Libris_Prize,0.15644097,0.16248618,7845,7790,-55
Bhutan_War,0.15639477,0.16873226,7846,7585,-261
Nouakchott,0.15637639,0.17476244,7847,7392,-455
Battle_of_Keren,0.15637549,0.16829070,7848,7606,-242
Giorgio_Almirante,0.15631007,0.15960422,7849,8071,222
Giuseppe_Tucci,0.15631007,0.15960422,7850,8072,222
Joscelyn_Godwin,0.15631007,0.15960422,7851,8073,222
Marguerite_Yourcenar,0.15631007,0.15960422,7852,8075,223
Massimo_Scaligero,0.15631007,0.15960422,7853,8076,223
Michael_Moynihan_(journalist),0.15631007,0.15960422,7854,8077,223
Miguel_Serrano,0.15631007,0.15960422,7855,8078,223
Roberto_Saviano,0.15631007,0.15960422,7856,8079,223
Thomas_Karlsson,0.15631007,0.15960422,7857,8080,223
Varg_Vikernes,0.15631007,0.15960422,7858,8081,223
Baralong_incidents,0.15630577,0.17256617,7859,7474,-385
Battle_of_Mons,0.15630577,0.17256617,7860,7475,-385
Battle_of_Moon_Sound,0.15630577,0.17256617,7861,7476,-385
High_Wood,0.15630577,0.17256617,7862,7477,-385
Operation_Albion,0.15630577,0.17256617,7863,7478,-385
Raid_on_Yarmouth,0.15630577,0.17256617,7864,7479,-385
Action_of_10_February_1809,0.15630570,0.16893300,7865,7568,-297
Action_of_10_November_1808,0.15630570,0.16893300,7866,7569,-297
Action_of_13_September_1810,0.15630570,0.16893300,7867,7570,-297
Action_of_18_September_1810,0.15630570,0.16893300,7868,7571,-297
Action_of_22_January_1809,0.15630570,0.16893300,7869,7572,-297
Action_of_29_November_1811,0.15630570,0.16893300,7870,7573,-297
Action_of_6_April_1809,0.15630570,0.16893300,7871,7574,-297
Battle_of_Grand_Port,0.15630570,0.16893300,7872,7575,-297
Battle_of_Pirano,0.15630570,0.16893300,7873,7576,-297
Battle_of_Tamatave,0.15630570,0.16893300,7874,7577,-297
Invasion_of_%C3%8Ele_Bonaparte,0.15630570,0.16893300,7875,7578,-297
Invasion_of_Isle_de_France,0.15630570,0.16893300,7876,7579,-297
Raid_on_Saint-Paul,0.15630570,0.16893300,7877,7580,-297
Troude%27s_expedition_to_the_Caribbean,0.15630570,0.16893300,7878,7581,-297
wordnet_groundnut_112507379,0.15628891,0.19229103,7879,6743,-1136
wordnet_gum_arabic_114900963,0.15628891,0.19229103,7880,6744,-1136
wordnet_sesame_112874783,0.15628891,0.19229103,7881,6745,-1136
Harlan_Ellison,0.15628288,0.15900504,7882,8094,212
Votkinsk,0.15625107,0.15974784,7883,8021,138
National_University_of_La_Plata,0.15617652,0.16113352,7884,7853,-31
Steve_Matchett,0.15616062,0.15935190,7885,8086,201
Kyoto,0.15614096,0.16423064,7886,7754,-132
O%C4%9Fuz_Atay,0.15613974,0.15891514,7887,8099,212
Agust%C3%ADn_Garc%C3%ADa_Calvo,0.15612904,0.16023993,7888,7975,87
Vladimir_Solovyov_(philosopher),0.15612904,0.16023993,7889,7976,87
Battle_of_Al_Rumaythah,0.15610677,0.17136261,7890,7505,-385
Battle_of_Same,0.15610677,0.17136261,7891,7506,-385
Battle_of_the_Mareth_Line,0.15610193,0.16851530,7892,7595,-297
Operation_Candytuft,0.15610193,0.16851530,7893,7596,-297
Operation_Excess,0.15610193,0.16851530,7894,7597,-297
Operation_Stone_Age,0.15610193,0.16851530,7895,7598,-297
Emil_Cioran,0.15607506,0.15878719,7896,8125,229
European_Russia,0.15604546,0.16509550,7897,7740,-157
A_Good_School,0.15602149,0.15633519,7898,8348,450
A_Special_Providence,0.15602149,0.15633519,7899,8349,450
Disturbing_the_Peace_(novel),0.15602149,0.15633519,7900,8350,450
Eleven_Kinds_of_Loneliness,0.15602149,0.15633519,7901,8351,450
Liars_in_Love,0.15602149,0.15633519,7902,8352,450
Revolutionary_Road,0.15602149,0.15633519,7903,8353,450
The_Bridge_at_Remagen,0.15602149,0.15633519,7904,8354,450
The_Easter_Parade,0.15602149,0.15633519,7905,8355,450
Gaborone,0.15601045,0.16400345,7906,7760,-146
Central_African_Republic_Bush_War,0.15597828,0.16403996,7907,7758,-149
FC_Baltika_Kaliningrad,0.15597065,0.15850000,7908,8190,282
FC_Basel,0.15597065,0.15850000,7909,8191,282
FC_Spartak_Moscow,0.15597065,0.15850000,7910,8192,282
FK_Makedonija_Gjor%C4%8De_Petrov,0.15597065,0.15850000,7911,8193,282
Novara_Calcio,0.15597065,0.15850000,7912,8194,282
Oldham_Athletic_A.F.C.,0.15597065,0.15850000,7913,8195,282
PFC_Velbazhd_Kyustendil,0.15597065,0.15850000,7914,8196,282
Port_Vale_F.C.,0.15597065,0.15850000,7915,8197,282
Switzerland_national_under-17_football_team,0.15597065,0.15850000,7916,8198,282
Switzerland_national_under-19_football_team,0.15597065,0.15850000,7917,8199,282
Switzerland_national_under-21_football_team,0.15597065,0.15850000,7918,8200,282
U.S._Citt%C3%A0_di_Palermo,0.15597065,0.15850000,7919,8201,282
Deportivo_Espa%C3%B1ol,0.15597065,0.15850000,7920,8202,282
FC_Metalurh_Zaporizhya,0.15597065,0.15850000,7921,8203,282
Tampere_United,0.15597065,0.15850000,7922,8204,282
Club_Atl%C3%A9tico_Temperley,0.15597065,0.15850000,7923,8206,283
FC_Inter_Turku,0.15597065,0.15850000,7924,8207,283
FC_Krystal_Kherson,0.15597065,0.15850000,7925,8208,283
FC_Metalurh-2_Zaporizhya,0.15597065,0.15850000,7926,8209,283
J%C3%BAbilo_Iwata,0.15597065,0.15850000,7927,8210,283
Kashiwa_Reysol,0.15597065,0.15850000,7928,8211,283
Omiya_Ardija,0.15597065,0.15850000,7929,8212,283
Turun_Palloseura,0.15597065,0.15850000,7930,8213,283
Ukraine_national_under-21_football_team,0.15597065,0.15850000,7931,8214,283
Sonning_Prize,0.15594510,0.16219707,7932,7800,-132
"Surfside,_Florida",0.15593246,0.16076166,7933,7943,10
wordnet_scientific_instrument_104147495,0.15592482,0.19965648,7934,6508,-1426
Carol_Dunlop,0.15592202,0.15806777,7935,8215,280
Thai_language,0.15591536,0.20484441,7936,6264,-1672
New_Taiwan_dollar,0.15588129,0.18097442,7937,7121,-816
Amiri_Baraka,0.15587597,0.15889484,7938,8113,175
Anthony_B._Pinn,0.15587597,0.15889484,7939,8114,175
Gwendolyn_Brooks,0.15587597,0.15889484,7940,8115,175
James_Baldwin,0.15587597,0.15889484,7941,8116,175
William_Attaway,0.15587597,0.15889484,7942,8123,181
Ceridwen_Dovey,0.15587552,0.15890940,7943,8100,157
T%C3%BCrkiye_%C4%B0%C5%9F_Bankas%C4%B1,0.15586590,0.15600169,7944,8435,491
TED_Kayseri_Koleji,0.15586590,0.15600169,7945,8436,491
Kazakhstani_tenge,0.15586492,0.18854528,7946,6840,-1106
wordnet_energy_111452218,0.15584053,0.18186367,7947,7078,-869
wordnet_pig_iron_114983491,0.15584053,0.18186367,7948,7079,-869
Legion_of_Honour,0.15577964,0.16113352,7949,7855,-94
Miguel_de_Cervantes_Prize,0.15577964,0.16113352,7950,7856,-94
Prix_du_Meilleur_Livre_%C3%89tranger,0.15577964,0.16113352,7951,7857,-94
Tarnak_Farm_incident,0.15577808,0.15805912,7952,8237,285
Lulu_on_the_Bridge,0.15577255,0.15775355,7953,8281,328
Attack_on_Mers-el-K%C3%A9bir,0.15575654,0.16817371,7954,7613,-341
Prince-Bishopric_of_M%C3%BCnster,0.15575129,0.16343036,7955,7769,-186
Oberlothringen,0.15575129,0.16343036,7956,7770,-186
Lusaka,0.15573071,0.16936956,7957,7556,-401
Azov,0.15571365,0.16381982,7958,7762,-196
Grand_Duchy_of_Moscow,0.15571365,0.16381982,7959,7763,-196
Slavonia,0.15571365,0.16381982,7960,7764,-196
Siri_Hustvedt,0.15569352,0.15775355,7961,8296,335
wordnet_jewelry_103597469,0.15567451,0.20484441,7962,6262,-1700
Macau,0.15556887,0.19229103,7963,6741,-1222
1Q84,0.15554691,0.15618879,7964,8393,429
A_Wild_Sheep_Chase,0.15554691,0.15618879,7965,8394,429
After_Dark_(novel),0.15554691,0.15618879,7966,8395,429
After_the_quake,0.15554691,0.15618879,7967,8396,429
"Blind_Willow,_Sleeping_Woman",0.15554691,0.15618879,7968,8397,429
Dance_Dance_Dance_(novel),0.15554691,0.15618879,7969,8398,429
Hear_the_Wind_Sing,0.15554691,0.15618879,7970,8399,429
Kafka_on_the_Shore,0.15554691,0.15618879,7971,8400,429
Norwegian_Wood_(novel),0.15554691,0.15618879,7972,8401,429
"Pinball,_1973",0.15554691,0.15618879,7973,8402,429
"South_of_the_Border,_West_of_the_Sun",0.15554691,0.15618879,7974,8403,429
Sputnik_Sweetheart,0.15554691,0.15618879,7975,8404,429
The_Elephant_Vanishes,0.15554691,0.15618879,7976,8405,429
The_Wind-Up_Bird_Chronicle,0.15554691,0.15618879,7977,8406,429
Tony_Takitani,0.15554691,0.15618879,7978,8407,429
Underground_(Murakami_book),0.15554691,0.15618879,7979,8408,429
What_I_Talk_About_When_I_Talk_About_Running,0.15554691,0.15618879,7980,8409,429
Mozambican_metical,0.15553305,0.17717349,7981,7289,-692
Hunger_(1966_film),0.15551985,0.15612629,7982,8420,438
Growth_of_the_Soil,0.15551985,0.15612629,7983,8423,440
Hunger_(Hamsun_novel),0.15551985,0.15612629,7984,8424,440
Hunger_(novel),0.15551985,0.15612629,7985,8425,440
Mysteries_(novel),0.15551985,0.15612629,7986,8426,440
On_Overgrown_Paths,0.15551985,0.15612629,7987,8427,440
Pan_(novel),0.15551985,0.15612629,7988,8428,440
Victoria_(novel),0.15551985,0.15612629,7989,8429,440
Daytona_Beach_International_Airport,0.15551748,0.16800458,7990,7615,-375
"Roxie,_Mississippi",0.15550210,0.15889484,7991,8124,133
Quran,0.15549549,0.16196689,7992,7824,-168
Paolo_Bacigalupi,0.15548287,0.15776855,7993,8277,284
Rainer_Maria_Rilke,0.15547371,0.15791512,7994,8244,250
1984_(1956_film),0.15544525,0.15619220,7995,8361,366
Animal_Farm_(1999_film),0.15544525,0.15619220,7996,8363,367
A_Clergyman%27s_Daughter,0.15544525,0.15619220,7997,8367,370
Animal_Farm,0.15544525,0.15619220,7998,8368,370
Burmese_Days,0.15544525,0.15619220,7999,8369,370
Coming_Up_for_Air,0.15544525,0.15619220,8000,8370,370
Decline_of_the_English_Murder,0.15544525,0.15619220,8001,8371,370
Homage_to_Catalonia,0.15544525,0.15619220,8002,8372,370
Jones_(Animal_Farm),0.15544525,0.15619220,8003,8373,370
Keep_the_Aspidistra_Flying,0.15544525,0.15619220,8004,8374,370
Napoleon_(Animal_Farm),0.15544525,0.15619220,8005,8375,370
Nineteen_Eighty-Four,0.15544525,0.15619220,8006,8376,370
Old_Major,0.15544525,0.15619220,8007,8377,370
Shooting_an_Elephant,0.15544525,0.15619220,8008,8378,370
The_Road_to_Wigan_Pier,0.15544525,0.15619220,8009,8379,370
Bryan_Magee,0.15543420,0.15930520,8010,8087,77
Hans_Vaihinger,0.15543420,0.15930520,8011,8088,77
National_Book_Award_for_Young_People%27s_Literature,0.15538371,0.16076166,8012,7944,-68
Newbery_Medal,0.15538371,0.16076166,8013,7945,-68
Nobel_Prize,0.15538371,0.16076166,8014,7946,-68
Czes%C5%82aw_Mi%C5%82osz,0.15537614,0.15768226,8015,8298,283
Isaiah_Berlin,0.15537614,0.15768226,8016,8299,283
John_Middleton_Murry,0.15537614,0.15768226,8017,8300,283
Jules_de_Gaultier,0.15537614,0.15768226,8018,8301,283
Lucien_L%C3%A9vy-Bruhl,0.15537614,0.15768226,8019,8302,283
Yves_Bonnefoy,0.15537614,0.15768226,8020,8303,283
Correction_(novel),0.15532948,0.15553303,8021,8479,458
Extinction_(Bernhard_novel),0.15532948,0.15553303,8022,8480,458
Frost_(novel),0.15532948,0.15553303,8023,8481,458
Gargoyles_(novel),0.15532948,0.15553303,8024,8482,458
Old_Masters_(novel),0.15532948,0.15553303,8025,8483,458
On_the_Mountain,0.15532948,0.15553303,8026,8484,458
The_Lime_Works,0.15532948,0.15553303,8027,8485,458
The_Loser,0.15532948,0.15553303,8028,8486,458
Wittgenstein%27s_Nephew,0.15532948,0.15553303,8029,8487,458
Woodcutters_(novel),0.15532948,0.15553303,8030,8488,458
Yes_(novel),0.15532948,0.15553303,8031,8489,458
1941_Iraqi_coup_d%27%C3%A9tat,0.15531611,0.16720614,8032,7637,-395
Altmark_Incident,0.15531611,0.16720614,8033,7638,-395
Attack_on_Panzer_Group_West%27s_headquarters_at_La_Caine,0.15531611,0.16720614,8034,7639,-395
Battle_of_Britain_Day,0.15531611,0.16720614,8035,7640,-395
Battle_of_Hamburg_(1945),0.15531611,0.16720614,8036,7641,-395
Battle_of_Villers-Bocage,0.15531611,0.16720614,8037,7642,-395
Battle_of_the_Argenta_Gap,0.15531611,0.16720614,8038,7643,-395
Battle_of_the_Barents_Sea,0.15531611,0.16720614,8039,7644,-395
Battle_of_the_Denmark_Strait,0.15531611,0.16720614,8040,7645,-395
Black_May_(1943),0.15531611,0.16720614,8041,7646,-395
Channel_Dash,0.15531611,0.16720614,8042,7647,-395
Convoy_HG_76,0.15531611,0.16720614,8043,7648,-395
Convoy_HX_106,0.15531611,0.16720614,8044,7649,-395
Convoy_HX_156,0.15531611,0.16720614,8045,7650,-395
Convoy_HX_228,0.15531611,0.16720614,8046,7651,-395
Convoy_HX_84,0.15531611,0.16720614,8047,7652,-395
Convoy_SC_104,0.15531611,0.16720614,8048,7653,-395
Convoy_SC_130,0.15531611,0.16720614,8049,7654,-395
Convoy_SC_26,0.15531611,0.16720614,8050,7655,-395
Convoy_SC_7,0.15531611,0.16720614,8051,7656,-395
SC_122,0.15531611,0.16720614,8052,7657,-395
ON_206,0.15531611,0.16720614,8053,7658,-395
Gold_Beach,0.15531611,0.16720614,8054,7659,-395
Last_battle_of_the_battleship_Bismarck,0.15531611,0.16720614,8055,7660,-395
Convoy_HX_112,0.15531611,0.16720614,8056,7661,-395
Convoy_HX_72,0.15531611,0.16720614,8057,7662,-395
Convoy_HX_79,0.15531611,0.16720614,8058,7663,-395
Convoy_OB_293,0.15531611,0.16720614,8059,7664,-395
Operation_Ambassador,0.15531611,0.16720614,8060,7665,-395
Operation_Archway,0.15531611,0.16720614,8061,7666,-395
Operation_Basalt,0.15531611,0.16720614,8062,7667,-395
Operation_Baytown,0.15531611,0.16720614,8063,7668,-395
Operation_Biting,0.15531611,0.16720614,8064,7669,-395
Operation_Bluecoat,0.15531611,0.16720614,8065,7670,-395
Operation_Bulbasket,0.15531611,0.16720614,8066,7671,-395
Operation_Caesar,0.15531611,0.16720614,8067,7672,-395
Operation_Chastise,0.15531611,0.16720614,8068,7673,-395
Operation_Collar_(commando_raid),0.15531611,0.16720614,8069,7674,-395
Operation_Epsom,0.15531611,0.16720614,8070,7675,-395
Operation_Flipper,0.15531611,0.16720614,8071,7676,-395
Operation_Frankton,0.15531611,0.16720614,8072,7677,-395
Operation_Fustian,0.15531611,0.16720614,8073,7678,-395
Operation_Goodwood,0.15531611,0.16720614,8074,7679,-395
Operation_Juno,0.15531611,0.16720614,8075,7680,-395
Operation_Jupiter_(1944),0.15531611,0.16720614,8076,7681,-395
Operation_Loyton,0.15531611,0.16720614,8077,7682,-395
Operation_Martlet,0.15531611,0.16720614,8078,7683,-395
Operation_Musketoon,0.15531611,0.16720614,8079,7684,-395
Operation_Perch,0.15531611,0.16720614,8080,7685,-395
Operation_Skorpion,0.15531611,0.16720614,8081,7686,-395
Operation_Slapstick,0.15531611,0.16720614,8082,7687,-395
Operation_Titanic,0.15531611,0.16720614,8083,7688,-395
Operation_Tungsten,0.15531611,0.16720614,8084,7689,-395
St_Nazaire_Raid,0.15531611,0.16720614,8085,7690,-395
Sword_Beach,0.15531611,0.16720614,8086,7691,-395
The_Blitz,0.15531611,0.16720614,8087,7692,-395
Foxfire_(1996_film),0.15529202,0.15583904,8088,8446,358
A_Garden_of_Earthly_Delights,0.15529202,0.15583904,8089,8447,358
American_Appetites,0.15529202,0.15583904,8090,8448,358
Beasts_(novella),0.15529202,0.15583904,8091,8449,358
Bellefleur,0.15529202,0.15583904,8092,8450,358
Big_Mouth_%26_Ugly_Girl,0.15529202,0.15583904,8093,8451,358
_White_Girl,0.15529202,0.15583904,8094,8452,358
Black_Water_(novella),0.15529202,0.15583904,8095,8453,358
Blonde_(novel),0.15529202,0.15583904,8096,8454,358
By_the_North_Gate,0.15529202,0.15583904,8097,8455,358
I%27ll_Take_You_There_(novel),0.15529202,0.15583904,8098,8456,358
"My_Sister,_My_Love",0.15529202,0.15583904,8099,8457,358
Sexy_(novel),0.15529202,0.15583904,8100,8458,358
Smooth_Talk,0.15529202,0.15583904,8101,8459,358
The_Falls_(Oates_novel),0.15529202,0.15583904,8102,8460,358
The_Gravedigger%27s_Daughter,0.15529202,0.15583904,8103,8461,358
The_Museum_of_Dr._Moses,0.15529202,0.15583904,8104,8462,358
The_Temple_(Oates_short_story),0.15529202,0.15583904,8105,8463,358
Them_(novel),0.15529202,0.15583904,8106,8464,358
We_Were_the_Mulvaneys,0.15529202,0.15583904,8107,8465,358
Wonderland_(novel),0.15529202,0.15583904,8108,8466,358
You_Must_Remember_This,0.15529202,0.15583904,8109,8467,358
Zombie_(novel),0.15529202,0.15583904,8110,8468,358
Kazakh_language,0.15528076,0.18854528,8111,6841,-1270
William_Gaddis,0.15522877,0.15757269,8112,8304,192
University_of_Western_Ontario,0.15520521,0.15981273,8113,8008,-105
Eug%C3%A8ne_Ionesco,0.15514442,0.15717965,8114,8306,192
L%C3%A9on_Werth,0.15514442,0.15717965,8115,8307,192
Jacek_Dukaj,0.15510955,0.15787115,8116,8250,134
Sophia_(wisdom),0.15509060,0.15972885,8117,8031,-86
Juan_Rulfo,0.15508531,0.15771450,8118,8297,179
wordnet_measurement_100996969,0.15507988,0.18097442,8119,7120,-999
Latife_U%C5%9F%C5%9Faki,0.15501428,0.15600169,8120,8434,314
Second_Spanish_Republic,0.15499910,0.15906070,8121,8089,-32
Spanish_Guinea,0.15499910,0.15906070,8122,8090,-32
Spanish_Protectorate_in_Morocco,0.15499910,0.15906070,8123,8091,-32
Spanish_Sahara,0.15499910,0.15906070,8124,8092,-32
Spanish_protectorate_in_Morocco,0.15499910,0.15906070,8125,8093,-32
Fevzi_%C3%87akmak,0.15498644,0.15600169,8126,8433,307
Sabiha_G%C3%B6k%C3%A7en,0.15498644,0.15600169,8127,8437,310
Georges_Perec,0.15498515,0.15806777,8128,8216,88
Roni_Bandini,0.15498515,0.15806777,8129,8231,102
"After_Dark,_My_Sweet",0.15494941,0.15497053,8130,8558,428
Cain%27s_Hundred,0.15494941,0.15497053,8131,8562,431
Mackenzie%27s_Raiders,0.15494941,0.15497053,8132,8563,431
Pop._1280,0.15494941,0.15497053,8133,8564,431
Savage_Night,0.15494941,0.15497053,8134,8565,431
The_Alcoholics,0.15494941,0.15497053,8135,8566,431
The_Getaway_(novel),0.15494941,0.15497053,8136,8567,431
The_Grifters_(novel),0.15494941,0.15497053,8137,8568,431
The_Kill-Off_(novel),0.15494941,0.15497053,8138,8569,431
The_Killer_Inside_Me,0.15494941,0.15497053,8139,8570,431
Adiyozhukkukal,0.15494941,0.15497053,8140,8578,438
Asuravithu_(novel),0.15494941,0.15497053,8141,8579,438
Iruttinte_Athmavu,0.15494941,0.15497053,8142,8580,438
Kaalam,0.15494941,0.15497053,8143,8581,438
Kanyakumari_(film),0.15494941,0.15497053,8144,8582,438
Kerala_Varma_Pazhassi_Raja_(film),0.15494941,0.15497053,8145,8583,438
Manju_(novel),0.15494941,0.15497053,8146,8584,438
Naalukettu_(novel),0.15494941,0.15497053,8147,8585,438
Nakhakshathangal,0.15494941,0.15497053,8148,8586,438
Oru_Vadakkan_Veeragatha,0.15494941,0.15497053,8149,8587,438
Parinayam_(1994_film),0.15494941,0.15497053,8150,8588,438
Randamoozham,0.15494941,0.15497053,8151,8589,438
Sadayam,0.15494941,0.15497053,8152,8590,438
Thazhvaram,0.15494941,0.15497053,8153,8591,438
Vaisali_(film),0.15494941,0.15497053,8154,8592,438
Faroese_language,0.15493833,0.17506503,8155,7366,-789
Nepalese_rupee,0.15493492,0.17922225,8156,7226,-930
Battle_of_the_Malacca_Strait,0.15488494,0.16655249,8157,7700,-457
Pointe-Noire,0.15487552,0.16262415,8158,7785,-373
Governor_General%27s_Awards,0.15487073,0.15981273,8159,8009,-150
Scotiabank_Giller_Prize,0.15487073,0.15981273,8160,8010,-150
Lee_Scrivner,0.15484316,0.15781891,8161,8276,115
Ernesto_Sabato,0.15481403,0.15717910,8162,8320,158
Robert_Musil,0.15481403,0.15717910,8163,8321,158
Cosmopolis_(novel),0.15479940,0.15534111,8164,8519,355
Amazons_(novel),0.15479940,0.15534111,8165,8520,355
Americana_(novel),0.15479940,0.15534111,8166,8521,355
End_Zone,0.15479940,0.15534111,8167,8522,355
Falling_Man_(novel),0.15479940,0.15534111,8168,8523,355
Game_6,0.15479940,0.15534111,8169,8524,355
Great_Jones_Street_(novel),0.15479940,0.15534111,8170,8525,355
Libra_(novel),0.15479940,0.15534111,8171,8526,355
Mao_II,0.15479940,0.15534111,8172,8527,355
Pafko_at_the_Wall,0.15479940,0.15534111,8173,8528,355
Ratner%27s_Star,0.15479940,0.15534111,8174,8529,355
Running_Dog_(novel),0.15479940,0.15534111,8175,8530,355
The_Body_Artist,0.15479940,0.15534111,8176,8531,355
The_Names_(novel),0.15479940,0.15534111,8177,8532,355
Underworld_(DeLillo_novel),0.15479940,0.15534111,8178,8533,355
White_Noise_(novel),0.15479940,0.15534111,8179,8534,355
Bill_Bryson,0.15479280,0.15775355,8180,8278,98
Hideo_Kojima,0.15479280,0.15775355,8181,8279,98
Jason_Thornberry,0.15479280,0.15775355,8182,8280,98
Steven_Hall,0.15479280,0.15775355,8183,8294,111
Steven_Wright,0.15479280,0.15775355,8184,8295,111
Ayn_Rand,0.15477479,0.15681020,8185,8328,143
Muhammad_Iqbal,0.15477479,0.15681020,8186,8329,143
Baja_California,0.15476707,0.16169977,8187,7833,-354
Durango,0.15476707,0.16169977,8188,7834,-354
Durango_(state),0.15476707,0.16169977,8189,7835,-354
Guerrero,0.15476707,0.16169977,8190,7836,-354
Jalisco,0.15476707,0.16169977,8191,7837,-354
Michoac%C3%A1n,0.15476707,0.16169977,8192,7838,-354
Morelos,0.15476707,0.16169977,8193,7839,-354
Nayarit,0.15476707,0.16169977,8194,7840,-354
Oaxaca,0.15476707,0.16169977,8195,7841,-354
San_Luis_Potos%C3%AD,0.15476707,0.16169977,8196,7842,-354
Sinaloa,0.15476707,0.16169977,8197,7843,-354
Zacatecas,0.15476707,0.16169977,8198,7844,-354
Burundian_Civil_War,0.15475735,0.16022188,8199,7980,-219
wordnet_salt_115010703,0.15473726,0.17506503,8200,7364,-836
wordnet_windmill_104587559,0.15473726,0.17506503,8201,7365,-836
Tajikistani_somoni,0.15472600,0.18795450,8202,6855,-1347
wordnet_phosphate_114982265,0.15468821,0.18186623,8203,7076,-1127
wordnet_potash_114996843,0.15468821,0.18186623,8204,7077,-1127
A_Dog%27s_Ransom,0.15467849,0.15473797,8205,8601,396
A_Game_for_the_Living,0.15467849,0.15473797,8206,8602,396
A_Suspension_of_Mercy,0.15467849,0.15473797,8207,8603,396
Deep_Water_(Highsmith_novel),0.15467849,0.15473797,8208,8604,396
Purple_Noon,0.15467849,0.15473797,8209,8605,396
Ripley%27s_Game,0.15467849,0.15473797,8210,8606,396
Ripley_Under_Ground,0.15467849,0.15473797,8211,8607,396
Ripley_Under_Water,0.15467849,0.15473797,8212,8608,396
Strangers_on_a_Train_(novel),0.15467849,0.15473797,8213,8609,396
The_Blunderer,0.15467849,0.15473797,8214,8610,396
The_Boy_Who_Followed_Ripley,0.15467849,0.15473797,8215,8611,396
The_Cry_of_the_Owl,0.15467849,0.15473797,8216,8612,396
The_Cry_of_the_Owl_(1987_film),0.15467849,0.15473797,8217,8613,396
The_Price_of_Salt,0.15467849,0.15473797,8218,8614,396
The_Talented_Mr._Ripley,0.15467849,0.15473797,8219,8615,396
The_Two_Faces_of_January,0.15467849,0.15473797,8220,8616,396
This_Sweet_Sickness,0.15467849,0.15473797,8221,8617,396
This_Sweet_Sickness_(film),0.15467849,0.15473797,8222,8618,396
Tom_Ripley,0.15467849,0.15473797,8223,8619,396
Thomas_Mann,0.15467092,0.15723121,8224,8305,81
Eileen_Blair,0.15465469,0.15619220,8225,8366,141
Sonia_Orwell,0.15465469,0.15619220,8226,8391,165
A_Philip_Roth_Reader,0.15462919,0.15537960,8227,8494,267
American_Pastoral,0.15462919,0.15537960,8228,8495,267
Everyman_(novel),0.15462919,0.15537960,8229,8496,267
Exit_Ghost,0.15462919,0.15537960,8230,8497,267
"Goodbye,_Columbus",0.15462919,0.15537960,8231,8498,267
I_Married_a_Communist,0.15462919,0.15537960,8232,8499,267
Indignation_(novel),0.15462919,0.15537960,8233,8500,267
Letting_Go_(novel),0.15462919,0.15537960,8234,8501,267
Nemesis_(Philip_Roth_novel),0.15462919,0.15537960,8235,8502,267
Our_Gang_(novel),0.15462919,0.15537960,8236,8503,267
Portnoy%27s_Complaint,0.15462919,0.15537960,8237,8504,267
Sabbath%27s_Theater,0.15462919,0.15537960,8238,8505,267
The_Anatomy_Lesson_(Roth_novel),0.15462919,0.15537960,8239,8506,267
The_Breast,0.15462919,0.15537960,8240,8507,267
The_Counterlife,0.15462919,0.15537960,8241,8508,267
The_Dying_Animal,0.15462919,0.15537960,8242,8509,267
The_Ghost_Writer,0.15462919,0.15537960,8243,8510,267
The_Great_American_Novel_(Roth),0.15462919,0.15537960,8244,8511,267
The_Human_Stain,0.15462919,0.15537960,8245,8512,267
The_Humbling,0.15462919,0.15537960,8246,8513,267
The_Plot_Against_America,0.15462919,0.15537960,8247,8514,267
The_Professor_of_Desire,0.15462919,0.15537960,8248,8515,267
When_She_Was_Good,0.15462919,0.15537960,8249,8516,267
Zuckerman_Unbound,0.15462919,0.15537960,8250,8517,267
University_of_Cape_Town,0.15459897,0.15890940,8251,8111,-140
University_of_Texas_at_Austin,0.15459897,0.15890940,8252,8112,-140
Luxembourgish_language,0.15456989,0.17935026,8253,7213,-1040
Raymond_J._Smith,0.15452371,0.15583904,8254,8471,217
Battle_of_Spilia,0.15450925,0.16482974,8255,7744,-511
Jonathan_Lamas,0.15450768,0.15690635,8256,8327,71
All_the_Pretty_Horses_(novel),0.15450339,0.15460885,8257,8622,365
Anton_Chigurh,0.15450339,0.15460885,8258,8623,365
Child_of_God,0.15450339,0.15460885,8259,8624,365
Blood_Meridian,0.15450339,0.15460885,8260,8625,365
Cities_of_the_Plain,0.15450339,0.15460885,8261,8626,365
No_Country_for_Old_Men,0.15450339,0.15460885,8262,8627,365
Suttree,0.15450339,0.15460885,8263,8628,365
The_Border_Trilogy,0.15450339,0.15460885,8264,8629,365
The_Crossing_(McCarthy_novel),0.15450339,0.15460885,8265,8630,365
The_Orchard_Keeper,0.15450339,0.15460885,8266,8631,365
The_Road,0.15450339,0.15460885,8267,8632,365
The_Sunset_Limited,0.15450339,0.15460885,8268,8633,365
NASCAR%27s_Most_Popular_Driver_Award,0.15447993,0.15850000,8269,8205,-64
Nepali_language,0.15444339,0.17922225,8270,7227,-1043
Mauritanian_ouguiya,0.15440227,0.17476244,8271,7393,-878
Leith,0.15439337,0.15658243,8272,8347,75
wordnet_refrigerator_104070727,0.15438687,0.16826685,8273,7611,-662
wordnet_wood_pulp_115103634,0.15438687,0.16826685,8274,7612,-662
wordnet_glass_114881303,0.15438382,0.17935026,8275,7211,-1064
Melinda_Haynes,0.15435388,0.15619707,8276,8360,84
wordnet_electronic_equipment_103278248,0.15434733,0.16758340,8277,7624,-653
wordnet_hardware_103493664,0.15434733,0.16758340,8278,7625,-653
Stewart_O%27Nan,0.15433297,0.15633519,8279,8356,77
Bujumbura,0.15432480,0.16022188,8280,7977,-303
Spingarn_Medal,0.15430378,0.15889484,8281,8122,-159
wordnet_entertainment_100429048,0.15427158,0.17600333,8282,7334,-948
People%27s_Republic_of_Bulgaria,0.15426836,0.16095464,8283,7935,-348
wordnet_herb_112205694,0.15426247,0.17922225,8284,7224,-1060
wordnet_information_technology_106134510,0.15426247,0.17922225,8285,7225,-1060
Tajik_language,0.15425528,0.18795450,8286,6856,-1430
Tajik_phrasebook,0.15425528,0.18795450,8287,6857,-1430
Botswana_pula,0.15414962,0.16400345,8288,7761,-527
Kigali,0.15412838,0.16114805,8289,7848,-441
Mercedita_Airport,0.15412027,0.16424280,8290,7753,-537
A_Theft,0.15411888,0.15443546,8291,8641,350
Dangling_Man,0.15411888,0.15443546,8292,8642,350
Henderson_the_Rain_King,0.15411888,0.15443546,8293,8643,350
Herzog_(novel),0.15411888,0.15443546,8294,8644,350
Humboldt%27s_Gift,0.15411888,0.15443546,8295,8645,350
More_Die_of_Heartbreak,0.15411888,0.15443546,8296,8646,350
Mr._Sammler%27s_Planet,0.15411888,0.15443546,8297,8647,350
News_from_the_Republic_of_Letters,0.15411888,0.15443546,8298,8648,350
Ravelstein,0.15411888,0.15443546,8299,8649,350
Seize_the_Day_(novel),0.15411888,0.15443546,8300,8650,350
The_Actual_(novel),0.15411888,0.15443546,8301,8651,350
The_Adventures_of_Augie_March,0.15411888,0.15443546,8302,8652,350
The_Bellarosa_Connection,0.15411888,0.15443546,8303,8653,350
The_Dean%27s_December,0.15411888,0.15443546,8304,8654,350
The_Victim_(novel),0.15411888,0.15443546,8305,8655,350
Patricia_Highsmith,0.15411512,0.15607417,8306,8432,126
Otto_Gross,0.15411463,0.15619732,8307,8357,50
Otto_Rank,0.15411463,0.15619732,8308,8358,50
Peter_Wessel_Zapffe,0.15411463,0.15619732,8309,8359,50
Armada_of_1779,0.15408957,0.16098353,8310,7859,-451
Attack_on_German_Flatts_(1757),0.15408957,0.16098353,8311,7860,-451
Battle_at_The_Lizard,0.15408957,0.16098353,8312,7861,-451
Battle_of_Brihuega,0.15408957,0.16098353,8313,7862,-451
Battle_of_Cape_Henry,0.15408957,0.16098353,8314,7863,-451
Battle_of_Cape_Spartel,0.15408957,0.16098353,8315,7864,-451
Battle_of_Carillon,0.15408957,0.16098353,8316,7865,-451
Battle_of_Cuddalore_(1783),0.15408957,0.16098353,8317,7866,-451
Battle_of_Culloden,0.15408957,0.16098353,8318,7867,-451
Battle_of_Fort_Beaus%C3%A9jour,0.15408957,0.16098353,8319,7868,-451
Battle_of_Fort_Bull,0.15408957,0.16098353,8320,7869,-451
Battle_of_Fort_Duquesne,0.15408957,0.16098353,8321,7870,-451
Battle_of_Fort_Niagara,0.15408957,0.16098353,8322,7871,-451
Battle_of_Fort_Oswego_(1756),0.15408957,0.16098353,8323,7872,-451
Battle_of_Fort_Royal,0.15408957,0.16098353,8324,7873,-451
Battle_of_Grand_Pr%C3%A9,0.15408957,0.16098353,8325,7874,-451
Battle_of_Grenada,0.15408957,0.16098353,8326,7875,-451
Battle_of_Jersey,0.15408957,0.16098353,8327,7876,-451
Battle_of_Jumonville_Glen,0.15408957,0.16098353,8328,7877,-451
Battle_of_La_Belle-Famille,0.15408957,0.16098353,8329,7878,-451
Battle_of_Lagos,0.15408957,0.16098353,8330,7879,-451
Battle_of_Madras,0.15408957,0.16098353,8331,7880,-451
Battle_of_Martinique_(1779),0.15408957,0.16098353,8332,7881,-451
Battle_of_Martinique_(1780),0.15408957,0.16098353,8333,7882,-451
Battle_of_Minorca_(1756),0.15408957,0.16098353,8334,7883,-451
Battle_of_Negapatam_(1782),0.15408957,0.16098353,8335,7884,-451
Battle_of_Plassey,0.15408957,0.16098353,8336,7885,-451
Battle_of_Providien,0.15408957,0.16098353,8337,7886,-451
Battle_of_Quiberon_Bay,0.15408957,0.16098353,8338,7887,-451
Battle_of_Restigouche,0.15408957,0.16098353,8339,7888,-451
Battle_of_Sabbath_Day_Point,0.15408957,0.16098353,8340,7889,-451
Battle_of_Saint_Kitts,0.15408957,0.16098353,8341,7890,-451
Battle_of_Sainte-Foy,0.15408957,0.16098353,8342,7891,-451
Battle_of_St._Lucia,0.15408957,0.16098353,8343,7892,-451
Battle_of_Ticonderoga_(1759),0.15408957,0.16098353,8344,7893,-451
Battle_of_Toulon_(1744),0.15408957,0.16098353,8345,7894,-451
Battle_of_Trincomalee,0.15408957,0.16098353,8346,7895,-451
Battle_of_Ushant_(1778),0.15408957,0.16098353,8347,7896,-451
Battle_of_Ushant_(1781),0.15408957,0.16098353,8348,7897,-451
Battle_of_Warburg,0.15408957,0.16098353,8349,7898,-451
Battle_of_the_Chesapeake,0.15408957,0.16098353,8350,7899,-451
Battle_of_the_Monongahela,0.15408957,0.16098353,8351,7900,-451
Battle_of_the_Plains_of_Abraham,0.15408957,0.16098353,8352,7901,-451
Battle_of_the_Saintes,0.15408957,0.16098353,8353,7902,-451
Battle_of_the_Thousand_Islands,0.15408957,0.16098353,8354,7903,-451
Battle_on_Snowshoes,0.15408957,0.16098353,8355,7904,-451
Braddock_Expedition,0.15408957,0.16098353,8356,7905,-451
Chickasaw_Wars,0.15408957,0.16098353,8357,7906,-451
Expulsion_of_the_Acadians,0.15408957,0.16098353,8358,7907,-451
First_Battle_of_Cape_Finisterre_(1747),0.15408957,0.16098353,8359,7908,-451
Invasion_of_Guadeloupe_(1759),0.15408957,0.16098353,8360,7909,-451
Invasion_of_Martinique_(1762),0.15408957,0.16098353,8361,7910,-451
Invasion_of_Minorca_(1781),0.15408957,0.16098353,8362,7911,-451
King_George%27s_War,0.15408957,0.16098353,8363,7912,-451
Battle_of_Beauport,0.15408957,0.16098353,8364,7913,-451
Battle_of_Fort_Frontenac,0.15408957,0.16098353,8365,7914,-451
Battle_of_Fort_Ligonier,0.15408957,0.16098353,8366,7915,-451
Battle_of_Fort_Necessity,0.15408957,0.16098353,8367,7916,-451
Battle_of_Porto_Praya,0.15408957,0.16098353,8368,7917,-451
Battle_of_Sadras,0.15408957,0.16098353,8369,7918,-451
Battle_of_Saint_Cast,0.15408957,0.16098353,8370,7919,-451
Battle_of_Signal_Hill,0.15408957,0.16098353,8371,7920,-451
Invasion_of_Dominica_(1761),0.15408957,0.16098353,8372,7921,-451
Planned_French_Invasion_of_Britain_(1744),0.15408957,0.16098353,8373,7922,-451
Planned_French_invasion_of_Britain_(1759),0.15408957,0.16098353,8374,7923,-451
Raid_on_Canso,0.15408957,0.16098353,8375,7924,-451
Raid_on_Cherbourg,0.15408957,0.16098353,8376,7925,-451
Second_Battle_of_Cape_Finisterre_(1747),0.15408957,0.16098353,8377,7926,-451
Siege_of_Fort_St_Philip_(1756),0.15408957,0.16098353,8378,7927,-451
Siege_of_Fort_William,0.15408957,0.16098353,8379,7928,-451
Siege_of_Fort_William_Henry,0.15408957,0.16098353,8380,7929,-451
Siege_of_Louisbourg_(1745),0.15408957,0.16098353,8381,7930,-451
Siege_of_Louisbourg_(1758),0.15408957,0.16098353,8382,7931,-451
Siege_of_Madras,0.15408957,0.16098353,8383,7932,-451
Siege_of_Pensacola,0.15408957,0.16098353,8384,7933,-451
Wager%27s_Action,0.15408957,0.16098353,8385,7934,-451
%C3%9Cbermensch,0.15408502,0.15791512,8386,8245,-141
Eternal_return,0.15408502,0.15791512,8387,8246,-141
God_is_dead,0.15408502,0.15791512,8388,8247,-141
Master%2013slave_morality,0.15408502,0.15791512,8389,8248,-141
Perspectivism,0.15408502,0.15791512,8390,8249,-141
wordnet_vegetable_oil_107673397,0.15408201,0.18795450,8391,6854,-1537
Dodoma,0.15403603,0.16273729,8392,7781,-611
Qiu_Miaojin,0.15399147,0.15618879,8393,8414,21
Daniil_Kharms,0.15397200,0.15612629,8394,8415,21
Eriks_%C4%80damsons,0.15397200,0.15612629,8395,8416,21
Ernest_Hemingway,0.15397200,0.15612629,8396,8417,21
Gabriel_Scott,0.15397200,0.15612629,8397,8418,21
Ingvar_Ambj%C3%B8rnsen,0.15397200,0.15612629,8398,8421,23
John_Fante,0.15397200,0.15612629,8399,8422,23
Lars_Saabye_Christensen,0.15397200,0.15612629,8400,8430,30
Maxim_Gorky,0.15397200,0.15612629,8401,8431,30
Claire_Bloom,0.15395711,0.15537960,8402,8492,90
Zambian_kwacha,0.15395649,0.16936956,8403,7557,-846
Andrew_Sullivan,0.15391832,0.15619220,8404,8362,-42
Chris_Hedges,0.15391832,0.15619220,8405,8364,-41
Cory_Doctorow,0.15391832,0.15619220,8406,8365,-41
Glenn_Greenwald,0.15391832,0.15619220,8407,8381,-26
Herbert_Read,0.15391832,0.15619220,8408,8382,-26
Ignazio_Silone,0.15391832,0.15619220,8409,8383,-26
James_BeauSeigneur,0.15391832,0.15619220,8410,8384,-26
Joe_Sacco,0.15391832,0.15619220,8411,8385,-26
John_King_(author),0.15391832,0.15619220,8412,8386,-26
Kurt_Vonnegut,0.15391832,0.15619220,8413,8387,-26
Margaret_Atwood,0.15391832,0.15619220,8414,8388,-26
Michael_Crichton,0.15391832,0.15619220,8415,8389,-26
Peter_Hitchens,0.15391832,0.15619220,8416,8390,-26
wordnet_cowpea_112578916,0.15389816,0.17262345,8417,7470,-947
wordnet_onion_112433081,0.15389816,0.17262345,8418,7471,-947
wordnet_uranium_ore_115084824,0.15389816,0.17262345,8419,7472,-947
Turkmenistan_manat,0.15387790,0.17806259,8420,7257,-1163
Battle_of_Bir_Hakeim,0.15386081,0.16000466,8421,7981,-440
Albanian_resistance_during_World_War_II,0.15386081,0.16000466,8422,7982,-440
XYZ_Line,0.15386081,0.16000466,8423,7983,-440
Ben_Lerner,0.15383501,0.15553303,8424,8474,50
Claire_Messud,0.15383501,0.15553303,8425,8475,50
Elfriede_Jelinek,0.15383501,0.15553303,8426,8476,50
W._G._Sebald,0.15383501,0.15553303,8427,8490,63
A._B._Yehoshua,0.15383467,0.15562273,8428,8473,45
Courtray,0.15382210,0.15899453,8429,8095,-334
Philippsburg,0.15382210,0.15899453,8430,8096,-334
Pondicherry_(union_territory),0.15382210,0.15899453,8431,8097,-334
Spanje_(personele_unie),0.15382210,0.15899453,8432,8098,-334
wordnet_cashmere_102977330,0.15381161,0.17357314,8433,7437,-996
wordnet_fluorite_114675356,0.15381161,0.17357314,8434,7438,-996
Chris_Bohjalian,0.15380806,0.15583904,8435,8445,10
Order_of_the_Banner_of_Work,0.15374243,0.15787115,8436,8266,-170
Kyrgyzstani_som,0.15371526,0.16969396,8437,7548,-889
Heriot-Watt_University,0.15367250,0.15658243,8438,8332,-106
Motihari,0.15366901,0.15619220,8439,8392,-47
Dzongkha,0.15361378,0.16873226,8440,7583,-857
Dzongkha_phrasebook,0.15361378,0.16873226,8441,7584,-857
Heerlen,0.15359100,0.15553303,8442,8478,36
F%C3%BChrerbunker,0.15358536,0.15869550,8443,8141,-302
Werwolf_(Wehrmacht_HQ),0.15358536,0.15869550,8444,8142,-302
wordnet_sodium_carbonate_115044844,0.15358418,0.16400345,8445,7759,-686
"Lockport_(city),_New_York",0.15356576,0.15583904,8446,8472,26
Herd_behavior,0.15356342,0.15681020,8447,8330,-117
Jason_Smilovic,0.15356152,0.15497053,8448,8561,113
M._Mukundan,0.15356152,0.15497053,8449,8577,128
Alexandra_Bellow,0.15352089,0.15443546,8450,8634,184
Turkmen_language,0.15349165,0.17806259,8451,7258,-1193
Christiaan_Huygens,0.15348029,0.15530613,8452,8543,91
Cotton_Mather,0.15348029,0.15530613,8453,8544,91
Daniel_Defoe,0.15348029,0.15530613,8454,8545,91
Edward_Pococke,0.15348029,0.15530613,8455,8546,91
George_Keith_(missionary),0.15348029,0.15530613,8456,8547,91
John_Wallis,0.15348029,0.15530613,8457,8548,91
Melchis%C3%A9dech_Th%C3%A9venot,0.15348029,0.15530613,8458,8549,91
Nur_ad-Din_al-Bitruji,0.15348029,0.15530613,8459,8550,91
Robert_Barclay,0.15348029,0.15530613,8460,8551,91
Rudyard_Kipling,0.15348029,0.15530613,8461,8552,91
Samuel_Hartlib,0.15348029,0.15530613,8462,8553,91
Simon_Ockley,0.15348029,0.15530613,8463,8554,91
Thomas_Hobbes,0.15348029,0.15530613,8464,8555,91
William_Molyneux,0.15348029,0.15530613,8465,8556,91
Al-Wehda_Club_(Mecca),0.15347661,0.15497053,8466,8559,93
Accra_Hearts_of_Oak_SC,0.15347661,0.15497053,8467,8571,104
CD_Ourense,0.15347661,0.15497053,8468,8572,104
CS_Sfaxien,0.15347661,0.15497053,8469,8573,104
Ettifaq_FC,0.15347661,0.15497053,8470,8574,104
M%C3%A1laga_CF,0.15347661,0.15497053,8471,8575,104
Zamalek_SC,0.15347661,0.15497053,8472,8576,104
Anglo-Cherokee_War,0.15346420,0.15970325,8473,8033,-440
Battle_of_Baton_Rouge_(1779),0.15346420,0.15970325,8474,8034,-440
Battle_of_Blackstock%27s_Farm,0.15346420,0.15970325,8475,8035,-440
Battle_of_Bushy_Run,0.15346420,0.15970325,8476,8036,-440
Battle_of_Cape_St._Vincent_(1780),0.15346420,0.15970325,8477,8037,-440
Battle_of_Falkirk_Muir,0.15346420,0.15970325,8478,8038,-440
Battle_of_Fort_Charlotte,0.15346420,0.15970325,8479,8039,-440
Battle_of_Great_Bridge,0.15346420,0.15970325,8480,8040,-440
Battle_of_Havana_(1748),0.15346420,0.15970325,8481,8041,-440
Battle_of_Kemp%27s_Landing,0.15346420,0.15970325,8482,8042,-440
Battle_of_Matson%27s_Ford,0.15346420,0.15970325,8483,8043,-440
Battle_of_Mobile_(1781),0.15346420,0.15970325,8484,8044,-440
Battle_of_Moore%27s_Creek_Bridge,0.15346420,0.15970325,8485,8045,-440
Battle_of_Muizenberg,0.15346420,0.15970325,8486,8046,-440
Battle_of_Prestonpans,0.15346420,0.15970325,8487,8047,-440
Battle_of_Sheriffmuir,0.15346420,0.15970325,8488,8048,-440
Bird%27s_invasion_of_Kentucky,0.15346420,0.15970325,8489,8049,-440
Blockade_of_Porto_Bello,0.15346420,0.15970325,8490,8050,-440
Capture_of_Fort_Ticonderoga,0.15346420,0.15970325,8491,8051,-440
Highbridge_Skirmish,0.15346420,0.15970325,8492,8052,-440
Invasion_of_Canada_(1775),0.15346420,0.15970325,8493,8053,-440
Invasion_of_France_(1795),0.15346420,0.15970325,8494,8054,-440
Invasion_of_Georgia_(1742),0.15346420,0.15970325,8495,8055,-440
Battle_of_Bloody_Creek_(1757),0.15346420,0.15970325,8496,8056,-440
Battle_of_Gloucester_(1775),0.15346420,0.15970325,8497,8057,-440
Battle_of_Great_Cacapon,0.15346420,0.15970325,8498,8058,-440
Battle_of_Littleferry,0.15346420,0.15970325,8499,8059,-440
Battle_of_Machias,0.15346420,0.15970325,8500,8060,-440
Battle_of_Preston_(1715),0.15346420,0.15970325,8501,8061,-440
Gasp%C3%A9e_Affair,0.15346420,0.15970325,8502,8062,-440
Huck%27s_Defeat,0.15346420,0.15970325,8503,8063,-440
Illinois_campaign,0.15346420,0.15970325,8504,8064,-440
Pontiac%27s_War,0.15346420,0.15970325,8505,8065,-440
Royalton_Raid,0.15346420,0.15970325,8506,8066,-440
Rum_Rebellion,0.15346420,0.15970325,8507,8067,-440
Siege_of_Fort_Detroit,0.15346420,0.15970325,8508,8068,-440
Siege_of_Fort_Pitt,0.15346420,0.15970325,8509,8069,-440
Tacky%27s_War,0.15346420,0.15970325,8510,8070,-440
Kevin_Barry_(author),0.15345357,0.15534111,8511,8535,24
Rachel_Kushner,0.15345357,0.15534111,8512,8536,24
Australian_English,0.15345103,0.17136261,8513,7501,-1012
Alasdair_MacIntyre,0.15344815,0.15530739,8514,8537,23
Georges_Sorel,0.15344815,0.15530739,8515,8538,23
Giovanni_Gentile,0.15344815,0.15530739,8516,8539,23
Jack_Abbott_(author),0.15344815,0.15530739,8517,8540,23
Salama_Moussa,0.15344815,0.15530739,8518,8541,23
Tan_Malaka,0.15344815,0.15530739,8519,8542,23
Thomas_Berger_(novelist),0.15342028,0.15513944,8520,8557,37
Irvine_Welsh,0.15341838,0.15488063,8521,8598,77
African_French,0.15337842,0.16403996,8522,7756,-766
Sango_language,0.15337842,0.16403996,8523,7757,-766
Ruth_Rendell,0.15336657,0.15473797,8524,8621,97
David_Leavitt,0.15335561,0.15474791,8525,8599,74
"Anadarko,_Oklahoma",0.15333491,0.15497053,8526,8560,34
Palakkad,0.15333491,0.15497053,8527,8597,70
Adam_Levin,0.15333110,0.15537960,8528,8491,-37
Howard_Jacobson,0.15333110,0.15537960,8529,8493,-36
Grimstad,0.15320577,0.15612629,8530,8419,-111
Big_Sur_(novel),0.15314818,0.15374665,8531,8660,129
1957_in_literature,0.15314818,0.15374665,8532,8663,131
1958_in_literature,0.15314818,0.15374665,8533,8664,131
1959_in_literature,0.15314818,0.15374665,8534,8665,131
1962_in_literature,0.15314818,0.15374665,8535,8666,131
1966_in_literature,0.15314818,0.15374665,8536,8667,131
And_the_Hippos_Were_Boiled_in_Their_Tanks,0.15314818,0.15374665,8537,8668,131
Beat_Generation_(play),0.15314818,0.15374665,8538,8669,131
Book_of_Dreams_(novel),0.15314818,0.15374665,8539,8670,131
Book_of_Haikus,0.15314818,0.15374665,8540,8671,131
Book_of_Sketches,0.15314818,0.15374665,8541,8672,131
Desolation_Angels_(novel),0.15314818,0.15374665,8542,8673,131
Doctor_Sax,0.15314818,0.15374665,8543,8674,131
Good_Blonde_%26_Others,0.15314818,0.15374665,8544,8675,131
Lonesome_Traveler,0.15314818,0.15374665,8545,8676,131
Maggie_Cassidy,0.15314818,0.15374665,8546,8677,131
Mexico_City_Blues,0.15314818,0.15374665,8547,8678,131
Old_Angel_Midnight,0.15314818,0.15374665,8548,8679,131
Orpheus_Emerged,0.15314818,0.15374665,8549,8680,131
Pic_(novel),0.15314818,0.15374665,8550,8681,131
Poetry_for_the_Beat_Generation,0.15314818,0.15374665,8551,8682,131
References_in_On_the_Road,0.15314818,0.15374665,8552,8683,131
Satori_in_Paris,0.15314818,0.15374665,8553,8684,131
Scattered_Poems,0.15314818,0.15374665,8554,8685,131
The_Dharma_Bums,0.15314818,0.15374665,8555,8686,131
The_Subterraneans,0.15314818,0.15374665,8556,8687,131
Tristessa,0.15314818,0.15374665,8557,8688,131
Vanity_of_Duluoz,0.15314818,0.15374665,8558,8689,131
Visions_of_Cody,0.15314818,0.15374665,8559,8690,131
Visions_of_Gerard,0.15314818,0.15374665,8560,8691,131
Al_Neri,0.15313865,0.15315204,8561,8714,153
Earthquake_(film),0.15313865,0.15315204,8562,8715,153
Anthony_Corleone,0.15313865,0.15315204,8563,8716,153
Bruno_Tattaglia,0.15313865,0.15315204,8564,8717,153
Carlo_Rizzi_(The_Godfather),0.15313865,0.15315204,8565,8718,153
Carmela_Corleone,0.15313865,0.15315204,8566,8719,153
Don_Altobello,0.15313865,0.15315204,8567,8720,153
Don_Fanucci,0.15313865,0.15315204,8568,8721,153
Emilio_Barzini,0.15313865,0.15315204,8569,8722,153
Fools_Die,0.15313865,0.15315204,8570,8723,153
Frank_Pentangeli,0.15313865,0.15315204,8571,8724,153
Fredo_Corleone,0.15313865,0.15315204,8572,8725,153
Genco_Abbandando,0.15313865,0.15315204,8573,8726,153
Jack_Woltz,0.15313865,0.15315204,8574,8727,153
Joey_Zasa,0.15313865,0.15315204,8575,8728,153
Johnny_Ola,0.15313865,0.15315204,8576,8729,153
Kay_Adams-Corleone,0.15313865,0.15315204,8577,8730,153
Luca_Brasi,0.15313865,0.15315204,8578,8731,153
Lucy_Mancini,0.15313865,0.15315204,8579,8732,153
Mary_Corleone,0.15313865,0.15315204,8580,8733,153
Michael_Corleone,0.15313865,0.15315204,8581,8734,153
Moe_Greene,0.15313865,0.15315204,8582,8735,153
Omert%C3%A0_(novel),0.15313865,0.15315204,8583,8736,153
Pat_Geary,0.15313865,0.15315204,8584,8737,153
Salvatore_Tessio,0.15313865,0.15315204,8585,8738,153
Sonny_Corleone,0.15313865,0.15315204,8586,8739,153
The_Dark_Arena,0.15313865,0.15315204,8587,8740,153
The_Fortunate_Pilgrim,0.15313865,0.15315204,8588,8741,153
The_Fourth_K,0.15313865,0.15315204,8589,8742,153
The_Godfather_(film_series),0.15313865,0.15315204,8590,8743,153
The_Godfather_(novel),0.15313865,0.15315204,8591,8744,153
The_Godfather_Part_III,0.15313865,0.15315204,8592,8745,153
The_Godfather_Saga,0.15313865,0.15315204,8593,8746,153
The_Last_Don,0.15313865,0.15315204,8594,8747,153
The_Sicilian,0.15313865,0.15315204,8595,8748,153
Tom_Hagen,0.15313865,0.15315204,8596,8749,153
Virgil_Sollozzo,0.15313865,0.15315204,8597,8750,153
Vito_Corleone,0.15313865,0.15315204,8598,8751,153
"East_Elmhurst,_Queens",0.15309704,0.15860341,8599,8155,-444
Gmunden,0.15309521,0.15553303,8600,8477,-123
Imtiyaz_Medal,0.15309163,0.15600169,8601,8438,-163
Liakat_Medal,0.15309163,0.15600169,8602,8439,-163
Military_Merit_Cross_(Austria-Hungary),0.15309163,0.15600169,8603,8440,-163
Military_Merit_Medal_(Austria-Hungary),0.15309163,0.15600169,8604,8441,-163
Order_of_St_Alexander,0.15309163,0.15600169,8605,8442,-163
Order_of_the_Crown_(Prussia),0.15309163,0.15600169,8606,8443,-163
Order_of_the_Medjidie,0.15309163,0.15600169,8607,8444,-163
20_July_plot,0.15307499,0.15869550,8608,8126,-482
Battle_for_Narva_Bridgehead,0.15307499,0.15869550,8609,8127,-482
Battle_in_Berlin,0.15307499,0.15869550,8610,8128,-482
Battle_of_Bloody_Gulch,0.15307499,0.15869550,8611,8129,-482
Battle_of_Dra%C5%BEgo%C5%A1e,0.15307499,0.15869550,8612,8130,-482
Battle_of_Gemmano,0.15307499,0.15869550,8613,8131,-482
Battle_of_Loznica_(1941),0.15307499,0.15869550,8614,8132,-482
Battle_of_Osuchy,0.15307499,0.15869550,8615,8133,-482
Battle_of_Prokhorovka,0.15307499,0.15869550,8616,8134,-482
Battle_of_the_Ruhr,0.15307499,0.15869550,8617,8135,-482
Gojko_%C5%A0u%C5%A1ak,0.15307499,0.15869550,8618,8136,-482
Liberation_of_Strasbourg,0.15307499,0.15869550,8619,8137,-482
Lw%C3%B3w_Uprising,0.15307499,0.15869550,8620,8138,-482
Maquis_du_Vercors,0.15307499,0.15869550,8621,8139,-482
Bombing_of_Bremen_in_World_War_II,0.15307499,0.15869550,8622,8143,-479
Operation_Arsenal,0.15307499,0.15869550,8623,8144,-479
Operation_Bamberg,0.15307499,0.15869550,8624,8145,-479
Operation_Cooney,0.15307499,0.15869550,8625,8146,-479
Operation_Cottbus,0.15307499,0.15869550,8626,8147,-479
Operation_Dingson,0.15307499,0.15869550,8627,8148,-479
Operation_Doomsday,0.15307499,0.15869550,8628,8149,-479
Operation_Hornung,0.15307499,0.15869550,8629,8150,-479
Operation_Samwest,0.15307499,0.15869550,8630,8151,-479
Operation_Zitronella,0.15307499,0.15869550,8631,8152,-479
Warsaw_Ghetto_Uprising,0.15307499,0.15869550,8632,8153,-479
Warsaw_Uprising,0.15307499,0.15869550,8633,8154,-479
Eton_College,0.15306700,0.15619220,8634,8380,-254
Hal_Duncan,0.15303755,0.15437430,8635,8657,22
Kituba_language,0.15303080,0.16262415,8636,7786,-850
Battle_of_Cape_Passero_(1940),0.15302694,0.15981980,8637,7985,-652
Battle_of_Cape_Spartivento,0.15302694,0.15981980,8638,7986,-652
Battle_of_Kufra_(1941),0.15302694,0.15981980,8639,7987,-652
Battle_of_Taranto,0.15302694,0.15981980,8640,7988,-652
Battle_of_the_Cigno_Convoy,0.15302694,0.15981980,8641,7989,-652
Battle_of_the_Duisburg_Convoy,0.15302694,0.15981980,8642,7990,-652
Battle_of_the_Tarigo_Convoy,0.15302694,0.15981980,8643,7991,-652
Italian_guerrilla_war_in_Ethiopia,0.15302694,0.15981980,8644,7992,-652
Italian_invasion_of_Egypt,0.15302694,0.15981980,8645,7993,-652
Italian_auxiliary_ship_Olterra,0.15302694,0.15981980,8646,7994,-652
Operation_Baobab,0.15302694,0.15981980,8647,7995,-652
Operation_Chestnut,0.15302694,0.15981980,8648,7996,-652
Operation_Colossus,0.15302694,0.15981980,8649,7997,-652
Operation_Halberd,0.15302694,0.15981980,8650,7998,-652
Operation_Ladbroke,0.15302694,0.15981980,8651,7999,-652
Operation_MB8,0.15302694,0.15981980,8652,8000,-652
Raid_on_Alexandria_(1941),0.15302694,0.15981980,8653,8001,-652
Raid_on_Souda_Bay,0.15302694,0.15981980,8654,8002,-652
Second_Battle_of_Sirte,0.15302694,0.15981980,8655,8003,-652
A_Good_Man_Is_Hard_to_Find,0.15301467,0.15303683,8656,8754,98
A_Good_Man_Is_Hard_to_Find_(short_story),0.15301467,0.15303683,8657,8755,98
A_Stroke_of_Good_Fortune,0.15301467,0.15303683,8658,8756,98
Everything_That_Rises_Must_Converge,0.15301467,0.15303683,8659,8757,98
Revelation_(short_story),0.15301467,0.15303683,8660,8758,98
The_Barber_(short_story),0.15301467,0.15303683,8661,8759,98
The_Complete_Stories_(O%27Connor),0.15301467,0.15303683,8662,8760,98
The_Crop_(short_story),0.15301467,0.15303683,8663,8761,98
The_Geranium,0.15301467,0.15303683,8664,8762,98
The_Life_You_Save_May_Be_Your_Own,0.15301467,0.15303683,8665,8763,98
The_Peeler,0.15301467,0.15303683,8666,8764,98
The_River_(short_story),0.15301467,0.15303683,8667,8765,98
The_Train_(short_story),0.15301467,0.15303683,8668,8766,98
The_Turkey,0.15301467,0.15303683,8669,8767,98
The_Violent_Bear_It_Away,0.15301467,0.15303683,8670,8768,98
Wildcat_(short_story),0.15301467,0.15303683,8671,8769,98
Wise_Blood,0.15301467,0.15303683,8672,8770,98
Wise_Blood_(film),0.15301467,0.15303683,8673,8771,98
Burundian_franc,0.15298585,0.16022188,8674,7978,-696
Ian_McEwan,0.15296389,0.15443546,8675,8636,-39
Julian_Barnes,0.15296389,0.15443546,8676,8637,-39
Robie_Macauley,0.15296389,0.15443546,8677,8640,-37
Stuart_Dybek,0.15296389,0.15443546,8678,8656,-22
Noma_Literary_Prize,0.15292351,0.15618879,8679,8410,-269
Tanizaki_Prize,0.15292351,0.15618879,8680,8411,-269
Yomiuri_Prize,0.15292351,0.15618879,8681,8412,-269
Gunz%C5%8D-Nachwuchspreis,0.15292351,0.15618879,8682,8413,-269
Rwandan_franc,0.15285024,0.16114805,8683,7849,-834
National_Humanities_Medal,0.15278916,0.15583904,8684,8469,-215
Stone_Award_for_Lifetime_Literary_Achievement,0.15278916,0.15583904,8685,8470,-215
Tanzanian_shilling,0.15278648,0.16273729,8686,7782,-904
"Lachine,_Quebec",0.15277530,0.15443546,8687,8638,-49
Locarno,0.15271714,0.15473797,8688,8600,-88
Kirundi,0.15268845,0.16022188,8689,7979,-710
Diego_Garcia,0.15261309,0.15851064,8690,8166,-524
Manchester_Phoenix,0.15261309,0.15851064,8691,8177,-514
Shamrock_V,0.15261309,0.15851064,8692,8185,-507
Square_Eddie,0.15261309,0.15851064,8693,8186,-507
Jnanpith_Award,0.15260859,0.15497053,8694,8593,-101
National_Film_Awards_(India),0.15260859,0.15497053,8695,8594,-101
Padma_Bhushan,0.15260859,0.15497053,8696,8595,-101
Sahitya_Akademi_Award,0.15260859,0.15497053,8697,8596,-101
Kinyarwanda,0.15256635,0.16114805,8698,7850,-848
Flannery_O%27Connor,0.15250707,0.15362787,8699,8713,14
Grand_Prix_de_Litt%C3%A9rature_Polici%C3%A8re,0.15246580,0.15473797,8700,8620,-80
James_Fenimore_Cooper_Prize,0.15243982,0.15537960,8701,8518,-183
Brookline,0.15239213,0.15443546,8702,8635,-67
Northwestern_University,0.15231993,0.15443546,8703,8639,-64
Arthur_Rimbaud,0.15226538,0.15374665,8704,8658,-46
Ben_Gibbard,0.15226538,0.15374665,8705,8659,-46
Blake_Schwarzenbach,0.15226538,0.15374665,8706,8661,-45
Craig_Finn,0.15226538,0.15374665,8707,8662,-45
Jack_London,0.15226538,0.15374665,8708,8693,-15
James_Joyce,0.15226538,0.15374665,8709,8694,-15
Jim_Dodge,0.15226538,0.15374665,8710,8695,-15
Joe_Cutler,0.15226538,0.15374665,8711,8696,-15
John_Lennon,0.15226538,0.15374665,8712,8697,-15
Joyce_Johnson,0.15226538,0.15374665,8713,8698,-15
Marcel_Proust,0.15226538,0.15374665,8714,8699,-15
Matsuo_Bash%C5%8D,0.15226538,0.15374665,8715,8700,-15
Michael_McClure,0.15226538,0.15374665,8716,8701,-15
Morrissey,0.15226538,0.15374665,8717,8702,-15
Neal_Cassady,0.15226538,0.15374665,8718,8703,-15
Paul_Fericano,0.15226538,0.15374665,8719,8704,-15
Roy_Harper,0.15226538,0.15374665,8720,8705,-15
Rudy_Wurlitzer,0.15226538,0.15374665,8721,8706,-15
Russell_Banks,0.15226538,0.15374665,8722,8707,-15
Soti_Triantafyllou,0.15226538,0.15374665,8723,8708,-15
Tom_Robbins,0.15226538,0.15374665,8724,8709,-15
Walt_Whitman,0.15226538,0.15374665,8725,8710,-15
Will_Clarke_(novelist),0.15226538,0.15374665,8726,8711,-15
1936%201339_Arab_revolt_in_Palestine,0.15224112,0.15851064,8727,8156,-571
1947%201348_Civil_War_in_Mandatory_Palestine,0.15224112,0.15851064,8728,8157,-571
6th_Airborne_Division_in_Palestine,0.15224112,0.15851064,8729,8158,-571
Action_of_25_September_1806,0.15224112,0.15851064,8730,8159,-571
Battle_of_Magdala,0.15224112,0.15851064,8731,8160,-571
Battle_of_Saint-Denis_(1837),0.15224112,0.15851064,8732,8161,-571
British_Expedition_to_Abyssinia,0.15224112,0.15851064,8733,8162,-571
CIMIC-House,0.15224112,0.15851064,8734,8163,-571
Cocos_Islands_Mutiny,0.15224112,0.15851064,8735,8164,-571
Cyprus_Emergency,0.15224112,0.15851064,8736,8165,-571
East_Cape_War,0.15224112,0.15851064,8737,8167,-570
Eureka_Rebellion,0.15224112,0.15851064,8738,8168,-570
Hutt_Valley_Campaign,0.15224112,0.15851064,8739,8169,-570
Invasion_of_Iceland,0.15224112,0.15851064,8740,8170,-570
Iranian_Embassy_siege,0.15224112,0.15851064,8741,8171,-570
Iraqi_revolt_against_the_British,0.15224112,0.15851064,8742,8172,-570
Irish_Civil_War,0.15224112,0.15851064,8743,8173,-570
Jementah_Civil_War,0.15224112,0.15851064,8744,8174,-570
Jewish_insurgency_in_Palestine,0.15224112,0.15851064,8745,8175,-570
Limbang_raid,0.15224112,0.15851064,8746,8176,-570
Operation_Barras,0.15224112,0.15851064,8747,8178,-569
Operation_Corkscrew,0.15224112,0.15851064,8748,8179,-569
Operation_Nasrat,0.15224112,0.15851064,8749,8180,-569
Otto_Nes,0.15224112,0.15851064,8750,8181,-569
Persian_Gulf_campaign_of_1809,0.15224112,0.15851064,8751,8182,-569
Battle_of_Oriamendi,0.15224112,0.15851064,8752,8187,-565
Sheikh_Khazal_rebellion,0.15224112,0.15851064,8753,8188,-565
Wanganui_Campaign,0.15224112,0.15851064,8754,8189,-565
John_Kennedy_Toole,0.15216931,0.15303683,8755,8773,18
Mary_Gaitskill,0.15216931,0.15303683,8756,8774,18
Virgil_Su%C3%A1rez,0.15216931,0.15303683,8757,8775,18
"Jamaica,_Queens",0.15213755,0.15676192,8758,8331,-427
"Lowell,_Massachusetts",0.15212125,0.15374665,8759,8712,-47
Georges_Palante,0.15209268,0.15314458,8760,8752,-8
V%C3%A4in%C3%B6_Linna,0.15209268,0.15314458,8761,8753,-8
A_Gentle_Creature,0.15193689,0.15203966,8762,8830,68
A_Gentle_Woman,0.15193689,0.15203966,8763,8831,68
A_Nasty_Story,0.15193689,0.15203966,8764,8832,68
A_Writer%27s_Diary,0.15193689,0.15203966,8765,8833,68
Demons_(novel),0.15193689,0.15203966,8766,8834,68
Four_Nights_of_a_Dreamer,0.15193689,0.15203966,8767,8835,68
Nastasja,0.15193689,0.15203966,8768,8836,68
Netochka_Nezvanova_(novel),0.15193689,0.15203966,8769,8837,68
Notes_from_Underground,0.15193689,0.15203966,8770,8838,68
Raskolnikow_(film),0.15193689,0.15203966,8771,8839,68
The_Gambler_(novel),0.15193689,0.15203966,8772,8840,68
The_House_of_the_Dead_(novel),0.15193689,0.15203966,8773,8841,68
The_Idiot,0.15193689,0.15203966,8774,8842,68
The_Peasant_Marey,0.15193689,0.15203966,8775,8843,68
The_Raw_Youth,0.15193689,0.15203966,8776,8844,68
The_Village_of_Stepanchikovo,0.15193689,0.15203966,8777,8845,68
White_Nights_(1957_film),0.15193689,0.15203966,8778,8846,68
Reichsmark,0.15192995,0.15869550,8779,8140,-639
"St._Petersburg,_Florida",0.15182838,0.15374665,8780,8692,-88
"Milledgeville,_Georgia",0.15175084,0.15303683,8781,8772,-9
Chewa_language,0.15169503,0.15783073,8782,8267,-515
Kalanga_language,0.15169503,0.15783073,8783,8268,-515
Languages_of_Zimbabwe,0.15169503,0.15783073,8784,8269,-515
Ndau_dialect,0.15169503,0.15783073,8785,8270,-515
Northern_Ndebele_language,0.15169503,0.15783073,8786,8271,-515
Sena_language,0.15169503,0.15783073,8787,8272,-515
Shona_language,0.15169503,0.15783073,8788,8273,-515
Tshwa_language,0.15169503,0.15783073,8789,8274,-515
Zimbabwean_sign_languages,0.15169503,0.15783073,8790,8275,-515
Dreams_from_My_Father,0.15167247,0.15170112,8791,8861,70
The_Audacity_of_Hope,0.15167247,0.15170112,8792,8862,70
We_Are_the_Ones,0.15167247,0.15170112,8793,8863,70
Yes_We_Can_(will.i.am_song),0.15167247,0.15170112,8794,8864,70
Anna_Dostoyevskaya,0.15165569,0.15203966,8795,8828,33
Lyubov_Dostoyevskaya,0.15164650,0.15203966,8796,8847,51
Flesh_(1932_film),0.15154715,0.15158821,8797,8923,126
Land_of_the_Pharaohs,0.15154715,0.15158821,8798,8928,130
Northern_Pursuit,0.15154715,0.15158821,8799,8930,131
Slave_Ship_(1937_film),0.15154715,0.15158821,8800,8932,132
Submarine_Patrol,0.15154715,0.15158821,8801,8933,132
"The_Long,_Hot_Summer",0.15154715,0.15158821,8802,8934,132
The_Reivers,0.15154715,0.15158821,8803,8935,132
The_Reivers_(film),0.15154715,0.15158821,8804,8936,132
The_Story_of_Temple_Drake,0.15154715,0.15158821,8805,8937,132
The_Tarnished_Angels,0.15154715,0.15158821,8806,8938,132
Today_We_Live,0.15154715,0.15158821,8807,8940,133
Two_Soldiers_(2003_film),0.15154715,0.15158821,8808,8941,133
A_Fable,0.15154715,0.15158821,8809,8942,133
A_Rose_for_Emily,0.15154715,0.15158821,8810,8943,133
"Absalom,_Absalom%21",0.15154715,0.15158821,8811,8944,133
As_I_Lay_Dying_(novel),0.15154715,0.15158821,8812,8945,133
"Go_Down,_Moses",0.15154715,0.15158821,8813,8946,133
Light_in_August,0.15154715,0.15158821,8814,8947,133
Mosquitoes_(novel),0.15154715,0.15158821,8815,8948,133
Requiem_for_a_Nun,0.15154715,0.15158821,8816,8949,133
Sanctuary_(Faulkner_novel),0.15154715,0.15158821,8817,8950,133
Sartoris,0.15154715,0.15158821,8818,8951,133
The_Hamlet,0.15154715,0.15158821,8819,8952,133
"The_Long,_Hot_Summer_(TV_series)",0.15154715,0.15158821,8820,8953,133
The_Mansion_(novel),0.15154715,0.15158821,8821,8954,133
The_Town_(1957_novel),0.15154715,0.15158821,8822,8955,133
The_Unvanquished,0.15154715,0.15158821,8823,8956,133
%C5%81KS_%C5%81%C3%B3d%C5%BA,0.15154413,0.15219828,8824,8776,-48
A.D._Ovarense,0.15154413,0.15219828,8825,8777,-48
Albacete_Balompi%C3%A9,0.15154413,0.15219828,8826,8778,-48
Bolton_Wanderers_F.C.,0.15154413,0.15219828,8827,8779,-48
C.D._Feirense,0.15154413,0.15219828,8828,8780,-48
CA_Osasuna,0.15154413,0.15219828,8829,8781,-48
Cerezo_Osaka,0.15154413,0.15219828,8830,8782,-48
Crystal_Palace_F.C.,0.15154413,0.15219828,8831,8783,-48
Elche_CF,0.15154413,0.15219828,8832,8784,-48
F.C._Vizela,0.15154413,0.15219828,8833,8785,-48
FC_Rot-Wei%C3%9F_Erfurt,0.15154413,0.15219828,8834,8786,-48
FK_Budu%C4%87nost_Podgorica,0.15154413,0.15219828,8835,8787,-48
FK_Partizan,0.15154413,0.15219828,8836,8788,-48
FK_Smederevo,0.15154413,0.15219828,8837,8789,-48
G.D._Chaves,0.15154413,0.15219828,8838,8790,-48
G.D._Estoril_Praia,0.15154413,0.15219828,8839,8791,-48
Gondomar_S.C.,0.15154413,0.15219828,8840,8792,-48
SC_Freiburg,0.15154413,0.15219828,8841,8793,-48
AS_Beauvais_Oise,0.15154413,0.15219828,8842,8794,-48
Aliados_Lordelo_F.C.,0.15154413,0.15219828,8843,8795,-48
Alicante_CF,0.15154413,0.15219828,8844,8796,-48
CA_Osasuna_B,0.15154413,0.15219828,8845,8797,-48
CD_Legan%C3%A9s,0.15154413,0.15219828,8846,8798,-48
CS_Sedan_Ardennes,0.15154413,0.15219828,8847,8799,-48
FK_Bokelj,0.15154413,0.15219828,8848,8800,-48
FK_Gostivar,0.15154413,0.15219828,8849,8801,-48
FK_Mladost_Carev_Dvor,0.15154413,0.15219828,8850,8802,-48
FK_Novaci,0.15154413,0.15219828,8851,8803,-48
FK_Obili%C4%87,0.15154413,0.15219828,8852,8804,-48
FK_Pobeda,0.15154413,0.15219828,8853,8805,-48
FK_Sutjeska_Nik%C5%A1i%C4%87,0.15154413,0.15219828,8854,8806,-48
Gap_FC,0.15154413,0.15219828,8855,8807,-48
Gaz%C3%A9lec_Ajaccio,0.15154413,0.15219828,8856,8808,-48
Gen%C3%AAts_Anglet,0.15154413,0.15219828,8857,8809,-48
KS_Kastrioti,0.15154413,0.15219828,8858,8810,-48
Montenegro_national_football_team,0.15154413,0.15219828,8859,8811,-48
Montpellier_HSC,0.15154413,0.15219828,8860,8812,-48
Runcorn_F.C._Halton,0.15154413,0.15219828,8861,8813,-48
SC_Vianense,0.15154413,0.15219828,8862,8814,-48
Senshu_University,0.15154413,0.15219828,8863,8815,-48
Shonan_Bellmare,0.15154413,0.15219828,8864,8816,-48
Spain_national_under-18_football_team,0.15154413,0.15219828,8865,8817,-48
Stuttgarter_Kickers,0.15154413,0.15219828,8866,8818,-48
Stuttgarter_Kickers_II,0.15154413,0.15219828,8867,8819,-48
Tokushima_Vortis,0.15154413,0.15219828,8868,8820,-48
U.S.C._Paredes,0.15154413,0.15219828,8869,8821,-48
UE_Lleida,0.15154413,0.15219828,8870,8822,-48
VfR_Pforzheim,0.15154413,0.15219828,8871,8823,-48
Villarreal_CF,0.15154413,0.15219828,8872,8824,-48
Volta_Redonda_Futebol_Clube,0.15154413,0.15219828,8873,8825,-48
Xerez_CD,0.15154413,0.15219828,8874,8826,-48
York_City_F.C.,0.15154413,0.15219828,8875,8827,-48
Kwame_Raoul,0.15142173,0.15170112,8876,8865,-11
Roland_Burris,0.15142173,0.15170112,8877,8866,-11
A_Scanner_Darkly_(film),0.15140765,0.15153333,8878,8957,79
Blade_Runner,0.15140765,0.15153333,8879,8958,79
Confessions_of_a_Crap_Artist,0.15140765,0.15153333,8880,8960,80
Deus_Irae,0.15140765,0.15153333,8881,8962,81
Minority_Report_(film),0.15140765,0.15153333,8882,8967,85
A_Handful_of_Darkness,0.15140765,0.15153333,8883,8968,85
A_Maze_of_Death,0.15140765,0.15153333,8884,8969,85
A_Scanner_Darkly,0.15140765,0.15153333,8885,8970,85
A_Time_for_George_Stavros,0.15140765,0.15153333,8886,8971,85
A_World_of_Talent,0.15140765,0.15153333,8887,8972,85
Beyond_Lies_the_Wub_(collection),0.15140765,0.15153333,8888,8973,85
Clans_of_the_Alphane_Moon,0.15140765,0.15153333,8889,8974,85
Confessions_d%27un_Barjo,0.15140765,0.15153333,8890,8975,85
Counter-Clock_World,0.15140765,0.15153333,8891,8976,85
Do_Androids_Dream_of_Electric_Sheep%3F,0.15140765,0.15153333,8892,8977,85
"Dr._Bloodmoney,_or_How_We_Got_Along_After_the_Bomb",0.15140765,0.15153333,8893,8978,85
Dr._Futurity,0.15140765,0.15153333,8894,8979,85
Eye_in_the_Sky_(novel),0.15140765,0.15153333,8895,8980,85
Faith_of_Our_Fathers,0.15140765,0.15153333,8896,8981,85
"Flow_My_Tears,_the_Policeman_Said",0.15140765,0.15153333,8897,8982,85
Galactic_Pot-Healer,0.15140765,0.15153333,8898,8983,85
Gather_Yourselves_Together,0.15140765,0.15153333,8899,8984,85
Humpty_Dumpty_in_Oakland,0.15140765,0.15153333,8900,8985,85
I_Hope_I_Shall_Arrive_Soon_(collection),0.15140765,0.15153333,8901,8986,85
In_Milton_Lumky_Territory,0.15140765,0.15153333,8902,8987,85
Minority_Report_(2002_collection),0.15140765,0.15153333,8903,8988,85
Now_Wait_for_Last_Year,0.15140765,0.15153333,8904,8989,85
Our_Friends_from_Frolix_8,0.15140765,0.15153333,8905,8990,85
Paycheck_(collection),0.15140765,0.15153333,8906,8991,85
Pilgrim_on_the_Hill,0.15140765,0.15153333,8907,8992,85
Puttering_About_in_a_Small_Land,0.15140765,0.15153333,8908,8993,85
Radio_Free_Albemuth,0.15140765,0.15153333,8909,8994,85
Rick_Deckard,0.15140765,0.15153333,8910,8995,85
Second_Variety,0.15140765,0.15153333,8911,8996,85
Second_Variety_(1989_collection),0.15140765,0.15153333,8912,8997,85
Second_Variety_(1991_collection),0.15140765,0.15153333,8913,8998,85
Selected_Stories_of_Philip_K._Dick,0.15140765,0.15153333,8914,8999,85
Solar_Lottery,0.15140765,0.15153333,8915,9000,85
The_Best_of_Philip_K._Dick,0.15140765,0.15153333,8916,9001,85
The_Book_of_Philip_K._Dick,0.15140765,0.15153333,8917,9002,85
The_Broken_Bubble,0.15140765,0.15153333,8918,9003,85
The_Collected_Stories_of_Philip_K._Dick,0.15140765,0.15153333,8919,9004,85
The_Cosmic_Puppets,0.15140765,0.15153333,8920,9005,85
The_Crack_in_Space,0.15140765,0.15153333,8921,9006,85
The_Dark_Haired_Girl,0.15140765,0.15153333,8922,9007,85
The_Days_of_Perky_Pat_(collection),0.15140765,0.15153333,8923,9008,85
The_Divine_Invasion,0.15140765,0.15153333,8924,9009,85
The_Exegesis_of_Philip_K._Dick,0.15140765,0.15153333,8925,9010,85
The_Eye_of_the_Sibyl_(collection),0.15140765,0.15153333,8926,9011,85
The_Father-Thing_(collection),0.15140765,0.15153333,8927,9012,85
The_Ganymede_Takeover,0.15140765,0.15153333,8928,9013,85
The_Golden_Man_(collection),0.15140765,0.15153333,8929,9014,85
The_Last_of_the_Masters,0.15140765,0.15153333,8930,9015,85
The_Little_Black_Box_(collection),0.15140765,0.15153333,8931,9016,85
The_Man_Who_Japed,0.15140765,0.15153333,8932,9017,85
The_Man_Whose_Teeth_Were_All_Exactly_Alike,0.15140765,0.15153333,8933,9018,85
The_Man_in_the_High_Castle,0.15140765,0.15153333,8934,9019,85
The_Minority_Report_(collection),0.15140765,0.15153333,8935,9020,85
The_Penultimate_Truth,0.15140765,0.15153333,8936,9021,85
The_Philip_K._Dick_Reader,0.15140765,0.15153333,8937,9022,85
The_Preserving_Machine,0.15140765,0.15153333,8938,9023,85
The_Short_Happy_Life_of_the_Brown_Oxford_(collection),0.15140765,0.15153333,8939,9024,85
The_Simulacra,0.15140765,0.15153333,8940,9025,85
The_Three_Stigmata_of_Palmer_Eldritch,0.15140765,0.15153333,8941,9026,85
The_Transmigration_of_Timothy_Archer,0.15140765,0.15153333,8942,9027,85
The_Unteleported_Man,0.15140765,0.15153333,8943,9028,85
The_Variable_Man_(collection),0.15140765,0.15153333,8944,9029,85
The_World_Jones_Made,0.15140765,0.15153333,8945,9030,85
The_Zap_Gun,0.15140765,0.15153333,8946,9031,85
Time_Out_of_Joint,0.15140765,0.15153333,8947,9032,85
Total_Recall,0.15140765,0.15153333,8948,9033,85
Ubik,0.15140765,0.15153333,8949,9034,85
VALIS,0.15140765,0.15153333,8950,9035,85
VALIS_trilogy,0.15140765,0.15153333,8951,9036,85
Vintage_PKD,0.15140765,0.15153333,8952,9037,85
Voices_from_the_Street,0.15140765,0.15153333,8953,9038,85
Vulcan%27s_Hammer,0.15140765,0.15153333,8954,9039,85
We_Can_Build_You,0.15140765,0.15153333,8955,9040,85
We_Can_Remember_It_for_You_Wholesale,0.15140765,0.15153333,8956,9041,85
We_Can_Remember_It_for_You_Wholesale_(collection),0.15140765,0.15153333,8957,9042,85
Blair_Mastbaum,0.15139376,0.15203966,8958,8829,-129
Janet_Fitch,0.15139376,0.15203966,8959,8848,-111
Jim_Thompson_(writer),0.15139376,0.15203966,8960,8849,-111
M%C3%A1rio_de_S%C3%A1-Carneiro,0.15139376,0.15203966,8961,8850,-111
M._T._Vasudevan_Nair,0.15139376,0.15203966,8962,8851,-111
Mario_Puzo,0.15139376,0.15203966,8963,8852,-111
Mikhail_Artsybashev,0.15139376,0.15203966,8964,8853,-111
Na%27im_Akbar,0.15139376,0.15203966,8965,8854,-111
Octave_Mirbeau,0.15139376,0.15203966,8966,8855,-111
wordnet_finance_101098698,0.15121492,0.15851064,8967,8183,-784
wordnet_programming_100928947,0.15121492,0.15851064,8968,8184,-784
Alabama_Air_National_Guard,0.15118728,0.15170112,8969,8856,-113
Alaska_Air_National_Guard,0.15118728,0.15170112,8970,8857,-113
Arizona_Air_National_Guard,0.15118728,0.15170112,8971,8858,-113
Arkansas_Air_National_Guard,0.15118728,0.15170112,8972,8859,-113
Arkansas_Army_National_Guard,0.15118728,0.15170112,8973,8860,-113
California_Air_National_Guard,0.15118728,0.15170112,8974,8868,-106
Colorado_Air_National_Guard,0.15118728,0.15170112,8975,8869,-106
Connecticut_Air_National_Guard,0.15118728,0.15170112,8976,8870,-106
Delaware_Air_National_Guard,0.15118728,0.15170112,8977,8871,-106
District_of_Columbia_Air_National_Guard,0.15118728,0.15170112,8978,8872,-106
Florida_Air_National_Guard,0.15118728,0.15170112,8979,8873,-106
Georgia_Air_National_Guard,0.15118728,0.15170112,8980,8874,-106
Hawaii_Air_National_Guard,0.15118728,0.15170112,8981,8875,-106
Idaho_Air_National_Guard,0.15118728,0.15170112,8982,8876,-106
Illinois_Air_National_Guard,0.15118728,0.15170112,8983,8877,-106
Indiana_Air_National_Guard,0.15118728,0.15170112,8984,8878,-106
Iowa_Air_National_Guard,0.15118728,0.15170112,8985,8879,-106
Kansas_Air_National_Guard,0.15118728,0.15170112,8986,8880,-106
Kentucky_Air_National_Guard,0.15118728,0.15170112,8987,8881,-106
Louisiana_Air_National_Guard,0.15118728,0.15170112,8988,8882,-106
Maine_Air_National_Guard,0.15118728,0.15170112,8989,8883,-106
Maryland_Air_National_Guard,0.15118728,0.15170112,8990,8884,-106
Massachusetts_Air_National_Guard,0.15118728,0.15170112,8991,8885,-106
Michigan_Air_National_Guard,0.15118728,0.15170112,8992,8886,-106
Minnesota_Air_National_Guard,0.15118728,0.15170112,8993,8887,-106
Mississippi_Air_National_Guard,0.15118728,0.15170112,8994,8888,-106
Missouri_Air_National_Guard,0.15118728,0.15170112,8995,8889,-106
Montana_Air_National_Guard,0.15118728,0.15170112,8996,8890,-106
Nebraska_Air_National_Guard,0.15118728,0.15170112,8997,8891,-106
Nevada_Air_National_Guard,0.15118728,0.15170112,8998,8892,-106
New_Hampshire_Air_National_Guard,0.15118728,0.15170112,8999,8893,-106
New_Jersey_Air_National_Guard,0.15118728,0.15170112,9000,8894,-106
New_Mexico_Air_National_Guard,0.15118728,0.15170112,9001,8895,-106
New_York_Air_National_Guard,0.15118728,0.15170112,9002,8896,-106
North_Carolina_Air_National_Guard,0.15118728,0.15170112,9003,8897,-106
North_Dakota_Air_National_Guard,0.15118728,0.15170112,9004,8898,-106
Office_of_the_President-Elect,0.15118728,0.15170112,9005,8899,-106
Ohio_Air_National_Guard,0.15118728,0.15170112,9006,8900,-106
Oklahoma_Air_National_Guard,0.15118728,0.15170112,9007,8901,-106
Oregon_Air_National_Guard,0.15118728,0.15170112,9008,8902,-106
Pennsylvania_Air_National_Guard,0.15118728,0.15170112,9009,8903,-106
Rhode_Island_Air_National_Guard,0.15118728,0.15170112,9010,8904,-106
South_Carolina_Air_National_Guard,0.15118728,0.15170112,9011,8905,-106
South_Dakota_Air_National_Guard,0.15118728,0.15170112,9012,8906,-106
Tennessee_Air_National_Guard,0.15118728,0.15170112,9013,8907,-106
Texas_Air_National_Guard,0.15118728,0.15170112,9014,8908,-106
Uniformed_services_of_the_United_States,0.15118728,0.15170112,9015,8909,-106
United_States_Air_Force,0.15118728,0.15170112,9016,8910,-106
United_States_Armed_Forces,0.15118728,0.15170112,9017,8911,-106
Utah_Air_National_Guard,0.15118728,0.15170112,9018,8912,-106
Vermont_Air_National_Guard,0.15118728,0.15170112,9019,8913,-106
Virgin_Islands_Air_National_Guard,0.15118728,0.15170112,9020,8914,-106
Virginia_Air_National_Guard,0.15118728,0.15170112,9021,8915,-106
Washington_Air_National_Guard,0.15118728,0.15170112,9022,8916,-106
West_Virginia_Air_National_Guard,0.15118728,0.15170112,9023,8917,-106
West_Virginia_National_Guard,0.15118728,0.15170112,9024,8918,-106
Wisconsin_Air_National_Guard,0.15118728,0.15170112,9025,8919,-106
Wyoming_Air_National_Guard,0.15118728,0.15170112,9026,8920,-106
F._Sionil_Jos%C3%A9,0.15111331,0.15158821,9027,8922,-105
Genevieve_Pou,0.15111331,0.15158821,9028,8924,-104
George_R._R._Martin,0.15111331,0.15158821,9029,8925,-104
Harper_Lee,0.15111331,0.15158821,9030,8926,-104
Jonathan_Rosenbaum,0.15111331,0.15158821,9031,8927,-104
Robert_Flynn_(author),0.15111331,0.15158821,9032,8931,-101
Thomas_King_(novelist),0.15111331,0.15158821,9033,8939,-94
"New_Albany,_Mississippi",0.15104247,0.15158821,9034,8929,-105
Charlie_Kaufman,0.15101293,0.15153333,9035,8959,-76
David_Barr_Kirtley,0.15101293,0.15153333,9036,8961,-75
El-P,0.15101293,0.15153333,9037,8963,-74
James_Blaylock,0.15101293,0.15153333,9038,8964,-74
James_Burr,0.15101293,0.15153333,9039,8965,-74
Joss_Whedon,0.15101293,0.15153333,9040,8966,-74
Rodrigo_Fres%C3%A1n,0.15101293,0.15153333,9041,9045,4
Satoshi_Kon,0.15101293,0.15153333,9042,9046,4
Terry_Gilliam,0.15101293,0.15153333,9043,9047,4
Tim_Powers,0.15101293,0.15153333,9044,9048,4
Ecce_Homo_(book),0.15097128,0.15110492,9045,9058,13
"Human,_All_Too_Human",0.15097128,0.15110492,9046,9059,13
Nietzsche_contra_Wagner,0.15097128,0.15110492,9047,9060,13
On_the_Genealogy_of_Morality,0.15097128,0.15110492,9048,9061,13
The_Antichrist_(book),0.15097128,0.15110492,9049,9062,13
The_Birth_of_Tragedy,0.15097128,0.15110492,9050,9063,13
The_Dawn_(book),0.15097128,0.15110492,9051,9064,13
The_Gay_Science,0.15097128,0.15110492,9052,9065,13
Thus_Spoke_Zarathustra,0.15097128,0.15110492,9053,9066,13
Twilight_of_the_Idols,0.15097128,0.15110492,9054,9067,13
"Byhalia,_Mississippi",0.15089854,0.15158821,9055,8921,-134
Nobel_Peace_Prize,0.15088148,0.15170112,9056,8867,-189
"Santa_Ana,_California",0.15081753,0.15153333,9057,9043,-14
Graoully_d%27or,0.15074191,0.15153333,9058,9044,-14
%C3%89mile_Armand,0.15069892,0.15110492,9059,9049,-10
Alfred_D%C3%B6blin,0.15069892,0.15110492,9060,9050,-10
Andr%C3%A9_Gide,0.15069892,0.15110492,9061,9051,-10
Anthony_Ludovici,0.15069892,0.15110492,9062,9052,-10
Antonin_Artaud,0.15069892,0.15110492,9063,9053,-10
Bernard_Williams,0.15069892,0.15110492,9064,9054,-10
Dimitris_Liantinis,0.15069892,0.15110492,9065,9055,-10
Dragotin_Kette,0.15069892,0.15110492,9066,9056,-10
Emma_Goldman,0.15069892,0.15110492,9067,9057,-10
Gabriele_D%27Annunzio,0.15069892,0.15110492,9068,9069,1
Georg_Brandes,0.15069892,0.15110492,9069,9070,1
Gottfried_Benn,0.15069892,0.15110492,9070,9071,1
Joan_Maragall,0.15069892,0.15110492,9071,9072,1
Kenneth_Burke,0.15069892,0.15110492,9072,9073,1
Lily_Braun,0.15069892,0.15110492,9073,9074,1
Maurice_Barr%C3%A8s,0.15069892,0.15110492,9074,9075,1
Max_Scheler,0.15069892,0.15110492,9075,9076,1
Micha_Josef_Berdyczewski,0.15069892,0.15110492,9076,9077,1
Mikhail_Bakhtin,0.15069892,0.15110492,9077,9078,1
Oswald_Spengler,0.15069892,0.15110492,9078,9079,1
P%C3%ADo_Baroja,0.15069892,0.15110492,9079,9080,1
Paul_Val%C3%A9ry,0.15069892,0.15110492,9080,9081,1
Pierre_Drieu_La_Rochelle,0.15069892,0.15110492,9081,9082,1
Scipio_Slataper,0.15069892,0.15110492,9082,9083,1
Tatsuji_Miyoshi,0.15069892,0.15110492,9083,9084,1
Weimar,0.15056409,0.15110492,9084,9068,-16
Amor_fati,0.15052160,0.15110492,9085,9088,3
Last_man,0.15052160,0.15110492,9086,9089,3
Nietzschean_affirmation,0.15052160,0.15110492,9087,9090,3
Ressentiment,0.15052160,0.15110492,9088,9091,3
Transvaluation_of_values,0.15052160,0.15110492,9089,9092,3
Tschandala,0.15052160,0.15110492,9090,9093,3
Will_to_power,0.15052160,0.15110492,9091,9094,3
Anti-foundationalism,0.15037539,0.15110492,9092,9085,-7
Fact%2013value_distinction,0.15037539,0.15110492,9093,9086,-7
Voluntarism_(metaphysics),0.15037539,0.15110492,9094,9087,-7
Afghan_detainees_at_Guantanamo_Bay,0.15000000,0.15000000,9095,9095,0
Auschwitz_concentration_camp,0.15000000,0.15000000,9096,9096,0
Jesus,0.15000000,0.15000000,9097,9097,0
Polycephaly,0.15000000,0.15000000,9098,9098,0
Saudi_detainees_at_Guantanamo_Bay,0.15000000,0.15000000,9099,9099,0
September_11_attacks,0.15000000,0.15000000,9100,9100,0
Taymyrsky_Dolgano-Nenetsky_District,0.15000000,0.15000000,9101,9101,0
Yemeni_detainees_at_Guantanamo_Bay,0.15000000,0.15000000,9102,9102,0
