node,entropy_weighted,unweighted,rank_weighted,rank_unweighted,rank_shift
Germany,12.20611571,33.10211288,1,1,0
United_States,7.19833458,26.16301169,2,2,0
France,6.15789118,23.53551686,3,4,1
Switzerland,4.70088735,24.15175313,4,3,-1
Italy,4.39299543,10.84097064,5,10,5
India,3.63632315,8.37209130,6,14,8
British_Raj,3.62067159,6.62276688,7,18,11
Russia,3.47137405,8.18643251,8,15,7
Paris,3.41114100,11.57145814,9,7,-2
Poland,2.91799897,7.13151102,10,16,6
Turkey,2.89392717,6.38700772,11,19,8
Netherlands,2.77197640,10.19869262,12,11,-1
Berlin,2.73351132,5.91112042,13,23,10
Washington_u002C__D_u002E_C_u002E_,2.58811269,13.38049467,14,6,-8
China,2.50794742,6.12456301,15,20,5
United_Nations_generic_instance,2.38523985,10.87622827,16,9,-7
Geneva,2.29767520,11.45651286,17,8,-9
Japan,2.29530830,5.01272563,18,33,15
Belgium,2.24047726,8.62417725,19,12,-7
Ukraine,2.23701198,4.60449337,20,36,16
Rome,2.14579248,3.95489469,21,50,29
Austria,1.75626864,6.66654484,22,17,-5
Republic_of_Ireland,1.72927544,5.11222442,23,30,7
UNESCO,1.67932877,5.67445345,24,24,0
Climate_Alliance,1.59549531,4.41557928,25,39,14
League_of_Historical_Cities,1.57986825,5.40359902,26,26,0
International_Telecommunication_Union,1.53014261,5.98966600,27,21,-6
Greater_London,1.51979279,4.42077788,28,38,10
Humboldt_University_of_Berlin,1.50756893,2.44830485,29,96,67
Spain,1.47921292,4.19366391,30,44,14
International_Bank_for_Reconstruction_and_Development,1.46597739,5.95777150,31,22,-9
Interpol,1.46278368,5.34692288,32,27,-5
Sweden,1.43654774,3.82441020,33,52,19
World_Health_Organization,1.42237988,5.23944305,34,28,-6
Universal_Postal_Union,1.41234258,5.22250472,35,29,-6
Organisation_for_the_Prohibition_of_Chemical_Weapons,1.38101796,5.04117106,36,32,-4
World_Meteorological_Organization,1.37272048,5.10753086,37,31,-6
Jaitpur_State,1.34990706,2.98847618,38,73,35
Atlantic_Ocean,1.34848618,3.77018223,39,54,15
New_Delhi,1.34150783,3.09373396,40,69,29
London,1.33466346,3.18943521,41,64,23
World_Trade_Organization,1.28935122,4.85546554,42,35,-7
World_Bank,1.27214635,8.53841037,43,13,-30
Moscow,1.25635008,3.01755268,44,70,26
Multilateral_Investment_Guarantee_Agency,1.25464620,4.39132928,45,40,-5
Leipzig,1.25303696,2.19531441,46,103,57
International_Finance_Corporation,1.24262398,4.30222972,47,42,-5
City_of_Brussels,1.21137971,4.03880119,48,47,-1
International_Development_Association,1.20643458,4.25174209,49,43,-6
Group_on_Earth_Observations,1.18565526,4.48697705,50,37,-13
Munich,1.18555835,1.84959084,51,126,75
Canada,1.16643214,3.30251492,52,62,10
The_Hague,1.14477009,3.96151855,53,49,-4
European_Union,1.07209218,3.47476513,54,60,6
International_Centre_for_Settlement_of_Investment_Disputes,1.07095144,3.77121285,55,53,-2
German_language_generic_instance,1.05771718,5.49653678,56,25,-31
Soviet_Union,1.05491532,1.85774331,57,125,68
Empire_of_Japan,1.05019362,1.85813864,58,124,66
North_Sea,1.04797356,3.01517737,59,71,12
North_Macedonia,1.04693634,2.14493065,60,107,47
Mediterranean_Sea,1.01727219,2.12950492,61,110,49
Dublin,1.01426987,3.97459430,62,48,-14
European_University_Association,1.01350520,1.73564378,63,134,71
International_Hydrographic_Organization,1.01222151,3.62161621,64,56,-8
Organization_for_Security_and_Co-operation_in_Europe,0.99897996,3.62058925,65,57,-8
Essex,0.95692274,2.67070914,66,86,20
Buckinghamshire,0.95229649,2.75867641,67,80,13
Denmark,0.95110009,2.86100000,68,76,8
Warsaw,0.94987179,1.64181226,69,140,71
Surrey,0.93353005,2.70234499,70,83,13
Beijing,0.92500256,1.88765262,71,121,50
Czech_Republic,0.91997629,2.25007966,72,99,27
Ecuador,0.91032000,2.07892615,73,112,39
Monaco,0.90646641,4.04603709,74,46,-28
Council_of_Europe,0.89424588,3.72980390,75,55,-20
Mayors_for_Peace,0.88545933,2.14831079,76,106,30
Seine__u0028_department_u0029_,0.87762269,2.61455628,77,87,10
Hertfordshire,0.86806844,2.50204798,78,92,14
OECD,0.86447446,3.57902666,79,58,-21
Istanbul,0.86061279,1.81437481,80,129,49
Nuclear_Suppliers_Group,0.85438486,3.19753675,81,63,-18
Bern,0.85325797,3.85667168,82,51,-31
Baltic_Sea,0.84862846,1.75843936,83,133,50
Naples,0.84314884,1.29874432,84,166,82
English_language_generic_instance,0.84098132,5.00437205,85,34,-51
East_Germany,0.83882206,1.86405625,86,123,37
Greece,0.83221349,1.83763364,87,127,40
Cambridge,0.82981249,2.13142190,88,109,21
Eurocontrol,0.82816924,3.17125307,89,66,-23
Asian_Development_Bank,0.81293905,2.99750426,90,72,-18
Romania,0.80631483,1.70437724,91,135,44
Philippines,0.79319518,3.09955084,92,68,-24
Vienna,0.79273719,4.14229644,93,45,-48
International_Atomic_Energy_Agency,0.79087919,3.50951037,94,59,-35
Berkshire,0.77857721,2.19211166,95,104,9
Australia_Group,0.77797809,2.96559844,96,75,-21
International_Energy_Agency,0.77711730,3.17603243,97,65,-32
Hungary,0.76881378,2.49884064,98,93,-5
Ottoman_Empire,0.76158086,1.61394738,99,142,43
Luxembourg,0.75356995,2.22543778,100,100,0
Danube,0.74933296,1.87391578,101,122,21
Brazil,0.74895795,1.58632002,102,146,44
Sheffield,0.73558117,1.95425847,103,119,16
Frederick_William_University_Q20266330,0.73120660,1.09899222,104,208,104
Missile_Technology_Control_Regime,0.72939001,2.75122815,105,81,-24
Singapore,0.72343339,2.17448237,106,105,-1
Brussels_Metropolitan_Area_Q9005,0.72162537,2.48769119,107,95,-12
Bulgaria,0.71433865,1.82411697,108,128,20
Pacific_Ocean,0.71330238,1.76660378,109,132,23
Research_Data_Alliance,0.71254431,2.83744789,110,77,-33
NATO,0.70966142,2.60266087,111,88,-23
Brandenburg,0.70883788,1.61349704,112,143,31
Kent,0.70844421,1.96620532,113,117,4
Republic_of_China__u0028_1912_u2013_1949_u0029_,0.69851114,1.29976283,114,165,51
Potomac_River,0.69031834,3.11698455,115,67,-48
Rhine,0.68678570,1.68464376,116,138,22
Montgomery_County_u002C__Maryland,0.68573064,3.32959161,117,61,-56
Movement_Coordination_Centre_Europe,0.68098386,2.52451791,118,91,-27
African_Development_Bank,0.68050223,2.58503947,119,90,-29
Hanover,0.67943610,1.12856872,120,197,77
Slovakia,0.66341269,1.54981682,121,150,29
Informationsdienst_Wissenschaft,0.65901315,1.21764587,122,183,61
Seine,0.65409519,1.40346541,123,156,33
Tokyo,0.65065891,1.08779904,124,212,88
Houlin_Zhao,0.63853043,2.69560805,125,84,-41
Male_gender,0.63806518,15.41833123,126,5,-121
Austria-Hungary,0.63307260,1.18836218,127,187,60
Bologna,0.63212132,0.95052167,128,242,114
Hauts-de-Seine,0.61567736,1.68657746,129,137,8
Lesser_Poland_Voivodeship,0.61487886,1.33517147,130,164,34
Israel,0.60933847,1.25926429,131,172,41
Latvia,0.60699080,1.24603117,132,174,42
International_Civil_Defence_Organization,0.60331516,2.04726236,133,114,-19
Cambridgeshire,0.60173081,1.76667233,134,131,-3
G20,0.60158514,2.12103258,135,111,-24
Fairfax_County_u002C__Virginia,0.60061548,2.78766742,136,78,-58
International_waters,0.59200502,2.13768304,137,108,-29
Colombia,0.58996350,1.10012068,138,207,69
Prince_George_u0027_s_County_u002C__Maryland,0.58954194,2.76910342,139,79,-60
Georgia__u0028_country_u0029_,0.58802017,1.22097878,140,180,40
Val-de-Marne,0.58601042,1.58051898,141,147,6
South_Korea,0.58240201,1.21557812,142,184,42
Paraguay,0.58211716,1.03475743,143,221,78
Albania,0.57963030,1.23919580,144,177,33
Peru,0.57429873,1.14239570,145,194,49
Russian_Empire,0.57333296,0.96180626,146,237,91
Kristalina_Georgieva,0.57021442,2.20734444,147,101,-46
European_Space_Agency,0.56955815,2.19842731,148,102,-46
Confederation_Of_Open_Access_Repositories_Q48789578,0.56626370,2.44732319,149,97,-52
North_Korea,0.56516024,1.19226595,150,186,36
Saxony,0.55869058,1.17171868,151,190,39
Seine-Saint-Denis,0.55746996,1.49869220,152,152,0
Sgv-Acs_Q21122037,0.55696190,1.21369890,153,185,32
Kosovo,0.55502041,1.07735322,154,213,59
Belarus,0.55043668,1.14492891,155,192,37
Cambridge_Q21713103,0.54968913,1.40355192,156,155,-1
Havel,0.54915282,1.06302026,157,217,60
Arlington_County_u002C__Virginia,0.54590535,2.49314338,158,94,-64
Saint_Petersburg,0.54518352,0.87974587,159,263,104
Paul_Martin,0.54268395,1.95287769,160,120,-40
Barton_u002C__Australian_Capital_Territory,0.54244002,2.67075868,161,85,-76
Black_Sea,0.54210749,1.12242165,162,199,37
Nobel_Peace_Prize_generic_instance,0.53932451,2.59328048,163,89,-74
Melbourne,0.53904541,1.27318009,164,168,4
Kazakhstan,0.53167803,1.00478718,165,222,57
Committee_for_the_Coordination_of_Statistical_Activities,0.52815092,1.80641135,166,130,-36
Metropolitan_City_of_Naples,0.52802380,0.93337722,167,244,77
Nepal,0.52707491,1.14260502,168,193,25
Lithuania,0.52431083,1.06430732,169,216,47
European_Payments_Union,0.52405947,2.04261429,170,116,-54
Finland,0.51986000,0.97399770,171,232,61
Munich__u0028_district_u0029_,0.51902649,0.82710635,172,279,107
Lyon,0.51894024,2.42244222,173,98,-75
Masovian_Voivodeship,0.51843846,0.99303653,174,225,51
Frankfurt,0.51473546,1.56004489,175,149,-26
Leipzig__u0028_district_u0029_,0.51337037,0.89932990,176,256,80
Spree__u0028_river_u0029_,0.50624644,0.89681707,177,257,80
Madrid,0.50616852,1.26813749,178,170,-8
East_Berlin,0.50234493,0.90073892,179,255,76
Hebei,0.50220683,0.96008532,180,238,58
Palace_of_Europe,0.50024721,2.05381828,181,113,-68
Pakistan,0.49770024,0.92184338,182,248,66
South_Holland,0.48989051,1.34531165,183,163,-20
University_of_Göttingen,0.48986006,0.71871271,184,335,151
Serbia,0.48851749,1.09487505,185,209,24
Nordsachsen,0.48622773,0.86608101,186,267,81
Alexandria_u002C__Virginia,0.48522558,2.04675031,187,115,-72
German_National_Research_Data_Infrastructure_Q105757481,0.48424488,0.83473765,188,276,88
Metropolitan_City_of_Bologna,0.48279909,0.84811435,189,272,83
Ankara,0.48249891,0.89393186,190,258,68
It-Planungsrat_Q1654951,0.48102642,1.26172161,191,171,-20
Vistula,0.48049596,0.79481436,192,296,104
Mexico_City,0.48022531,0.91955266,193,249,56
Grottaferrata,0.47989291,0.72963072,194,330,136
Mongolia,0.47875739,0.91412005,195,250,55
Baetic_Depression,0.47744771,1.21821830,196,182,-14
Manila,0.47619588,1.38262244,197,157,-40
Taiwan,0.47499134,0.93039667,198,246,48
Liechtenstein,0.47253502,1.36343047,199,160,-39
Estonia,0.47237849,0.88834614,200,259,59
American_Academy_of_Arts_and_Sciences,0.46924937,0.68777874,201,350,149
Victoria__u0028_state_u0029_,0.46887115,1.10399450,202,205,3
International_Association_of_Scientific_u002C__Technical_u002C__and_Medical_Publishers,0.46767971,1.61319183,203,144,-59
Philadelphia,0.46523445,0.74697831,204,322,118
G8_Q37143,0.46476519,1.63369586,205,141,-64
Elbe,0.45920946,0.83902701,206,275,69
Andorra,0.45744995,1.04430759,207,219,12
Scotland,0.45736502,0.85073985,208,270,62
Organisation_internationale_de_la_Francophonie,0.45656975,1.70089403,209,136,-73
League_of_Nations_generic_instance,0.45443506,1.12125517,210,200,-10
Histon_And_Impington_Q1779149,0.45225023,1.05585430,211,218,7
Skopje,0.45193999,0.69704529,212,345,133
Arth,0.45177707,0.55302565,213,464,251
United_Nations_Security_Council,0.45119808,1.49330464,214,154,-60
Bayerischer_Städtetag_Q812378,0.44791699,0.66523681,215,365,150
Women_u0027_s_Engineering_Society,0.44716699,0.69085993,216,347,131
Azerbaijan,0.44487875,0.87035183,217,265,48
Valais,0.44407841,1.00414849,218,223,5
Irish_Sea,0.44349975,1.22824611,219,179,-40
New_York_City,0.44281373,0.95353972,220,239,19
Vietnam,0.44274899,0.82123834,221,282,61
Suriname,0.44241770,0.95089851,222,241,19
Piedmont,0.43731137,0.92489632,223,247,24
Quito,0.43633238,0.88532084,224,260,36
French_language_generic_instance,0.43382761,2.72319701,225,82,-143
Tajikistan,0.43194262,0.73788755,226,325,99
Eurasia,0.43152507,0.61223799,227,406,179
German_Reich,0.43094199,0.96582332,228,233,5
European_Air_Transport_Command,0.43089334,1.49462347,229,153,-76
Silesian_Voivodeship,0.42948011,0.81698185,230,285,55
Asia-Pacific_Economic_Cooperation,0.42880830,1.35404077,231,162,-69
Bern-Mittelland__u0028_administrative_district_u0029_,0.42746961,1.24230962,232,175,-57
Bonn,0.42706654,1.06558323,233,215,-18
Monte_Compatri,0.42395917,0.64043191,234,384,150
Afghanistan,0.42179096,0.72432844,235,332,97
Indonesia,0.41985615,0.84687363,236,273,37
Kingdom_of_Bulgaria,0.41975937,0.75712888,237,314,77
Myanmar,0.41932481,0.76640488,238,306,68
English_Channel,0.41892312,1.08972703,239,211,-28
Ivory_Coast,0.41892125,1.57214410,240,148,-92
Kyrgyzstan,0.41644997,0.70976256,241,339,98
German_Rectors_u0027__Conference,0.41625305,0.66730312,242,364,122
Crown_of_Aragon_generic_instance,0.41575398,0.61804426,243,397,154
Montevideo,0.41571847,0.70482923,244,340,96
Oder,0.41421879,0.69209308,245,346,101
Order_of_Lenin,0.41012382,0.72407886,246,333,87
Canberra,0.40922506,0.61467744,247,404,157
Ghana,0.40854517,0.84974927,248,271,23
Stockholm,0.40844719,1.10599974,249,204,-45
Bristol,0.40791050,1.27272854,250,169,-81
Franco-German_University,0.40780374,0.64423674,251,381,130
Network_for_Greening_the_Financial_System,0.40493398,1.13746694,252,195,-57
Warsaw_Pact,0.40385612,0.79115688,253,297,44
Oxford,0.40193067,0.58581886,254,426,172
Russian_language_generic_instance,0.40184477,1.66093946,255,139,-116
Royal_Society,0.40167058,0.59477948,256,420,164
Deutsches_Forschungsnetz,0.40113161,0.62826443,257,390,133
İzmir_Province,0.40108438,0.68309144,258,354,96
Campagnano_di_Roma,0.40069818,0.58471183,259,427,168
Niedersächsischer_Städtetag_Q1988624,0.40001914,0.73016473,260,329,69
Ostermundigen,0.39854509,1.07112234,261,214,-47
Upper_Bavaria,0.39555815,0.73749559,262,326,64
Metro_Manila,0.39449195,1.51268127,263,151,-112
Ticino,0.39281032,0.78484123,264,302,38
Mount_Elbrus,0.39054036,0.97623778,265,231,-34
University_of_Tübingen,0.38895722,0.54583511,266,477,211
Aare,0.38884499,0.81231606,267,286,19
World_Bank_Group,0.38874405,2.97723336,268,74,-194
Moscow_Oblast,0.38768346,0.79967752,269,289,20
Zagarolo,0.38750594,0.57050352,270,441,171
Amsterdam,0.38736325,0.73240243,271,328,57
Cologne,0.38731334,0.67153735,272,361,89
Erzgebirgskreis,0.38674559,0.59071597,273,424,151
London_Borough_of_Camden,0.38624109,0.56747330,274,446,172
Lower_Silesian_Voivodeship,0.38600254,0.65815514,275,371,96
Iran,0.38502089,0.65425184,276,373,97
Independent_politician_generic_instance,0.38457172,0.56560279,277,451,174
European_Coal_and_Steel_Community,0.38250671,1.24208091,278,176,-102
Organization_of_American_States,0.38229274,1.11243557,279,202,-77
Syria,0.38111240,0.68311426,280,353,73
Riga,0.38099059,0.53876078,281,480,199
Potsdam,0.38018081,0.71830187,282,336,54
German_University_Sports_Federation_Q1618604,0.37872893,0.60916076,283,408,125
Croatia,0.37840325,0.75444425,284,315,31
Sea_of_Japan,0.37812241,0.71242627,285,338,53
Arctic_Ocean,0.37794708,0.98571059,286,226,-60
Cambridge_u002C__Massachusetts,0.37767941,0.81889212,287,283,-4
Yamanashi_Prefecture,0.37644056,0.56475587,288,453,165
Monte_Porzio_Catone,0.37544739,0.55828670,289,458,169
ASEAN_Regional_Forum,0.37421663,0.94254467,290,243,-47
German_Archaeological_Institute,0.37350781,0.53283607,291,489,198
Qing_dynasty,0.37342950,0.60052464,292,414,122
Aegean_Sea,0.37335661,0.54633076,293,474,181
West_Germany,0.37259760,0.87414132,294,264,-30
Mount_Everest,0.37142837,0.81230817,295,287,-8
Hanover_Region,0.37110010,0.61449014,296,405,109
Zugspitze,0.37071878,0.97818265,297,230,-67
Nazi_Germany,0.37046234,0.61752569,298,399,101
Barbados,0.36951037,0.98442041,299,227,-72
Mandaluyong,0.36815170,1.17871268,300,189,-111
City_Of_Bristol_Q21693433,0.36702321,1.25122413,301,173,-128
Kangra_State,0.36606633,0.46926070,302,576,274
Tianjin,0.36450599,0.61540411,303,402,99
Kraków,0.36448406,0.68039797,304,356,52
Allied-occupied_Germany,0.36408761,0.74018217,305,324,19
Constantinople,0.36408440,0.76150695,306,311,5
Progressive_Alliance,0.36343241,0.61751730,307,400,93
Social_Democratic_Party_of_Germany,0.36179153,0.54894702,308,468,160
Denali,0.36125159,1.11609112,309,201,-108
River_Thames,0.36121715,0.57970768,310,434,124
Warmian_u2013_Masurian_Voivodeship,0.36060407,0.60407019,311,412,101
Isar,0.36005876,0.48360640,312,557,245
ASEAN,0.35983760,1.18381154,313,188,-125
Neuilly-sur-Seine,0.35983645,0.68820270,314,349,35
Malaysia,0.35927457,0.65240826,315,374,59
Strategic_Airlift_Capability,0.35845880,1.10672500,316,203,-113
Kommunaler_Sozialverband_Sachsen_Q1780354,0.35798623,0.67543886,317,359,42
Laos,0.35767784,0.60048358,318,415,97
Montenegro,0.35629492,0.70317607,319,344,25
Rock_Creek__u0028_Potomac_River_tributary_u0029_,0.35603316,1.36669473,320,159,-161
Volyn_Oblast,0.35573578,0.47582430,321,566,245
Organisation_for_Joint_Armament_Cooperation,0.35545611,1.10127105,322,206,-116
Menemen,0.35534480,0.42014569,323,640,317
Organisation_of_Islamic_Cooperation,0.35524469,0.74309393,324,323,-1
Uruguay,0.35495911,0.68539672,325,351,26
Couperin__u0028_consortium_u0029_,0.35470901,0.81767305,326,284,-42
Skagerrak,0.35451084,0.68984271,327,348,21
Edinburgh,0.35448544,0.64556449,328,380,52
Thessaloniki,0.35410167,0.51716787,329,512,183
Stirling,0.35333676,0.55944873,330,457,127
Anguillara_Sabazia,0.35332813,0.50312571,331,530,199
Greater_Caucasus,0.35259015,0.65562296,332,372,40
Heidelberg_University,0.35220131,0.48400731,333,556,223
Ilmenau,0.35167819,0.42465880,334,633,299
Argentina,0.35064196,0.57733844,335,436,101
European_City_of_the_Trees,0.35021094,1.37539987,336,158,-178
Monterotondo,0.35018290,0.49973037,337,534,197
Muldentalkreis,0.34913192,0.53529875,338,484,146
Council_of_the_Baltic_Sea_States,0.34904321,0.90549636,339,252,-87
Fonte_Nuova,0.34899066,0.49691861,340,538,198
Belgrade,0.34808483,0.52107168,341,508,167
Sacrofano,0.34751568,0.49766484,342,537,195
Río_de_la_Plata,0.34699024,0.49384947,343,542,199
Delitzsch__u0028_district_u0029_,0.34697232,0.53196897,344,491,147
Bangkok,0.34625796,1.60409310,345,145,-200
Kattegat,0.34618783,0.59448391,346,421,75
Palestrina,0.34618322,0.49568896,347,539,192
Anacostia_River,0.34602296,1.29863545,348,167,-181
Sadiq_Khan,0.34545191,0.86754340,349,266,-83
Guayaquil,0.34343828,0.49324966,350,543,193
Headquarters_of_the_United_Nations,0.34332001,0.93266429,351,245,-106
Tokyo_City,0.34327960,0.56573148,352,450,98
Øresund,0.34206119,0.73634970,353,327,-26
Consortium_Of_Social_Science_Associations_Q101483295,0.34143278,0.54954511,354,467,113
İzmir,0.34105488,0.54846528,355,469,114
Issy-les-Moulineaux,0.34037292,0.71484298,356,337,-19
Castel_Gandolfo,0.33927570,0.48905332,357,550,193
Copenhagen,0.33810126,0.95301885,358,240,-118
Lombardy,0.33807787,0.64405340,359,382,23
Peabody_Awards,0.33762723,1.35582136,360,161,-199
Marino_u002C__Lazio,0.33729801,0.48675767,361,552,191
Caribbean_Development_Bank,0.33681764,0.85337413,362,269,-93
Czechoslovakia,0.33647368,0.53585017,363,483,120
World_Intellectual_Property_Organization,0.33595103,0.83008929,364,277,-87
Arctic_Council_generic_instance,0.33568114,1.03940229,365,220,-145
Kaluga_Oblast,0.33566208,0.63306728,366,385,19
West_Pomeranian_Voivodeship,0.33534422,0.56456323,367,454,87
Comecon,0.33507648,0.68228384,368,355,-13
Sofia,0.33503989,0.77038520,369,305,-64
Soviet_occupation_zone_of_Germany,0.33369084,0.56540312,370,452,82
Order_of_the_October_Revolution,0.33086643,0.56363832,371,455,84
River_Liffey,0.33085820,0.90149676,372,254,-118
Pápa_Air_Base,0.33081946,1.09071625,373,210,-163
Montreuil_u002C__Seine-Saint-Denis,0.32984152,0.64746660,374,378,4
Colonna_u002C__Lazio,0.32900090,0.47853437,375,562,187
Barnsley,0.32861834,0.70370637,376,341,-35
Trizone_Q569998,0.32760012,0.68483830,377,352,-25
Olomouc_Region,0.32745563,0.49203042,378,548,170
Steglitz-Zehlendorf,0.32730789,0.50288329,379,531,152
Charlottenburg-Wilmersdorf,0.32716775,0.53867723,380,481,101
Leidschendam-Voorburg,0.32686446,0.62383157,381,395,14
Gulf_of_İzmir,0.32652424,0.41700674,382,648,266
Lubusz_Voivodeship,0.32634343,0.55590069,383,462,79
Frascati,0.32565157,0.47523630,384,567,183
British_Academy,0.32523846,0.47414941,385,568,183
Coalition_for_Networked_Information,0.32476737,0.46356524,386,586,200
Moskva__u0028_river_u0029_,0.32455435,0.60804425,387,410,23
North_Pacific_Ocean_Q12353254,0.32342207,0.79695978,388,295,-93
Order_of_Friendship_of_Peoples,0.32305443,0.54597146,389,476,87
Strasbourg,0.32138574,1.13723023,390,196,-194
Bizone,0.32098335,0.51687306,391,513,122
International_Science_Council,0.32090973,0.62596161,392,394,2
Elbe-Elster,0.32075388,0.51585346,393,515,122
Gran_Colombia,0.32043575,0.43138901,394,624,230
Russian_Republic,0.31917652,0.47272693,395,571,176
Pantin,0.31864665,0.62725512,396,393,-3
International_Civil_Aviation_Organization,0.31811723,0.81162690,397,288,-109
Vanves,0.31796783,0.64846956,398,377,-21
Kanagawa_Prefecture,0.31773415,0.46098159,399,591,192
Opole_Voivodeship,0.31722759,0.51996908,400,509,109
Joseon,0.31692321,0.46403033,401,585,184
Bogotá,0.31655302,0.42742640,402,629,227
International_Monetary_Fund,0.31639876,0.82957703,403,278,-125
Brasília,0.31597837,0.46468204,404,583,179
Digital_Library_Federation,0.31548023,0.46084760,405,592,187
Tyrrhenian_Sea,0.31492633,0.52203638,406,507,101
Moravian-Silesian_Region,0.31440063,0.47891655,407,561,154
Philippine_Sea,0.31404433,0.64744033,408,379,-29
Pomeranian_Voivodeship,0.31395804,0.48646499,409,553,144
Digital_Preservation_Coalition,0.31363776,0.83905486,410,274,-136
Bezirk_Potsdam,0.31267270,0.52352219,411,504,93
Wassenaar,0.31261911,0.60522887,412,411,-1
Organization_of_the_Black_Sea_Economic_Cooperation,0.31119897,0.67342323,413,360,-53
World_Bank_Headquarters_Q105153707,0.31042905,1.96441220,414,118,-296
Stirling__u0028_council_area_u0029_,0.30941077,0.55256613,415,465,50
Aue-Bad_Schlema,0.30890530,0.38618203,416,714,298
Makhtar_Diop,0.30869361,0.88137905,417,262,-155
Time_100,0.30793836,0.67691466,418,358,-60
List_of_states_with_nuclear_weapons_generic_instance,0.30708538,0.78568455,419,300,-119
Joe_Biden,0.30706972,0.78703347,420,299,-121
Suresnes,0.30692922,0.57796003,421,435,14
Ardea_u002C__Lazio,0.30667903,0.42245926,422,636,214
Government_of_Amsterdam,0.30661914,0.49318630,423,544,121
Phil_Goff,0.30636530,0.44442270,424,605,181
Les_Lilas,0.30625320,0.59595902,425,418,-7
Russian_Soviet_Federative_Socialist_Republic,0.30571258,0.46748549,426,579,153
2017_French_presidential_election,0.30494157,0.37002600,427,752,325
Langfang,0.30491838,0.46336741,428,587,159
World_Wide_Web_Consortium,0.30459023,0.57305614,429,439,10
Kingdom_of_Italy,0.30410713,0.47917634,430,559,129
Kingdom_of_France,0.30374022,0.61594497,431,401,-30
Lui_Che_Woo_Prize_Q57083031,0.30337065,1.23535031,432,178,-254
Egypt,0.30195348,0.72041036,433,334,-99
Kingdom_of_Amber,0.30188889,0.39539559,434,698,264
Fontenay-sous-Bois,0.30188219,0.58407106,435,431,-4
Landschaftsverband_Rheinland_Q153468,0.30184263,0.53126987,436,492,56
Giessen,0.30142176,0.40150692,437,689,252
Institute_of_Physics,0.30117437,0.41945000,438,642,204
Halmstad_Municipality,0.30090555,0.42136995,439,637,198
Zweckverband_4It_Q55473342,0.30077128,0.42011880,440,641,201
Caspian_Sea,0.30016730,0.52826135,441,497,56
Delft,0.30013422,0.58056864,442,433,-9
Baden-Württemberg,0.29964821,0.58939859,443,425,-18
Poli_u002C__Lazio,0.29919099,0.41323650,444,653,209
International_Maritime_Organization,0.29814967,0.75899084,445,313,-132
Democratic_Federal_Yugoslavia,0.29809946,0.44159000,446,608,162
Leverkusen,0.29789679,0.37062121,447,749,302
Vincennes,0.29779243,0.57557612,448,437,-11
Ravenna,0.29775673,0.35947245,449,777,328
Castenaso,0.29757748,0.37363884,450,736,286
Albano_Laziale,0.29753094,0.41376735,451,652,201
West_Berlin,0.29750588,0.43813796,452,613,161
Tivoli_u002C__Lazio,0.29722873,0.40941067,453,661,208
Castel_San_Pietro_Romano,0.29717361,0.41293557,454,654,200
Zola_Predosa,0.29649292,0.37314283,455,737,282
Slovenia,0.29593487,0.64282318,456,383,-73
San_Lazzaro_di_Savena,0.29584424,0.37219419,457,745,288
Bucharest,0.29582534,0.43080119,458,625,167
Leipziger_Land,0.29567670,0.44206708,459,606,147
Bethesda_u002C__Maryland,0.29559701,0.98177468,460,228,-232
United_Arab_Emirates,0.29556264,0.44144502,461,610,149
Pianoro,0.29554105,0.37195471,462,746,284
Brandenburg__u0028_1945_u2013_1952_u0029_,0.29550844,0.44108691,463,611,148
Food_and_Agriculture_Organization,0.29496810,0.75258043,464,316,-148
International_Fund_for_Agricultural_Development,0.29496810,0.75258043,465,317,-148
United_Nations_Industrial_Development_Organization_generic_instance,0.29496810,0.75258043,466,318,-148
Luxembourg_City,0.29479648,0.55369307,467,463,-4
Sasso_Marconi,0.29477711,0.37170890,468,747,279
Tiber,0.29429634,0.41798432,469,647,178
International_Labour_Organization,0.29427748,0.74854045,470,321,-149
Mentana,0.29411424,0.41028601,471,659,188
Olza__u0028_river_u0029_,0.29393203,0.45226566,472,601,129
Riano_u002C__Lazio,0.29389934,0.41041287,473,658,185
Socialist_Federal_Republic_of_Yugoslavia,0.29344045,0.46122516,474,590,116
Rijswijk,0.29325165,0.56991791,475,443,-32
Legionowo_County,0.29305800,0.40347733,476,681,205
Warsaw_West_County,0.29305800,0.40347733,477,682,205
Wołomin_County,0.29305800,0.40347733,478,683,205
Mińsk_County,0.29305800,0.40347733,479,684,205
Otwock_County,0.29305800,0.40347733,480,685,205
Piaseczno_County,0.29305800,0.40347733,481,686,205
Pruszków_County,0.29305800,0.40347733,482,687,205
South_Cambridgeshire,0.29257269,0.66210870,483,368,-115
Cesena,0.29250937,0.34890757,484,799,315
Forlì,0.29250937,0.34890757,485,800,315
Trevignano_Romano,0.29237605,0.40922124,486,663,177
Spanish_language_generic_instance,0.29233998,0.97879322,487,229,-258
Female__u0028_gender_u0029_,0.29184255,4.32066073,488,41,-447
Formello,0.29152920,0.40829289,489,664,175
Bagnolet,0.29143802,0.56908266,490,444,-46
Mont_Blanc,0.29129245,0.76313970,491,310,-181
Dachau__u0028_district_u0029_,0.29117780,0.38531335,492,718,226
Fürstenfeldbruck__u0028_district_u0029_,0.29117780,0.38531335,493,719,226
Gulf_of_Guinea,0.29116544,0.66132994,494,369,-125
Schlomo_Samson_Q90487401,0.29110895,0.33867277,495,826,331
Pijnacker-Nootdorp,0.29039913,0.56608281,496,449,-47
San_Gregorio_da_Sassola,0.29004116,0.39826826,497,696,199
Schneeberg_u002C__Saxony,0.28982213,0.33576527,498,845,347
Gallicano_nel_Lazio,0.28973335,0.40594414,499,676,177
Landwehr_Canal,0.28968579,0.47892943,500,560,60
Coimbra_Group,0.28938480,0.40938081,501,662,161
Gentilly_u002C__Val-de-Marne,0.28935556,0.55778921,502,459,-43
Dresden,0.28890003,0.52649127,503,499,-4
Garmisch-Partenkirchen,0.28833265,0.34261875,504,814,310
Working_Group_Of_Bicycle-Friendly_Municipalities_In_Bavaria_Q23788180,0.28793144,0.42067904,505,639,134
Frank-Walter_Steinmeier,0.28780977,0.55612512,506,461,-45
Balkans,0.28762258,0.60813142,507,409,-98
Ottawa,0.28757971,0.41922503,508,644,136
Democratic_Party__u0028_United_States_u0029_,0.28748541,0.54755559,509,470,-39
Bosporus,0.28729574,0.45453826,510,597,87
United_Nations_High_Commissioner_for_Refugees,0.28718657,0.59382999,511,422,-89
Casoria,0.28690317,0.35658358,512,785,273
Arzano,0.28690222,0.35658221,513,786,273
Province_of_Brandenburg,0.28676301,0.41457545,514,651,137
University_of_Wrocław,0.28649591,0.37642285,515,729,214
Guidonia_Montecelio,0.28639904,0.39493167,516,700,184
World_Tourism_Organization,0.28612745,0.66989128,517,362,-155
Isle_Of_Anglesey_Q42617191,0.28588367,0.40539086,518,677,159
Milwaukee_Deep,0.28567154,1.21821830,519,181,-338
Vilnius,0.28543922,0.40144644,520,690,170
Ciampino,0.28508949,0.40112776,521,691,170
Silver_Spring_u002C__Maryland,0.28467031,0.96238718,522,236,-286
Bezirksamt_München_Links_Der_Isar_Q55278376,0.28462056,0.35490385,523,789,266
Manhattan,0.28296358,0.54674559,524,472,-52
Malakoff_u002C__Hauts-de-Seine,0.28295847,0.54619179,525,475,-50
Saint-Cloud,0.28198312,0.53304669,526,488,-38
Zoetermeer,0.28192217,0.54647110,527,473,-54
French_occupation_zone_in_Germany,0.28186500,0.44197550,528,607,79
Schkeuditz,0.28176010,0.37986017,529,725,196
Yarra_River,0.28089432,0.51073436,530,519,-11
Zollikofen,0.27980579,0.56645551,531,448,-83
Uzbekistan,0.27980185,0.40413076,532,680,148
Adriatic_Sea,0.27970169,0.52891998,533,496,-37
Carrauntoohil,0.27950045,0.57006916,534,442,-92
Callander,0.27869911,0.38776571,535,707,172
Clichy_u002C__Hauts-de-Seine,0.27850196,0.53326843,536,487,-49
Confederate_States_of_America,0.27808875,0.75104216,537,319,-218
Thirteen_Colonies_generic_instance,0.27808875,0.75104216,538,320,-218
Chiba_Prefecture,0.27800201,0.38791191,539,706,167
Baoding,0.27731051,0.39992093,540,694,154
Charles_III,0.27692050,0.47008771,541,574,33
Czech_and_Slovak_Federative_Republic,0.27660639,0.43516041,542,620,78
Prague,0.27614882,0.41925667,543,643,100
Shizuoka_Prefecture,0.27610513,0.39352500,544,701,157
Lauerz,0.27598644,0.32046184,545,893,348
League_of_European_Research_Universities,0.27579151,0.37826172,546,727,181
Pyongyang,0.27543150,0.35174097,547,793,246
Haagse_Trekvliet_Q1817801,0.27521685,0.53097540,548,493,-55
Aubervilliers,0.27488177,0.52331292,549,505,-44
University_of_Würzburg,0.27409845,0.35599236,550,788,238
Fatih_Birol,0.27405558,0.82490689,551,281,-270
Lima,0.27384385,0.48900724,552,551,-1
Ittigen,0.27374876,0.59370827,553,423,-130
Emmanuel_Macron,0.27370434,0.55060945,554,466,-88
City_of_Sheffield,0.27368450,0.70370637,555,342,-213
Sheffield_Q62482000,0.27368450,0.70370637,556,343,-213
Freiburg_im_Breisgau,0.27366439,0.33385464,557,851,294
Ronnenberg,0.27363488,0.34227730,558,815,257
Olaf_Scholz,0.27343383,0.54075184,559,479,-80
Puteaux,0.27340970,0.51756875,560,511,-49
Göttingen,0.27331811,0.90862516,561,251,-310
Saitama_Prefecture,0.27304895,0.37238531,562,739,177
Fort_Reno_Park,0.27301289,1.16689445,563,191,-372
Hamburg,0.27298178,0.40226746,564,688,124
East_China_Sea,0.27260991,0.39194816,565,703,138
Laatzen,0.27250340,0.34144477,566,818,252
Brest_Region,0.27245322,0.36054924,567,776,209
Tokyo_Prefecture__u0028_1868_u2013_1943_u0029_,0.27228000,0.46748831,568,578,10
Dunajec,0.27204770,0.42758382,569,628,59
State_of_Palestine,0.27198943,0.47050527,570,573,3
ABCANZ_Armies,0.27189361,0.79944109,571,290,-281
AUSCANNZUKUS,0.27189361,0.79944109,572,291,-281
Air_Force_Interoperability_Council,0.27189361,0.79944109,573,292,-281
Combined_Communications-Electronics_Board,0.27189361,0.79944109,574,293,-281
The_Technical_Cooperation_Program,0.27189361,0.79944109,575,294,-281
Great_Britain,0.27178723,0.57177762,576,440,-136
Northern_Ireland,0.27169084,0.45461166,577,596,19
Muri_bei_Bern,0.27150530,0.58456917,578,430,-148
Le_Pré-Saint-Gervais,0.27059572,0.51600221,579,514,-65
Levallois-Perret,0.27045132,0.51214192,580,518,-62
CERN,0.27031331,0.72850497,581,331,-250
Hemmingen,0.27016796,0.36336297,582,769,187
Wrocław,0.27007222,0.40688377,583,668,85
Earth,0.26993842,0.65053774,584,376,-208
University_of_Pennsylvania,0.26979801,0.37007267,585,751,166
Saint-Mandé,0.26933732,0.51233275,586,517,-69
Wohlen_bei_Bern,0.26905297,0.53096507,587,494,-93
Kirchlindach,0.26904186,0.53394691,588,485,-103
Dufourspitze,0.26875603,0.86530235,589,268,-321
Joinville-le-Pont,0.26861942,0.50572750,590,529,-61
Montrouge,0.26859906,0.50916385,591,520,-71
Nogent-sur-Marne,0.26805078,0.50638807,592,523,-69
Muriel_Bowser,0.26804425,0.96238718,593,235,-358
Association_of_Research_Libraries,0.26800183,0.37043275,594,750,156
Ionian_Sea,0.26758664,0.43226626,595,623,28
Russian_Socialist_Federative_Soviet_Republic_Q2305208,0.26737175,0.36181235,596,773,177
Kathmandu,0.26731631,0.37841354,597,726,129
Helsinki,0.26728351,0.32971724,598,869,271
Moldova,0.26724207,0.53625637,599,482,-117
Open_Education_Global_Q62073537,0.26627872,0.67900956,600,357,-243
Le_Kremlin-Bicêtre,0.26611496,0.50168276,601,532,-69
United_Kingdom_of_Great_Britain_and_Ireland,0.26594691,0.35406793,602,790,188
Boulogne-Billancourt,0.26580741,0.50684832,603,522,-81
Western_European_Union,0.26576476,0.60969933,604,407,-197
Rackwitz,0.26537551,0.34262661,605,813,208
Leine,0.26520085,0.42995687,606,626,20
Saint-Ouen-sur-Seine,0.26517714,0.49920580,607,535,-72
Harvard_University,0.26506788,0.37737980,608,728,120
Saint-Denis_u002C__Seine-Saint-Denis,0.26499128,0.49857427,609,536,-73
Gemeinde-_Und_Städtebund_Thüringen_Q67174081,0.26464641,0.46981877,610,575,-35
Arab_League,0.26461296,0.43993132,611,612,1
Abidjan,0.26442323,0.88242785,612,261,-351
Scholarly_Publishing_and_Academic_Resources_Coalition,0.26413572,0.36077705,613,774,161
Saint-Maurice_u002C__Val-de-Marne,0.26400828,0.49530896,614,540,-74
Turkish_language_generic_instance,0.26381852,0.78979771,615,298,-317
Ozzano_dell_u0027_Emilia,0.26363058,0.32011143,616,894,278
Weimar_Triangle,0.26362640,0.60087735,617,413,-204
Sea_of_Okhotsk,0.26337039,0.46457229,618,584,-34
Teltow_Canal,0.26331679,0.42331320,619,634,15
Charenton-le-Pont,0.26303746,0.49283140,620,545,-75
Markranstädt,0.26247666,0.33985910,621,823,202
Nawanagar_State,0.26203669,0.32153048,622,886,264
All_European_Academies,0.26184619,0.38095128,623,724,101
Borsdorf,0.26183401,0.33371685,624,852,228
Association_of_Learned_and_Professional_Society_Publishers,0.26182534,0.66226843,625,367,-258
Italian_language_generic_instance,0.26175496,1.12505552,626,198,-428
Cieszyn,0.26163223,0.35800807,627,778,151
Tarnobrzeg,0.26163223,0.35800807,628,779,151
Steinerberg,0.26144156,0.30098152,629,938,309
Castel_Maggiore,0.26131882,0.32107302,630,889,259
Calderara_di_Reno,0.26130176,0.32106255,631,890,259
OPANAL,0.26039913,0.46299448,632,589,-43
Seoul,0.25979268,0.37271629,633,738,105
Granarolo_dell_u0027_Emilia,0.25962488,0.31966408,634,896,262
Anzola_dell_u0027_Emilia,0.25949072,0.31959203,635,897,262
Haute-Savoie,0.25916957,0.49006794,636,549,-87
Ivry-sur-Seine,0.25908851,0.48458286,637,555,-82
Eindhoven,0.25867902,0.78521498,638,301,-337
Asunción,0.25821134,0.34521917,639,808,169
Armenia,0.25820471,0.36682078,640,756,116
Pegau,0.25819321,0.33041839,641,867,226
Doctorate_generic_instance,0.25812478,0.66295874,642,366,-276
Brandis_u002C__Germany,0.25809754,0.32934313,643,871,228
Visegrád_Group,0.25753955,0.48645637,644,554,-90
Athens,0.25736883,0.36073122,645,775,130
Casalecchio_di_Reno,0.25720997,0.31767016,646,900,254
Alps,0.25711794,0.47999002,647,558,-89
International_Military_Sports_Council_generic_instance,0.25691486,0.61513434,648,403,-245
Enköping,0.25682458,0.47798176,649,563,-86
Lake_Tegel,0.25671890,0.40751013,650,666,16
Paramaribo,0.25639914,0.32147906,651,887,236
IJ__u0028_Amsterdam_u0029_,0.25632330,0.36918119,652,755,103
Markkleeberg,0.25609315,0.32614185,653,878,225
Economic_U002C__Monetary_And_Social_Union_Q2595976,0.25605628,0.56710227,654,447,-207
Grand_Cross_Of_The_Legion_Of_Honour_Q10855226_generic_instance,0.25601355,0.41888871,655,645,-10
Mount_Fuji,0.25592984,0.45448707,656,598,-58
Lake_Zug,0.25590210,0.29192883,657,985,328
East_European_Plain,0.25570479,0.54101877,658,478,-180
Quarto_u002C__Campania,0.25558569,0.30901462,659,915,256
San_Giorgio_a_Cremano,0.25557986,0.30900697,660,916,256
River_Dodder,0.25555339,0.63262931,661,388,-273
Royal_Canal,0.25555339,0.63262931,662,389,-273
Vitznau,0.25529686,0.29251057,663,983,320
Pankow,0.25514743,0.38972975,664,705,41
Commonwealth_of_Nations,0.25506957,0.46896346,665,577,-88
Design_Cities__u0028_UNESCO_u0029_,0.25497154,0.47622066,666,565,-101
North_America,0.25439911,0.33840000,667,827,160
Iiif_Consortium_Q35677307,0.25361556,0.34771905,668,803,135
Bornova,0.25342461,0.28819700,669,998,329
Marano_di_Napoli,0.25334284,0.30727937,670,918,248
San_Sebastiano_al_Vesuvio,0.25330384,0.30723601,671,919,248
European_Economic_Community,0.25316004,0.65074605,672,375,-297
Mugnano_di_Napoli,0.25297068,0.30693330,673,920,247
Cercola,0.25270880,0.30668589,674,922,248
Melito_di_Napoli,0.25265920,0.30663286,675,923,248
Lviv_Oblast,0.25133391,0.32098790,676,891,215
Garmisch-Partenkirchen__u0028_district_u0029_,0.25102638,0.50130798,677,533,-144
Volla_u002C__Campania,0.25090075,0.30522083,678,926,248
Casandrino,0.25089341,0.30521162,679,927,248
Hofburg,0.25078426,0.76550017,680,307,-373
Palais_Pálffy_Q2047146,0.25078426,0.76550017,681,309,-372
Aschheim,0.25062020,0.29630117,682,968,286
Imperial_College_London,0.25030833,0.33385591,683,850,167
15th_arrondissement_of_Paris,0.24985880,0.59639726,684,417,-267
Korean_Empire,0.24978288,0.34686639,685,804,119
South_Ossetia,0.24935844,0.40518571,686,678,-8
Croix_de_guerre_1914_u2013_1918__u0028_France_u0029_,0.24924438,0.54691093,687,471,-216
Polish_u2013_Lithuanian_Commonwealth,0.24924050,0.33825791,688,828,140
Aliağa,0.24892035,0.28138829,689,1032,343
Casavatore,0.24891585,0.30360004,690,935,245
Rheinisch-Bergischer_Kreis,0.24891096,0.31519210,691,903,212
Shanghai_Cooperation_Organisation,0.24833370,0.46600000,692,581,-111
Microsoft,0.24827542,0.34114487,693,819,126
Pomezia,0.24809993,0.33062828,694,866,172
Zwenkau,0.24807662,0.31488581,695,904,209
Großpösna,0.24806268,0.31470302,696,905,209
City_of_Edinburgh,0.24800146,0.44153318,697,609,-88
Carré_Suffren_Q2940373,0.24800145,0.82490689,698,280,-418
Bosnia_and_Herzegovina,0.24765072,0.46325768,699,588,-111
Sehnde,0.24730557,0.30042903,700,941,241
Parliamentary_Assembly_of_the_Council_of_Europe,0.24721159,0.37488426,701,731,30
Gerlachovský_štít,0.24712009,0.38768837,702,708,6
Morava__u0028_river_u0029_,0.24660297,0.42833037,703,627,-76
Finsterwalde,0.24656013,0.27687136,704,1056,352
Pan_American_Union_Building,0.24642108,0.62278512,705,396,-309
Manchukuo,0.24610145,0.36566231,706,758,52
Karşıyaka,0.24608317,0.27760525,707,1051,344
Gersau,0.24602016,0.28128493,708,1033,325
Rachel_Mary_Parsons,0.24601274,0.30015901,709,944,235
Yunusemre,0.24590739,0.27853726,710,1047,337
Donetsk_People_u0027_s_Republic,0.24586639,0.33673762,711,830,119
Turkmenistan,0.24579864,0.36490608,712,761,49
Venezuela,0.24571687,0.36613670,713,757,44
Mauna_Kea,0.24562662,0.42555440,714,631,-83
Grand_Paris,0.24539272,0.55620262,715,460,-255
Party_of_European_Socialists,0.24533129,0.33174638,716,859,143
Isernhagen,0.24526637,0.29579482,717,972,255
Sagittarius_A_u002A_,0.24513440,0.37150270,718,748,30
University_of_Marburg,0.24508340,0.30449938,719,929,210
Auckland,0.24487852,0.34637965,720,806,86
Emperor_Otto_Award_Q1356642,0.24485912,0.77751075,721,303,-418
Basque_Government,0.24476837,0.53200702,722,490,-232
Tibet_Autonomous_Region,0.24474963,0.38311960,723,722,-1
Socialist_Unity_Party_of_Germany,0.24464262,0.32284906,724,885,161
Himalayas,0.24460436,0.35716880,725,784,59
Inside_Badminton_Q107285896,0.24372976,0.28428138,726,1018,292
Fiumicino,0.24372605,0.32638706,727,877,150
American_Council_of_Learned_Societies,0.24370615,0.34530559,728,807,79
Far_Eastern_Republic,0.24369619,0.31979206,729,895,166
Mühleberg,0.24369337,0.47314916,730,569,-161
Bremgarten_bei_Bern,0.24368120,0.47645388,731,564,-167
Thermaic_Gulf,0.24361151,0.32315633,732,884,152
Ismaning,0.24332833,0.28726051,733,1002,269
District_of_Columbia,0.24325263,0.96238718,734,234,-500
Ukrainian_People_u0027_s_Republic_generic_instance,0.24308229,0.32677726,735,876,141
Markus_Persson,0.24302418,0.25966107,736,1154,418
Santiago_Guarderas,0.24287223,0.40084090,737,693,-44
University_of_Giessen,0.24266136,0.31459912,738,906,168
Lake_Constance,0.24253399,0.41233370,739,655,-84
Paul_McAuliffe,0.24252204,0.63262931,740,387,-353
Kingdom_Of_Spain_Q3399982,0.24208607,0.32855362,741,873,132
Europe,0.24157888,0.50902473,742,521,-221
Moscow_Canal,0.24152240,0.40649198,743,670,-73
Skhodnya_Derivation_Canal_Q4447710,0.24152240,0.40649198,744,671,-73
Vodootvodny_Canal,0.24152240,0.40649198,745,672,-73
Yauza__u0028_river_u0029_,0.24152240,0.40649198,746,673,-73
Weggis,0.24143212,0.27398915,747,1069,322
Union_of_South_American_Nations,0.24127585,0.40777745,748,665,-83
Westland__u0028_municipality_u0029__u002C__Netherlands,0.24120061,0.45522442,749,595,-154
Amstel,0.24111458,0.33261985,750,854,104
Chimborazo,0.24042321,0.43802042,751,614,-137
Honshu,0.23994185,0.37546828,752,730,-22
Frauenkappelen,0.23992420,0.46476174,753,582,-171
Godesberger_Allee_150_U2013_154_Q59241318,0.23965240,0.61804020,754,398,-356
Ewald_Von_Kleist_Award_Q20990972,0.23929084,0.76550017,755,308,-447
Collective_Security_Treaty_Organization_generic_instance,0.23896953,0.41681335,756,649,-107
Neuenegg,0.23879977,0.45993220,757,593,-164
Polish_People_u0027_s_Republic,0.23867942,0.32948241,758,870,112
American_Philosophical_Society,0.23854338,0.28913300,759,996,237
Zhangjiakou,0.23853469,0.33259404,760,856,96
Doberlug-Kirchhain,0.23830310,0.26518751,761,1115,354
Heideland_u002C__Brandenburg,0.23830310,0.26518751,762,1116,354
Küssnacht,0.23819775,0.26896227,763,1084,321
Challenger_Deep,0.23806068,0.76112915,764,312,-452
Comprehensive_Nuclear-Test-Ban_Treaty_Organization,0.23773628,0.50616197,765,524,-241
Euratom,0.23773628,0.50616197,766,525,-241
Eurozone,0.23773628,0.50616197,767,526,-241
International_Commission_for_the_Protection_of_the_Danube_River,0.23773628,0.50616197,768,527,-241
Kommunaler_Arbeitgeberverband_Berlin_Q1780343,0.23687009,0.33448843,769,849,80
Ulaanbaatar,0.23686336,0.29890125,770,947,177
Accra,0.23642204,0.29719244,771,965,194
German_Commission_for_UNESCO,0.23631398,0.34200808,772,816,44
Charles_Remsberg_Q105082622,0.23619242,0.27081959,773,1080,307
Irving_L_U002E__Finston_Q107285919,0.23619242,0.27081959,774,1081,307
Heuchelheim,0.23605221,0.26585146,775,1113,338
Steinen_u002C__Switzerland,0.23603230,0.26810589,776,1104,328
Association_For_Pedestrian_And_Bicycle-Friendly_Cities_U002C__Townships_And_Districts_In_North_Rhine_Westphalia_Q627637,0.23596009,0.37401423,777,735,-42
Xinjiang,0.23587772,0.33539016,778,846,68
IJmeer,0.23562768,0.33241910,779,857,78
Aniene,0.23555261,0.31045550,780,912,132
Republic_of_Abkhazia,0.23511256,0.38738587,781,709,-72
Ticino__u0028_river_u0029_,0.23500757,0.32086855,782,892,110
Order_Of_Prince_Yaroslav_The_Wise_U002C__1St_Class_Q28481165,0.23500195,0.34429143,783,810,27
Charlottenburg,0.23499887,0.33493752,784,848,64
Ireland,0.23498177,0.41569313,785,650,-135
Saint_Michael_u002C__Barbados,0.23495144,0.51268401,786,516,-270
Royal_Netherlands_Academy_of_Arts_and_Sciences,0.23471124,0.28044278,787,1036,249
Socialist_International,0.23418216,0.31766491,788,901,113
2013_Chinese_Presidential_Election_Q16561247,0.23375169,0.25006702,789,1202,413
Makiivka,0.23364232,0.27162982,790,1073,283
Iraq,0.23356464,0.45332985,791,600,-191
Thomas_Merton_Center__u0028_Pittsburgh_u0029_,0.23337114,0.35800807,792,780,-12
Élisabeth_Borne,0.23326450,0.46609923,793,580,-213
Inn__u0028_river_u0029_,0.23317730,0.38551144,794,717,-77
South_China_Sea,0.23306513,0.35049206,795,796,1
Hessischer_Städte-_Und_Gemeindebund_Q1615955,0.23304552,0.28728637,796,1001,205
Second_Federal_Republic_of_Mexico,0.23303773,0.32746248,797,874,77
Chengde,0.23288522,0.32114847,798,888,90
Catholicism_generic_instance,0.23273464,0.99474875,799,224,-575
The_Economist_Country_Of_The_Year_Q47004555,0.23269041,0.59558457,800,419,-381
Hawaii__u0028_island_u0029_,0.23253809,0.36929474,801,753,-48
Devese_Q1206728,0.23232155,0.27955937,802,1043,241
Hemmingen-Westerfeld_Q1604857,0.23223162,0.27948376,803,1044,241
Polish_language_generic_instance,0.23206704,0.58272997,804,432,-372
Leiden,0.23192201,0.33272787,805,853,48
American_Academy_in_Rome,0.23162096,0.29475517,806,975,169
Center_for_Research_Libraries,0.23152368,0.29592402,807,970,163
Lebanon,0.23142459,0.35629222,808,787,-21
Vladimir_Putin,0.23119856,0.31174179,809,909,100
Lithuanian_Soviet_Socialist_Republic,0.23107707,0.34442161,810,809,-1
Jizera__u0028_river_u0029_,0.23040088,0.35083004,811,794,-17
Opava__u0028_river_u0029_,0.23040088,0.35083004,812,795,-17
Quartier_international_de_Montréal,0.23023486,0.49494143,813,541,-272
Zug,0.23022993,0.25893187,814,1160,346
Sergey_Sobyanin,0.23022327,0.40649198,815,669,-146
County_Kerry,0.23012074,0.39978348,816,695,-121
Algeria,0.23011735,0.34822026,817,801,-16
Femke_Halsema,0.22986581,0.33261985,818,855,37
Hessischer_Städtetag_Q26882604,0.22985292,0.45786774,819,594,-225
Kengamine_Peak_Q11397889,0.22979514,0.35738928,820,783,-37
Russell_Group,0.22971545,0.28972609,821,995,174
Badwater_Basin,0.22963986,0.90217962,822,253,-569
Schwyz_District,0.22941703,0.30608755,823,925,102
Salonica_vilayet,0.22928875,0.28252103,824,1021,197
Shaftesbury,0.22902263,0.28691539,825,1005,180
Marlborough_u002C__Wiltshire,0.22866740,0.28583654,826,1013,187
Single_European_Sky_ATM_Research,0.22837845,0.59926085,827,416,-411
Nanjing,0.22835972,0.32437310,828,883,55
Walchwil,0.22819611,0.25570408,829,1172,343
AVN__u0028_magazine_u0029__generic_instance,0.22808649,0.29298214,830,980,150
X-Rated_Critics_Organization,0.22808649,0.29298214,831,981,150
Communist_Party_of_Germany,0.22801643,0.28741089,832,1000,168
Dutch_language_generic_instance,0.22785903,0.77219903,833,304,-529
Cologne__u0028_region_u0029_,0.22779718,0.38407657,834,721,-113
Latin_generic_instance,0.22769513,0.52425054,835,500,-335
Cesenatico,0.22672780,0.26061531,836,1149,313
Faenza,0.22672780,0.26061531,837,1150,313
Jisc,0.22664872,0.28082224,838,1034,196
West_Flanders,0.22634262,0.40629008,839,675,-164
Turkish_Language_Association,0.22630025,0.28712391,840,1004,164
Führer_city,0.22625961,0.42524919,841,632,-209
Girton_College_u002C__Cambridge,0.22605131,0.29821470,842,951,109
Knight_Of_The_Legion_Of_Honour_Q10855271_generic_instance,0.22588695,0.53046442,843,495,-348
Kherson_State_Q114318324,0.22569563,0.30481023,844,928,84
Institute_of_Materials_u002C__Minerals_and_Mining,0.22558718,0.28472500,845,1014,169
Jimmy_Wales,0.22558718,0.28472500,846,1015,169
Springer_Nature,0.22558718,0.28472500,847,1016,169
Fumio_Kishida,0.22531360,0.28585660,848,1010,162
KGB,0.22505562,0.28212466,849,1026,177
Wilhelm_II_u002C__German_Emperor,0.22504348,0.30041677,850,942,92
InterAcademy_Partnership,0.22490926,0.30034588,851,943,92
Konstantinos_Zervas,0.22486999,0.28847623,852,997,145
Lehrte,0.22483041,0.26807877,853,1105,252
Andean_Community,0.22474490,0.36523218,854,759,-95
Organization_of_Turkic_States,0.22463440,0.38727567,855,710,-145
Loisach,0.22441642,0.25986077,856,1153,297
Gold_Medal_of_Military_Valour_generic_instance,0.22440550,0.32478760,857,881,24
Biebertal,0.22391451,0.24554391,858,1225,367
United_Nations_Economic_and_Social_Council,0.22383809,0.57331308,859,438,-421
Aalemannkanal_Q300875,0.22375200,0.33609083,860,831,-29
Berlin-Spandau_Ship_Canal,0.22375200,0.33609083,861,835,-26
Dahme__u0028_river_u0029_,0.22375200,0.33609083,862,836,-26
Gosen_Canal,0.22375200,0.33609083,863,837,-26
Großer_Wannsee,0.22375200,0.33609083,864,838,-26
Luisenstadt_Canal,0.22375200,0.33609083,865,839,-26
Müggelsee,0.22375200,0.33609083,866,840,-26
Neukölln_Ship_Canal,0.22375200,0.33609083,867,841,-26
Tegeler_Fließ,0.22375200,0.33609083,868,842,-26
Westhafen_Canal,0.22375200,0.33609083,869,843,-26
Mettmann__u0028_district_u0029_,0.22346180,0.27085836,870,1079,209
Quito_Canton,0.22336723,0.40084090,871,692,-179
Mittenwald,0.22333044,0.24586937,872,1224,352
Former_Reichsbank_building,0.22328383,0.30641630,873,924,51
Tokyo_Bay,0.22325233,0.28200662,874,1028,154
High_Tatras,0.22322576,0.34076857,875,820,-55
County_Dublin,0.22309058,0.63262931,876,386,-490
Krostitz,0.22247186,0.27735827,877,1053,176
Taucha,0.22195588,0.27584361,878,1058,180
Berlin_University_Alliance,0.22186044,0.31123149,879,911,32
University_of_Basel,0.22180548,0.26927857,880,1083,203
Dead_Sea,0.22158739,0.36282163,881,770,-111
Daren_Tang,0.22150632,0.38519197,882,720,-162
Köniz,0.22135563,0.42102206,883,638,-245
European_Free_Trade_Association,0.22133098,0.66738099,884,363,-521
Gehrden,0.22118757,0.26329655,885,1134,249
Paraguay_River,0.22095019,0.28668880,886,1006,120
Kingdom_of_Navarre,0.22088569,0.29589285,887,971,84
Savannah_u002C__Georgia,0.22055699,0.26372065,888,1132,244
Tirana,0.22043466,0.27104367,889,1078,189
Mohammed_bin_Rashid_Al_Maktoum,0.22039533,0.26431574,890,1129,239
Mohammed_Shia_u0027__Al_Sudani,0.22024025,0.38249764,891,723,-168
International_Statistical_Institute,0.22012663,0.58459609,892,429,-463
Amiens,0.22001342,0.27579729,893,1059,166
Montevideo_Department,0.21990110,0.34970161,894,798,-96
European_Bank_for_Reconstruction_and_Development,0.21972682,0.45209704,895,602,-293
Southeast_Asia_Treaty_Organization,0.21965650,0.52688622,896,498,-398
Ilm-Kreis,0.21941654,0.27836860,897,1048,151
Myles_Burnyeat,0.21936452,0.22153856,898,1367,469
Socialist_Republic_of_Romania,0.21902326,0.29826544,899,949,50
Nordic_Council,0.21900081,0.35403108,900,791,-109
Iberian_Peninsula,0.21899065,0.35356476,901,792,-109
Garbsen,0.21883313,0.25801115,902,1163,261
BRICS,0.21875922,0.39288746,903,702,-201
Pristina,0.21870302,0.29177665,904,986,82
Jerusalem,0.21834190,0.29672103,905,967,62
Seelze,0.21813713,0.25734823,906,1165,259
Unterföhring,0.21792209,0.25342118,907,1192,285
Tübingen,0.21784379,0.27351374,908,1070,162
Palma_de_Mallorca,0.21770016,0.25375476,909,1182,273
The_Iter_Organization_Q101069148,0.21749853,0.36511884,910,760,-150
Weimar_Republic,0.21747514,0.29536004,911,973,62
Wilmington_u002C__Delaware,0.21737216,0.26871090,912,1101,189
Chinese_Communist_Party,0.21732807,0.28147812,913,1031,118
Hachirōgata,0.21717898,0.36920460,914,754,-160
Lahnau,0.21701517,0.23693721,915,1283,368
Baku,0.21700476,0.26181126,916,1140,224
Leiden_University,0.21696898,0.27482064,917,1063,146
Langenhagen,0.21680653,0.25596583,918,1171,253
Alt-Berlin,0.21665578,0.33609083,919,832,-87
Pozzuoli,0.21648610,0.25510071,920,1173,253
Portici,0.21648525,0.25509941,921,1174,253
United_Nations_Conference_on_Trade_and_Development,0.21648444,0.43638107,922,615,-307
University_of_Cambridge,0.21616929,0.28376380,923,1020,97
International_Criminal_Court,0.21581541,0.43435634,924,621,-303
Mikhail_Mishustin,0.21578366,0.28725752,925,1003,78
Gran_Valira,0.21560847,0.27124625,926,1076,150
Garching,0.21546355,0.24868046,927,1210,283
Giessen__u0028_district_u0029_,0.21541073,0.27959732,928,1042,114
Paul_von_Hindenburg,0.21519787,0.30988785,929,913,-16
Grand_Union_Canal,0.21481824,0.33073466,930,861,-69
Sussex,0.21481824,0.33073466,931,864,-67
Langenweißbach,0.21472892,0.23990557,932,1262,330
Zschorlau,0.21472892,0.23990557,933,1263,330
Consultative_Committee_for_Space_Data_Systems,0.21468400,0.52373264,934,501,-433
Inter-Agency_Space_Debris_Coordination_Committee,0.21468400,0.52373264,935,502,-433
Open_Geospatial_Consortium,0.21468400,0.52373264,936,503,-433
University_of_Bologna,0.21465299,0.26282954,937,1137,200
Cyprus,0.21465228,0.33963952,938,824,-114
Franziska_Giffey,0.21464677,0.33609083,939,834,-105
Städtetag_Nordrhein-Westfalen_Q52144567,0.21401924,0.33942436,940,825,-115
2011_Irish_presidential_election,0.21397261,0.23167458,941,1316,375
Vardar,0.21389993,0.30083926,942,939,-3
2015_Polish_presidential_election,0.21386566,0.23104911,943,1318,375
Sanjay_Pradhan_Q23662565,0.21383927,0.33521008,944,847,-97
Czechoslovak_Socialist_Republic,0.21367906,0.28660246,945,1007,62
Order_of_the_Redeemer_generic_instance,0.21362538,0.30061041,946,940,-6
Bezirksamt_München_Rechts_Der_Isar_Q55278629,0.21361296,0.25064525,947,1199,252
Korean_Peninsula,0.21354036,0.31745180,948,902,-46
Tsinghua_University,0.21346803,0.29712034,949,966,17
Basshunter,0.21291043,0.25155150,950,1196,246
Tisza,0.21287383,0.29214774,951,984,33
Africa,0.21287134,0.25408046,952,1176,224
Australia__u0028_continent_u0029_,0.21287134,0.25408046,953,1177,224
Mekong,0.21284228,0.24537329,954,1228,274
Golden_Horn,0.21269379,0.30422186,955,932,-23
Sea_of_Marmara,0.21269379,0.30422186,956,934,-22
Princess_Of_Asturias_Award_For_International_Cooperation_Q3321940_generic_instance,0.21266451,0.52208256,957,506,-451
British_Isles,0.21263306,0.36248068,958,771,-187
Weimar,0.21260682,0.66074575,959,370,-589
Wetterstein,0.21233461,0.42715175,960,630,-330
Château_de_la_Muette,0.21229598,0.58459609,961,428,-533
Imperial_China_Q12060881,0.21196811,0.29954855,962,945,-17
Mateusz_Morawiecki,0.21185437,0.27899003,963,1045,82
Nordic_Battlegroup,0.21177042,0.38586089,964,715,-249
Wilhelm_von_Humboldt,0.21150398,0.28006620,965,1038,73
Zaporozhye_State_Q114318415,0.21143844,0.24696390,966,1218,252
Ligurian_Sea,0.21135507,0.38581165,967,716,-251
Visegrád,0.21116129,0.56348791,968,456,-512
Michael_D_u002E__Higgins,0.21113417,0.29596824,969,969,0
Order_of_the_Elephant,0.21107576,0.30768607,970,917,-53
2018_Chinese_Presidential_Election_Q83621559,0.21092660,0.22193569,971,1365,394
Mediterranean_Universities_Union,0.21074544,0.24894047,972,1204,232
Bolivia,0.21051936,0.29162429,973,987,14
Pleiße,0.21045898,0.25871469,974,1162,188
Kommunale_Informationsverarbeitung_Baden-Franken_Q1780328,0.21017321,0.25403307,975,1178,203
Kommunalverband_Für_Jugend_Und_Soziales_Baden-Württemberg_Q1691932,0.21017321,0.25403307,976,1179,203
Swedish_language_generic_instance,0.21017241,0.47164315,977,572,-405
Julia_Blumenthal_Q1711939,0.21016541,0.28006620,978,1040,62
Twipra_Kingdom,0.21002186,0.24766537,979,1215,236
Yellow_Sea,0.20997015,0.26381770,980,1130,150
Ireland_Q57695350,0.20937115,0.27172543,981,1072,91
Princess_Of_Asturias_Award_For_Concord_Q3323440,0.20933771,0.42295996,982,635,-347
2000_Russian_presidential_election,0.20933137,0.21731224,983,1400,417
2012_Russian_presidential_election,0.20933137,0.21731224,984,1401,417
Frederick_III_u002C__German_Emperor,0.20926360,0.27858879,985,1046,61
The_Hague_Q41795540,0.20922941,0.40712021,986,667,-319
Foça,0.20898452,0.22954377,987,1327,340
San_Marino,0.20892780,0.34040649,988,821,-167
Vatican_City,0.20892780,0.34040649,989,822,-167
Permanent_Court_of_Arbitration,0.20884343,0.41225188,990,656,-334
Order_of_Honour__u0028_Russia_u0029_,0.20879275,0.30166292,991,937,-54
Çiğli,0.20864005,0.22900784,992,1332,340
White_Elster,0.20861447,0.26309325,993,1135,142
Londinium,0.20858159,0.33073466,994,865,-129
Kingdom_of_Nepal,0.20819177,0.27104522,995,1077,82
Knight_Grand_Cross_With_Collar_Of_The_Order_Of_Merit_Of_The_Italian_Republic_Q14539990_generic_instance,0.20818686,0.29830590,996,948,-48
California,0.20791929,0.53342634,997,486,-511
Free_Cities_Of_Menton_And_Roquebrune_Q3559284,0.20791815,0.43578842,998,618,-380
Kingdom_of_Bora_Bora,0.20791815,0.43578842,999,619,-380
Eisenach,0.20782521,0.26807567,1000,1106,106
Central_Asian_Cooperation_Organization_Q2297670,0.20768423,0.32578166,1001,879,-122
Bug__u0028_river_u0029_,0.20748667,0.29787895,1002,952,-50
Malta,0.20733852,0.32895733,1003,872,-131
Guild_of_European_Research-Intensive_Universities,0.20729441,0.26573554,1004,1114,110
Molloy_Deep,0.20703803,0.56892700,1005,445,-560
Organisation_of_African_u002C__Caribbean_and_Pacific_States,0.20688725,0.34788916,1006,802,-204
GUAM_Organization_for_Democracy_and_Economic_Development,0.20678789,0.31860085,1007,898,-109
Spanish_Empire,0.20661224,0.27592461,1008,1057,49
Solukhumbu_District,0.20638591,0.33706809,1009,829,-180
Socialist_Republic_of_Macedonia,0.20612756,0.24895536,1010,1203,193
Leutasch,0.20587652,0.22415623,1011,1356,345
Mustafa_Kemal_Atatürk,0.20577362,0.22165133,1012,1366,354
Koninginnegracht_Q2483305,0.20559602,0.37448605,1013,733,-280
Republic_of_the_Congo,0.20519226,0.49257897,1014,546,-468
Benelux,0.20513296,0.44997131,1015,603,-412
Ekrem_İmamoğlu,0.20495377,0.30422186,1016,931,-85
Čučer-Sandevo_Municipality,0.20487142,0.24874808,1017,1209,192
Akita_Prefecture,0.20477643,0.30691195,1018,921,-97
University_of_Edinburgh,0.20443955,0.24237565,1019,1253,234
Hawaii_County_u002C__Hawaii,0.20443583,0.30321042,1020,936,-84
Iron_Cross_2Nd_Class_Q11371757_generic_instance,0.20439794,0.29360088,1021,978,-43
Bassin_de_la_Villette,0.20402049,0.36382042,1022,763,-259
Canal_Saint-Martin,0.20402049,0.36382042,1023,764,-259
Canal_de_l_u0027_Ourcq,0.20402049,0.36382042,1024,765,-259
Dryad_Q108872504,0.20385423,0.26461425,1025,1121,96
Order_of_Polonia_Restituta_generic_instance,0.20382174,0.28394494,1026,1019,-7
Palau,0.20376747,0.33004654,1027,868,-159
Libya,0.20370716,0.29821636,1028,950,-78
Dutch_Language_Union,0.20341744,0.43349649,1029,622,-407
United_Kingdom_of_the_Netherlands,0.20336772,0.40972403,1030,660,-370
Korab__u0028_mountain_u0029_,0.20315574,0.29530578,1031,974,-57
Nicaragua,0.20302861,0.27488347,1032,1061,29
Panama,0.20302861,0.27488347,1033,1062,29
William_I_u002C__German_Emperor,0.20250796,0.26380338,1034,1131,97
Białka__u0028_Dunajec_u0029_,0.20244872,0.28584991,1035,1011,-24
Poprad__u0028_river_u0029_,0.20244872,0.28584991,1036,1012,-24
Heidelberg,0.20238456,0.25265676,1037,1194,157
Royal_Borough_of_Kensington_and_Chelsea,0.20220638,0.25051209,1038,1200,162
Warsaw_County__u0028_1999_u2013_2002_u0029_,0.20211520,0.26629504,1039,1111,72
Prussia,0.20210727,0.27133088,1040,1074,34
Margrethe_II_of_Denmark,0.20195564,0.27044139,1041,1082,41
Fianna_Fáil,0.20189943,0.34182362,1042,817,-225
Roma_Capitale_Q3940419,0.20185437,0.28604073,1043,1009,-34
Barents_Euro-Arctic_Council,0.20178584,0.33592009,1044,844,-200
International_Organization_for_Standardization,0.20150171,0.32728964,1045,875,-170
Marie_de_St_Pol,0.20148120,0.21916875,1046,1382,336
Tatra_County,0.20147892,0.25080144,1047,1198,151
Pyrenees,0.20094743,0.27124625,1048,1075,27
Kantō_Plain,0.20072367,0.28200662,1049,1027,-22
Arkenberge,0.20069217,0.33609083,1050,833,-217
Philip_II_of_France,0.20063718,0.21073383,1051,1481,430
Rafał_Trzaskowski,0.20054445,0.26629504,1052,1110,58
Islam_generic_instance,0.20052699,0.47310853,1053,570,-483
Tallinn,0.20041554,0.23175453,1054,1315,261
Friedrich_Ebert,0.20041312,0.27708180,1055,1054,-1
Hans_Luther,0.20041312,0.27708180,1056,1055,-1
Levantine_Sea,0.20032835,0.27752779,1057,1052,-5
Taiwan__u0028_island_u0029_,0.20019616,0.26002308,1058,1152,94
Socialist_Republic_of_Serbia,0.20005316,0.22053735,1059,1371,312
Open_Government_Partnership,0.19995314,0.43578842,1060,616,-444
Grand_Cross_Of_The_Order_Of_The_White_Double_Cross_U200E__Q43388249_generic_instance,0.19961575,0.28170153,1061,1030,-31
Bank_for_International_Settlements,0.19959080,0.37228926,1062,740,-322
Inter-American_Development_Bank,0.19959080,0.37228926,1063,741,-322
International_Chamber_of_Commerce,0.19959080,0.37228926,1064,742,-322
International_Organization_for_Migration,0.19959080,0.37228926,1065,743,-322
Group_of_Ten__u0028_IMF_u0029_,0.19959080,0.37228926,1066,744,-322
Zwischen_Finsternis_Und_Licht_Q90487447,0.19950970,0.22196796,1067,1364,297
Elbrussky_District,0.19925064,0.35745053,1068,781,-287
Lateral_Range,0.19925064,0.35745053,1069,782,-287
Aberdeen,0.19923248,0.21916875,1070,1381,311
Officer_Of_The_Order_Of_The_Condor_Of_The_Andes_Q25711416,0.19889814,0.49257897,1071,547,-524
Banner_of_Labor,0.19886038,0.26258459,1072,1138,66
Arabic_generic_instance,0.19884778,0.41138532,1073,657,-416
Lutetia,0.19882278,0.36382042,1074,768,-306
Steinburg,0.19879318,0.32519416,1075,880,-195
Jan_van_Zanen,0.19873228,0.37448605,1076,732,-344
European_Economic_Area,0.19872026,0.39558365,1077,697,-380
Portugal,0.19860329,0.31788547,1078,899,-179
Feldkirchen_u002C__Upper_Bavaria,0.19822660,0.22629102,1079,1342,263
Lake_Neusiedl,0.19813294,0.41851651,1080,646,-434
Qing_River_Q10392039,0.19813174,0.26460748,1081,1125,44
Yongding_River,0.19813174,0.26460748,1082,1126,44
Canton_Q46452338,0.19812867,0.27275538,1083,1071,-12
Danela_Arsovska,0.19809714,0.24874808,1084,1206,122
Dominion_of_India,0.19785924,0.24766537,1085,1214,129
Tskhinvali,0.19785384,0.23669901,1086,1286,200
Bockau,0.19763604,0.21390580,1087,1428,341
Lößnitz,0.19763604,0.21390580,1088,1429,341
Great_Belt,0.19755443,0.26497488,1089,1119,30
Little_Belt,0.19755443,0.26497488,1090,1120,30
Dorotheenstadt,0.19752949,0.28006620,1091,1037,-54
Prince_Henry_Palace_Q2047280,0.19752949,0.28006620,1092,1039,-53
Thaya,0.19751813,0.31192346,1093,908,-185
Order_of_the_White_Eagle__u0028_Poland_u0029_,0.19751090,0.26839753,1094,1103,9
Anne_Hidalgo,0.19735126,0.36382042,1095,762,-333
Xi_Jinping,0.19733458,0.26356415,1096,1133,37
Pullach,0.19722575,0.22266457,1097,1362,265
Klimabündnis-Städte_Schweiz_Q1774367,0.19717739,0.37427531,1098,734,-364
Ss_u002E__Cyril_and_Methodius_University_of_Skopje,0.19703438,0.23653961,1099,1287,188
MacGillycuddy_u0027_s_Reeks,0.19699668,0.31151960,1100,910,-190
Van_R_u002E__Johnson,0.19694499,0.22472085,1101,1350,249
Central_American_Bank_for_Economic_Integration,0.19692771,0.29408618,1102,977,-125
Neuendorf-Sachsenbande,0.19663521,0.50616197,1103,528,-575
First_Czechoslovak_Republic,0.19661959,0.24669980,1104,1223,119
K2_Q43512,0.19629083,0.26679296,1105,1109,4
Tbilisi,0.19608196,0.23564399,1106,1292,186
Maritime_Alps,0.19574375,0.36225200,1107,772,-335
Alaska_Range,0.19555706,0.38716936,1108,711,-397
Denali_Borough_u002C__Alaska,0.19555706,0.38716936,1109,712,-397
Denali_National_Park_and_Preserve,0.19555706,0.38716936,1110,713,-397
Adolf_Hitler,0.19535971,0.27402270,1111,1066,-45
Karl_Dönitz,0.19535971,0.27402270,1112,1067,-45
Grand_Cross_1St_Class_Of_The_Order_Of_Merit_Of_The_Federal_Republic_Of_Germany_Q10905105_generic_instance,0.19525187,0.29020040,1113,994,-119
North_Elba_u002C__New_York,0.19521823,0.23181250,1114,1314,200
Monte_Rosa,0.19519006,0.39516900,1115,699,-416
Abigail_Sophie_Burnyeat_Q96083450,0.19511113,0.19530578,1116,1584,468
William_James_Burnyeat_Q96083451,0.19511113,0.19530578,1117,1585,468
Andrzej_Duda,0.19507214,0.26129066,1118,1145,27
Matariki_Network_of_Universities,0.19502981,0.22776499,1119,1333,214
Empire_of_China__u0028_1915_u2013_1916_u0029_,0.19500255,0.24290693,1120,1249,129
Wang_Jingwei_regime,0.19500255,0.24290693,1121,1251,130
Kyiv,0.19499100,0.26215223,1122,1139,17
Dubai,0.19478649,0.23059170,1123,1320,197
Oberschleißheim,0.19456790,0.22050851,1124,1372,248
Biggin_Hill,0.19455169,0.33073466,1125,863,-262
Tokyo_Imperial_Palace,0.19433314,0.22764844,1126,1334,208
Dieter_Reiter,0.19418507,0.22490146,1127,1347,220
Grand_Cross_Special_Class_Of_The_Order_Of_Merit_Of_The_Federal_Republic_Of_Germany_Q10904959_generic_instance,0.19412728,0.26840025,1128,1102,-26
Luhansk_People_u0027_s_Republic,0.19382219,0.26293141,1129,1136,7
Albanian_language_generic_instance,0.19373332,0.40487321,1130,679,-451
International_Olympic_Committee,0.19367205,0.32474854,1131,882,-249
Lagun_Onari,0.19366755,0.44942002,1132,604,-528
Khanbaliq,0.19350063,0.26460748,1133,1127,-6
Peiping,0.19350063,0.26460748,1134,1128,-6
Government_of_Russia_generic_instance,0.19344718,0.24841723,1135,1211,76
Capital_District_Q2723419,0.19341702,0.24781210,1136,1213,77
Istanbul_Province,0.19341239,0.30422186,1137,933,-204
Alliance_of_Small_Island_States,0.19325906,0.29443940,1138,976,-162
Aydos_Hill,0.19309149,0.30422186,1139,930,-209
Würm,0.19304562,0.21727240,1140,1403,263
Guillermo_Lasso,0.19292062,0.23501400,1141,1294,153
First_Round_Of_French_Presidential_Election_U002C__2017_Q29836873,0.19291670,0.21070070,1142,1482,340
Alberta,0.19271098,0.22729688,1143,1335,192
Pethapur_State,0.19268359,0.22304367,1144,1359,215
Collar_Of_The_Supreme_Order_Of_The_Chrysanthemum_Q5357263_generic_instance,0.19252635,0.25679886,1145,1169,24
Chen_Jining,0.19218952,0.26460748,1146,1123,-23
Yin_Yong__u0028_politician_u0029_,0.19218952,0.26460748,1147,1124,-23
Nathan_Allix_Q112042990,0.19200520,0.20860969,1148,1488,340
Eleanor_Shelley-Rolls,0.19169824,0.23389013,1149,1298,149
Janetta_Mary_Ornsby_Q104520965,0.19169824,0.23389013,1150,1299,149
Katharine_Parsons,0.19169824,0.23389013,1151,1300,149
Laura_Annie_Willson,0.19169824,0.23389013,1152,1301,149
Margaret_Dorothea_Rowbotham,0.19169824,0.23389013,1153,1302,149
Margaret_u002C__Lady_Moir,0.19169824,0.23389013,1154,1303,149
William_Shippen_Jr_u002E_,0.19158108,0.19921164,1155,1550,395
Paraná_River,0.19149834,0.23302583,1156,1308,152
Utrecht_Network,0.19142074,0.22283602,1157,1360,203
Gmina_Elbląg,0.19130361,0.25400404,1158,1180,22
Mittelland_Canal,0.19128207,0.22004788,1159,1375,216
County_Wexford,0.19120819,0.26110362,1160,1146,-14
Union_for_the_Mediterranean,0.19109602,0.29052990,1161,992,-169
Pavia,0.19108488,0.22278125,1162,1361,199
Archmere_Academy,0.19104315,0.23182750,1163,1311,148
Mallorca,0.19103187,0.23119365,1164,1317,153
Order_of_the_Seraphim,0.19093375,0.25436462,1165,1175,10
Republic_of_Lithuania__u0028_1918_u2013_1940_u0029_,0.19086031,0.23544211,1166,1293,127
Tokugawa_shogunate,0.19067253,0.24290693,1167,1252,85
Dongcheng_District_u002C__Beijing,0.19056396,0.25397724,1168,1181,13
Mercosur,0.19055483,0.25715063,1169,1166,-3
Chimborazo_Province,0.19042603,0.27410578,1170,1064,-106
Cordillera_Occidental__u0028_Ecuador_u0029_,0.19042603,0.27410578,1171,1065,-106
Holyhead_Q24674792,0.19002717,0.21913020,1172,1383,211
Grand_Cross_Of_The_Order_Of_Polonia_Restituta_Q15715257_generic_instance,0.18982108,0.25693090,1173,1167,-6
Legion_of_Honour,0.18976497,0.33073466,1174,862,-312
Chinese_language_generic_instance,0.18961944,0.39192932,1175,704,-471
Balıkesir,0.18955773,0.21856195,1176,1394,218
Autonomous_Republic_of_Crimea,0.18949136,0.24540584,1177,1227,50
Biket_İlhan_Q6027564,0.18948350,0.19076008,1178,1614,436
Urdu_generic_instance,0.18942810,0.45345264,1179,599,-580
Bangladesh,0.18936369,0.23413928,1180,1296,116
Zwickauer_Mulde,0.18930728,0.20454167,1181,1503,322
Grand_Cross_Of_The_Military_Order_Of_Christ_Q66476530_generic_instance,0.18916141,0.25746660,1182,1164,-18
Benjamin_Franklin,0.18914679,0.21345087,1183,1437,254
Bill_Gates,0.18893174,0.21598203,1184,1411,227
Federal_Republic_of_Central_America,0.18890509,0.21111344,1185,1454,269
City_of_Whittlesea,0.18889688,0.21693750,1186,1405,219
Alboran_Sea,0.18867847,0.24545700,1187,1226,39
University_of_Hamburg,0.18860497,0.23363412,1188,1306,118
Bitola,0.18848558,0.21570296,1189,1413,224
Union_State,0.18845978,0.28182100,1190,1029,-161
Gaziantep_Province,0.18843801,0.21570296,1191,1414,223
Romanian_language_generic_instance,0.18799909,0.34987531,1192,797,-395
Greater_Skopje_Q2575820,0.18799579,0.24874808,1193,1207,14
Skopsko_Polje_Q15135715,0.18799579,0.24874808,1194,1208,14
Romulus,0.18785577,0.24085569,1195,1258,63
Donetsk,0.18774587,0.21520534,1196,1416,220
Mahalangur_Himal,0.18747235,0.28809239,1197,999,-198
Jordan_River,0.18732963,0.22389134,1198,1357,159
Highest_Point_Of_Paris_Q1440664,0.18713005,0.36382042,1199,766,-433
Chatham_County_u002C__Georgia,0.18708562,0.22472085,1200,1349,149
Roberto_Gualtieri,0.18703187,0.24085569,1201,1257,56
Chile,0.18696574,0.22688105,1202,1341,139
Emily_Davies,0.18688868,0.21337062,1203,1440,237
Henrietta_Stanley_u002C__Baroness_Stanley_of_Alderley,0.18688868,0.21337062,1204,1441,237
University_of_Freiburg,0.18686467,0.21039808,1205,1484,279
United_Principalities_of_Moldavia_and_Wallachia,0.18661835,0.23685475,1206,1285,79
Naruhito,0.18659799,0.24505463,1207,1229,22
Freiburg__u0028_region_u0029_,0.18643900,0.21824003,1208,1397,189
Grand_Cross_Of_The_Order_Of_Charles_Iii_Q20866649_generic_instance,0.18611263,0.23795995,1209,1269,60
Halmstad,0.18581405,0.21372694,1210,1433,223
Macedonia__u0028_Greece_u0029_,0.18572431,0.23791854,1211,1270,59
Thessaloniki__u0028_municipality_u0029_,0.18572431,0.23791854,1212,1271,59
Sukhumi,0.18572294,0.21830614,1213,1395,182
Breisgau-Hochschwarzwald,0.18571227,0.19727912,1214,1564,350
Inter-Parliamentary_Union,0.18566950,0.27766655,1215,1049,-166
International_Red_Cross_and_Red_Crescent_Movement,0.18566950,0.27766655,1216,1050,-166
Henry_VI_of_England,0.18538044,0.19841731,1217,1554,337
Order_of_St_u002E__Olav,0.18511112,0.23880297,1218,1265,47
Allies_of_World_War_I,0.18507917,0.24290693,1219,1250,31
Bay_of_Bengal_Initiative_for_Multi-Sectoral_Technical_and_Economic_Cooperation,0.18507423,0.24804483,1220,1212,-8
Latin_Union,0.18500047,0.27564182,1221,1060,-161
Serbian_language_generic_instance,0.18499007,0.34669068,1222,805,-417
Ukrainian_language_generic_instance,0.18492147,0.34399892,1223,811,-412
Tunisia,0.18489520,0.24887475,1224,1205,-19
Montenegro_U2013_Ukraine_Free_Trade_Area_Q61466832,0.18475474,0.25625440,1225,1170,-55
Cominform,0.18472970,0.21860543,1226,1393,167
Yuriko_Koike,0.18462277,0.22705243,1227,1340,113
Raymond_VII_u002C__Count_of_Toulouse,0.18440065,0.19611250,1228,1570,342
Philip_II_of_Spain,0.18432080,0.19611250,1229,1569,340
Syr_Darya,0.18428980,0.21727997,1230,1402,172
Korab,0.18415968,0.23366997,1231,1305,74
Simón_Bolívar,0.18410197,0.21111344,1232,1455,223
J_u002E__G_u002E__Jeffreys,0.18408555,0.19563846,1233,1576,343
International_Glam_Labs_Community_Q72936141,0.18399259,0.21132973,1234,1451,217
Technical_University_of_Berlin,0.18395997,0.20554128,1235,1499,264
Elsterflutbett_Q1333897,0.18380779,0.21911175,1236,1385,149
Jesewitz,0.18380779,0.21911175,1237,1386,149
Belfast,0.18369597,0.22728398,1238,1336,98
Belgium_u2013_Luxembourg_Economic_Union,0.18357064,0.33121941,1239,860,-379
Emmendingen__u0028_district_u0029_,0.18352414,0.19460894,1240,1590,350
Dombay-Ulgen,0.18350634,0.22623606,1241,1343,102
Tatra_Mountains,0.18341826,0.23393167,1242,1297,55
Gibraltar,0.18340061,0.25237743,1243,1195,-48
Grand_Cordon_Of_The_Order_Of_Leopold_Q14900501_generic_instance,0.18338554,0.24012066,1244,1261,17
Caribbean_Sea,0.18336556,0.29049863,1245,993,-252
South_Russia__u0028_1919_u2013_1920_u0029_,0.18333621,0.21130234,1246,1452,206
Principado_De_Dombes_Q100272879,0.18332973,0.23725887,1247,1273,26
Republic_Of_Saint-Malo_Q3456417,0.18332973,0.23725887,1248,1274,26
West_Francia,0.18332973,0.23725887,1249,1275,26
Divoká_Orlice,0.18321405,0.24471538,1250,1232,-18
Companions_of_Liberation_generic_instance,0.18314072,0.36382042,1251,767,-484
Bursa,0.18309826,0.19821011,1252,1562,310
Mount_Dongling_Q10870769,0.18308252,0.26460748,1253,1122,-131
National_Consortium_For_Teaching_About_Asia_Q99600029,0.18305702,0.20662111,1254,1493,239
Recep_Tayyip_Erdoğan,0.18299813,0.24694565,1255,1220,-35
Lake_Maggiore,0.18299703,0.62741838,1256,391,-865
Australian_Research_Data_Commons,0.18295627,0.20020313,1257,1544,287
Group_of_Eight__u0028_Australian_universities_u0029_,0.18295627,0.20020313,1258,1545,287
Hans_Böckler_Preis_Q20230026,0.18287889,0.30906485,1259,914,-345
Carlton_House_Terrace,0.18281239,0.23060540,1260,1319,59
Ukrainian_Soviet_Socialist_Republic,0.18272928,0.23697376,1261,1282,21
Charlemagne_Prize,0.18260807,0.26701252,1262,1107,-155
Ipeľ,0.18256953,0.24170630,1263,1254,-9
Ig_Nobel_Prize,0.18250092,0.23234350,1264,1310,46
Grand_Cross_With_Collar_Of_The_Order_Of_The_White_Rose_Of_Finland_Q23769799_generic_instance,0.18233035,0.24115264,1265,1256,-9
Registered_Firearms_Q4200240,0.18225564,0.24343991,1266,1248,-18
Indian_Ocean,0.18224952,0.26626213,1267,1112,-155
Alec_Von_Graffenried_Q121896,0.18204949,0.34283358,1268,812,-456
Istanbul_University,0.18194295,0.21557365,1269,1415,146
Royal_Society_of_Literature,0.18190984,0.20746877,1270,1491,221
Knight_Grand_Cross_Of_The_Order_Of_Merit_Of_The_Italian_Republic_Q14539974_generic_instance,0.18184223,0.23790373,1271,1272,1
Denys_Shmyhal,0.18174282,0.23697376,1272,1276,4
Volodymyr_Zelenskyy,0.18174282,0.23697376,1273,1281,8
Norwegian_trench,0.18163107,0.40629008,1274,674,-600
Giorgia_Meloni,0.18151813,0.25353736,1275,1184,-91
Sergio_Mattarella,0.18151813,0.25353736,1276,1191,-85
University_of_Geneva,0.18130621,0.21376450,1277,1430,153
Cape_Coast,0.18113140,0.20052271,1278,1539,261
Matteo_Lepore,0.18104894,0.21214949,1279,1448,169
Hawaiian_u2013_Emperor_seamount_chain,0.18097572,0.24043031,1280,1260,-20
Heda_Segvic_Q28099613,0.18092144,0.18197441,1281,1732,451
Bjarni_Benediktsson__u0028_born_1908_u0029_,0.18088204,0.29748412,1282,953,-329
Carlo_Sforza,0.18088204,0.29748412,1283,954,-329
Dean_Acheson,0.18088204,0.29748412,1284,955,-329
Dirk_Stikker,0.18088204,0.29748412,1285,956,-329
Ernest_Bevin,0.18088204,0.29748412,1286,957,-329
Gustav_Rasmussen,0.18088204,0.29748412,1287,958,-329
Halvard_Lange,0.18088204,0.29748412,1288,959,-329
Joseph_Bech,0.18088204,0.29748412,1289,960,-329
José_Caeiro_da_Mata,0.18088204,0.29748412,1290,961,-329
Lester_B_u002E__Pearson,0.18088204,0.29748412,1291,962,-329
Paul-Henri_Spaak,0.18088204,0.29748412,1292,963,-329
Robert_Schuman,0.18088204,0.29748412,1293,964,-329
Almanzora_Basin_Q83412997,0.18087754,0.22541997,1294,1344,50
Penibaetic_System,0.18087754,0.22541997,1295,1345,50
Federated_States_of_Micronesia,0.18087742,0.24420328,1296,1247,-49
Greenland,0.18069136,0.23435393,1297,1295,-2
Japanese_language_generic_instance,0.18067030,0.33227008,1298,858,-440
Walter_Simons,0.18057497,0.24121665,1299,1255,-44
Order_of_the_Falcon,0.18042235,0.24706301,1300,1217,-83
UNESCO_Niels_Bohr_Medal,0.18022572,0.25913929,1301,1155,-146
Mohammed_Adjei_Sowah,0.18019310,0.20052271,1302,1538,236
Time_Person_of_the_Year,0.18018570,0.22904125,1303,1331,28
Grand_Cross_Of_The_Order_Of_Merit_Of_Hungary_Q458894_generic_instance,0.18012547,0.23386501,1304,1304,0
Bluetooth_Special_Interest_Group,0.18009698,0.20307236,1305,1518,213
Inner_Mongolian_People_u0027_s_Republic,0.18002178,0.24465234,1306,1243,-63
Pais_Haotià_Q15904324,0.18002178,0.24465234,1307,1244,-63
Pays_Dashun_Q15909533,0.18002178,0.24465234,1308,1245,-63
Congress_Poland,0.18001828,0.24471538,1309,1231,-78
Rada_Narodowa_Księstwa_Cieszyńskiego_Q9301958,0.18001828,0.24471538,1310,1237,-73
Regency_Council__u0028_Poland_u0029_,0.18001828,0.24471538,1311,1238,-73
Republic_of_Tarnobrzeg,0.18001828,0.24471538,1312,1239,-73
Order_of_King_Abdulaziz,0.17999373,0.22228780,1313,1363,50
_U0027_Verschlossene_Auster_U0027__Award_Q2517928,0.17982609,0.24451190,1314,1246,-68
Burkhard_Jung,0.17963397,0.21911175,1315,1384,69
Kingdom_Of_Poland_Q11750128,0.17963039,0.20200202,1316,1531,215
Romansh_language_generic_instance,0.17962375,0.62741838,1317,392,-925
Knight_Grand_Cross_Of_The_Order_Of_St_U002E__Olav_U200E__Q13377518_generic_instance,0.17946732,0.22432243,1318,1352,34
Mont_Blanc_massif,0.17938767,0.27973375,1319,1041,-278
MIKTA,0.17934461,0.24694565,1320,1222,-98
Order_of_the_White_Lion,0.17931692,0.21768526,1321,1398,77
University_College_London,0.17931550,0.19747243,1322,1563,241
Lake_Placid_u002C__New_York,0.17928238,0.19250000,1323,1601,278
Gulf_of_Naples,0.17924837,0.20256822,1324,1525,201
Trastevere,0.17920948,0.21263547,1325,1446,121
International_Federation_of_Red_Cross_and_Red_Crescent_Societies,0.17920334,0.29288109,1326,982,-344
Irish_Free_State,0.17919310,0.26142028,1327,1142,-185
Sri_Lanka,0.17918139,0.21242447,1328,1447,119
Li_Qiang,0.17911692,0.24465234,1329,1242,-87
George_II_of_Great_Britain,0.17906869,0.20553689,1330,1500,170
List_of_Nansen_Refugee_Award_laureates,0.17900971,0.26063616,1331,1148,-183
Community_for_Democracy_and_Rights_of_Nations,0.17899380,0.22102723,1332,1368,36
German_Academy_of_Sciences_at_Berlin,0.17886433,0.19422558,1333,1592,259
Order_of_José_Martí,0.17877273,0.21704614,1334,1404,70
Wilsterau,0.17864890,0.23604754,1335,1290,-45
Hanoi,0.17856513,0.21106082,1336,1456,120
Open_Preservation_Foundation_Q27981723,0.17852417,0.20170571,1337,1533,196
International_Alliance_of_Research_Universities,0.17852119,0.20119141,1338,1536,198
Leo_Varadkar,0.17831322,0.26142028,1339,1143,-196
Association_Trio,0.17822829,0.23697376,1340,1279,-61
Lublin_Triangle,0.17822829,0.23697376,1341,1280,-61
Ancient_Greek_generic_instance,0.17822087,0.28638205,1342,1008,-334
Dushanbe,0.17807614,0.19843216,1343,1553,210
Euro-Atlantic_Partnership_Council,0.17802848,0.25353736,1344,1186,-158
International_Mobile_Satellite_Organization,0.17802848,0.25353736,1345,1187,-158
Procurement_G6,0.17802848,0.25353736,1346,1188,-158
United_Nations_Truce_Supervision_Organization,0.17802848,0.25353736,1347,1189,-158
World_Customs_Organization,0.17802848,0.25353736,1348,1190,-158
Social_Democratic_Union_of_Macedonia,0.17800659,0.20010177,1349,1546,197
Carpathian_Mountains,0.17783986,0.20691976,1350,1492,142
Order_of_the_Liberator,0.17771239,0.21947221,1351,1376,25
IJsselmeer,0.17766199,0.26875190,1352,1087,-265
Markermeer,0.17766199,0.26875190,1353,1090,-263
Wadden_Sea,0.17766199,0.26875190,1354,1100,-254
Alexander_De_Croo,0.17751230,0.29097213,1355,988,-367
Philippe_of_Belgium,0.17751230,0.29097213,1356,990,-366
Bishkek,0.17745962,0.19688966,1357,1565,208
Presidential_Medal_of_Freedom_generic_instance,0.17745825,0.23181614,1358,1313,-45
Lahn,0.17744741,0.19266011,1359,1598,239
Pashto_generic_instance,0.17741531,0.28467663,1360,1017,-343
Grand_Cross_Of_The_Order_Of_The_White_Lion_Q20966518_generic_instance,0.17740810,0.21202915,1361,1450,89
Tokyo_Metropolitan_Government_Building,0.17735130,0.22705243,1362,1339,-23
Milky_Way,0.17723332,0.26059142,1363,1151,-212
Slieve_Donard,0.17720750,0.22728398,1364,1337,-27
Mount_Kumotori,0.17714913,0.22705243,1365,1338,-27
Orlice,0.17699416,0.20200202,1366,1532,166
Has__u0028_municipality_u0029_,0.17695469,0.21105002,1367,1461,94
Association_of_Commonwealth_Universities,0.17691033,0.19289760,1368,1596,228
University_of_Pisa,0.17676256,0.21332230,1369,1442,73
Creating_Opportunities,0.17666107,0.19405615,1370,1593,223
Toulouse,0.17658438,0.19611250,1371,1571,200
Étang_de_Lavalduc,0.17655201,0.43578842,1372,617,-755
Douai,0.17652267,0.19611250,1373,1568,195
Redmond_u002C__Washington,0.17651732,0.20217379,1374,1528,154
German_Research_Foundation,0.17651176,0.20661383,1375,1495,120
École_nationale_d_u0027_administration,0.17649004,0.22416565,1376,1355,-21
Neapolis_Q15122630,0.17643417,0.20256822,1377,1526,149
Parthenope_Q1383830,0.17643417,0.20256822,1378,1527,149
Hugh_Brogan,0.17642255,0.17648532,1379,1829,450
Blandford_Forum,0.17634088,0.19563846,1380,1577,197
Bryanston,0.17634088,0.19563846,1381,1578,197
Hebrew_language_generic_instance,0.17631731,0.29324777,1382,979,-403
Order_of_Leopold__u0028_Belgium_u0029_,0.17629480,0.21587942,1383,1412,29
Italian_Medal_of_Merit_for_Culture_and_Art_generic_instance,0.17627370,0.22098095,1384,1369,-15
Order_of_the_Gold_Lion_of_the_House_of_Nassau,0.17620784,0.21345079,1385,1438,53
Gold_Olympic_Order_Q15279719,0.17616275,0.21092232,1386,1480,94
Western_Asia,0.17606787,0.24694565,1387,1221,-166
Liberal_Democratic_Party__u0028_Japan_u0029_,0.17600234,0.19836430,1388,1561,173
Dunedin_City_Q96249787,0.17598701,0.19462500,1389,1588,199
Bulgarian_language_generic_instance,0.17597971,0.51948368,1390,510,-880
Çankaya_u002C__Ankara__u0028_district_u0029_,0.17594940,0.19614131,1391,1567,176
Olympic_Order_generic_instance,0.17592304,0.21097729,1392,1465,73
Mount_Ararat,0.17587518,0.24694565,1393,1219,-174
Committee_on_Space_Research,0.17585682,0.19579036,1394,1573,179
Yu_Shan,0.17584870,0.21349264,1395,1436,41
Fellow_of_the_British_Academy,0.17580824,0.19928210,1396,1549,153
Grand_Cross_With_Collar_Of_The_Order_Of_Vytautas_The_Great_Q23058092_generic_instance,0.17580282,0.21462806,1397,1426,29
Louis_VII_of_France,0.17574060,0.18458438,1398,1699,301
Beşiktaş,0.17565245,0.19380198,1399,1595,196
Gaetano_Manfredi,0.17563744,0.20256822,1400,1524,124
Gehlberg,0.17561900,0.18609600,1401,1688,287
Martinroda_u002C__Ilm-Kreis,0.17561900,0.18609600,1402,1690,288
Neusiß,0.17561900,0.18609600,1403,1691,288
Mongolian_People_u0027_s_Republic,0.17561610,0.20263606,1404,1523,119
Guyana,0.17558340,0.20832557,1405,1489,84
Ashley_Biden,0.17551050,0.18696957,1406,1668,262
Association_of_American_Universities,0.17546635,0.19531827,1407,1583,176
International_Renewable_Energy_Agency,0.17545293,0.22449352,1408,1351,-57
Second_Mexican_Empire,0.17532271,0.22979823,1409,1325,-84
John_Taylor_Johnston,0.17530459,0.18356836,1410,1710,300
Aral_u2013_Caspian_Depression,0.17523586,0.22483702,1411,1348,-63
Non-Aligned_Movement,0.17521006,0.22421660,1412,1353,-59
Axel_Krohn_Q29183060,0.17511198,0.23604754,1413,1288,-125
Mediterranean_Basin,0.17489870,0.25353736,1414,1185,-229
Hoverla,0.17489084,0.23697376,1415,1277,-138
Indiana_University_Bloomington,0.17483695,0.20291469,1416,1519,103
Lahn_u002C__Hesse,0.17480649,0.19266011,1417,1599,182
Karl_Liebknecht,0.17480624,0.19071654,1418,1617,199
Rosa_Luxemburg,0.17480624,0.19071654,1419,1618,199
Salzach,0.17460392,0.25897237,1420,1159,-261
Paektu_Mountain,0.17455781,0.21910153,1421,1388,-33
Order_Of_Stara_Planina_Q2522577,0.17455140,0.21128031,1422,1453,31
North_Channel__u0028_Great_Britain_and_Ireland_u0029_,0.17445417,0.20047702,1423,1540,117
St_George_u0027_s_Channel,0.17445417,0.20047702,1424,1541,117
Danish_language_generic_instance,0.17434868,0.31306677,1425,907,-518
Grand_Collar_Of_The_Order_Of_Prince_Henry_Q20859482,0.17428805,0.21830589,1426,1396,-30
Mark_Rutte,0.17424691,0.26875190,1427,1089,-338
Willem-Alexander_of_the_Netherlands,0.17424691,0.26875190,1428,1098,-330
Namhae__u0028_sea_u0029_,0.17424101,0.19471617,1429,1587,158
Celebes_Sea,0.17420171,0.24050390,1430,1259,-171
Japanese_archipelago,0.17412158,0.23876702,1431,1266,-165
Iron_Cross_generic_instance,0.17407004,0.21282503,1432,1444,12
Columbia_University,0.17406908,0.19061273,1433,1619,186
Philosophical_Hall,0.17406597,0.19915261,1434,1551,117
Dietlind_Grabe_Q1223297,0.17405882,0.19266011,1435,1597,162
Greater_Accra_Region,0.17385195,0.20052271,1436,1537,101
Linux_Foundation,0.17376849,0.23261149,1437,1309,-128
University_of_Paris,0.17375500,0.19187649,1438,1609,171
Mehmed_II,0.17375261,0.18664752,1439,1674,235
Albin_Kurti,0.17362694,0.21105002,1440,1458,18
Avdullah_Hoti,0.17362694,0.21105002,1441,1459,18
Isa_Mustafa,0.17362694,0.21105002,1442,1462,20
Ramush_Haradinaj,0.17362694,0.21105002,1443,1463,20
Vjosa_Osmani,0.17362694,0.21105002,1444,1464,20
Irish_Republic,0.17359565,0.19444145,1445,1591,146
Ihme,0.17356926,0.19568016,1446,1575,129
Grand_Cross_Of_The_Order_Of_The_Redeemer_Q21450802_generic_instance,0.17341263,0.20909356,1447,1487,40
Metropolitan_Area_Leipzig-Halle_Q805369,0.17341025,0.21911175,1448,1387,-61
Partnach,0.17333824,0.18235844,1449,1730,281
Bryn_Mawr_College,0.17330929,0.18799633,1450,1661,211
Mahmut_Ak_Q20471211,0.17323566,0.18664752,1451,1675,224
Xi_Mingze,0.17302334,0.17465616,1452,1854,402
Alpes-Maritimes_Q12898672,0.17295404,0.28227429,1453,1023,-430
Order_of_Orange-Nassau_generic_instance,0.17294441,0.20991670,1454,1486,32
Doctor_of_Juridical_Science_generic_instance,0.17291739,0.26502213,1455,1117,-338
Republic_of_Mississippi,0.17288622,0.22979823,1456,1326,-130
Rysy,0.17282911,0.24471538,1457,1234,-223
Politburo_of_the_Chinese_Communist_Party_generic_instance,0.17277704,0.19987191,1458,1548,90
Varna_u002C__Bulgaria,0.17258638,0.18285148,1459,1717,258
Indiana_University,0.17251749,0.20569802,1460,1498,38
Hartenstein_u002C__Saxony,0.17250309,0.18282547,1461,1723,262
Lauter-Bernsbach,0.17250309,0.18282547,1462,1724,262
Gerd-Michael_Seeber_Q2699234,0.17245614,0.18609600,1463,1689,226
Ivan_Silayev,0.17245360,0.20263606,1464,1521,57
Mikhail_Gorbachev,0.17245360,0.20263606,1465,1522,57
Samborondón,0.17245185,0.19405615,1466,1594,128
Attilâ_İlhan,0.17238835,0.17316372,1467,2152,685
Metin_Belgin_Q19611971,0.17238835,0.17316372,1468,2154,686
Order_of_the_Golden_Eagle,0.17237802,0.20144962,1469,1534,65
Elin_Zetterstrand_Q81312046,0.17233344,0.17452355,1470,1861,391
Greek_language_generic_instance,0.17233271,0.28074466,1471,1035,-436
Schleswig-Holsteinischer_Gemeindetag_Q2239296,0.17233161,0.23604754,1472,1289,-183
Stichting_Academisch_Erfgoed,0.17230510,0.18830255,1473,1659,186
Vereniging_van_Universiteiten,0.17230510,0.18830255,1474,1660,186
Albert_II_u002C__Prince_of_Monaco,0.17226220,0.28227429,1475,1022,-453
Pierre_Dartout,0.17226220,0.28227429,1476,1025,-451
Jefferson_Davis,0.17219643,0.22979823,1477,1324,-153
Auer_Mühlbach,0.17214497,0.19031160,1478,1624,146
Dreiseenplatte,0.17214497,0.19031160,1479,1625,146
Eisbach__u0028_Isar_u0029_,0.17214497,0.19031160,1480,1626,146
Gräfelfing,0.17214497,0.19031160,1481,1627,146
Grünwald_u002C__Bavaria,0.17214497,0.19031160,1482,1628,146
Haar_u002C__Bavaria,0.17214497,0.19031160,1483,1629,146
Isar-Werkkanal_Q1673718,0.17214497,0.19031160,1484,1630,146
Kleine_Isar__u0028_Munich_u0029_,0.17214497,0.19031160,1485,1631,146
Kleinhesseloher_See_Q1746836,0.17214497,0.19031160,1486,1632,146
Neubiberg,0.17214497,0.19031160,1487,1634,147
Neuried_u002C__Bavaria,0.17214497,0.19031160,1488,1635,147
Nymphenburg_Canal_Q19250109,0.17214497,0.19031160,1489,1636,147
Planegg,0.17214497,0.19031160,1490,1637,147
Putzbrunn,0.17214497,0.19031160,1491,1638,147
Schwabinger_Bach,0.17214497,0.19031160,1492,1639,147
Unterhaching,0.17214497,0.19031160,1493,1640,147
University_of_London,0.17195634,0.20036696,1494,1542,48
Singapore_Strait,0.17192236,0.25872412,1495,1161,-334
Ulrich_Sinn,0.17176500,0.17240335,1496,2165,669
Baltic_Assembly,0.17162928,0.21465780,1497,1425,-72
Signal_de_Botrange,0.17157352,0.29097213,1498,989,-509
Alexander_Van_der_Bellen,0.17156638,0.25897237,1499,1156,-343
Karl_Nehammer,0.17156638,0.25897237,1500,1158,-342
Accreditation_Organisation_of_the_Netherlands_and_Flanders,0.17156232,0.26875190,1501,1085,-416
European_Investment_Bank,0.17156232,0.26875190,1502,1086,-416
International_Trade_Union_Confederation,0.17156232,0.26875190,1503,1088,-415
National_Education_Association,0.17156232,0.26875190,1504,1092,-412
Economic_and_Monetary_Union_of_the_European_Union_generic_instance,0.17156232,0.26875190,1505,1093,-412
Paris_Club,0.17156232,0.26875190,1506,1094,-412
United_Nations_Institute_for_Training_and_Research,0.17156232,0.26875190,1507,1095,-412
United_Nations_Peacekeeping_Force_in_Cyprus,0.17156232,0.26875190,1508,1096,-412
Zangger_Committee,0.17156232,0.26875190,1509,1097,-412
Danville_u002C__Virginia,0.17155591,0.22979823,1510,1321,-189
Montgomery_u002C__Alabama,0.17155591,0.22979823,1511,1322,-189
Richmond_u002C__Virginia,0.17155591,0.22979823,1512,1323,-189
Ciprian-George_Barbu_Q26137540,0.17144637,0.18091875,1513,1744,231
Merit_Steinmeier_Q111353607,0.17138613,0.17814912,1514,1795,281
Raymond_Geuss,0.17137670,0.17209689,1515,2189,674
Lycée_Notre_Dame_de_Sion_Istanbul,0.17131250,0.18519802,1516,1697,181
Beau_Biden,0.17129155,0.18247066,1517,1725,208
Hunter_Biden,0.17129155,0.18247066,1518,1726,208
Naomi_Biden_Q98854696,0.17129155,0.18247066,1519,1728,209
Kinga_Duda_Q28371905,0.17088220,0.17257790,1520,2163,643
Korean_language_generic_instance,0.17087026,0.26692628,1521,1108,-413
Belit_Onay,0.17065946,0.19568016,1522,1574,52
Egon_Krenz,0.17060090,0.21094030,1523,1467,-56
Erich_Honecker,0.17060090,0.21094030,1524,1468,-56
Hans_Modrow,0.17060090,0.21094030,1525,1469,-56
Horst_Sindermann,0.17060090,0.21094030,1526,1470,-56
Lothar_de_Maizière,0.17060090,0.21094030,1527,1471,-56
Manfred_Gerlach,0.17060090,0.21094030,1528,1472,-56
Otto_Grotewohl,0.17060090,0.21094030,1529,1473,-56
Sabine_Bergmann-Pohl,0.17060090,0.21094030,1530,1474,-56
Walter_Ulbricht,0.17060090,0.21094030,1531,1475,-56
Wilhelm_Pieck,0.17060090,0.21094030,1532,1476,-56
Willi_Stoph,0.17060090,0.21094030,1533,1477,-56
Elisabeth_Koch_Q90416988,0.17045696,0.18235844,1534,1729,195
Nishan-e-Pakistan,0.17038393,0.20597858,1535,1497,-38
Thomas_Merton_Award,0.17037630,0.24471538,1536,1233,-303
Collar_Of_The_Order_Of_The_Star_Of_Romania_Q20857526_generic_instance,0.17012513,0.20312952,1537,1517,-20
University_of_New_Zealand,0.17012227,0.19462500,1538,1589,51
Netval_Research_Universities_Network,0.17007470,0.18626479,1539,1683,144
Free_University_of_Berlin,0.16996614,0.19536609,1540,1582,42
Mehmed_Namık_Pasha,0.16992041,0.17628119,1541,1832,291
Burscheid,0.16972831,0.17863891,1542,1782,240
Heinrich_Kohl_Q109768389,0.16972491,0.18282547,1543,1722,179
Landsort_Deep_Q1803925,0.16970324,0.26497488,1544,1118,-426
Law_and_Justice,0.16967896,0.18387036,1545,1706,161
Order_Of_The__U0027_Commonwealth_U0027__Q16683283,0.16959461,0.19074355,1546,1616,70
Cantabrian_Sea,0.16959227,0.21481117,1547,1424,-123
Sydney,0.16951749,0.18346875,1548,1711,163
Order_of_the_Republic_of_Serbia,0.16946192,0.19181654,1549,1610,61
Caribbean_Community,0.16934277,0.21356693,1550,1434,-116
Caribbean_Disaster_Emergency_Management_Agency,0.16934277,0.21356693,1551,1435,-116
Ross_Sheppard_High_School,0.16934159,0.18187500,1552,1736,184
Q215627,0.16924727,0.21375000,1553,1431,-122
Q5,0.16924727,0.21375000,1554,1432,-122
LIGO_Scientific_Collaboration,0.16922243,0.18023611,1555,1755,200
Grand_Cordon_Of_The_Supreme_Order_Of_The_Chrysanthemum_Q5361043_generic_instance,0.16911099,0.20121583,1556,1535,-21
Dimitar_Kovačevski,0.16910038,0.20209117,1557,1529,-28
Stevo_Pendarovski,0.16910038,0.20209117,1558,1530,-28
Mount_Scenery,0.16901299,0.26875190,1559,1091,-468
Grand_Cross_With_Collar_Of_The_Order_Of_The_Three_Stars_Q47086409_generic_instance,0.16890019,0.20030618,1560,1543,-17
M_u002E__Carey_Thomas,0.16885457,0.17663281,1561,1824,263
Szczecin_Lagoon,0.16877835,0.19525224,1562,1586,24
Istanbul_University_Faculty_Of_Law_Q6099542,0.16872919,0.18325007,1563,1712,149
Carl_XVI_Gustaf,0.16872034,0.21634181,1564,1406,-158
Ulf_Kristersson,0.16872034,0.21634181,1565,1410,-155
Union_of_German_Academies_of_Sciences_and_Humanities,0.16868134,0.17926400,1566,1777,211
Calypso_Deep,0.16863507,0.26174528,1567,1141,-426
Georgian_language_generic_instance,0.16857618,0.25129037,1568,1197,-371
Gjeravica,0.16852684,0.21105002,1569,1460,-109
Korea,0.16844551,0.19996023,1570,1547,-23
Fossa_Magna,0.16844288,0.20518772,1571,1501,-70
French_Guiana,0.16842343,0.19587692,1572,1572,0
Minecraft,0.16836969,0.17452355,1573,1863,290
Federal_Foreign_Office,0.16823627,0.20661383,1574,1494,-80
Sara_Yorke_Stevenson,0.16817878,0.17516833,1575,1850,275
William_Pepper,0.16817878,0.17516833,1576,1851,275
Eberhard_I_u002C__Duke_of_Württemberg,0.16813510,0.18313999,1577,1713,136
Standard_Chinese_generic_instance,0.16812184,0.29901440,1578,946,-632
Van_u002C__Turkey,0.16806910,0.17628119,1579,1831,252
Order_of_Liberty__u0028_Ukraine_u0029_,0.16806375,0.19847588,1580,1552,-28
Honorary_Doctor_Of_The_University_Of_Athens_Q56239664_generic_instance,0.16803302,0.19189575,1581,1608,27
Katerina_Tikhonova,0.16798312,0.16870292,1582,2264,682
Maria_Vorontsova,0.16798312,0.16870292,1583,2265,682
Azuga,0.16793224,0.18187500,1584,1735,151
Quartet_on_the_Middle_East,0.16790532,0.23686913,1585,1284,-301
Portuguese_language_generic_instance,0.16790342,0.26109949,1586,1147,-439
Pisa,0.16783307,0.18626479,1587,1684,97
Boris_Yeltsin,0.16774640,0.18612388,1588,1687,99
Karla_Pollmann,0.16774040,0.18313999,1589,1714,125
First_Spanish_Republic,0.16770715,0.21481117,1590,1418,-172
Kingdom_of_Aragon,0.16770715,0.21481117,1591,1419,-172
Leonid_Pasechnik,0.16768053,0.18192738,1592,1733,141
Sergey_Kozlov__u0028_politician_u0029_,0.16768053,0.18192738,1593,1734,141
Louis_V_u002C__Landgrave_of_Hesse-Darmstadt,0.16759966,0.17971214,1594,1757,163
Elizabeta_Gjorgievska,0.16748249,0.17147219,1595,2203,608
Narew,0.16746881,0.18617102,1596,1686,90
Chemin_des_Révoires,0.16745670,0.28227429,1597,1024,-573
Kazakh_language_generic_instance,0.16743489,0.24499547,1598,1230,-368
Republican_People_u0027_s_Party,0.16739765,0.18691878,1599,1670,71
Slovak_language_generic_instance,0.16735180,0.24738558,1600,1216,-384
Sciences_Po,0.16733416,0.18767536,1601,1665,64
Mommsen_Society_Q1583587,0.16732494,0.17759989,1602,1810,208
Uwe_Richrath_Q23041796,0.16729270,0.17863891,1603,1783,180
Catalan_language_generic_instance,0.16728742,0.25340973,1604,1193,-411
Sea_of_Galilee,0.16728383,0.20380802,1605,1516,-89
Felipe_VI,0.16717346,0.21481117,1606,1417,-189
Pedro_Sánchez,0.16717346,0.21481117,1607,1421,-186
Presidencies_and_provinces_of_British_India_generic_instance,0.16710923,0.19556601,1608,1581,-27
University_of_Pennsylvania_Museum_of_Archaeology_and_Anthropology,0.16709748,0.17765883,1609,1809,200
Belarusian_language_generic_instance,0.16702703,0.23913609,1610,1264,-346
Musala,0.16698751,0.21732322,1611,1399,-212
Muntenia,0.16694221,0.18091875,1612,1742,130
Prahova_County,0.16694221,0.18091875,1613,1743,130
Grossglockner,0.16691108,0.25897237,1614,1157,-457
Habilitation_generic_instance,0.16672390,0.22042591,1615,1373,-242
Alexander_Ankvab,0.16668104,0.18658644,1616,1677,61
Aslan_Bzhania,0.16668104,0.18658644,1617,1678,61
Union_between_Sweden_and_Norway,0.16664765,0.21634181,1618,1409,-209
Dreisam,0.16661322,0.17364804,1619,2147,528
Kumanovo,0.16650554,0.17862958,1620,1785,165
Czech_language_generic_instance,0.16648553,0.25035831,1621,1201,-420
Women_u0027_s_College_Coalition,0.16640210,0.17663281,1622,1826,204
Mount_Hermon,0.16635017,0.20380802,1623,1515,-108
Europaeum,0.16623057,0.17705866,1624,1815,191
Mojang_Studios,0.16618970,0.17966900,1625,1763,138
Governorate_of_Livonia,0.16599388,0.19085093,1626,1612,-14
Pskov_Governorate,0.16599388,0.19085093,1627,1613,-14
María_de_Lourdes_Alcívar,0.16595612,0.16997619,1628,2224,596
Alan_Gagloev,0.16592259,0.18444079,1629,1700,71
Konstantin_Dzhussoev,0.16592259,0.18444079,1630,1701,71
Macedonian_language_generic_instance,0.16587684,0.23852901,1631,1268,-363
Uzbek_language_generic_instance,0.16584854,0.23334924,1632,1307,-325
Lycée_Henri-IV,0.16583566,0.18411879,1633,1704,71
North_American_Reciprocal_Museum_Association,0.16581421,0.17516833,1634,1849,215
Community_of_Latin_American_and_Caribbean_States,0.16578796,0.19671242,1635,1566,-69
Open_Source_Business_Alliance,0.16577621,0.18313999,1636,1715,79
Sakarya_Province,0.16574504,0.17628119,1637,1833,196
Oberlin_u002C__Ohio,0.16564405,0.17685469,1638,1819,181
Officer_Of_The_Order_Of_The_British_Empire_Q10762848_generic_instance,0.16562156,0.19075501,1639,1615,-24
Saint_Petersburg_State_University,0.16556523,0.17639940,1640,1830,190
Carbon_Neutrality_Coalition,0.16554060,0.21046941,1641,1483,-158
Singapore_River,0.16550017,0.20436206,1642,1507,-135
University_of_Delaware,0.16547964,0.18696957,1643,1669,26
Officer_Of_The_National_Order_Of_Merit_Q13422140_generic_instance,0.16546433,0.20641228,1644,1496,-148
Serbia_and_Montenegro,0.16541180,0.19197926,1645,1606,-39
Nepali_language_generic_instance,0.16534112,0.23866265,1646,1267,-379
Pirate_Party__u0028_Sweden_u0029_,0.16533331,0.17452355,1647,1862,215
Rupert_I_u002C__Elector_Palatine,0.16532660,0.17742708,1648,1812,164
Louis_Bonaparte,0.16532075,0.17383764,1649,1880,231
Taiwanese_Hokkien_generic_instance,0.16531157,0.22924513,1650,1328,-322
Taiwanese_Mandarin_generic_instance,0.16531157,0.22924513,1651,1329,-322
Organization_of_Ibero-American_States,0.16527203,0.21481117,1652,1420,-232
Member_States_Of_The_Organization_Of_Ibero-American_States_Q5780539,0.16527203,0.21481117,1653,1422,-231
Meyrin,0.16515064,0.21880325,1654,1390,-264
Prévessin-Moëns,0.16515064,0.21880325,1655,1391,-264
Split_u002C__Croatia,0.16513660,0.17209689,1656,2188,532
Amasya,0.16505759,0.17190099,1657,2190,533
Independent_Games_Festival_Audience_Award_Q74374539,0.16504922,0.17966900,1658,1761,103
Seumas_McNally_Grand_Prize,0.16504922,0.17966900,1659,1762,103
Kuialnyk_Estuary,0.16500442,0.23697376,1660,1278,-382
Bernhard_Eitel,0.16499303,0.17742708,1661,1811,150
Rui_u0027_an,0.16498563,0.17970778,1662,1760,98
Contane_Q3687778,0.16489822,0.25353736,1663,1183,-480
Socialist_Party__u0028_France_u0029_,0.16489743,0.19229576,1664,1605,-59
Edward_VII,0.16485350,0.17579796,1665,1840,175
Azerbaijani_language_generic_instance,0.16476322,0.23181983,1666,1312,-354
Gallipoli_Star,0.16471559,0.18786940,1667,1663,-4
Liakat_Medal,0.16471559,0.18786940,1668,1664,-4
Élysée_Palace,0.16468178,0.18411879,1669,1705,36
Kebnekaise,0.16467938,0.21634181,1670,1407,-263
Great_Lakes,0.16465036,0.19839893,1671,1558,-113
Hudson_Bay,0.16465036,0.19839893,1672,1559,-113
Bryn_Mawr_u002C__Pennsylvania,0.16457057,0.17663281,1673,1825,152
Eleni-Alexandra_Amburger_Q20800727,0.16456647,0.16499450,1674,2334,660
Martin_Horn__u0028_politician_u0029_,0.16456219,0.17364804,1675,2149,474
University_of_Montenegro,0.16453631,0.17862958,1676,1784,108
Eastern_Partnership,0.16452744,0.19024224,1677,1645,-32
Admiralspalast,0.16452462,0.21860543,1678,1392,-286
Heidelberg_Academy_of_Sciences_and_Humanities,0.16449366,0.17214116,1679,2170,491
Order_of_Nazarbayev,0.16441436,0.18064302,1680,1746,66
Honorary_Doctor_Of_The_University_Of_Oxford_Q42043175_generic_instance,0.16429567,0.19190668,1681,1607,-74
Fujisan_Hongū_Sengen_Taisha,0.16428069,0.20518772,1682,1502,-180
Hindi_generic_instance,0.16427617,0.22919909,1683,1330,-353
Paraguayan_National_Junior_Beach_Handball_Team_Q62755253,0.16419609,0.17125000,1684,2206,522
Order_of_Zayed,0.16418772,0.18205137,1685,1731,46
Renaissance__u0028_French_political_party_u0029_,0.16417101,0.19248125,1686,1602,-84
Jan-Pieter_Nitzsche_Q81621153,0.16416667,0.16416667,1687,2371,684
Lao_language_generic_instance,0.16410849,0.22097946,1688,1370,-318
Singapore_in_Malaysia,0.16400878,0.20436206,1689,1508,-181
Quechuan_languages_generic_instance,0.16400474,0.22505148,1690,1346,-344
Irish_language_generic_instance,0.16397448,0.27399893,1691,1068,-623
Gazi_University,0.16396157,0.17316372,1692,2153,461
Johannes_Peter_Müller,0.16394430,0.17298783,1693,2156,463
Pisa_University_System,0.16380851,0.18626479,1694,1685,-9
Olivier_Allix_Q48221305,0.16378064,0.17829888,1695,1790,95
Balearic_Islands_Q107356469,0.16376619,0.17807351,1696,1797,101
Gymnesian_Islands,0.16376619,0.17807351,1697,1798,101
Ayding_Lake,0.16376319,0.24465234,1698,1240,-458
Raczki_Elbląskie,0.16376159,0.24471538,1699,1235,-464
Żuławy_Wiślane,0.16376159,0.24471538,1700,1236,-464
Commonwealth_of_the_Philippines,0.16374286,0.21933206,1701,1378,-323
Puig_Major,0.16366443,0.17807351,1702,1799,97
Burmese_language_generic_instance,0.16361989,0.22036733,1703,1374,-329
Halimah_Yacob,0.16358655,0.20436206,1704,1505,-199
Lee_Hsien_Loong,0.16358655,0.20436206,1705,1506,-199
Hauptstadt_Der_Bewegung_Q1589624,0.16358559,0.19031160,1706,1633,-73
Kyrgyz_language_generic_instance,0.16356466,0.22314582,1707,1358,-349
Doctor_Of_Economics_Q17281072_generic_instance,0.16355738,0.21204271,1708,1449,-259
Paris_Nanterre_University,0.16353142,0.19229576,1709,1603,-106
Lobnya,0.16350350,0.17872575,1710,1781,71
Mette_Frederiksen,0.16349595,0.20404111,1711,1513,-198
Teide,0.16346641,0.21481117,1712,1423,-289
Princess_Of_Asturias_Award_For_Technical_And_Scientific_Research_Q3320352_generic_instance,0.16342286,0.21880325,1713,1389,-324
Olwen_Brogan,0.16342252,0.16382604,1714,2375,661
North_Slob,0.16338330,0.26142028,1715,1144,-571
Weissensee__u0028_Berlin_u0029_,0.16333361,0.17325694,1716,2150,434
Alliance_4Eu_U002B__Q63171242,0.16333302,0.17742708,1717,1813,96
University_of_Zagreb,0.16333070,0.17209689,1718,2187,469
Bongbong_Marcos,0.16332865,0.21933206,1719,1377,-342
Karlsruhe_Institute_of_Technology,0.16328023,0.17169331,1720,2201,481
Joan_Enric_Vives_i_Sicília,0.16327733,0.19034825,1721,1622,-99
Xavier_Espot_Zamora,0.16327733,0.19034825,1722,1623,-99
Robert_College,0.16326111,0.17190099,1723,2191,468
Province_of_Canada,0.16324074,0.19839893,1724,1560,-164
Central_Party_School_of_the_Chinese_Communist_Party,0.16319773,0.17970778,1725,1758,33
Zhejiang_Agricultural_University,0.16319773,0.17970778,1726,1759,33
Abkhazia,0.16317769,0.18658644,1727,1676,-51
Irreligion_generic_instance,0.16308300,0.25681305,1728,1168,-560
Arabian_Sea,0.16303229,0.19556601,1729,1580,-149
De_Moeren_Q2417076,0.16300471,0.29097213,1730,991,-739
Xbox_Game_Studios,0.16298257,0.18054373,1731,1752,21
Oak_Ridge_Associated_Universities,0.16292146,0.17579796,1732,1845,113
Syracuse_University,0.16291960,0.18247066,1733,1727,-6
Beverly_Hills_u002C__California,0.16291250,0.17452355,1734,1860,126
Konya,0.16290650,0.16877228,1735,2257,522
Ghislieri_College,0.16289439,0.17125000,1736,2205,469
Andorra_la_Vella,0.16289419,0.19034825,1737,1620,-117
Honorary_Professor_Q338337_generic_instance,0.16288593,0.17723594,1738,1814,76
William_the_Silent,0.16287511,0.17123614,1739,2208,469
Justin_Trudeau,0.16284166,0.19839893,1740,1557,-183
National_Prize_of_the_German_Democratic_Republic,0.16283935,0.17486552,1741,1853,112
Mario_Abdo_Benítez,0.16281746,0.18032910,1742,1754,12
Order_of_the_Crown__u0028_Netherlands_u0029_,0.16269461,0.18513293,1743,1698,-45
Gulf_of_Aqaba,0.16268257,0.18058213,1744,1749,5
Fine_Gael,0.16265676,0.17777590,1745,1805,60
Czech_Republic_Q3496079,0.16261874,0.18984516,1746,1657,-89
King_u0027_s_College_u002C__Cambridge,0.16260672,0.17088462,1747,2214,467
Hester_Bijl_Q59096960,0.16259490,0.17123614,1748,2207,459
Mount_Khalatsa,0.16248555,0.18444079,1749,1702,-47
Bidya_Devi_Bhandari,0.16246517,0.18597090,1750,1692,-58
Pushpa_Kamal_Dahal,0.16246517,0.18597090,1751,1694,-57
Yuko_Kishida,0.16242352,0.16619854,1752,2322,570
Katerina_Sakellaropoulou,0.16235822,0.18632532,1753,1680,-73
Kyriakos_Mitsotakis,0.16235822,0.18632532,1754,1681,-73
Denis_William_Brogan,0.16228762,0.16265928,1755,2410,655
Finnish_language_generic_instance,0.16226376,0.21275905,1756,1445,-311
Petr_Fiala,0.16223841,0.18984516,1757,1655,-102
Petr_Pavel,0.16223841,0.18984516,1758,1656,-102
Knight_Of_The_Order_Of_Polonia_Restituta_Q15715250_generic_instance,0.16223353,0.17659295,1759,1827,68
Balliol_College_u002C__Oxford,0.16215170,0.17011365,1760,2216,456
Zehlendorf__u0028_Berlin_u0029_,0.16203141,0.17814912,1761,1796,35
Spd_Bundestag_Fraction_Q2207512,0.16197523,0.19560721,1762,1579,-183
Klaus_Iohannis,0.16197363,0.18369118,1763,1707,-56
Nicolae_Ciucă,0.16197363,0.18369118,1764,1709,-55
Mongolian_language_generic_instance,0.16192274,0.21436172,1765,1427,-338
Turkish_Land_Forces,0.16192006,0.17628119,1766,1834,68
University_Of_Essex_Department_Of_History_Q55128872,0.16191389,0.16875157,1767,2263,496
Nation_Alliance__u0028_Turkey_u0029_,0.16188196,0.16986012,1768,2225,457
Aue_u002C__Saxony,0.16187416,0.19250000,1769,1600,-169
Trippenhuis,0.16183968,0.17383764,1770,1882,112
Buenos_Aires,0.16173884,0.17538977,1771,1847,76
Prix_De_La_Carpette_Anglaise_Q116984705,0.16172473,0.19229576,1772,1604,-168
Lithuanian_language_generic_instance,0.16163409,0.21337898,1773,1439,-334
Vietnamese_language_generic_instance,0.16154949,0.21106082,1774,1457,-317
Honorary_Doctor_Of_The_Tsinghua_University_Q63091960_generic_instance,0.16152920,0.17544791,1775,1846,71
Grand_Cross_Of_The_National_Order_Of_Merit_Q13422143_generic_instance,0.16151341,0.18796431,1776,1662,-114
Upper_Rhine_Trinational_Metropolitan_Region_Q606944,0.16150384,0.17364804,1777,2148,371
School_of_Medicine__u0028_Trinity_College_Dublin_u0029_,0.16149620,0.17777590,1778,1806,28
The_King_u0027_s_Hospital,0.16149620,0.17777590,1779,1807,28
Trinity_College_Dublin,0.16149620,0.17777590,1780,1808,28
Hammersmith_Campus_U002C__Imperial_College_London_Q86114776,0.16147859,0.17579796,1781,1841,60
Silwood_Park,0.16147859,0.17579796,1782,1842,60
South_Kensington_Campus_U002C__Imperial_College_London_Q86088281,0.16147859,0.17579796,1783,1843,60
White_City_Campus_U002C__Imperial_College_London_Q86113860,0.16147859,0.17579796,1784,1844,60
Zuidplaspolder,0.16146120,0.26875190,1785,1099,-686
Osnabrück,0.16143827,0.18283136,1786,1718,-68
Five_Eyes,0.16141985,0.19839893,1787,1555,-232
Luxembourgish_generic_instance,0.16141946,0.23574720,1788,1291,-497
University_American_College_Skopje,0.16141942,0.17147219,1789,2204,415
Repton_School,0.16137431,0.16875157,1790,2260,470
St_Faith_u0027_s_School,0.16137431,0.16875157,1791,2261,470
St_John_u0027_s_College_u002C__Cambridge,0.16137431,0.16875157,1792,2262,470
Üsküdar_American_Academy,0.16136667,0.16877228,1793,2258,465
David_Ben-Gurion,0.16136414,0.18058213,1794,1748,-46
Estonian_language_generic_instance,0.16132750,0.20812738,1795,1490,-305
Order_of_the_Badge_of_Honour,0.16131318,0.17505529,1796,1852,56
Grand_Cross_Of_The_Order_Of_Boyacá_Q73136954_generic_instance,0.16126862,0.18297877,1797,1716,-81
South_Asian_Association_for_Regional_Cooperation,0.16120706,0.18176099,1798,1738,-60
People_u0027_s_Republic_of_Bulgaria,0.16119787,0.18691665,1799,1673,-126
Bay_of_Bengal,0.16114571,0.18176099,1800,1739,-61
Order_Of_The_Cross_Of_Terra_Mariana_U002C__1St_Class_Q23058979,0.16113496,0.18553239,1801,1696,-105
Benjamin_Netanyahu,0.16111681,0.18058213,1802,1747,-55
Isaac_Herzog,0.16111681,0.18058213,1803,1751,-52
Rio_Group,0.16109413,0.18065207,1804,1745,-59
Georgian_Soviet_Socialist_Republic,0.16106127,0.17965234,1805,1770,-35
Byelorussian_Soviet_Socialist_Republic,0.16098181,0.17949059,1806,1776,-30
Gmina_Bukowina_Tatrzańska,0.16089765,0.17600101,1807,1836,29
Latvian_language_generic_instance,0.16089648,0.21000430,1808,1485,-323
Galab_Donev,0.16086037,0.18691665,1809,1671,-138
Rumen_Radev,0.16086037,0.18691665,1810,1672,-138
Tiananmen,0.16082900,0.24465234,1811,1241,-570
Dina_Boluarte,0.16078571,0.17855989,1812,1787,-25
Prinsipà_Inperiałe_Del_Liechtenstein_Q66087897,0.16072795,0.18996262,1813,1653,-160
Irakli_Garibashvili,0.16072788,0.17965234,1814,1767,-47
Salome_Zourabichvili,0.16072788,0.17965234,1815,1768,-47
Jane_Elizabeth_Buckley_Q96083449,0.16067250,0.16107693,1816,2450,634
Ruth_Padel,0.16067250,0.16107693,1817,2452,635
Bukit_Timah_Hill,0.16065377,0.20436206,1818,1504,-314
Alexander_Lukashenko,0.16065082,0.17949059,1819,1771,-48
Roman_Golovchenko,0.16065082,0.17949059,1820,1774,-46
Henry_Brougham_u002C__1st_Baron_Brougham_and_Vaux,0.16064072,0.16525923,1821,2325,504
Møllehøj,0.16058272,0.20404111,1822,1512,-310
Zentralverband_der_deutschen_Konsumgenossenschaften,0.16055149,0.18283136,1823,1720,-103
Luvsannamsrain_Oyun-Erdene,0.16054162,0.17679317,1824,1822,-2
Ukhnaagiin_Khürelsükh,0.16054162,0.17679317,1825,1823,-2
Vladlena_Mishustina_Q82751268,0.16049828,0.16436288,1826,2346,520
Koninklijk,0.16048948,0.17383764,1827,1881,54
Wimpole_Street,0.16045527,0.16521282,1828,2333,505
Mount_Apo,0.16045154,0.21933206,1829,1379,-450
Banco_Guayaquil_Q5718094,0.16042241,0.16997619,1830,2220,390
Bolsa_De_Valores_De_Guayaquil_Q6397522,0.16042241,0.16997619,1831,2221,390
Ankara_University,0.16041765,0.16642574,1832,2314,482
Coma_Pedrosa,0.16041129,0.19034825,1833,1621,-212
Daniel_Risch,0.16040461,0.18996262,1834,1646,-188
Hans-Adam_II_u002C__Prince_of_Liechtenstein,0.16040461,0.18996262,1835,1648,-187
Váh,0.16028259,0.17802860,1836,1804,-32
Henri_u002C__Grand_Duke_of_Luxembourg,0.16023801,0.19024728,1837,1641,-196
Xavier_Bettel,0.16023801,0.19024728,1838,1643,-195
United_States_of_Colombia,0.16022168,0.17460796,1839,1859,20
Vaduz,0.16010436,0.18996262,1840,1652,-188
Mount_Logan,0.16006967,0.19839893,1841,1556,-285
Cerro_Tres_Kandú,0.16005070,0.18032910,1842,1753,-89
De_La_Salle_Brothers,0.15995037,0.16997619,1843,2222,379
Pontifical_Catholic_University_of_Ecuador,0.15995037,0.16997619,1844,2223,379
Community_of_Portuguese_Language_Countries,0.15993976,0.17921506,1845,1778,-67
Phankham_Viphavanh,0.15993011,0.17219178,1846,2168,322
Thongloun_Sisoulith,0.15993011,0.17219178,1847,2169,322
Gustavo_Petro,0.15991360,0.17460796,1848,1857,9
Iván_Duque,0.15991360,0.17460796,1849,1858,9
Candidate_Of_Economic_Sciences_Q17744738_generic_instance,0.15987408,0.20285674,1850,1520,-330
FAI_Gold_Air_Medal,0.15984901,0.16877228,1851,2259,408
Indo-Gangetic_Plain,0.15984724,0.18597090,1852,1693,-159
People_u0027_s_Socialist_Republic_of_Albania,0.15978514,0.17700811,1853,1818,-35
Acton_u002C__Australian_Capital_Territory,0.15975874,0.16673438,1854,2286,432
Nguy_u1EC5_n_Xuân_Phúc,0.15974876,0.17407078,1855,1878,23
Ph_u1EA1_m_Minh_Chính,0.15974876,0.17407078,1856,1879,23
Kazakh_Soviet_Socialist_Republic,0.15972360,0.17372414,1857,2144,287
Mount_Olympus,0.15969059,0.18632532,1858,1679,-179
Mydata_Global_Q59696014,0.15967414,0.16716827,1859,2280,421
Birkbeck_u002C__University_of_London,0.15964469,0.16521282,1860,2329,469
Vientiane,0.15964356,0.17219178,1861,2166,305
Sněžka,0.15959664,0.18984516,1862,1654,-208
Erotic_Film_Awards_Q15144094,0.15957664,0.16821429,1863,2271,408
List_of_members_of_the_AVN_Hall_of_Fame,0.15957664,0.16821429,1864,2272,408
List_of_members_of_the_XRCO_Hall_of_Fame,0.15957664,0.16821429,1865,2273,408
European_Civil_Aviation_Conference,0.15954010,0.17965234,1866,1764,-102
European_Common_Aviation_Area,0.15954010,0.17965234,1867,1765,-102
Glasgow,0.15950433,0.16382604,1868,2374,506
Bajram_Begaj,0.15949022,0.17700811,1869,1816,-53
Edi_Rama,0.15949022,0.17700811,1870,1817,-53
Commander_Of_The_Order_Of_The_British_Empire_Q12201477_generic_instance,0.15947354,0.17525929,1871,1848,-23
Eurasian_Economic_Community_generic_instance,0.15947158,0.17949059,1872,1772,-100
Deutsche_Gesellschaft_Für_Medaillenkunst_Q1202909,0.15946406,0.16416667,1873,2368,495
Territories_of_Progress,0.15946127,0.17829888,1874,1791,-83
Konrad-Duden_Prize_Q1299669,0.15944569,0.20404111,1875,1509,-366
Paul_Ehrlich_and_Ludwig_Darmstaedter_Prize,0.15944569,0.20404111,1876,1510,-366
Victoria_Medal_of_Honour,0.15944569,0.20404111,1877,1511,-366
Kassym-Jomart_Tokayev,0.15943053,0.17372414,1878,2143,265
Älihan_Smaiylov,0.15943053,0.17372414,1879,2146,267
Hungarian_Order_of_Merit,0.15941818,0.17884532,1880,1779,-101
Order_Of_Merit__U0028_Qatar_U0029__Q3682698,0.15941818,0.17884532,1881,1780,-101
Moldoveanu_Peak,0.15938901,0.18369118,1882,1708,-174
2020_Polish_presidential_election,0.15938692,0.17657997,1883,1828,-55
Elfriede_Knauer,0.15938077,0.15965644,1884,2478,594
Rahlstedt,0.15933958,0.18283136,1885,1719,-166
Order_Of_St_U002E__Sergius_Of_Radonezh_1St_Class_Q29043605,0.15932412,0.17005440,1886,2217,331
Order_Of_St_U002E__Sergius_Of_Radonezh_Q3355529,0.15932412,0.17005440,1887,2218,331
Yoon_Suk-yeol,0.15929721,0.17583104,1888,1839,-49
Slovak_Republic_Q3496420,0.15929323,0.17802860,1889,1802,-87
Republic_of_Artsakh,0.15925956,0.17113712,1890,2212,322
Irods_Consortium_Q60535625,0.15925665,0.16525923,1891,2327,436
Intelsat,0.15925262,0.18996262,1892,1649,-243
International_Lake_Constance_Conference_Q1667079,0.15925262,0.18996262,1893,1650,-243
United_Nations_Economic_Commission_for_Europe,0.15925262,0.18996262,1894,1651,-243
Malay_language_generic_instance,0.15924259,0.22416731,1895,1354,-541
Lady_Margaret_Hall_u002C__Oxford,0.15920788,0.16521282,1896,2330,434
North_London_Collegiate_School,0.15920788,0.16521282,1897,2331,434
British_rule_in_Burma,0.15920259,0.17171480,1898,2196,298
Astana,0.15915839,0.17372414,1899,2141,242
Dominion_of_Pakistan,0.15910219,0.17176575,1900,2193,293
Katharinenschule_Q98960959,0.15908378,0.16499450,1901,2335,434
Latvian_Socialist_Soviet_Republic,0.15908260,0.17407106,1902,1875,-27
Latvian_Soviet_Socialist_Republic,0.15908260,0.17407106,1903,1876,-27
National_Order_of_the_Lion,0.15907661,0.17323633,1904,2151,247
Eduard_Heger,0.15901313,0.17802860,1905,1801,-104
Zuzana_Čaputová,0.15901313,0.17802860,1906,1803,-103
Amazon_River,0.15894426,0.17210446,1907,2172,265
São_Francisco_River,0.15894426,0.17210446,1908,2184,276
Min_Aung_Hlaing,0.15892522,0.17171480,1909,2198,289
Myint_Swe,0.15892522,0.17171480,1910,2200,290
Grand_Cross_Of_Honor_For_Services_To_The_Republic_Of_Austria_Q19883682_generic_instance,0.15889105,0.17440439,1911,1864,-47
Tajik_Soviet_Socialist_Republic,0.15888703,0.16960014,1912,2229,317
People_u0027_s_Committee_of_North_Korea,0.15885937,0.17412919,1913,1871,-42
Kristianstad,0.15884886,0.21634181,1914,1408,-506
Arif_Alvi,0.15882785,0.17176575,1915,2192,277
Shehbaz_Sharif,0.15882785,0.17176575,1916,2195,279
Gitanas_Nausėda,0.15881039,0.17380687,1917,1884,-33
Ingrida_Šimonytė,0.15881039,0.17380687,1918,1885,-33
Egils_Levits,0.15880885,0.17407106,1919,1872,-47
Krišjānis_Kariņš,0.15880885,0.17407106,1920,1874,-46
Shibuya,0.15879696,0.16619854,1921,2321,400
Georg_Nicolaus_Knauer,0.15878807,0.15904720,1922,2592,670
Aberdeenshire,0.15878471,0.16275000,1923,2405,482
Sabina_Higgins,0.15873126,0.16257865,1924,2420,496
Holyhead,0.15870073,0.16265928,1925,2411,486
Master_of_Arts_generic_instance,0.15867579,0.19161645,1926,1611,-315
Naypyidaw,0.15866767,0.17171480,1927,2199,272
Emomali_Rahmon,0.15861918,0.16960014,1928,2226,298
Kokhir_Rasulzoda,0.15861918,0.16960014,1929,2228,299
Hochschule_für_Grafik_und_Buchkunst_Leipzig,0.15859626,0.16416667,1930,2369,439
Weißensee_Academy_of_Art_Berlin,0.15859626,0.16416667,1931,2370,439
Collège_des_Ingénieurs,0.15859372,0.17829888,1932,1789,-143
École_des_ponts_ParisTech,0.15859372,0.17829888,1933,1792,-141
École_polytechnique,0.15859372,0.17829888,1934,1793,-141
Kim_Jae-ryong,0.15859235,0.17412919,1935,1867,-68
Kim_Jong-un,0.15859235,0.17412919,1936,1868,-68
Aleksandra_Morawiecka_Q105627506,0.15857506,0.16129245,1937,2440,503
Ignacy_Morawiecki_Q105627563,0.15857506,0.16129245,1938,2441,503
Jeremiah_Morawiecki_Q105627554,0.15857506,0.16129245,1939,2443,504
Magdalena_Morawiecka_Q105627560,0.15857506,0.16129245,1940,2444,504
Islamabad,0.15857311,0.17176575,1941,2194,253
Suriname__u0028_Kingdom_of_the_Netherlands_u0029_,0.15856711,0.17377246,1942,2140,198
Erik_Amburger_Q110972,0.15850687,0.15876533,1943,2594,651
Kichwa_language_generic_instance,0.15850599,0.21093404,1944,1478,-466
Shuar_language_generic_instance,0.15850599,0.21093404,1945,1479,-466
Huascarán,0.15845751,0.17855989,1946,1788,-158
2019_North_Macedonian_presidential_election,0.15844199,0.17147219,1947,2202,255
Bashi_Channel,0.15843954,0.16928871,1948,2230,282
Shkhara,0.15841217,0.17965234,1949,1766,-183
Stonelaw_High_School,0.15837040,0.16382604,1950,2372,422
Azerbaijan_Soviet_Socialist_Republic,0.15836863,0.17113712,1951,2213,262
Dzyarzhynskaya_Hara,0.15835174,0.17949059,1952,1773,-179
Iwona_Morawiecka_Q45034900,0.15834386,0.16129245,1953,2442,489
Chan_Santokhi,0.15830890,0.17377246,1954,2138,184
Kirghiz_Soviet_Socialist_Republic,0.15830863,0.16828176,1955,2269,314
Khüiten_Peak,0.15826611,0.17679317,1956,1821,-135
New_York_Genome_Center,0.15823700,0.16350173,1957,2391,434
Bloomsbury,0.15822301,0.16525923,1958,2324,366
UCL_Main_Building,0.15822301,0.16525923,1959,2326,367
Order_Of_St_U002E__Andrew_The_Apostle_The_First-Called_Q1026769,0.15818986,0.16899363,1960,2255,295
Grauspitz,0.15815868,0.18996262,1961,1647,-314
Albert_VI_u002C__Archduke_of_Austria,0.15813171,0.16192256,1962,2424,462
Ali_Asadov,0.15811640,0.17113712,1963,2209,246
Ilham_Aliyev,0.15811640,0.17113712,1964,2211,247
Long-Term_Credit_Bank_of_Japan,0.15811495,0.16619854,1965,2323,358
University_of_Toulouse,0.15810365,0.16275000,1966,2409,443
Colonial_Brazil,0.15808366,0.17210446,1967,2185,218
Empire_of_Brazil,0.15808366,0.17210446,1968,2186,218
Tamil_language_generic_instance,0.15807773,0.21296019,1969,1443,-526
Akylbek_Japarov,0.15805821,0.16828176,1970,2266,296
Sadyr_Japarov,0.15805821,0.16828176,1971,2270,299
Kneiff,0.15802804,0.19024728,1972,1642,-330
RIPE_NCC,0.15802623,0.16229001,1973,2422,449
Ambliara_State,0.15800704,0.17380026,1974,1887,-87
Athgarh_State,0.15800704,0.17380026,1975,1888,-87
Babariawad,0.15800704,0.17380026,1976,1889,-87
Bamra_State,0.15800704,0.17380026,1977,1890,-87
Bansda_State,0.15800704,0.17380026,1978,1891,-87
Baroda_State,0.15800704,0.17380026,1979,1892,-87
Benares_State,0.15800704,0.17380026,1980,1893,-87
Bhaisunda,0.15800704,0.17380026,1981,1894,-87
Bhavnagar_State,0.15800704,0.17380026,1982,1895,-87
Bhopal_State,0.15800704,0.17380026,1983,1896,-87
Bikaner_State,0.15800704,0.17380026,1984,1897,-87
Bundi_State,0.15800704,0.17380026,1985,1898,-87
Changbhakar,0.15800704,0.17380026,1986,1899,-87
Cooch_Behar_State,0.15800704,0.17380026,1987,1900,-87
Datia_State,0.15800704,0.17380026,1988,1901,-87
Dhami_State,0.15800704,0.17380026,1989,1902,-87
Dhar_State,0.15800704,0.17380026,1990,1903,-87
Dhrol_State,0.15800704,0.17380026,1991,1904,-87
Dhurwai_State,0.15800704,0.17380026,1992,1905,-87
Gangpur_State,0.15800704,0.17380026,1993,1907,-86
Gaurihar_State,0.15800704,0.17380026,1994,1908,-86
Guler_State,0.15800704,0.17380026,1995,1909,-86
Gwalior_State,0.15800704,0.17380026,1996,1910,-86
Hyderabad_State,0.15800704,0.17380026,1997,1911,-86
Ajaigarh_State,0.15800704,0.17380026,1998,1914,-84
Akkalkot_State,0.15800704,0.17380026,1999,1915,-84
Alipura_State,0.15800704,0.17380026,2000,1916,-84
Alirajpur_State,0.15800704,0.17380026,2001,1917,-84
Alwar_State,0.15800704,0.17380026,2002,1918,-84
Athmallik_State,0.15800704,0.17380026,2003,1919,-84
Aundh_State,0.15800704,0.17380026,2004,1920,-84
Baghal_State,0.15800704,0.17380026,2005,1921,-84
Baghat,0.15800704,0.17380026,2006,1922,-84
Balasinor_State,0.15800704,0.17380026,2007,1923,-84
Banganapalle_State,0.15800704,0.17380026,2008,1924,-84
Banswara_State,0.15800704,0.17380026,2009,1925,-84
Bantva_Manavadar,0.15800704,0.17380026,2010,1926,-84
Baoni_State,0.15800704,0.17380026,2011,1927,-84
Baraundha,0.15800704,0.17380026,2012,1928,-84
Baria_State,0.15800704,0.17380026,2013,1929,-84
Barwani_State,0.15800704,0.17380026,2014,1930,-84
Basoda_State,0.15800704,0.17380026,2015,1931,-84
Bastar_State,0.15800704,0.17380026,2016,1932,-84
Baudh_State,0.15800704,0.17380026,2017,1933,-84
Beja_State,0.15800704,0.17380026,2018,1934,-84
Beri_State,0.15800704,0.17380026,2019,1935,-84
Bhajji_State,0.15800704,0.17380026,2020,1936,-84
Bharatpur_State,0.15800704,0.17380026,2021,1937,-84
Bhor_State,0.15800704,0.17380026,2022,1938,-84
Bijawar_State,0.15800704,0.17380026,2023,1939,-84
Bilaspur_State__u0028_princely_state_u0029_,0.15800704,0.17380026,2024,1940,-84
Bonai_State,0.15800704,0.17380026,2025,1941,-84
Bushahr,0.15800704,0.17380026,2026,1942,-84
Cambay_State,0.15800704,0.17380026,2027,1943,-84
Carnatic_Sultanate,0.15800704,0.17380026,2028,1944,-84
Chamba_State,0.15800704,0.17380026,2029,1945,-84
Charkhari_State,0.15800704,0.17380026,2030,1946,-84
Chaube_Jagirs,0.15800704,0.17380026,2031,1947,-84
Chhatarpur_State,0.15800704,0.17380026,2032,1948,-84
Chhota_Udaipur_State,0.15800704,0.17380026,2033,1949,-84
Chhuikhadan_State,0.15800704,0.17380026,2034,1950,-84
Chota_Nagpur_Tributary_States_generic_instance,0.15800704,0.17380026,2035,1951,-84
Chuda_State,0.15800704,0.17380026,2036,1952,-84
Cutch_State,0.15800704,0.17380026,2037,1953,-84
Danta_State,0.15800704,0.17380026,2038,1954,-84
Darkoti,0.15800704,0.17380026,2039,1955,-84
Daspalla_State,0.15800704,0.17380026,2040,1956,-84
Dewas_State,0.15800704,0.17380026,2041,1957,-84
Dharampur_State,0.15800704,0.17380026,2042,1958,-84
Dhenkanal_State,0.15800704,0.17380026,2043,1959,-84
Dholpur_State,0.15800704,0.17380026,2044,1960,-84
Dhrangadhra_State,0.15800704,0.17380026,2045,1961,-84
Dungarpur_State,0.15800704,0.17380026,2046,1962,-84
Garhwal_Kingdom,0.15800704,0.17380026,2047,1963,-84
Gondal_State,0.15800704,0.17380026,2048,1964,-84
Hasht-Bhaiya,0.15800704,0.17380026,2049,1965,-84
Hindol_State,0.15800704,0.17380026,2050,1966,-84
Idar_State,0.15800704,0.17380026,2051,1967,-84
Indore_State,0.15800704,0.17380026,2052,1968,-84
Jafarabad_State,0.15800704,0.17380026,2053,1969,-84
Jaisalmer_State,0.15800704,0.17380026,2054,1970,-84
Jalaun_State,0.15800704,0.17380026,2055,1971,-84
Jambughoda_State,0.15800704,0.17380026,2056,1972,-84
Jamkhandi_State,0.15800704,0.17380026,2057,1973,-84
Jammu_and_Kashmir__u0028_princely_state_u0029_,0.15800704,0.17380026,2058,1974,-84
Janjira_State,0.15800704,0.17380026,2059,1975,-84
Jaora_State,0.15800704,0.17380026,2060,1976,-84
Jashpur_State,0.15800704,0.17380026,2061,1977,-84
Jaso_State,0.15800704,0.17380026,2062,1978,-84
Jasrota,0.15800704,0.17380026,2063,1979,-84
Jaswan,0.15800704,0.17380026,2064,1980,-84
Jath_State,0.15800704,0.17380026,2065,1981,-84
Jawhar_State,0.15800704,0.17380026,2066,1982,-84
Jesar_State,0.15800704,0.17380026,2067,1983,-84
Jeypore_Estate,0.15800704,0.17380026,2068,1984,-84
Jhabua_State,0.15800704,0.17380026,2069,1985,-84
Jhalawar_State,0.15800704,0.17380026,2070,1986,-84
Jhansi_State,0.15800704,0.17380026,2071,1987,-84
Jigni_State,0.15800704,0.17380026,2072,1988,-84
Jind_State,0.15800704,0.17380026,2073,1989,-84
Jobat_State,0.15800704,0.17380026,2074,1990,-84
Junagadh_State,0.15800704,0.17380026,2075,1991,-84
Kalahandi_State,0.15800704,0.17380026,2076,1992,-84
Kalsia,0.15800704,0.17380026,2077,1993,-84
Kamta-Rajaula_State,0.15800704,0.17380026,2078,1994,-84
Kanker_State,0.15800704,0.17380026,2079,1995,-84
Kapurthala_State,0.15800704,0.17380026,2080,1996,-84
Karauli_State,0.15800704,0.17380026,2081,1997,-84
Kawardha_State,0.15800704,0.17380026,2082,1998,-84
Keonjhar_State,0.15800704,0.17380026,2083,1999,-84
Keonthal,0.15800704,0.17380026,2084,2000,-84
Khairagarh_State,0.15800704,0.17380026,2085,2001,-84
Khandpara_State,0.15800704,0.17380026,2086,2002,-84
Khaniadhana_State,0.15800704,0.17380026,2087,2003,-84
Kharsawan_State,0.15800704,0.17380026,2088,2004,-84
Khilchipur_State,0.15800704,0.17380026,2089,2005,-84
Kingdom_of_Cochin,0.15800704,0.17380026,2090,2006,-84
Kingdom_of_Marwar,0.15800704,0.17380026,2091,2007,-84
Kingdom_of_Mewar,0.15800704,0.17380026,2092,2008,-84
Kishangarh_State,0.15800704,0.17380026,2093,2009,-84
Kolhapur_State,0.15800704,0.17380026,2094,2010,-84
Korea_State,0.15800704,0.17380026,2095,2011,-84
Kota_State,0.15800704,0.17380026,2096,2012,-84
Kothi_State,0.15800704,0.17380026,2097,2013,-84
Kurundvad_Junior,0.15800704,0.17380026,2098,2014,-84
Kurundvad_Senior,0.15800704,0.17380026,2099,2015,-84
Kuthar,0.15800704,0.17380026,2100,2016,-84
Kutlehar_State,0.15800704,0.17380026,2101,2017,-84
Lakhtar_State,0.15800704,0.17380026,2102,2018,-84
Lawa_Thikana,0.15800704,0.17380026,2103,2019,-84
Limbdi_State,0.15800704,0.17380026,2104,2020,-84
Loharu_State,0.15800704,0.17380026,2105,2021,-84
Lunavada_State,0.15800704,0.17380026,2106,2022,-84
Maihar_State,0.15800704,0.17380026,2107,2023,-84
Makrai_State,0.15800704,0.17380026,2108,2024,-84
Malerkotla_State,0.15800704,0.17380026,2109,2025,-84
Malpur_State,0.15800704,0.17380026,2110,2026,-84
Manda__u0028_zamindari_u0029_,0.15800704,0.17380026,2111,2027,-84
Mandi_State,0.15800704,0.17380026,2112,2028,-84
Manipur__u0028_princely_state_u0029_,0.15800704,0.17380026,2113,2029,-84
Maurha_State_Q104151601,0.15800704,0.17380026,2114,2030,-84
Mayurbhanj_State,0.15800704,0.17380026,2115,2031,-84
Miraj_Junior,0.15800704,0.17380026,2116,2032,-84
Miraj_Senior,0.15800704,0.17380026,2117,2033,-84
Mohammadgarh_State,0.15800704,0.17380026,2118,2034,-84
Mohanpur_State,0.15800704,0.17380026,2119,2035,-84
Morvi_State,0.15800704,0.17380026,2120,2036,-84
Mudhol_State,0.15800704,0.17380026,2121,2037,-84
Muli_State,0.15800704,0.17380026,2122,2038,-84
Nabha_State,0.15800704,0.17380026,2123,2039,-84
Nagod_State,0.15800704,0.17380026,2124,2040,-84
Nandgaon_State,0.15800704,0.17380026,2125,2041,-84
Narsinghgarh_State,0.15800704,0.17380026,2126,2042,-84
Narsinghpur_State,0.15800704,0.17380026,2127,2043,-84
Nasvadi_Taluka_Q25565204,0.15800704,0.17380026,2128,2044,-84
Nayagarh_State,0.15800704,0.17380026,2129,2045,-84
Nazargunj_Q16932578,0.15800704,0.17380026,2130,2046,-84
Nilgiri_State,0.15800704,0.17380026,2131,2047,-84
Orchha_State,0.15800704,0.17380026,2132,2048,-84
Oudh_State,0.15800704,0.17380026,2133,2049,-84
Pahra,0.15800704,0.17380026,2134,2050,-84
Pal_Lahara_State,0.15800704,0.17380026,2135,2051,-84
Palanpur_State,0.15800704,0.17380026,2136,2052,-84
Paldeo,0.15800704,0.17380026,2137,2053,-84
Palitana_State,0.15800704,0.17380026,2138,2054,-84
Panna_State,0.15800704,0.17380026,2139,2055,-84
Pataudi_State,0.15800704,0.17380026,2140,2056,-84
Patdi_State_Q11940483,0.15800704,0.17380026,2141,2057,-84
Patiala_State,0.15800704,0.17380026,2142,2058,-84
Patna_State,0.15800704,0.17380026,2143,2059,-84
Phaltan_State,0.15800704,0.17380026,2144,2060,-84
Piploda_State,0.15800704,0.17380026,2145,2061,-84
Porbandar_State,0.15800704,0.17380026,2146,2062,-84
Pratapgarh_State,0.15800704,0.17380026,2147,2063,-84
Pudukkottai_State,0.15800704,0.17380026,2148,2064,-84
Q104152099,0.15800704,0.17380026,2149,2065,-84
Q104152100,0.15800704,0.17380026,2150,2066,-84
Q104152107,0.15800704,0.17380026,2151,2067,-84
Q104152109,0.15800704,0.17380026,2152,2068,-84
Radhanpur_State,0.15800704,0.17380026,2153,2069,-84
Raghogarh_State,0.15800704,0.17380026,2154,2070,-84
Raigarh_State,0.15800704,0.17380026,2155,2071,-84
Rairakhol_State,0.15800704,0.17380026,2156,2072,-84
Rajgarh_State,0.15800704,0.17380026,2157,2073,-84
Rajkot_State,0.15800704,0.17380026,2158,2074,-84
Rajoli_Zamindari_Estate,0.15800704,0.17380026,2159,2075,-84
Rajouri_Q11944509,0.15800704,0.17380026,2160,2076,-84
Rajpara_State__u0028_Halar_u0029_,0.15800704,0.17380026,2161,2077,-84
Rajpipla_State,0.15800704,0.17380026,2162,2078,-84
Ramdurg_State,0.15800704,0.17380026,2163,2079,-84
Rampur_State,0.15800704,0.17380026,2164,2080,-84
Ranasan_State,0.15800704,0.17380026,2165,2081,-84
Ranpur_State,0.15800704,0.17380026,2166,2082,-84
Ratlam_State,0.15800704,0.17380026,2167,2083,-84
Rewa__u0028_princely_state_u0029_,0.15800704,0.17380026,2168,2084,-84
Sachin_State,0.15800704,0.17380026,2169,2085,-84
Sailana_State,0.15800704,0.17380026,2170,2086,-84
Sakti_State,0.15800704,0.17380026,2171,2087,-84
Sambalpur_State,0.15800704,0.17380026,2172,2088,-84
Samthar_State,0.15800704,0.17380026,2173,2089,-84
Sandur_State,0.15800704,0.17380026,2174,2090,-84
Sangli_State,0.15800704,0.17380026,2175,2091,-84
Sant_State,0.15800704,0.17380026,2176,2092,-84
Saraikela_State,0.15800704,0.17380026,2177,2093,-84
Sarangarh_State,0.15800704,0.17380026,2178,2094,-84
Sardargarh_Bantva,0.15800704,0.17380026,2179,2095,-84
Savanur_State,0.15800704,0.17380026,2180,2096,-84
Sawantwadi_State,0.15800704,0.17380026,2181,2097,-84
Shahpura_State,0.15800704,0.17380026,2182,2098,-84
Sirmur_State,0.15800704,0.17380026,2183,2099,-84
Sirohi_State,0.15800704,0.17380026,2184,2100,-84
Sitamau_State,0.15800704,0.17380026,2185,2101,-84
Sohawal_State,0.15800704,0.17380026,2186,2102,-84
Sonepur_State,0.15800704,0.17380026,2187,2103,-84
Suket_State,0.15800704,0.17380026,2188,2104,-84
Surgana_State,0.15800704,0.17380026,2189,2105,-84
Surguja_State,0.15800704,0.17380026,2190,2106,-84
Talcher_State,0.15800704,0.17380026,2191,2107,-84
Tanjung_Surat__u0028_state_constituency_u0029_,0.15800704,0.17380026,2192,2108,-84
Taraon_State,0.15800704,0.17380026,2193,2109,-84
Tigiria_State,0.15800704,0.17380026,2194,2110,-84
Tonk_State,0.15800704,0.17380026,2195,2111,-84
Torawati,0.15800704,0.17380026,2196,2112,-84
Tori_Fatehpur,0.15800704,0.17380026,2197,2113,-84
Travancore,0.15800704,0.17380026,2198,2114,-84
Tripura__u0028_princely_state_u0029_,0.15800704,0.17380026,2199,2115,-84
Tulsipur_State,0.15800704,0.17380026,2200,2116,-84
Udaipur_State_u002C__Chhattisgarh,0.15800704,0.17380026,2201,2117,-84
Umri_Q11953949,0.15800704,0.17380026,2202,2118,-84
Vala_State,0.15800704,0.17380026,2203,2119,-84
Vallbhapur_State_Q104152246,0.15800704,0.17380026,2204,2120,-84
Vijaipur_State_Q104152343,0.15800704,0.17380026,2205,2121,-84
Vijaynagar_State,0.15800704,0.17380026,2206,2122,-84
Wadagam_State,0.15800704,0.17380026,2207,2123,-84
Wadhwan_State,0.15800704,0.17380026,2208,2124,-84
Wankaner_State,0.15800704,0.17380026,2209,2125,-84
État_Angadh_Q104151568,0.15800704,0.17380026,2210,2126,-84
État_De_Ballabhgarh_Q104152096,0.15800704,0.17380026,2211,2127,-84
État_De_Bhith_Bhagwanpur_Q104152097,0.15800704,0.17380026,2212,2128,-84
État_De_Kulpahar_Q104152101,0.15800704,0.17380026,2213,2129,-84
État_De_Kumharsain_Q104152102,0.15800704,0.17380026,2214,2130,-84
État_De_Lathi_Q104152103,0.15800704,0.17380026,2215,2131,-84
État_De_Mohrampur_Jagir_Q104152105,0.15800704,0.17380026,2216,2132,-84
État_De_Mundru_Q104152106,0.15800704,0.17380026,2217,2133,-84
État_De_Pathari_Q104152108,0.15800704,0.17380026,2218,2134,-84
État_De_Somna_Q104152111,0.15800704,0.17380026,2219,2135,-84
État_De_Stok_Jair_Q104152110,0.15800704,0.17380026,2220,2136,-84
État_De_Vallavpur_Q104152104,0.15800704,0.17380026,2221,2137,-84
James_Logan__u0028_statesman_u0029_,0.15800501,0.16429826,2222,2347,125
John_Inglis_Q19776209,0.15800501,0.16429826,2223,2348,125
Philip_Syng,0.15800501,0.16429826,2224,2350,126
Phineas_Bond_Q19776211,0.15800501,0.16429826,2225,2351,126
Robert_Strettell,0.15800501,0.16429826,2226,2352,126
Tench_Francis_Sr_u002E_,0.15800501,0.16429826,2227,2353,126
Thomas_Lawrence__u0028_mayor_u0029_,0.15800501,0.16429826,2228,2354,126
William_Allen__u0028_loyalist_u0029_,0.15800501,0.16429826,2229,2355,126
William_Shippen_Sr_u002E_,0.15800501,0.16429826,2230,2356,126
Travel_Scholarship_Of_The_German_Archaeological_Institute_Q1632037,0.15798889,0.16522460,2231,2328,97
Fellow_Of_The_Zoological_Society_Of_London_Q25513903_generic_instance,0.15797846,0.16521282,2232,2332,100
Hans-Jochen_Schiewer_Q1577543,0.15795473,0.16192256,2233,2426,193
Friederike_Sinn_Q20871698,0.15789243,0.15814127,2234,2611,377
Luiz_Inácio_Lula_da_Silva,0.15784002,0.17210446,2235,2183,-52
2019_Social_Democratic_Party_of_Germany_leadership_election,0.15780035,0.18283136,2236,1721,-515
National_Order_of_Merit__u0028_Guinea_u0029_,0.15779007,0.16999180,2237,2219,-18
Phou_Bia,0.15778660,0.17219178,2238,2167,-71
Pico_Cristóbal_Colón,0.15777366,0.17460796,2239,1855,-384
Pico_Simón_Bolívar,0.15777366,0.17460796,2240,1856,-384
Droupadi_Murmu,0.15776571,0.17380026,2241,1906,-335
Narendra_Modi,0.15776571,0.17380026,2242,1913,-329
Kaisei_Academy,0.15774742,0.16619854,2243,2317,74
Kaisei_Senior_High_School_Q66133836,0.15774742,0.16619854,2244,2318,74
Kojimachi_Junior_High_School_Q11405299,0.15774742,0.16619854,2245,2319,74
Waseda_University,0.15774742,0.16619854,2246,2320,74
Pembroke_College_u002C__Cambridge,0.15773663,0.16275000,2247,2406,159
University_Of_Paris_Q2845896,0.15773663,0.16275000,2248,2407,159
University_of_Douai,0.15773663,0.16275000,2249,2408,159
Paul_Allen,0.15771721,0.16380824,2250,2381,131
Detlev-Rohwedder-Haus,0.15766177,0.21094030,2251,1466,-785
Tina_Makhia_Khayatsadeh_Q64364570,0.15765628,0.15929647,2252,2590,338
Lake_Peipus,0.15764706,0.16677987,2253,2284,31
Fansipan,0.15764440,0.17407078,2254,1877,-377
Group_of_77,0.15764102,0.17412919,2255,1865,-390
International_Telecommunications_Satellite_Organization,0.15764102,0.17412919,2256,1866,-390
World_Federation_of_Trade_Unions,0.15764102,0.17412919,2257,1869,-388
Taiwan_under_Japanese_rule,0.15762751,0.16928871,2258,2254,-4
Aleksandar_Vučić,0.15760827,0.17269863,2259,2157,-102
Ana_Brnabić,0.15760827,0.17269863,2260,2158,-102
Satya_Nadella,0.15754926,0.16380824,2261,2388,127
Commander_Of_The_Order_Of_Maritime_Merit_Q23897456_generic_instance,0.15744630,0.17829888,2262,1794,-468
Guarani_language_generic_instance,0.15740636,0.18887671,2263,1658,-605
Su_Tseng-chang,0.15739761,0.16928871,2264,2233,-31
Tsai_Ing-wen,0.15739761,0.16928871,2265,2236,-29
Khan_Tengri,0.15739486,0.17372414,2266,2145,-121
Hallasan,0.15729032,0.17583104,2267,1838,-429
Hasan_Akhund,0.15727923,0.16663998,2268,2306,38
Hibatullah_Akhundzada,0.15727923,0.16663998,2269,2307,38
Benjamin_Franklin_Medal__u0028_Royal_Society_of_Arts_u0029_,0.15725280,0.16382604,2270,2373,103
Francesco_Ubertini__u0028_engineer_u0029_,0.15721395,0.16175816,2271,2430,159
Taipei,0.15718414,0.16928871,2272,2234,-38
Grand_Cross_Of_Royal_Norwegian_Order_Of_Merit_Q20894507_generic_instance,0.15716726,0.17025799,2273,2215,-58
Order_Of_The_Three_Stars_U002C__2Nd_Class_Q22303943_generic_instance,0.15716639,0.17585394,2274,1837,-437
Kingdom_of_Finland__u0028_1918_u0029_,0.15713060,0.16724788,2275,2279,4
Jügelhaus_Q23700361,0.15712999,0.16229001,2276,2421,145
Deutsches_Institut_für_Normung,0.15707400,0.16192256,2277,2425,148
Kabul,0.15706917,0.16663998,2278,2304,26
Hkakabo_Razi,0.15699863,0.17171480,2279,2197,-82
Amazon_Cooperation_Treaty_Organization,0.15697198,0.17210446,2280,2171,-109
Cairns_Group,0.15697198,0.17210446,2281,2174,-107
G4_nations,0.15697198,0.17210446,2282,2175,-107
G8_u002B_5,0.15697198,0.17210446,2283,2176,-107
IBSA_Dialogue_Forum,0.15697198,0.17210446,2284,2177,-107
Latin_American_Economic_System,0.15697198,0.17210446,2285,2178,-107
Latin_American_Integration_Association,0.15697198,0.17210446,2286,2179,-107
Latin_American_Parliament,0.15697198,0.17210446,2287,2180,-107
South_Atlantic_Peace_and_Cooperation_Zone,0.15697198,0.17210446,2288,2181,-107
Philadelphia_Big_5,0.15696378,0.16429826,2289,2349,60
Tajik_language_generic_instance,0.15692881,0.18561793,2290,1695,-595
Sanna_Marin,0.15691568,0.16724788,2291,2277,-14
Sauli_Niinistö,0.15691568,0.16724788,2292,2278,-14
Governorate_of_Estonia,0.15691128,0.16677987,2293,2285,-8
Aukštojas_Hill,0.15690858,0.17380687,2294,1883,-411
Gaiziņkalns,0.15690738,0.17407106,2295,1873,-422
Brigitte_Macron,0.15685988,0.16418236,2296,2359,63
Financial_University_under_the_Government_of_the_Russian_Federation,0.15685739,0.16436288,2297,2339,42
Balıkesir_High_School,0.15683952,0.16132224,2298,2434,136
Işık_Lisesi_Q6095534,0.15683952,0.16132224,2299,2435,136
İzmir_Atatürk_High_School,0.15683952,0.16132224,2300,2436,136
Central_European_Free_Trade_Agreement,0.15676589,0.17269863,2301,2159,-142
Partnership_for_Peace,0.15676589,0.17269863,2302,2160,-142
Ismoil_Somoni_Peak,0.15675865,0.16960014,2303,2227,-76
Ossetian_language_generic_instance,0.15675698,0.18444079,2304,1703,-601
Camera__u0026__Imaging_Products_Association,0.15671341,0.16380824,2305,2378,73
FairSearch,0.15671341,0.16380824,2306,2379,73
Alliance_for_Open_Media,0.15671341,0.16380824,2307,2382,75
Bytecode_Alliance_Q75097496,0.15671341,0.16380824,2308,2383,75
Openid_Foundation_Q105272307,0.15671341,0.16380824,2309,2384,75
Rust_Foundation,0.15671341,0.16380824,2310,2385,75
SD_Association,0.15671341,0.16380824,2311,2386,75
Wi-Fi_Alliance,0.15671341,0.16380824,2312,2387,75
Alar_Karis,0.15670297,0.16677987,2313,2281,-32
Kaja_Kallas,0.15670297,0.16677987,2314,2283,-31
Bryanston_School,0.15665546,0.16107693,2315,2449,134
Port_Regis_School,0.15665546,0.16107693,2316,2451,135
Commission_for_the_Conservation_of_Southern_Bluefin_Tuna,0.15657856,0.16928871,2317,2231,-86
Inter-American_Tropical_Tuna_Commission,0.15657856,0.16928871,2318,2232,-86
Western_and_Central_Pacific_Fisheries_Commission,0.15657856,0.16928871,2319,2235,-84
STANKIN,0.15654682,0.16436288,2320,2340,20
Aymara_language_generic_instance,0.15654415,0.18710750,2321,1667,-654
Julianatop,0.15651534,0.17377246,2322,2139,-183
Order_Of_St_U002E__Prince_Vladimir_Q4336018,0.15649757,0.16423574,2323,2357,34
Organization_for_Cooperation_of_Railways,0.15647328,0.16663998,2324,2303,-21
University_of_Amsterdam,0.15644720,0.16062500,2325,2453,128
Elke_Büdenbender,0.15643358,0.16277585,2326,2396,70
Lammefjorden,0.15637936,0.20404111,2327,1514,-813
Mount_Bazardüzü,0.15636440,0.17113712,2328,2210,-118
Jill_Biden,0.15634930,0.16672446,2329,2294,-35
Neilia_Hunter_Biden,0.15634930,0.16672446,2330,2301,-29
Jengish_Chokusu,0.15631877,0.16828176,2331,2267,-64
Ottoman_Turkish_generic_instance,0.15630636,0.18103694,2332,1741,-591
Master_u0027_s_degree_generic_instance,0.15630469,0.18766451,2333,1666,-667
Turkmen_language_generic_instance,0.15626072,0.18140999,2334,1740,-594
St_u002E__George_u0027_s_Order_of_Victory,0.15625737,0.17254312,2335,2164,-171
University_of_Bristol,0.15623358,0.15980769,2336,2475,139
South_American_Plate,0.15619346,0.17210446,2337,2173,-164
Limerick,0.15618251,0.16257865,2338,2414,76
Pico_da_Neblina,0.15614768,0.17210446,2339,2182,-157
Kangchenjunga,0.15608941,0.17380026,2340,1912,-428
2017_Japanese_general_election,0.15599910,0.16619854,2341,2315,-26
2021_Japanese_Prime_Minister_Nomination_Election_Q108796930,0.15599910,0.16619854,2342,2316,-26
Medal_Of_Honor_Of_The_Congress_Of_The_Republic_Of_Peru_Q65931846,0.15599688,0.16487382,2343,2336,-7
Labour_Party__u0028_Ireland_u0029_,0.15599456,0.16257865,2344,2413,69
Velika_Rudoka,0.15596596,0.17269863,2345,2161,-184
Marlborough_College,0.15595126,0.15980769,2346,2474,128
State_Artist__u0028_Turkey_u0029_,0.15592631,0.16132224,2347,2437,90
Turkish_Language_Association_Poetry_Award_Q61075577,0.15592631,0.16132224,2348,2438,90
Order_of_Sikatuna,0.15587384,0.16447041,2349,2338,-11
Archaeological_Society_Of_Berlin_Q636676,0.15584050,0.15876533,2350,2593,243
Grand_Cross_Of_The_Order_Of_Merit_Of_Portugal_Q20888781_generic_instance,0.15583256,0.16877847,2351,2256,-95
Alexander_Ananchenko,0.15581467,0.16060100,2352,2454,102
Alexander_Borodai,0.15581467,0.16060100,2353,2455,102
Alexander_Zakharchenko,0.15581467,0.16060100,2354,2456,102
Denis_Pushilin,0.15581467,0.16060100,2355,2460,105
Vitaliy_Khotsenko,0.15581467,0.16060100,2356,2473,117
Grand_Cross_Of_The_Order_Of_Saint-Charles_Q15042392_generic_instance,0.15578637,0.16749564,2357,2274,-83
Order_of_Ho_Chi_Minh,0.15573997,0.16370602,2358,2390,32
Noshaq,0.15570794,0.16663998,2359,2305,-54
Fano,0.15569888,0.16175816,2360,2429,69
Imola,0.15569888,0.16175816,2361,2431,70
Rimini,0.15569888,0.16175816,2362,2432,70
Order__U0027_For_Merit_To_The_Fatherland_U0027__Iv_U00A0_Class_Q18080423,0.15567270,0.16436288,2363,2341,-22
Order_of_Holy_Prince_Daniel_of_Moscow,0.15567270,0.16436288,2364,2342,-22
Order_of_the_Star_of_Italy,0.15567270,0.16436288,2365,2343,-22
Russian_Federation_Presidential_Certificate_of_Honour,0.15567270,0.16436288,2366,2344,-22
The_Order_Of_St_U002E__Seraphim_Of_Sarov_Q4336016,0.15567270,0.16436288,2367,2345,-22
Filipino_language_generic_instance,0.15565620,0.21933206,2368,1380,-988
Doctor_of_Law_generic_instance,0.15562337,0.17971590,2369,1756,-613
Bad_Bevensen,0.15558854,0.15814127,2370,2610,240
Jagiellonian_University,0.15556756,0.16200525,2371,2423,52
Zentrale_Des_Deutschen_Archäologischen_Instituts_Q29654138,0.15555662,0.15876533,2372,2595,223
Goethe_University_Frankfurt,0.15548031,0.15904720,2373,2591,218
Fennoscandia,0.15546325,0.16724788,2374,2275,-99
St_Flannan_u0027_s_College,0.15544489,0.16257865,2375,2415,40
University_of_Manchester,0.15544489,0.16257865,2376,2416,40
Halti,0.15542287,0.16724788,2377,2276,-101
Honorary_Citizen_Of_Kazan_Q4375531_generic_instance,0.15538462,0.16180601,2378,2427,49
Master_Of_Sport_Of_The_Ussr_Q1803234,0.15538462,0.16180601,2379,2428,49
Bigbrotherawards_Q110530811,0.15528366,0.16380824,2380,2380,0
Rock_Group_Q5741069_generic_instance,0.15525652,0.15929647,2381,2588,207
Order_of_the_Liberator_General_San_Martín,0.15525641,0.16453047,2382,2337,-45
Suur_Munamägi,0.15525607,0.16677987,2383,2282,-101
Demotic_Greek_generic_instance,0.15524439,0.18632532,2384,1682,-702
Basshunter_Studio,0.15520819,0.15929647,2385,2589,204
Wrocław_University_of_Science_and_Technology,0.15520330,0.16129245,2386,2445,59
South_Hampstead_High_School,0.15515776,0.15850000,2387,2597,210
Hervorragender_Wissenschaftler_Des_Volkes_Q1614821,0.15515665,0.15980769,2388,2476,88
Patriotic_Order_Of_Merit_In_Silver_Q18572598,0.15515665,0.15980769,2389,2477,88
Juris_Doctor_generic_instance,0.15515664,0.18178229,2390,1737,-653
University_of_Augsburg,0.15515527,0.15814127,2391,2613,222
Depresión_De_Sechura_Q5803287,0.15509827,0.17855989,2392,1786,-606
Guggenheim_Fellowship_generic_instance,0.15506886,0.15965644,2393,2479,86
Rome_Prize,0.15506886,0.15965644,2394,2480,86
Metropolitan_Museum_of_Art,0.15506478,0.15796875,2395,2615,220
Oberlin_College,0.15506478,0.15796875,2396,2616,220
Áras_an_Uachtaráin,0.15504815,0.16257865,2397,2419,22
Neman,0.15503451,0.17949059,2398,1775,-623
Australian_Academy_of_the_Humanities,0.15501039,0.15750000,2399,2624,225
Hoh_Nuur,0.15498289,0.17679317,2400,1820,-580
Johanneum_Lüneburg_Q1698887,0.15492179,0.15814127,2401,2612,211
Moselle,0.15483937,0.19024728,2402,1644,-758
Frederick_William_III_of_Prussia,0.15482115,0.15943579,2403,2516,113
Kattegattgymnasiet,0.15477452,0.15929647,2404,2576,172
Sturegymnasiet,0.15477452,0.15929647,2405,2577,172
Australian_National_University,0.15476685,0.15750000,2406,2625,219
University_of_Sydney,0.15476685,0.15750000,2407,2626,219
Grand_Cross_With_Collar_Of_The_Order_Of_The_Sun_Of_Peru_Q99395826,0.15471790,0.16257865,2408,2417,9
Seán_Macbride_Peace_Prize_Q15376017,0.15471790,0.16257865,2409,2418,9
Adolf_August_Friedrich_Rudorff_Q76154,0.15471623,0.15943579,2410,2481,71
Adolf_Kirchhoff,0.15471623,0.15943579,2411,2482,71
Adolf_Tobler,0.15471623,0.15943579,2412,2483,71
Adolf_von_Harnack,0.15471623,0.15943579,2413,2484,71
Adolph_Wagner,0.15471623,0.15943579,2414,2485,71
Albrecht_Penck,0.15471623,0.15943579,2415,2486,71
Alexander_Braun,0.15471623,0.15943579,2416,2487,71
Arthur_Heffter,0.15471623,0.15943579,2417,2488,71
August_Böckh,0.15471623,0.15943579,2418,2489,71
August_Detlev_Christian_Twesten,0.15471623,0.15943579,2419,2490,71
August_Dillmann,0.15471623,0.15943579,2420,2491,71
August_Wilhelm_Heffter_Q110183,0.15471623,0.15943579,2421,2492,71
August_Wilhelm_von_Hofmann,0.15471623,0.15943579,2422,2493,71
Bernhard_von_Langenbeck,0.15471623,0.15943579,2423,2494,71
Carl_Jakob_Adolf_Christian_Gerhardt,0.15471623,0.15943579,2424,2495,71
Carl_Stumpf,0.15471623,0.15943579,2425,2496,71
Christian_Gottfried_Ehrenberg,0.15471623,0.15943579,2426,2497,71
Christian_Samuel_Weiss,0.15471623,0.15943579,2427,2498,71
Clemens_August_Carl_Klenze_Q4223350,0.15471623,0.15943579,2428,2499,71
Dietrich_Wilhelm_Heinrich_Busch,0.15471623,0.15943579,2429,2500,71
Eduard_Kohlrausch_Q103919,0.15471623,0.15943579,2430,2501,71
Eduard_Meyer,0.15471623,0.15943579,2431,2502,71
Eduard_Norden,0.15471623,0.15943579,2432,2503,71
Eduard_Spranger,0.15471623,0.15943579,2433,2504,71
Eduard_Zeller,0.15471623,0.15943579,2434,2505,71
Eilhard_Mitscherlich,0.15471623,0.15943579,2435,2506,71
Emil_Seckel,0.15471623,0.15943579,2436,2507,71
Emil_du_Bois-Reymond,0.15471623,0.15943579,2437,2508,71
Erhard_Schmidt,0.15471623,0.15943579,2438,2509,71
Erich_Schmidt__u0028_historian_u0029_,0.15471623,0.15943579,2439,2510,71
Ernst_Bumm_Q90646,0.15471623,0.15943579,2440,2511,71
Ernst_Curtius,0.15471623,0.15943579,2441,2512,71
Ernst_Kummer,0.15471623,0.15943579,2442,2513,71
Eugen_Fischer,0.15471623,0.15943579,2443,2514,71
Ferdinand_von_Richthofen,0.15471623,0.15943579,2444,2515,71
Friedrich_Adolf_Trendelenburg,0.15471623,0.15943579,2445,2517,72
Friedrich_Julius_Stahl,0.15471623,0.15943579,2446,2518,72
Friedrich_Ludwig_Georg_von_Raumer,0.15471623,0.15943579,2447,2519,72
Friedrich_Strauß_Q1462424,0.15471623,0.15943579,2448,2520,72
Georg_Beseler,0.15471623,0.15943579,2449,2521,72
Georg_Wilhelm_Friedrich_Hegel,0.15471623,0.15943579,2450,2522,72
Gustav_Adolf_Deissmann,0.15471623,0.15943579,2451,2523,72
Gustav_Roethe,0.15471623,0.15943579,2452,2524,72
Gustav_von_Schmoller,0.15471623,0.15943579,2453,2525,72
Heinrich_Adolf_von_Bardeleben,0.15471623,0.15943579,2454,2526,72
Heinrich_Brunner,0.15471623,0.15943579,2455,2527,72
Heinrich_Dernburg,0.15471623,0.15943579,2456,2528,72
Heinrich_Gustav_Magnus,0.15471623,0.15943579,2457,2529,72
Heinrich_Lüders,0.15471623,0.15943579,2458,2530,72
Heinrich_Triepel,0.15471623,0.15943579,2459,2531,72
Heinrich_Wilhelm_Dove,0.15471623,0.15943579,2460,2532,72
Heinrich_Wilhelm_Gottfried_von_Waldeyer-Hartz,0.15471623,0.15943579,2461,2533,72
Henrik_Steffens,0.15471623,0.15943579,2462,2534,72
Hermann_Alexander_Diels,0.15471623,0.15943579,2463,2535,72
Hermann_von_Helmholtz,0.15471623,0.15943579,2464,2536,72
Hinrich_Lichtenstein,0.15471623,0.15943579,2465,2537,72
Isaak_August_Dorner,0.15471623,0.15943579,2466,2538,72
Johann_Franz_Encke,0.15471623,0.15943579,2467,2539,72
Johannes_Vahlen,0.15471623,0.15943579,2468,2540,72
Josef_Felix_Pompeckj,0.15471623,0.15943579,2469,2541,72
Julius_Kaftan,0.15471623,0.15943579,2470,2542,72
Justus_Hecker,0.15471623,0.15943579,2471,2543,72
Karl_Friedrich_Wilhelm_Dieterici,0.15471623,0.15943579,2472,2544,72
Karl_Georg_Bruns_Q91101,0.15471623,0.15943579,2473,2545,72
Karl_Holl,0.15471623,0.15943579,2474,2546,72
Karl_Immanuel_Nitzsch,0.15471623,0.15943579,2475,2547,72
Karl_Lachmann,0.15471623,0.15943579,2476,2548,72
Karl_Weierstrass,0.15471623,0.15943579,2477,2549,72
Karl_Weinhold,0.15471623,0.15943579,2478,2550,72
Lazarus_Fuchs,0.15471623,0.15943579,2479,2551,72
Lothar_Kreuz_Q99108,0.15471623,0.15943579,2480,2552,72
Max_Lenz,0.15471623,0.15943579,2481,2553,72
Max_Planck,0.15471623,0.15943579,2482,2554,72
Max_Rubner,0.15471623,0.15943579,2483,2555,72
Oscar_Hertwig,0.15471623,0.15943579,2484,2556,72
Otto_Pfleiderer,0.15471623,0.15943579,2485,2557,72
Otto_von_Gierke,0.15471623,0.15943579,2486,2558,72
Paul_Hinschius,0.15471623,0.15943579,2487,2559,72
Paul_Kleinert,0.15471623,0.15943579,2488,2560,72
Philip_Marheineke,0.15471623,0.15943579,2489,2561,72
Reinhard_Kekulé_von_Stradonitz,0.15471623,0.15943579,2490,2562,72
Reinhold_Seeberg,0.15471623,0.15943579,2491,2563,72
Rudolf_Virchow,0.15471623,0.15943579,2492,2564,72
Rudolf_von_Gneist,0.15471623,0.15943579,2493,2565,72
Simon_Schwendener,0.15471623,0.15943579,2494,2566,72
Theodor_Kipp,0.15471623,0.15943579,2495,2567,72
Theodor_Mommsen,0.15471623,0.15943579,2496,2568,72
Ulrich_von_Wilamowitz-Moellendorff,0.15471623,0.15943579,2497,2569,72
Walther_Nernst,0.15471623,0.15943579,2498,2570,72
Wilhelm_His_Jr_u002E_,0.15471623,0.15943579,2499,2571,72
Wilhelm_Julius_Foerster,0.15471623,0.15943579,2500,2572,72
Wilhelm_Kahl_Q85295,0.15471623,0.15943579,2501,2573,72
Willy_Hoppe_Q2582001,0.15471623,0.15943579,2502,2574,72
Wolf_Wilhelm_Friedrich_von_Baudissin,0.15471623,0.15943579,2503,2575,72
Commission_For_The_Liberation_Of_French_Growth_Q2986712,0.15470974,0.16418236,2504,2360,-144
French-American_Foundation,0.15470974,0.16418236,2505,2365,-140
BlackRock,0.15461786,0.16380824,2506,2377,-129
The_Vanguard_Group,0.15461786,0.16380824,2507,2389,-118
Amvrosiivka,0.15459347,0.16060100,2508,2457,-51
Chystiakove,0.15459347,0.16060100,2509,2458,-51
Debaltseve,0.15459347,0.16060100,2510,2459,-51
Dokuchaievsk,0.15459347,0.16060100,2511,2461,-50
Horlivka,0.15459347,0.16060100,2512,2462,-50
Khartsyzk,0.15459347,0.16060100,2513,2463,-50
Kirovske_u002C__Donetsk_Oblast,0.15459347,0.16060100,2514,2464,-50
Novoazovsk,0.15459347,0.16060100,2515,2465,-50
Shakhtarsk,0.15459347,0.16060100,2516,2466,-50
Snizhne,0.15459347,0.16060100,2517,2467,-50
Starobesheve,0.15459347,0.16060100,2518,2468,-50
Telmanove,0.15459347,0.16060100,2519,2469,-50
Yasynuvata,0.15459347,0.16060100,2520,2470,-50
Yenakiieve,0.15459347,0.16060100,2521,2471,-50
Zhdanivka,0.15459347,0.16060100,2522,2472,-50
Detmold,0.15455554,0.16277585,2523,2395,-128
Abkhaz_language_generic_instance,0.15455253,0.17965234,2524,1769,-755
University_of_Otago,0.15455096,0.15750000,2525,2617,92
Cross_of_Freedom_and_Solidarity,0.15450856,0.16129245,2526,2446,-80
Knight_Grand_Cross_Of_The_Order_For_Merits_To_Lithuania_Q23727517_generic_instance,0.15450856,0.16129245,2527,2447,-80
Order_Of_Prince_Yaroslav_The_Wise_U002C__2Nd_Class_Q41796613,0.15450856,0.16129245,2528,2448,-80
St_U002E__Mary_U0027_S_Hospital_Q100276507,0.15449587,0.16672446,2529,2299,-230
Rothschild__u0026__Cie_Banque,0.15448082,0.16418236,2530,2366,-164
Daphne_Jackson_Medal_And_Prize_Q56252307,0.15446910,0.15850000,2531,2596,65
British_Empire_Medal,0.15446910,0.15850000,2532,2598,66
Change_Agent_Abie_Award_Q98637232,0.15446910,0.15850000,2533,2599,66
Jocelyn_Bell_Burnell_Medal_and_Prize,0.15446910,0.15850000,2534,2600,66
Julia_Higgins_Medal_Q65008324,0.15446910,0.15850000,2535,2601,66
Nature_u0027_s_10,0.15446910,0.15850000,2536,2602,66
Robin_Perrin_Award_Q56692352,0.15446910,0.15850000,2537,2603,66
Wikimedian_Of_The_Year_-_Honorable_Mention_Q56682963,0.15446910,0.15850000,2538,2604,66
Karagiye,0.15445769,0.17372414,2539,2142,-397
Sulafa_Tower,0.15442662,0.15929647,2540,2586,46
Söndrum_Q18227824,0.15442662,0.15929647,2541,2587,46
Aktion_Deutschland_Hilft,0.15441705,0.16277585,2542,2394,-148
German_Protestant_Institute,0.15441705,0.16277585,2543,2403,-140
Agata_Kornhauser-Duda,0.15436056,0.15600262,2544,2628,84
Delaware_Fightin_u0027__Blue_Hens_football,0.15435919,0.16672446,2545,2291,-254
Schiller_School_Q15127420,0.15429813,0.15708333,2546,2627,81
Lycée_la_Providence,0.15427788,0.16418236,2547,2361,-186
Abdurrahim_Tuncak_Q6069093,0.15426604,0.15459521,2548,2654,106
Afet_İnan,0.15426604,0.15459521,2549,2655,106
Nebile_İrdelp_Q6032962,0.15426604,0.15459521,2550,2675,125
Rukiye_Erkin_Q6032908,0.15426604,0.15459521,2551,2676,125
Sabiha_Gökçen,0.15426604,0.15459521,2552,2677,125
Sığırtmaç_Mustafa_Q6086341,0.15426604,0.15459521,2553,2678,125
Zehra_Aylin_Q6056327,0.15426604,0.15459521,2554,2679,125
Ülkü_Adatepe,0.15426604,0.15459521,2555,2680,125
Bodrog,0.15426039,0.17802860,2556,1800,-756
Bundoora,0.15421935,0.15750000,2557,2623,66
2018_Irish_presidential_election,0.15421617,0.16257865,2558,2412,-146
Lower_Saxony_State_Chancellery_Q1988574,0.15420236,0.16277585,2559,2404,-155
Gold_Medal_Award_for_Distinguished_Archaeological_Achievement,0.15418978,0.15796875,2560,2614,54
Peng_Liyuan,0.15418492,0.15574435,2561,2637,76
Nemunas_Delta,0.15416456,0.17380687,2562,1886,-676
Latife_Uşaki,0.15415102,0.15459521,2563,2658,95
Widener_University,0.15414731,0.16672446,2564,2302,-262
Eurodanceweb_Award,0.15413704,0.15929647,2565,2578,13
European_Border_Breakers_Award,0.15413704,0.15929647,2566,2579,13
Musikförläggarnas_pris,0.15413704,0.15929647,2567,2580,13
Nrj_Radio_Award_Q11883855,0.15413704,0.15929647,2568,2581,13
Radioactive_Hit_Of_The_Year_Era_Q56740965,0.15413704,0.15929647,2569,2582,13
Scandipop_Award_For_Best_Male_Q56738334,0.15413704,0.15929647,2570,2583,13
Telia_For_Best_Ringtone_Of_The_Year_Q56740913,0.15413704,0.15929647,2571,2584,13
World_Music_Award_For_World_U0027_S_Best_Selling_Swedish_Artist_Q56739133,0.15413704,0.15929647,2572,2585,13
Independence_Hall__u0028_Israel_u0029_,0.15413450,0.18058213,2573,1750,-823
Eastern_Orthodoxy_generic_instance,0.15408975,0.17620388,2574,1835,-739
2019_Polish_parliamentary_election,0.15402910,0.16129245,2575,2439,-136
Garden_City_Collegiate,0.15395948,0.16672446,2576,2292,-284
Empress_Masako,0.15395723,0.15534093,2577,2644,67
Companion_Of_The_Order_Of_Australia_Q9680541_generic_instance,0.15394332,0.15750000,2578,2618,40
Companion_Of_The_Order_Of_St_Michael_And_St_George_Q12177413_generic_instance,0.15394332,0.15750000,2579,2619,40
Honorary_Doctor_Of_The_University_Of_Sydney_Q85196951_generic_instance,0.15394332,0.15750000,2580,2620,40
Kenyon_Medal,0.15394332,0.15750000,2581,2621,40
Officer_Of_The_Order_Of_Merit_Of_The_Italian_Republic_Q14539726,0.15394332,0.15750000,2582,2622,40
Kara_Darya,0.15380901,0.16828176,2583,2268,-315
Honorary_Citizen_Of_Astrakhan_Q4375566_generic_instance,0.15380132,0.15831848,2584,2605,21
Order_Of_Glory_And_Honor_Q4335976,0.15380132,0.15831848,2585,2606,21
Order_of_Ismoili_Somoni,0.15380132,0.15831848,2586,2607,21
Order_of_the_Friendship_of_Peoples__u0028_Belarus_u0029_,0.15380132,0.15831848,2587,2608,21
Saaringen_Q2209185,0.15371969,0.16277585,2588,2402,-186
Grand_Cross_Of_The_National_Order_Of_The_Lion_Q26242431_generic_instance,0.15370670,0.16418236,2589,2362,-227
Grand_Officer_Of_The_Order_Of_The_Southern_Cross_Q22058252_generic_instance,0.15370670,0.16418236,2590,2363,-227
Knight_of_the_Elephant,0.15370670,0.16418236,2591,2364,-227
Arden_u002C__Delaware,0.15367097,0.16672446,2592,2289,-303
Claymont_u002C__Delaware,0.15367097,0.16672446,2593,2290,-303
White_House,0.15367097,0.16672446,2594,2300,-294
North_Korean_standard_language_generic_instance,0.15364629,0.17412919,2595,1870,-725
Timok,0.15359633,0.17269863,2596,2162,-434
Grand_Officer_Of_The_Legion_Of_Honour_Q10855216_generic_instance,0.15347635,0.16277585,2597,2397,-200
Honorary_Doctor_Of_Lebanese_University_Q101091907_generic_instance,0.15347635,0.16277585,2598,2398,-200
Honorary_Doctor_Of_The_Hebrew_University_Of_Jerusalem_Q28861731_generic_instance,0.15347635,0.16277585,2599,2399,-200
Honorary_Doctor_Of_The_University_Of_Paderborn_Q100938085_generic_instance,0.15347635,0.16277585,2600,2400,-200
Order_Of_Merit_Of_The_Ministry_Of_Foreign_Affairs_Q104627866,0.15347635,0.16277585,2601,2401,-200
Amu_Darya,0.15344080,0.16663998,2602,2308,-294
Hilal-E-Pakistan_Q28323742,0.15343081,0.16672446,2603,2293,-310
Cross_Of_Military_Merit_Q111866683,0.15343081,0.16672446,2604,2295,-309
Ellis_Island_Medal_of_Honor,0.15343081,0.16672446,2605,2296,-309
Laetare_Medal,0.15343081,0.16672446,2606,2297,-309
Walk_Of_The_Brave_Plaque_Q116848905,0.15343081,0.16672446,2607,2298,-309
2022_French_presidential_election,0.15331251,0.16418236,2608,2358,-250
Second_Round_Of_French_Presidential_Election_U002C__2017_Q29837047,0.15331251,0.16418236,2609,2367,-242
Order_of_Manas,0.15323607,0.15824416,2610,2609,-1
Amis_language_generic_instance,0.15313928,0.16928871,2611,2237,-374
Atayal_language_generic_instance,0.15313928,0.16928871,2612,2238,-374
Bunun_language_generic_instance,0.15313928,0.16928871,2613,2239,-374
Kanakanavu_language_generic_instance,0.15313928,0.16928871,2614,2240,-374
Kavalan_language_generic_instance,0.15313928,0.16928871,2615,2241,-374
O-Ku-Uā_Q61055662_generic_instance,0.15313928,0.16928871,2616,2242,-374
Paiwan_language_generic_instance,0.15313928,0.16928871,2617,2243,-374
Puyuma_language_generic_instance,0.15313928,0.16928871,2618,2244,-374
Rukai_language_generic_instance,0.15313928,0.16928871,2619,2245,-374
Saaroa_language_generic_instance,0.15313928,0.16928871,2620,2246,-374
Saisiyat_language_generic_instance,0.15313928,0.16928871,2621,2247,-374
Sakizaya_language_generic_instance,0.15313928,0.16928871,2622,2248,-374
Seediq_language_generic_instance,0.15313928,0.16928871,2623,2249,-374
Taiwanese_Hakka_generic_instance,0.15313928,0.16928871,2624,2250,-374
Truku_language_generic_instance,0.15313928,0.16928871,2625,2251,-374
Tsou_language_generic_instance,0.15313928,0.16928871,2626,2252,-374
Yami_language_generic_instance,0.15313928,0.16928871,2627,2253,-374
Bachelor_of_Arts_generic_instance,0.15311215,0.17301207,2628,2155,-473
2013_German_federal_election,0.15310666,0.16277585,2629,2392,-237
2017_German_presidential_election,0.15310666,0.16277585,2630,2393,-237
Balochi_language_generic_instance,0.15308904,0.16663998,2631,2309,-322
Dari_generic_instance,0.15308904,0.16663998,2632,2310,-322
Nuristani_languages_generic_instance,0.15308904,0.16663998,2633,2311,-322
Pamir_languages_generic_instance,0.15308904,0.16663998,2634,2312,-322
Pashayi_languages_generic_instance,0.15308904,0.16663998,2635,2313,-322
1972_United_States_Senate_election_in_Delaware,0.15306596,0.16672446,2636,2287,-349
2020_United_States_presidential_election,0.15306596,0.16672446,2637,2288,-349
Freedom_Union__u0028_Poland_u0029_,0.15299380,0.15600262,2638,2631,-7
Politburo_Standing_Committee_of_the_Chinese_Communist_Party,0.15287321,0.15574435,2639,2638,-1
Committee_of_Union_and_Progress,0.15284993,0.15459521,2640,2656,16
Vatan_ve_Hürriyet,0.15284993,0.15459521,2641,2682,41
Vésuve_de_Brekka,0.15284679,0.15574435,2642,2643,1
Albuquerque_u002C__New_Mexico,0.15280768,0.16380824,2643,2376,-267
Hospital_Of_The_Imperial_Household_Q11453310,0.15280207,0.15534093,2644,2647,3
National_People_u0027_s_Congress,0.15273356,0.15574435,2645,2636,-9
Jan_III_Sobieski_High_School_u002C__Kraków,0.15271928,0.15600262,2646,2629,-17
Beijing_101_Middle_School,0.15260975,0.15574435,2647,2634,-13
Beijing_Bayi_School,0.15260975,0.15574435,2648,2635,-13
Monastir_Military_High_School,0.15258861,0.15459521,2649,2659,10
Ottoman_Military_College,0.15258861,0.15459521,2650,2660,10
Turkish_Military_Academy,0.15258861,0.15459521,2651,2661,10
Dolmabahçe_Palace,0.15256123,0.15459521,2652,2657,5
Gakushuin_University,0.15246776,0.15534093,2653,2645,-8
Gakushūin,0.15246776,0.15534093,2654,2646,-8
Merton_College_u002C__Oxford,0.15246776,0.15534093,2655,2648,-7
Şahinbey,0.15239999,0.15459521,2656,2681,25
Order_of_Merit__u0028_Portugal_u0029_,0.15235621,0.15600262,2657,2630,-27
Golden_Key_Of_Madrid_Q51889745_generic_instance,0.15226130,0.15574435,2658,2639,-19
Order_For_Strengthening_Peace_And_Friendship_Q84314287,0.15226130,0.15574435,2659,2640,-19
Řád_Zlaté_Koruny_Q16683279,0.15226130,0.15574435,2660,2641,-19
1St_Class_Order_Of_The_Crown_Q99659751,0.15224298,0.15459521,2661,2662,1
1St_Class_U002C__Order_Of_The_Medjidie_Q17518393,0.15224298,0.15459521,2662,2663,1
2Nd_Class_U002C__Order_Of_The_Medjidie_Q98594851,0.15224298,0.15459521,2663,2664,1
5Th_Class_U002C__Order_Of_The_Medjidie_Q66196970_generic_instance,0.15224298,0.15459521,2664,2665,1
Bronze_Military_Merit_Medal_Q29834301,0.15224298,0.15459521,2665,2666,1
Imtiaz_Medal,0.15224298,0.15459521,2666,2667,1
Medal_of_Independence__u0028_Turkey_u0029_,0.15224298,0.15459521,2667,2668,1
Military_Merit_Cross_Iii_U002E__Class_Q15831416_generic_instance,0.15224298,0.15459521,2668,2669,1
Order_Of_Osmanieh_2Nd_Class_Q106483065,0.15224298,0.15459521,2669,2670,1
Order_Of_Osmanieh_3Rd_Class_Q106483116,0.15224298,0.15459521,2670,2671,1
Order_Of_Osmanieh_4Th_Class_Q106483250,0.15224298,0.15459521,2671,2672,1
Order_of_Saint_Alexander,0.15224298,0.15459521,2672,2673,1
Silver_Military_Merit_Medal_Q29834198,0.15224298,0.15459521,2673,2674,1
Grand_Cordon_Of_The_Order_Of_The_Paulownia_Flowers_Q82381119_generic_instance,0.15213827,0.15534093,2674,2649,-25
Military_Order_of_Christ,0.15213827,0.15534093,2675,2650,-25
Order_of_Culture,0.15213827,0.15534093,2676,2651,-25
Cancelled_2020_Polish_Presidential_Election_Q96023892,0.15210564,0.15600262,2677,2632,-45
2023_People_u0027_s_Republic_of_China_presidential_election,0.15202082,0.15574435,2678,2633,-45
Elizaveta_Rozova_Q107043381,0.15185395,0.15249982,2679,2691,12
Shinto_generic_instance,0.15184833,0.16162854,2680,2433,-247
Lyudmila_Putina,0.15180396,0.15249982,2681,2694,13
All-Russia_People_u0027_s_Front,0.15123853,0.15249982,2682,2687,5
Ozero,0.15123853,0.15249982,2683,2696,13
Russian_Academy_of_Arts,0.15123853,0.15249982,2684,2697,13
Apartment_generic_instance,0.15122715,0.15249982,2685,2732,47
GAZ-21,0.15122715,0.15249982,2686,2733,47
Garage__u0028_residential_u0029__generic_instance,0.15122715,0.15249982,2687,2734,47
Lada_Niva,0.15122715,0.15249982,2688,2735,47
Land_lot_generic_instance,0.15122715,0.15249982,2689,2736,47
Skif_Q28133937,0.15122715,0.15249982,2690,2737,47
Directorate_of_the_President_of_the_Russian_Federation,0.15117833,0.15249982,2691,2689,-2
First_Chief_Directorate,0.15117833,0.15249982,2692,2693,1
Academy_of_Foreign_Intelligence,0.15112497,0.15249982,2693,2685,-8
FSB_Academy,0.15112497,0.15249982,2694,2692,-2
Saint_Petersburg_Mining_University,0.15112497,0.15249982,2695,2698,3
Saint_Petersburg_State_University_Faculty_of_Law,0.15112497,0.15249982,2696,2699,3
School_193_Q27430017,0.15112497,0.15249982,2697,2700,3
School_281_Q4525174,0.15112497,0.15249982,2698,2701,3
St_U002E__Petersburg_Institute_Of_The_Fsb_Of_Russia_Q103920735,0.15112497,0.15249982,2699,2702,3
Akademika_Zelinskogo_Street_Q4471180,0.15104300,0.15249982,2700,2686,-14
Baskov_Lane_Q4079059,0.15104300,0.15249982,2701,2688,-13
Bachelor_of_Letters,0.15099215,0.15534093,2702,2652,-50
Master_of_Humanities,0.15099215,0.15534093,2703,2653,-50
Distinguished_Service_Medal_of_the_National_People_u0027_s_Army,0.15097476,0.15249982,2704,2690,-14
Medal__u0022_For_Impeccable_Service_u0022_,0.15097476,0.15249982,2705,2695,-10
Confucius_Peace_Prize,0.15097476,0.15249982,2706,2703,-3
Friendship_Medal__u0028_China_u0029_,0.15097476,0.15249982,2707,2704,-3
Honorary_Citizen_Of_Saint_Petersburg_Q4375549_generic_instance,0.15097476,0.15249982,2708,2705,-3
Honorary_Citizen_Of_Sevastopol_Q12143014_generic_instance,0.15097476,0.15249982,2709,2706,-3
Honorary_Doctor_Of_Saint_Petersburg_State_University_Q62078552_generic_instance,0.15097476,0.15249982,2710,2707,-3
Honorary_Doctor_Of_The_Baku_Slavic_University_Q87781591_generic_instance,0.15097476,0.15249982,2711,2708,-3
Honorary_Doctor_Of_The_Jawaharlal_Nehru_University_Q87781554_generic_instance,0.15097476,0.15249982,2712,2709,-3
Honorary_Doctor_Of_The_S_U002E__M_U002E__Kirov_Military_Medical_Academy_Q87782182_generic_instance,0.15097476,0.15249982,2713,2710,-3
Honorary_Doctor_Of_The_Turkmen_State_University_Q87781585_generic_instance,0.15097476,0.15249982,2714,2711,-3
Honorary_Doctor_Of_The_University_Of_Belgrade_Q87781782_generic_instance,0.15097476,0.15249982,2715,2712,-3
Honorary_Doctor_Of_The_Yerevan_State_University_Q83784650_generic_instance,0.15097476,0.15249982,2716,2713,-3
Honorary_Member_Q10519151_generic_instance,0.15097476,0.15249982,2717,2714,-3
Honored_Coach_Q32310_generic_instance,0.15097476,0.15249982,2718,2715,-3
Honoured_Coach_Of_Russia_Q29023922_generic_instance,0.15097476,0.15249982,2719,2716,-3
King_Abdulaziz_Medal_Q105308519,0.15097476,0.15249982,2720,2717,-3
Medal__U0027_For_Impeccable_Service_U0027__U002C__2Nd_Class_Q26205108_generic_instance,0.15097476,0.15249982,2721,2718,-3
Medal__U0027_For_Impeccable_Service_U0027__U002C__3Rd_Class_Q26205110_generic_instance,0.15097476,0.15249982,2722,2719,-3
Medal__U0027_Participant_Of_The_March-Shot_Bosnia-Kosovo_12_June_1999_U0027__Q4287131,0.15097476,0.15249982,2723,2720,-3
Order_For_Services_to_the_Republic_of_Dagestan,0.15097476,0.15249982,2724,2721,-3
Order_Of_Agostinho_Neto_Q16141090,0.15097476,0.15249982,2725,2722,-3
Order_Of_Honour_And_Glory_Q4335906,0.15097476,0.15249982,2726,2723,-3
Order_Of_St_U002E__Sava_Q4335968,0.15097476,0.15249982,2727,2724,-3
Order_Of_The_Precious_Wand_Q4335918,0.15097476,0.15249982,2728,2725,-3
Order_of_Outstanding_Merit,0.15097476,0.15249982,2729,2726,-3
Order_of_Saint-Charles,0.15097476,0.15249982,2730,2727,-3
Sheikh-Ul-Islam-Ordenen_Q20570767,0.15097476,0.15249982,2731,2728,-3
Uatsamonga_Order,0.15097476,0.15249982,2732,2729,-3
Weapon_Of_Honor_Q959154_generic_instance,0.15097476,0.15249982,2733,2730,-3
_U041F__U0430__U043C__U044F__U0442__U043D__U0430__U044F___U043C__U0435__U0434__U0430__U043B__U044C___U0410__U002E___U041C__U002E___U0413__U043E__U0440__U0447__U0430__U043A__U043E__U0432__U0430__Q4342969,0.15097476,0.15249982,2734,2731,-3
Mandarin_Chinese_generic_instance,0.15093913,0.15574435,2735,2642,-93
2004_Russian_presidential_election,0.15087110,0.15249982,2736,2683,-53
2018_Russian_presidential_election,0.15087110,0.15249982,2737,2684,-53
Person,0.15000000,0.15000000,2738,2738,0
Arthur_Dale_Trendall,0.15000000,0.15000000,2739,2739,0
Conrad_M_U002E__Stibbe_Q1126891,0.15000000,0.15000000,2740,2740,0
Dawn_Richardson_Wilson,0.15000000,0.15000000,2741,2741,0
Desireé_Cousteau,0.15000000,0.15000000,2742,2742,0
Eduard_Crăciun_Q105599653,0.15000000,0.15000000,2743,2743,0
Evelyn_Hartnick-Geismeier_Q1381751,0.15000000,0.15000000,2744,2744,0
Gisela_Richter,0.15000000,0.15000000,2745,2745,0
Jess_Wade,0.15000000,0.15000000,2746,2746,0
John_Manuel_Cook,0.15000000,0.15000000,2747,2747,0
Jonathan_Gustafson,0.15000000,0.15000000,2748,2748,0
Karl_Jakob_Weber,0.15000000,0.15000000,2749,2749,0
Kwan_Ting_Sean_Q111693465,0.15000000,0.15000000,2750,2750,0
Liselotte_Welskopf-Henrich,0.15000000,0.15000000,2751,2751,0
Mandy_Mystery_Q1889104,0.15000000,0.15000000,2752,2752,0
Mina_Schreiber_Q27567934,0.15000000,0.15000000,2753,2753,0
Sg_Nickelhütte_Aue_Q60540266,0.15000000,0.15000000,2754,2754,0
Sofía_Ugarriza_Q62752201,0.15000000,0.15000000,2755,2755,0
Tatjana_Gordienko_Q27893690,0.15000000,0.15000000,2756,2756,0
Thomas_Dempster,0.15000000,0.15000000,2757,2757,0
Walter-Herwig_Schuchhardt,0.15000000,0.15000000,2758,2758,0
Wsv_Ilmenau_Q55170822,0.15000000,0.15000000,2759,2759,0
