class,predicate,distinct_objects,total_objects,uniqueness
Person,careerStation,1716420,1716420,1.000000
Species,careerStation,1716420,1716420,1.000000
Species,name,1512587,2081195,0.726788
Species,label,1497318,1497318,1.000000
Person,name,1472284,2040242,0.721622
Person,label,1382085,1382085,1.000000
Species,name,1359267,1579232,0.860714
Person,name,1319836,1539333,0.857408
Person,termPeriod,358142,358142,1.000000
Species,termPeriod,358142,358142,1.000000
Species,caption,326651,351757,0.928627
Person,caption,324931,349701,0.929168
Person,occupation,266799,443380,0.601739
Species,occupation,266799,443380,0.601739
Person,birthPlace,248432,1505222,0.165047
Species,birthPlace,248432,1505222,0.165047
Person,spouse,228019,408819,0.557750
Species,spouse,228019,408819,0.557750
Person,birthName,215329,218226,0.986725
Species,birthName,215329,218226,0.986725
Person,fullname,201183,204089,0.985761
Species,fullname,201183,204089,0.985761
Person,predecessor,197263,268993,0.733339
Species,predecessor,197263,268993,0.733339
Person,successor,186829,243357,0.767716
Species,successor,186829,243357,0.767716
Person,currentMember,186535,485270,0.384394
Species,currentMember,186535,485270,0.384394
Person,birthName,166594,170804,0.975352
Species,birthName,166594,170804,0.975352
Species,title,147773,408136,0.362068
Person,title,146778,407117,0.360530
Person,birthPlace,134505,1486252,0.090499
Species,birthPlace,134505,1486252,0.090499
Person,occupation,121890,540465,0.225528
Species,occupation,121890,540466,0.225528
Person,after,110667,148825,0.743605
Species,after,110667,148825,0.743605
Person,before,109096,148368,0.735307
Species,before,109096,148368,0.735307
Person,birthDate,104632,1168571,0.089538
Species,birthDate,104632,1168571,0.089538
Person,deathPlace,104427,470502,0.221948
Species,deathPlace,104427,470502,0.221948
Person,knownFor,97935,122661,0.798420
Species,knownFor,97935,122661,0.798420
Person,office,97750,284646,0.343409
Species,office,97750,284646,0.343409
Person,clubs,97209,1075161,0.090413
Species,clubs,97209,1075161,0.090413
Species,deathDate,94811,464757,0.204001
Person,deathDate,94766,464312,0.204100
Person,birthDate,88712,1000447,0.088672
Species,birthDate,88712,1000447,0.088672
Person,deathDate,78475,363513,0.215879
Species,deathDate,78475,363513,0.215879
Species,binomial,76331,76395,0.999162
Species,species,68171,80092,0.851159
Species,synonym,66577,67179,0.991039
Person,team,65466,1459886,0.044843
Species,team,65466,1459886,0.044843
Person,children,63674,160966,0.395574
Species,children,63674,160966,0.395574
AdministrativeRegion,name,60502,71112,0.850799
Person,spouse,58231,62418,0.932920
Species,spouse,58231,62418,0.932920
Person,website,57873,58906,0.982464
Species,website,57873,58906,0.982464
Person,homepage,57007,57432,0.992600
Species,homepage,57007,57432,0.992600
Person,associatedActs,56009,97880,0.572221
Species,associatedActs,56009,97880,0.572221
Person,knownFor,55886,80847,0.691256
Species,knownFor,55886,80847,0.691256
Person,deathPlace,54438,442069,0.123144
Species,deathPlace,54438,442069,0.123144
AdministrativeRegion,label,54230,54230,1.000000
Person,other,53992,116977,0.461561
Species,other,53992,116977,0.461561
Person,youthclubs,52394,182448,0.287172
Species,youthclubs,52394,182448,0.287172
Species,awards,51946,153352,0.338737
Person,awards,50946,149799,0.340096
Person,termEnd,47161,276373,0.170643
Species,termEnd,47161,276373,0.170643
Person,termStart,47144,325900,0.144658
Species,termStart,47144,325900,0.144658
Person,parents,45706,51439,0.888548
Species,parents,45706,51439,0.888548
Person,education,45064,137680,0.327310
Species,education,45064,137680,0.327310
Species,id,44993,48747,0.922990
Person,almaMater,44841,258663,0.173357
Species,almaMater,44841,258663,0.173357
Person,associatedBand,44403,98214,0.452105
Species,associatedBand,44403,98214,0.452105
Person,associatedMusicalArtist,44397,98196,0.452126
Species,associatedMusicalArtist,44397,98196,0.452126
Person,id,44101,47570,0.927076
Person,child,43010,51725,0.831513
Species,child,43010,51725,0.831513
Person,alias,42620,43965,0.969407
Species,alias,42620,43965,0.969407
Species,source,40628,41594,0.976775
Person,source,40583,41537,0.977033
Species,genus,39932,105681,0.377854
AdministrativeRegion,name,38418,41985,0.915041
Person,votes,38405,68662,0.559334
Species,votes,38405,68662,0.559334
Person,relatives,36824,47344,0.777797
Species,relatives,36824,47344,0.777797
Person,militaryCommand,35284,53634,0.657866
Species,militaryCommand,35284,53634,0.657866
Species,synonyms,35173,35598,0.988061
Person,givenName,34455,34621,0.995205
Species,givenName,34455,34621,0.995205
Person,nativeName,34158,37032,0.922391
Species,nativeName,34158,37032,0.922391
Person,issue,33944,45250,0.750144
Species,issue,33944,45250,0.750144
Person,managerclubs,32657,126552,0.258052
Species,managerclubs,32657,126552,0.258052
Species,label,32332,75692,0.427152
Person,label,32294,75650,0.426887
Person,candidate,31934,38025,0.839816
Species,candidate,31934,38025,0.839816
Person,parent,31567,46213,0.683076
Species,parent,31567,46213,0.683076
Person,notableWorks,30938,35306,0.876282
Species,notableWorks,30938,35306,0.876282
Person,title,29624,51894,0.570856
Species,title,29624,51894,0.570856
Person,successor,28896,31356,0.921546
Species,successor,28896,31356,0.921546
Person,imdbId,27845,27892,0.998315
Species,imdbId,27845,27892,0.998315
Person,otherNames,26911,28745,0.936198
Species,otherNames,26911,28745,0.936198
Species,award,26451,183307,0.144299
Person,award,26252,180785,0.145211
Person,father,26105,33882,0.770468
Species,father,26105,33882,0.770468
Person,nick,25288,30375,0.832527
Species,nick,25288,30375,0.832527
Person,team,23883,137498,0.173697
Species,team,23883,137498,0.173697
Person,relative,23276,30776,0.756304
Species,relative,23276,30776,0.756304
Person,residence,23073,53944,0.427721
Species,residence,23073,53944,0.427721
Person,predecessor,22707,25014,0.907772
Species,predecessor,22707,25014,0.907772
Person,commands,22706,56999,0.398358
Species,commands,22706,56999,0.398358
Person,managerClub,22656,99134,0.228539
Species,managerClub,22656,99134,0.228539
Person,highlights,22525,31440,0.716444
Species,highlights,22525,31440,0.716444
Species,url,22258,24113,0.923071
Person,url,22151,23986,0.923497
Person,currentclub,22136,102047,0.216920
Species,currentclub,22136,102047,0.216920
AdministrativeRegion,populationTotal,21963,29082,0.755209
Species,alt,21835,22908,0.953160
Person,alt,21790,22863,0.953068
Person,almaMater,21294,220231,0.096689
Species,almaMater,21294,220231,0.096689
Person,club,19936,97392,0.204699
Species,club,19936,97392,0.204699
Person,teams,19644,35713,0.550052
Species,teams,19644,35713,0.550052
Person,relation,19383,24724,0.783975
Species,relation,19383,24724,0.783975
AdministrativeRegion,populationTotal,19124,22105,0.865144
Person,alias,19079,20747,0.919603
Species,alias,19079,20747,0.919603
Person,battles,18758,86747,0.216238
Species,battles,18758,86747,0.216238
Person,mother,18500,23904,0.773929
Species,mother,18500,23904,0.773929
Person,fullName,18428,19990,0.921861
Species,fullName,18428,19990,0.921861
Species,binomialAuthority,18106,74791,0.242088
Person,education,17967,105533,0.170250
Species,education,17967,105533,0.170250
Person,relations,17532,20941,0.837209
Species,relations,17532,20941,0.837209
Person,genre,17335,155369,0.111573
Species,genre,17335,155369,0.111573
Person,brm,17016,17029,0.999237
Species,brm,17016,17029,0.999237
Person,notableworks,16924,18102,0.934924
Species,notableworks,16924,18102,0.934924
Person,constituency,16833,37375,0.450381
Species,constituency,16833,37375,0.450381
Person,br,16689,16691,0.999880
Species,br,16689,16691,0.999880
Person,workplaces,16579,57736,0.287152
Species,workplaces,16579,57736,0.287152
Species,imageCaption,16520,18620,0.887218
Person,residence,15922,51491,0.309219
Species,residence,15922,51491,0.309219
Species,genus,15869,72236,0.219683
Species,years,15741,1380985,0.011398
Person,years,15734,1380972,0.011393
Person,nickname,15650,20906,0.748589
Species,nickname,15650,20906,0.748589
AdministrativeRegion,subdivision,15246,51993,0.293232
Person,signature,15195,15378,0.988100
Species,signature,15195,15378,0.988100
Person,preceded,15148,17188,0.881313
Species,preceded,15148,17188,0.881313
Person,militaryService,15100,15100,1.000000
Species,militaryService,15100,15100,1.000000
Person,highSchool,15063,43151,0.349076
Species,highSchool,15063,43151,0.349076
Person,succeeded,14909,16740,0.890621
Species,succeeded,14909,16740,0.890621
Person,restingPlace,14769,27407,0.538877
Species,restingPlace,14769,27407,0.538877
AdministrativeRegion,areaTotal,14764,20666,0.714410
Person,party,14724,177287,0.083052
Species,party,14724,177287,0.083052
Person,birthname,14696,14811,0.992236
Species,birthname,14696,14811,0.992236
Species,genusAuthority,14450,26695,0.541300
Person,pastteams,14439,21391,0.675004
Species,pastteams,14439,21391,0.675004
AdministrativeRegion,imageMap,14350,17462,0.821784
ChemicalCompound,alternativeName,14012,14186,0.987734
Person,pfr,13655,13674,0.998611
Species,pfr,13655,13674,0.998611
Person,percentage,13473,57121,0.235868
Species,percentage,13473,57121,0.235868
AdministrativeRegion,p,13447,15724,0.855190
ChemicalCompound,imagefile,13024,14509,0.897650
ChemicalCompound,label,12748,12748,1.000000
Species,subdivision,12629,15167,0.832663
Person,doctoralAdvisor,12620,16738,0.753973
Species,doctoralAdvisor,12620,16738,0.753973
Person,restingPlace,12484,43754,0.285322
Species,restingPlace,12484,43754,0.285322
Person,thesisTitle,12409,12463,0.995667
Species,thesisTitle,12409,12463,0.995667
Person,nfl,12354,13601,0.908316
Species,nfl,12354,13601,0.908316
AdministrativeRegion,mapCaption,12297,18071,0.680483
ChemicalCompound,iupacName,11932,11957,0.997909
AdministrativeRegion,nativeName,11888,13565,0.876373
Person,alongside,11756,16580,0.709047
Species,alongside,11756,16580,0.709047
AdministrativeRegion,areaTotalKm,11658,14897,0.782574
Species,p,11592,12092,0.958650
Person,p,11566,12066,0.958561
Person,coachTeam,11535,48158,0.239524
Species,coachTeam,11535,48158,0.239524
Person,notableWork,11419,11905,0.959177
Species,notableWork,11419,11905,0.959177
Species,seeAlso,11311,19403,0.582951
Person,originalName,11239,12230,0.918970
Species,originalName,11239,12230,0.918970
Person,seeAlso,11212,19259,0.582169
Person,battle,11169,89226,0.125177
Species,battle,11169,89226,0.125177
ChemicalCompound,othernames,11130,13757,0.809043
Person,names,10806,11398,0.948061
Species,names,10806,11398,0.948061
Person,employer,10698,16719,0.639871
Species,employer,10698,16719,0.639871
Person,party,10546,173053,0.060941
Species,party,10546,173053,0.060941
AdministrativeRegion,subdivisionName,10492,58179,0.180340
AdministrativeRegion,originalName,10460,11521,0.907907
Species,origin,10370,28633,0.362170
Person,recordLabel,10255,58026,0.176731
Species,recordLabel,10255,58026,0.176731
Person,doctoralStudents,10162,11195,0.907727
Species,doctoralStudents,10162,11195,0.907727
Person,fields,10132,33181,0.305355
Species,fields,10132,33181,0.305355
Person,with,10015,11447,0.874902
Species,with,10015,11447,0.874902
AdministrativeRegion,politicalLeader,9749,9749,1.000000
Person,institution,9746,44787,0.217608
Species,institution,9746,44787,0.217608
Species,quote,9690,9905,0.978294
Person,origin,9643,26794,0.359894
Person,quote,9605,9820,0.978106
Person,overallRecord,9599,11114,0.863685
Species,overallRecord,9599,11114,0.863685
Species,image,9583,10132,0.945815
Person,profession,9577,39413,0.242991
Species,profession,9577,39413,0.242991
Person,coach,9480,12766,0.742598
Species,coach,9480,12766,0.742598
Person,pastcoaching,9334,14642,0.637481
Species,pastcoaching,9334,14642,0.637481
AdministrativeRegion,homepage,9254,9366,0.988042
AdministrativeRegion,seat,9249,10111,0.914746
Person,field,9246,36103,0.256101
Species,field,9246,36103,0.256101
Species,race,9143,46290,0.197516
Species,s,9073,11716,0.774411
Person,nationality,9057,332762,0.027218
Person,s,9057,11698,0.774235
Species,nationality,9057,332762,0.027218
AdministrativeRegion,caption,8898,10772,0.826030
AdministrativeRegion,leaderName,8798,10449,0.841994
Person,fangraphs,8761,8763,0.999772
Species,fangraphs,8761,8763,0.999772
Person,doctoralStudent,8717,9126,0.955183
Species,doctoralStudent,8717,9126,0.955183
Person,highschool,8689,23035,0.377209
Species,highschool,8689,23035,0.377209
Person,mlb,8634,8643,0.998959
Species,mlb,8634,8643,0.998959
Person,influences,8499,17570,0.483722
Species,influences,8499,17570,0.483722
Person,nflnew,8462,8464,0.999764
Species,nflnew,8462,8464,0.999764
Species,order,8439,35292,0.239119
Person,order,8438,35291,0.239098
Person,college,8381,52367,0.160044
Species,college,8381,52367,0.160044
Person,consecration,8260,10718,0.770666
Species,consecration,8260,10718,0.770666
AdministrativeRegion,website,8174,8309,0.983753
Person,partner,8088,8878,0.911016
Species,partner,8088,8878,0.911016
Person,unit,8076,24470,0.330037
Species,unit,8076,24470,0.330037
Person,hometown,8047,31904,0.252225
Species,hometown,8047,31904,0.252225
Species,date,8031,75526,0.106334
Person,date,8019,74071,0.108261
AdministrativeRegion,imageSkyline,8009,8376,0.956184
AdministrativeRegion,imageCaption,7921,8064,0.982267
Person,image,7829,8357,0.936819
Person,employer,7783,14416,0.539886
Species,employer,7783,14416,0.539886
Person,academicDiscipline,7747,47464,0.163218
Species,academicDiscipline,7747,47464,0.163218
Species,family,7698,9997,0.770031
Person,doctoralAdvisor,7696,11195,0.687450
Species,doctoralAdvisor,7696,11195,0.687450
Person,personFunction,7694,7694,1.000000
Person,family,7694,9993,0.769939
Species,personFunction,7694,7694,1.000000
Person,espn,7527,7592,0.991438
Species,espn,7527,7592,0.991438
AdministrativeRegion,repname,7346,8338,0.881027
Species,t,7280,7388,0.985382
Person,instrument,7273,58951,0.123374
Species,instrument,7273,58951,0.123374
Person,t,7265,7373,0.985352
Person,placeofburial,7219,12747,0.566329
Species,placeofburial,7219,12747,0.566329
Person,influenced,7149,9881,0.723510
Species,influenced,7149,9881,0.723510
Person,deliveries,7136,29209,0.244308
Species,deliveries,7136,29209,0.244308
Species,family,6990,148821,0.046969
Person,number,6902,93792,0.073588
Species,number,6902,93792,0.073588
Species,typeSpecies,6892,6922,0.995666
ChemicalCompound,verifiedrevid,6737,6854,0.982930
Person,thesisUrl,6672,6961,0.958483
Species,thesisUrl,6672,6961,0.958483
Person,signature,6626,6762,0.979888
Species,signature,6626,6762,0.979888
Person,militaryUnit,6599,17874,0.369195
Species,militaryUnit,6599,17874,0.369195
Person,careerPrizeMoney,6539,6645,0.984048
Species,careerPrizeMoney,6539,6645,0.984048
Person,careerprizemoney,6523,6661,0.979282
Species,careerprizemoney,6523,6661,0.979282
Person,genre,6251,138326,0.045190
Species,genre,6251,138326,0.045190
Person,formerTeam,6207,153920,0.040326
Species,formerTeam,6207,153920,0.040326
Species,trainer,6121,13623,0.449314
Person,influencedBy,6081,14249,0.426767
Species,influencedBy,6081,14249,0.426767
Species,familia,5976,104964,0.056934
Person,ordination,5972,9780,0.610634
Species,ordination,5972,9780,0.610634
Person,deputy,5954,7016,0.848632
Species,deputy,5954,7016,0.848632
AdministrativeRegion,s,5877,7186,0.817840
Person,runs,5853,35070,0.166895
Species,runs,5853,35070,0.166895
Person,termstart,5852,14746,0.396853
Species,termstart,5852,14746,0.396853
Person,organization,5839,7412,0.787777
Species,organization,5839,7412,0.787777
Person,cteam,5838,14116,0.413573
Species,cteam,5838,14116,0.413573
AdministrativeRegion,officialName,5810,6134,0.947180
Person,pcupdate,5775,44941,0.128502
Species,pcupdate,5775,44941,0.128502
Person,previousPost,5759,9618,0.598773
Species,previousPost,5759,9618,0.598773
Person,prizes,5748,11960,0.480602
Species,prizes,5748,11960,0.480602
Species,reason,5712,7267,0.786019
Person,influenced,5658,8621,0.656304
Species,influenced,5658,8621,0.656304
Species,c,5655,5754,0.982795
Person,c,5647,5746,0.982771
Person,reason,5644,7195,0.784434
Person,rank,5636,57419,0.098156
Species,rank,5636,57419,0.098156
AdministrativeRegion,blankInfoSec,5554,7544,0.736214
Person,number,5478,40174,0.136357
Species,number,5478,40174,0.136357
Person,change,5443,10934,0.497805
Species,change,5443,10934,0.497805
AdministrativeRegion,pop,5443,8348,0.652012
Person,1namedata,5399,10376,0.520335
Species,1namedata,5399,10376,0.520335
Person,amateurteam,5397,7720,0.699093
Species,amateurteam,5397,7720,0.699093
Person,laterwork,5369,6808,0.788631
Species,laterwork,5369,6808,0.788631
Person,workInstitutions,5322,11659,0.456471
Species,workInstitutions,5322,11659,0.456471
Person,proteam,5200,8831,0.588835
Species,proteam,5200,8831,0.588835
Person,movement,5194,14691,0.353550
Species,movement,5194,14691,0.353550
Person,ntupdate,5190,23829,0.217802
Species,ntupdate,5190,23829,0.217802
Person,pb,5171,13545,0.381764
Species,pb,5171,13545,0.381764
Species,horsename,5160,5183,0.995562
Person,succession,5061,15221,0.332501
Species,succession,5061,15221,0.332501
Person,activeYearsStartDate,5059,7199,0.702736
Species,activeYearsStartDate,5059,7199,0.702736
Person,othername,5056,5176,0.976816
Species,othername,5056,5176,0.976816
Person,honorificSuffix,5020,31618,0.158770
Species,honorificSuffix,5020,31618,0.158770
Star,label,5010,5010,1.000000
Person,otherparty,5005,18691,0.267776
Species,otherparty,5005,18691,0.267776
Person,pseudonym,5000,5187,0.963948
Species,pseudonym,5000,5187,0.963948
Species,dam,4980,5377,0.926167
Person,primeminister,4973,30528,0.162900
Species,primeminister,4973,30528,0.162900
Person,pseudonym,4890,5094,0.959953
Species,pseudonym,4890,5094,0.959953
Person,termend,4885,11250,0.434222
Species,termend,4885,11250,0.434222
Person,constituencyMp,4884,11013,0.443476
Species,constituencyMp,4884,11013,0.443476
Person,race,4850,22354,0.216963
Species,updated,4810,20365,0.236190
Person,consecratedBy,4809,8837,0.544189
Species,consecratedBy,4809,8837,0.544189
Person,burialPlace,4784,7422,0.644570
Person,nationalteam,4784,173697,0.027542
Species,burialPlace,4784,7422,0.644570
Species,nationalteam,4784,173697,0.027542
Person,activeYearsEndDate,4769,6251,0.762918
Species,activeYearsEndDate,4769,6251,0.762918
Person,training,4758,8908,0.534127
Species,training,4758,8908,0.534127
AdministrativeRegion,postalCode,4745,7626,0.622213
Person,mainInterests,4724,11319,0.417351
Species,mainInterests,4724,11319,0.417351
Person,batAvg,4714,34940,0.134917
Species,batAvg,4714,34940,0.134917
Person,reign,4708,18182,0.258937
Species,reign,4708,18182,0.258937
Person,appointed,4698,6360,0.738679
Species,appointed,4698,6360,0.738679
Person,bowlAvg,4651,28277,0.164480
Species,bowlAvg,4651,28277,0.164480
Person,retro,4637,4639,0.999569
Species,retro,4637,4639,0.999569
Person,playerTeam,4614,12818,0.359963
Species,playerTeam,4614,12818,0.359963
AdministrativeRegion,centre,4518,4562,0.990355
Person,governor,4453,11505,0.387049
Species,governor,4453,11505,0.387049
AdministrativeRegion,location,4450,14332,0.310494
Person,television,4449,7188,0.618948
Species,television,4449,7188,0.618948
Species,race,4408,44034,0.100104
Star,parallax,4387,4829,0.908470
Person,playedFor,4377,44655,0.098018
Species,playedFor,4377,44655,0.098018
Person,clubUpdate,4353,52908,0.082275
Species,clubUpdate,4353,52908,0.082275
Person,statvalue,4350,49162,0.088483
Species,statvalue,4350,49162,0.088483
Person,updated,4318,18750,0.230293
Person,president,4308,33067,0.130281
Species,president,4308,33067,0.130281
Person,otherPost,4238,6438,0.658279
Species,otherPost,4238,6438,0.658279
Species,earnings,4187,4298,0.974174
Person,works,4162,4484,0.928189
Species,works,4162,4484,0.928189
Person,allegiance,4116,28319,0.145344
Species,allegiance,4116,28319,0.145344
Person,orderInOffice,4099,6892,0.594748
Species,orderInOffice,4099,6892,0.594748
Species,wstitle,4084,4283,0.953537
Person,wstitle,4083,4282,0.953526
Person,school,4077,10498,0.388360
Species,school,4077,10498,0.388360
Person,significantBuildings,4073,4326,0.941516
Species,owner,4073,6680,0.609731
Species,significantBuildings,4073,4326,0.941516
AdministrativeRegion,postalCode,4057,6312,0.642744
Species,m,4013,7898,0.508103
Person,subject,3991,6521,0.612023
Species,subject,3991,6521,0.612023
Person,bbr,3978,3988,0.997492
Species,bbr,3978,3988,0.997492
Person,branch,3952,42945,0.092025
Species,branch,3952,42945,0.092025
Species,imageName,3919,4376,0.895567
AdministrativeRegion,east,3903,4590,0.850327
Person,workInstitution,3893,9185,0.423843
Species,workInstitution,3893,9185,0.423843
Species,text,3891,6179,0.629714
Person,text,3876,6164,0.628812
AdministrativeRegion,west,3876,4571,0.847954
AdministrativeRegion,north,3875,4599,0.842574
AdministrativeRegion,south,3869,4569,0.846794
Star,propMoRa,3864,3987,0.969150
Person,hometown,3863,5826,0.663062
Species,hometown,3863,5826,0.663062
Person,as,3857,6992,0.551630
Species,as,3857,6992,0.551630
Star,propMoDec,3857,3997,0.964974
Person,significantBuilding,3846,4104,0.937135
Species,significantBuilding,3846,4104,0.937135
Person,originalteam,3833,12244,0.313051
Species,originalteam,3833,12244,0.313051
AdministrativeRegion,nearS,3768,4651,0.810148
Person,honorificPrefix,3734,53543,0.069738
Species,honorificPrefix,3734,53543,0.069738
Person,raceHorse,3733,5419,0.688872
Species,raceHorse,3733,5419,0.688872
ChemicalCompound,name,3723,3732,0.997588
AdministrativeRegion,demoCsd,3714,6005,0.618485
AdministrativeRegion,nearN,3693,4626,0.798314
Person,trainer,3689,7307,0.504858
Species,mm,3689,6644,0.555238
Species,horses,3687,4903,0.751989
Person,horses,3686,4902,0.751938
Person,position,3683,316656,0.011631
Species,position,3683,316657,0.011631
Person,diocese,3637,12827,0.283543
Species,diocese,3637,12827,0.283543
AdministrativeRegion,nearW,3633,4619,0.786534
Species,breeder,3611,5501,0.656426
AdministrativeRegion,nearE,3605,4721,0.763609
AdministrativeRegion,imageFlag,3602,3938,0.914678
Star,name,3559,3582,0.993579
Person,credits,3545,4617,0.767815
Species,credits,3545,4617,0.767815
Person,postseason,3543,17374,0.203925
Species,postseason,3543,17374,0.203925
Person,currentTeam,3535,10528,0.335771
Species,currentTeam,3535,10528,0.335771
Galaxy,name,3532,3712,0.951509
Person,irish,3529,3904,0.903945
Species,irish,3529,3904,0.903945
Person,nationality,3524,148363,0.023753
Species,nationality,3524,148363,0.023753
Person,boards,3477,3820,0.910209
Species,boards,3477,3820,0.910209
Species,from,3454,3457,0.999132
Person,nationalteamUpdate,3431,15157,0.226364
Species,nationalteamUpdate,3431,15157,0.226364
Species,binomialAuthority,3415,32986,0.103529
Person,restingplace,3408,6111,0.557683
Species,restingplace,3408,6111,0.557683
ChemicalCompound,name,3382,3766,0.898035
Person,draftPick,3315,22747,0.145734
Species,draftPick,3315,22747,0.145734
Person,academicAdvisors,3314,3895,0.850834
Species,academicAdvisors,3314,3895,0.850834
AdministrativeRegion,percentage,3314,4425,0.748927
AdministrativeRegion,nearSw,3308,4264,0.775797
Species,mmm,3296,3931,0.838463
Person,college,3293,20942,0.157244
Species,college,3293,20942,0.157244
Person,office,3286,4556,0.721247
Species,office,3286,4556,0.721247
Species,typeStrain,3286,3360,0.977976
Person,partner,3284,3414,0.961921
Species,partner,3284,3414,0.961921
AdministrativeRegion,nearNw,3276,4266,0.767932
AdministrativeRegion,nearSe,3247,4280,0.758645
Person,imageName,3243,3261,0.994480
AdministrativeRegion,nearNe,3199,4262,0.750587
Person,majority,3193,3566,0.895401
Species,majority,3193,3566,0.895401
Person,event,3170,33798,0.093793
Species,event,3170,33798,0.093793
AdministrativeRegion,bishop,3156,3527,0.894811
Person,club,3110,9178,0.338854
Species,club,3110,9178,0.338854
Person,stat2value,3108,23600,0.131695
Species,stat2value,3108,23600,0.131695
AdministrativeRegion,areaKm,3100,3784,0.819239
Person,allegiance,3096,32674,0.094754
Species,allegiance,3096,32674,0.094754
Person,motto,3087,4217,0.732037
Species,motto,3087,4217,0.732037
Species,typeSpeciesAuthority,3078,5432,0.566642
Person,notableStudents,3067,3395,0.903387
Species,notableStudents,3067,3395,0.903387
Person,votesmart,3066,3092,0.991591
Species,votesmart,3066,3092,0.991591
Person,pastMemberOf,3054,4544,0.672095
Species,pastMemberOf,3054,4544,0.672095
AdministrativeRegion,cathedral,3047,3356,0.907926
Person,training,2986,8404,0.355307
Species,training,2986,8404,0.355307
AdministrativeRegion,countySeat,2984,2988,0.998661
AdministrativeRegion,population,2975,3330,0.893393
Species,rr,2966,3075,0.964553
Person,careerhighlights,2960,3322,0.891030
Species,careerhighlights,2960,3322,0.891030
Person,formerTeams,2956,22368,0.132153
Species,formerTeams,2956,22368,0.132153
AdministrativeRegion,largestCity,2956,3011,0.981734
Person,titles,2955,6224,0.474775
Species,titles,2955,6224,0.474775
Person,rr,2953,3062,0.964402
AdministrativeRegion,place,2951,2951,1.000000
AdministrativeRegion,areaLand,2950,4641,0.635639
Species,mmmm,2941,3695,0.795940
AdministrativeRegion,votes,2934,4709,0.623062
Person,subDiscipline,2932,5132,0.571317
Species,subDiscipline,2932,5132,0.571317
AdministrativeRegion,latin,2929,2954,0.991537
Person,sname,2922,2930,0.997270
Species,sname,2922,2930,0.997270
AdministrativeRegion,exImage,2920,2935,0.994889
AdministrativeRegion,exImageCap,2904,2964,0.979757
Person,serviceNumber,2853,2895,0.985492
Species,serviceNumber,2853,2895,0.985492
Species,damsire,2849,5344,0.533121
Species,term,2845,28486,0.099874
Person,term,2844,28485,0.099842
Species,trainer,2842,9695,0.293141
AdministrativeRegion,capital,2831,3298,0.858399
AdministrativeRegion,northeast,2822,3119,0.904777
Person,highschool,2817,4277,0.658639
Species,highschool,2817,4277,0.658639
AdministrativeRegion,southeast,2815,3139,0.896782
Species,hangul,2805,2954,0.949560
ChemicalCompound,pin,2796,6798,0.411297
Person,hangul,2792,2933,0.951926
Person,sherdog,2791,2792,0.999642
Species,sherdog,2791,2792,0.999642
AdministrativeRegion,southwest,2791,3091,0.902944
Star,class,2772,5345,0.518616
AdministrativeRegion,northwest,2745,3053,0.899116
AdministrativeRegion,populationDensity,2721,4349,0.625661
ChemicalCompound,iupacname,2718,4509,0.602794
Person,notableIdeas,2714,2990,0.907692
Species,mr,2714,2803,0.968248
Species,notableIdeas,2714,2990,0.907692
Person,mr,2703,2792,0.968123
Person,race,2684,21968,0.122178
Person,bbr,2675,2685,0.996276
Species,bbr,2675,2685,0.996276
Species,style,2672,13252,0.201630
Person,style,2670,13250,0.201509
Person,majorwins,2665,5447,0.489260
Species,majorwins,2665,5447,0.489260
AdministrativeRegion,established,2653,5595,0.474173
Person,draftpick,2649,17146,0.154497
Species,draftpick,2649,17146,0.154497
Person,formercoach,2646,4390,0.602733
Species,formercoach,2646,4390,0.602733
Species,sire,2644,5381,0.491358
AdministrativeRegion,area,2641,2992,0.882687
AdministrativeRegion,area,2607,3065,0.850571
AdministrativeRegion,seeAlso,2605,4730,0.550740
Person,discipline,2589,20181,0.128289
Species,discipline,2589,20181,0.128289
Person,realname,2588,2691,0.961724
Species,realname,2588,2691,0.961724
Person,stat3value,2571,23465,0.109567
Species,stat3value,2571,23465,0.109567
Person,ordainedBy,2531,3738,0.677100
Species,ordainedBy,2531,3738,0.677100
Person,motto,2527,2739,0.922599
Species,motto,2527,2739,0.922599
AdministrativeRegion,url,2524,2768,0.911850
AdministrativeRegion,web,2507,2507,1.000000
Species,mf,2504,6667,0.375581
Person,ended,2502,2913,0.858908
Species,ended,2502,2913,0.858908
Person,yearsActive,2494,130353,0.019133
Species,yearsActive,2494,130353,0.019133
Species,author,2466,3909,0.630852
Person,deathCause,2442,7758,0.314772
Species,deathCause,2442,7758,0.314772
Species,foaled,2440,5411,0.450933
Person,author,2435,3873,0.628712
Person,patronage,2435,3205,0.759750
Species,patronage,2435,3205,0.759750
Person,diocese,2430,7374,0.329536
Species,diocese,2430,7374,0.329536
Person,ribbon,2417,40511,0.059663
Species,ribbon,2417,40511,0.059663
Person,regent,2408,3171,0.759382
Species,regent,2408,3171,0.759382
ChemicalCompound,imagename,2408,2845,0.846397
Person,board,2395,2755,0.869328
Species,board,2395,2755,0.869328
AdministrativeRegion,catholics,2389,2759,0.865893
Person,stat1value,2374,23902,0.099322
Species,stat1value,2374,23902,0.099322
AdministrativeRegion,nameLocal,2373,2711,0.875323
Person,school,2369,8448,0.280421
Species,school,2369,8448,0.280421
AdministrativeRegion,t,2367,2465,0.960243
AdministrativeRegion,value,2367,5590,0.423435
AdministrativeRegion,elevation,2353,5072,0.463920
Person,serviceyears,2351,41731,0.056337
Species,serviceyears,2351,41731,0.056337
Person,movement,2344,10690,0.219270
Species,movement,2344,10690,0.219270
Person,enthroned,2334,2643,0.883087
Species,enthroned,2334,2643,0.883087
Species,f,2328,6741,0.345349
Person,stateOfOrigin,2323,49899,0.046554
Species,stateOfOrigin,2323,49899,0.046554
Person,citizenship,2317,23952,0.096735
Species,citizenship,2317,23952,0.096735
Species,d,2301,3482,0.660827
Person,d,2300,3481,0.660730
Person,father,2296,2458,0.934093
Species,father,2296,2458,0.934093
Species,data,2292,3342,0.685817
Person,data,2286,3335,0.685457
Person,academicAdvisor,2276,2696,0.844214
Species,academicAdvisor,2276,2696,0.844214
AdministrativeRegion,established,2263,3015,0.750580
AdministrativeRegion,namedFor,2258,3003,0.751915
Species,differentFrom,2254,2307,0.977026
AdministrativeRegion,conventionalLongName,2245,2312,0.971021
Person,activeYearsStartYear,2239,204076,0.010971
Species,activeYearsStartYear,2239,204076,0.010971
Species,video,2233,3572,0.625140
AdministrativeRegion,establishedDate,2233,5262,0.424363
Person,notableStudent,2232,2365,0.943763
Species,notableStudent,2232,2365,0.943763
Person,district,2231,37379,0.059686
Species,district,2231,37379,0.059686
Person,video,2229,3568,0.624720
Person,prevSeries,2224,8522,0.260972
Species,prevSeries,2224,8522,0.260972
Person,agent,2213,5747,0.385070
Species,agent,2213,5747,0.385070
Species,mmf,2209,3945,0.559949
Person,formerpartner,2207,2401,0.919200
Species,formerpartner,2207,2401,0.919200
Person,location,2192,3362,0.651993
Species,location,2192,3362,0.651993
Person,see,2181,4237,0.514751
Species,see,2181,4237,0.514751
Person,servicenumber,2179,2889,0.754240
Species,servicenumber,2179,2889,0.754240
Star,temperature,2179,3320,0.656325
Person,house,2170,11359,0.191038
Species,house,2170,11359,0.191038
Person,fideid,2160,2171,0.994933
Species,fideid,2160,2171,0.994933
Person,activeYearsEndYear,2149,95504,0.022502
Species,activeYearsEndYear,2149,95504,0.022502
Species,fm,2149,6664,0.322479
Person,ruAmateurclubs,2145,6185,0.346807
Species,ruAmateurclubs,2145,6185,0.346807
AdministrativeRegion,seatWl,2138,2836,0.753879
Person,profession,2130,16909,0.125968
Species,profession,2130,16909,0.125968
Person,hockeydb,2129,2142,0.993931
Species,hockeydb,2129,2142,0.993931
Species,foalDate,2106,2437,0.864177
Person,ruProclubs,2102,11969,0.175620
Species,ruProclubs,2102,11969,0.175620
Person,bowlname,2098,5080,0.412992
Species,bowlname,2098,5080,0.412992
Person,last,2095,4592,0.456228
Species,last,2095,4592,0.456228
Star,luminosity,2087,3153,0.661909
Star,appmagV,2070,5299,0.390640
Person,differentFrom,2054,2099,0.978561
AdministrativeRegion,county,2053,5426,0.378363
Person,notableIdea,2045,2405,0.850312
Species,notableIdea,2045,2405,0.850312
Person,buried,2040,3126,0.652591
Species,buried,2040,3126,0.652591
AdministrativeRegion,territory,2034,2678,0.759522
AdministrativeRegion,commonName,2025,2163,0.936200
Person,elite,2020,2031,0.994584
Species,elite,2020,2031,0.994584
Species,mfm,2012,3934,0.511439
Person,spouses,2010,2876,0.698887
Species,mmmf,2010,3694,0.544126
Species,spouses,2010,2876,0.698887
Person,militaryBranch,2001,31516,0.063492
Species,militaryBranch,2001,31516,0.063492
AdministrativeRegion,largestCityWl,1988,2473,0.803882
AdministrativeRegion,areaCode,1980,5953,0.332605
Person,placeOfBurial,1978,2867,0.689920
Species,placeOfBurial,1978,2867,0.689920
Person,constituencyAm,1977,4057,0.487306
Species,constituencyAm,1977,4057,0.487306
Galaxy,label,1964,1964,1.000000
Person,lieutenant,1942,2279,0.852128
Species,lieutenant,1942,2279,0.852128
Star,absmagV,1937,3546,0.546249
Species,w,1931,2264,0.852915
Person,w,1928,2261,0.852720
Person,bishop,1923,1953,0.984639
Species,bishop,1923,1953,0.984639
Person,appointer,1915,9743,0.196551
Species,appointer,1915,9743,0.196551
AdministrativeRegion,title,1908,2515,0.758648
AdministrativeRegion,city,1901,2092,0.908700
Person,coronation,1899,2336,0.812928
Species,coronation,1899,2336,0.812928
ChemicalCompound,imagealt,1893,2165,0.874365
Person,deathYear,1887,136964,0.013777
Species,deathYear,1887,136964,0.013777
Galaxy,name,1872,1886,0.992577
AdministrativeRegion,elevationM,1860,4332,0.429363
Person,field,1859,13586,0.136832
Species,field,1859,13586,0.136832
Species,note,1857,5802,0.320062
AdministrativeRegion,areaTotalSqMi,1847,3487,0.529682
Species,mmfm,1832,3695,0.495805
Species,description,1831,1943,0.942357
Person,description,1828,1939,0.942754
Person,careerNumber,1821,3984,0.457078
Species,careerNumber,1821,3984,0.457078
AdministrativeRegion,demographics1Info,1820,3136,0.580357
Person,coatOfArms,1815,1932,0.939441
Person,note,1815,5760,0.315104
Species,coatOfArms,1815,1932,0.939441
Star,pError,1815,4821,0.376478
AdministrativeRegion,populationDensityKm,1813,18361,0.098742
Person,vicepresident,1808,2421,0.746799
Species,vicepresident,1808,2421,0.746799
AdministrativeRegion,imageShield,1805,1837,0.982580
AdministrativeRegion,foundingDate,1790,3197,0.559900
Person,fightingOutOf,1789,4349,0.411359
Species,fightingOutOf,1789,4349,0.411359
Galaxy,caption,1789,1835,0.974932
Person,significantProjects,1773,1861,0.952714
Species,significantProjects,1773,1861,0.952714
Species,fmm,1761,3936,0.447409
Person,subject,1756,2988,0.587684
Species,subject,1756,2988,0.587684
Species,mfmm,1746,3693,0.472786
Star,radialV,1741,2240,0.777232
Person,championships,1729,8543,0.202388
Species,championships,1729,8543,0.202388
AdministrativeRegion,pushpinMapCaption,1728,5524,0.312817
Species,subfamilia,1719,22308,0.077058
AdministrativeRegion,areaLandSqMi,1709,3328,0.513522
Person,competitions,1703,4325,0.393757
Species,competitions,1703,4325,0.393757
Person,goals,1694,549948,0.003080
Species,goals,1694,549948,0.003080
Person,monarch,1692,13822,0.122414
Species,monarch,1692,13822,0.122414
Species,honours,1691,2812,0.601351
Species,ordo,1689,93261,0.018110
Person,currentMemberOf,1685,2503,0.673192
Species,currentMemberOf,1685,2503,0.673192
Person,minister,1681,2600,0.646538
Species,minister,1681,2600,0.646538
AdministrativeRegion,data,1673,1746,0.958190
AdministrativeRegion,postcode,1665,5371,0.309998
Person,debut,1661,3739,0.444236
Species,debut,1661,3739,0.444236
Species,hanja,1654,1857,0.890684
Person,hanja,1650,1845,0.894309
AdministrativeRegion,local,1646,1816,0.906388
Person,birthYear,1645,261547,0.006290
Person,bwfId,1645,2518,0.653296
Species,birthYear,1645,261547,0.006290
Species,bwfId,1645,2518,0.653296
Person,mainInterest,1641,6489,0.252890
Species,mainInterest,1641,6489,0.252890
Species,order,1637,123629,0.013241
Person,1a,1626,2155,0.754524
Person,2a,1626,2186,0.743824
Species,1a,1626,2155,0.754524
Species,2a,1626,2186,0.743824
AdministrativeRegion,capital,1625,2043,0.795399
Galaxy,z,1612,1746,0.923253
Person,elected,1608,1921,0.837064
Species,elected,1608,1921,0.837064
Species,sire,1607,4244,0.378652
AdministrativeRegion,imageCoa,1607,1624,0.989532
Person,instrument,1601,28375,0.056423
Species,instrument,1601,28375,0.056423
Person,sport,1589,85559,0.018572
Species,sport,1589,85559,0.018572
Star,component,1570,2633,0.596278
AdministrativeRegion,change,1566,2253,0.695073
AdministrativeRegion,julPrecipitationMm,1563,2356,0.663413
Person,significantProject,1561,1720,0.907558
Person,trainer,1561,4870,0.320534
Species,significantProject,1561,1720,0.907558
Person,consecrationDate,1559,1644,0.948297
Species,consecrationDate,1559,1644,0.948297
Person,apprehended,1556,1828,0.851204
Species,apprehended,1556,1828,0.851204
Species,fmmm,1555,3695,0.420839
Galaxy,names,1551,1622,0.956227
AdministrativeRegion,emeritusBishops,1550,1669,0.928700
AdministrativeRegion,dist,1539,11299,0.136207
Person,posthumousName,1530,2037,0.751105
Species,posthumousName,1530,2037,0.751105
Species,footer,1520,1546,0.983182
Person,nobleFamily,1516,4924,0.307880
Person,skatingClub,1516,2713,0.558791
Species,nobleFamily,1516,4924,0.307880
Species,skatingClub,1516,2713,0.558791
Person,formerPartner,1514,1906,0.794334
Species,formerPartner,1514,1906,0.794334
Person,billed,1506,2534,0.594317
Species,billed,1506,2534,0.594317
AdministrativeRegion,synonym,1505,1621,0.928439
Person,footer,1499,1522,0.984888
Species,filename,1484,1533,0.968037
Person,afl,1480,1483,0.997977
Person,filename,1480,1529,0.967953
Species,afl,1480,1483,0.997977
Species,ff,1480,6672,0.221823
AdministrativeRegion,augPrecipitationMm,1478,2354,0.627867
Person,conviction,1474,6002,0.245585
Species,conviction,1474,6002,0.245585
Person,majorShrine,1464,2086,0.701822
Person,majorShrine,1464,1623,0.902033
Species,majorShrine,1464,2086,0.701822
Species,majorShrine,1464,1623,0.902033
Person,schoolTradition,1463,4712,0.310484
Species,schoolTradition,1463,4712,0.310484
AdministrativeRegion,junPrecipitationMm,1462,2354,0.621071
Person,highestsinglesranking,1460,7751,0.188363
Species,highestsinglesranking,1460,7751,0.188363
Person,tournamentRecord,1459,2840,0.513732
Species,tournamentRecord,1459,2840,0.513732
AdministrativeRegion,areaCode,1458,4773,0.305468
Person,retired,1457,13441,0.108400
Species,retired,1457,13441,0.108400
Person,first,1456,5713,0.254857
Person,ruClubupdate,1456,3046,0.478004
Species,first,1456,5715,0.254768
Species,ruClubupdate,1456,3046,0.478004
Person,fec,1454,1461,0.995209
Species,fec,1454,1461,0.995209
AdministrativeRegion,enName,1448,1563,0.926424
Person,weight,1439,97039,0.014829
Person,leader,1439,4362,0.329895
Species,weight,1439,97039,0.014829
Species,leader,1439,4362,0.329895
Star,radius,1436,3174,0.452426
AdministrativeRegion,otherName,1424,1498,0.950601
Star,mass,1423,4189,0.339699
AdministrativeRegion,pop2010census,1412,1434,0.984658
Person,institutions,1408,2956,0.476319
Species,institutions,1408,2956,0.476319
Species,grandsire,1395,5229,0.266781
AdministrativeRegion,ruName,1390,1516,0.916887
Person,footnotes,1385,1928,0.718361
Person,highestdoublesranking,1385,7074,0.195787
Species,footnotes,1385,1928,0.718361
Species,highestdoublesranking,1385,7074,0.195787
AdministrativeRegion,admCtrName,1382,1425,0.969825
Species,fmf,1381,3945,0.350063
Species,otherarticle,1380,1382,0.998553
Person,otherarticle,1372,1374,0.998544
Person,nativeNameLang,1367,27467,0.049769
Species,nativeNameLang,1367,27467,0.049769
Person,weight,1355,44411,0.030510
Species,weight,1355,44411,0.030510
Person,suboffice,1354,5485,0.246855
Species,suboffice,1354,5485,0.246855
Person,adminTeam,1345,3202,0.420050
Species,adminTeam,1345,3202,0.420050
Person,parliament,1340,10402,0.128821
Species,parliament,1340,10402,0.128821
AdministrativeRegion,imageMapCaption,1338,1547,0.864900
Species,damsire,1336,3520,0.379545
Person,escutcheon,1335,1588,0.840680
Species,escutcheon,1335,1588,0.840680
Species,mff,1333,3943,0.338067
Species,owner,1329,3546,0.374788
Person,ruNtupdate,1323,2750,0.481091
Species,ruNtupdate,1323,2750,0.481091
Person,university,1312,4232,0.310019
Species,university,1312,4232,0.310019
Person,aflstatvalue,1310,4438,0.295178
Species,aflstatvalue,1310,4438,0.295178
Species,mfmf,1310,3695,0.354533
Person,imageCaption,1309,1333,0.981995
AdministrativeRegion,mayPrecipitationMm,1302,2354,0.553101
Species,familiaAuthority,1295,1630,0.794479
Person,curlingClub,1290,3622,0.356157
Species,curlingClub,1290,3622,0.356157
Person,practice,1289,1420,0.907746
Species,soundRecording,1289,1289,1.000000
Species,practice,1289,1420,0.907746
Species,fmmf,1287,3695,0.348309
Person,soundRecording,1285,1285,1.000000
AdministrativeRegion,munFormation,1276,1368,0.932749
Person,apprehended,1269,1331,0.953418
Species,apprehended,1269,1331,0.953418
Star,simbad,1268,1299,0.976135
AdministrativeRegion,imageView,1263,1268,0.996057
Species,honours,1261,5173,0.243766
Person,combinedTotal,1259,1473,0.854718
Species,combinedTotal,1259,1473,0.854718
Person,attributes,1258,2681,0.469228
Species,attributes,1258,2681,0.469228
AdministrativeRegion,sepPrecipitationMm,1258,2355,0.534183
Star,appmag,1238,1364,0.907625
Species,mmff,1234,3695,0.333965
Person,fsScore,1225,1465,0.836177
Species,fsScore,1225,1465,0.836177
AdministrativeRegion,areaLandKm,1222,1284,0.951713
Person,students,1220,1316,0.927052
Species,students,1220,1316,0.927052
AdministrativeRegion,pushpinLabel,1220,1408,0.866477
Species,j,1216,1217,0.999178
ChemicalCompound,imagefilel,1215,1374,0.884279
ChemicalCompound,imagefiler,1212,1363,0.889215
Person,j,1211,1212,0.999175
Person,organizations,1211,2280,0.531140
Species,organizations,1211,2280,0.531140
Person,choreographer,1210,2301,0.525858
Species,choreographer,1210,2301,0.525858
Person,league,1209,17886,0.067595
Species,league,1209,17886,0.067595
AdministrativeRegion,replink,1206,1379,0.874547
Species,tribus,1204,6844,0.175921
Person,collegeteam,1201,3778,0.317893
Species,collegeteam,1201,3778,0.317893
Person,stat4value,1195,3070,0.389251
Species,stat4value,1195,3070,0.389251
Person,pid,1186,1199,0.989158
Species,pid,1186,1199,0.989158
Species,type,1178,35378,0.033298
Person,spScore,1177,1476,0.797425
Species,cultivar,1177,1212,0.971122
Species,spScore,1177,1476,0.797425
AdministrativeRegion,image,1177,1209,0.973532
Person,type,1171,35351,0.033125
AdministrativeRegion,aprPrecipitationMm,1170,2354,0.497026
Person,nhl,1169,3234,0.361472
Species,nhl,1169,3234,0.361472
AdministrativeRegion,areaWater,1168,3920,0.297959
Person,debutdate,1157,26881,0.043042
Person,oldId,1157,1259,0.918983
Species,debutdate,1157,26881,0.043042
Species,oldId,1157,1259,0.918983
AdministrativeRegion,settlementType,1154,26277,0.043917
AdministrativeRegion,mayor,1152,1190,0.968067
Person,coach,1151,3227,0.356678
Species,coach,1151,3227,0.356678
Person,nationalcompetition,1147,2258,0.507972
Species,nationalcompetition,1147,2258,0.507972
AdministrativeRegion,populationEst,1143,1151,0.993050
Person,congbio,1141,1142,0.999124
Species,congbio,1141,1142,0.999124
Species,height,1140,107386,0.010616
Person,height,1133,107374,0.010552
Person,formerchoreographer,1131,2114,0.535005
Species,formerchoreographer,1131,2114,0.535005
Person,riding,1127,2528,0.445807
Species,riding,1127,2528,0.445807
Person,crest,1122,1434,0.782427
Species,crest,1122,1434,0.782427
Species,altname,1120,1189,0.941968
Person,altname,1119,1188,0.941919
Person,page,1116,2225,0.501573
Species,page,1116,2226,0.501348
AdministrativeRegion,subdivisionType,1114,75245,0.014805
AdministrativeRegion,isoCodeRegion,1110,1218,0.911330
Person,cfl,1105,1108,0.997292
Species,cfl,1105,1108,0.997292
Galaxy,hRadialV,1105,1335,0.827715
Species,ffm,1100,3938,0.279330
Star,bV,1099,3073,0.357631
Person,currentdoublesranking,1098,1968,0.557927
Species,currentdoublesranking,1098,1968,0.557927
AdministrativeRegion,leaderTitle,1094,9805,0.111576
AdministrativeRegion,marPrecipitationMm,1087,2355,0.461571
Person,teacher,1085,1516,0.715699
Species,teacher,1085,1516,0.715699
Species,fmfm,1083,3694,0.293178
Person,coachteams,1081,1632,0.662377
Species,coachteams,1081,1632,0.662377
Person,theywork,1074,1075,0.999070
Species,theywork,1074,1075,0.999070
Person,region,1073,3428,0.313011
Species,region,1073,3428,0.313011
Person,patrons,1071,1187,0.902275
Species,country,1071,50600,0.021166
Species,patrons,1071,1187,0.902275
AdministrativeRegion,territory,1071,1185,0.903797
Person,boxrec,1070,1078,0.992579
Species,boxrec,1070,1078,0.992579
Person,restaurants,1068,1302,0.820276
Species,restaurants,1068,1302,0.820276
Person,currentsinglesranking,1065,1897,0.561413
Species,currentsinglesranking,1065,1897,0.561413
AdministrativeRegion,popCommunity,1062,1463,0.725906
Person,country,1059,45236,0.023411
AdministrativeRegion,blankInfo,1057,2002,0.527972
Person,open,1053,2494,0.422213
Person,religion,1053,19828,0.053107
Species,open,1053,2494,0.422213
Species,religion,1053,19828,0.053107
AdministrativeRegion,province,1053,5119,0.205704
AdministrativeRegion,octPrecipitationMm,1052,2356,0.446520
Person,authorAbbrevBot,1051,1051,1.000000
Species,authorAbbrevBot,1051,1051,1.000000
Person,currentPartner,1045,1094,0.955210
Species,currentPartner,1045,1094,0.955210
Person,publicwhip,1039,1039,1.000000
Species,publicwhip,1039,1039,1.000000
Person,amatteam,1037,2250,0.460889
Species,amatteam,1037,2250,0.460889
Person,deathCause,1029,4992,0.206130
Species,deathCause,1029,4992,0.206130
Species,mffm,1028,3694,0.278289
AdministrativeRegion,text,1028,1109,0.926961
AdministrativeRegion,lga,1027,6463,0.158905
Person,points,1020,29108,0.035042
Person,usopen,1020,2481,0.411125
Species,points,1020,29108,0.035042
Species,usopen,1020,2481,0.411125
Person,headcoach,1019,1668,0.610911
Species,headcoach,1019,1668,0.610911
Person,ruCoachclubs,1016,1857,0.547119
Species,ruCoachclubs,1016,1857,0.547119
Star,period,1013,1046,0.968451
AdministrativeRegion,label,1013,7559,0.134012
AdministrativeRegion,demoElectors,1005,1026,0.979532
AdministrativeRegion,coorPinpoint,1002,1038,0.965318
Person,highestRanking,1001,5054,0.198061
Species,highestRanking,1001,5054,0.198061
Person,dynasty,1000,3696,0.270563
Species,dynasty,1000,3696,0.270563
Person,2namedata,998,1394,0.715925
Species,2namedata,998,1394,0.715925
Person,billed,995,2359,0.421789
Person,language,995,9191,0.108258
Species,billed,995,2359,0.421789
Species,language,995,9191,0.108258
AdministrativeRegion,demoPop,993,1018,0.975442
Person,committee,991,1402,0.706847
Species,committee,991,1402,0.706847
Person,nba,989,989,1.000000
Species,nba,989,989,1.000000
Person,premier,987,4069,0.242566
Species,premier,987,4069,0.242566
AdministrativeRegion,populationBlank,984,1546,0.636481
AdministrativeRegion,list,977,977,1.000000
AdministrativeRegion,novPrecipitationMm,974,2356,0.413413
Star,exoplanet,973,1345,0.723420
Person,1blankname,970,8148,0.119048
Person,caps,970,831578,0.001166
Species,1blankname,970,8148,0.119048
Species,caps,970,831578,0.001166
Star,uB,970,2453,0.395434
Person,beatifiedDate,969,1543,0.627997
Species,beatifiedDate,969,1543,0.627997
Person,recruit,968,968,1.000000
Species,recruit,968,968,1.000000
Person,wickets,959,28580,0.033555
Species,wickets,959,28580,0.033555
Person,honours,949,1573,0.603306
AdministrativeRegion,febPrecipitationMm,949,2356,0.402801
Person,artist,948,1017,0.932153
Person,clubupdate,948,3037,0.312150
Species,artist,948,1017,0.932153
Species,clubupdate,948,3037,0.312150
Species,breeder,947,2398,0.394912
Person,institution,945,1963,0.481406
Species,institution,945,1963,0.481406
Person,placeOfBurial,943,1392,0.677443
Species,placeOfBurial,943,1392,0.677443
Species,record,941,7192,0.130840
AdministrativeRegion,isoCode,938,1272,0.737421
Person,writer,934,1050,0.889524
Species,writer,934,1050,0.889524
Person,allblackno,928,933,0.994641
Species,allblackno,928,933,0.994641
Person,committees,923,1337,0.690352
Species,committees,923,1337,0.690352
AdministrativeRegion,popMunicunit,921,963,0.956386
Person,philosophicalSchool,919,3364,0.273187
Species,philosophicalSchool,919,3364,0.273187
Species,ffmm,919,3694,0.248782
AdministrativeRegion,div,919,926,0.992441
Person,instruments,916,4305,0.212776
Species,instruments,916,4305,0.212776
Person,church,914,12368,0.073900
Species,church,914,12368,0.073900
AdministrativeRegion,janPrecipitationMm,913,2357,0.387357
Person,pages,911,2434,0.374281
Species,pages,911,2434,0.374281
AdministrativeRegion,otherpartyNo,911,1136,0.801937
Person,allblackid,909,914,0.994530
Species,allblackid,909,914,0.994530
Person,agency,907,3798,0.238810
Species,agency,907,3798,0.238810
AdministrativeRegion,candidate,905,3307,0.273662
AdministrativeRegion,parts,894,1671,0.535009
AdministrativeRegion,decPrecipitationMm,889,2356,0.377334
Person,record,888,2025,0.438519
Person,youthyears,888,127575,0.006961
Species,youthyears,888,127575,0.006961
AdministrativeRegion,areaMunicunit,887,937,0.946638
AdministrativeRegion,date,887,3942,0.225013
AdministrativeRegion,province,885,2635,0.335863
AdministrativeRegion,logo,884,962,0.918919
AdministrativeRegion,seal,884,885,0.998870
Person,archdiocese,880,2423,0.363186
Species,archdiocese,880,2423,0.363186
Person,supporters,878,1086,0.808471
Species,supporters,878,1086,0.808471
Person,mawards,877,3734,0.234869
Species,mawards,877,3734,0.234869
Person,occupations,875,2995,0.292154
Species,occupations,875,2995,0.292154
Species,fmff,869,3693,0.235310
Person,position,868,345199,0.002514
Species,position,868,345199,0.002514
AdministrativeRegion,statPop,867,892,0.971973
Person,period,864,7011,0.123235
Species,period,864,7011,0.123235
AdministrativeRegion,type,857,24016,0.035685
Person,fid,856,856,1.000000
Person,music,856,1093,0.783166
Person,pastexecutive,856,1273,0.672427
Species,fid,856,856,1.000000
Species,music,856,1093,0.783166
Species,pastexecutive,856,1273,0.672427
AdministrativeRegion,translitLang1Info,854,1058,0.807183
Person,regnalName,853,943,0.904560
Species,fff,853,3949,0.216004
Species,regnalName,853,943,0.904560
Person,congress,850,852,0.997653
Person,debutteam,850,24778,0.034305
Species,congress,850,852,0.997653
Species,debutteam,850,24778,0.034305
Person,overallRecord,849,10908,0.077833
Species,overallRecord,849,10908,0.077833
Species,grandsire,848,4523,0.187486
Person,views,841,991,0.848638
Species,views,841,991,0.848638
Person,1pp,836,2517,0.332141
Species,1pp,836,2517,0.332141
AdministrativeRegion,differentFrom,835,1370,0.609489
AdministrativeRegion,catholicsPercent,834,2552,0.326803
AdministrativeRegion,otherparty,831,1155,0.719481
Species,ffmf,830,3695,0.224628
Person,citizenship,829,8779,0.094430
Species,citizenship,829,8779,0.094430
AdministrativeRegion,leader,828,900,0.920000
Person,beatifiedDate,822,1349,0.609340
Person,league,822,17182,0.047841
Species,beatifiedDate,822,1349,0.609340
Species,league,822,17182,0.047841
Person,bowlingSide,821,16178,0.050748
Species,bowlingSide,821,16178,0.050748
Person,states,819,2313,0.354086
Species,states,819,2313,0.354086
Person,2pp,815,2566,0.317615
Species,2pp,815,2566,0.317615
Species,mfff,815,3695,0.220568
AdministrativeRegion,demonym,814,892,0.912556
Person,statlabel,813,53746,0.015127
Species,statlabel,813,53746,0.015127
AdministrativeRegion,provRep,812,831,0.977136
Person,repupdate,810,1911,0.423862
Species,repupdate,810,1911,0.423862
Person,eraDates,809,941,0.859724
Person,viaf,809,823,0.982989
Species,eraDates,809,941,0.859724
Species,viaf,809,823,0.982989
AdministrativeRegion,elevation,808,2763,0.292436
Person,formerCoach,807,3335,0.241979
Species,formerCoach,807,3335,0.241979
Person,bio,806,808,0.997525
Species,bio,806,808,0.997525
Person,article,802,867,0.925029
Species,article,802,867,0.925029
Person,pga,801,2461,0.325477
Species,pga,801,2461,0.325477
Person,disappearedPlace,800,909,0.880088
Species,disappearedPlace,800,909,0.880088
Person,currentteam,799,3884,0.205716
Species,currentteam,799,3884,0.205716
Species,superfamilia,799,17389,0.045949
Person,newId,798,814,0.980344
Species,newId,798,814,0.980344
Species,honors,797,1226,0.650082
AdministrativeRegion,demoArea,792,946,0.837209
Person,totalcaps,789,27087,0.029128
Species,totalcaps,789,27087,0.029128
Species,wins,787,9124,0.086256
Species,poj,783,785,0.997452
AdministrativeRegion,id,781,950,0.822105
Person,commitdate,780,955,0.816754
Species,commitdate,780,955,0.816754
Species,accessdate,778,1172,0.663823
Person,poj,777,779,0.997433
Person,honours,775,4061,0.190840
Person,notableWork,770,893,0.862262
Species,notableWork,770,893,0.862262
Person,career,769,6794,0.113188
Species,career,769,6794,0.113188
Person,nicknames,768,932,0.824034
Species,nicknames,768,932,0.824034
Person,dateOfHighestRanking,767,1479,0.518594
Species,dateOfHighestRanking,767,1479,0.518594
AdministrativeRegion,yearStart,760,2217,0.342806
Person,criminalCharge,758,1250,0.606400
Person,hr,758,760,0.997368
Species,criminalCharge,758,1250,0.606400
Species,hr,758,760,0.997368
Person,next,750,789,0.950570
Species,next,750,789,0.950570
AdministrativeRegion,statArea,750,813,0.922509
Person,masters,749,2496,0.300080
Species,masters,749,2496,0.300080
Person,finalteam,745,20377,0.036561
Species,finalteam,745,20377,0.036561
Person,post,743,2144,0.346549
Species,post,743,2144,0.346549
Star,rotationalVelocity,742,2594,0.286045
AdministrativeRegion,populationUrban,742,785,0.945223
Person,currentRecord,741,835,0.887425
Person,accessdate,741,1110,0.667568
Species,currentRecord,741,835,0.887425
Person,nomen,739,933,0.792069
Species,nomen,739,933,0.792069
AdministrativeRegion,founded,736,1837,0.400653
AdministrativeRegion,idnumber,734,772,0.950777
Person,module,730,2778,0.262779
Species,module,730,2779,0.262684
Person,report,727,850,0.855294
Species,report,727,850,0.855294
Person,spouse(s)_,725,974,0.744353
Species,spouse(s)_,725,974,0.744353
Species,length,724,6382,0.113444
Person,length,723,6381,0.113305
Person,known,722,763,0.946265
Species,known,722,763,0.946265
AdministrativeRegion,event,722,956,0.755230
Person,subscribers,721,963,0.748702
Species,subscribers,721,963,0.748702
AdministrativeRegion,populationUrban,720,807,0.892193
Person,ruClub,717,1867,0.384039
Species,fossilRange,717,2307,0.310793
Species,ruClub,717,1867,0.384039
Person,award,715,2389,0.299288
Species,award,715,2389,0.299288
Person,post1preceded,714,1071,0.666667
Species,post1preceded,714,1071,0.666667
Person,doctoralAdvisors,708,768,0.921875
Species,doctoralAdvisors,708,768,0.921875
Person,prevrests,707,858,0.824009
Species,prevrests,707,858,0.824009
AdministrativeRegion,populationDemonym,707,766,0.922977
Person,alternativeName,703,707,0.994342
Species,alternativeName,703,707,0.994342
Person,nominator,702,2387,0.294093
Species,nominator,702,2387,0.294093
AdministrativeRegion,maximumElevation,696,937,0.742796
AdministrativeRegion,rainfall,696,920,0.756522
Person,post1followed,695,1073,0.647717
Person,time,695,1046,0.664436
Species,post1followed,695,1073,0.647717
Species,time,695,1046,0.664436
Person,3a,690,834,0.827338
Person,prenomen,690,847,0.814640
Species,3a,690,834,0.827338
Species,prenomen,690,847,0.814640
Star,gravity,686,2649,0.258966
Star,semimajor,686,837,0.819594
Person,collegehof,684,688,0.994186
Species,collegehof,684,688,0.994186
Person,endyear,683,18286,0.037351
Species,endyear,683,18286,0.037351
Person,count,682,701,0.972896
Person,overall,682,66925,0.010191
Species,count,682,701,0.972896
Species,overall,682,66925,0.010191
AdministrativeRegion,flagS,682,1685,0.404748
Person,currenttraininglocations,681,1860,0.366129
Species,currenttraininglocations,681,1860,0.366129
AdministrativeRegion,densitySqMi,680,1603,0.424205
Person,conference,677,44242,0.015302
Species,conference,677,44242,0.015302
Person,depictionDescription,676,712,0.949438
Species,depictionDescription,676,712,0.949438
Person,bowling,672,15952,0.042126
Person,victims,672,2573,0.261174
Species,bowling,672,15952,0.042126
Species,victims,672,2573,0.261174
Person,coConsecrators,671,736,0.911685
Species,coConsecrators,671,736,0.911685
AdministrativeRegion,janRecordLowC,669,2065,0.323971
Species,fffm,668,3694,0.180834
AdministrativeRegion,blank1InfoSec,668,1032,0.647287
Person,year,666,106391,0.006260
Species,year,666,106706,0.006241
Person,1p,665,4428,0.150181
Person,bodyDiscovered,665,688,0.966570
Person,burialDate,665,706,0.941926
Species,1p,665,4428,0.150181
Species,bodyDiscovered,665,688,0.966570
Species,burialDate,665,706,0.941926
ChemicalCompound,imagecaption,664,733,0.905866
Person,formertraininglocations,661,1460,0.452740
Person,nationalgoals,661,119731,0.005521
Species,formertraininglocations,661,1460,0.452740
Species,nationalgoals,661,119731,0.005521
AdministrativeRegion,demonym,661,709,0.932299
Person,serviceStartYear,659,28131,0.023426
Person,2p,659,4470,0.147427
Species,serviceStartYear,659,28131,0.023426
Species,2p,659,4470,0.147427
Person,show,657,700,0.938571
Species,show,657,700,0.938571
AdministrativeRegion,today,656,2195,0.298861
Species,sign,655,670,0.977612
Person,sign,653,668,0.977545
AdministrativeRegion,footnotes,652,1590,0.410063
AdministrativeRegion,registrationPlate,652,1000,0.652000
Person,testcap,650,2848,0.228230
Species,testcap,650,2848,0.228230
AdministrativeRegion,febRecordLowC,648,2061,0.314410
AdministrativeRegion,decRecordLowC,647,2063,0.313621
Person,playingTeam,646,5804,0.111303
Species,playingTeam,646,5804,0.111303
AdministrativeRegion,captionSkyline,645,661,0.975794
Person,criminalCharge,643,867,0.741638
Species,class,643,109684,0.005862
Species,criminalCharge,643,867,0.741638
AdministrativeRegion,areaWaterSqMi,641,3307,0.193831
Person,notes,640,747,0.856760
Species,notes,640,747,0.856760
Species,list,639,1902,0.335962
Person,honors,638,921,0.692725
AdministrativeRegion,mapAlt,636,849,0.749117
Person,station,635,796,0.797739
Species,station,635,796,0.797739
Person,lic,634,636,0.996855
Species,classis,634,104420,0.006072
Species,lic,634,636,0.996855
AdministrativeRegion,eventEnd,633,1253,0.505188
Person,labelName,632,684,0.923977
Species,labelName,632,684,0.923977
Person,list,631,1894,0.333157
Person,pastschools,630,1613,0.390577
Species,pastschools,630,1613,0.390577
Person,indivhonour,629,1969,0.319451
Species,indivhonour,629,1969,0.319451
Person,university,626,3318,0.188668
Species,university,626,3318,0.188668
AdministrativeRegion,imageCoat,624,699,0.892704
Person,convictionPenalty,623,2044,0.304795
Species,convictionPenalty,623,2044,0.304795
AdministrativeRegion,dateEvent,619,943,0.656416
AdministrativeRegion,metropolitan,619,1589,0.389553
Species,width,617,15818,0.039006
Galaxy,distLy,617,917,0.672846
Species,header,616,1042,0.591171
AdministrativeRegion,l,613,697,0.879484
Person,repecId,611,620,0.985484
Species,repecId,611,620,0.985484
ChemicalCompound,differentFrom,611,700,0.872857
Person,width,608,15685,0.038763
Species,commons,608,1429,0.425472
AdministrativeRegion,metroArchbishop,608,1657,0.366928
Person,canonizedDate,607,1399,0.433881
Person,commons,607,1427,0.425368
Species,canonizedDate,607,1399,0.433881
Species,taxon,607,608,0.998355
Person,peakrating,605,2018,0.299802
Species,peakrating,605,2018,0.299802
Person,cardinalName,604,607,0.995058
Person,role,604,21267,0.028401
Species,cardinalName,604,607,0.995058
Species,role,604,21267,0.028401
Person,contributions,603,686,0.879009
Species,contributions,603,686,0.879009
Person,serviceEndYear,602,25167,0.023920
Person,header,602,1028,0.585603
Species,serviceEndYear,602,25167,0.023920
AdministrativeRegion,coat,602,623,0.966292
Person,electorate,601,2043,0.294175
Species,electorate,601,2043,0.294175
Person,careerHighlights,598,1053,0.567901
Species,careerHighlights,598,1053,0.567901
AdministrativeRegion,c,594,618,0.961165
Person,matches,592,34725,0.017048
Species,matches,592,34725,0.017048
Star,inclination,592,817,0.724602
Person,imprisoned,590,914,0.645514
Species,imprisoned,590,914,0.645514
AdministrativeRegion,imageSeal,590,622,0.948553
Person,monuments,588,629,0.934817
Species,monuments,588,629,0.934817
Person,currentRanking,586,1723,0.340104
Species,currentRanking,586,1723,0.340104
AdministrativeRegion,janLowC,585,2581,0.226656
Species,ffff,580,3696,0.156926
Galaxy,type,580,1920,0.302083
Person,cabinet,579,1236,0.468447
Person,indivyear,579,1832,0.316048
Species,cabinet,579,1236,0.468447
Species,indivyear,579,1832,0.316048
Person,stumpings,578,33728,0.017137
Species,stumpings,578,33728,0.017137
Person,signatureAlt,577,737,0.782904
Species,signatureAlt,577,737,0.782904
AdministrativeRegion,motto,575,680,0.845588
Person,relatedTo,574,718,0.799443
Species,relatedTo,574,718,0.799443
AdministrativeRegion,pushpinMap,572,7664,0.074635
Person,debutTeam,570,24742,0.023038
Species,debutTeam,570,24742,0.023038
Star,name,569,676,0.841716
AdministrativeRegion,patron,569,1002,0.567864
Person,convictionStatus,568,1654,0.343410
Person,skip,568,848,0.669811
Species,convictionStatus,568,1654,0.343410
Species,skip,568,848,0.669811
Person,commonscat,566,650,0.870769
Species,commonscat,566,650,0.870769
Species,country,565,46856,0.012058
AdministrativeRegion,hq,565,619,0.912763
Person,primeMinister,564,1043,0.540748
Species,primeMinister,564,1043,0.540748
Star,ageMyr,564,1118,0.504472
AdministrativeRegion,janHighC,564,2579,0.218689
AdministrativeRegion,marRecordLowC,564,2063,0.273388
AdministrativeRegion,flag,562,643,0.874028
Person,horus,560,595,0.941176
Species,horus,560,595,0.941176
AdministrativeRegion,decLowC,560,2584,0.216718
Person,charge,559,907,0.616318
Species,charge,559,907,0.616318
Species,q,559,1504,0.371676
Person,endDate,558,833,0.669868
Person,q,558,1502,0.371505
Species,endDate,558,833,0.669868
Person,search,553,572,0.966783
Species,search,553,572,0.966783
Person,country,552,44547,0.012391
AdministrativeRegion,novRecordLowC,552,2063,0.267571
Person,lead,551,853,0.645955
Species,lead,551,853,0.645955
Person,height,547,270222,0.002024
Species,height,547,270222,0.002024
AdministrativeRegion,populationfirst,547,552,0.990942
Person,formerSkatingClub,546,741,0.736842
Species,formerSkatingClub,546,741,0.736842
Person,dateOfConsecration,545,571,0.954466
Species,dateOfConsecration,545,571,0.954466
AdministrativeRegion,decHighC,545,2581,0.211158
Person,president,544,1127,0.482697
Species,president,544,1127,0.482697
Person,second,543,843,0.644128
Species,second,543,843,0.644128
AdministrativeRegion,febLowC,543,2581,0.210384
Person,reference,541,602,0.898671
Species,reference,541,602,0.898671
AdministrativeRegion,stategov,541,6797,0.079594
Person,databasefootball,538,542,0.992620
Species,databasefootball,538,542,0.992620
AdministrativeRegion,content,538,538,1.000000
Person,third,537,801,0.670412
Species,third,537,801,0.670412
Person,extra,534,551,0.969147
Species,extra,534,551,0.969147
AdministrativeRegion,replace,534,879,0.607509
Galaxy,appmagV,532,1566,0.339719
Person,stat22value,531,1275,0.416471
Species,stat22value,531,1275,0.416471
Person,succeeding,529,544,0.972426
Species,succeeding,529,544,0.972426
Person,feastDay,527,5335,0.098782
Species,feastDay,527,5335,0.098782
AdministrativeRegion,janMeanC,527,2028,0.259862
Person,locations,524,590,0.888136
Species,locations,524,590,0.888136
AdministrativeRegion,areaWaterKm,524,689,0.760522
AdministrativeRegion,populationVillage,521,817,0.637699
AdministrativeRegion,urbanPop2010census,521,1402,0.371612
Species,hybrid,520,661,0.786687
Person,archive,519,520,0.998077
Species,archive,519,520,0.998077
AdministrativeRegion,ruralPop2010census,518,1401,0.369736
Person,beginyear,517,1789,0.288988
Species,area,517,1397,0.370079
Species,beginyear,517,1789,0.288988
Star,eccentricity,516,1316,0.392097
Person,3pp,515,1077,0.478180
Person,area,515,1395,0.369176
Species,3pp,515,1077,0.478180
Person,nationals,514,992,0.518145
Species,nationals,514,992,0.518145
AdministrativeRegion,nearestTownOrCity,514,878,0.585421
Person,display,513,527,0.973435
Species,display,513,527,0.973435
Star,metalFe,513,1985,0.258438
Person,careerWins,512,720,0.711111
Person,ruNationalteam,512,7080,0.072316
Species,careerWins,512,720,0.711111
Species,ruNationalteam,512,7080,0.072316
AdministrativeRegion,y,512,890,0.575281
Species,subgenus,511,1702,0.300235
Person,language,510,4272,0.119382
Person,imageSize,510,82073,0.006214
Species,language,510,4272,0.119382
Species,imageSize,510,82100,0.006212
Person,medium,507,2248,0.225534
Species,medium,507,2248,0.225534
Species,y,507,555,0.913514
Person,audio,506,568,0.890845
Person,thesis1Title,506,507,0.998028
Person,y,506,554,0.913357
Species,audio,506,568,0.890845
Species,thesis1Title,506,507,0.998028
Person,majorWorks,505,526,0.960076
Species,majorWorks,505,526,0.960076
Species,speciesAuthority,505,821,0.615104
AdministrativeRegion,decMeanC,505,2029,0.248891
Person,royalHouse,504,1521,0.331361
Species,origin,504,1468,0.343324
Species,royalHouse,504,1521,0.331361
AdministrativeRegion,auxiliaryBishops,503,538,0.934944
AdministrativeRegion,w,503,518,0.971042
AdministrativeRegion,flagP,502,1051,0.477640
AdministrativeRegion,largestCity,502,524,0.958015
AdministrativeRegion,febHighC,501,2580,0.194186
Person,startDate,498,949,0.524763
Species,startDate,498,949,0.524763
Person,appearances,497,19979,0.024876
Species,appearances,497,19979,0.024876
Person,wins,495,1319,0.375284
Species,wins,495,1319,0.375284
AdministrativeRegion,febMeanC,495,2029,0.243963
AdministrativeRegion,populationlast,494,501,0.986028
AdministrativeRegion,blank1Info,493,697,0.707317
AdministrativeRegion,eventStart,492,741,0.663968
Person,winnerVotes,491,507,0.968442
Species,winnerVotes,491,507,0.968442
Person,officesHeld,490,557,0.879713
Species,officesHeld,490,557,0.879713
Star,ageGyr,490,1042,0.470250
Species,accessDate,489,1226,0.398858
AdministrativeRegion,foundedBy,489,843,0.580071
AdministrativeRegion,nation,489,2235,0.218792
Person,debutagainst,486,3408,0.142606
Person,tournamentRecord,486,2665,0.182364
Species,debutagainst,486,3408,0.142606
Species,tournamentRecord,486,2665,0.182364
AdministrativeRegion,elevationFt,486,703,0.691323
Person,ruPosition,484,12636,0.038303
Species,ruPosition,484,12636,0.038303
Person,cardinal,483,1603,0.301310
Species,cardinal,483,1603,0.301310
Person,smallimage,482,494,0.975709
Species,image2Caption,482,1059,0.455146
Species,smallimage,482,494,0.975709
Person,draft,480,11174,0.042957
Person,wcdebut,480,833,0.576230
Species,draft,480,11174,0.042957
Species,wcdebut,480,833,0.576230
Person,ruProvince,479,4377,0.109436
Species,ruProvince,479,4377,0.109436
AdministrativeRegion,janRecordHighC,479,2072,0.231178
AdministrativeRegion,yearPrecipitationMm,477,507,0.940828
AdministrativeRegion,nick,477,484,0.985537
Person,nat,476,24024,0.019814
Person,pfrcoach,476,476,1.000000
Species,nat,476,24024,0.019814
Species,pfrcoach,476,476,1.000000
AdministrativeRegion,demoCd,475,1633,0.290876
Person,cflstatvalue,474,1305,0.363218
Person,singlesrecord,474,5051,0.093843
Species,cflstatvalue,474,1305,0.363218
Species,singlesrecord,474,5051,0.093843
AdministrativeRegion,nickname,474,489,0.969325
Person,o,471,1680,0.280357
Person,teamyear,471,1892,0.248943
Species,o,471,1680,0.280357
Species,teamyear,471,1892,0.248943
Person,achievements,470,1176,0.399660
Species,achievements,470,1176,0.399660
Person,coachingTeam,469,873,0.537228
Species,coachingTeam,469,873,0.537228
AdministrativeRegion,img,468,476,0.983193
AdministrativeRegion,novLowC,468,2584,0.181115
Person,mission,467,1664,0.280649
Person,stat5value,467,965,0.483938
Species,mission,467,1664,0.280649
Species,stat5value,467,965,0.483938
AdministrativeRegion,areaPercentage,466,2937,0.158665
ChemicalCompound,imagenamel,463,545,0.849541
AdministrativeRegion,marLowC,462,2582,0.178931
AdministrativeRegion,municunit,461,1517,0.303889
AdministrativeRegion,yearEnd,461,2216,0.208032
Person,yearsactive,460,26515,0.017349
Species,yearsactive,460,26515,0.017349
Species,dam,457,561,0.814617
AdministrativeRegion,novHighC,457,2581,0.177063
Person,mother,456,485,0.940206
Species,mother,456,485,0.940206
Galaxy,ngc,454,458,0.991266
Person,significantDesign,453,480,0.943750
Species,significantDesign,453,480,0.943750
Person,debutfor,450,2698,0.166790
Species,debutfor,450,2698,0.166790
Person,3p,448,1583,0.283007
Species,3p,448,1583,0.283007
AdministrativeRegion,decRecordHighC,445,2072,0.214768
Person,province,444,5684,0.078114
Species,province,444,5684,0.078114
AdministrativeRegion,country,444,2263,0.196200
Person,wusopen,443,756,0.585979
Species,wusopen,443,756,0.585979
AdministrativeRegion,populationDensitySqMi,441,1701,0.259259
AdministrativeRegion,x,439,791,0.554994
Galaxy,pgc,438,441,0.993197
Person,genres,437,739,0.591340
Person,team(s)_,437,1494,0.292503
Species,genres,437,739,0.591340
Species,team(s)_,437,1494,0.292503
ChemicalCompound,systematicname,435,536,0.811567
Person,turnoutVotes,434,445,0.975281
Species,turnoutVotes,434,445,0.975281
AdministrativeRegion,febRecordHighC,433,2069,0.209280
Person,criminalPenalty,432,1200,0.360000
Species,criminalPenalty,432,1200,0.360000
AdministrativeRegion,country,432,47024,0.009187
AdministrativeRegion,est,431,1949,0.221139
Person,currentSeries,429,1795,0.238997
Person,veneratedIn,429,6301,0.068084
Species,currentSeries,429,1795,0.238997
Species,veneratedIn,429,6301,0.068084
ChemicalCompound,imagenamer,429,519,0.826590
AdministrativeRegion,octRecordLowC,427,2064,0.206880
Person,wikidata,426,429,0.993007
Person,wrestlingdata,426,426,1.000000
Species,l,426,825,0.516364
Species,wikidata,426,429,0.993007
Species,wrestlingdata,426,426,1.000000
Star,periodUnitless,426,490,0.869388
Person,dateOfPriestlyOrdination,425,445,0.955056
Person,repteam,425,6460,0.065789
Species,dateOfPriestlyOrdination,425,445,0.955056
Species,repteam,425,6460,0.065789
Star,periastron,425,522,0.814176
AdministrativeRegion,marHighC,425,2577,0.164920
Person,governorGeneral,424,1431,0.296296
Person,tournament,424,945,0.448677
Species,governorGeneral,424,1431,0.296296
Species,tournament,424,945,0.448677
Person,era,423,3402,0.124339
Species,era,423,3402,0.124339
AdministrativeRegion,novMeanC,423,2029,0.208477
Person,lastagainst,422,2015,0.209429
Species,lastagainst,422,2015,0.209429
AdministrativeRegion,motto,421,442,0.952489
Person,manageryears,420,135180,0.003107
Species,manageryears,420,135180,0.003107
AdministrativeRegion,aprRecordLowC,420,2062,0.203686
Person,confstanding,418,41372,0.010103
Species,confstanding,418,41372,0.010103
AdministrativeRegion,headquarters,418,493,0.847870
AdministrativeRegion,blank2InfoSec,417,502,0.830677
Person,espnId,416,417,0.997602
Person,bbc,416,419,0.992840
Person,channelDisplayName,416,417,0.997602
Person,specialism,416,619,0.672052
Species,espnId,416,417,0.997602
Species,bbc,416,419,0.992840
Species,channelDisplayName,416,417,0.997602
Species,specialism,416,619,0.672052
Person,l,415,814,0.509828
AdministrativeRegion,source,415,2775,0.149550
Person,teamhonour,414,2051,0.201853
Species,teamhonour,414,2051,0.201853
AdministrativeRegion,utmEasting,414,416,0.995192
AdministrativeRegion,utmNorthing,414,416,0.995192
Person,cflArchive,413,413,1.000000
Person,st,413,842,0.490499
Species,cflArchive,413,413,1.000000
Species,st,413,842,0.490499
Person,nationalyears,412,153550,0.002683
Species,nationalyears,412,153550,0.002683
Star,k,412,453,0.909492
Person,beatifiedPlace,411,1696,0.242335
Person,cagematch,411,412,0.997573
Species,beatifiedPlace,411,1696,0.242335
Species,cagematch,411,412,0.997573
Person,weightClass,410,8115,0.050524
Species,weightClass,410,8115,0.050524
Person,winnerPercent,409,498,0.821285
Species,winnerPercent,409,498,0.821285
Person,cfbhofId,406,407,0.997543
Person,no,406,31880,0.012735
Person,post2preceded,406,518,0.783784
Species,cfbhofId,406,407,0.997543
Species,no,406,31880,0.012735
Species,post2preceded,406,518,0.783784
AdministrativeRegion,pushpinMapAlt,406,529,0.767486
AdministrativeRegion,percentageOfAreaWater,405,3503,0.115615
Person,choreographer,404,1449,0.278813
Person,doublesrecord,404,4894,0.082550
Species,choreographer,404,1449,0.278813
Species,doublesrecord,404,4894,0.082550
Person,ruCurrentteam,402,1346,0.298663
Species,ruCurrentteam,402,1346,0.298663
Person,iwd,401,401,1.000000
Person,totalgoals,401,27092,0.014801
Species,iwd,401,401,1.000000
Species,totalgoals,401,27092,0.014801
AdministrativeRegion,marMeanC,401,2028,0.197732
Person,religion,400,9441,0.042368
Person,coachteam,400,1851,0.216099
Person,worldMasters,400,603,0.663350
Species,religion,400,9441,0.042368
Species,coachteam,400,1851,0.216099
Species,worldMasters,400,603,0.663350
Star,names,400,417,0.959233
AdministrativeRegion,establishedTitle,400,6930,0.057720
Person,icupdate,399,1856,0.214978
Person,post2followed,399,525,0.760000
Species,icupdate,399,1856,0.214978
Species,post2followed,399,525,0.760000
Person,currentTitle,398,2817,0.141285
Species,currentTitle,398,2817,0.141285
Person,assistcoach,397,568,0.698944
Person,mission,397,970,0.409278
Species,assistcoach,397,568,0.698944
Species,mission,397,970,0.409278
AdministrativeRegion,governmentType,397,1625,0.244308
Galaxy,sizeV,396,1615,0.245201
Person,channelName,395,396,0.997475
Species,channelName,395,396,0.997475
Person,wnbaProfile,394,394,1.000000
Species,wnbaProfile,394,394,1.000000
Person,lpga,392,737,0.531886
Species,lpga,392,737,0.531886
Species,ref,391,720,0.543056
AdministrativeRegion,imageBlankEmblem,391,392,0.997449
Person,ref,390,719,0.542420
Person,region,390,2826,0.138004
Species,region,390,2826,0.138004
Person,topScore,389,34090,0.011411
Species,topScore,389,34090,0.011411
Person,coachYears,387,52178,0.007417
Person,pastadmin,387,500,0.774000
Person,rivalsRefTitle,387,803,0.481943
Person,stat23value,387,1285,0.301167
Person,thesis1Url,387,391,0.989770
Species,coachYears,387,52178,0.007417
Species,pastadmin,387,500,0.774000
Species,rivalsRefTitle,387,803,0.481943
Species,stat23value,387,1285,0.301167
Species,thesis1Url,387,391,0.989770
Person,conf,384,10141,0.037866
Species,conf,384,10141,0.037866
Person,bodyDiscovered,383,426,0.899061
Person,golden,383,429,0.892774
Species,bodyDiscovered,383,426,0.899061
Species,golden,383,429,0.892774
AdministrativeRegion,suffragans,382,391,0.976982
Person,playerYears,381,12203,0.031222
Species,playerYears,381,12203,0.031222
Person,portfolio,376,396,0.949495
Person,ci,376,816,0.460784
Person,euro,376,377,0.997347
Species,portfolio,376,396,0.949495
Species,ci,376,816,0.460784
Species,euro,376,377,0.997347
AdministrativeRegion,aprLowC,376,2584,0.145511
AdministrativeRegion,imageAlt,376,380,0.989474
Person,formerChoreographer,375,1744,0.215023
Person,teammates,375,429,0.874126
Species,formerChoreographer,375,1744,0.215023
Species,teammates,375,429,0.874126
AdministrativeRegion,district,375,5410,0.069316
AdministrativeRegion,populationRank,375,1417,0.264644
Person,disappearedDate,374,391,0.956522
Species,disappearedDate,374,391,0.956522
Person,lastfor,373,1694,0.220189
Person,legends,373,374,0.997326
Person,lieutenantGovernor,373,739,0.504736
Species,lastfor,373,1694,0.220189
Species,legends,373,374,0.997326
Species,lieutenantGovernor,373,739,0.504736
AdministrativeRegion,novRecordHighC,373,2070,0.180193
Person,hof,371,371,1.000000
Person,odidebutdate,371,3621,0.102458
Species,hof,371,371,1.000000
Species,odidebutdate,371,3621,0.102458
AdministrativeRegion,arname,371,392,0.946429
AdministrativeRegion,coatofarms,371,392,0.946429
Person,beatifiedPlace,370,1767,0.209394
Species,beatifiedPlace,370,1767,0.209394
Species,status,369,11022,0.033478
Person,guardian,368,369,0.997290
Species,guardian,368,369,0.997290
Person,draft,367,11078,0.033129
Person,sentence,367,1694,0.216647
Species,commonsSearch,367,368,0.997283
Species,draft,367,11078,0.033129
Species,portal,367,27105,0.013540
Species,sentence,367,1694,0.216647
AdministrativeRegion,areaRank,367,1319,0.278241
Person,commonsSearch,366,367,0.997275
Person,portal,366,27103,0.013504
AdministrativeRegion,aprHighC,366,2578,0.141971
AdministrativeRegion,region,366,2705,0.135305
Person,parliamentarygroup,365,1094,0.333638
Species,parliamentarygroup,365,1094,0.333638
Species,subordo,365,25963,0.014058
Person,lastodidate,364,3347,0.108754
Species,lastodidate,364,3347,0.108754
Person,gamesGoals,363,18931,0.019175
Person,retireddate,363,473,0.767442
Species,gamesGoals,363,18931,0.019175
Species,retireddate,363,473,0.767442
Person,canonizedDate,362,698,0.518625
Person,tenure,362,503,0.719682
Species,canonizedDate,362,698,0.518625
Species,tenure,362,503,0.719682
AdministrativeRegion,areaCommunity,362,365,0.991781
AdministrativeRegion,center,361,362,0.997238
Person,released,359,837,0.428913
Species,released,359,837,0.428913
AdministrativeRegion,mayRecordLowC,358,2064,0.173450
AdministrativeRegion,marRecordHighC,357,2074,0.172131
Star,rotation,356,405,0.879012
Person,candidate2Votes,355,376,0.944149
Species,candidate2Votes,355,376,0.944149
Star,sn,354,636,0.556604
AdministrativeRegion,octLowC,354,2584,0.136997
Person,olympics,353,1362,0.259178
Person,researchField,353,394,0.895939
Species,olympics,353,1362,0.259178
Species,researchField,353,394,0.895939
Person,testdebutdate,352,3701,0.095109
Species,testdebutdate,352,3701,0.095109
AdministrativeRegion,julRecordLowC,352,2063,0.170625
Person,nationalcaps,351,149636,0.002346
Species,nationalcaps,351,149636,0.002346
AdministrativeRegion,fedRep,351,352,0.997159
Person,congregations,350,382,0.916230
Species,congregations,350,382,0.916230
AdministrativeRegion,politicalSubdiv,350,476,0.735294
AdministrativeRegion,populationAsOf,350,27443,0.012754
Person,ethnicity,349,692,0.504335
Person,lastdate,349,2052,0.170078
Species,ethnicity,349,692,0.504335
Species,lastdate,349,2052,0.170078
AdministrativeRegion,augRecordLowC,349,2061,0.169335
AdministrativeRegion,carsign,349,349,1.000000
AdministrativeRegion,government,349,380,0.918421
Person,accessDate,348,393,0.885496
Person,motive,348,673,0.517088
Species,motive,348,673,0.517088
AdministrativeRegion,elevationMaxM,348,368,0.945652
AdministrativeRegion,sepRecordLowC,348,2063,0.168686
Person,lasttestdate,347,3127,0.110969
Species,lasttestdate,347,3127,0.110969
AdministrativeRegion,governingBody,347,509,0.681729
AdministrativeRegion,octHighC,347,2578,0.134600
Person,turnedpro,346,4960,0.069758
Species,turnedpro,346,4960,0.069758
Person,weapons,344,537,0.640596
Species,weapons,344,537,0.640596
AdministrativeRegion,demographics2Info,344,445,0.773034
Person,confrecord,343,9787,0.035046
Species,confrecord,343,9787,0.035046
Person,ruClubcaps,342,9191,0.037210
Species,ruClubcaps,342,9191,0.037210
Person,dateOfCurrentRanking,341,1255,0.271713
Species,dateOfCurrentRanking,341,1255,0.271713
Person,nationalTeam,339,1895,0.178892
Person,ruProvinceupdate,339,540,0.627778
Species,nationalTeam,339,1895,0.178892
Species,ruProvinceupdate,339,540,0.627778
AdministrativeRegion,yearLeader,339,675,0.502222
Person,weightLb,338,30800,0.010974
Species,weightLb,338,30800,0.010974
AdministrativeRegion,junRecordLowC,338,2064,0.163760
Person,status,337,6717,0.050171
Person,content,336,343,0.979592
Person,ordained,336,440,0.763636
Species,content,336,343,0.979592
Species,ordained,336,440,0.763636
AdministrativeRegion,fedDistrictNumber,336,419,0.801909
Person,criminalStatus,335,1226,0.273246
Species,criminalStatus,335,1226,0.273246
AdministrativeRegion,webpage,335,335,1.000000
Person,debutyear,334,24801,0.013467
Person,gamesGoalstotal,334,3013,0.110853
Species,debutyear,334,24801,0.013467
Species,gamesGoalstotal,334,3013,0.110853
AdministrativeRegion,aprMeanC,334,2029,0.164613
Person,nativeLang1Name,333,422,0.789100
Person,producer,333,345,0.965217
Species,authority,333,772,0.431347
Species,nativeLang1Name,333,422,0.789100
Species,producer,333,345,0.965217
AdministrativeRegion,subdivision,332,2121,0.156530
Species,species,331,1513,0.218771
Person,2blankname,329,1065,0.308920
Person,t20idebutdate,329,2451,0.134231
Species,2blankname,329,1065,0.308920
Species,t20idebutdate,329,2451,0.134231
Person,hansardcurr,328,329,0.996960
Species,hansardcurr,328,329,0.996960
AdministrativeRegion,mayHighC,327,2579,0.126793
Person,stadium,326,366,0.890710
Species,stadium,326,366,0.890710
Person,rating,325,548,0.593066
Species,rating,325,548,0.593066
Person,firstRace,324,751,0.431425
Species,firstRace,324,751,0.431425
Person,lastRace,323,739,0.437077
Person,super14update,323,567,0.569665
Species,lastRace,323,739,0.437077
Species,super14update,323,567,0.569665
AdministrativeRegion,vicarGeneral,323,334,0.967066
Person,rivalsOverall,322,760,0.423684
Species,rivalsOverall,322,760,0.423684
AdministrativeRegion,popMunicipality,321,332,0.966867
Person,rating,320,518,0.617761
Person,ridertype,320,2861,0.111849
Species,rating,320,518,0.617761
Species,ridertype,320,2861,0.111849
AdministrativeRegion,minimumElevation,320,722,0.443213
Person,homepage,319,321,0.993769
Species,homepage,319,321,0.993769
Person,disabilityClass,318,2101,0.151356
Species,disabilityClass,318,2101,0.151356
Star,periarg,318,389,0.817481
Person,nebty,317,328,0.966463
Person,state,317,24203,0.013098
Species,nebty,317,328,0.966463
Species,state,317,24203,0.013098
Person,organisation,316,371,0.851752
Species,organisation,316,371,0.851752
Person,picture,315,419,0.751790
Person,descriptionUrl,315,328,0.960366
Species,picture,315,419,0.751790
Species,wineRegion,315,515,0.611650
Species,descriptionUrl,315,328,0.960366
Person,lastt20idate,314,2271,0.138265
Species,lastt20idate,314,2271,0.138265
AdministrativeRegion,areaMunicipality,314,318,0.987421
AdministrativeRegion,municipality,314,2457,0.127798
AdministrativeRegion,parish,314,455,0.690110
AdministrativeRegion,julHighC,313,2578,0.121412
AdministrativeRegion,junHighC,313,2578,0.121412
AdministrativeRegion,mayLowC,313,2582,0.121224
Person,winner,312,1243,0.251006
Species,regions,312,432,0.722222
Species,winner,312,1243,0.251006
Person,danceScore,311,521,0.596929
Species,danceScore,311,521,0.596929
AdministrativeRegion,octMeanC,311,2027,0.153429
Person,bishopOf,310,515,0.601942
Person,wbritopen,310,608,0.509868
Species,bishopOf,310,515,0.601942
Species,wbritopen,310,608,0.509868
Person,playerPositions,309,6802,0.045428
Species,playerPositions,309,6802,0.045428
Person,4p,308,616,0.500000
Species,4p,308,616,0.500000
AdministrativeRegion,julLowC,308,2582,0.119287
Person,statsend,307,13394,0.022921
Person,year1end,307,7043,0.043589
Species,statsend,307,13394,0.022921
Species,year1end,307,7043,0.043589
Person,dbf,306,307,0.996743
Person,fdScore,306,527,0.580645
Person,hansard,306,306,1.000000
Species,dbf,306,307,0.996743
Species,fdScore,306,527,0.580645
Species,hansard,306,306,1.000000
Person,chancellor,305,1172,0.260239
Species,chancellor,305,1172,0.260239
Person,nabisco,303,574,0.527875
Species,nabisco,303,574,0.527875
AdministrativeRegion,junLowC,303,2584,0.117260
AdministrativeRegion,parishes,303,1522,0.199080
Person,coachplayers,302,408,0.740196
Species,coachplayers,302,408,0.740196
Person,location,301,508,0.592520
Species,location,301,508,0.592520
AdministrativeRegion,augLowC,301,2582,0.116576
Person,portfolio,300,385,0.779221
Species,portfolio,300,385,0.779221
Star,variable,300,1751,0.171331
Person,squadNumber,299,379272,0.000788
Species,squadNumber,299,379272,0.000788
AdministrativeRegion,noOfRuralLocalities,299,1340,0.223134
Person,network,298,439,0.678815
Person,otherName,298,308,0.967532
Person,statsUpdate,298,648,0.459877
Species,network,298,439,0.678815
Species,otherName,298,308,0.967532
Species,statsUpdate,298,648,0.459877
Person,cname,296,296,1.000000
Person,reppoints,296,6519,0.045406
Species,cname,296,296,1.000000
Species,reppoints,296,6519,0.045406
Person,candidate2Percent,295,372,0.793011
Person,imagesize,295,23211,0.012709
Person,year1start,295,8505,0.034685
Species,candidate2Percent,295,372,0.793011
Species,imagesize,295,23211,0.012709
Species,year1start,295,8505,0.034685
AdministrativeRegion,decRainMm,295,316,0.933544
Person,bdoWorld,294,416,0.706731
Person,martialArt,294,918,0.320261
Person,priorTerm,294,578,0.508651
Species,bdoWorld,294,416,0.706731
Species,martialArt,294,918,0.320261
Species,priorTerm,294,578,0.508651
AdministrativeRegion,octRainMm,294,316,0.930380
AdministrativeRegion,preceded,294,681,0.431718
AdministrativeRegion,foundedDate,293,1145,0.255895
AdministrativeRegion,novRainMm,293,316,0.927215
Person,blank,292,2501,0.116753
Person,ruAmateuryears,292,2988,0.097724
Species,blank,292,2501,0.116753
Species,ruAmateuryears,292,2988,0.097724
Person,otherParty,291,436,0.667431
Person,apps,291,12594,0.023106
Person,currentRecord,291,824,0.353155
Species,otherParty,291,436,0.667431
Species,apps,291,12594,0.023106
Species,currentRecord,291,824,0.353155
Person,governor,290,347,0.835735
Species,governor,290,347,0.835735
Star,primary,290,405,0.716049
AdministrativeRegion,kreisschlüssel,290,290,1.000000
AdministrativeRegion,sepLowC,290,2584,0.112229
Person,prevSeriesYears,289,6859,0.042134
Species,prevSeriesYears,289,6859,0.042134
AdministrativeRegion,augHighC,289,2574,0.112277
Person,founder,288,301,0.956811
Person,totalLength,288,295,0.976271
Person,won,288,7320,0.039344
Species,founder,288,301,0.956811
Species,group,288,1057,0.272469
Species,totalLength,288,295,0.976271
Species,won,288,7320,0.039344
Star,epe,288,288,1.000000
AdministrativeRegion,sepHighC,287,2578,0.111327
Person,gpTotalPoints,286,398,0.718593
Species,gpTotalPoints,286,398,0.718593
AdministrativeRegion,janRainMm,286,316,0.905063
AdministrativeRegion,julRecordHighC,286,2073,0.137964
Person,authorAbbrevZoo,285,287,0.993031
Person,ruYouthclubs,285,339,0.840708
Species,authorAbbrevZoo,285,287,0.993031
Species,ruYouthclubs,285,339,0.840708
Person,regType,284,1402,0.202568
Species,regType,284,1402,0.202568
AdministrativeRegion,febRainMm,284,316,0.898734
AdministrativeRegion,junRainMm,284,316,0.898734
AdministrativeRegion,marRainMm,284,316,0.898734
AdministrativeRegion,mayMeanC,284,2026,0.140178
Person,medaltemplates,283,1052,0.269011
Species,medaltemplates,283,1052,0.269011
AdministrativeRegion,octRecordHighC,283,2071,0.136649
AdministrativeRegion,aprRainMm,281,316,0.889241
AdministrativeRegion,mayRainMm,281,316,0.889241
Person,aflstatlabel,280,4836,0.057899
Person,significantAwards,280,544,0.514706
Person,worldranking,280,1564,0.179028
Species,aflstatlabel,280,4836,0.057899
Species,significantAwards,280,544,0.514706
Species,worldranking,280,1564,0.179028
AdministrativeRegion,junRecordHighC,280,2067,0.135462
Person,4a,279,321,0.869159
Species,4a,279,321,0.869159
AdministrativeRegion,dateEnd,279,662,0.421450
Person,veneratedIn,278,6332,0.043904
Person,teama,278,5766,0.048214
Species,veneratedIn,278,6332,0.043904
Species,teama,278,5766,0.048214
Person,attendance,277,283,0.978799
Species,attendance,277,283,0.978799
Person,vicegovernor,276,308,0.896104
Species,vicegovernor,276,308,0.896104
AdministrativeRegion,sepRainMm,276,316,0.873418
Person,penalty,275,727,0.378267
Person,worlds,275,848,0.324292
Species,color,275,2774,0.099135
Species,penalty,275,727,0.378267
Species,worlds,275,848,0.324292
Person,motive,274,575,0.476522
Species,motive,274,575,0.476522
Person,partyVotes,273,385,0.709091
Person,personalbest,273,623,0.438202
Species,partyVotes,273,385,0.709091
Species,personalbest,273,623,0.438202
Person,disability,272,868,0.313364
Person,hp,272,273,0.996337
Species,disability,272,868,0.313364
Species,hp,272,273,0.996337
AdministrativeRegion,julRainMm,272,316,0.860759
AdministrativeRegion,aprRecordHighC,271,2071,0.130855
AdministrativeRegion,dateStart,270,555,0.486486
Person,individualStarts,269,1317,0.204252
Species,individualStarts,269,1317,0.204252
AdministrativeRegion,augRainMm,269,316,0.851266
AdministrativeRegion,cocathedral,269,306,0.879085
Person,ruClubyears,268,12298,0.021792
Species,ruClubyears,268,12298,0.021792
Person,weightLbs,267,24597,0.010855
Person,yearaend,267,3320,0.080422
Species,weightLbs,267,24597,0.010855
Species,yearaend,267,3320,0.080422
ChemicalCompound,seeAlso,267,304,0.878289
Person,odicap,266,3575,0.074406
Person,thesisYear,266,11955,0.022250
Species,odicap,266,3575,0.074406
Species,thesisYear,266,11955,0.022250
AdministrativeRegion,density,266,374,0.711230
AdministrativeRegion,succeeded,266,425,0.625882
Person,ringNames,265,277,0.956679
Species,ringNames,265,277,0.956679
AdministrativeRegion,priests,265,974,0.272074
Person,mixedDoublesPartner,264,278,0.949640
Person,totalCupRaces,264,712,0.370787
Species,mixedDoublesPartner,264,278,0.949640
Species,totalCupRaces,264,712,0.370787
Species,alsoCalled,263,367,0.716621
Species,imageAlt,263,285,0.922807
Person,icposition,262,4357,0.060133
Species,icposition,262,4357,0.060133
AdministrativeRegion,members,262,279,0.939068
Person,4pp,260,391,0.664962
Person,bowlgames,260,337,0.771513
Person,eraName,260,318,0.817610
Species,4pp,260,391,0.664962
Species,bowlgames,260,337,0.771513
Species,eraName,260,318,0.817610
AdministrativeRegion,divisionsnames,260,277,0.938628
AdministrativeRegion,timezone,259,18770,0.013799
Person,partners,258,297,0.868687
Species,partners,258,297,0.868687
AdministrativeRegion,sepMeanC,258,2028,0.127219
Person,finaldate,257,17979,0.014294
Person,lost,257,7768,0.033084
Person,titleYears,257,2338,0.109923
Species,finaldate,257,17979,0.014294
Species,lost,257,7768,0.033084
Species,titleYears,257,2338,0.109923
Person,stat21value,256,1288,0.198758
Species,stat21value,256,1288,0.198758
AdministrativeRegion,junMeanC,256,2025,0.126420
AdministrativeRegion,yearHighC,256,597,0.428811
Person,dSearch,255,255,1.000000
Person,formerGroups,255,478,0.533473
Person,total,255,4808,0.053037
Species,dSearch,255,255,1.000000
Species,formerGroups,255,478,0.533473
Species,total,255,4808,0.053037
Person,domesticpartner,253,272,0.930147
Person,ukOpen,253,426,0.593897
Species,domesticpartner,253,272,0.930147
Species,ukOpen,253,426,0.593897
Person,prevshow,252,273,0.923077
Species,prevshow,252,273,0.923077
AdministrativeRegion,augRecordHighC,252,2072,0.121622
Person,headline,251,275,0.912727
Person,otherTitles,251,426,0.589202
Species,headline,251,275,0.912727
Species,otherTitles,251,426,0.589202
AdministrativeRegion,areaSqmi,251,263,0.954373
AdministrativeRegion,julMeanC,251,2027,0.123828
Galaxy,appmagB,250,524,0.477099
Person,notablework,249,251,0.992032
Person,year2end,249,3781,0.065856
Person,year2start,249,5683,0.043815
Species,bg,249,14402,0.017289
Species,notablework,249,251,0.992032
Species,year2end,249,3781,0.065856
Species,year2start,249,5683,0.043815
Star,node,249,272,0.915441
Person,bg,248,14400,0.017222
AdministrativeRegion,namedAfter,248,269,0.921933
Person,royalName,247,256,0.964844
Species,royalName,247,256,0.964844
Galaxy,ugc,247,248,0.995968
Species,type,246,26762860,0.000009
AdministrativeRegion,poj,246,251,0.980080
Person,associate,245,261,0.938697
Person,ruYear1start,245,775,0.316129
Species,associate,245,261,0.938697
Species,ruYear1start,245,775,0.316129
AdministrativeRegion,yearLowC,245,602,0.406977
Person,archbishopOf,244,629,0.387917
Species,archbishopOf,244,629,0.387917
AdministrativeRegion,near,244,248,0.983871
Person,ruProvinceyears,243,4393,0.055315
Species,ruProvinceyears,243,4393,0.055315
Species,update,243,692,0.351156
Person,update,242,691,0.350217
Star,distPc,242,319,0.758621
AdministrativeRegion,numberOfMembers,242,250,0.968000
AdministrativeRegion,blankNameSec,242,6718,0.036023
AdministrativeRegion,populationIncrease,242,444,0.545045
Person,clubteam,241,1120,0.215179
Person,lcheading,241,241,1.000000
Species,clubteam,241,1120,0.215179
Species,lcheading,241,241,1.000000
AdministrativeRegion,mayRecordHighC,241,2070,0.116425
AdministrativeRegion,sepRecordHighC,241,2071,0.116369
AdministrativeRegion,yearPrecipitationDays,241,266,0.906015
Person,color,240,1015,0.236453
Person,alternate,239,410,0.582927
Person,writings,239,263,0.908745
Species,alternate,239,410,0.582927
Species,writings,239,263,0.908745
AdministrativeRegion,augMeanC,239,2029,0.117792
Person,bbrWnba,238,238,1.000000
Species,bbrWnba,238,238,1.000000
Person,pdcWorld,236,435,0.542529
Species,ordoAuthority,236,259,0.911197
Species,pdcWorld,236,435,0.542529
Person,coachclub,235,669,0.351271
Species,coachclub,235,669,0.351271
Person,doublestitles,234,6514,0.035923
Person,placeOfConsecration,234,311,0.752412
Person,tries,234,17673,0.013241
Species,doublestitles,234,6514,0.035923
Species,placeOfConsecration,234,311,0.752412
Species,tries,234,17673,0.013241
AdministrativeRegion,archdeacons,234,251,0.932271
AdministrativeRegion,foundedYear,234,1743,0.134251
Person,channels,233,286,0.814685
Person,clubnumber,233,63673,0.003659
Person,espnOverall,233,571,0.408056
Person,nameNonen,233,237,0.983122
Species,hybrid,233,436,0.534404
Species,channels,233,286,0.814685
Species,clubnumber,233,63673,0.003659
Species,espnOverall,233,571,0.408056
Species,nameNonen,233,237,0.983122
AdministrativeRegion,color,233,5471,0.042588
Person,coachedFor,232,466,0.497854
Species,coachedFor,232,466,0.497854
Person,teamb,231,2884,0.080097
Species,teamb,231,2884,0.080097
AdministrativeRegion,incumbent,231,253,0.913043
AdministrativeRegion,yearRecordLowC,231,397,0.581864
Person,starts,230,1793,0.128277
Person,yearastart,230,5345,0.043031
Species,starts,230,1793,0.128277
Species,yearastart,230,5345,0.043031
Person,wins,229,8416,0.027210
Galaxy,alt,229,231,0.991342
AdministrativeRegion,lifeSpan,229,343,0.667638
Person,death,228,698,0.326648
Person,givenName,228,247,0.923077
Species,death,228,698,0.326648
Species,givenName,228,247,0.923077
Star,axis,228,250,0.912000
AdministrativeRegion,nativeNameLang,228,6901,0.033039
AdministrativeRegion,reason,228,243,0.938272
Person,canonizedBy,225,907,0.248071
Person,currentConference,225,2474,0.090946
Person,draftTeam,225,12375,0.018182
Person,tennishofid,225,225,1.000000
Person,universityteam,225,267,0.842697
Species,canonizedBy,225,907,0.248071
Species,currentConference,225,2474,0.090946
Species,draftTeam,225,12375,0.018182
Species,tennishofid,225,225,1.000000
Species,universityteam,225,267,0.842697
AdministrativeRegion,meaning,225,227,0.991189
Person,block,224,1203,0.186201
Species,block,224,1203,0.186201
Species,lat,224,233,0.961373
Star,massEarth,224,256,0.875000
AdministrativeRegion,governmentType,224,905,0.247514
Person,ordainedPriestBy,223,243,0.917695
Species,ordainedPriestBy,223,243,0.917695
AdministrativeRegion,blank3InfoSec,223,244,0.913934
Person,monarch,222,606,0.366337
Species,monarch,222,606,0.366337
AdministrativeRegion,elevationMax,222,400,0.555000
Person,homeTown,221,234,0.944444
Person,lat,221,230,0.960870
Person,subjects,221,252,0.876984
Person,templeName,221,430,0.513953
Species,homeTown,221,234,0.944444
Species,phylum,221,99416,0.002223
Species,subjects,221,252,0.876984
Species,templeName,221,430,0.513953
AdministrativeRegion,commonscat,221,227,0.973568
Person,spike,220,1302,0.168971
Person,department,220,569,0.386643
Person,ruNationalyears,220,7274,0.030245
Species,spike,220,1302,0.168971
Species,department,220,569,0.386643
Species,ruNationalyears,220,7274,0.030245
AdministrativeRegion,titleLeader,220,467,0.471092
Person,wsopMainEventBestFinishRank,219,644,0.340062
Species,wsopMainEventBestFinishRank,219,644,0.340062
Star,nsted,219,219,1.000000
AdministrativeRegion,maxtemp,219,912,0.240132
Person,background,218,19308,0.011291
Person,bestwin,218,280,0.778571
Species,background,218,19308,0.011291
Species,bestwin,218,280,0.778571
Person,coneDrill,217,3614,0.060044
Species,coneDrill,217,3614,0.060044
AdministrativeRegion,foundation,217,676,0.321006
Person,heir,216,217,0.995392
Person,nfldraftedpick,216,382,0.565445
Person,referee,216,439,0.492027
Species,heir,216,217,0.995392
Species,nfldraftedpick,216,382,0.565445
Species,referee,216,439,0.492027
Person,ruYear1end,215,676,0.318047
Species,ruYear1end,215,676,0.318047
Person,artikel,214,217,0.986175
Person,pastMembers,214,214,1.000000
Person,sdScore,214,372,0.575269
Person,subterm,214,5123,0.041772
Person,type,214,25904017,0.000008
Species,artikel,214,217,0.986175
Species,authorlink,214,666,0.321321
Species,pastMembers,214,214,1.000000
Species,sdScore,214,372,0.575269
Species,subterm,214,5123,0.041772
Person,event,213,383,0.556136
Person,authorlink,213,665,0.320301
Person,began,213,289,0.737024
Person,partyPercent,213,328,0.649390
Species,event,213,383,0.556136
Species,began,213,289,0.737024
Species,partyPercent,213,328,0.649390
AdministrativeRegion,j,212,215,0.986047
Person,afldraftpick,211,621,0.339775
Person,authorLink,211,450,0.468889
Person,repyears,211,7935,0.026591
Person,strokes,211,6671,0.031629
Species,afldraftpick,211,621,0.339775
Species,authorLink,211,450,0.468889
Species,repyears,211,7935,0.026591
Species,strokes,211,6671,0.031629
AdministrativeRegion,foundingYear,210,1823,0.115195
AdministrativeRegion,augPrecipitationDays,210,692,0.303468
AdministrativeRegion,start,210,9510,0.022082
Person,city,209,370,0.564865
Person,draftPick,209,5127,0.040765
Person,guru,209,263,0.794677
Person,logo,209,229,0.912664
Species,phylum,209,102329,0.002042
Species,city,209,370,0.564865
Species,draftPick,209,5127,0.040765
Species,guru,209,263,0.794677
Species,logo,209,229,0.912664
Species,long,209,218,0.958716
AdministrativeRegion,julSun,209,253,0.826087
AdministrativeRegion,markTitle,209,215,0.972093
Person,careerEnd,208,19183,0.010843
Person,partyChange,208,274,0.759124
Person,placeOfPriestlyOrdination,208,272,0.764706
Person,post3preceded,208,245,0.848980
Person,postNominals,208,343,0.606414
Species,careerEnd,208,19183,0.010843
Species,partyChange,208,274,0.759124
Species,placeOfPriestlyOrdination,208,272,0.764706
Species,post3preceded,208,245,0.848980
Species,postNominals,208,343,0.606414
AdministrativeRegion,febSun,208,253,0.822134
Star,caption,207,209,0.990431
Person,altName,206,207,0.995169
Person,long,206,215,0.958140
Species,altName,206,207,0.995169
Species,subclassis,206,3238,0.063620
AdministrativeRegion,junSun,206,252,0.817460
AdministrativeRegion,novSun,206,253,0.814229
Person,clposition,205,2056,0.099708
Person,criminalCharges,205,230,0.891304
Person,gpLastRace,205,426,0.481221
Person,yahoo,205,205,1.000000
Species,above,205,226,0.907080
Species,clposition,205,2056,0.099708
Species,criminalCharges,205,230,0.891304
Species,gpLastRace,205,426,0.481221
Species,yahoo,205,205,1.000000
AdministrativeRegion,decSun,205,253,0.810277
Person,above,204,225,0.906667
Person,coachgamesWins,204,842,0.242280
Person,end,204,4503,0.045303
Person,post3followed,204,248,0.822581
Person,tribe,204,274,0.744526
Species,coachgamesWins,204,842,0.242280
Species,end,204,4503,0.045303
Species,post3followed,204,248,0.822581
Species,tribe,204,274,0.744526
Person,lastSeries,203,555,0.365766
Species,lastSeries,203,555,0.365766
AdministrativeRegion,fedgov,203,6374,0.031848
AdministrativeRegion,octSun,203,253,0.802372
AdministrativeRegion,augSun,202,253,0.798419
AdministrativeRegion,julPrecipitationDays,202,694,0.291066
Person,3namedata,201,262,0.767176
Person,icyears,201,4805,0.041831
Person,totalBuschRaces,201,706,0.284703
Species,3namedata,201,262,0.767176
Species,icyears,201,4805,0.041831
Species,totalBuschRaces,201,706,0.284703
Species,typeGenus,201,203,0.990148
AdministrativeRegion,areaWaterPercent,201,573,0.350785
AdministrativeRegion,janSun,201,252,0.797619
AdministrativeRegion,maySun,201,253,0.794466
AdministrativeRegion,sepSun,201,252,0.797619
Person,gpFirstRace,200,428,0.467290
Person,playername,200,200,1.000000
Species,gpFirstRace,200,428,0.467290
Species,playername,200,200,1.000000
AdministrativeRegion,marSun,200,253,0.790514
Person,clyears,199,2288,0.086976
Person,highestranking,199,574,0.346690
Person,tracks,199,242,0.822314
Species,clyears,199,2288,0.086976
Species,highestranking,199,574,0.346690
Species,tracks,199,242,0.822314
Person,birth,198,690,0.286957
Person,channelDirectUrl,198,198,1.000000
Person,missions,198,276,0.717391
Species,birth,198,690,0.286957
Species,channelDirectUrl,198,198,1.000000
Species,missions,198,276,0.717391
AdministrativeRegion,mintemp,198,915,0.216393
Person,opponents,197,248,0.794355
Species,opponents,197,248,0.794355
Person,post1years,196,1074,0.182495
Species,post1years,196,1074,0.182495
AdministrativeRegion,elevationMaxPoint,196,208,0.942308
Person,coaching,195,199,0.979899
Species,coaching,195,199,0.979899
Person,memorials,194,201,0.965174
Person,scoutOverall,194,500,0.388000
Species,memorials,194,201,0.965174
Species,scoutOverall,194,500,0.388000
Person,amatyears,193,1777,0.108610
Person,careerStart,193,33524,0.005757
Person,dateOfBurial,193,195,0.989744
Person,singlestitles,193,6583,0.029318
Species,amatyears,193,1777,0.108610
Species,careerStart,193,33524,0.005757
Species,dateOfBurial,193,195,0.989744
Species,singlestitles,193,6583,0.029318
AdministrativeRegion,aprSun,193,252,0.765873
AdministrativeRegion,sepPrecipitationDays,193,695,0.277698
Person,assembly,192,3654,0.052545
Person,cause,192,854,0.224824
Person,final2date,192,684,0.280702
Person,lastyear,192,1831,0.104861
Person,ruSevensupdate,192,301,0.637874
Species,assembly,192,3654,0.052545
Species,cause,192,854,0.224824
Species,final2date,192,684,0.280702
Species,lastyear,192,1831,0.104861
Species,ruSevensupdate,192,301,0.637874
Person,adminYears,191,3367,0.056727
Person,year3end,191,2304,0.082899
Species,adminYears,191,3367,0.056727
Species,bgcolor,191,1314,0.145358
Species,year3end,191,2304,0.082899
ChemicalCompound,image,191,198,0.964646
AdministrativeRegion,partsType,191,4895,0.039019
Person,classes,190,1530,0.124183
Person,currentMembers,190,192,0.989583
Person,queen,190,199,0.954774
Person,stat6value,190,252,0.753968
Person,year3start,190,3673,0.051729
Species,classes,190,1530,0.124183
Species,currentMembers,190,192,0.989583
Species,queen,190,199,0.954774
Species,stat6value,190,252,0.753968
Species,year3start,190,3673,0.051729
Galaxy,notes,190,238,0.798319
Person,block,189,1284,0.147196
Person,user,189,190,0.994737
Species,block,189,1284,0.147196
Species,user,189,190,0.994737
AdministrativeRegion,timeZone,189,17733,0.010658
AdministrativeRegion,postal2Code,189,193,0.979275
Person,baptised,188,191,0.984293
Person,debut2date,188,1126,0.166963
Person,disciples,188,192,0.979167
Person,markTitle,188,259,0.725869
Species,baptised,188,191,0.984293
Species,debut2date,188,1126,0.166963
Species,disciples,188,192,0.979167
Species,markTitle,188,259,0.725869
Person,denomination,187,1319,0.141774
Person,statyear,187,4091,0.045710
Species,denomination,187,1319,0.141774
Species,statyear,187,4091,0.045710
AdministrativeRegion,demographics1Title,187,2470,0.075709
AdministrativeRegion,origin,187,246,0.760163
Person,canonizedPlace,186,714,0.260504
Person,cbs,186,186,1.000000
Person,coachgames,186,927,0.200647
Species,canonizedPlace,186,714,0.260504
Species,cbs,186,186,1.000000
Species,coachgames,186,927,0.200647
Star,luminosityBolometric,186,199,0.934673
AdministrativeRegion,octPrecipitationDays,186,694,0.268012
Person,codename,185,186,0.994624
Person,hofPlayer,185,185,1.000000
Person,resultyears,185,895,0.206704
Species,codename,185,186,0.994624
Species,hofPlayer,185,185,1.000000
Species,resultyears,185,895,0.206704
AdministrativeRegion,junPrecipitationDays,185,694,0.266571
AdministrativeRegion,percent,185,199,0.929648
Person,coa,184,626,0.293930
Person,manageteam,184,193,0.953368
Species,coa,184,626,0.293930
Species,manageteam,184,193,0.953368
Star,aricns,184,192,0.958333
ChemicalCompound,date,184,296,0.621622
Person,playingYears,183,3733,0.049022
Species,playingYears,183,3733,0.049022
Person,disappearedStatus,182,234,0.777778
Person,ruRefereecomps,182,553,0.329114
Species,disappearedStatus,182,234,0.777778
Species,ruRefereecomps,182,553,0.329114
AdministrativeRegion,leaderParty,182,619,0.294023
Person,50s,181,25754,0.007028
Person,proyears,181,26550,0.006817
Species,50s,181,25754,0.007028
Species,proyears,181,26550,0.006817
Person,bgcolor,180,1286,0.139969
Person,positionOrQuorum,180,1151,0.156386
Person,realName,180,182,0.989011
Person,ruYearastart,180,523,0.344168
Species,marketingNames,180,180,1.000000
Species,positionOrQuorum,180,1151,0.156386
Species,realName,180,182,0.989011
Species,ruYearastart,180,523,0.344168
ChemicalCompound,imagealtr,180,222,0.810811
AdministrativeRegion,width,180,2346,0.076726
AdministrativeRegion,yearMeanC,180,306,0.588235
Person,draftTeam,179,12512,0.014306
Person,247Overall,179,381,0.469816
Person,lineage,179,276,0.648551
Species,draftTeam,179,12512,0.014306
Species,247Overall,179,381,0.469816
Species,lineage,179,276,0.648551
AdministrativeRegion,decPrecipitationDays,179,694,0.257925
AdministrativeRegion,statYear,179,960,0.186458
Person,finalyear,178,17937,0.009924
Species,finalyear,178,17937,0.009924
AdministrativeRegion,janPrecipitationDays,178,695,0.256115
AdministrativeRegion,membership,178,504,0.353175
AdministrativeRegion,novPrecipitationDays,178,695,0.256115
Person,coachyears,177,2951,0.059980
Person,spike,177,1378,0.128447
Species,coachyears,177,2951,0.059980
Species,spike,177,1378,0.128447
Galaxy,size,177,387,0.457364
AdministrativeRegion,hebname,177,183,0.967213
Person,cyears,175,13425,0.013035
Person,gpLastWin,175,262,0.667939
Species,cyears,175,13425,0.013035
Species,gpLastWin,175,262,0.667939
Species,trinomial,175,176,0.994318
Person,currentteammate,174,183,0.950820
Person,gpFirstWin,174,265,0.656604
Species,currentteammate,174,183,0.950820
Species,gpFirstWin,174,265,0.656604
AdministrativeRegion,anthem,174,190,0.915789
AdministrativeRegion,deputy,174,187,0.930481
AdministrativeRegion,janHumidity,174,1612,0.107940
Person,significantDesign,173,187,0.925134
Person,reach,173,2578,0.067106
Person,weightKg,173,3539,0.048884
Species,significantDesign,173,187,0.925134
Species,reach,173,2578,0.067106
Species,weightKg,173,3539,0.048884
AdministrativeRegion,marPrecipitationDays,173,693,0.249639
Person,createdCardinalBy,172,1341,0.128262
Species,createdCardinalBy,172,1341,0.128262
AdministrativeRegion,firstIncumbent,172,176,0.977273
AdministrativeRegion,mayPrecipitationDays,172,694,0.247839
Person,bordercolor,171,7166,0.023863
Species,bordercolor,171,7166,0.023863
Person,ruAmupdate,170,214,0.794393
Species,ruAmupdate,170,214,0.794393
Species,depiction,170,222,0.765766
AdministrativeRegion,legislature,170,184,0.923913
Person,nationalTeam,169,2860,0.059091
Person,chapter,169,408,0.414216
Person,militaryData,169,234,0.722222
Person,spalten,169,189,0.894180
Person,start,169,1075,0.157209
Species,nationalTeam,169,2860,0.059091
Species,chapter,169,408,0.414216
Species,militaryData,169,234,0.722222
Species,spalten,169,189,0.894180
Species,start,169,1075,0.157209
Star,axisUnitless,169,224,0.754464
ChemicalCompound,imagealtl,169,210,0.804762
AdministrativeRegion,yearRecordHighC,169,408,0.414216
Person,ruCurrentclub,168,305,0.550820
Species,ruCurrentclub,168,305,0.550820
AdministrativeRegion,toyr,168,18624,0.009021
Person,currentnumber,167,3651,0.045741
Species,currentnumber,167,3651,0.045741
Star,radiusEarth,167,191,0.874346
AdministrativeRegion,aprPrecipitationDays,167,694,0.240634
Person,commonName,166,166,1.000000
Person,dumaurier,166,279,0.594982
Person,headercolor,166,8629,0.019237
Person,ruProvincecaps,166,1990,0.083417
Species,commonName,166,166,1.000000
Species,dumaurier,166,279,0.594982
Species,headercolor,166,8629,0.019237
Species,ruProvincecaps,166,1990,0.083417
Star,constell,166,4989,0.033273
Person,major,165,298,0.553691
Person,pronunciation,165,167,0.988024
Person,shuttle,165,3807,0.043341
Species,major,165,298,0.553691
Species,pronunciation,165,167,0.988024
Species,shuttle,165,3807,0.043341
Person,canonizedBy,164,823,0.199271
Person,symbolism,164,178,0.921348
Species,canonizedBy,164,823,0.199271
Species,symbolism,164,178,0.921348
AdministrativeRegion,populationsecond,164,166,0.987952
Person,worldChampionTitleYear,163,180,0.905556
Species,worldChampionTitleYear,163,180,0.905556
AdministrativeRegion,decHumidity,163,1613,0.101054
AdministrativeRegion,octHumidity,163,1613,0.101054
Person,counties,162,5023,0.032252
Person,group,162,723,0.224066
Person,www,162,162,1.000000
Species,counties,162,5023,0.032252
Species,www,162,162,1.000000
AdministrativeRegion,novHumidity,162,1613,0.100434
Person,convictionPenalty,161,1006,0.160040
Person,beatifiedBy,161,1375,0.117091
Person,collaborators,161,183,0.879781
Person,kickboxWin,161,967,0.166494
Species,convictionPenalty,161,1006,0.160040
Species,beatifiedBy,161,1375,0.117091
Species,collaborators,161,183,0.879781
Species,kickboxWin,161,967,0.166494
Species,typeGenusAuthority,161,189,0.851852
AdministrativeRegion,febHumidity,161,1613,0.099814
AdministrativeRegion,statusText,161,545,0.295413
Person,reignType,160,1944,0.082305
Species,reignType,160,1944,0.082305
AdministrativeRegion,left,160,939,0.170394
Person,whaDraft,159,464,0.342672
Person,debut2team,159,1233,0.128954
Person,issueLink,159,1316,0.120821
Species,whaDraft,159,464,0.342672
Species,debut2team,159,1233,0.128954
Species,issueLink,159,1316,0.120821
AdministrativeRegion,blank2Info,159,247,0.643725
Person,plays,158,7244,0.021811
Person,amateuryears,158,8984,0.017587
Person,aux,158,165,0.957576
Person,comp,158,703,0.224751
Person,fivefor,158,22598,0.006992
Species,plays,158,7244,0.021811
Species,amateuryears,158,8984,0.017587
Species,aux,158,165,0.957576
Species,comp,158,703,0.224751
Species,fivefor,158,22598,0.006992
Star,distLy,158,200,0.790000
AdministrativeRegion,febPrecipitationDays,158,692,0.228324
Person,dash,157,4346,0.036125
Species,dash,157,4346,0.036125
AdministrativeRegion,augHumidity,157,1613,0.097334
AdministrativeRegion,junHumidity,157,1612,0.097395
Person,opponent,156,164,0.951220
Person,journalisted,156,156,1.000000
Person,percent,156,165,0.945455
Person,yearpro,156,3273,0.047663
Species,opponent,156,164,0.951220
Species,journalisted,156,156,1.000000
Species,percent,156,165,0.945455
Species,yearpro,156,3273,0.047663
AdministrativeRegion,fromyr,156,19283,0.008090
Person,service,155,337,0.459941
Person,whaDraft,155,461,0.336226
Species,service,155,337,0.459941
Species,whaDraft,155,461,0.336226
AdministrativeRegion,augRainDays,155,251,0.617530
Person,carNumber,154,1537,0.100195
Person,meet,154,230,0.669565
Person,post2years,154,519,0.296724
Person,ruTeama,154,611,0.252046
Person,synagogue,154,179,0.860335
Species,carNumber,154,1537,0.100195
Species,lspnTaxoname,154,155,0.993548
Species,meet,154,230,0.669565
Species,ncbiTaxid,154,155,0.993548
Species,post2years,154,519,0.296724
Species,ruTeama,154,611,0.252046
Species,synagogue,154,179,0.860335
Species,taxoname,154,155,0.993548
AdministrativeRegion,demonyms,154,158,0.974684
AdministrativeRegion,sepHumidity,154,1613,0.095474
Person,gpRaceStarts,153,421,0.363420
Person,heightIn,153,58970,0.002595
Person,round,153,484,0.316116
Person,ruProvinceapps,153,722,0.211911
Species,gpRaceStarts,153,421,0.363420
Species,heightIn,153,58970,0.002595
Species,round,153,484,0.316116
Species,ruProvinceapps,153,722,0.211911
Person,evian,152,407,0.373464
Person,thesis2Title,152,152,1.000000
Species,diversity,152,467,0.325482
Species,evian,152,407,0.373464
Species,thesis2Title,152,152,1.000000
AdministrativeRegion,junRainDays,152,251,0.605578
AdministrativeRegion,marHumidity,152,1612,0.094293
Person,firstproshow,151,219,0.689498
Person,repcaps,151,7309,0.020659
Person,year4start,151,2295,0.065795
Species,firstproshow,151,219,0.689498
Species,repcaps,151,7309,0.020659
Species,year4start,151,2295,0.065795
AdministrativeRegion,elevationMin,151,418,0.361244
Person,class,150,4617,0.032489
Person,endReason,150,448,0.334821
Person,guernsey,150,1632,0.091912
Person,timeslot,150,292,0.513699
Species,class,150,4617,0.032489
Species,endReason,150,448,0.334821
Species,guernsey,150,1632,0.091912
Species,timeslot,150,292,0.513699
AdministrativeRegion,aprHumidity,150,1612,0.093052
Person,coachingRecord,149,153,0.973856
Person,active,149,1874,0.079509
Person,startyear,149,18467,0.008068
Person,teamc,149,1365,0.109158
Species,coachingRecord,149,153,0.973856
Species,active,149,1874,0.079509
Species,startyear,149,18467,0.008068
Species,subspecies,149,159,0.937107
Species,teamc,149,1365,0.109158
AdministrativeRegion,right,149,921,0.161781
AdministrativeRegion,sepRainDays,149,252,0.591270
Person,channelUrl,148,148,1.000000
Species,channelUrl,148,148,1.000000
Star,rI,148,205,0.721951
AdministrativeRegion,altname,148,161,0.919255
AdministrativeRegion,julHumidity,147,1613,0.091135
AdministrativeRegion,julRainDays,147,252,0.583333
Person,cupTopTens,146,712,0.205056
Species,cupTopTens,146,712,0.205056
Person,coachingYears,145,725,0.200000
Person,originalairdate,145,145,1.000000
Person,otherAppearances,145,773,0.187581
Person,rivalsSchool,145,698,0.207736
Species,coachingYears,145,725,0.200000
Species,material,145,350,0.414286
Species,originalairdate,145,145,1.000000
Species,otherAppearances,145,773,0.187581
Species,rivalsSchool,145,698,0.207736
AdministrativeRegion,janRainDays,145,251,0.577689
AdministrativeRegion,mayHumidity,145,1611,0.090006
AdministrativeRegion,popLatest,145,149,0.973154
Person,metropolis,144,195,0.738462
Person,n,144,3286,0.043822
Person,season,144,43582,0.003304
Species,metropolis,144,195,0.738462
Species,n,144,3287,0.043809
Species,season,144,43582,0.003304
AdministrativeRegion,blank4InfoSec,144,218,0.660550
Person,bowlRecord,143,940,0.152128
Person,5p,143,185,0.772973
Person,bestBuschPos,143,688,0.207849
Person,literaryWorks,143,145,0.986207
Person,material,143,347,0.412104
Person,ruClubpoints,143,3597,0.039755
Person,stat3label,143,23720,0.006029
Species,bowlRecord,143,940,0.152128
Species,5p,143,185,0.772973
Species,bestBuschPos,143,688,0.207849
Species,literaryWorks,143,145,0.986207
Species,ruClubpoints,143,3597,0.039755
Species,stat3label,143,23720,0.006029
AdministrativeRegion,elevationMaxFt,143,154,0.928571
AdministrativeRegion,octRainDays,143,252,0.567460
AdministrativeRegion,status,143,927,0.154261
Person,lieutenant,142,147,0.965986
Person,ruProvincepoints,142,1230,0.115447
Person,ruYearaend,142,289,0.491349
Species,lieutenant,142,147,0.965986
Species,ruProvincepoints,142,1230,0.115447
Species,ruYearaend,142,289,0.491349
AdministrativeRegion,founder,142,248,0.572581
AdministrativeRegion,mayRainDays,142,251,0.565737
Person,agency,141,1273,0.110762
Person,discipline,141,2161,0.065248
Person,dipstyle,141,2655,0.053107
Person,sbkTotalPoints,141,199,0.708543
Person,viewDate,141,199,0.708543
Person,year4end,141,1290,0.109302
Species,agency,141,1273,0.110762
Species,discipline,141,2161,0.065248
Species,dipstyle,141,2655,0.053107
Species,rangeMap,141,154,0.915584
Species,sbkTotalPoints,141,199,0.708543
Species,viewDate,141,199,0.708543
Species,year4end,141,1290,0.109302
Galaxy,absmagV,141,144,0.979167
ChemicalCompound,caption,141,149,0.946309
AdministrativeRegion,blank1NameSec,141,933,0.151125
AdministrativeRegion,elevationMinM,141,234,0.602564
Person,ambassadorFrom,140,1373,0.101966
Person,targets,140,170,0.823529
Species,ambassadorFrom,140,1373,0.101966
Species,targets,140,170,0.823529
Star,type,140,948,0.147679
Person,timeInSpace,139,146,0.952055
Person,maidenname,139,142,0.978873
Person,otherInfo,139,167,0.832335
Person,prev,139,151,0.920530
Person,swing,139,167,0.832335
Species,timeInSpace,139,146,0.952055
Species,maidenname,139,142,0.978873
Species,otherInfo,139,167,0.832335
Species,prev,139,151,0.920530
Species,swing,139,167,0.832335
AdministrativeRegion,licence,139,1926,0.072170
AdministrativeRegion,postalCodeType,139,6090,0.022824
Person,2y,138,1705,0.080938
Person,cflstatlabel,138,1413,0.097665
Person,co,138,643,0.214619
Person,contract,138,175,0.788571
Person,rlProclubs,138,371,0.371968
Person,sooyears,138,581,0.237522
Person,testdebutyear,138,3741,0.036889
Species,2y,138,1705,0.080938
Species,cflstatlabel,138,1413,0.097665
Species,co,138,643,0.214619
Species,contract,138,175,0.788571
Species,rlProclubs,138,371,0.371968
Species,sooyears,138,581,0.237522
Species,testdebutyear,138,3741,0.036889
AdministrativeRegion,alt,138,143,0.965035
Person,achievement,137,213,0.643192
Person,currentGroup,137,279,0.491039
Person,matchplay,137,162,0.845679
Person,timestamp,137,137,1.000000
Person,yearbstart,137,2740,0.050000
Species,achievement,137,213,0.643192
Species,currentGroup,137,279,0.491039
Species,matchplay,137,162,0.845679
Species,subdivisionRanks,137,12689,0.010797
Species,timestamp,137,137,1.000000
Species,yearbstart,137,2740,0.050000
AdministrativeRegion,febRainDays,137,251,0.545817
Person,vicePresident,136,142,0.957746
Person,cand,136,141,0.964539
Person,mrborn,136,140,0.971429
Species,vicePresident,136,142,0.957746
Species,cand,136,141,0.964539
Species,mrborn,136,140,0.971429
Species,publisher,136,169,0.804734
Species,subfamiliaAuthority,136,142,0.957746
Person,highestRank,135,510,0.264706
Person,debutstadium,135,1836,0.073529
Person,rrborn,135,140,0.964286
Person,ruNationalcaps,135,6467,0.020875
Species,highestRank,135,510,0.264706
Species,debutstadium,135,1836,0.073529
Species,rrborn,135,140,0.964286
Species,ruNationalcaps,135,6467,0.020875
Galaxy,constellationName,135,1953,0.069124
AdministrativeRegion,governingBody,135,246,0.548780
Person,eponymousskills,134,139,0.964029
Person,publisher,134,163,0.822086
Person,ruYear2start,134,277,0.483755
Person,spaceTime,134,149,0.899329
Person,super14caps,134,1257,0.106603
Person,yeshiva,134,198,0.676768
Species,eponymousskills,134,139,0.964029
Species,ruYear2start,134,277,0.483755
Species,spaceTime,134,149,0.899329
Species,super14caps,134,1257,0.106603
Species,yeshiva,134,198,0.676768
AdministrativeRegion,blankEmblemType,134,395,0.339241
Person,canonizedPlace,133,750,0.177333
Person,lasttestyear,133,3164,0.042035
Person,placeofburialLabel,133,5151,0.025820
Person,pointsa,133,4480,0.029687
Species,canonizedPlace,133,750,0.177333
Species,lasttestyear,133,3164,0.042035
Species,placeofburialLabel,133,5151,0.025820
Species,pointsa,133,4480,0.029687
AdministrativeRegion,populationAsOf,133,627,0.212121
AdministrativeRegion,marRainDays,133,252,0.527778
Person,cwin,132,163,0.809816
Person,heya,132,621,0.212560
Person,prevBuschPos,132,365,0.361644
Person,stat2label,132,23822,0.005541
Person,wghofid,132,132,1.000000
Person,yearbend,132,1513,0.087244
Species,cwin,132,163,0.809816
Species,heya,132,621,0.212560
Species,prevBuschPos,132,365,0.361644
Species,stat2label,132,23822,0.005541
Species,wghofid,132,132,1.000000
Species,yearbend,132,1513,0.087244
Person,1y,131,1727,0.075854
Person,album,131,140,0.935714
Person,volume,131,5842,0.022424
Species,1y,131,1727,0.075854
Species,album,131,140,0.935714
Species,jockey,131,167,0.784431
Species,volume,131,5843,0.022420
AdministrativeRegion,sortkey,131,132,0.992424
AdministrativeRegion,yearDeputy,131,181,0.723757
Person,3blankname,130,224,0.580357
Person,closs,130,163,0.797546
Person,eldername,130,291,0.446735
Person,highRanking,130,500,0.260000
Person,song,130,132,0.984848
Species,3blankname,130,224,0.580357
Species,closs,130,163,0.797546
Species,eldername,130,291,0.446735
Species,highRanking,130,500,0.260000
Species,song,130,132,0.984848
Species,subtribus,130,334,0.389222
Species,topic,130,632,0.205696
AdministrativeRegion,era,130,768,0.169271
AdministrativeRegion,jurisdiction,130,3469,0.037475
AdministrativeRegion,provElectionFirst,130,1512,0.085979
AdministrativeRegion,seatType,130,8168,0.015916
Person,fg,129,14084,0.009159
Person,regionals,129,255,0.505882
Person,ruCurrentposition,129,794,0.162469
Person,topic,129,631,0.204437
Species,fg,129,14084,0.009159
Species,regionals,129,255,0.505882
Species,ruCurrentposition,129,794,0.162469
AdministrativeRegion,diocese,129,130,0.992308
AdministrativeRegion,footer,129,133,0.969925
Person,gym,128,235,0.544681
Person,place,128,153,0.836601
Species,gym,128,235,0.544681
Species,place,128,153,0.836601
Person,bestCupPos,127,684,0.185673
Person,dances,127,214,0.593458
Person,domesticPartner,127,134,0.947761
Person,icapps(points)_,127,2746,0.046249
Person,philosophy,127,528,0.240530
Species,bestCupPos,127,684,0.185673
Species,dances,127,214,0.593458
Species,domesticPartner,127,134,0.947761
Species,icapps(points)_,127,2746,0.046249
Species,philosophy,127,528,0.240530
AdministrativeRegion,decRainDays,127,252,0.503968
AdministrativeRegion,yearRainMm,127,129,0.984496
Person,coachyear1start,126,795,0.158491
Person,nativeLang,126,468,0.269231
Person,orders,126,228,0.552632
Person,positions,126,545,0.231193
Species,coachyear1start,126,795,0.158491
Species,nativeLang,126,468,0.269231
Species,orders,126,228,0.552632
Species,positions,126,545,0.231193
ChemicalCompound,reason,126,132,0.954545
AdministrativeRegion,aprRainDays,126,251,0.501992
Person,hofvote,125,161,0.776398
Person,m,125,1205,0.103734
Person,races,125,737,0.169607
Person,subscriberDate,125,187,0.668449
Person,totalTruckRaces,125,670,0.186567
Species,hofvote,125,161,0.776398
Species,races,125,737,0.169607
Species,subscriberDate,125,187,0.668449
Species,totalTruckRaces,125,670,0.186567
ChemicalCompound,imagesize,125,7363,0.016977
AdministrativeRegion,party,125,979,0.127681
Person,peakranking,124,256,0.484375
Person,prevTruckPos,124,410,0.302439
Species,peakranking,124,256,0.484375
Species,prevTruckPos,124,410,0.302439
AdministrativeRegion,populationRural,124,130,0.953846
AdministrativeRegion,residence,124,134,0.925373
Person,activeYears,123,239,0.514644
Person,hairColor,123,3579,0.034367
Person,coachwins,123,921,0.133550
Person,final2team,123,814,0.151106
Person,singles,123,264,0.465909
Person,sSearch,123,134,0.917910
Person,titlestyle,123,903,0.136213
Species,activeYears,123,239,0.514644
Species,hairColor,123,3579,0.034367
Species,coachwins,123,921,0.133550
Species,final2team,123,814,0.151106
Species,singles,123,264,0.465909
Species,sSearch,123,134,0.917910
Species,titlestyle,123,903,0.136213
AdministrativeRegion,munDataAsOf,123,1356,0.090708
AdministrativeRegion,novRainDays,123,252,0.488095
AdministrativeRegion,provCreated,123,1485,0.082828
Person,burial,122,144,0.847222
Person,ranking,122,9324,0.013085
Person,stat32value,122,156,0.782051
Species,burial,122,144,0.847222
Species,ranking,122,9324,0.013085
Species,stat32value,122,156,0.782051
AdministrativeRegion,churches,122,152,0.802632
AdministrativeRegion,flagLink,122,125,0.976000
AdministrativeRegion,populationRural,122,128,0.953125
Person,twentySplit,121,3491,0.034661
Species,twentySplit,121,3491,0.034661
AdministrativeRegion,geocode,121,124,0.975806
Person,decWins,120,5758,0.020841
Person,prospectTeam,120,541,0.221811
Person,thesis1Year,120,491,0.244399
Species,decWins,120,5758,0.020841
Species,prospectTeam,120,541,0.221811
Species,thesis1Year,120,491,0.244399
AdministrativeRegion,bishopric,120,121,0.991736
Person,electionTitle,119,502,0.237052
Person,fedcupresult,119,871,0.136625
Person,warsAndBattles,119,160,0.743750
Species,electionTitle,119,502,0.237052
Species,fedcupresult,119,871,0.136625
Species,warsAndBattles,119,160,0.743750
AdministrativeRegion,abolished,119,299,0.397993
AdministrativeRegion,flagCaption,119,130,0.915385
Person,races,118,739,0.159675
Person,autor,118,213,0.553991
Person,crew,118,218,0.541284
Person,seam,118,118,1.000000
Person,yearcstart,118,1294,0.091190
Species,races,118,739,0.159675
Species,autor,118,213,0.553991
Species,crew,118,218,0.541284
Species,seam,118,118,1.000000
Species,yearcstart,118,1294,0.091190
AdministrativeRegion,coaCaption,118,126,0.936508
AdministrativeRegion,congregations,118,183,0.644809
AdministrativeRegion,end,118,9416,0.012532
Person,bikeNumber,117,449,0.260579
Person,collegeyears,117,6745,0.017346
Person,grandPrix,117,142,0.823944
Person,preselectionDate,117,168,0.696429
Person,scoutS,117,437,0.267735
Species,bikeNumber,117,449,0.260579
Species,collegeyears,117,6745,0.017346
Species,grandPrix,117,142,0.823944
Species,preselectionDate,117,168,0.696429
Species,scoutS,117,437,0.267735
AdministrativeRegion,managingAuthorities,117,1229,0.095199
Person,prospectTeam,116,543,0.213628
Person,coachyear1end,116,561,0.206774
Person,espnRefTitle,116,627,0.185008
Person,ruCoachupdate,116,125,0.928000
Species,prospectTeam,116,543,0.213628
Species,coachyear1end,116,561,0.206774
Species,espnRefTitle,116,627,0.185008
Species,ruCoachupdate,116,125,0.928000
AdministrativeRegion,utcOffset,116,20948,0.005538
Person,channel,115,116,0.991379
Species,channel,115,116,0.991379
Species,rangeMapCaption,115,131,0.877863
Person,brn,114,114,1.000000
Person,collegecaps,114,4287,0.026592
Person,county,114,4810,0.023701
Person,grandSlam,114,156,0.730769
Person,year5start,114,1453,0.078458
Species,brn,114,114,1.000000
Species,collegecaps,114,4287,0.026592
Species,county,114,4810,0.023701
Species,cy,114,115,0.991304
Species,grandSlam,114,156,0.730769
Species,year5start,114,1453,0.078458
AdministrativeRegion,countyclerk,114,114,1.000000
AdministrativeRegion,sheriff,114,114,1.000000
AdministrativeRegion,yearHumidity,114,212,0.537736
Person,bestTruckPos,113,655,0.172519
Person,currentcoachteam,113,118,0.957627
Person,restingPlaceCoordinates,113,121,0.933884
Person,sbkRaceStarts,113,207,0.545894
Person,yearcend,113,754,0.149867
Person,zuiderduinMasters,113,137,0.824818
Species,bestTruckPos,113,655,0.172519
Species,currentcoachteam,113,118,0.957627
Species,restingPlaceCoordinates,113,121,0.933884
Species,sbkRaceStarts,113,207,0.545894
Species,unrankedSuperfamilia,113,42082,0.002685
Species,yearcend,113,754,0.149867
Species,zuiderduinMasters,113,137,0.824818
AdministrativeRegion,circuitclerk,113,113,1.000000
AdministrativeRegion,psp,113,114,0.991228
Person,background,112,19261,0.005815
Person,5a,112,119,0.941176
Person,corType,112,564,0.198582
Person,cy,112,113,0.991150
Person,natlteam,112,1294,0.086553
Person,rlClubyears,112,310,0.361290
Person,ruCoachyears,112,1917,0.058425
Person,yearAdopted,112,168,0.666667
Species,background,112,19261,0.005815
Species,5a,112,119,0.941176
Species,corType,112,564,0.198582
Species,natlteam,112,1294,0.086553
Species,rlClubyears,112,310,0.361290
Species,ruCoachyears,112,1917,0.058425
Species,tribusAuthority,112,139,0.805755
Species,yearAdopted,112,168,0.666667
AdministrativeRegion,assessor,112,112,1.000000
Person,beatifiedBy,111,1246,0.089085
Person,5pp,111,129,0.860465
Person,ko,111,4558,0.024353
Person,significantAdvance,111,122,0.909836
Species,beatifiedBy,111,1246,0.089085
Species,5pp,111,129,0.860465
Species,institute,111,137,0.810219
Species,ko,111,4558,0.024353
Species,significantAdvance,111,122,0.909836
Species,trinomialAuthority,111,159,0.698113
AdministrativeRegion,prosecutor,111,111,1.000000
AdministrativeRegion,recorder,111,111,1.000000
Person,deputy,110,123,0.894309
Person,amatpoints,110,725,0.151724
Person,coachtournamentrecord,110,179,0.614525
Person,espnSchoolid,110,567,0.194004
Person,format,110,521,0.211132
Person,ordinationReason,110,146,0.753425
Person,ruAppearances,110,597,0.184255
Person,yeardstart,110,495,0.222222
Species,deputy,110,123,0.894309
Species,amatpoints,110,725,0.151724
Species,coachtournamentrecord,110,179,0.614525
Species,espnSchoolid,110,567,0.194004
Species,format,110,521,0.211132
Species,ordinationReason,110,146,0.753425
Species,ruAppearances,110,597,0.184255
Species,yeardstart,110,495,0.222222
AdministrativeRegion,administrator,110,110,1.000000
AdministrativeRegion,presiding,110,110,1.000000
AdministrativeRegion,treasurer,110,110,1.000000
Person,internationalspan,109,3149,0.034614
Person,ntlTeam,109,6878,0.015848
Person,worldDartsTrophy,109,190,0.573684
Species,internationalspan,109,3149,0.034614
Species,ntlTeam,109,6878,0.015848
Species,worldDartsTrophy,109,190,0.573684
AdministrativeRegion,language,109,839,0.129917
Person,dharmaName,108,116,0.931034
Person,kickboxingwins,108,223,0.484305
Person,opponent,108,127,0.850394
Person,value,108,144,0.750000
Species,dharmaName,108,116,0.931034
Species,kickboxingwins,108,223,0.484305
Species,link,108,200,0.540000
Species,opponent,108,127,0.850394
Species,value,108,144,0.750000
AdministrativeRegion,yearRainDays,108,110,0.981818
Person,congresses,107,3113,0.034372
Person,ssTotalPoints,107,172,0.622093
Species,congresses,107,3113,0.034372
Species,ssTotalPoints,107,172,0.622093
Galaxy,groupCluster,107,349,0.306590
AdministrativeRegion,pp,107,107,1.000000
Person,bishopName,106,108,0.981481
Person,gpActiveYears,106,436,0.243119
Person,moto2TotalPoints,106,229,0.462882
Person,post1note,106,126,0.841270
Person,stat1label,106,24119,0.004395
Species,bishopName,106,108,0.981481
Species,gpActiveYears,106,436,0.243119
Species,moto2TotalPoints,106,229,0.462882
Species,post1note,106,126,0.841270
Species,stat1label,106,24119,0.004395
AdministrativeRegion,archdeaconries,106,114,0.929825
AdministrativeRegion,blankName,106,2151,0.049279
Person,buschTopTens,105,709,0.148096
Person,cis,105,443,0.237020
Person,langcode,105,1394,0.075323
Person,photo,105,105,1.000000
Person,ruYear2end,105,212,0.495283
Person,semicha,105,147,0.714286
Person,year5end,105,759,0.138340
Species,buschTopTens,105,709,0.148096
Species,cis,105,443,0.237020
Species,langcode,105,1400,0.075000
Species,photo,105,105,1.000000
Species,ruYear2end,105,212,0.495283
Species,semicha,105,147,0.714286
Species,year5end,105,759,0.138340
AdministrativeRegion,collector,105,105,1.000000
AdministrativeRegion,divLink,105,117,0.897436
Person,eyeColor,104,3464,0.030023
Person,coachstatsend,104,202,0.514851
Person,column,104,35389,0.002939
Person,darts,104,828,0.125604
Person,electionNote,104,172,0.604651
Person,ruPoints,104,480,0.216667
Species,eyeColor,104,3464,0.030023
Species,coachstatsend,104,202,0.514851
Species,column,104,35389,0.002939
Species,darts,104,828,0.125604
Species,electionNote,104,172,0.604651
Species,ruPoints,104,480,0.216667
AdministrativeRegion,coroner,104,104,1.000000
Person,calledBy,103,509,0.202358
Person,extour,103,4663,0.022089
Person,t20icap,103,2446,0.042110
Species,calledBy,103,509,0.202358
Species,extour,103,4663,0.022089
Species,t20icap,103,2446,0.042110
Person,odishirt,102,771,0.132296
Person,pcFinals,102,156,0.653846
Person,qid,102,102,1.000000
Person,teamd,102,515,0.198058
Species,kanji,102,102,1.000000
Species,odishirt,102,771,0.132296
Species,pcFinals,102,156,0.653846
Species,qid,102,102,1.000000
Species,teamd,102,515,0.198058
Person,coachlosses,101,926,0.109071
Person,eva,101,194,0.520619
Person,kanji,101,101,1.000000
Person,thesis2Year,101,150,0.673333
Person,work,101,135,0.748148
Species,coachlosses,101,926,0.109071
Species,eva,101,194,0.520619
Species,notableWines,101,108,0.935185
Species,thesis2Year,101,150,0.673333
Species,work,101,135,0.748148
Star,metal,101,128,0.789062
AdministrativeRegion,first,101,164,0.615854
AdministrativeRegion,qid,101,101,1.000000
Person,coachingRecords,100,109,0.917431
Person,institute,100,122,0.819672
Person,racquet,100,636,0.157233
Person,stat33value,100,153,0.653595
Species,coachingRecords,100,109,0.917431
Species,gr,100,100,1.000000
Species,racquet,100,636,0.157233
Species,stat33value,100,153,0.653595
Person,bestFinish,99,1985,0.049874
Person,coachStart,99,2207,0.044857
Person,gpTeams,99,550,0.180000
Person,odScore,99,158,0.626582
Person,umptestdebutyr,99,330,0.300000
Species,bestFinish,99,1985,0.049874
Species,coachStart,99,2207,0.044857
Species,gpTeams,99,550,0.180000
Species,odScore,99,158,0.626582
Species,umptestdebutyr,99,330,0.300000
AdministrativeRegion,decLowF,99,118,0.838983
AdministrativeRegion,last,99,126,0.785714
AdministrativeRegion,munwebpage,99,100,0.990000
AdministrativeRegion,visitationNum,99,116,0.853448
Person,careerRecord,98,110,0.890909
Person,cdScore,98,158,0.620253
Person,gr,98,98,1.000000
Person,repsevenscomp,98,354,0.276836
Species,careerRecord,98,110,0.890909
Species,cdScore,98,158,0.620253
Species,repsevenscomp,98,354,0.276836
ChemicalCompound,imagecaptionl,98,124,0.790323
AdministrativeRegion,state,98,12263,0.007992
Person,militaryRank,97,260,0.373077
Person,listNotes,97,105,0.923810
Person,sect,97,245,0.395918
Person,yesorretiredyear,97,163,0.595092
Species,militaryRank,97,260,0.373077
Species,listNotes,97,105,0.923810
Species,sect,97,245,0.395918
Species,yesorretiredyear,97,163,0.595092
Person,coachEnd,96,697,0.137733
Person,collegegoals,96,4195,0.022884
Person,disciplines,96,1906,0.050367
Person,heightCm,96,2041,0.047036
Person,post3years,96,242,0.396694
Person,prowins,96,3524,0.027242
Person,ruNationalpoints,96,4625,0.020757
Person,t20ishirt,96,412,0.233010
Species,coachEnd,96,697,0.137733
Species,collegegoals,96,4195,0.022884
Species,disciplines,96,1906,0.050367
Species,heightCm,96,2041,0.047036
Species,post3years,96,242,0.396694
Species,prowins,96,3524,0.027242
Species,ruNationalpoints,96,4625,0.020757
Species,t20ishirt,96,412,0.233010
AdministrativeRegion,blank5InfoSec,96,115,0.834783
AdministrativeRegion,febLowF,96,118,0.813559
AdministrativeRegion,janLowF,96,119,0.806723
Person,hallOfFame,95,324,0.293210
Person,coachyearastart,95,299,0.317726
Person,debutleague,95,23885,0.003977
Person,hrank,95,222,0.427928
Person,pointsb,95,2505,0.037924
Person,post4preceded,95,104,0.913462
Person,totalWidth,95,995,0.095477
Species,hallOfFame,95,324,0.293210
Species,coachyearastart,95,299,0.317726
Species,debutleague,95,23885,0.003977
Species,hrank,95,222,0.427928
Species,pointsb,95,2505,0.037924
Species,post4preceded,95,104,0.913462
Species,totalWidth,95,1003,0.094716
ChemicalCompound,imagecaptionr,95,123,0.772358
ChemicalCompound,url,95,96,0.989583
AdministrativeRegion,tp,95,98,0.969388
Person,feastDay,94,99,0.949495
Person,coachyear2start,94,341,0.275660
Person,coatOfArmsAlt,94,109,0.862385
Person,offices,94,118,0.796610
Person,offstyle,94,2621,0.035864
Person,post4followed,94,102,0.921569
Person,scoutRefTitle,94,538,0.174721
Person,super,94,1251,0.075140
Person,superapps,94,474,0.198312
Species,feastDay,94,99,0.949495
Species,coachyear2start,94,341,0.275660
Species,coatOfArmsAlt,94,109,0.862385
Species,offices,94,118,0.796610
Species,offstyle,94,2621,0.035864
Species,post4followed,94,102,0.921569
Species,scoutRefTitle,94,538,0.174721
Species,super,94,1251,0.075140
Species,superapps,94,474,0.198312
Star,credit,94,147,0.639456
AdministrativeRegion,janHighF,94,118,0.796610
Person,cfhof,93,93,1.000000
Person,inventoryNumber,93,93,1.000000
Person,preNominals,93,286,0.325175
Person,ruSevensnationalcomp,93,387,0.240310
Species,cfhof,93,93,1.000000
Species,inventoryNumber,93,93,1.000000
Species,preNominals,93,286,0.325175
Species,ruSevensnationalcomp,93,387,0.240310
AdministrativeRegion,decHighF,93,118,0.788136
AdministrativeRegion,marLowF,93,117,0.794872
AdministrativeRegion,octLowF,93,118,0.788136
Person,clupdate,92,224,0.410714
Person,electionDate,92,135,0.681481
Person,goldstars,92,590,0.155932
Person,r1votes,92,95,0.968421
Person,rlClubapps,92,181,0.508287
Person,seasons,92,1779,0.051714
Person,stat24value,92,119,0.773109
Person,umptestlastyr,92,231,0.398268
Person,yeardend,92,220,0.418182
Species,clupdate,92,224,0.410714
Species,electionDate,92,135,0.681481
Species,goldstars,92,590,0.155932
Species,r1votes,92,95,0.968421
Species,rlClubapps,92,181,0.508287
Species,seasons,92,1779,0.051714
Species,stat24value,92,119,0.773109
Species,umptestlastyr,92,231,0.398268
Species,yeardend,92,220,0.418182
AdministrativeRegion,blank2NameSec,92,511,0.180039
AdministrativeRegion,novLowF,92,118,0.779661
AdministrativeRegion,provElectionLast,92,1527,0.060249
AdministrativeRegion,senators,92,129,0.713178
Person,era,91,2203,0.041307
Person,koWins,91,5741,0.015851
Person,link,91,183,0.497268
Person,ruAmateurcaps,91,184,0.494565
Person,shortsummary,91,91,1.000000
Person,worldChamp,91,118,0.771186
Species,era,91,2203,0.041307
Species,jockey,91,119,0.764706
Species,koWins,91,5741,0.015851
Species,ruAmateurcaps,91,184,0.494565
Species,shortsummary,91,91,1.000000
Species,worldChamp,91,118,0.771186
AdministrativeRegion,febHighF,91,118,0.771186
Person,battingSide,90,21360,0.004213
Person,currentposition,90,1776,0.050676
Person,moto3TotalPoints,90,173,0.520231
Person,stat4label,90,3127,0.028782
Person,totalapps,90,107,0.841121
Species,battingSide,90,21360,0.004213
Species,currentposition,90,1776,0.050676
Species,moto3TotalPoints,90,173,0.520231
Species,stat4label,90,3127,0.028782
Species,totalapps,90,107,0.841121
AdministrativeRegion,decAvgRecordLowC,90,109,0.825688
AdministrativeRegion,mayLowF,90,118,0.762712
AdministrativeRegion,smallparty,90,124,0.725806
AdministrativeRegion,yearSun,90,92,0.978261
Person,3y,89,693,0.128427
Person,founded,89,133,0.669173
Person,statleague,89,23096,0.003853
Person,tl,89,89,1.000000
Person,wsopMoneyFinishes,89,701,0.126961
Species,3y,89,693,0.128427
Species,colour,89,4902,0.018156
Species,founded,89,133,0.669173
Species,statleague,89,23096,0.003853
Species,tl,89,89,1.000000
Species,wsopMoneyFinishes,89,701,0.126961
AdministrativeRegion,blank3Info,89,114,0.780702
AdministrativeRegion,denomination,89,2299,0.038712
AdministrativeRegion,mps,89,92,0.967391
AdministrativeRegion,octHighF,89,117,0.760684
AdministrativeRegion,sepLowF,89,117,0.760684
AdministrativeRegion,smallpartyNo,89,98,0.908163
Person,draftYear,88,33973,0.002590
Person,statisticValue,88,154,0.571429
Person,coachteama,88,310,0.283871
Person,court,88,560,0.157143
Person,fatalities,88,459,0.191721
Person,hofdate,88,646,0.136223
Person,lastt20iagainst,88,2272,0.038732
Person,patriarchOf,88,411,0.214112
Person,playerNameLink,88,88,1.000000
Person,publishDate,88,104,0.846154
Person,ruYear3start,88,139,0.633094
Species,draftYear,88,33973,0.002590
Species,statisticValue,88,154,0.571429
Species,coachteama,88,310,0.283871
Species,court,88,560,0.157143
Species,fatalities,88,459,0.191721
Species,hofdate,88,646,0.136223
Species,lastt20iagainst,88,2272,0.038732
Species,patriarchOf,88,411,0.214112
Species,playerNameLink,88,88,1.000000
Species,publishDate,88,104,0.846154
Species,ruYear3start,88,139,0.633094
Species,subgenusAuthority,88,143,0.615385
AdministrativeRegion,junLowF,88,118,0.745763
AdministrativeRegion,octAvgRecordLowC,88,109,0.807339
Person,undraftedYear,87,8474,0.010267
Person,crank,87,127,0.685039
Person,draftyear,87,14061,0.006187
Person,european,87,129,0.674419
Person,othernames,87,88,0.988636
Person,patternB,87,137,0.635036
Person,provinceapps,87,197,0.441624
Person,undraftedyear,87,8298,0.010484
Species,undraftedYear,87,8474,0.010267
Species,crank,87,127,0.685039
Species,draftyear,87,14061,0.006187
Species,european,87,129,0.674419
Species,othernames,87,88,0.988636
Species,patternB,87,137,0.635036
Species,provinceapps,87,197,0.441624
Species,undraftedyear,87,8298,0.010484
AdministrativeRegion,novHighF,87,118,0.737288
AdministrativeRegion,sepAvgRecordHighC,87,110,0.790909
Person,child,86,118,0.728814
Person,fcumpired,86,112,0.767857
Person,in,86,2133,0.040319
Person,kickboxKowin,86,764,0.112565
Person,mainWork,86,86,1.000000
Person,rlClubpoints,86,179,0.480447
Person,talk,86,91,0.945055
Person,tenSplit,86,3521,0.024425
Person,venerated,86,663,0.129713
Species,child,86,118,0.728814
Species,fcumpired,86,112,0.767857
Species,in,86,2133,0.040319
Species,kickboxKowin,86,764,0.112565
Species,mainWork,86,86,1.000000
Species,rlClubpoints,86,179,0.480447
Species,romaji,86,86,1.000000
Species,superfamiliaAuthority,86,99,0.868687
Species,talk,86,91,0.945055
Species,tenSplit,86,3521,0.024425
Species,venerated,86,663,0.129713
AdministrativeRegion,aprAvgRecordLowC,86,109,0.788991
AdministrativeRegion,bishopTitle,86,1220,0.070492
AdministrativeRegion,novAvgRecordHighC,86,110,0.781818
Person,batting,85,20242,0.004199
Person,clapps(points)_,85,397,0.214106
Person,eyeColor,85,2464,0.034497
Person,hairColor,85,2577,0.032984
Person,keyPeople,85,91,0.934066
Person,otherInterests,85,90,0.944444
Person,startYear,85,117,0.726496
Person,wcpodiums,85,625,0.136000
Species,batting,85,20242,0.004199
Species,clapps(points)_,85,397,0.214106
Species,eyeColor,85,2464,0.034497
Species,hairColor,85,2577,0.032984
Species,keyPeople,85,91,0.934066
Species,otherInterests,85,90,0.944444
Species,startYear,85,117,0.726496
Species,wcpodiums,85,625,0.136000
AdministrativeRegion,populationTotalRanking,85,860,0.098837
AdministrativeRegion,aprLowF,85,118,0.720339
AdministrativeRegion,decPrecipitationInch,85,99,0.858586
AdministrativeRegion,janDewPointC,85,107,0.794393
AdministrativeRegion,marDewPointC,85,107,0.794393
AdministrativeRegion,marPrecipitationInch,85,98,0.867347
AdministrativeRegion,periphunit,85,2776,0.030620
AdministrativeRegion,politicalGroups,85,196,0.433673
Person,firstWin,84,84,1.000000
Person,lastWin,84,84,1.000000
Person,formerNllTeams,84,716,0.117318
Person,formerPartner,84,93,0.903226
Person,ruRefereeyears,84,399,0.210526
Person,si,84,84,1.000000
Person,temple,84,87,0.965517
Person,year6start,84,870,0.096552
Species,firstWin,84,84,1.000000
Species,lastWin,84,84,1.000000
Species,formerNllTeams,84,716,0.117318
Species,formerPartner,84,93,0.903226
Species,pedigree,84,108,0.777778
Species,ruRefereeyears,84,399,0.210526
Species,si,84,84,1.000000
Species,temple,84,87,0.965517
Species,year6start,84,870,0.096552
AdministrativeRegion,augAvgRecordHighC,84,110,0.763636
AdministrativeRegion,empasB,84,84,1.000000
AdministrativeRegion,etymology,84,87,0.965517
AdministrativeRegion,janAvgRecordHighC,84,110,0.763636
AdministrativeRegion,julLowF,84,118,0.711864
AdministrativeRegion,mayPrecipitationInch,84,99,0.848485
AdministrativeRegion,novDewPointC,84,107,0.785047
AdministrativeRegion,populationBlank2Title,84,813,0.103321
AdministrativeRegion,sepDewPointC,84,107,0.785047
AdministrativeRegion,sepPrecipitationInch,84,99,0.848485
Person,amatapps,83,745,0.111409
Person,badge,83,86,0.965116
Person,coachgamesWinstotal,83,91,0.912088
Person,coachSport,83,5338,0.015549
Person,losses,83,4760,0.017437
Person,playingstyle,83,398,0.208543
Person,profile,83,83,1.000000
Person,romaji,83,83,1.000000
Person,ruYearbstart,83,165,0.503030
Person,shrine,83,89,0.932584
Person,totalpodiums,83,1505,0.055150
Species,amatapps,83,745,0.111409
Species,badge,83,86,0.965116
Species,coachgamesWinstotal,83,91,0.912088
Species,coachSport,83,5338,0.015549
Species,losses,83,4760,0.017437
Species,playingstyle,83,398,0.208543
Species,profile,83,83,1.000000
Species,ruYearbstart,83,165,0.503030
Species,shrine,83,89,0.932584
Species,totalpodiums,83,1505,0.055150
AdministrativeRegion,augPrecipitationInch,83,98,0.846939
AdministrativeRegion,empasK,83,83,1.000000
AdministrativeRegion,julAvgRecordHighC,83,110,0.754545
AdministrativeRegion,novAvgRecordLowC,83,109,0.761468
Person,clubyears,82,1064,0.077068
Person,discipleOf,82,102,0.803922
Person,firstRace,82,782,0.104859
Person,opposed,82,114,0.719298
Person,t20idebutagainst,82,2451,0.033456
Species,clubyears,82,1064,0.077068
Species,discipleOf,82,102,0.803922
Species,firstRace,82,782,0.104859
Species,opposed,82,114,0.719298
Species,t20idebutagainst,82,2451,0.033456
AdministrativeRegion,aprHighF,82,117,0.700855
AdministrativeRegion,dir,82,8195,0.010006
AdministrativeRegion,febAvgRecordLowC,82,109,0.752294
AdministrativeRegion,hangul,82,84,0.976190
AdministrativeRegion,octAvgRecordHighC,82,110,0.745455
AdministrativeRegion,years,82,94,0.872340
Person,bsize,81,247,0.327935
Person,dateOfRet,81,85,0.952941
Person,firstCupRace,81,709,0.114245
Person,nfldraftedyear,81,480,0.168750
Person,odisumpired,81,352,0.230114
Person,prevCupPos,81,183,0.442623
Person,previous,81,81,1.000000
Person,thesis2Url,81,85,0.952941
Person,tour,81,2578,0.031420
Species,notableWine,81,96,0.843750
Species,bsize,81,247,0.327935
Species,dateOfRet,81,85,0.952941
Species,firstCupRace,81,709,0.114245
Species,nfldraftedyear,81,480,0.168750
Species,odisumpired,81,352,0.230114
Species,prevCupPos,81,183,0.442623
Species,previous,81,81,1.000000
Species,thesis2Url,81,85,0.952941
Species,tour,81,2578,0.031420
AdministrativeRegion,deaneries,81,140,0.578571
AdministrativeRegion,decDewPointC,81,107,0.757009
AdministrativeRegion,febAvgRecordHighC,81,110,0.736364
AdministrativeRegion,junAvgRecordHighC,81,110,0.736364
AdministrativeRegion,junPrecipitationInch,81,99,0.818182
AdministrativeRegion,marAvgRecordLowC,81,109,0.743119
AdministrativeRegion,marHighF,81,118,0.686441
Person,status,80,4311,0.018557
Person,awardYears,80,403,0.198511
Person,coachyear2end,80,235,0.340426
Person,daviscupresult,80,744,0.107527
Person,draftYear,80,19462,0.004111
Person,moto2RaceStarts,80,229,0.349345
Person,season1LooseBalls,80,111,0.720721
Person,stat31value,80,156,0.512821
Person,weapon,80,127,0.629921
Species,status,80,4311,0.018557
Species,awardYears,80,403,0.198511
Species,coachyear2end,80,235,0.340426
Species,daviscupresult,80,744,0.107527
Species,draftYear,80,19462,0.004111
Species,moto2RaceStarts,80,229,0.349345
Species,season1LooseBalls,80,111,0.720721
Species,stat31value,80,156,0.512821
Species,weapon,80,127,0.629921
AdministrativeRegion,janAvgRecordLowC,80,109,0.733945
AdministrativeRegion,locName,80,80,1.000000
AdministrativeRegion,quote,80,82,0.975610
AdministrativeRegion,sepAvgRecordLowC,80,109,0.733945
Person,heightM,79,3032,0.026055
Person,practiceName,79,87,0.908046
Species,heightM,79,3032,0.026055
Species,infraordo,79,2585,0.030561
Species,practiceName,79,87,0.908046
AdministrativeRegion,febDewPointC,79,107,0.738318
AdministrativeRegion,hanja,79,81,0.975309
AdministrativeRegion,janPrecipitationInch,79,99,0.797980
AdministrativeRegion,julHighF,79,117,0.675214
AdministrativeRegion,junHighF,79,118,0.669492
AdministrativeRegion,mayAvgRecordLowC,79,109,0.724771
AdministrativeRegion,nate,79,80,0.987500
AdministrativeRegion,novPrecipitationInch,79,98,0.806122
AdministrativeRegion,octDewPointC,79,107,0.738318
AdministrativeRegion,octPrecipitationInch,79,99,0.797980
AdministrativeRegion,schools,79,236,0.334746
AdministrativeRegion,sepHighF,79,118,0.669492
Person,debut2year,78,1227,0.063570
Person,debut3date,78,132,0.590909
Person,fibaHofPlayer,78,78,1.000000
Person,injuries,78,255,0.305882
Person,lastRace,78,737,0.105834
Person,motogpTotalPoints,78,119,0.655462
Person,nomenhiero,78,81,0.962963
Person,playerName,78,78,1.000000
Person,ruTeamb,78,189,0.412698
Person,vertical,78,4145,0.018818
Person,year6end,78,445,0.175281
Species,debut2year,78,1227,0.063570
Species,debut3date,78,132,0.590909
Species,fibaHofPlayer,78,78,1.000000
Species,injuries,78,255,0.305882
Species,lastRace,78,737,0.105834
Species,motogpTotalPoints,78,119,0.655462
Species,nomenhiero,78,81,0.962963
Species,playerName,78,78,1.000000
Species,ruTeamb,78,189,0.412698
Species,vertical,78,4145,0.018818
Species,year6end,78,445,0.175281
AdministrativeRegion,aprPrecipitationInch,78,99,0.787879
AdministrativeRegion,augLowF,78,117,0.666667
AdministrativeRegion,decAvgRecordHighC,78,110,0.709091
AdministrativeRegion,mayDewPointC,78,107,0.728972
Person,lastCupRace,77,604,0.127483
Person,professional,77,538,0.143123
Species,lastCupRace,77,604,0.127483
Species,professional,77,538,0.143123
AdministrativeRegion,admDataAsOf,77,1328,0.057982
AdministrativeRegion,aprAvgRecordHighC,77,110,0.700000
AdministrativeRegion,ethnicity,77,113,0.681416
Person,125TotalPoints,76,199,0.381910
Person,entrant,76,76,1.000000
Person,grandchildren,76,80,0.950000
Person,grid,76,76,1.000000
Person,num,76,142,0.535211
Person,organisationposition,76,119,0.638655
Person,teamCoach,76,87,0.873563
Person,truckTopTens,76,676,0.112426
Person,umpiregames,76,98,0.775510
Species,125TotalPoints,76,199,0.381910
Species,entrant,76,76,1.000000
Species,grandchildren,76,80,0.950000
Species,grid,76,76,1.000000
Species,kana,76,76,1.000000
Species,num,76,142,0.535211
Species,organisationposition,76,119,0.638655
Species,teamCoach,76,87,0.873563
Species,truckTopTens,76,676,0.112426
Species,umpiregames,76,98,0.775510
AdministrativeRegion,leaderName,76,76,1.000000
AdministrativeRegion,2011Population,76,76,1.000000
AdministrativeRegion,2011TotalPvtDwell,76,76,1.000000
AdministrativeRegion,mayHighF,76,118,0.644068
AdministrativeRegion,overlay,76,76,1.000000
Person,draftRound,75,19525,0.003841
Person,clubapps,75,142,0.528169
Person,kana,75,75,1.000000
Person,members,75,84,0.892857
Person,pbrankings,75,326,0.230061
Person,pointsc,75,1199,0.062552
Person,shortSummary,75,75,1.000000
Person,stateSenate,75,8044,0.009324
Person,suppressfields,75,399,0.187970
Person,totalpoints,75,107,0.700935
Person,wikititle,75,75,1.000000
Species,draftRound,75,19525,0.003841
Species,clubapps,75,142,0.528169
Species,members,75,84,0.892857
Species,pbrankings,75,326,0.230061
Species,pointsc,75,1199,0.062552
Species,shortSummary,75,75,1.000000
Species,stateSenate,75,8044,0.009324
Species,suppressfields,75,399,0.187970
Species,totalpoints,75,107,0.700935
Species,wikititle,75,75,1.000000
AdministrativeRegion,2006LandArea,75,75,1.000000
AdministrativeRegion,2006TotalPvtDwell,75,75,1.000000
AdministrativeRegion,2011LandArea,75,75,1.000000
AdministrativeRegion,augDewPointC,75,106,0.707547
AdministrativeRegion,augHighF,75,117,0.641026
AdministrativeRegion,febPrecipitationInch,75,99,0.757576
AdministrativeRegion,julAvgRecordLowC,75,109,0.688073
AdministrativeRegion,populationBlank1Title,75,1850,0.040541
AdministrativeRegion,provAbolished,75,755,0.099338
Person,4namedata,74,93,0.795699
Person,coachyear3start,74,184,0.402174
Person,reorganization,74,96,0.770833
Species,4namedata,74,93,0.795699
Species,coachyear3start,74,184,0.402174
Species,reorganization,74,96,0.770833
AdministrativeRegion,2006Population,74,75,0.986667
AdministrativeRegion,2016Population,74,75,0.986667
AdministrativeRegion,federalSubject,74,1494,0.049531
AdministrativeRegion,julDewPointC,74,107,0.691589
AdministrativeRegion,julPrecipitationInch,74,98,0.755102
AdministrativeRegion,junAvgRecordLowC,74,109,0.678899
AdministrativeRegion,pages,74,92,0.804348
AdministrativeRegion,symbolType,74,158,0.468354
AdministrativeRegion,titleDeputy,74,105,0.704762
Person,appearancesa,73,5059,0.014430
Person,composer,73,80,0.912500
Person,lastFinish,73,206,0.354369
Person,nllDraft,73,284,0.257042
Person,nws,73,168,0.434524
Person,orgArchive,73,73,1.000000
Person,perp,73,75,0.973333
Person,presenter,73,91,0.802198
Person,salary,73,80,0.912500
Species,appearancesa,73,5059,0.014430
Species,composer,73,80,0.912500
Species,lastFinish,73,206,0.354369
Species,nllDraft,73,284,0.257042
Species,nws,73,168,0.434524
Species,orgArchive,73,73,1.000000
Species,perp,73,75,0.973333
Species,presenter,73,91,0.802198
Species,salary,73,80,0.912500
AdministrativeRegion,2016TotalPvtDwell,73,73,1.000000
AdministrativeRegion,aprDewPointC,73,107,0.682243
AdministrativeRegion,augAvgRecordLowC,73,109,0.669725
AdministrativeRegion,bpmf,73,79,0.924051
AdministrativeRegion,coatCaption,73,218,0.334862
AdministrativeRegion,yearHighF,73,87,0.839080
Person,bestwinyear,72,228,0.315789
Person,commander,72,73,0.986301
Person,iccfRating,72,76,0.947368
Person,missUniverse,72,285,0.252632
Person,missWorld,72,186,0.387097
Person,records,72,73,0.986301
Person,rotoworld,72,72,1.000000
Species,bestwinyear,72,228,0.315789
Species,classisAuthority,72,85,0.847059
Species,commander,72,73,0.986301
Species,iccfRating,72,76,0.947368
Species,missUniverse,72,285,0.252632
Species,missWorld,72,186,0.387097
Species,records,72,73,0.986301
Species,rotoworld,72,72,1.000000
AdministrativeRegion,hp,72,74,0.972973
AdministrativeRegion,marAvgRecordHighC,72,110,0.654545
AdministrativeRegion,surveyor,72,74,0.972973
Person,cfbhofYear,71,434,0.163594
Person,dharmaNames,71,71,1.000000
Person,equipment,71,83,0.855422
Person,gpPodiums,71,426,0.166667
Person,halloffame,71,324,0.219136
Person,poll,71,8155,0.008706
Person,repsevensteam,71,532,0.133459
Person,rNo,71,602,0.117940
Person,superpoints,71,456,0.155702
Person,target,71,74,0.959459
Person,tsn,71,71,1.000000
Person,umpfcdebutyr,71,110,0.645455
Person,v,71,2124,0.033427
Person,yearestart,71,171,0.415205
Species,cfbhofYear,71,434,0.163594
Species,dharmaNames,71,71,1.000000
Species,equipment,71,83,0.855422
Species,gpPodiums,71,426,0.166667
Species,halloffame,71,324,0.219136
Species,lonDeg,71,138,0.514493
Species,pic,71,71,1.000000
Species,poll,71,8155,0.008706
Species,repsevensteam,71,532,0.133459
Species,rNo,71,602,0.117940
Species,superpoints,71,456,0.155702
Species,target,71,74,0.959459
Species,tsn,71,71,1.000000
Species,umpfcdebutyr,71,110,0.645455
Species,v,71,2125,0.033412
Species,yearestart,71,171,0.415205
Star,vR,71,84,0.845238
AdministrativeRegion,demographics2Title,71,447,0.158837
AdministrativeRegion,mayAvgRecordHighC,71,110,0.645455
AdministrativeRegion,precededBy,71,79,0.898734
AdministrativeRegion,rite,71,3156,0.022497
AdministrativeRegion,yearLowF,71,85,0.835294
Person,administratingTeam,70,142,0.492958
Person,homecountry,70,387,0.180879
Person,horushiero,70,71,0.985915
Person,incumbent,70,79,0.886076
Person,lonDeg,70,137,0.510949
Person,manageyears,70,820,0.085366
Person,missUsa,70,164,0.426829
Person,mrja,70,70,1.000000
Person,nbaHistorical,70,71,0.985915
Person,nbaProfile,70,70,1.000000
Person,nflNew,70,70,1.000000
Person,rrja,70,70,1.000000
Person,ruSevensnationalteam,70,539,0.129870
Person,season2LooseBalls,70,104,0.673077
Person,season3LooseBalls,70,101,0.693069
Person,stat5label,70,1131,0.061892
Person,teame,70,178,0.393258
Species,administratingTeam,70,142,0.492958
Species,homecountry,70,387,0.180879
Species,horushiero,70,71,0.985915
Species,incumbent,70,79,0.886076
Species,manageyears,70,820,0.085366
Species,missUsa,70,164,0.426829
Species,mrja,70,70,1.000000
Species,nbaHistorical,70,71,0.985915
Species,nbaProfile,70,70,1.000000
Species,nflNew,70,70,1.000000
Species,rrja,70,70,1.000000
Species,ruSevensnationalteam,70,539,0.129870
Species,season2LooseBalls,70,104,0.673077
Species,season3LooseBalls,70,101,0.693069
Species,stat5label,70,1131,0.061892
Species,teame,70,178,0.393258
AdministrativeRegion,areaCodes,70,127,0.551181
AdministrativeRegion,canparty,70,2994,0.023380
AdministrativeRegion,eventPre,70,83,0.843373
AdministrativeRegion,utcOffset,70,17029,0.004111
Person,armSpan,69,3554,0.019415
Person,beganskating,69,1931,0.035733
Person,body,69,180,0.383333
Person,coachrecord,69,111,0.621622
Person,convictions,69,82,0.841463
Person,horusHiero,69,69,1.000000
Person,nfldraftedteam,69,233,0.296137
Person,oleft,69,247,0.279352
Person,otop,69,241,0.286307
Person,paralympics,69,354,0.194915
Person,plays,69,7082,0.009743
Person,polishleague,69,167,0.413174
Person,selection,69,621,0.111111
Person,since,69,866,0.079677
Person,tenfor,69,20063,0.003439
Species,armSpan,69,3554,0.019415
Species,beganskating,69,1931,0.035733
Species,body,69,180,0.383333
Species,coachrecord,69,111,0.621622
Species,convictions,69,82,0.841463
Species,horusHiero,69,69,1.000000
Species,imageUpright,69,2565,0.026901
Species,latDeg,69,138,0.500000
Species,nfldraftedteam,69,233,0.296137
Species,oleft,69,247,0.279352
Species,otop,69,241,0.286307
Species,paralympics,69,354,0.194915
Species,plays,69,7082,0.009743
Species,polishleague,69,167,0.413174
Species,selection,69,621,0.111111
Species,since,69,866,0.079677
Species,tenfor,69,20063,0.003439
AdministrativeRegion,2006PopDelta,69,75,0.920000
AdministrativeRegion,line,69,409,0.168704
AdministrativeRegion,z,69,69,1.000000
Person,books,68,69,0.985507
Person,debutopponent,68,686,0.099125
Person,final3date,68,84,0.809524
Person,latDeg,68,137,0.496350
Person,moto3RaceStarts,68,173,0.393064
Person,pic,68,68,1.000000
Person,postNoms,68,103,0.660194
Person,provinceyears,68,192,0.354167
Person,r1votespercent,68,71,0.957746
Person,rlNationalyears,68,150,0.453333
Person,ssRaceStarts,68,175,0.388571
Species,books,68,69,0.985507
Species,debutopponent,68,686,0.099125
Species,final3date,68,84,0.809524
Species,moto3RaceStarts,68,173,0.393064
Species,piccap,68,71,0.957746
Species,postNoms,68,103,0.660194
Species,provinceyears,68,192,0.354167
Species,r1votespercent,68,71,0.957746
Species,rlNationalyears,68,150,0.453333
Species,ssRaceStarts,68,175,0.388571
Species,u,68,75,0.906667
AdministrativeRegion,2016LandArea,68,68,1.000000
AdministrativeRegion,episcopalVicar,68,77,0.883117
AdministrativeRegion,flagAlt,68,71,0.957746
AdministrativeRegion,timezoneDst,68,3029,0.022450
Person,4blankname,67,95,0.705263
Person,6p,67,75,0.893333
Person,coachyearaend,67,179,0.374302
Person,creator,67,75,0.893333
Person,imageUpright,67,2411,0.027789
Person,level,67,2047,0.032731
Person,otherwork,67,73,0.917808
Person,ratings,67,378,0.177249
Person,season4LooseBalls,67,97,0.690722
Person,shorts,67,176,0.380682
Person,socks,67,181,0.370166
Person,tennishofyear,67,229,0.292576
Person,u,67,74,0.905405
Species,4blankname,67,95,0.705263
Species,6p,67,75,0.893333
Species,coachyearaend,67,179,0.374302
Species,creator,67,75,0.893333
Species,level,67,2047,0.032731
Species,otherwork,67,73,0.917808
Species,ratings,67,378,0.177249
Species,season4LooseBalls,67,97,0.690722
Species,shorts,67,176,0.380682
Species,socks,67,181,0.370166
Species,tennishofyear,67,229,0.292576
Star,epoch,67,5028,0.013325
AdministrativeRegion,type,67,9367,0.007153
Person,125RaceStarts,66,203,0.325123
Person,battlesLabel,66,692,0.095376
Person,britamateur,66,76,0.868421
Person,colyears,66,318,0.207547
Person,coronet,66,353,0.186969
Person,dateOfDiaconalOrdination,66,66,1.000000
Person,famousFlights,66,69,0.956522
Person,hangulborn,66,80,0.825000
Person,lyricist,66,76,0.868421
Person,piccap,66,69,0.956522
Person,podiums,66,1260,0.052381
Person,pv,66,66,1.000000
Person,season5LooseBalls,66,94,0.702128
Person,season6LooseBalls,66,85,0.776471
Species,125RaceStarts,66,203,0.325123
Species,battlesLabel,66,692,0.095376
Species,britamateur,66,76,0.868421
Species,colyears,66,318,0.207547
Species,coronet,66,353,0.186969
Species,dateOfDiaconalOrdination,66,66,1.000000
Species,famousFlights,66,69,0.956522
Species,hangulborn,66,80,0.825000
Species,lyricist,66,76,0.868421
Species,podiums,66,1260,0.052381
Species,pv,66,66,1.000000
Species,season5LooseBalls,66,94,0.702128
Species,season6LooseBalls,66,85,0.776471
Galaxy,credit,66,281,0.234875
AdministrativeRegion,2011PopDelta,66,76,0.868421
AdministrativeRegion,2011PopDensity,66,75,0.880000
AdministrativeRegion,blank3NameSec,66,305,0.216393
AdministrativeRegion,datePre,66,74,0.891892
AdministrativeRegion,junDewPointC,66,107,0.616822
Person,4y,65,272,0.238971
Person,archiveurl,65,65,1.000000
Person,colleges,65,766,0.084856
Person,evaTime,65,72,0.902778
Person,eyecolor,65,777,0.083655
Person,firstCupWin,65,175,0.371429
Person,lyrics,65,66,0.984848
Person,principalIdeas,65,66,0.984848
Person,repstatsend,65,254,0.255906
Person,wislink,65,65,1.000000
Person,year7start,65,516,0.125969
Species,4y,65,272,0.238971
Species,archiveurl,65,65,1.000000
Species,colleges,65,766,0.084856
Species,evaTime,65,72,0.902778
Species,eyecolor,65,777,0.083655
Species,firstCupWin,65,175,0.371429
Species,lyrics,65,66,0.984848
Species,principalIdeas,65,66,0.984848
Species,repstatsend,65,254,0.255906
Species,wislink,65,65,1.000000
Species,year7start,65,516,0.125969
AdministrativeRegion,2001LandArea,65,65,1.000000
AdministrativeRegion,2001Population,65,65,1.000000
AdministrativeRegion,2001TotalPvtDwell,65,65,1.000000
AdministrativeRegion,2016PopDelta,65,75,0.866667
AdministrativeRegion,areaCodeType,65,1510,0.043046
AdministrativeRegion,blank1Name,65,645,0.100775
AdministrativeRegion,extinctDate,65,165,0.393939
AdministrativeRegion,governor,65,110,0.590909
Person,bestFinish,64,313,0.204473
Person,250TotalPoints,64,112,0.571429
Person,cfldraftedpick,64,420,0.152381
Person,dateOfElevation,64,150,0.426667
Person,dimensions,64,88,0.727273
Person,final2year,64,810,0.079012
Person,firstYear,64,1618,0.039555
Person,followers,64,68,0.941176
Person,leftarm,64,182,0.351648
Person,nomenHiero,64,65,0.984615
Person,result,64,404,0.158416
Person,season7LooseBalls,64,80,0.800000
Person,stateHouse,64,12940,0.004946
Person,topCcaRanking,64,421,0.152019
Species,bestFinish,64,313,0.204473
Species,binomial,64,65,0.984615
Species,250TotalPoints,64,112,0.571429
Species,cfldraftedpick,64,420,0.152381
Species,dateOfElevation,64,150,0.426667
Species,dimensions,64,88,0.727273
Species,final2year,64,810,0.079012
Species,firstYear,64,1618,0.039555
Species,followers,64,68,0.941176
Species,leftarm,64,182,0.351648
Species,nomenHiero,64,65,0.984615
Species,result,64,404,0.158416
Species,season7LooseBalls,64,80,0.800000
Species,stateHouse,64,12940,0.004946
Species,topCcaRanking,64,421,0.152019
Star,kic,64,64,1.000000
AdministrativeRegion,densityKm,64,68,0.941176
AdministrativeRegion,munFormation1LeaderName,64,64,1.000000
AdministrativeRegion,piccap,64,72,0.888889
Person,authorAbbreviationBot,63,63,1.000000
Person,coachyearbstart,63,94,0.670213
Person,draftedpick,63,78,0.807692
Person,goalsa,63,4416,0.014266
Person,markDescription,63,79,0.797468
Person,rightarm,63,183,0.344262
Person,season1TeamLink,63,159,0.396226
Person,sortkey,63,64,0.984375
Species,authorAbbreviationBot,63,63,1.000000
Species,coachyearbstart,63,94,0.670213
Species,draftedpick,63,78,0.807692
Species,goalsa,63,4416,0.014266
Species,markDescription,63,79,0.797468
Species,rightarm,63,183,0.344262
Species,season1TeamLink,63,159,0.396226
Species,sortkey,63,64,0.984375
AdministrativeRegion,assembly%23_,63,17907,0.003518
AdministrativeRegion,decPercentsun,63,88,0.715909
AdministrativeRegion,febPercentsun,63,88,0.715909
Person,arcaCarTeam,62,76,0.815789
Person,baskhofId,62,62,1.000000
Person,familyName,62,224,0.276786
Person,fastestLaps,62,1877,0.033031
Person,highestrank,62,550,0.112727
Person,lords,62,156,0.397436
Person,militaryBlank,62,189,0.328042
Person,motogpRaceStarts,62,120,0.516667
Person,oclc,62,65,0.953846
Person,partner(s)_,62,68,0.911765
Person,prenomenhiero,62,63,0.984127
Person,ruRefereeapps,62,156,0.397436
Species,arcaCarTeam,62,76,0.815789
Species,baskhofId,62,62,1.000000
Species,familyName,62,224,0.276786
Species,fastestLaps,62,1877,0.033031
Species,highestrank,62,550,0.112727
Species,lords,62,156,0.397436
Species,militaryBlank,62,189,0.328042
Species,motogpRaceStarts,62,120,0.516667
Species,oclc,62,65,0.953846
Species,partner(s)_,62,68,0.911765
Species,prenomenhiero,62,63,0.984127
Species,ruRefereeapps,62,156,0.397436
AdministrativeRegion,2016MeanHhIncome,62,63,0.984127
AdministrativeRegion,densitylast,62,68,0.911765
AdministrativeRegion,julPercentsun,62,88,0.704545
AdministrativeRegion,lengthKm,62,70,0.885714
Person,callSign,61,62,0.983871
Person,1loc,61,61,1.000000
Person,bdo,61,694,0.087896
Person,coachyear3end,61,137,0.445255
Person,operation,61,81,0.753086
Person,season8LooseBalls,61,75,0.813333
Species,callSign,61,62,0.983871
Species,1loc,61,61,1.000000
Species,bdo,61,694,0.087896
Species,coachyear3end,61,137,0.445255
Species,operation,61,81,0.753086
Species,season8LooseBalls,61,75,0.813333
Species,vivcNumber,61,62,0.983871
ChemicalCompound,width,61,102,0.598039
AdministrativeRegion,2006PopDensity,61,75,0.813333
AdministrativeRegion,2016PopDensity,61,66,0.924242
AdministrativeRegion,2021LandArea,61,61,1.000000
AdministrativeRegion,2021Population,61,61,1.000000
AdministrativeRegion,iso,61,61,1.000000
AdministrativeRegion,junPercentsun,61,88,0.693182
AdministrativeRegion,licensePlates,61,61,1.000000
Person,airForce,60,88,0.681818
Person,bestArcaPos,60,102,0.588235
Person,callsign,60,60,1.000000
Person,candidate3Votes,60,67,0.895522
Person,cfldraftedyear,60,485,0.123711
Person,firstproshowyear,60,201,0.298507
Person,missInternational,60,164,0.365854
Person,pmoyYear,60,85,0.705882
Person,polltype,60,258,0.232558
Person,ruYouthyears,60,543,0.110497
Person,teachers,60,70,0.857143
Species,airForce,60,88,0.681818
Species,bestArcaPos,60,102,0.588235
Species,callsign,60,60,1.000000
Species,candidate3Votes,60,67,0.895522
Species,cfldraftedyear,60,485,0.123711
Species,firstproshowyear,60,201,0.298507
Species,missInternational,60,164,0.365854
Species,pmoyYear,60,85,0.705882
Species,polltype,60,258,0.232558
Species,ruYouthyears,60,543,0.110497
Species,teachers,60,70,0.857143
AdministrativeRegion,2001PopDelta,60,65,0.923077
AdministrativeRegion,elevationMinFt,60,91,0.659341
AdministrativeRegion,elevationMinPoint,60,83,0.722892
AdministrativeRegion,gr,60,63,0.952381
AdministrativeRegion,incumbentNote,60,62,0.967742
AdministrativeRegion,novPercentsun,60,88,0.681818
AdministrativeRegion,pic,60,65,0.923077
AdministrativeRegion,termEnd,60,60,1.000000
AdministrativeRegion,termStart,60,60,1.000000
AdministrativeRegion,translitLang1Type,60,2060,0.029126
Person,athlete,59,59,1.000000
Person,candidate3Percent,59,66,0.893939
Person,careerStartCoach,59,189,0.312169
Person,cheight,59,221,0.266968
Person,fieldgoals,59,8848,0.006668
Person,houseType,59,1814,0.032525
Person,international,59,7212,0.008181
Person,loser,59,822,0.071776
Person,politicalOffice,59,64,0.921875
Person,ruAppearancesa,59,446,0.132287
Person,ruYear3end,59,88,0.670455
Person,tag,59,62,0.951613
Person,teamStarts,59,1169,0.050470
Person,umpireyears,59,107,0.551402
Person,wrestling,59,415,0.142169
Species,athlete,59,59,1.000000
Species,candidate3Percent,59,66,0.893939
Species,careerStartCoach,59,189,0.312169
Species,cheight,59,221,0.266968
Species,fieldgoals,59,8848,0.006668
Species,houseType,59,1814,0.032525
Species,international,59,7212,0.008181
Species,loser,59,822,0.071776
Species,politicalOffice,59,64,0.921875
Species,ruAppearancesa,59,446,0.132287
Species,ruYear3end,59,88,0.670455
Species,superordo,59,263,0.224335
Species,tag,59,62,0.951613
Species,teamStarts,59,1169,0.050470
Species,umpireyears,59,107,0.551402
Species,wrestling,59,415,0.142169
Star,age,59,67,0.880597
AdministrativeRegion,2001PopDensity,59,65,0.907692
AdministrativeRegion,2021TotalPvtDwell,59,61,0.967213
AdministrativeRegion,districtsList,59,64,0.921875
AdministrativeRegion,flagType,59,138,0.427536
AdministrativeRegion,post,59,59,1.000000
AdministrativeRegion,widthKm,59,69,0.855072
Person,altTitle,58,58,1.000000
Person,amWin,58,197,0.294416
Person,finalleague,58,17760,0.003266
Person,iccfPeakrating,58,61,0.950820
Person,pmoyPreceded,58,81,0.716049
Person,post4years,58,105,0.552381
Person,qSearch,58,59,0.983051
Person,ruCoachteam,58,76,0.763158
Species,altTitle,58,58,1.000000
Species,amWin,58,197,0.294416
Species,died,58,58,1.000000
Species,finalleague,58,17760,0.003266
Species,iccfPeakrating,58,61,0.950820
Species,pmoyPreceded,58,81,0.716049
Species,post4years,58,105,0.552381
Species,qSearch,58,59,0.983051
Species,ruCoachteam,58,76,0.763158
AdministrativeRegion,council,58,1053,0.055081
AdministrativeRegion,demographicsType,58,1308,0.044343
AdministrativeRegion,densityfirst,58,68,0.852941
AdministrativeRegion,escutcheon,58,58,1.000000
AdministrativeRegion,former,58,452,0.128319
AdministrativeRegion,janPercentsun,58,88,0.659091
AdministrativeRegion,notes,58,99,0.585859
AdministrativeRegion,sepPercentsun,58,88,0.659091
Person,compartment,57,58,0.982759
Person,debut3team,57,142,0.401408
Person,draftTeamPba,57,421,0.135392
Person,formercountry,57,196,0.290816
Person,heightm,57,331,0.172205
Person,kickboxLoss,57,960,0.059375
Person,provincepoints,57,125,0.456000
Person,rebounds,57,57,1.000000
Person,season2TeamLink,57,152,0.375000
Person,wbhof,57,57,1.000000
Person,wikt,57,2113,0.026976
Species,compartment,57,58,0.982759
Species,debut3team,57,142,0.401408
Species,draftTeamPba,57,421,0.135392
Species,formercountry,57,196,0.290816
Species,heightm,57,331,0.172205
Species,kickboxLoss,57,960,0.059375
Species,provincepoints,57,125,0.456000
Species,rebounds,57,57,1.000000
Species,season2TeamLink,57,152,0.375000
Species,sourcepath,57,63,0.904762
Species,wbhof,57,57,1.000000
Species,wikt,57,2114,0.026963
Galaxy,date,57,60,0.950000
AdministrativeRegion,marPercentsun,57,88,0.647727
AdministrativeRegion,total,57,1883,0.030271
AdministrativeRegion,yearPrecipitationInch,57,61,0.934426
Person,appearancesb,56,2624,0.021341
Person,died,56,56,1.000000
Person,firstminister,56,256,0.218750
Person,games,56,104,0.538462
Person,haircolor,56,786,0.071247
Person,lastCupWin,56,140,0.400000
Person,pmoySucceeded,56,78,0.717949
Person,primeMinister,56,58,0.965517
Person,stance,56,1735,0.032277
Person,stat2year,56,319,0.175549
Person,umpfclastyr,56,105,0.533333
Species,appearancesb,56,2624,0.021341
Species,firstminister,56,256,0.218750
Species,games,56,104,0.538462
Species,haircolor,56,786,0.071247
Species,lastCupWin,56,140,0.400000
Species,pmoySucceeded,56,78,0.717949
Species,primeMinister,56,58,0.965517
Species,stance,56,1735,0.032277
Species,stat2year,56,319,0.175549
Species,umpfclastyr,56,105,0.533333
Star,date,56,75,0.746667
AdministrativeRegion,state,56,2928,0.019126
AdministrativeRegion,areaKm2Rank,56,63,0.888889
AdministrativeRegion,communities,56,81,0.691358
AdministrativeRegion,janSnowDays,56,73,0.767123
AdministrativeRegion,mayPercentsun,56,87,0.643678
AdministrativeRegion,meetingPlace,56,64,0.875000
AdministrativeRegion,officeholder,56,56,1.000000
AdministrativeRegion,uyy,56,56,1.000000
AdministrativeRegion,wstitle,56,58,0.965517
Person,assist,55,55,1.000000
Person,coachyear4start,55,89,0.617978
Person,consort,55,1980,0.027778
Person,crewChief,55,57,0.964912
Person,draftedyear,55,174,0.316092
Person,int.DartsLeague,55,75,0.733333
Person,listaumpired,55,67,0.820896
Person,mc,55,56,0.982143
Person,season9LooseBalls,55,68,0.808824
Person,sourcepath,55,55,1.000000
Person,sufiOrder,55,166,0.331325
Person,vegas,55,80,0.687500
Person,verdict,55,100,0.550000
Species,assist,55,55,1.000000
Species,coachyear4start,55,89,0.617978
Species,consort,55,1980,0.027778
Species,crewChief,55,57,0.964912
Species,draftedyear,55,174,0.316092
Species,int.DartsLeague,55,75,0.733333
Species,listaumpired,55,67,0.820896
Species,mc,55,56,0.982143
Species,season9LooseBalls,55,68,0.808824
Species,sufiOrder,55,166,0.331325
Species,vegas,55,80,0.687500
Species,verdict,55,100,0.550000
Star,apoapsis,55,61,0.901639
AdministrativeRegion,augPercentsun,55,88,0.625000
AdministrativeRegion,decSnowDays,55,73,0.753425
AdministrativeRegion,membershipTitle,55,333,0.165165
AdministrativeRegion,octPercentsun,55,88,0.625000
AdministrativeRegion,usy,55,55,1.000000
Person,boxWin,54,369,0.146341
Person,charges,54,65,0.830769
Person,decLosses,54,4983,0.010837
Person,finals,54,268,0.201493
Person,industry,54,66,0.818182
Person,issuePipe,54,680,0.079412
Person,repsevensyears,54,1037,0.052073
Person,signatureSize,54,398,0.135678
Person,sucType,54,761,0.070959
Person,titletext,54,61,0.885246
Species,boxWin,54,369,0.146341
Species,bpmf,54,54,1.000000
Species,charges,54,65,0.830769
Species,decLosses,54,4983,0.010837
Species,finals,54,268,0.201493
Species,industry,54,66,0.818182
Species,issuePipe,54,680,0.079412
Species,repsevensyears,54,1037,0.052073
Species,signatureSize,54,398,0.135678
Species,sucType,54,761,0.070959
Species,titletext,54,61,0.885246
AdministrativeRegion,founder,54,86,0.627907
AdministrativeRegion,2006MeanHhIncome,54,57,0.947368
AdministrativeRegion,2016MedianAge,54,67,0.805970
AdministrativeRegion,2021PopDensity,54,61,0.885246
AdministrativeRegion,admittanceorder,54,55,0.981818
AdministrativeRegion,apostolicAdmin,54,56,0.964286
AdministrativeRegion,aprPercentsun,54,88,0.613636
AdministrativeRegion,gwebsite,54,54,1.000000
AdministrativeRegion,largestmetro,54,60,0.900000
AdministrativeRegion,uig,54,54,1.000000
AdministrativeRegion,uly,54,54,1.000000
AdministrativeRegion,wylie,54,54,1.000000
Person,administratingYears,53,94,0.563830
Person,altstyle,53,165,0.321212
Person,coachregrecord,53,96,0.552083
Person,jurisprudence,53,518,0.102317
Person,prenomenHiero,53,54,0.981481
Person,ruSevensnationalyears,53,799,0.066333
Person,testsumpired,53,330,0.160606
Person,wsopMainEventBestFinishYear,53,488,0.108607
Species,administratingYears,53,94,0.563830
Species,altstyle,53,165,0.321212
Species,carbs,53,54,0.981481
Species,coachregrecord,53,96,0.552083
Species,jurisprudence,53,518,0.102317
Species,prenomenHiero,53,54,0.981481
Species,ruSevensnationalyears,53,799,0.066333
Species,testsumpired,53,330,0.160606
Species,wsopMainEventBestFinishYear,53,488,0.108607
Star,periapsis,53,60,0.883333
AdministrativeRegion,2006MedianAgeF,53,75,0.706667
AdministrativeRegion,2006MedianAgeM,53,75,0.706667
AdministrativeRegion,2016MedianAgeM,53,66,0.803030
AdministrativeRegion,2021PopDelta,53,61,0.868852
AdministrativeRegion,densitysecond,53,57,0.929825
AdministrativeRegion,pop2010censusRank,53,55,0.963636
AdministrativeRegion,provRepLink,53,54,0.981481
Person,baskhofYear,52,102,0.509804
Person,coachteamb,52,100,0.520000
Person,combinedDate,52,1473,0.035302
Person,draws,52,4340,0.011982
Person,formerMllTeams,52,323,0.160991
Person,lastodiyear,52,3345,0.015546
Person,moretext,52,382,0.136126
Person,odidebutyear,52,3619,0.014369
Person,spDate,52,1474,0.035278
Person,tradition,52,82,0.634146
Person,year8start,52,293,0.177474
Species,baskhofYear,52,102,0.509804
Species,coachteamb,52,100,0.520000
Species,combinedDate,52,1473,0.035302
Species,draws,52,4340,0.011982
Species,formerMllTeams,52,323,0.160991
Species,lastodiyear,52,3345,0.015546
Species,moretext,52,382,0.136126
Species,odidebutyear,52,3619,0.014369
Species,spDate,52,1474,0.035278
Species,tradition,52,82,0.634146
Species,year8start,52,293,0.177474
ChemicalCompound,footer,52,53,0.981132
AdministrativeRegion,2006MedianAge,52,75,0.693333
AdministrativeRegion,2010pop,52,53,0.981132
AdministrativeRegion,2016MedianAgeF,52,66,0.787879
AdministrativeRegion,agencyname,52,57,0.912281
AdministrativeRegion,arms,52,221,0.235294
AdministrativeRegion,fedCreated,52,828,0.062802
AdministrativeRegion,flower,52,61,0.852459
AdministrativeRegion,judiciary,52,53,0.981132
AdministrativeRegion,lieutenantGovernor,52,90,0.577778
AdministrativeRegion,populationDensityRank,52,216,0.240741
AdministrativeRegion,portal,52,419,0.124105
AdministrativeRegion,suffragan,52,56,0.928571
Person,bench,51,3556,0.014342
Person,bpmf,51,51,1.000000
Person,champCarTeam,51,59,0.864407
Person,dname,51,51,1.000000
Person,hanjaborn,51,63,0.809524
Person,kickboxinglosses,51,222,0.229730
Person,lastWin,51,87,0.586207
Person,myr,51,51,1.000000
Person,openparl,51,51,1.000000
Person,post2note,51,61,0.836066
Person,rd1Team,51,53,0.962264
Person,reincarnationOf,51,53,0.962264
Person,ruPointsa,51,356,0.143258
Person,season3Assists,51,147,0.346939
Person,season5Assists,51,115,0.443478
Person,season6Assists,51,100,0.510000
Person,swedishleague,51,117,0.435897
Person,totalArcaRaces,51,122,0.418033
Person,ttLastWin,51,61,0.836066
Person,umpodidebutyr,51,353,0.144476
Person,wonderlic,51,670,0.076119
Species,bench,51,3556,0.014342
Species,champCarTeam,51,59,0.864407
Species,dname,51,51,1.000000
Species,hanjaborn,51,63,0.809524
Species,kickboxinglosses,51,222,0.229730
Species,lastWin,51,87,0.586207
Species,myr,51,51,1.000000
Species,openparl,51,51,1.000000
Species,post2note,51,61,0.836066
Species,rd1Team,51,53,0.962264
Species,reincarnationOf,51,53,0.962264
Species,ruPointsa,51,356,0.143258
Species,season3Assists,51,147,0.346939
Species,season5Assists,51,115,0.443478
Species,season6Assists,51,100,0.510000
Species,swedishleague,51,117,0.435897
Species,totalArcaRaces,51,122,0.418033
Species,ttLastWin,51,61,0.836066
Species,umpodidebutyr,51,353,0.144476
Species,wonderlic,51,670,0.076119
Star,differentFrom,51,58,0.879310
AdministrativeRegion,diedYear,51,51,1.000000
AdministrativeRegion,divisions,51,188,0.271277
AdministrativeRegion,febRecordLowF,51,62,0.822581
AdministrativeRegion,febSnowDays,51,73,0.698630
AdministrativeRegion,janRecordLowF,51,62,0.822581
AdministrativeRegion,m,51,56,0.910714
AdministrativeRegion,officeholderSort,51,51,1.000000
AdministrativeRegion,sgs,51,51,1.000000
AdministrativeRegion,tree,51,61,0.836066
AdministrativeRegion,zwpy,51,51,1.000000
Person,250RaceStarts,50,113,0.442478
Person,cfldraftpick,50,132,0.378788
Person,fsDate,50,1463,0.034176
Person,moto2Manufacturers,50,412,0.121359
Person,poles,50,2246,0.022262
Person,prevLink,50,50,1.000000
Person,ruTries,50,490,0.102041
Person,siblings,50,50,1.000000
Person,wantedBy,50,63,0.793651
Person,year7end,50,269,0.185874
Species,250RaceStarts,50,113,0.442478
Species,cfldraftpick,50,132,0.378788
Species,fsDate,50,1463,0.034176
Species,moto2Manufacturers,50,412,0.121359
Species,poles,50,2246,0.022262
Species,prevLink,50,50,1.000000
Species,refs,50,64,0.781250
Species,ruTries,50,490,0.102041
Species,siblings,50,50,1.000000
Species,subphylum,50,2651,0.018861
Species,wantedBy,50,63,0.793651
Species,year7end,50,269,0.185874
AdministrativeRegion,blank6InfoSec,50,56,0.892857
AdministrativeRegion,bornYear,50,51,0.980392
AdministrativeRegion,decRecordLowF,50,64,0.781250
AdministrativeRegion,popYear,50,1027,0.048685
Person,conferenceTournament,49,73,0.671233
Person,cupPoles,49,707,0.069307
Person,final3team,49,99,0.494949
Person,goalsb,49,2488,0.019695
Person,otherwins,49,1744,0.028096
Person,pointsd,49,458,0.106987
Person,ruYearbend,49,72,0.680556
Person,serviceYears,49,56,0.875000
Person,showMedals,49,33823,0.001449
Person,trial,49,145,0.337931
Person,username,49,49,1.000000
Species,conferenceTournament,49,73,0.671233
Species,cupPoles,49,707,0.069307
Species,final3team,49,99,0.494949
Species,goalsb,49,2488,0.019695
Species,otherwins,49,1744,0.028096
Species,pointsd,49,458,0.106987
Species,ruYearbend,49,72,0.680556
Species,serviceYears,49,56,0.875000
Species,showMedals,49,33823,0.001449
Species,trial,49,145,0.337931
Species,username,49,49,1.000000
Star,posang,49,51,0.960784
AdministrativeRegion,f,49,50,0.980000
AdministrativeRegion,incomerank,49,50,0.980000
AdministrativeRegion,languages,49,50,0.980000
AdministrativeRegion,lowerhouse,49,50,0.980000
AdministrativeRegion,populationpercent,49,87,0.563218
AdministrativeRegion,tl,49,52,0.942308
AdministrativeRegion,upperhouse,49,50,0.980000
Person,sportCountry,48,249,0.192771
Person,6pp,48,53,0.905660
Person,accused,48,53,0.905660
Person,anainspiration,48,133,0.360902
Person,b,48,2133,0.022504
Person,britishleague,48,218,0.220183
Person,fourth,48,68,0.705882
Person,imageAlt,48,51,0.941176
Person,insignia,48,499,0.096192
Person,issues,48,58,0.827586
Person,licenseDate,48,52,0.923077
Person,nebtyhiero,48,48,1.000000
Person,otherElements,48,69,0.695652
Person,penalties,48,48,1.000000
Person,refs,48,61,0.786885
Person,speaker,48,58,0.827586
Person,spouseType,48,1181,0.040644
Person,titleholders,48,74,0.648649
Person,ttFirstWin,48,62,0.774194
Person,usOpen,48,75,0.640000
Person,wcwins,48,522,0.091954
Species,sportCountry,48,249,0.192771
Species,6pp,48,53,0.905660
Species,accused,48,53,0.905660
Species,anainspiration,48,133,0.360902
Species,b,48,2134,0.022493
Species,britishleague,48,218,0.220183
Species,fourth,48,68,0.705882
Species,insignia,48,499,0.096192
Species,issues,48,58,0.827586
Species,licenseDate,48,52,0.923077
Species,nebtyhiero,48,48,1.000000
Species,otherElements,48,69,0.695652
Species,penalties,48,48,1.000000
Species,speaker,48,58,0.827586
Species,spouseType,48,1181,0.040644
Species,titleholders,48,74,0.648649
Species,ttFirstWin,48,62,0.774194
Species,usOpen,48,75,0.640000
Species,wcwins,48,522,0.091954
AdministrativeRegion,2001MedianAgeM,48,65,0.738462
AdministrativeRegion,2011MedianAgeM,48,58,0.827586
AdministrativeRegion,admittancedate,48,50,0.960000
AdministrativeRegion,naver,48,48,1.000000
AdministrativeRegion,poprank,48,56,0.857143
AdministrativeRegion,routeMarker,48,49,0.979592
AdministrativeRegion,tradabbreviation,48,49,0.979592
Person,conferenceSeason,47,81,0.580247
Person,desc,47,55,0.854545
Person,headquarters,47,49,0.959184
Person,mbid,47,55,0.854545
Person,nebtyHiero,47,47,1.000000
Person,season10LooseBalls,47,57,0.824561
Person,season3PenaltyMinutes,47,129,0.364341
Person,season3TeamLink,47,137,0.343066
Person,season4Goals,47,125,0.376000
Person,t20isumpired,47,155,0.303226
Species,conferenceSeason,47,81,0.580247
Species,desc,47,55,0.854545
Species,headquarters,47,49,0.959184
Species,mbid,47,55,0.854545
Species,nebtyHiero,47,47,1.000000
Species,season10LooseBalls,47,57,0.824561
Species,season3PenaltyMinutes,47,129,0.364341
Species,season3TeamLink,47,137,0.343066
Species,season4Goals,47,125,0.376000
Species,t20isumpired,47,155,0.303226
AdministrativeRegion,2001MedianAgeF,47,65,0.723077
AdministrativeRegion,archbishopric,47,48,0.979167
AdministrativeRegion,dissolved,47,106,0.443396
AdministrativeRegion,lordLieutenantName,47,47,1.000000
AdministrativeRegion,marRecordLowF,47,63,0.746032
AdministrativeRegion,shieldAlt,47,47,1.000000
AdministrativeRegion,yearSnowDays,47,51,0.921569
Person,6a,46,49,0.938776
Person,almamater,46,48,0.958333
Person,bannerimage,46,47,0.978723
Person,bestArcaWestPos,46,62,0.741935
Person,cupWins,46,708,0.064972
Person,currentRank,46,91,0.505495
Person,firstBuschRace,46,704,0.065341
Person,firstWin,46,89,0.516854
Person,foundation,46,48,0.958333
Person,justice,46,51,0.901961
Person,lastBuschRace,46,613,0.075041
Person,legislature,46,53,0.867925
Person,missWorldPanamá,46,61,0.754098
Person,moto2LastPosition,46,210,0.219048
Person,mrph,46,47,0.978723
Person,ordainedDeaconBy,46,50,0.920000
Person,owner,46,48,0.958333
Person,playerSport,46,2636,0.017451
Person,sbkPodiums,46,215,0.213953
Person,season4Assists,46,128,0.359375
Person,season4PenaltyMinutes,46,115,0.400000
Person,season7Assists,46,91,0.505495
Person,silverYear,46,431,0.106729
Person,super14years,46,1826,0.025192
Person,umpodilastyr,46,271,0.169742
Person,usamateur,46,56,0.821429
Person,vpName,46,48,0.958333
Species,6a,46,49,0.938776
Species,almamater,46,48,0.958333
Species,bannerimage,46,47,0.978723
Species,bestArcaWestPos,46,62,0.741935
Species,cupWins,46,708,0.064972
Species,currentRank,46,91,0.505495
Species,firstBuschRace,46,704,0.065341
Species,firstWin,46,89,0.516854
Species,foundation,46,48,0.958333
Species,justice,46,51,0.901961
Species,lastBuschRace,46,613,0.075041
Species,legislature,46,53,0.867925
Species,missWorldPanamá,46,61,0.754098
Species,moto2LastPosition,46,210,0.219048
Species,mrph,46,47,0.978723
Species,ordainedDeaconBy,46,50,0.920000
Species,playerSport,46,2636,0.017451
Species,sbkPodiums,46,215,0.213953
Species,season4Assists,46,128,0.359375
Species,season4PenaltyMinutes,46,115,0.400000
Species,season7Assists,46,91,0.505495
Species,silverYear,46,431,0.106729
Species,super14years,46,1826,0.025192
Species,umpodilastyr,46,271,0.169742
Species,usamateur,46,56,0.821429
Species,vpName,46,48,0.958333
Star,absmagBol,46,47,0.978723
Star,jK,46,46,1.000000
AdministrativeRegion,jurisdiction,46,2462,0.018684
AdministrativeRegion,2011MedianAge,46,59,0.779661
AdministrativeRegion,areafirst,46,46,1.000000
AdministrativeRegion,areaTotalDunam,46,46,1.000000
AdministrativeRegion,highSheriffName,46,47,0.978723
AdministrativeRegion,highSheriffOffice,46,46,1.000000
AdministrativeRegion,lengthMi,46,55,0.836364
AdministrativeRegion,lordLieutenantOffice,46,46,1.000000
AdministrativeRegion,structure,46,46,1.000000
AdministrativeRegion,timezone1Dst,46,1089,0.042241
Person,afldraftround,45,742,0.060647
Person,bestBowling,45,25682,0.001752
Person,captureStatus,45,75,0.600000
Person,draftPickPba,45,365,0.123288
Person,espnGrade,45,660,0.068182
Person,moto3LastPosition,45,174,0.258621
Person,perpetrators,45,50,0.900000
Person,placeOfDiaconalOrdination,45,53,0.849057
Person,pvPct,45,51,0.882353
Person,rrph,45,47,0.957447
Person,ruTeamc,45,64,0.703125
Person,season1Assists,45,170,0.264706
Person,sooteam,45,782,0.057545
Person,tomb,45,50,0.900000
Person,year8end,45,155,0.290323
Species,afldraftround,45,742,0.060647
Species,bestBowling,45,25682,0.001752
Species,captureStatus,45,75,0.600000
Species,draftPickPba,45,365,0.123288
Species,espnGrade,45,660,0.068182
Species,moto3LastPosition,45,174,0.258621
Species,perpetrators,45,50,0.900000
Species,placeOfDiaconalOrdination,45,53,0.849057
Species,pos,45,4122,0.010917
Species,pvPct,45,51,0.882353
Species,rrph,45,47,0.957447
Species,ruTeamc,45,64,0.703125
Species,season1Assists,45,170,0.264706
Species,sooteam,45,782,0.057545
Species,tomb,45,50,0.900000
Species,year8end,45,155,0.290323
AdministrativeRegion,areaUrban,45,45,1.000000
AdministrativeRegion,2001MeanHhIncome,45,46,0.978261
AdministrativeRegion,2001MedianAge,45,65,0.692308
AdministrativeRegion,altoffsp,45,45,1.000000
AdministrativeRegion,eventPost,45,51,0.882353
AdministrativeRegion,febMeanF,45,47,0.957447
AdministrativeRegion,imageSize,45,1730,0.026012
AdministrativeRegion,munFormation1RepresentativeBody,45,49,0.918367
AdministrativeRegion,symbolism,45,45,1.000000
AdministrativeRegion,widthMi,45,55,0.818182
Person,appearancesc,44,1226,0.035889
Person,draftround,44,13983,0.003147
Person,engine,44,94,0.468085
Person,locality,44,59,0.745763
Person,motogpManufacturers,44,250,0.176000
Person,ncaaTeam,44,73,0.602740
Person,pdc,44,746,0.058981
Person,pos,44,4115,0.010693
Person,relstyle,44,1671,0.026332
Person,season4TeamLink,44,127,0.346457
Person,season5Goals,44,107,0.411215
Person,universe,44,56,0.785714
Person,womenshof,44,44,1.000000
Species,appearancesc,44,1226,0.035889
Species,draftround,44,13983,0.003147
Species,engine,44,94,0.468085
Species,kj,44,49,0.897959
Species,locality,44,59,0.745763
Species,motogpManufacturers,44,250,0.176000
Species,ncaaTeam,44,73,0.602740
Species,pdc,44,746,0.058981
Species,relstyle,44,1671,0.026332
Species,season4TeamLink,44,127,0.346457
Species,season5Goals,44,107,0.411215
Species,universe,44,56,0.785714
Species,womenshof,44,44,1.000000
Galaxy,title,44,66,0.666667
AdministrativeRegion,areaAsOf,44,184,0.239130
AdministrativeRegion,areaTotalRank,44,46,0.956522
AdministrativeRegion,janMeanF,44,47,0.936170
AdministrativeRegion,suiIurisChurch,44,1161,0.037898
Person,badgenumber,43,43,1.000000
Person,creed,43,297,0.144781
Person,gpRaceWins,43,431,0.099768
Person,highestRank,43,139,0.309353
Person,lifePartner,43,43,1.000000
Person,missPanamáUniverse,43,58,0.741379
Person,nllDraftTeam,43,284,0.151408
Person,rev,43,62,0.693548
Person,sbkLastPosition,43,161,0.267081
Person,season3Goals,43,143,0.300699
Person,season5PenaltyMinutes,43,111,0.387387
Species,badgenumber,43,43,1.000000
Species,creed,43,297,0.144781
Species,gpRaceWins,43,431,0.099768
Species,highestRank,43,139,0.309353
Species,lifePartner,43,43,1.000000
Species,missPanamáUniverse,43,58,0.741379
Species,nllDraftTeam,43,284,0.151408
Species,potassiumMg,43,46,0.934783
Species,rev,43,62,0.693548
Species,sbkLastPosition,43,161,0.267081
Species,season3Goals,43,143,0.300699
Species,season5PenaltyMinutes,43,111,0.387387
Species,sex,43,6535,0.006580
ChemicalCompound,title,43,73,0.589041
AdministrativeRegion,2011MedianAgeF,43,58,0.741379
AdministrativeRegion,augAfthumidity,43,75,0.573333
AdministrativeRegion,blank2Name,43,337,0.127596
AdministrativeRegion,election,43,77,0.558442
AdministrativeRegion,height,43,95,0.452632
AdministrativeRegion,mayMeanF,43,47,0.914894
Person,247RefTitle,42,65,0.646154
Person,draftRound,42,5140,0.008171
Person,justiceStart,42,42,1.000000
Person,listOfWorks,42,43,0.976744
Person,logoCaption,42,43,0.976744
Person,pfrexec,42,42,1.000000
Person,prospectLeague,42,942,0.044586
Person,reachIn,42,581,0.072289
Person,refereeappearances,42,88,0.477273
Person,ruGoals,42,340,0.123529
Person,saintTitle,42,178,0.235955
Person,season2Assists,42,155,0.270968
Person,season2PenaltyMinutes,42,146,0.287671
Person,season5TeamLink,42,120,0.350000
Person,summary,42,55,0.763636
Person,termLabel,42,1221,0.034398
Person,timezone,42,83,0.506024
Person,tp,42,42,1.000000
Person,triesa,42,4471,0.009394
Person,urlname,42,42,1.000000
Person,western,42,54,0.777778
Species,division,42,8145,0.005157
Species,247RefTitle,42,65,0.646154
Species,draftRound,42,5140,0.008171
Species,for,42,51,0.823529
Species,justiceStart,42,42,1.000000
Species,listOfWorks,42,43,0.976744
Species,logoCaption,42,43,0.976744
Species,pfrexec,42,42,1.000000
Species,prospectLeague,42,942,0.044586
Species,reachIn,42,581,0.072289
Species,refereeappearances,42,88,0.477273
Species,revision,42,42,1.000000
Species,ruGoals,42,340,0.123529
Species,saintTitle,42,178,0.235955
Species,season2Assists,42,155,0.270968
Species,season2PenaltyMinutes,42,146,0.287671
Species,season5TeamLink,42,120,0.350000
Species,summary,42,55,0.763636
Species,termLabel,42,1221,0.034398
Species,timezone,42,83,0.506024
Species,tp,42,42,1.000000
Species,triesa,42,4471,0.009394
Species,urlname,42,42,1.000000
Species,western,42,54,0.777778
Star,title,42,53,0.792453
AdministrativeRegion,aprAfthumidity,42,75,0.560000
AdministrativeRegion,chief1name,42,42,1.000000
AdministrativeRegion,decdSun,42,60,0.700000
AdministrativeRegion,decMeanF,42,47,0.893617
AdministrativeRegion,display,42,43,0.976744
AdministrativeRegion,fedAbolished,42,489,0.085890
AdministrativeRegion,marMeanF,42,47,0.893617
AdministrativeRegion,novMeanF,42,47,0.893617
AdministrativeRegion,octAfthumidity,42,75,0.560000
AdministrativeRegion,provname,42,132,0.318182
AdministrativeRegion,tib,42,42,1.000000
AdministrativeRegion,utcOffsetDst,42,2577,0.016298
Person,podiums,41,727,0.056396
Person,cfhofyear,41,77,0.532468
Person,coachyear4end,41,72,0.569444
Person,draftYearPba,41,444,0.092342
Person,episodenumber,41,120,0.341667
Person,for,41,50,0.820000
Person,historicalProfile,41,42,0.976190
Person,justiceEnd,41,41,1.000000
Person,legendsm,41,41,1.000000
Person,missInternationalPanamá,41,61,0.672131
Person,mmaSubwin,41,2365,0.017336
Person,mrho,41,42,0.976190
Person,nominations,41,97,0.422680
Person,polyDate,41,41,1.000000
Person,post5followed,41,42,0.976190
Person,rrho,41,42,0.976190
Person,ruYear4start,41,59,0.694915
Person,ruYearcstart,41,59,0.694915
Person,season10Assists,41,63,0.650794
Person,season11LooseBalls,41,51,0.803922
Person,season2Goals,41,156,0.262821
Person,season2Team,41,81,0.506173
Person,season6Goals,41,96,0.427083
Person,season6TeamLink,41,109,0.376147
Person,season8Assists,41,81,0.506173
Person,subWins,41,2825,0.014513
Person,wghofyear,41,132,0.310606
Person,worldSeriesFinals,41,57,0.719298
Species,podiums,41,727,0.056396
Species,cfhofyear,41,77,0.532468
Species,coachyear4end,41,72,0.569444
Species,draftYearPba,41,444,0.092342
Species,episodenumber,41,120,0.341667
Species,historicalProfile,41,42,0.976190
Species,justiceEnd,41,41,1.000000
Species,legendsm,41,41,1.000000
Species,missInternationalPanamá,41,61,0.672131
Species,mmaSubwin,41,2365,0.017336
Species,mrho,41,42,0.976190
Species,nominations,41,97,0.422680
Species,polyDate,41,41,1.000000
Species,post5followed,41,42,0.976190
Species,protein,41,52,0.788462
Species,rrho,41,42,0.976190
Species,ruYear4start,41,59,0.694915
Species,ruYearcstart,41,59,0.694915
Species,season10Assists,41,63,0.650794
Species,season11LooseBalls,41,51,0.803922
Species,season2Goals,41,156,0.262821
Species,season2Team,41,81,0.506173
Species,season6Goals,41,96,0.427083
Species,season6TeamLink,41,109,0.376147
Species,season8Assists,41,81,0.506173
Species,size,41,359,0.114206
Species,subWins,41,2825,0.014513
Species,wghofyear,41,132,0.310606
Species,worldSeriesFinals,41,57,0.719298
Star,jH,41,41,1.000000
Galaxy,mass,41,49,0.836735
ChemicalCompound,imagesizel,41,561,0.073084
AdministrativeRegion,datePost,41,48,0.854167
AdministrativeRegion,decAfthumidity,41,75,0.546667
AdministrativeRegion,govAsOf,41,63,0.650794
AdministrativeRegion,junMeanF,41,47,0.872340
AdministrativeRegion,marAfthumidity,41,75,0.546667
AdministrativeRegion,marSnowDays,41,73,0.561644
AdministrativeRegion,myr,41,42,0.976190
AdministrativeRegion,novRecordLowF,41,61,0.672131
AdministrativeRegion,nutsCode,41,42,0.976190
AdministrativeRegion,octRecordLowF,41,62,0.661290
AdministrativeRegion,ontparty,41,871,0.047072
AdministrativeRegion,otherarticle,41,41,1.000000
AdministrativeRegion,sepAfthumidity,41,75,0.546667
AdministrativeRegion,yearPercentsun,41,54,0.759259
Person,winsAtMajors,40,40,1.000000
Person,5blankname,40,50,0.800000
Person,5namedata,40,48,0.833333
Person,5y,40,104,0.384615
Person,banner,40,61,0.655738
Person,creation,40,305,0.131148
Person,distributor,40,52,0.769231
Person,goalsc,40,1194,0.033501
Person,honoredIn,40,164,0.243902
Person,ideology,40,42,0.952381
Person,initiation,40,44,0.909091
Person,lpgawins,40,356,0.112360
Person,missTeenUsa,40,107,0.373832
Person,monasticName,40,40,1.000000
Person,parlinfo,40,40,1.000000
Person,partyElection,40,60,0.666667
Person,post5preceded,40,41,0.975610
Person,scoreb,40,52,0.769231
Person,season1Shots,40,63,0.634921
Person,season1Team,40,86,0.465116
Person,season2Shots,40,59,0.677966
Person,season6PenaltyMinutes,40,101,0.396040
Person,soloists,40,41,0.975610
Person,ssLastPosition,40,131,0.305344
Person,surname,40,40,1.000000
Person,units,40,44,0.909091
Species,winsAtMajors,40,40,1.000000
Species,5blankname,40,50,0.800000
Species,5namedata,40,48,0.833333
Species,5y,40,104,0.384615
Species,banner,40,61,0.655738
Species,creation,40,305,0.131148
Species,distributor,40,52,0.769231
Species,divisio,40,5185,0.007715
Species,goalsc,40,1194,0.033501
Species,honoredIn,40,164,0.243902
Species,ideology,40,42,0.952381
Species,initiation,40,44,0.909091
Species,ironMg,40,49,0.816327
Species,lpgawins,40,356,0.112360
Species,missTeenUsa,40,107,0.373832
Species,monasticName,40,40,1.000000
Species,pantothenicMg,40,42,0.952381
Species,parlinfo,40,40,1.000000
Species,partyElection,40,60,0.666667
Species,post5preceded,40,41,0.975610
Species,scoreb,40,52,0.769231
Species,season1Shots,40,63,0.634921
Species,season1Team,40,86,0.465116
Species,season2Shots,40,59,0.677966
Species,season6PenaltyMinutes,40,101,0.396040
Species,soloists,40,41,0.975610
Species,ssLastPosition,40,131,0.305344
Species,surname,40,40,1.000000
Species,units,40,44,0.909091
Species,vitcMg,40,46,0.869565
Star,angdistsec,40,40,1.000000
AdministrativeRegion,language,40,105,0.380952
AdministrativeRegion,aprMeanF,40,47,0.851064
AdministrativeRegion,arbeiderpartiet,40,3756,0.010650
AdministrativeRegion,fossil,40,46,0.869565
AdministrativeRegion,janSnowInch,40,44,0.909091
AdministrativeRegion,julAfthumidity,40,75,0.533333
AdministrativeRegion,juldSun,40,60,0.666667
AdministrativeRegion,julMeanF,40,47,0.851064
AdministrativeRegion,junAfthumidity,40,75,0.533333
AdministrativeRegion,mayAfthumidity,40,75,0.533333
AdministrativeRegion,member,40,40,1.000000
AdministrativeRegion,octMeanF,40,47,0.851064
AdministrativeRegion,sepMeanF,40,47,0.851064
AdministrativeRegion,symbol,40,48,0.833333
Person,agencies,39,42,0.928571
Person,allWriting,39,39,1.000000
Person,archbishopName,39,39,1.000000
Person,firstBuschWin,39,154,0.253247
Person,icpositionf,39,94,0.414894
Person,icpositionh,39,95,0.410526
Person,kickboxingkowins,39,167,0.233533
Person,lastBuschWin,39,118,0.330508
Person,nSearch,39,40,0.975000
Person,pgawins,39,775,0.050323
Person,pp,39,50,0.780000
Person,preselection,39,107,0.364486
Person,recorded,39,53,0.735849
Person,refereecomp,39,112,0.348214
Person,rewardAmount,39,47,0.829787
Person,season7Goals,39,87,0.448276
Person,season8Goals,39,78,0.500000
Person,superyears,39,724,0.053867
Person,yeshivaposition,39,171,0.228070
Species,agencies,39,42,0.928571
Species,allWriting,39,39,1.000000
Species,archbishopName,39,39,1.000000
Species,calciumMg,39,47,0.829787
Species,documenturl,39,42,0.928571
Species,firstBuschWin,39,154,0.253247
Species,icpositionf,39,94,0.414894
Species,icpositionh,39,95,0.410526
Species,kickboxingkowins,39,167,0.233533
Species,lastBuschWin,39,118,0.330508
Species,niacinMg,39,45,0.866667
Species,nSearch,39,40,0.975000
Species,parent,39,44,0.886364
Species,pgawins,39,775,0.050323
Species,pp,39,50,0.780000
Species,preselection,39,107,0.364486
Species,recorded,39,53,0.735849
Species,refereecomp,39,112,0.348214
Species,rewardAmount,39,47,0.829787
Species,season7Goals,39,87,0.448276
Species,season8Goals,39,78,0.500000
Species,sugars,39,41,0.951220
Species,superyears,39,724,0.053867
Species,vitb6Mg,39,44,0.886364
Species,yeshivaposition,39,171,0.228070
Star,dec,39,48,0.812500
Star,ra,39,55,0.709091
Galaxy,galV,39,48,0.812500
ChemicalCompound,alt,39,44,0.886364
ChemicalCompound,iupacnames,39,39,1.000000
AdministrativeRegion,adminHq,39,39,1.000000
AdministrativeRegion,areaNote,39,48,0.812500
AdministrativeRegion,areaUrbanKm,39,39,1.000000
AdministrativeRegion,fish,39,60,0.650000
AdministrativeRegion,janAfthumidity,39,75,0.520000
AdministrativeRegion,longitude,39,55,0.709091
AdministrativeRegion,n,39,98,0.397959
AdministrativeRegion,novdSun,39,60,0.650000
AdministrativeRegion,sepRecordLowF,39,62,0.629032
Person,appointer,38,43,0.883721
Person,arcaWestCarTeam,38,41,0.926829
Person,attend,38,38,1.000000
Person,authorAbbreviationZoo,38,38,1.000000
Person,cfldraftyear,38,131,0.290076
Person,districtOrd,38,355,0.107042
Person,election,38,45,0.844444
Person,mmaKowin,38,2529,0.015026
Person,mnc,38,82,0.463415
Person,ncaaeliteeight,38,58,0.655172
Person,odidebutagainst,38,3619,0.010500
Person,player,38,38,1.000000
Person,previousOccupation,38,69,0.550725
Person,rlNationalteam,38,174,0.218391
Person,scorea,38,55,0.690909
Person,season1PenaltyMinutes,38,142,0.267606
Person,season7PenaltyMinutes,38,85,0.447059
Person,season9Assists,38,74,0.513514
Person,soogamesGoals,38,707,0.053748
Person,statsLeague,38,1462,0.025992
Person,teamf,38,65,0.584615
Person,totalyears,38,123,0.308943
Person,vicepremier,38,40,0.950000
Person,victim,38,38,1.000000
Person,yeareend,38,56,0.678571
Species,appointer,38,43,0.883721
Species,arcaWestCarTeam,38,41,0.926829
Species,attend,38,38,1.000000
Species,authorAbbreviationZoo,38,38,1.000000
Species,cfldraftyear,38,131,0.290076
Species,districtOrd,38,355,0.107042
Species,election,38,45,0.844444
Species,mmaKowin,38,2529,0.015026
Species,mnc,38,82,0.463415
Species,ncaaeliteeight,38,58,0.655172
Species,odidebutagainst,38,3619,0.010500
Species,player,38,38,1.000000
Species,previousOccupation,38,69,0.550725
Species,rlNationalteam,38,174,0.218391
Species,scorea,38,55,0.690909
Species,season1PenaltyMinutes,38,142,0.267606
Species,season7PenaltyMinutes,38,85,0.447059
Species,season9Assists,38,74,0.513514
Species,section,38,630,0.060317
Species,soogamesGoals,38,707,0.053748
Species,statsLeague,38,1462,0.025992
Species,teamf,38,65,0.584615
Species,totalyears,38,123,0.308943
Species,vicepremier,38,40,0.950000
Species,victim,38,38,1.000000
Species,yeareend,38,56,0.678571
Star,disk,38,69,0.550725
AdministrativeRegion,augMeanF,38,47,0.808511
AdministrativeRegion,bird,38,59,0.644068
AdministrativeRegion,decSnowInch,38,43,0.883721
AdministrativeRegion,encyber,38,38,1.000000
AdministrativeRegion,febAfthumidity,38,75,0.506667
AdministrativeRegion,febSnowInch,38,44,0.863636
AdministrativeRegion,fedElectionLast,38,832,0.045673
AdministrativeRegion,h,38,38,1.000000
AdministrativeRegion,jundSun,38,59,0.644068
AdministrativeRegion,mammal,38,55,0.690909
AdministrativeRegion,novAfthumidity,38,75,0.506667
AdministrativeRegion,octdSun,38,60,0.633333
Person,bestArcaEastPos,37,65,0.569231
Person,bestCanadaPos,37,58,0.637931
Person,capacity,37,97,0.381443
Person,chapterUrl,37,119,0.310924
Person,codriver,37,39,0.948718
Person,countryRepresented,37,82,0.451220
Person,cwidth,37,211,0.175355
Person,lastodiagainst,37,3346,0.011058
Person,nextLink,37,37,1.000000
Person,patternLa,37,55,0.672727
Person,perps,37,38,0.973684
Person,rlPosition,37,130,0.284615
Person,season12LooseBalls,37,41,0.902439
Person,season1Goals,37,165,0.224242
Person,section,37,109,0.339450
Person,sgpStarts,37,44,0.840909
Person,superupdate,37,41,0.902439
Person,tours(points)_,37,70,0.528571
Person,wbbr,37,37,1.000000
Person,wnba,37,37,1.000000
Person,world,37,42,0.880952
Person,worldsteams,37,695,0.053237
Person,yahrtzeit,37,87,0.425287
Species,bestArcaEastPos,37,65,0.569231
Species,bestCanadaPos,37,58,0.637931
Species,capacity,37,97,0.381443
Species,chapterUrl,37,119,0.310924
Species,classification,37,121,0.305785
Species,codriver,37,39,0.948718
Species,countryRepresented,37,82,0.451220
Species,cwidth,37,211,0.175355
Species,folateUg,37,44,0.840909
Species,lastodiagainst,37,3346,0.011058
Species,manganeseMg,37,39,0.948718
Species,my,37,39,0.948718
Species,nextLink,37,37,1.000000
Species,patternLa,37,55,0.672727
Species,perps,37,38,0.973684
Species,rlPosition,37,130,0.284615
Species,season12LooseBalls,37,41,0.902439
Species,season1Goals,37,165,0.224242
Species,sgpStarts,37,44,0.840909
Species,superupdate,37,41,0.902439
Species,tours(points)_,37,70,0.528571
Species,wbbr,37,37,1.000000
Species,wnba,37,37,1.000000
Species,world,37,42,0.880952
Species,worldsteams,37,695,0.053237
Species,yahrtzeit,37,87,0.425287
Star,massMj,37,49,0.755102
Star,projsep,37,37,1.000000
Galaxy,type,37,103,0.359223
ChemicalCompound,imagesizer,37,560,0.066071
AdministrativeRegion,congressionalDistrict,37,89,0.415730
AdministrativeRegion,blank4NameSec,37,152,0.243421
AdministrativeRegion,jandSun,37,60,0.616667
AdministrativeRegion,locLang,37,82,0.451220
AdministrativeRegion,police,37,88,0.420455
AdministrativeRegion,provRepPartyLink,37,211,0.175355
Person,boxKowin,36,314,0.114650
Person,cflallstar,36,123,0.292683
Person,classification,36,120,0.300000
Person,conflong,36,407,0.088452
Person,crewchief,36,70,0.514286
Person,escaped,36,37,0.972973
Person,handSpan,36,3555,0.010127
Person,initiator,36,43,0.837209
Person,interior,36,38,0.947368
Person,sr,36,1738,0.020713
Person,landscape,36,2800,0.012857
Person,majoritypercent,36,36,1.000000
Person,manager,36,37,0.972973
Person,mrstage,36,36,1.000000
Person,my,36,38,0.947368
Person,parent,36,41,0.878049
Person,patternRa,36,57,0.631579
Person,previousVersions,36,43,0.837209
Person,quashed,36,38,0.947368
Person,rrstage,36,36,1.000000
Person,season9Goals,36,72,0.500000
Person,size,36,353,0.101983
Person,spalte,36,36,1.000000
Person,teampodiums,36,1099,0.032757
Person,totalIrlRaces,36,42,0.857143
Person,treasury,36,43,0.837209
Person,wantedSince,36,40,0.900000
Species,boxKowin,36,314,0.114650
Species,cflallstar,36,123,0.292683
Species,conflong,36,407,0.088452
Species,crewchief,36,70,0.514286
Species,escaped,36,37,0.972973
Species,handSpan,36,3555,0.010127
Species,hazards,36,37,0.972973
Species,initiator,36,43,0.837209
Species,interior,36,38,0.947368
Species,sr,36,1738,0.020713
Species,landscape,36,2800,0.012857
Species,majoritypercent,36,36,1.000000
Species,manager,36,37,0.972973
Species,mrstage,36,36,1.000000
Species,patternRa,36,57,0.631579
Species,previousVersions,36,43,0.837209
Species,quashed,36,38,0.947368
Species,rrstage,36,36,1.000000
Species,season9Goals,36,72,0.500000
Species,spalte,36,36,1.000000
Species,teampodiums,36,1099,0.032757
Species,totalIrlRaces,36,42,0.857143
Species,treasury,36,43,0.837209
Species,wantedSince,36,40,0.900000
AdministrativeRegion,aprRecordLowF,36,61,0.590164
AdministrativeRegion,food,36,42,0.857143
AdministrativeRegion,largestcity,36,53,0.679245
AdministrativeRegion,mapsize,36,5941,0.006060
AdministrativeRegion,medianhouseholdincome,36,50,0.720000
AdministrativeRegion,novSnowDays,36,73,0.493151
AdministrativeRegion,visitationYear,36,110,0.327273
Person,125LastPosition,35,143,0.244755
Person,band,35,245,0.142857
Person,coachyear5start,35,51,0.686275
Person,coachyearbend,35,46,0.760870
Person,cupCarTeam,35,39,0.897436
Person,debut3year,35,144,0.243056
Person,goldenHiero,35,35,1.000000
Person,gpFastestLaps,35,423,0.082742
Person,headerimage,35,202,0.173267
Person,irlCarTeam,35,40,0.875000
Person,jersey,35,61,0.573770
Person,motoeTotalPoints,35,37,0.945946
Person,nllTeam,35,216,0.162037
Person,retirement,35,35,1.000000
Person,rlAmateurclubs,35,38,0.921053
Person,season7TeamLink,35,96,0.364583
Person,stat6label,35,322,0.108696
Person,synagogueposition,35,135,0.259259
Person,war,35,38,0.921053
Species,125LastPosition,35,143,0.244755
Species,band,35,245,0.142857
Species,coachyear5start,35,51,0.686275
Species,coachyearbend,35,46,0.760870
Species,cupCarTeam,35,39,0.897436
Species,debut3year,35,144,0.243056
Species,fat,35,53,0.660377
Species,goldenHiero,35,35,1.000000
Species,gpFastestLaps,35,423,0.082742
Species,headerimage,35,202,0.173267
Species,imageWidth,35,5281,0.006628
Species,irlCarTeam,35,40,0.875000
Species,jersey,35,61,0.573770
Species,motoeTotalPoints,35,37,0.945946
Species,nllTeam,35,216,0.162037
Species,retirement,35,35,1.000000
Species,rlAmateurclubs,35,38,0.921053
Species,season7TeamLink,35,96,0.364583
Species,stat6label,35,322,0.108696
Species,synagogueposition,35,135,0.259259
Species,war,35,38,0.921053
AdministrativeRegion,2021MedianAgeM,35,61,0.573770
AdministrativeRegion,arealast,35,35,1.000000
AdministrativeRegion,author,35,79,0.443038
AdministrativeRegion,frameLong,35,35,1.000000
AdministrativeRegion,julRecordLowF,35,63,0.555556
AdministrativeRegion,localLists,35,1630,0.021472
AdministrativeRegion,marSnowInch,35,44,0.795455
AdministrativeRegion,onsCode,35,41,0.853659
AdministrativeRegion,populationfirstyear,35,552,0.063406
AdministrativeRegion,populationFootnotes,35,91,0.384615
AdministrativeRegion,style,35,73,0.479452
Person,electionMajority,34,34,1.000000
Person,prospectLeague,34,953,0.035677
Person,branchLabel,34,1236,0.027508
Person,by,34,1391,0.024443
Person,cat,34,58,0.586207
Person,championship,34,6740,0.005045
Person,chiefMinister,34,37,0.918919
Person,combatant,34,36,0.944444
Person,convicted,34,34,1.000000
Person,freeText,34,38,0.894737
Person,grandSlamVictories,34,226,0.150442
Person,judges,34,34,1.000000
Person,lccn,34,36,0.944444
Person,maddhab,34,178,0.191011
Person,ocArchive,34,34,1.000000
Person,presidentStart,34,34,1.000000
Person,qn,34,34,1.000000
Person,revision,34,34,1.000000
Person,season11Assists,34,52,0.653846
Person,season8PenaltyMinutes,34,78,0.435897
Person,stateabb,34,91,0.373626
Person,umplistadebutyr,34,67,0.507463
Person,wptMoneyFinishes,34,467,0.072805
Person,year9start,34,160,0.212500
Person,yearsInCup,34,712,0.047753
Species,electionMajority,34,34,1.000000
Species,prospectLeague,34,953,0.035677
Species,branchLabel,34,1236,0.027508
Species,by,34,1392,0.024425
Species,cat,34,58,0.586207
Species,championship,34,6740,0.005045
Species,chiefMinister,34,37,0.918919
Species,combatant,34,36,0.944444
Species,convicted,34,34,1.000000
Species,freeText,34,38,0.894737
Species,grandSlamVictories,34,226,0.150442
Species,judges,34,34,1.000000
Species,lccn,34,36,0.944444
Species,maddhab,34,178,0.191011
Species,ocArchive,34,34,1.000000
Species,presidentStart,34,34,1.000000
Species,qn,34,34,1.000000
Species,season11Assists,34,52,0.653846
Species,season8PenaltyMinutes,34,78,0.435897
Species,stateabb,34,91,0.373626
Species,umplistadebutyr,34,67,0.507463
Species,vie,34,34,1.000000
Species,wptMoneyFinishes,34,467,0.072805
Species,year9start,34,160,0.212500
Species,yearsInCup,34,712,0.047753
Galaxy,arp,34,35,0.971429
ChemicalCompound,last,34,34,1.000000
AdministrativeRegion,2000densityus,34,35,0.971429
AdministrativeRegion,2016AccessDate,34,66,0.515152
AdministrativeRegion,augRecordLowF,34,61,0.557377
AdministrativeRegion,blank5NameSec,34,62,0.548387
AdministrativeRegion,citySeal,34,34,1.000000
AdministrativeRegion,dean,34,44,0.772727
AdministrativeRegion,febdSun,34,60,0.566667
AdministrativeRegion,febRecordHighF,34,62,0.548387
AdministrativeRegion,junRecordLowF,34,61,0.557377
AdministrativeRegion,mayRecordLowF,34,62,0.548387
Person,address,33,33,1.000000
Person,affiliation,33,65,0.507692
Person,allstars,33,2506,0.013168
Person,appearancesd,33,465,0.070968
Person,arcaTopTens,33,123,0.268293
Person,buschCarTeam,33,42,0.785714
Person,careerEndCoach,33,67,0.492537
Person,careerPosition,33,7322,0.004507
Person,coachgamesa,33,231,0.142857
Person,highestRankingDate,33,34,0.970588
Person,hofCoach,33,33,1.000000
Person,inches,33,2717,0.012146
Person,initiationDate,33,35,0.942857
Person,interiorStart,33,34,0.970588
Person,languages,33,81,0.407407
Person,nllDraftYear,33,283,0.116608
Person,partof,33,63,0.523810
Person,premierLeague,33,47,0.702128
Person,presidentEnd,33,33,1.000000
Person,products,33,47,0.702128
Person,ruYear4end,33,43,0.767442
Person,saTotalPoints,33,33,1.000000
Person,season1GroundBalls,33,61,0.540984
Person,season2GroundBalls,33,59,0.559322
Person,torse,33,50,0.660000
Person,totalCanadaRaces,33,58,0.568966
Person,truckCarTeam,33,37,0.891892
Person,ttContested,33,106,0.311321
Person,vie,33,33,1.000000
Person,winningcounties,33,47,0.702128
Species,sex,33,5369,0.006146
Species,address,33,33,1.000000
Species,affiliation,33,65,0.507692
Species,allstars,33,2506,0.013168
Species,appearancesd,33,465,0.070968
Species,arcaTopTens,33,123,0.268293
Species,buschCarTeam,33,42,0.785714
Species,careerEndCoach,33,67,0.492537
Species,careerPosition,33,7322,0.004507
Species,coachgamesa,33,231,0.142857
Species,highestRankingDate,33,34,0.970588
Species,hofCoach,33,33,1.000000
Species,inches,33,2717,0.012146
Species,initiationDate,33,35,0.942857
Species,interiorStart,33,34,0.970588
Species,languages,33,81,0.407407
Species,nllDraftYear,33,283,0.116608
Species,partof,33,63,0.523810
Species,phosphorusMg,33,45,0.733333
Species,premierLeague,33,47,0.702128
Species,presidentEnd,33,33,1.000000
Species,products,33,47,0.702128
Species,ruYear4end,33,43,0.767442
Species,saTotalPoints,33,33,1.000000
Species,season1GroundBalls,33,61,0.540984
Species,season2GroundBalls,33,59,0.559322
Species,thiaminMg,33,45,0.733333
Species,torse,33,50,0.660000
Species,totalCanadaRaces,33,58,0.568966
Species,truckCarTeam,33,37,0.891892
Species,ttContested,33,106,0.311321
Species,winningcounties,33,47,0.702128
AdministrativeRegion,2000density,33,34,0.970588
AdministrativeRegion,2011MeanHhIncome,33,48,0.687500
AdministrativeRegion,augdSun,33,60,0.550000
AdministrativeRegion,coordinates,33,53,0.622642
AdministrativeRegion,districtAdmin,33,33,1.000000
AdministrativeRegion,maydSun,33,60,0.550000
AdministrativeRegion,sepdSun,33,59,0.559322
Person,247School,32,55,0.581818
Person,amKowin,32,112,0.285714
Person,coDriver,32,33,0.969697
Person,firstFlightDate,32,35,0.914286
Person,goldenhiero,32,32,1.000000
Person,interiorEnd,32,32,1.000000
Person,missEarthPanamá,32,48,0.666667
Person,nfldraftedround,32,480,0.066667
Person,nom,32,39,0.820513
Person,otherTeam,32,36,0.888889
Person,prevCanadaPos,32,36,0.888889
Person,sbkActiveYears,32,146,0.219178
Person,season3Shots,32,45,0.711111
Person,season8TeamLink,32,89,0.359551
Species,conservationStatus,32,4281,0.007475
Species,247School,32,55,0.581818
Species,amKowin,32,112,0.285714
Species,coDriver,32,33,0.969697
Species,concern,32,524,0.061069
Species,fiber,32,47,0.680851
Species,firstFlightDate,32,35,0.914286
Species,goldenhiero,32,32,1.000000
Species,interiorEnd,32,32,1.000000
Species,missEarthPanamá,32,48,0.666667
Species,nfldraftedround,32,480,0.066667
Species,nom,32,39,0.820513
Species,otherTeam,32,36,0.888889
Species,prevCanadaPos,32,36,0.888889
Species,sbkActiveYears,32,146,0.219178
Species,season3Shots,32,45,0.711111
Species,season8TeamLink,32,89,0.359551
AdministrativeRegion,2021MedianAge,32,61,0.524590
AdministrativeRegion,2021MedianAgeF,32,61,0.524590
AdministrativeRegion,aprdSun,32,59,0.542373
AdministrativeRegion,areafirstyear,32,424,0.075472
AdministrativeRegion,insect,32,52,0.615385
AdministrativeRegion,janRecordHighF,32,62,0.516129
AdministrativeRegion,mardSun,32,60,0.533333
AdministrativeRegion,populationNote,32,87,0.367816
AdministrativeRegion,yearAdopted,32,35,0.914286
Person,afldraftedpick,31,47,0.659574
Person,clcounty,31,3151,0.009838
Person,coachyearcstart,31,39,0.794872
Person,events,31,32,0.968750
Person,goldYear,31,368,0.084239
Person,ground,31,36,0.861111
Person,heightcm,31,78,0.397436
Person,heightFt,31,56433,0.000549
Person,letter,31,421,0.073634
Person,mixedrecord,31,92,0.336957
Person,moto3Manufacturers,31,333,0.093093
Person,motogpLastPosition,31,115,0.269565
Person,ncaasweetsixteen,31,60,0.516667
Person,rd2Team,31,32,0.968750
Person,refereeyear1start,31,44,0.704545
Person,season1Year,31,189,0.164021
Person,season3Team,31,66,0.469697
Person,strength,31,32,0.968750
Person,taoiseach,31,532,0.058271
Person,triesb,31,2498,0.012410
Person,usopenresult,31,4156,0.007459
Person,vicePresident,31,34,0.911765
Person,worldchampion,31,40,0.775000
Person,yearfstart,31,62,0.500000
Person,yearsInBusch,31,706,0.043909
Species,colour,31,4617,0.006714
Species,afldraftedpick,31,47,0.659574
Species,clcounty,31,3151,0.009838
Species,coachyearcstart,31,39,0.794872
Species,events,31,32,0.968750
Species,goldYear,31,368,0.084239
Species,ground,31,36,0.861111
Species,heightcm,31,78,0.397436
Species,heightFt,31,56433,0.000549
Species,letter,31,421,0.073634
Species,mixedrecord,31,92,0.336957
Species,moto3Manufacturers,31,333,0.093093
Species,motogpLastPosition,31,115,0.269565
Species,ncaasweetsixteen,31,60,0.516667
Species,rd2Team,31,32,0.968750
Species,refereeyear1start,31,44,0.704545
Species,season1Year,31,189,0.164021
Species,season3Team,31,66,0.469697
Species,strength,31,32,0.968750
Species,taoiseach,31,532,0.058271
Species,triesb,31,2498,0.012410
Species,usopenresult,31,4156,0.007459
Species,vicePresident,31,34,0.911765
Species,worldchampion,31,40,0.775000
Species,yearfstart,31,62,0.500000
Species,yearsInBusch,31,706,0.043909
Star,metal2Fe,31,38,0.815789
ChemicalCompound,id,31,31,1.000000
ChemicalCompound,indicatorName,31,31,1.000000
AdministrativeRegion,2006AccessDate,31,75,0.413333
AdministrativeRegion,areaCouncilKm,31,31,1.000000
AdministrativeRegion,code,31,54,0.574074
AdministrativeRegion,decRecordHighF,31,61,0.508197
AdministrativeRegion,elecref,31,44,0.704545
AdministrativeRegion,frameLat,31,35,0.885714
AdministrativeRegion,gazetted,31,74,0.418919
AdministrativeRegion,header,31,68,0.455882
AdministrativeRegion,høyre,31,2177,0.014240
AdministrativeRegion,mayorParty,31,428,0.072430
AdministrativeRegion,munFormation1NoOfRuralSettlements,31,1268,0.024448
AdministrativeRegion,noOfSelsovietsType,31,967,0.032058
AdministrativeRegion,page,31,33,0.939394
AdministrativeRegion,representative,31,117,0.264957
AdministrativeRegion,timezone2Location,31,32,0.968750
AdministrativeRegion,utcOffset1Dst,31,995,0.031156
AdministrativeRegion,yearMeanF,31,34,0.911765
Person,250LastPosition,30,79,0.379747
Person,australianopenresult,30,3643,0.008235
Person,bats,30,25587,0.001172
Person,buschWins,30,709,0.042313
Person,careerFootnotes,30,294,0.102041
Person,championshipList,30,34,0.882353
Person,chartPosition,30,30,1.000000
Person,clpositionf,30,57,0.526316
Person,clubname,30,30,1.000000
Person,coachpfr,30,30,1.000000
Person,financeStart,30,34,0.882353
Person,firstTruckRace,30,671,0.044709
Person,frenchopenresult,30,4078,0.007357
Person,ft,30,1963,0.015283
Person,gpChampionships,30,226,0.132743
Person,lastt20ifor,30,64,0.468750
Person,lastTruckRace,30,553,0.054250
Person,more,30,858,0.034965
Person,ncaacollegecup,30,44,0.681818
Person,otheroccupation,30,34,0.882353
Person,otherYears,30,38,0.789474
Person,post5years,30,42,0.714286
Person,ridername,30,30,1.000000
Person,saPodiums,30,33,0.909091
Person,sbkFastestLaps,30,215,0.139535
Person,sbkRaceWins,30,205,0.146341
Person,season10Goals,30,58,0.517241
Person,season12Assists,30,41,0.731707
Person,spinoffOf,30,36,0.833333
Person,stateEnd,30,30,1.000000
Person,stateStart,30,30,1.000000
Person,statseason,30,2801,0.010710
Person,trialEnd,30,30,1.000000
Person,wdf,30,181,0.165746
Person,wsopFinalTables,30,238,0.126050
Person,yearend,30,69,0.434783
Species,250LastPosition,30,79,0.379747
Species,australianopenresult,30,3643,0.008235
Species,bats,30,25587,0.001172
Species,buschWins,30,709,0.042313
Species,careerFootnotes,30,294,0.102041
Species,championshipList,30,34,0.882353
Species,chartPosition,30,30,1.000000
Species,clpositionf,30,57,0.526316
Species,clubname,30,30,1.000000
Species,coachpfr,30,30,1.000000
Species,financeStart,30,34,0.882353
Species,firstTruckRace,30,671,0.044709
Species,frenchopenresult,30,4078,0.007357
Species,ft,30,1963,0.015283
Species,gpChampionships,30,226,0.132743
Species,lastt20ifor,30,64,0.468750
Species,lastTruckRace,30,553,0.054250
Species,more,30,858,0.034965
Species,ncaacollegecup,30,44,0.681818
Species,otheroccupation,30,34,0.882353
Species,otherYears,30,38,0.789474
Species,post5years,30,42,0.714286
Species,ridername,30,30,1.000000
Species,saPodiums,30,33,0.909091
Species,sbkFastestLaps,30,215,0.139535
Species,sbkRaceWins,30,205,0.146341
Species,season10Goals,30,58,0.517241
Species,season12Assists,30,41,0.731707
Species,spinoffOf,30,36,0.833333
Species,stateEnd,30,30,1.000000
Species,stateStart,30,30,1.000000
Species,statseason,30,2801,0.010710
Species,trialEnd,30,30,1.000000
Species,vitkUg,30,31,0.967742
Species,water,30,35,0.857143
Species,wdf,30,181,0.165746
Species,wsopFinalTables,30,238,0.126050
Species,yearend,30,69,0.434783
ChemicalCompound,lowPh,30,33,0.909091
AdministrativeRegion,dissolutionDate,30,79,0.379747
AdministrativeRegion,2011AccessDate,30,76,0.394737
AdministrativeRegion,coaPic,30,30,1.000000
AdministrativeRegion,commons,30,37,0.810811
AdministrativeRegion,gemstone,30,36,0.833333
AdministrativeRegion,imageP,30,105,0.285714
AdministrativeRegion,marRecordHighF,30,60,0.500000
AdministrativeRegion,mayorAsOf,30,432,0.069444
AdministrativeRegion,patriarch,30,107,0.280374
AdministrativeRegion,popLatestDate,30,147,0.204082
AdministrativeRegion,pushpinLabelPosition,30,6797,0.004414
AdministrativeRegion,volume,30,112,0.267857
AdministrativeRegion,yearRecordLowF,30,37,0.810811
Person,supplementalDraftYear,29,72,0.402778
Person,archiveUrl,29,29,1.000000
Person,buschPoles,29,709,0.040903
Person,casualties,29,33,0.878788
Person,cposition,29,75,0.386667
Person,elevatedBy,29,135,0.214815
Person,financeEnd,29,33,0.878788
Person,gpPoles,29,423,0.068558
Person,imageFile,29,29,1.000000
Person,initiationPlace,29,31,0.935484
Person,mmaWin,29,124,0.233871
Person,nativeLang2Name,29,31,0.935484
Person,perpetrator,29,31,0.935484
Person,prevBuschYear,29,363,0.079890
Person,r,29,69,0.420290
Person,results,29,105,0.276190
Person,ruTeamd,29,33,0.878788
Person,ruYearcend,29,33,0.878788
Person,saRaceStarts,29,29,1.000000
Person,sbkLastSeason,29,163,0.177914
Person,season2Year,29,178,0.162921
Person,season9PenaltyMinutes,29,67,0.432836
Person,skis,29,81,0.358025
Person,umplistalastyr,29,62,0.467742
Person,wimbledonresult,29,4628,0.006266
Person,yushos,29,592,0.048986
Species,supplementalDraftYear,29,72,0.402778
Species,archiveUrl,29,29,1.000000
Species,buschPoles,29,709,0.040903
Species,casualties,29,33,0.878788
Species,cposition,29,75,0.386667
Species,elevatedBy,29,135,0.214815
Species,financeEnd,29,33,0.878788
Species,gpPoles,29,423,0.068558
Species,imageFile,29,29,1.000000
Species,initiationPlace,29,31,0.935484
Species,mmaWin,29,124,0.233871
Species,nativeLang2Name,29,31,0.935484
Species,perpetrator,29,31,0.935484
Species,prevBuschYear,29,363,0.079890
Species,r,29,69,0.420290
Species,results,29,105,0.276190
Species,riboflavinMg,29,45,0.644444
Species,ruTeamd,29,33,0.878788
Species,ruYearcend,29,33,0.878788
Species,saRaceStarts,29,29,1.000000
Species,sbkLastSeason,29,163,0.177914
Species,season2Year,29,178,0.162921
Species,season9PenaltyMinutes,29,67,0.432836
Species,skis,29,81,0.358025
Species,umplistalastyr,29,62,0.467742
Species,wimbledonresult,29,4628,0.006266
Species,wines,29,32,0.906250
Species,yushos,29,592,0.048986
Species,zincMg,29,41,0.707317
Star,luminosityVisual,29,29,1.000000
ChemicalCompound,book,29,56,0.517857
ChemicalCompound,first,29,31,0.935484
ChemicalCompound,highPh,29,33,0.878788
AdministrativeRegion,border,29,219,0.132420
AdministrativeRegion,districts,29,47,0.617021
AdministrativeRegion,gd,29,29,1.000000
AdministrativeRegion,novSnowInch,29,44,0.659091
AdministrativeRegion,scale,29,58,0.500000
AdministrativeRegion,totalWidth,29,73,0.397260
AdministrativeRegion,votes%25_,29,29,1.000000
Person,sport,28,2829,0.009897
Person,2loc,28,28,1.000000
Person,amateurTeam,28,58,0.482759
Person,character,28,28,1.000000
Person,christeningDate,28,30,0.933333
Person,coachplayoffrecord,28,73,0.383562
Person,criminalActivities,28,30,0.933333
Person,director,28,28,1.000000
Person,draftedround,28,174,0.160920
Person,eurowins,28,548,0.051095
Person,extraColumn,28,68,0.411765
Person,finance,28,33,0.848485
Person,firstArcaRace,28,121,0.231405
Person,firstTruckWin,28,112,0.250000
Person,h,28,28,1.000000
Person,iccfworldchampion,28,39,0.717949
Person,imageWidth,28,43,0.651163
Person,jlpgawins,28,93,0.301075
Person,koLosses,28,4585,0.006107
Person,lastTruckWin,28,78,0.358974
Person,mlcts,28,28,1.000000
Person,mllTeam,28,111,0.252252
Person,motogpPodiums,28,118,0.237288
Person,nextTitle,28,28,1.000000
Person,optionName,28,55,0.509091
Person,previousTeams,28,31,0.903226
Person,refereeyear1end,28,35,0.800000
Person,rtitle,28,28,1.000000
Person,ruAppearancesb,28,148,0.189189
Person,sbkManufacturers,28,368,0.076087
Person,season3GroundBalls,28,47,0.595745
Person,season3PlayoffLooseBalls,28,66,0.424242
Person,season3Year,28,163,0.171779
Person,subcat,28,179,0.156425
Person,suppdraftyear,28,70,0.400000
Person,wcseasons,28,683,0.040996
Person,x,28,132,0.212121
Person,year9end,28,84,0.333333
Person,z,28,28,1.000000
Species,sport,28,2829,0.009897
Species,2loc,28,28,1.000000
Species,amateurTeam,28,58,0.482759
Species,at,28,29,0.965517
Species,character,28,28,1.000000
Species,christeningDate,28,30,0.933333
Species,coachplayoffrecord,28,73,0.383562
Species,criminalActivities,28,30,0.933333
Species,director,28,28,1.000000
Species,draftedround,28,174,0.160920
Species,eurowins,28,548,0.051095
Species,extraColumn,28,68,0.411765
Species,finance,28,33,0.848485
Species,firstArcaRace,28,121,0.231405
Species,firstTruckWin,28,112,0.250000
Species,h,28,28,1.000000
Species,iccfworldchampion,28,39,0.717949
Species,jlpgawins,28,93,0.301075
Species,koLosses,28,4585,0.006107
Species,lastTruckWin,28,78,0.358974
Species,mlcts,28,28,1.000000
Species,mllTeam,28,111,0.252252
Species,motogpPodiums,28,118,0.237288
Species,nextTitle,28,28,1.000000
Species,optionName,28,55,0.509091
Species,phylumAuthority,28,33,0.848485
Species,previousTeams,28,31,0.903226
Species,refereeyear1end,28,35,0.800000
Species,rtitle,28,28,1.000000
Species,ruAppearancesb,28,148,0.189189
Species,sbkManufacturers,28,368,0.076087
Species,season3GroundBalls,28,47,0.595745
Species,season3PlayoffLooseBalls,28,66,0.424242
Species,season3Year,28,163,0.171779
Species,subcat,28,179,0.156425
Species,suppdraftyear,28,70,0.400000
Species,vitaUg,28,32,0.875000
Species,wcseasons,28,683,0.040996
Species,x,28,132,0.212121
Species,year9end,28,84,0.333333
Species,z,28,28,1.000000
Star,an,28,53,0.528302
ChemicalCompound,b,28,108,0.259259
AdministrativeRegion,populationMetro,28,30,0.933333
AdministrativeRegion,2001AccessDate,28,66,0.424242
AdministrativeRegion,e,28,34,0.823529
AdministrativeRegion,gssCode,28,28,1.000000
AdministrativeRegion,junRecordHighF,28,60,0.466667
AdministrativeRegion,mayRecordHighF,28,61,0.459016
AdministrativeRegion,novRecordHighF,28,60,0.466667
AdministrativeRegion,populationMetro,28,30,0.933333
Person,ancestry,27,36,0.750000
Person,canadaTopTens,27,60,0.450000
Person,captionLeft,27,29,0.931034
Person,captionRight,27,29,0.931034
Person,coachsinglestitles,27,43,0.627907
Person,coachyear5end,27,38,0.710526
Person,code,27,4779,0.005650
Person,commonwealth,27,38,0.710526
Person,currentOccupation,27,32,0.843750
Person,fdDate,27,529,0.051040
Person,line,27,68,0.397059
Person,noContests,27,1584,0.017045
Person,olympicteams,27,645,0.041860
Person,patternSh,27,37,0.729730
Person,penname,27,27,1.000000
Person,r2votes,27,27,1.000000
Person,season11Goals,27,49,0.551020
Person,season13LooseBalls,27,33,0.818182
Person,timeAtLarge,27,27,1.000000
Person,ttPodiums,27,105,0.257143
Person,whaDraftTeam,27,443,0.060948
Person,year10start,27,102,0.264706
Person,yearstart,27,104,0.259615
Species,kingdom,27,100778,0.000268
Species,ancestry,27,36,0.750000
Species,canadaTopTens,27,60,0.450000
Species,captionLeft,27,29,0.931034
Species,captionRight,27,29,0.931034
Species,coachsinglestitles,27,43,0.627907
Species,coachyear5end,27,38,0.710526
Species,code,27,4779,0.005650
Species,commonwealth,27,38,0.710526
Species,currentOccupation,27,32,0.843750
Species,fdDate,27,529,0.051040
Species,line,27,68,0.397059
Species,noContests,27,1584,0.017045
Species,olympicteams,27,645,0.041860
Species,patternSh,27,37,0.729730
Species,penname,27,27,1.000000
Species,r2votes,27,27,1.000000
Species,season11Goals,27,49,0.551020
Species,season13LooseBalls,27,33,0.818182
Species,timeAtLarge,27,27,1.000000
Species,ttPodiums,27,105,0.257143
Species,viteMg,27,28,0.964286
Species,whaDraftTeam,27,443,0.060948
Species,year10start,27,102,0.264706
Species,yearstart,27,104,0.259615
AdministrativeRegion,abbreviation,27,38,0.710526
AdministrativeRegion,judicialVicar,27,27,1.000000
AdministrativeRegion,officialLangList,27,31,0.870968
AdministrativeRegion,periph,27,2792,0.009670
AdministrativeRegion,phfs,27,29,0.931034
AdministrativeRegion,popEstAsOf,27,1162,0.023236
AdministrativeRegion,seats,27,38,0.710526
AdministrativeRegion,soil,27,27,1.000000
AdministrativeRegion,stations,27,35,0.771429
AdministrativeRegion,statRef,27,136,0.198529
Person,selection,26,608,0.042763
Person,whaDraftTeam,26,444,0.058559
Person,about,26,355,0.073239
Person,bowloutcome,26,2333,0.011144
Person,cover,26,26,1.000000
Person,danishleague,26,40,0.650000
Person,day,26,153,0.169935
Person,eventType,26,73,0.356164
Person,fontsize,26,341,0.076246
Person,formerteams,26,26,1.000000
Person,goalsd,26,454,0.057269
Person,haircolour,26,129,0.201550
Person,hangulstage,26,26,1.000000
Person,heightinch,26,1074,0.024209
Person,japwins,26,347,0.074928
Person,medal,26,267,0.097378
Person,mncRom,26,28,0.928571
Person,moto2Podiums,26,227,0.114537
Person,ncaarunnerup,26,30,0.866667
Person,oldid,26,26,1.000000
Person,part,26,90,0.288889
Person,portaldisp,26,352,0.073864
Person,presentPost,26,26,1.000000
Person,racingAircraft,26,47,0.553191
Person,rlAmateuryears,26,29,0.896552
Person,ruRefereeupdate,26,32,0.812500
Person,ruYear5start,26,36,0.722222
Person,saLastPoints,26,33,0.787879
Person,season10PenaltyMinutes,26,61,0.426230
Person,season4Year,26,145,0.179310
Person,season5Year,26,126,0.206349
Person,spoken,26,81,0.320988
Person,studio,26,165,0.157576
Person,totalChampRaces,26,27,0.962963
Person,vpState,26,40,0.650000
Person,warEnd,26,26,1.000000
Person,warStart,26,26,1.000000
Species,selection,26,608,0.042763
Species,whaDraftTeam,26,444,0.058559
Species,about,26,355,0.073239
Species,bowloutcome,26,2333,0.011144
Species,cover,26,26,1.000000
Species,danishleague,26,40,0.650000
Species,day,26,153,0.169935
Species,eventType,26,73,0.356164
Species,fontsize,26,357,0.072829
Species,formerteams,26,26,1.000000
Species,goalsd,26,454,0.057269
Species,haircolour,26,129,0.201550
Species,hangulstage,26,26,1.000000
Species,heightinch,26,1074,0.024209
Species,japwins,26,347,0.074928
Species,magnesiumMg,26,45,0.577778
Species,medal,26,267,0.097378
Species,mncRom,26,28,0.928571
Species,moto2Podiums,26,227,0.114537
Species,ncaarunnerup,26,30,0.866667
Species,oldid,26,26,1.000000
Species,part,26,90,0.288889
Species,portaldisp,26,352,0.073864
Species,presentPost,26,26,1.000000
Species,racingAircraft,26,47,0.553191
Species,rlAmateuryears,26,29,0.896552
Species,ruRefereeupdate,26,32,0.812500
Species,ruYear5start,26,36,0.722222
Species,saLastPoints,26,33,0.787879
Species,season10PenaltyMinutes,26,61,0.426230
Species,season4Year,26,145,0.179310
Species,season5Year,26,126,0.206349
Species,spoken,26,81,0.320988
Species,studio,26,165,0.157576
Species,subordoAuthority,26,26,1.000000
Species,totalChampRaces,26,27,0.962963
Species,vpState,26,40,0.650000
Species,warEnd,26,26,1.000000
Species,warStart,26,26,1.000000
Galaxy,ref,26,26,1.000000
Galaxy,reference,26,26,1.000000
AdministrativeRegion,anthem,26,30,0.866667
AdministrativeRegion,augRecordHighF,26,63,0.412698
AdministrativeRegion,countyCouncil,26,26,1.000000
AdministrativeRegion,fedElectionFirst,26,832,0.031250
AdministrativeRegion,imagesize,26,1021,0.025465
AdministrativeRegion,julRecordHighF,26,63,0.412698
AdministrativeRegion,octRecordHighF,26,63,0.412698
AdministrativeRegion,regierungsbezirk,26,177,0.146893
AdministrativeRegion,unitaryCouncil,26,26,1.000000
AdministrativeRegion,voy,26,69,0.376812
AdministrativeRegion,wuu,26,28,0.928571
AdministrativeRegion,yearSnowInch,26,27,0.962963
Person,bookNumber,25,60,0.416667
Person,chairman,25,26,0.961538
Person,coachteamc,25,41,0.609756
Person,coLeader,25,26,0.961538
Person,conferenceShort,25,89,0.280899
Person,danceDate,25,521,0.047985
Person,dates,25,30,0.833333
Person,educationStart,25,25,1.000000
Person,eptMoneyFinishes,25,282,0.088652
Person,europeanChampionshipAppearances,25,781,0.032010
Person,final3year,25,97,0.257732
Person,flourished,25,35,0.714286
Person,harvid,25,25,1.000000
Person,laborStart,25,25,1.000000
Person,mmaDecwin,25,2382,0.010495
Person,nameTranscription,25,26,0.961538
Person,nation,25,90,0.277778
Person,navy,25,29,0.862069
Person,ncaachampion,25,29,0.862069
Person,nextYear,25,45,0.555556
Person,originaltitle,25,25,1.000000
Person,otherDevice,25,1012,0.024704
Person,pointse,25,157,0.159236
Person,prevYear,25,62,0.403226
Person,pubDate,25,27,0.925926
Person,rd,25,38,0.657895
Person,season10TeamLink,25,71,0.352113
Person,season4Shots,25,32,0.781250
Person,season4Team,25,53,0.471698
Person,season6PlayoffLooseBalls,25,64,0.390625
Person,season9TeamLink,25,83,0.301205
Person,teamwins,25,629,0.039746
Person,throws,25,25850,0.000967
Person,titleyears,25,32,0.781250
Person,valid,25,25,1.000000
Species,bookNumber,25,60,0.416667
Species,chairman,25,26,0.961538
Species,coachteamc,25,41,0.609756
Species,coLeader,25,26,0.961538
Species,conferenceShort,25,89,0.280899
Species,danceDate,25,521,0.047985
Species,dates,25,30,0.833333
Species,educationStart,25,25,1.000000
Species,eptMoneyFinishes,25,282,0.088652
Species,europeanChampionshipAppearances,25,781,0.032010
Species,final3year,25,97,0.257732
Species,flourished,25,35,0.714286
Species,harvid,25,25,1.000000
Species,laborStart,25,25,1.000000
Species,mmaDecwin,25,2382,0.010495
Species,nameTranscription,25,26,0.961538
Species,nation,25,90,0.277778
Species,navy,25,29,0.862069
Species,ncaachampion,25,29,0.862069
Species,nextYear,25,45,0.555556
Species,originaltitle,25,25,1.000000
Species,otherDevice,25,1012,0.024704
Species,pointse,25,157,0.159236
Species,prevYear,25,62,0.403226
Species,pubDate,25,27,0.925926
Species,rd,25,38,0.657895
Species,season10TeamLink,25,71,0.352113
Species,season4Shots,25,32,0.781250
Species,season4Team,25,53,0.471698
Species,season6PlayoffLooseBalls,25,64,0.390625
Species,season9TeamLink,25,83,0.301205
Species,sectio,25,46,0.543478
Species,teamwins,25,629,0.039746
Species,throws,25,25850,0.000967
Species,titleyears,25,32,0.781250
Species,valid,25,25,1.000000
ChemicalCompound,section,25,27,0.925926
AdministrativeRegion,areaCouncilRank,25,31,0.806452
AdministrativeRegion,arealastyear,25,396,0.063131
AdministrativeRegion,coadjutor,25,25,1.000000
AdministrativeRegion,demoElectorsDate,25,940,0.026596
AdministrativeRegion,lang1Content,25,45,0.555556
AdministrativeRegion,latitude,25,53,0.471698
AdministrativeRegion,populationlastyear,25,495,0.050505
AdministrativeRegion,populationsecondyear,25,167,0.149701
AdministrativeRegion,shieldSize,25,309,0.080906
Person,125Podiums,24,203,0.118227
Person,align,24,9036,0.002656
Person,arcaEastCarTeam,24,34,0.705882
Person,at,24,24,1.000000
Person,christeningPlace,24,28,0.857143
Person,coachdraws,24,779,0.030809
Person,concern,24,25,0.960000
Person,cstatsLeague,24,162,0.148148
Person,currentyears,24,129,0.186047
Person,debut2league,24,1235,0.019433
Person,designation,24,118,0.203390
Person,directedby,24,24,1.000000
Person,educationEnd,24,24,1.000000
Person,hairColour,24,163,0.147239
Person,hangulho,24,29,0.827586
Person,helm,24,36,0.666667
Person,icallireland,24,3775,0.006358
Person,icprovince,24,3797,0.006321
Person,isbn,24,80,0.300000
Person,labor,24,25,0.960000
Person,laborEnd,24,24,1.000000
Person,mayor,24,25,0.960000
Person,moto2ActiveYears,24,158,0.151899
Person,ncaatourneys,24,91,0.263736
Person,nominee,24,25,0.960000
Person,officePredecessor,24,24,1.000000
Person,officeSuccessor,24,24,1.000000
Person,placeofburialCoordinates,24,25,0.960000
Person,prevTruckYear,24,409,0.058680
Person,rlCoachteams,24,26,0.923077
Person,rlNationalpoints,24,122,0.196721
Person,ruCoachyear1start,24,30,0.800000
Person,saRaceWins,24,33,0.727273
Person,season12Goals,24,40,0.600000
Person,season13Assists,24,34,0.705882
Person,season2PlayoffLooseBalls,24,61,0.393443
Person,season4GroundBalls,24,34,0.705882
Person,season4PlayoffLooseBalls,24,67,0.358209
Person,season5PlayoffLooseBalls,24,70,0.342857
Person,season6Year,24,114,0.210526
Person,segpres,24,24,1.000000
Person,segpresStart,24,24,1.000000
Person,sgpFinals,24,42,0.571429
Person,shield,24,28,0.857143
Person,siteStadium,24,24,1.000000
Person,ssPodiums,24,174,0.137931
Person,totalArcaWestRaces,24,75,0.320000
Person,translittitle,24,24,1.000000
Person,usopendoublesresult,24,2747,0.008737
Person,year11start,24,67,0.358209
Species,125Podiums,24,203,0.118227
Species,align,24,9123,0.002631
Species,arcaEastCarTeam,24,34,0.705882
Species,christeningPlace,24,28,0.857143
Species,coachdraws,24,779,0.030809
Species,colwidth,24,1570,0.015287
Species,cstatsLeague,24,162,0.148148
Species,currentyears,24,129,0.186047
Species,debut2league,24,1235,0.019433
Species,designation,24,118,0.203390
Species,directedby,24,24,1.000000
Species,educationEnd,24,24,1.000000
Species,hairColour,24,163,0.147239
Species,hangulho,24,29,0.827586
Species,helm,24,36,0.666667
Species,icallireland,24,3775,0.006358
Species,icprovince,24,3797,0.006321
Species,isbn,24,80,0.300000
Species,labor,24,25,0.960000
Species,laborEnd,24,24,1.000000
Species,mayor,24,25,0.960000
Species,moto2ActiveYears,24,158,0.151899
Species,ncaatourneys,24,91,0.263736
Species,nominee,24,25,0.960000
Species,officePredecessor,24,24,1.000000
Species,officeSuccessor,24,24,1.000000
Species,placeofburialCoordinates,24,25,0.960000
Species,prevTruckYear,24,409,0.058680
Species,rlCoachteams,24,26,0.923077
Species,rlNationalpoints,24,122,0.196721
Species,ruCoachyear1start,24,30,0.800000
Species,saRaceWins,24,33,0.727273
Species,season12Goals,24,40,0.600000
Species,season13Assists,24,34,0.705882
Species,season2PlayoffLooseBalls,24,61,0.393443
Species,season4GroundBalls,24,34,0.705882
Species,season4PlayoffLooseBalls,24,67,0.358209
Species,season5PlayoffLooseBalls,24,70,0.342857
Species,season6Year,24,114,0.210526
Species,segpres,24,24,1.000000
Species,segpresStart,24,24,1.000000
Species,sgpFinals,24,42,0.571429
Species,shield,24,28,0.857143
Species,siteStadium,24,24,1.000000
Species,ssPodiums,24,174,0.137931
Species,totalArcaWestRaces,24,75,0.320000
Species,translittitle,24,24,1.000000
Species,usopendoublesresult,24,2747,0.008737
Species,year11start,24,67,0.358209
Star,appmag1Passband,24,402,0.059701
Star,p,24,27,0.888889
Star,periargPrimary,24,24,1.000000
ChemicalCompound,height,24,25,0.960000
ChemicalCompound,p,24,86,0.279070
AdministrativeRegion,affiliation,24,812,0.029557
AdministrativeRegion,aprSnowDays,24,73,0.328767
AdministrativeRegion,crest,24,24,1.000000
AdministrativeRegion,d,24,63,0.380952
AdministrativeRegion,extinctTitle,24,157,0.152866
AdministrativeRegion,flagSize,24,326,0.073620
AdministrativeRegion,labela,24,25,0.960000
AdministrativeRegion,labelAngle,24,31,0.774194
AdministrativeRegion,logoPic,24,24,1.000000
AdministrativeRegion,other,24,25,0.960000
AdministrativeRegion,rock,24,29,0.827586
AdministrativeRegion,sealLink,24,26,0.923077
AdministrativeRegion,titleoverride,24,44,0.545455
AdministrativeRegion,type,24,504252,0.000048
Person,retired,23,23,1.000000
Person,supplementalDraftRound,23,72,0.319444
Person,125Manufacturers,23,310,0.074194
Person,1optionName,23,37,0.621622
Person,250Podiums,23,112,0.205357
Person,6y,23,43,0.534884
Person,7p,23,24,0.958333
Person,australianopendoublesresult,23,2525,0.009109
Person,brierAppearances,23,315,0.073016
Person,bsbRaceStarts,23,23,1.000000
Person,cfldraftedteam,23,422,0.054502
Person,cfleastallstar,23,102,0.225490
Person,cflwestallstar,23,102,0.225490
Person,champwins,23,240,0.095833
Person,clprovince,23,769,0.029909
Person,coachwinsa,23,232,0.099138
Person,colwidth,23,1362,0.016887
Person,countryCode,23,47,0.489362
Person,currentstatus,23,42,0.547619
Person,eventsort,23,172,0.133721
Person,firstname,23,23,1.000000
Person,foundingLocation,23,24,0.958333
Person,gid,23,23,1.000000
Person,heightMetric,23,23,1.000000
Person,hofmethod,23,184,0.125000
Person,itfName,23,23,1.000000
Person,laicized,23,25,0.920000
Person,lastname,23,23,1.000000
Person,lastodifor,23,100,0.230000
Person,latMin,23,28,0.821429
Person,leagueCoach,23,84,0.273810
Person,locationCity,23,24,0.958333
Person,marrieddate,23,23,1.000000
Person,moto3Podiums,23,173,0.132948
Person,post3note,23,25,0.920000
Person,rlCoachyears,23,26,0.884615
Person,ruPointsb,23,122,0.188525
Person,saActiveYears,23,36,0.638889
Person,season14LooseBalls,23,26,0.884615
Person,season7Year,23,102,0.225490
Person,season9PlayoffLooseBalls,23,54,0.425926
Person,seat,23,38,0.605263
Person,segpresEnd,23,23,1.000000
Person,serviceyearsLabel,23,269,0.085502
Person,siteCityst,23,23,1.000000
Person,stat25value,23,24,0.958333
Person,stat7value,23,23,1.000000
Person,statweek,23,2034,0.011308
Person,t20umpired,23,27,0.851852
Person,timeEnd,23,28,0.821429
Person,treasuryStart,23,23,1.000000
Person,trialStart,23,23,1.000000
Person,triesc,23,1194,0.019263
Person,truckWins,23,675,0.034074
Person,wars,23,34,0.676471
Person,widthMetric,23,23,1.000000
Person,wslink,23,23,1.000000
Species,retired,23,23,1.000000
Species,supplementalDraftRound,23,72,0.319444
Species,125Manufacturers,23,310,0.074194
Species,1optionName,23,37,0.621622
Species,250Podiums,23,112,0.205357
Species,6y,23,43,0.534884
Species,7p,23,24,0.958333
Species,australianopendoublesresult,23,2525,0.009109
Species,brierAppearances,23,315,0.073016
Species,bsbRaceStarts,23,23,1.000000
Species,cfldraftedteam,23,422,0.054502
Species,cfleastallstar,23,102,0.225490
Species,cflwestallstar,23,102,0.225490
Species,champwins,23,240,0.095833
Species,clprovince,23,769,0.029909
Species,coachwinsa,23,232,0.099138
Species,countryCode,23,47,0.489362
Species,currentstatus,23,42,0.547619
Species,eventsort,23,172,0.133721
Species,firstname,23,23,1.000000
Species,foundingLocation,23,24,0.958333
Species,gid,23,23,1.000000
Species,heightMetric,23,23,1.000000
Species,hiragana,23,23,1.000000
Species,hofmethod,23,184,0.125000
Species,itfName,23,23,1.000000
Species,laicized,23,25,0.920000
Species,lastname,23,23,1.000000
Species,lastodifor,23,100,0.230000
Species,latMin,23,28,0.821429
Species,leagueCoach,23,84,0.273810
Species,locationCity,23,24,0.958333
Species,marrieddate,23,23,1.000000
Species,moto3Podiums,23,173,0.132948
Species,post3note,23,25,0.920000
Species,rlCoachyears,23,26,0.884615
Species,ruPointsb,23,122,0.188525
Species,saActiveYears,23,36,0.638889
Species,season14LooseBalls,23,26,0.884615
Species,season7Year,23,102,0.225490
Species,season9PlayoffLooseBalls,23,54,0.425926
Species,seat,23,38,0.605263
Species,segpresEnd,23,23,1.000000
Species,serviceyearsLabel,23,269,0.085502
Species,siteCityst,23,23,1.000000
Species,sodiumMg,23,38,0.605263
Species,stat25value,23,24,0.958333
Species,stat7value,23,23,1.000000
Species,statweek,23,2034,0.011308
Species,t20umpired,23,27,0.851852
Species,timeEnd,23,28,0.821429
Species,treasuryStart,23,23,1.000000
Species,trialStart,23,23,1.000000
Species,triesc,23,1194,0.019263
Species,truckWins,23,675,0.034074
Species,wars,23,34,0.676471
Species,widthMetric,23,23,1.000000
Species,wslink,23,23,1.000000
Species,wuu,23,23,1.000000
Star,data,23,24,0.958333
Star,radiusRj,23,32,0.718750
Galaxy,gc,23,23,1.000000
AdministrativeRegion,aprRecordHighF,23,61,0.377049
AdministrativeRegion,aprSnowInch,23,42,0.547619
AdministrativeRegion,areaBlank1Km,23,23,1.000000
AdministrativeRegion,areaBlank1SqMi,23,27,0.851852
AdministrativeRegion,areaBlank1Title,23,298,0.077181
AdministrativeRegion,borgerligeFelleslister,23,953,0.024134
AdministrativeRegion,lang,23,46,0.500000
AdministrativeRegion,listByPop,23,27,0.851852
AdministrativeRegion,partyterms%23_,23,3910,0.005882
AdministrativeRegion,showflag,23,69,0.333333
AdministrativeRegion,year,23,29,0.793103
Person,chancellor,22,35,0.628571
Person,altId,22,22,1.000000
Person,boxLoss,22,342,0.064327
Person,broadFt,22,4054,0.005427
Person,championshipLeague,22,27,0.814815
Person,chiefminister,22,28,0.785714
Person,clpositionh,22,56,0.392857
Person,currentRankingDate,22,87,0.252874
Person,dateDecided,22,22,1.000000
Person,fibaHofCoach,22,22,1.000000
Person,firstChampRace,22,28,0.785714
Person,healthStart,22,22,1.000000
Person,hiragana,22,22,1.000000
Person,lifespan,22,23,0.956522
Person,maxvotes,22,26,0.846154
Person,maxvotespercent,22,26,0.846154
Person,missEarth,22,79,0.278481
Person,mmaDecloss,22,2256,0.009752
Person,musicVideos,22,84,0.261905
Person,nameExplanation,22,22,1.000000
Person,ocBs,22,37,0.594595
Person,otherParty,22,22,1.000000
Person,participants,22,22,1.000000
Person,politicalParty,22,23,0.956522
Person,preceding,22,22,1.000000
Person,previousYear,22,155,0.141935
Person,prevTitle,22,22,1.000000
Person,published,22,22,1.000000
Person,regionalsYear,22,37,0.594595
Person,regularRecord,22,58,0.379310
Person,ruTriesa,22,323,0.068111
Person,sc,22,574,0.038328
Person,season11TeamLink,22,64,0.343750
Person,season12PenaltyMinutes,22,39,0.564103
Person,season14Assists,22,25,0.880000
Person,season1PlayoffLooseBalls,22,59,0.372881
Person,season8Year,22,93,0.236559
Person,segegob,22,22,1.000000
Person,segegobEnd,22,22,1.000000
Person,segegobStart,22,22,1.000000
Person,sgpNo,22,23,0.956522
Person,signatureType,22,164,0.134146
Person,socialdev,22,22,1.000000
Person,socialdevStart,22,22,1.000000
Person,ssActiveYears,22,126,0.174603
Person,ssLastSeason,22,133,0.165414
Person,stat22label,22,1279,0.017201
Person,stat24label,22,123,0.178862
Person,t20idebutfor,22,71,0.309859
Person,teamg,22,33,0.666667
Person,timeBegin,22,26,0.846154
Person,totalpercent,22,22,1.000000
Person,treasuryEnd,22,22,1.000000
Person,upright,22,1003,0.021934
Person,ward,22,35,0.628571
Person,weightclass,22,32,0.687500
Person,wimbledondoublesresult,22,3383,0.006503
Person,worldchamp,22,23,0.956522
Person,wuu,22,22,1.000000
Person,yearsInTruck,22,671,0.032787
Species,chancellor,22,35,0.628571
Species,altId,22,22,1.000000
Species,betacaroteneUg,22,24,0.916667
Species,boxLoss,22,342,0.064327
Species,broadFt,22,4054,0.005427
Species,championshipLeague,22,27,0.814815
Species,chiefminister,22,28,0.785714
Species,clpositionh,22,56,0.392857
Species,course,22,60,0.366667
Species,currentRankingDate,22,87,0.252874
Species,dateDecided,22,22,1.000000
Species,fibaHofCoach,22,22,1.000000
Species,firstChampRace,22,28,0.785714
Species,healthStart,22,22,1.000000
Species,lifespan,22,23,0.956522
Species,maxvotes,22,26,0.846154
Species,maxvotespercent,22,26,0.846154
Species,missEarth,22,79,0.278481
Species,mmaDecloss,22,2256,0.009752
Species,musicVideos,22,84,0.261905
Species,nameExplanation,22,22,1.000000
Species,ocBs,22,37,0.594595
Species,otherParty,22,22,1.000000
Species,participants,22,22,1.000000
Species,politicalParty,22,23,0.956522
Species,preceding,22,22,1.000000
Species,previousYear,22,155,0.141935
Species,prevTitle,22,22,1.000000
Species,published,22,22,1.000000
Species,regionalsYear,22,37,0.594595
Species,regularRecord,22,58,0.379310
Species,ruTriesa,22,323,0.068111
Species,sc,22,574,0.038328
Species,season11TeamLink,22,64,0.343750
Species,season12PenaltyMinutes,22,39,0.564103
Species,season14Assists,22,25,0.880000
Species,season1PlayoffLooseBalls,22,59,0.372881
Species,season8Year,22,93,0.236559
Species,segegob,22,22,1.000000
Species,segegobEnd,22,22,1.000000
Species,segegobStart,22,22,1.000000
Species,sgpNo,22,23,0.956522
Species,signatureType,22,164,0.134146
Species,socialdev,22,22,1.000000
Species,socialdevStart,22,22,1.000000
Species,ssActiveYears,22,126,0.174603
Species,ssLastSeason,22,133,0.165414
Species,stat22label,22,1279,0.017201
Species,stat24label,22,123,0.178862
Species,t20idebutfor,22,71,0.309859
Species,teamg,22,33,0.666667
Species,timeBegin,22,26,0.846154
Species,totalpercent,22,22,1.000000
Species,treasuryEnd,22,22,1.000000
Species,unrankedFamilia,22,30,0.733333
Species,upright,22,1003,0.021934
Species,ward,22,35,0.628571
Species,weightclass,22,32,0.687500
Species,wimbledondoublesresult,22,3383,0.006503
Species,worldchamp,22,23,0.956522
Species,yearsInTruck,22,671,0.032787
Galaxy,distPc,22,22,1.000000
AdministrativeRegion,areaMetro,22,26,0.846154
AdministrativeRegion,buc,22,25,0.880000
AdministrativeRegion,group,22,33,0.666667
AdministrativeRegion,house,22,37,0.594595
AdministrativeRegion,imageS,22,68,0.323529
AdministrativeRegion,newspaper,22,22,1.000000
AdministrativeRegion,officiallangs,22,23,0.956522
AdministrativeRegion,palgrid,22,27,0.814815
AdministrativeRegion,prevName,22,22,1.000000
AdministrativeRegion,reptile,22,31,0.709677
AdministrativeRegion,sepRecordHighF,22,62,0.354839
AdministrativeRegion,slogan,22,23,0.956522
AdministrativeRegion,swing,22,22,1.000000
AdministrativeRegion,translitLang,22,638,0.034483
AdministrativeRegion,yeardSun,22,31,0.709677
AdministrativeRegion,yearRecordHighF,22,39,0.564103
Person,fastestLap,21,726,0.028926
Person,age,21,24,0.875000
Person,archiveDate,21,24,0.875000
Person,broadIn,21,4059,0.005174
Person,bsbTotalPoints,21,21,1.000000
Person,built,21,22,0.954545
Person,candidate4Votes,21,21,1.000000
Person,channelWebsite,21,21,1.000000
Person,coachyear,21,76,0.276316
Person,coachyear6start,21,25,0.840000
Person,course,21,59,0.355932
Person,defenseStart,21,21,1.000000
Person,ev,21,29,0.724138
Person,eyeColour,21,154,0.136364
Person,findagrave,21,21,1.000000
Person,firstFlightAircraft,21,21,1.000000
Person,healthEnd,21,21,1.000000
Person,lonMin,21,28,0.750000
Person,mmaSubloss,21,1863,0.011272
Person,motogpActiveYears,21,83,0.253012
Person,museum,21,22,0.954545
Person,odidebutfor,21,112,0.187500
Person,originalreldate,21,21,1.000000
Person,postEnd,21,21,1.000000
Person,postStart,21,21,1.000000
Person,refereeyear2start,21,30,0.700000
Person,refname,21,36,0.583333
Person,rlNationalapps,21,145,0.144828
Person,ruYear5end,21,23,0.913043
Person,season10PlayoffLooseBalls,21,36,0.583333
Person,season4GamesPlayed,21,147,0.142857
Person,season7PlayoffLooseBalls,21,56,0.375000
Person,season9Year,21,85,0.247059
Person,socialdevEnd,21,21,1.000000
Person,sportCountry,21,37,0.567568
Person,stat23label,21,1288,0.016304
Person,stateAssembly,21,2792,0.007521
Person,subLosses,21,2366,0.008876
Person,territory,21,24,0.875000
Person,weburl,21,21,1.000000
Person,worldChampionshipAppearances,21,1456,0.014423
Species,fastestLap,21,726,0.028926
Species,age,21,24,0.875000
Species,archiveDate,21,24,0.875000
Species,border,21,459,0.045752
Species,broadIn,21,4059,0.005174
Species,bsbTotalPoints,21,21,1.000000
Species,built,21,22,0.954545
Species,candidate4Votes,21,21,1.000000
Species,channelWebsite,21,21,1.000000
Species,coachyear,21,76,0.276316
Species,coachyear6start,21,25,0.840000
Species,defenseStart,21,21,1.000000
Species,ev,21,29,0.724138
Species,eyeColour,21,154,0.136364
Species,findagrave,21,21,1.000000
Species,firstFlightAircraft,21,21,1.000000
Species,healthEnd,21,21,1.000000
Species,imageLeft,21,28,0.750000
Species,lonMin,21,28,0.750000
Species,mmaSubloss,21,1863,0.011272
Species,month,21,466,0.045064
Species,motogpActiveYears,21,83,0.253012
Species,museum,21,22,0.954545
Species,odidebutfor,21,112,0.187500
Species,originalreldate,21,21,1.000000
Species,postEnd,21,21,1.000000
Species,postStart,21,21,1.000000
Species,refereeyear2start,21,30,0.700000
Species,refname,21,36,0.583333
Species,rlNationalapps,21,145,0.144828
Species,ruYear5end,21,23,0.913043
Species,season10PlayoffLooseBalls,21,36,0.583333
Species,season4GamesPlayed,21,147,0.142857
Species,season7PlayoffLooseBalls,21,56,0.375000
Species,season9Year,21,85,0.247059
Species,socialdevEnd,21,21,1.000000
Species,sportCountry,21,37,0.567568
Species,stat23label,21,1288,0.016304
Species,stateAssembly,21,2792,0.007521
Species,subLosses,21,2366,0.008876
Species,territory,21,24,0.875000
Species,unrankedOrdo,21,2012,0.010437
Species,varietas,21,22,0.954545
Species,weburl,21,21,1.000000
Species,worldChampionshipAppearances,21,1456,0.014423
Star,seeAlso,21,24,0.875000
Galaxy,dec,21,32,0.656250
Galaxy,image,21,21,1.000000
Galaxy,ra,21,32,0.656250
AdministrativeRegion,blank7InfoSec,21,21,1.000000
AdministrativeRegion,commander,21,21,1.000000
AdministrativeRegion,exImageSize,21,988,0.021255
AdministrativeRegion,imageMain,21,21,1.000000
AdministrativeRegion,majorArchbishop,21,89,0.235955
AdministrativeRegion,otherpartyNumber,21,1011,0.020772
AdministrativeRegion,raw,21,21,1.000000
AdministrativeRegion,senterpartiet,21,2370,0.008861
AdministrativeRegion,timezone1Location,21,31,0.677419
AdministrativeRegion,venstre,21,1718,0.012224
Person,poles,20,725,0.027586
Person,a,20,20,1.000000
Person,alttitle,20,20,1.000000
Person,appearancese,20,157,0.127389
Person,auswins,20,230,0.086957
Person,bestIrlPos,20,37,0.540541
Person,border,20,440,0.045455
Person,bowlList,20,21,0.952381
Person,bsbPodiums,20,24,0.833333
Person,candidate4Percent,20,21,0.952381
Person,cj,20,133,0.150376
Person,coachlossesa,20,230,0.086957
Person,conflict,20,20,1.000000
Person,defenseEnd,20,20,1.000000
Person,escapeEnd,20,21,0.952381
Person,expiry,20,35,0.571429
Person,explain,20,20,1.000000
Person,eyecolour,20,134,0.149254
Person,finalResult,20,78,0.256410
Person,find,20,44,0.454545
Person,firstArcaWestRace,20,75,0.266667
Person,founders,20,20,1.000000
Person,heading,20,20,1.000000
Person,health,20,21,0.952381
Person,heartsAppearances,20,309,0.064725
Person,imageLeft,20,26,0.769231
Person,irlPodiums,20,42,0.476190
Person,journal,20,20,1.000000
Person,srAndState,20,58,0.344828
Person,kickboxKoloss,20,435,0.045977
Person,lemma,20,20,1.000000
Person,minister1Termstart,20,20,1.000000
Person,mmaKoloss,20,2085,0.009592
Person,moto3ActiveYears,20,130,0.153846
Person,motoeLastPosition,20,37,0.540541
Person,nationalId,20,20,1.000000
Person,navyEnd,20,20,1.000000
Person,navyStart,20,20,1.000000
Person,placeofbirth,20,20,1.000000
Person,ruGoalsa,20,309,0.064725
Person,sbkPoles,20,213,0.093897
Person,season10Year,20,72,0.277778
Person,season11PenaltyMinutes,20,52,0.384615
Person,season13Goals,20,31,0.645161
Person,season15LooseBalls,20,21,0.952381
Person,season5GamesPlayed,20,128,0.156250
Person,season8PlayoffLooseBalls,20,42,0.476190
Person,sgpPodium,20,38,0.526316
Person,sunwins,20,193,0.103627
Person,totalArcaEastRaces,20,81,0.246914
Person,totalConvRaces,20,27,0.740741
Person,truckPoles,20,675,0.029630
Person,ttWins,20,102,0.196078
Person,wiktSearch,20,22,0.909091
Person,worldcup,20,28,0.714286
Person,wt20isumpired,20,25,0.800000
Species,poles,20,725,0.027586
Species,a,20,20,1.000000
Species,alttitle,20,20,1.000000
Species,appearancese,20,157,0.127389
Species,auswins,20,230,0.086957
Species,bestIrlPos,20,37,0.540541
Species,bowlList,20,21,0.952381
Species,bsbPodiums,20,24,0.833333
Species,candidate4Percent,20,21,0.952381
Species,cj,20,133,0.150376
Species,coachlossesa,20,230,0.086957
Species,conflict,20,20,1.000000
Species,defenseEnd,20,20,1.000000
Species,escapeEnd,20,21,0.952381
Species,expiry,20,35,0.571429
Species,explain,20,20,1.000000
Species,eyecolour,20,134,0.149254
Species,finalResult,20,78,0.256410
Species,find,20,44,0.454545
Species,firstArcaWestRace,20,75,0.266667
Species,founders,20,20,1.000000
Species,heading,20,20,1.000000
Species,health,20,21,0.952381
Species,heartsAppearances,20,309,0.064725
Species,infraclassis,20,66,0.303030
Species,irlPodiums,20,42,0.476190
Species,journal,20,20,1.000000
Species,srAndState,20,58,0.344828
Species,kickboxKoloss,20,435,0.045977
Species,lemma,20,20,1.000000
Species,minister1Termstart,20,20,1.000000
Species,mmaKoloss,20,2085,0.009592
Species,moto3ActiveYears,20,130,0.153846
Species,motoeLastPosition,20,37,0.540541
Species,nationalId,20,20,1.000000
Species,navyEnd,20,20,1.000000
Species,navyStart,20,20,1.000000
Species,placeofbirth,20,20,1.000000
Species,ruGoalsa,20,309,0.064725
Species,sbkPoles,20,213,0.093897
Species,season10Year,20,72,0.277778
Species,season11PenaltyMinutes,20,52,0.384615
Species,season13Goals,20,31,0.645161
Species,season15LooseBalls,20,21,0.952381
Species,season5GamesPlayed,20,128,0.156250
Species,season8PlayoffLooseBalls,20,42,0.476190
Species,sgpPodium,20,38,0.526316
Species,sporeprintcolor,20,185,0.108108
Species,sunwins,20,193,0.103627
Species,totalArcaEastRaces,20,81,0.246914
Species,totalConvRaces,20,27,0.740741
Species,truckPoles,20,675,0.029630
Species,ttWins,20,102,0.196078
Species,wiktSearch,20,22,0.909091
Species,worldcup,20,28,0.714286
Species,wt20isumpired,20,25,0.800000
Galaxy,c,20,20,1.000000
AdministrativeRegion,after,20,21,0.952381
AdministrativeRegion,altunosp,20,20,1.000000
AdministrativeRegion,armsImage,20,37,0.540541
AdministrativeRegion,disestablished,20,408,0.049020
AdministrativeRegion,leader2Type,20,55,0.363636
AdministrativeRegion,područje,20,20,1.000000
AdministrativeRegion,sealSize,20,108,0.185185
Person,125LastSeason,19,142,0.133803
Person,absent,19,412,0.046117
Person,afldraftedround,19,42,0.452381
Person,alternativemap,19,63,0.301587
Person,amLoss,19,139,0.136691
Person,backgroundColor,19,28,0.678571
Person,beehive,19,19,1.000000
Person,bestChampPos,19,27,0.703704
Person,bestConvPos,19,23,0.826087
Person,bonusTracks,19,19,1.000000
Person,book,19,34,0.558824
Person,born,19,19,1.000000
Person,bowlRecord,19,915,0.020765
Person,bsbActiveYears,19,23,0.826087
Person,convocation,19,304,0.062500
Person,deathstyle,19,304,0.062500
Person,defense,19,20,0.950000
Person,draftteam,19,30,0.633333
Person,engines,19,44,0.431818
Person,eventsInYellow,19,29,0.655172
Person,firstArcaEastRace,19,81,0.234568
Person,firstCanadaRace,19,60,0.316667
Person,freeLabel,19,35,0.542857
Person,frenchopendoublesresult,19,2762,0.006879
Person,fullwidthvotes,19,20,0.950000
Person,hosting,19,20,0.950000
Person,k,19,19,1.000000
Person,lang,19,29,0.655172
Person,letwins,19,231,0.082251
Person,licensePlace,19,21,0.904762
Person,logoSize,19,112,0.169643
Person,mark,19,49,0.387755
Person,minister1Termend,19,19,1.000000
Person,mmaLoss,19,121,0.157025
Person,motogpPoles,19,118,0.161017
Person,networth,19,20,0.950000
Person,numEpisodes,19,19,1.000000
Person,patternSo,19,26,0.730769
Person,prevIrlPos,19,27,0.703704
Person,recordinfo,19,49,0.387755
Person,reldate,19,19,1.000000
Person,releaseDate,19,20,0.950000
Person,reportedDeaths,19,25,0.760000
Person,ruYeardstart,19,29,0.655172
Person,saChampionships,19,31,0.612903
Person,season11Year,19,65,0.292308
Person,season12TeamLink,19,52,0.365385
Person,season13PenaltyMinutes,19,33,0.575758
Person,season15Assists,19,20,0.950000
Person,season2GamesPlayed,19,182,0.104396
Person,season3GamesPlayed,19,163,0.116564
Person,spinoffs,19,20,0.950000
Person,super14points,19,740,0.025676
Person,t20idebutyear,19,2451,0.007752
Person,titleplace,19,24,0.791667
Person,triesd,19,455,0.041758
Person,umpirecrew,19,69,0.275362
Person,uslaxhofYear,19,33,0.575758
Person,year12start,19,35,0.542857
Species,wikiPageRedirects,19,20,0.950000
Species,125LastSeason,19,142,0.133803
Species,absent,19,412,0.046117
Species,afldraftedround,19,42,0.452381
Species,alternativemap,19,63,0.301587
Species,amLoss,19,139,0.136691
Species,backgroundColor,19,28,0.678571
Species,beehive,19,19,1.000000
Species,bestChampPos,19,27,0.703704
Species,bestConvPos,19,23,0.826087
Species,bonusTracks,19,19,1.000000
Species,book,19,34,0.558824
Species,born,19,19,1.000000
Species,bowlRecord,19,915,0.020765
Species,bsbActiveYears,19,23,0.826087
Species,convocation,19,304,0.062500
Species,deathstyle,19,304,0.062500
Species,defense,19,20,0.950000
Species,diversityLink,19,327,0.058104
Species,draftteam,19,30,0.633333
Species,engines,19,44,0.431818
Species,eventsInYellow,19,29,0.655172
Species,firstArcaEastRace,19,81,0.234568
Species,firstCanadaRace,19,60,0.316667
Species,freeLabel,19,35,0.542857
Species,frenchopendoublesresult,19,2762,0.006879
Species,fullwidthvotes,19,20,0.950000
Species,hex,19,30,0.633333
Species,hosting,19,20,0.950000
Species,imageTop,19,25,0.760000
Species,k,19,19,1.000000
Species,lang,19,29,0.655172
Species,letwins,19,231,0.082251
Species,licensePlace,19,21,0.904762
Species,logoSize,19,112,0.169643
Species,mark,19,50,0.380000
Species,minister1Termend,19,19,1.000000
Species,mmaLoss,19,121,0.157025
Species,motogpPoles,19,118,0.161017
Species,networth,19,20,0.950000
Species,numEpisodes,19,19,1.000000
Species,patternSo,19,26,0.730769
Species,prevIrlPos,19,27,0.703704
Species,recordinfo,19,49,0.387755
Species,reldate,19,19,1.000000
Species,releaseDate,19,20,0.950000
Species,reportedDeaths,19,25,0.760000
Species,ruYeardstart,19,29,0.655172
Species,saChampionships,19,31,0.612903
Species,season11Year,19,65,0.292308
Species,season12TeamLink,19,52,0.365385
Species,season13PenaltyMinutes,19,33,0.575758
Species,season15Assists,19,20,0.950000
Species,season2GamesPlayed,19,182,0.104396
Species,season3GamesPlayed,19,163,0.116564
Species,speciesGroup,19,46,0.413043
Species,spinoffs,19,20,0.950000
Species,super14points,19,740,0.025676
Species,synonymsRef,19,177,0.107345
Species,t20idebutyear,19,2451,0.007752
Species,titleplace,19,24,0.791667
Species,triesd,19,455,0.041758
Species,umpirecrew,19,69,0.275362
Species,uslaxhofYear,19,33,0.575758
Species,year12start,19,35,0.542857
Star,appmag3Passband,19,331,0.057402
Galaxy,imageSize,19,730,0.026027
AdministrativeRegion,aprAvgRecordHighF,19,19,1.000000
AdministrativeRegion,article,19,20,0.950000
AdministrativeRegion,augAvgRecordLowF,19,19,1.000000
AdministrativeRegion,borderingstates,19,21,0.904762
AdministrativeRegion,decAvgRecordLowF,19,19,1.000000
AdministrativeRegion,febAvgRecordHighF,19,19,1.000000
AdministrativeRegion,febAvgRecordLowF,19,19,1.000000
AdministrativeRegion,gainedFrom,19,20,0.950000
AdministrativeRegion,janAvgRecordHighF,19,19,1.000000
AdministrativeRegion,janAvgRecordLowF,19,19,1.000000
AdministrativeRegion,julAvgRecordLowF,19,19,1.000000
AdministrativeRegion,kristeligFolkeparti,19,1607,0.011823
AdministrativeRegion,marAvgRecordLowF,19,19,1.000000
AdministrativeRegion,mayAvgRecordHighF,19,19,1.000000
AdministrativeRegion,mayAvgRecordLowF,19,19,1.000000
AdministrativeRegion,mineral,19,22,0.863636
AdministrativeRegion,novAvgRecordLowF,19,19,1.000000
AdministrativeRegion,octAvgRecordHighF,19,19,1.000000
AdministrativeRegion,road,19,19,1.000000
AdministrativeRegion,sealAlt,19,19,1.000000
AdministrativeRegion,sepAvgRecordLowF,19,19,1.000000
AdministrativeRegion,subdivname,19,20,0.950000
AdministrativeRegion,tzNote,19,21,0.904762
AdministrativeRegion,yearAvgRecordLowF,19,19,1.000000
Person,7pp,18,18,1.000000
Person,additionalpodiums,18,148,0.121622
Person,agriculture,18,18,1.000000
Person,callnumber,18,19,0.947368
Person,clubnat,18,18,1.000000
Person,coachgamesb,18,78,0.230769
Person,coachingawards,18,20,0.900000
Person,committee,18,18,1.000000
Person,dateOfDeath,18,18,1.000000
Person,draftLeague,18,1398,0.012876
Person,economyStart,18,18,1.000000
Person,grandChildren,18,18,1.000000
Person,hangulja,18,22,0.818182
Person,hex,18,29,0.620690
Person,imageTop,18,23,0.782609
Person,lastChampRace,18,28,0.642857
Person,lastPosition,18,21,0.857143
Person,lastt20iyear,18,2271,0.007926
Person,locationCountry,18,24,0.750000
Person,lon,18,18,1.000000
Person,mapCaption,18,18,1.000000
Person,minister2Termstart,18,18,1.000000
Person,missPhilippinesEarth,18,18,1.000000
Person,mllDraftTeam,18,36,0.500000
Person,motogpFastestLaps,18,117,0.153846
Person,motogpLastSeason,18,115,0.156522
Person,olympicsresult,18,602,0.029900
Person,otherTitle,18,35,0.514286
Person,outcome,18,18,1.000000
Person,percentchange,18,18,1.000000
Person,prevCupYear,18,63,0.285714
Person,rlClubupdate,18,19,0.947368
Person,ruCoachyear1end,18,22,0.818182
Person,saManufacturers,18,20,0.900000
Person,season1GamesPlayed,18,195,0.092308
Person,season6GamesPlayed,18,115,0.156522
Person,season9GamesPlayed,18,85,0.211765
Person,shoots,18,15573,0.001156
Person,sibling,18,19,0.947368
Person,site,18,21,0.857143
Person,slogan,18,18,1.000000
Person,son,18,18,1.000000
Person,species,18,1554,0.011583
Person,stat3year,18,37,0.486486
Person,termlabel,18,119,0.151261
Person,textcolor,18,393,0.045802
Person,turnout,18,18,1.000000
Person,umpt20idebutyr,18,155,0.116129
Person,umpwodidebutyr,18,34,0.529412
Person,winningclubs,18,18,1.000000
Person,womensworldchampion,18,18,1.000000
Person,yearsInArca,18,122,0.147541
Person,yearsInIrl,18,42,0.428571
Person,familyName,18,18,1.000000
Species,7pp,18,18,1.000000
Species,additionalpodiums,18,148,0.121622
Species,agriculture,18,18,1.000000
Species,callnumber,18,19,0.947368
Species,clubnat,18,18,1.000000
Species,coachgamesb,18,78,0.230769
Species,coachingawards,18,20,0.900000
Species,committee,18,18,1.000000
Species,dateOfDeath,18,18,1.000000
Species,draftLeague,18,1398,0.012876
Species,economyStart,18,18,1.000000
Species,grandChildren,18,18,1.000000
Species,hangulja,18,22,0.818182
Species,lastChampRace,18,28,0.642857
Species,lastPosition,18,21,0.857143
Species,lastt20iyear,18,2271,0.007926
Species,lat3Deg,18,18,1.000000
Species,locationCountry,18,24,0.750000
Species,lon,18,18,1.000000
Species,lon3Deg,18,18,1.000000
Species,lspnLetter,18,155,0.116129
Species,mapCaption,18,18,1.000000
Species,minister2Termstart,18,18,1.000000
Species,missPhilippinesEarth,18,18,1.000000
Species,mllDraftTeam,18,36,0.500000
Species,motogpFastestLaps,18,117,0.153846
Species,motogpLastSeason,18,115,0.156522
Species,olympicsresult,18,602,0.029900
Species,otherTitle,18,35,0.514286
Species,outcome,18,18,1.000000
Species,percentchange,18,18,1.000000
Species,prevCupYear,18,63,0.285714
Species,rlClubupdate,18,19,0.947368
Species,ruCoachyear1end,18,22,0.818182
Species,saManufacturers,18,20,0.900000
Species,season1GamesPlayed,18,195,0.092308
Species,season6GamesPlayed,18,115,0.156522
Species,season9GamesPlayed,18,85,0.211765
Species,shoots,18,15573,0.001156
Species,sibling,18,19,0.947368
Species,site,18,21,0.857143
Species,slogan,18,18,1.000000
Species,son,18,18,1.000000
Species,stat3year,18,37,0.486486
Species,subclassisAuthority,18,23,0.782609
Species,superphylum,18,190,0.094737
Species,termlabel,18,119,0.151261
Species,textcolor,18,393,0.045802
Species,turnout,18,18,1.000000
Species,umpt20idebutyr,18,155,0.116129
Species,umpwodidebutyr,18,34,0.529412
Species,winningclubs,18,18,1.000000
Species,womensworldchampion,18,18,1.000000
Species,yearsInArca,18,122,0.147541
Species,yearsInIrl,18,42,0.428571
Species,familyName,18,18,1.000000
Star,appmag2Passband,18,337,0.053412
Galaxy,url,18,18,1.000000
AdministrativeRegion,length,18,19,0.947368
AdministrativeRegion,amphibian,18,20,0.900000
AdministrativeRegion,areaTotalHa,18,18,1.000000
AdministrativeRegion,before,18,19,0.947368
AdministrativeRegion,blank6NameSec,18,31,0.580645
AdministrativeRegion,blankEmblemSize,18,75,0.240000
AdministrativeRegion,cityType,18,561,0.032086
AdministrativeRegion,decAvgRecordHighF,18,19,0.947368
AdministrativeRegion,fremskrittspartiet,18,1068,0.016854
AdministrativeRegion,image2Alt,18,18,1.000000
AdministrativeRegion,julAvgRecordHighF,18,19,0.947368
AdministrativeRegion,junAvgRecordHighF,18,19,0.947368
AdministrativeRegion,junAvgRecordLowF,18,19,0.947368
AdministrativeRegion,langcode,18,35,0.514286
AdministrativeRegion,novAvgRecordHighF,18,19,0.947368
AdministrativeRegion,num,18,18,1.000000
AdministrativeRegion,octAvgRecordLowF,18,19,0.947368
AdministrativeRegion,patch,18,18,1.000000
AdministrativeRegion,pushpinMapsize,18,2222,0.008101
AdministrativeRegion,selsovietType,18,968,0.018595
AdministrativeRegion,shapeColor,18,20,0.900000
AdministrativeRegion,yearAvgRecordHighF,18,19,0.947368
AdministrativeRegion,zoom,18,1158,0.015544
Person,draftLeague,17,1409,0.012065
Person,rankingWins,17,72,0.236111
Person,shoots,17,17125,0.000993
Person,winsAtAsia,17,29,0.586207
Person,aga,17,28,0.607143
Person,agricultureStart,17,17,1.000000
Person,arcaEastTopTens,17,81,0.209877
Person,arcaWestTopTens,17,75,0.226667
Person,bSearch,17,17,1.000000
Person,cbbaskhofYear,17,243,0.069959
Person,cfldraftedround,17,484,0.035124
Person,cflstatseason,17,47,0.361702
Person,clcountyf,17,239,0.071130
Person,clcountyh,17,229,0.074236
Person,coachyearcend,17,24,0.708333
Person,coverArtist,17,17,1.000000
Person,creationDate,17,31,0.548387
Person,diamondYear,17,109,0.155963
Person,discuss,17,17,1.000000
Person,dissolved,17,19,0.894737
Person,earth,17,30,0.566667
Person,economy,17,17,1.000000
Person,economyEnd,17,17,1.000000
Person,embed,17,47,0.361702
Person,fightingoutof,17,17,1.000000
Person,firstIrlRace,17,42,0.404762
Person,followerDate,17,19,0.894737
Person,fontcolor,17,51,0.333333
Person,fromAlbum,17,17,1.000000
Person,keywords,17,17,1.000000
Person,lastArcaRace,17,96,0.177083
Person,lastUpdated,17,25,0.680000
Person,lat3Deg,17,17,1.000000
Person,listVotes,17,17,1.000000
Person,lon3Deg,17,17,1.000000
Person,loss,17,378,0.044974
Person,missPhilippinesAir,17,18,0.944444
Person,missPhilippinesFire,17,19,0.894737
Person,mllDraft,17,36,0.472222
Person,mllDraftYear,17,35,0.485714
Person,motoeRaceStarts,17,37,0.459459
Person,name1a,17,17,1.000000
Person,pacificChampionshipAppearances,17,190,0.089474
Person,parenthood,17,17,1.000000
Person,playoffRecord,17,34,0.500000
Person,preType,17,123,0.138211
Person,refnum,17,17,1.000000
Person,ruAppearancesc,17,53,0.320755
Person,ruYearestart,17,17,1.000000
Person,saLastSeason,17,33,0.515152
Person,sdDate,17,372,0.045699
Person,season11PlayoffLooseBalls,17,31,0.548387
Person,season14Goals,17,24,0.708333
Person,season1PlayoffPenaltyMinutes,17,41,0.414634
Person,season5PlayoffAssists,17,73,0.232877
Person,season5Shots,17,18,0.944444
Person,season6PlayoffAssists,17,58,0.293103
Person,season7GamesPlayed,17,102,0.166667
Person,stat21label,17,1291,0.013168
Person,suz,17,17,1.000000
Person,uslaxhof,17,18,0.944444
Person,usopenmixedresult,17,720,0.023611
Person,verfasser,17,19,0.894737
Person,vicePresidentEnd,17,17,1.000000
Person,vicePresidentStart,17,17,1.000000
Person,warNavyEnd,17,21,0.809524
Person,warNavyStart,17,21,0.809524
Person,worldsYear,17,22,0.772727
Person,writers,17,17,1.000000
Person,year10end,17,41,0.414634
Species,draftLeague,17,1409,0.012065
Species,rankingWins,17,72,0.236111
Species,shoots,17,17125,0.000993
Species,winsAtAsia,17,29,0.586207
Species,aga,17,28,0.607143
Species,agricultureStart,17,17,1.000000
Species,arcaEastTopTens,17,81,0.209877
Species,arcaWestTopTens,17,75,0.226667
Species,bSearch,17,17,1.000000
Species,cbbaskhofYear,17,243,0.069959
Species,cfldraftedround,17,484,0.035124
Species,cflstatseason,17,47,0.361702
Species,clcountyf,17,239,0.071130
Species,clcountyh,17,229,0.074236
Species,coachyearcend,17,24,0.708333
Species,coverArtist,17,17,1.000000
Species,creationDate,17,31,0.548387
Species,crossingYear,17,19,0.894737
Species,diamondYear,17,109,0.155963
Species,discuss,17,17,1.000000
Species,dissolved,17,19,0.894737
Species,earth,17,30,0.566667
Species,economy,17,17,1.000000
Species,economyEnd,17,17,1.000000
Species,embed,17,47,0.361702
Species,fightingoutof,17,17,1.000000
Species,firstIrlRace,17,42,0.404762
Species,followerDate,17,19,0.894737
Species,fontcolor,17,51,0.333333
Species,fromAlbum,17,17,1.000000
Species,keywords,17,17,1.000000
Species,lastArcaRace,17,96,0.177083
Species,lastUpdated,17,25,0.680000
Species,listVotes,17,17,1.000000
Species,loss,17,378,0.044974
Species,missPhilippinesAir,17,18,0.944444
Species,missPhilippinesFire,17,19,0.894737
Species,mllDraft,17,36,0.472222
Species,mllDraftYear,17,35,0.485714
Species,motoeRaceStarts,17,37,0.459459
Species,name1a,17,17,1.000000
Species,pacificChampionshipAppearances,17,190,0.089474
Species,parentAuthority,17,17,1.000000
Species,parenthood,17,17,1.000000
Species,playoffRecord,17,34,0.500000
Species,preType,17,123,0.138211
Species,refnum,17,17,1.000000
Species,ruAppearancesc,17,53,0.320755
Species,ruYearestart,17,17,1.000000
Species,saLastSeason,17,33,0.515152
Species,sdDate,17,372,0.045699
Species,season11PlayoffLooseBalls,17,31,0.548387
Species,season14Goals,17,24,0.708333
Species,season1PlayoffPenaltyMinutes,17,41,0.414634
Species,season5PlayoffAssists,17,73,0.232877
Species,season5Shots,17,18,0.944444
Species,season6PlayoffAssists,17,58,0.293103
Species,season7GamesPlayed,17,102,0.166667
Species,showflag,17,120,0.141667
Species,stat21label,17,1291,0.013168
Species,suz,17,17,1.000000
Species,uslaxhof,17,18,0.944444
Species,usopenmixedresult,17,720,0.023611
Species,verfasser,17,19,0.894737
Species,vicePresidentEnd,17,17,1.000000
Species,vicePresidentStart,17,17,1.000000
Species,warNavyEnd,17,21,0.809524
Species,warNavyStart,17,21,0.809524
Species,worldsYear,17,22,0.772727
Species,writers,17,17,1.000000
Species,year10end,17,41,0.414634
Star,c,17,20,0.850000
Star,image,17,17,1.000000
ChemicalCompound,highPhColor,17,33,0.515152
ChemicalCompound,totalWidth,17,33,0.515152
AdministrativeRegion,mayor,17,19,0.894737
AdministrativeRegion,width,17,18,0.944444
AdministrativeRegion,aprAvgRecordLowF,17,19,0.894737
AdministrativeRegion,areaFootnotes,17,85,0.200000
AdministrativeRegion,coatSize,17,432,0.039352
AdministrativeRegion,fv,17,43,0.395349
AdministrativeRegion,labelColor,17,31,0.548387
AdministrativeRegion,marAvgRecordHighF,17,19,0.894737
AdministrativeRegion,populationDemonyms,17,19,0.894737
AdministrativeRegion,se,17,19,0.894737
AdministrativeRegion,sepAvgRecordHighF,17,19,0.894737
AdministrativeRegion,stdheb,17,17,1.000000
AdministrativeRegion,subdivisions,17,23,0.739130
AdministrativeRegion,xej,17,17,1.000000
Person,governorGeneral,16,16,1.000000
Person,winsInEurope,16,25,0.640000
Person,250ActiveYears,16,78,0.205128
Person,2optionName,16,28,0.571429
Person,added,16,16,1.000000
Person,agricultureEnd,16,16,1.000000
Person,archivedate,16,21,0.761905
Person,award2n,16,49,0.326531
Person,baptized,16,16,1.000000
Person,bcsbowl,16,149,0.107383
Person,bsbRaceWins,16,24,0.666667
Person,coachgamesc,16,33,0.484848
Person,convTopTens,16,27,0.592593
Person,defendant,16,16,1.000000
Person,f,16,35,0.457143
Person,firstArcaWin,16,28,0.571429
Person,gender,16,1773,0.009024
Person,goalse,16,157,0.101911
Person,klpgawins,16,49,0.326531
Person,lastCanadaRace,16,30,0.533333
Person,lit,16,16,1.000000
Person,lt,16,16,1.000000
Person,medaltemplatesTitle,16,796,0.020101
Person,missPhilippinesEcoTourism,16,20,0.800000
Person,missPhilippinesWater,16,20,0.800000
Person,motogpRaceWins,16,117,0.136752
Person,name2a,16,17,0.941176
Person,name3a,16,16,1.000000
Person,nationalUpdate,16,21,0.761905
Person,objno,16,16,1.000000
Person,otherVersions,16,26,0.615385
Person,post6preceded,16,16,1.000000
Person,rankingWins,16,70,0.228571
Person,rankLabel,16,54,0.296296
Person,rd3Team,16,16,1.000000
Person,receipts,16,16,1.000000
Person,refereeyear2end,16,21,0.761905
Person,ruAmateurpoints,16,114,0.140351
Person,runningmate,16,16,1.000000
Person,runtime,16,20,0.800000
Person,ruPointsc,16,49,0.326531
Person,season12GamesPlayed,16,52,0.307692
Person,season12Year,16,52,0.307692
Person,season14PenaltyMinutes,16,25,0.640000
Person,season1FaceoffsAtt,16,22,0.727273
Person,season1PlayoffShots,16,33,0.484848
Person,season4PlayoffAssists,16,77,0.207792
Person,season5GroundBalls,16,18,0.888889
Person,season6Shots,16,16,1.000000
Person,season8GamesPlayed,16,93,0.172043
Person,showflag,16,117,0.136752
Person,single,16,16,1.000000
Person,sl,16,16,1.000000
Person,ssFastestLaps,16,174,0.091954
Person,ssPoles,16,174,0.091954
Person,ssRaceWins,16,174,0.091954
Person,starring,16,16,1.000000
Person,stat2league,16,1300,0.012308
Person,stat43value,16,16,1.000000
Person,term1a,16,16,1.000000
Person,term3a,16,16,1.000000
Person,term4a,16,16,1.000000
Person,under,16,26,0.615385
Person,wctitles,16,1274,0.012559
Person,wife,16,16,1.000000
Person,wodisumpired,16,34,0.470588
Person,worldopenresult,16,72,0.222222
Person,yeargstart,16,29,0.551724
Person,yearsInCanada,16,60,0.266667
Species,governorGeneral,16,16,1.000000
Species,winsInEurope,16,25,0.640000
Species,250ActiveYears,16,78,0.205128
Species,2optionName,16,28,0.571429
Species,added,16,16,1.000000
Species,agricultureEnd,16,16,1.000000
Species,archivedate,16,21,0.761905
Species,award2n,16,49,0.326531
Species,baptized,16,16,1.000000
Species,bcsbowl,16,149,0.107383
Species,bsbRaceWins,16,24,0.666667
Species,coachgamesc,16,33,0.484848
Species,convTopTens,16,27,0.592593
Species,defendant,16,16,1.000000
Species,firstArcaWin,16,28,0.571429
Species,gender,16,1773,0.009024
Species,goalse,16,157,0.101911
Species,klpgawins,16,49,0.326531
Species,lastCanadaRace,16,30,0.533333
Species,lat2Deg,16,21,0.761905
Species,lit,16,16,1.000000
Species,lon2Deg,16,21,0.761905
Species,lt,16,16,1.000000
Species,luteinUg,16,17,0.941176
Species,medaltemplatesTitle,16,796,0.020101
Species,missPhilippinesEcoTourism,16,20,0.800000
Species,missPhilippinesWater,16,20,0.800000
Species,motogpRaceWins,16,117,0.136752
Species,name2a,16,17,0.941176
Species,name3a,16,16,1.000000
Species,nationalUpdate,16,21,0.761905
Species,objno,16,16,1.000000
Species,otherVersions,16,26,0.615385
Species,post6preceded,16,16,1.000000
Species,rankingWins,16,70,0.228571
Species,rankLabel,16,54,0.296296
Species,rd3Team,16,16,1.000000
Species,receipts,16,16,1.000000
Species,refereeyear2end,16,21,0.761905
Species,regnum,16,100012,0.000160
Species,ruAmateurpoints,16,114,0.140351
Species,runningmate,16,16,1.000000
Species,runtime,16,20,0.800000
Species,ruPointsc,16,49,0.326531
Species,season12GamesPlayed,16,52,0.307692
Species,season12Year,16,52,0.307692
Species,season14PenaltyMinutes,16,25,0.640000
Species,season1FaceoffsAtt,16,22,0.727273
Species,season1PlayoffShots,16,33,0.484848
Species,season4PlayoffAssists,16,77,0.207792
Species,season5GroundBalls,16,18,0.888889
Species,season6Shots,16,16,1.000000
Species,season8GamesPlayed,16,93,0.172043
Species,series,16,18,0.888889
Species,single,16,16,1.000000
Species,sl,16,16,1.000000
Species,ssFastestLaps,16,174,0.091954
Species,ssPoles,16,174,0.091954
Species,ssRaceWins,16,174,0.091954
Species,starring,16,16,1.000000
Species,stat2league,16,1300,0.012308
Species,stat43value,16,16,1.000000
Species,term1a,16,16,1.000000
Species,term3a,16,16,1.000000
Species,term4a,16,16,1.000000
Species,transTitle,16,16,1.000000
Species,under,16,26,0.615385
Species,unrankedPhylum,16,116,0.137931
Species,wctitles,16,1274,0.012559
Species,wife,16,16,1.000000
Species,wodisumpired,16,34,0.470588
Species,worldopenresult,16,72,0.222222
Species,yeargstart,16,29,0.551724
Species,yearsInCanada,16,60,0.266667
Star,appmag4Passband,16,255,0.062745
Star,appmag5Passband,16,172,0.093023
Star,galLat,16,16,1.000000
Star,galLon,16,16,1.000000
AdministrativeRegion,cityType,16,566,0.028269
AdministrativeRegion,2010densityus,16,17,0.941176
AdministrativeRegion,alternativeLocationMap,16,121,0.132231
AdministrativeRegion,areaDunam,16,16,1.000000
AdministrativeRegion,areaMetroKm,16,16,1.000000
AdministrativeRegion,auditor,16,16,1.000000
AdministrativeRegion,augAvgRecordHighF,16,19,0.842105
AdministrativeRegion,countyMayor,16,18,0.888889
AdministrativeRegion,densityfirstyear,16,99,0.161616
AdministrativeRegion,description,16,17,0.941176
AdministrativeRegion,elevationFootnotes,16,80,0.200000
AdministrativeRegion,formedyear,16,16,1.000000
AdministrativeRegion,iucnCategory,16,1096,0.014599
AdministrativeRegion,lat,16,16,1.000000
AdministrativeRegion,parentChurch,16,43,0.372093
AdministrativeRegion,prevName1Date,16,17,0.941176
AdministrativeRegion,provRepParty,16,794,0.020151
AdministrativeRegion,rr,16,16,1.000000
AdministrativeRegion,since,16,35,0.457143
AdministrativeRegion,sworn,16,17,0.941176
Person,125Poles,15,203,0.073892
Person,2022Team,15,34,0.441176
Person,250LastSeason,15,79,0.189873
Person,250RaceWins,15,112,0.133929
Person,500TotalPoints,15,17,0.882353
Person,adopted,15,16,0.937500
Person,allMusic,15,15,1.000000
Person,altdate,15,15,1.000000
Person,architect,15,15,1.000000
Person,architecture,15,15,1.000000
Person,armiger,15,15,1.000000
Person,art,15,542,0.027675
Person,author2Link,15,26,0.576923
Person,award1n,15,51,0.294118
Person,bsbManufacturers,15,44,0.340909
Person,causeOfDeath,15,15,1.000000
Person,champPodiums,15,28,0.535714
Person,charta,15,42,0.357143
Person,comments,15,15,1.000000
Person,current,15,66,0.227273
Person,fetchwikidata,15,2167,0.006922
Person,foreignAffairs,15,15,1.000000
Person,foreignAffairsStart,15,15,1.000000
Person,formerClaTeams,15,18,0.833333
Person,goldButton,15,514,0.029183
Person,headerstyle,15,33,0.454545
Person,heightin,15,520,0.028846
Person,majorityVotes,15,15,1.000000
Person,misc,15,15,1.000000
Person,month,15,154,0.097403
Person,moto2RaceWins,15,227,0.066079
Person,name4a,15,16,0.937500
Person,ncaaroundof,15,28,0.535714
Person,officialName,15,15,1.000000
Person,orgName,15,15,1.000000
Person,penName,15,15,1.000000
Person,played,15,15,1.000000
Person,portrayer,15,15,1.000000
Person,publicWorks,15,15,1.000000
Person,publicWorksStart,15,15,1.000000
Person,quota,15,15,1.000000
Person,reachCm,15,21,0.714286
Person,ruTeame,15,17,0.882353
Person,saLastPosition,15,33,0.454545
Person,season10GamesPlayed,15,72,0.208333
Person,season11GamesPlayed,15,65,0.230769
Person,season13GamesPlayed,15,42,0.357143
Person,season13Year,15,42,0.357143
Person,season15Goals,15,19,0.789474
Person,season16Assists,15,17,0.882353
Person,season16LooseBalls,15,17,0.882353
Person,season3PlayoffAssists,15,81,0.185185
Person,season3PlayoffPenaltyMinutes,15,52,0.288462
Person,season4PlayoffGoals,15,67,0.223881
Person,series,15,17,0.882353
Person,sgpWin,15,41,0.365854
Person,sponsors,15,15,1.000000
Person,ssManufacturers,15,301,0.049834
Person,stat34value,15,15,1.000000
Person,stat42value,15,16,0.937500
Person,supranational,15,42,0.357143
Person,survey,15,16,0.937500
Person,term2a,15,16,0.937500
Person,transTitle,15,15,1.000000
Person,umpt20ilastyr,15,138,0.108696
Species,125Poles,15,203,0.073892
Species,2022Team,15,34,0.441176
Species,250LastSeason,15,79,0.189873
Species,250RaceWins,15,112,0.133929
Species,500TotalPoints,15,17,0.882353
Species,adopted,15,16,0.937500
Species,allMusic,15,15,1.000000
Species,altdate,15,15,1.000000
Species,architect,15,15,1.000000
Species,architecture,15,15,1.000000
Species,armiger,15,15,1.000000
Species,art,15,542,0.027675
Species,author2Link,15,26,0.576923
Species,award1n,15,51,0.294118
Species,bsbManufacturers,15,44,0.340909
Species,causeOfDeath,15,15,1.000000
Species,champPodiums,15,28,0.535714
Species,charta,15,42,0.357143
Species,comments,15,15,1.000000
Species,current,15,66,0.227273
Species,fetchwikidata,15,2167,0.006922
Species,foreignAffairs,15,15,1.000000
Species,foreignAffairsStart,15,15,1.000000
Species,formerClaTeams,15,18,0.833333
Species,goldButton,15,514,0.029183
Species,headerstyle,15,33,0.454545
Species,heightin,15,520,0.028846
Species,lat4Deg,15,17,0.882353
Species,lon4Deg,15,17,0.882353
Species,majorityVotes,15,15,1.000000
Species,misc,15,15,1.000000
Species,moto2RaceWins,15,227,0.066079
Species,name4a,15,16,0.937500
Species,ncaaroundof,15,28,0.535714
Species,officialName,15,15,1.000000
Species,orgName,15,15,1.000000
Species,penName,15,15,1.000000
Species,played,15,15,1.000000
Species,portrayer,15,15,1.000000
Species,publicWorks,15,15,1.000000
Species,publicWorksStart,15,15,1.000000
Species,quota,15,15,1.000000
Species,reachCm,15,21,0.714286
Species,ruTeame,15,17,0.882353
Species,saLastPosition,15,33,0.454545
Species,season10GamesPlayed,15,72,0.208333
Species,season11GamesPlayed,15,65,0.230769
Species,season13GamesPlayed,15,42,0.357143
Species,season13Year,15,42,0.357143
Species,season15Goals,15,19,0.789474
Species,season16Assists,15,17,0.882353
Species,season16LooseBalls,15,17,0.882353
Species,season3PlayoffAssists,15,81,0.185185
Species,season3PlayoffPenaltyMinutes,15,52,0.288462
Species,season4PlayoffGoals,15,67,0.223881
Species,sgpWin,15,41,0.365854
Species,sponsors,15,15,1.000000
Species,ssManufacturers,15,301,0.049834
Species,stat34value,15,15,1.000000
Species,stat42value,15,16,0.937500
Species,supranational,15,42,0.357143
Species,survey,15,16,0.937500
Species,term2a,15,16,0.937500
Species,umpt20ilastyr,15,138,0.108696
Star,angdist,15,15,1.000000
Galaxy,ic,15,15,1.000000
ChemicalCompound,volume,15,20,0.750000
AdministrativeRegion,1pp,15,15,1.000000
AdministrativeRegion,armsCaption,15,27,0.555556
AdministrativeRegion,blank3Name,15,115,0.130435
AdministrativeRegion,chapter,15,27,0.555556
AdministrativeRegion,civic,15,37,0.405405
AdministrativeRegion,dataMax,15,31,0.483871
AdministrativeRegion,day,15,15,1.000000
AdministrativeRegion,designation1Date,15,16,0.937500
AdministrativeRegion,employees,15,15,1.000000
AdministrativeRegion,imageMap2Caption,15,15,1.000000
AdministrativeRegion,lostTo,15,15,1.000000
AdministrativeRegion,mon,15,15,1.000000
AdministrativeRegion,monr,15,15,1.000000
AdministrativeRegion,ne,15,17,0.882353
AdministrativeRegion,octSnowDays,15,73,0.205479
AdministrativeRegion,octSnowInch,15,41,0.365854
AdministrativeRegion,officiallang,15,59,0.254237
AdministrativeRegion,populationthird,15,15,1.000000
AdministrativeRegion,shieldLink,15,15,1.000000
AdministrativeRegion,sw,15,15,1.000000
Person,winsAtOtherTournaments,14,14,1.000000
Person,2023Team,14,31,0.451613
Person,250FastestLaps,14,112,0.125000
Person,250Manufacturers,14,157,0.089172
Person,500Manufacturers,14,35,0.400000
Person,7a,14,15,0.933333
Person,award3n,14,45,0.311111
Person,bestGneastPos,14,17,0.823529
Person,bsbPoles,14,22,0.636364
Person,build,14,14,1.000000
Person,canadaCarTeam,14,14,1.000000
Person,careerHighlight,14,14,1.000000
Person,certyear,14,20,0.700000
Person,coachingrecords,14,14,1.000000
Person,coachwinsc,14,33,0.424242
Person,coachyear6end,14,16,0.875000
Person,currentrank,14,17,0.823529
Person,currenttours(currentpoints)_,14,22,0.636364
Person,deaths,14,14,1.000000
Person,debut4date,14,14,1.000000
Person,debut4team,14,16,0.875000
Person,designation1Date,14,14,1.000000
Person,documenturl,14,17,0.823529
Person,foreignAffairsEnd,14,14,1.000000
Person,grandInternational,14,32,0.437500
Person,hanjaho,14,21,0.666667
Person,headercss,14,22,0.636364
Person,heirType,14,169,0.082840
Person,hgf,14,29,0.482759
Person,i,14,21,0.666667
Person,irlPoles,14,42,0.333333
Person,issueType,14,81,0.172840
Person,lat2Deg,14,19,0.736842
Person,lat4Deg,14,16,0.875000
Person,locmapin,14,19,0.736842
Person,lon2Deg,14,19,0.736842
Person,lon4Deg,14,16,0.875000
Person,majorityPercent,14,14,1.000000
Person,mediaType,14,34,0.411765
Person,mining,14,14,1.000000
Person,miningStart,14,14,1.000000
Person,mixedtitles,14,193,0.072539
Person,moto2Poles,14,228,0.061404
Person,nationalgamesGoals,14,181,0.077348
Person,olympicsdoublesresult,14,375,0.037333
Person,paralympicsresult,14,62,0.225806
Person,positionplain,14,38,0.368421
Person,post6followed,14,15,0.933333
Person,pretendFrom,14,15,0.933333
Person,production,14,14,1.000000
Person,publicWorksEnd,14,14,1.000000
Person,racingBest,14,33,0.424242
Person,resides,14,20,0.700000
Person,rivalsArchiveurl,14,15,0.933333
Person,ruYear6start,14,18,0.777778
Person,season13PlayoffLooseBalls,14,21,0.666667
Person,season13TeamLink,14,42,0.333333
Person,season14Year,14,34,0.411765
Person,season2PlayoffPenaltyMinutes,14,50,0.280000
Person,season3PlayoffShots,14,24,0.583333
Person,season4PlayoffGamesPlayed,14,103,0.135922
Person,season5PlayoffGamesPlayed,14,94,0.148936
Person,season5Team,14,34,0.411765
Person,season6GroundBalls,14,16,0.875000
Person,season6Team,14,29,0.482759
Person,season7Team,14,26,0.538462
Person,sernam,14,14,1.000000
Person,sernamStart,14,14,1.000000
Person,suppressedDate,14,14,1.000000
Person,suspects,14,14,1.000000
Person,testdebutagainst,14,3452,0.004056
Person,totalGneastRaces,14,25,0.560000
Person,wimbledonmixedresult,14,1322,0.010590
Person,worldsmedals,14,543,0.025783
Person,yearfend,14,20,0.700000
Person,zoom,14,37,0.378378
Species,winsAtOtherTournaments,14,14,1.000000
Species,2023Team,14,31,0.451613
Species,250FastestLaps,14,112,0.125000
Species,250Manufacturers,14,157,0.089172
Species,500Manufacturers,14,35,0.400000
Species,7a,14,15,0.933333
Species,award3n,14,45,0.311111
Species,bestGneastPos,14,17,0.823529
Species,bsbPoles,14,22,0.636364
Species,build,14,14,1.000000
Species,canadaCarTeam,14,14,1.000000
Species,careerHighlight,14,14,1.000000
Species,certyear,14,20,0.700000
Species,coachingrecords,14,14,1.000000
Species,coachwinsc,14,33,0.424242
Species,coachyear6end,14,16,0.875000
Species,currentrank,14,17,0.823529
Species,currenttours(currentpoints)_,14,22,0.636364
Species,deaths,14,14,1.000000
Species,debut4date,14,14,1.000000
Species,debut4team,14,16,0.875000
Species,designation1Date,14,14,1.000000
Species,foreignAffairsEnd,14,14,1.000000
Species,grandInternational,14,32,0.437500
Species,hanjaho,14,21,0.666667
Species,headercss,14,22,0.636364
Species,heirType,14,169,0.082840
Species,hgf,14,29,0.482759
Species,i,14,21,0.666667
Species,irlPoles,14,42,0.333333
Species,issueType,14,81,0.172840
Species,locmapin,14,19,0.736842
Species,majorityPercent,14,14,1.000000
Species,mediaType,14,34,0.411765
Species,mining,14,14,1.000000
Species,miningStart,14,14,1.000000
Species,mixedtitles,14,193,0.072539
Species,moto2Poles,14,228,0.061404
Species,nationalgamesGoals,14,181,0.077348
Species,olympicsdoublesresult,14,375,0.037333
Species,paralympicsresult,14,62,0.225806
Species,positionplain,14,38,0.368421
Species,post6followed,14,15,0.933333
Species,pretendFrom,14,15,0.933333
Species,production,14,14,1.000000
Species,publicWorksEnd,14,14,1.000000
Species,racingBest,14,33,0.424242
Species,resides,14,20,0.700000
Species,rivalsArchiveurl,14,15,0.933333
Species,ruYear6start,14,18,0.777778
Species,season13PlayoffLooseBalls,14,21,0.666667
Species,season13TeamLink,14,42,0.333333
Species,season14Year,14,34,0.411765
Species,season2PlayoffPenaltyMinutes,14,50,0.280000
Species,season3PlayoffShots,14,24,0.583333
Species,season4PlayoffGamesPlayed,14,103,0.135922
Species,season5PlayoffGamesPlayed,14,94,0.148936
Species,season5Team,14,34,0.411765
Species,season6GroundBalls,14,16,0.875000
Species,season6Team,14,29,0.482759
Species,season7Team,14,26,0.538462
Species,sernam,14,14,1.000000
Species,sernamStart,14,14,1.000000
Species,suppressedDate,14,14,1.000000
Species,suspects,14,14,1.000000
Species,testdebutagainst,14,3452,0.004056
Species,totalGneastRaces,14,25,0.560000
Species,unrankedRegnum,14,756,0.018519
Species,wimbledonmixedresult,14,1322,0.010590
Species,worldsmedals,14,543,0.025783
Species,yearfend,14,20,0.700000
Species,zoom,14,38,0.368421
Galaxy,references,14,29,0.482759
ChemicalCompound,tradename,14,14,1.000000
AdministrativeRegion,1a,14,14,1.000000
AdministrativeRegion,abparty,14,198,0.070707
AdministrativeRegion,afs,14,313,0.044728
AdministrativeRegion,archdiocese,14,14,1.000000
AdministrativeRegion,areaGained,14,14,1.000000
AdministrativeRegion,areasecondyear,14,99,0.141414
AdministrativeRegion,avholdspartiet,14,33,0.424242
AdministrativeRegion,butterfly,14,17,0.823529
AdministrativeRegion,cand,14,14,1.000000
AdministrativeRegion,coatAlt,14,57,0.245614
AdministrativeRegion,demoCensusDate,14,1097,0.012762
AdministrativeRegion,economicRegion,14,64,0.218750
AdministrativeRegion,febDewPointF,14,14,1.000000
AdministrativeRegion,grass,14,17,0.823529
AdministrativeRegion,junDewPointF,14,14,1.000000
AdministrativeRegion,legend1title,14,14,1.000000
AdministrativeRegion,lmz,14,14,1.000000
AdministrativeRegion,markSize,14,28,0.500000
AdministrativeRegion,mr,14,14,1.000000
AdministrativeRegion,nicknames,14,15,0.933333
AdministrativeRegion,nkp,14,477,0.029350
AdministrativeRegion,octDewPointF,14,14,1.000000
AdministrativeRegion,minus,14,14,1.000000
AdministrativeRegion,sosialistiskVenstreparti,14,989,0.014156
AdministrativeRegion,system,14,200,0.070000
AdministrativeRegion,unitname,14,17,0.823529
AdministrativeRegion,urbanTypeSettlementOfDistrictSignificanceType,14,406,0.034483
Person,lastPosition,13,16,0.812500
Person,125RaceWins,13,203,0.064039
Person,250Poles,13,112,0.116071
Person,500RaceStarts,13,17,0.764706
Person,7y,13,16,0.812500
Person,accessed,13,16,0.812500
Person,arenafan,13,13,1.000000
Person,asiawins,13,266,0.048872
Person,basedAt,13,16,0.812500
Person,boxKoloss,13,181,0.071823
Person,bsbLastPosition,13,22,0.590909
Person,bsbLastSeason,13,22,0.590909
Person,canadaPoles,13,60,0.216667
Person,careerWinnings,13,13,1.000000
Person,championsLeague,13,15,0.866667
Person,coachyear7start,13,16,0.812500
Person,colour,13,31,0.419355
Person,conducted,13,13,1.000000
Person,contribution,13,22,0.590909
Person,databasefootballArchive,13,13,1.000000
Person,dutchOpen,13,17,0.764706
Person,energy,13,13,1.000000
Person,energyStart,13,13,1.000000
Person,eptFinalTables,13,234,0.055556
Person,firstCanadaWin,13,19,0.684211
Person,firstChampWin,13,15,0.866667
Person,firstIrlWin,13,21,0.619048
Person,float,13,1516,0.008575
Person,fr,13,617,0.021070
Person,hanjaja,13,17,0.764706
Person,hoflink,13,692,0.018786
Person,housing,13,13,1.000000
Person,housingStart,13,13,1.000000
Person,ia,13,13,1.000000
Person,icprovinceh,13,98,0.132653
Person,illustrator,13,15,0.866667
Person,investiture,13,13,1.000000
Person,irlWins,13,42,0.309524
Person,kickboxDraw,13,567,0.022928
Person,lastArcaEastRace,13,63,0.206349
Person,lasttestagainst,13,2868,0.004533
Person,latSec,13,17,0.764706
Person,leagueType,13,36,0.361111
Person,miningEnd,13,13,1.000000
Person,mmaDraw,13,695,0.018705
Person,moto2LastSeason,13,210,0.061905
Person,moto3RaceWins,13,173,0.075145
Person,nationalAssets,13,13,1.000000
Person,nationalAssetsStart,13,13,1.000000
Person,nc,13,924,0.014069
Person,netWorth,13,13,1.000000
Person,nonus,13,334,0.038922
Person,peak2a,13,14,0.928571
Person,peak3a,13,13,1.000000
Person,placeOfDeath,13,13,1.000000
Person,pointsf,13,60,0.216667
Person,polyNotes,13,13,1.000000
Person,probowls,13,51,0.254902
Person,rd1Score,13,31,0.419355
Person,refereeyear3start,13,16,0.812500
Person,ruCoachyear2start,13,14,0.928571
Person,ruTriesb,13,122,0.106557
Person,sa,13,14,0.928571
Person,score,13,188,0.069149
Person,season10PlayoffAssists,13,30,0.433333
Person,season12PlayoffLooseBalls,13,28,0.464286
Person,season15PenaltyMinutes,13,22,0.590909
Person,season15PlayoffLooseBalls,13,17,0.764706
Person,season15Year,13,26,0.500000
Person,season1FaceoffsWon,13,21,0.619048
Person,season1PlayoffGroundBalls,13,30,0.433333
Person,season2FaceoffsAtt,13,21,0.619048
Person,season2PlayoffAssists,13,65,0.200000
Person,season3PlayoffGoals,13,81,0.160494
Person,season5PlayoffGoals,13,62,0.209677
Person,season5PlayoffPenaltyMinutes,13,45,0.288889
Person,season6PlayoffGoals,13,54,0.240741
Person,season7PlayoffPenaltyMinutes,13,33,0.393939
Person,seneurowins,13,149,0.087248
Person,sernamEnd,13,13,1.000000
Person,sex,13,1166,0.011149
Person,siglum,13,13,1.000000
Person,spoilt,13,13,1.000000
Person,tablewidth,13,87,0.149425
Person,treasuryDate,13,18,0.722222
Person,trialdate,13,13,1.000000
Person,wcoveralls,13,1502,0.008655
Person,wsopBraceletCount,13,690,0.018841
Species,lastPosition,13,16,0.812500
Species,125RaceWins,13,203,0.064039
Species,250Poles,13,112,0.116071
Species,500RaceStarts,13,17,0.764706
Species,7y,13,16,0.812500
Species,accessed,13,16,0.812500
Species,arenafan,13,13,1.000000
Species,asiawins,13,266,0.048872
Species,basedAt,13,16,0.812500
Species,boxKoloss,13,181,0.071823
Species,bsbLastPosition,13,22,0.590909
Species,bsbLastSeason,13,22,0.590909
Species,canadaPoles,13,60,0.216667
Species,capshape,13,411,0.031630
Species,careerWinnings,13,13,1.000000
Species,championsLeague,13,15,0.866667
Species,coachyear7start,13,16,0.812500
Species,conducted,13,13,1.000000
Species,contribution,13,22,0.590909
Species,databasefootballArchive,13,13,1.000000
Species,dutchOpen,13,17,0.764706
Species,energy,13,13,1.000000
Species,energyStart,13,13,1.000000
Species,eptFinalTables,13,234,0.055556
Species,firstCanadaWin,13,19,0.684211
Species,firstChampWin,13,15,0.866667
Species,firstIrlWin,13,21,0.619048
Species,float,13,1531,0.008491
Species,fr,13,617,0.021070
Species,hanjaja,13,17,0.764706
Species,hoflink,13,692,0.018786
Species,housing,13,13,1.000000
Species,housingStart,13,13,1.000000
Species,ia,13,13,1.000000
Species,icprovinceh,13,98,0.132653
Species,illustrator,13,15,0.866667
Species,investiture,13,13,1.000000
Species,irlWins,13,42,0.309524
Species,kickboxDraw,13,567,0.022928
Species,lastArcaEastRace,13,63,0.206349
Species,lasttestagainst,13,2868,0.004533
Species,lat5Deg,13,14,0.928571
Species,latSec,13,17,0.764706
Species,leagueType,13,36,0.361111
Species,license,13,24,0.541667
Species,lon5Deg,13,14,0.928571
Species,miningEnd,13,13,1.000000
Species,mmaDraw,13,695,0.018705
Species,moto2LastSeason,13,210,0.061905
Species,moto3RaceWins,13,173,0.075145
Species,nationalAssets,13,13,1.000000
Species,nationalAssetsStart,13,13,1.000000
Species,nc,13,924,0.014069
Species,netWorth,13,13,1.000000
Species,nonus,13,334,0.038922
Species,peak2a,13,14,0.928571
Species,peak3a,13,13,1.000000
Species,placeOfDeath,13,13,1.000000
Species,pointsf,13,60,0.216667
Species,polyNotes,13,13,1.000000
Species,probowls,13,51,0.254902
Species,rd1Score,13,31,0.419355
Species,refereeyear3start,13,16,0.812500
Species,ruCoachyear2start,13,14,0.928571
Species,ruTriesb,13,122,0.106557
Species,sa,13,14,0.928571
Species,score,13,188,0.069149
Species,season10PlayoffAssists,13,30,0.433333
Species,season12PlayoffLooseBalls,13,28,0.464286
Species,season15PenaltyMinutes,13,22,0.590909
Species,season15PlayoffLooseBalls,13,17,0.764706
Species,season15Year,13,26,0.500000
Species,season1FaceoffsWon,13,21,0.619048
Species,season1PlayoffGroundBalls,13,30,0.433333
Species,season2FaceoffsAtt,13,21,0.619048
Species,season2PlayoffAssists,13,65,0.200000
Species,season3PlayoffGoals,13,81,0.160494
Species,season5PlayoffGoals,13,62,0.209677
Species,season5PlayoffPenaltyMinutes,13,45,0.288889
Species,season6PlayoffGoals,13,54,0.240741
Species,season7PlayoffPenaltyMinutes,13,33,0.393939
Species,seneurowins,13,149,0.087248
Species,sernamEnd,13,13,1.000000
Species,siglum,13,13,1.000000
Species,spoilt,13,13,1.000000
Species,tablewidth,13,87,0.149425
Species,treasuryDate,13,18,0.722222
Species,trialdate,13,13,1.000000
Species,wcoveralls,13,1502,0.008655
Species,wsopBraceletCount,13,690,0.018841
Star,appmag6Passband,13,98,0.132653
Galaxy,halfLightRadiusPc,13,16,0.812500
Galaxy,massLightRatio,13,13,1.000000
ChemicalCompound,page,13,13,1.000000
ChemicalCompound,vSearch,13,13,1.000000
ChemicalCompound,wikt,13,26,0.500000
AdministrativeRegion,2010density,13,13,1.000000
AdministrativeRegion,accessdate,13,28,0.464286
AdministrativeRegion,admCtrType,13,1404,0.009259
AdministrativeRegion,augDewPointF,13,14,0.928571
AdministrativeRegion,colors,13,13,1.000000
AdministrativeRegion,combatant,13,13,1.000000
AdministrativeRegion,designation,13,23,0.565217
AdministrativeRegion,flagImage,13,37,0.351351
AdministrativeRegion,janDewPointF,13,14,0.928571
AdministrativeRegion,julDewPointF,13,14,0.928571
AdministrativeRegion,lonDeg,13,19,0.684211
AdministrativeRegion,long,13,13,1.000000
AdministrativeRegion,mapSize,13,106,0.122642
AdministrativeRegion,marDewPointF,13,14,0.928571
AdministrativeRegion,mayDewPointF,13,14,0.928571
AdministrativeRegion,mayortitle,13,129,0.100775
AdministrativeRegion,novDewPointF,13,14,0.928571
AdministrativeRegion,patronTitle,13,25,0.520000
AdministrativeRegion,repterms%23_,13,4020,0.003234
AdministrativeRegion,rte,13,19,0.684211
AdministrativeRegion,sepDewPointF,13,14,0.928571
AdministrativeRegion,sessionRoom,13,13,1.000000
AdministrativeRegion,supporters,13,13,1.000000
AdministrativeRegion,totalType,13,950,0.013684
AdministrativeRegion,unitPref,13,10899,0.001193
AdministrativeRegion,yearDewPointF,13,13,1.000000
Person,winsAtAus,12,12,1.000000
Person,1option,12,32,0.375000
Person,aflstatseason,12,42,0.285714
Person,agf,12,28,0.428571
Person,australianopenjuniorresult,12,192,0.062500
Person,australianopenmixedresult,12,577,0.020797
Person,award1w,12,51,0.235294
Person,bsbFastestLaps,12,19,0.631579
Person,candidate3Party,12,39,0.307692
Person,canlaxhof,12,15,0.800000
Person,cartoonist,12,698,0.017192
Person,category,12,54,0.222222
Person,cdDate,12,158,0.075949
Person,clallireland,12,523,0.022945
Person,coachwinsb,12,78,0.153846
Person,coachyeardstart,12,12,1.000000
Person,conama,12,12,1.000000
Person,conamaEnd,12,12,1.000000
Person,conamaStart,12,12,1.000000
Person,coronaTopTens,12,13,0.923077
Person,custom,12,12,1.000000
Person,debut4year,12,16,0.750000
Person,doi,12,36,0.333333
Person,dqLosses,12,414,0.028986
Person,dqWins,12,590,0.020339
Person,edition,12,34,0.352941
Person,energyEnd,12,12,1.000000
Person,espnArchiveurl,12,13,0.923077
Person,firstArcaEastWin,12,16,0.750000
Person,formation,12,14,0.857143
Person,formerName,12,13,0.923077
Person,gneastTopTens,12,25,0.480000
Person,height(inch)_,12,44,0.272727
Person,hga,12,27,0.444444
Person,housingEnd,12,12,1.000000
Person,hqLocationCity,12,13,0.923077
Person,initiated,12,12,1.000000
Person,initiationName,12,12,1.000000
Person,kickboxingdraws,12,130,0.092308
Person,koLatn,12,12,1.000000
Person,lastArcaWin,12,16,0.750000
Person,lat5Deg,12,13,0.923077
Person,legend,12,4562,0.002630
Person,linecolor,12,15,0.800000
Person,lon5Deg,12,13,0.923077
Person,membership,12,15,0.800000
Person,moto3LastSeason,12,175,0.068571
Person,name3b,12,12,1.000000
Person,namedata,12,13,0.923077
Person,nationalAssetsEnd,12,12,1.000000
Person,olympicsWeight,12,20,0.600000
Person,organizationposition,12,13,0.923077
Person,pastteamsnote,12,5550,0.002162
Person,pictureFormat,12,17,0.705882
Person,pointsg,12,30,0.400000
Person,post6years,12,15,0.800000
Person,precededBy,12,18,0.666667
Person,prevCanadaYear,12,36,0.333333
Person,rabbi,12,13,0.923077
Person,rev1score,12,14,0.857143
Person,rivals,12,12,1.000000
Person,rows,12,8259,0.001453
Person,ruCoachyear2end,12,13,0.923077
Person,ruYear6end,12,12,1.000000
Person,scoutArchiveurl,12,13,0.923077
Person,season14GamesPlayed,12,34,0.352941
Person,season14TeamLink,12,34,0.352941
Person,season15GamesPlayed,12,27,0.444444
Person,season15TeamLink,12,27,0.444444
Person,season16Goals,12,16,0.750000
Person,season16PenaltyMinutes,12,16,0.750000
Person,season16Year,12,21,0.571429
Person,season1PlayoffAssists,12,72,0.166667
Person,season1PlayoffGamesPlayed,12,104,0.115385
Person,season1PlayoffGoals,12,79,0.151899
Person,season2PlayoffGamesPlayed,12,95,0.126316
Person,season3PlayoffGamesPlayed,12,116,0.103448
Person,season4PlayoffPenaltyMinutes,12,47,0.255319
Person,season4PlayoffShots,12,17,0.705882
Person,season7PlayoffAssists,12,53,0.226415
Person,season8PlayoffAssists,12,36,0.333333
Person,season9PlayoffAssists,12,46,0.260870
Person,segpresParty,12,16,0.750000
Person,side,12,14,0.857143
Person,silverButton,12,606,0.019802
Person,societies,12,12,1.000000
Person,stat41value,12,16,0.750000
Person,stat7label,12,44,0.272727
Person,subsect,12,35,0.342857
Person,succeededBy,12,12,1.000000
Person,suffix,12,101,0.118812
Person,term3b,12,12,1.000000
Person,titleBg,12,38,0.315789
Person,tradedAs,12,13,0.923077
Person,transport,12,12,1.000000
Person,transportStart,12,12,1.000000
Person,triese,12,157,0.076433
Person,umpwt20idebutyr,12,25,0.480000
Person,unlinked,12,13,0.923077
Person,warNavy,12,18,0.666667
Person,wptFinalTables,12,437,0.027460
Person,writtenby,12,12,1.000000
Person,year11end,12,39,0.307692
Person,year13start,12,16,0.750000
Person,yearsInChamp,12,27,0.444444
Species,winsAtAus,12,12,1.000000
Species,1option,12,32,0.375000
Species,aflstatseason,12,42,0.285714
Species,agf,12,28,0.428571
Species,australianopenjuniorresult,12,192,0.062500
Species,australianopenmixedresult,12,577,0.020797
Species,award1w,12,51,0.235294
Species,bsbFastestLaps,12,19,0.631579
Species,candidate3Party,12,39,0.307692
Species,canlaxhof,12,15,0.800000
Species,cartoonist,12,698,0.017192
Species,category,12,54,0.222222
Species,cdDate,12,158,0.075949
Species,clallireland,12,523,0.022945
Species,coachwinsb,12,78,0.153846
Species,coachyeardstart,12,12,1.000000
Species,conama,12,12,1.000000
Species,conamaEnd,12,12,1.000000
Species,conamaStart,12,12,1.000000
Species,coronaTopTens,12,13,0.923077
Species,custom,12,12,1.000000
Species,debut4year,12,16,0.750000
Species,doi,12,36,0.333333
Species,dqLosses,12,414,0.028986
Species,dqWins,12,590,0.020339
Species,edition,12,34,0.352941
Species,energyEnd,12,12,1.000000
Species,espnArchiveurl,12,13,0.923077
Species,firstArcaEastWin,12,16,0.750000
Species,formation,12,14,0.857143
Species,formerName,12,13,0.923077
Species,gneastTopTens,12,25,0.480000
Species,height(inch)_,12,44,0.272727
Species,hga,12,27,0.444444
Species,housingEnd,12,12,1.000000
Species,hqLocationCity,12,13,0.923077
Species,initiated,12,12,1.000000
Species,initiationName,12,12,1.000000
Species,kickboxingdraws,12,130,0.092308
Species,koLatn,12,12,1.000000
Species,lastArcaWin,12,16,0.750000
Species,legend,12,4562,0.002630
Species,linecolor,12,15,0.800000
Species,membership,12,15,0.800000
Species,moto3LastSeason,12,175,0.068571
Species,name3b,12,12,1.000000
Species,namedata,12,13,0.923077
Species,nationalAssetsEnd,12,12,1.000000
Species,olympicsWeight,12,20,0.600000
Species,organizationposition,12,13,0.923077
Species,pastteamsnote,12,5550,0.002162
Species,pictureFormat,12,17,0.705882
Species,pointsg,12,30,0.400000
Species,post6years,12,15,0.800000
Species,precededBy,12,18,0.666667
Species,prevCanadaYear,12,36,0.333333
Species,rabbi,12,13,0.923077
Species,rev1score,12,14,0.857143
Species,rivals,12,12,1.000000
Species,rows,12,8259,0.001453
Species,ruCoachyear2end,12,13,0.923077
Species,ruYear6end,12,12,1.000000
Species,scoutArchiveurl,12,13,0.923077
Species,season14GamesPlayed,12,34,0.352941
Species,season14TeamLink,12,34,0.352941
Species,season15GamesPlayed,12,27,0.444444
Species,season15TeamLink,12,27,0.444444
Species,season16Goals,12,16,0.750000
Species,season16PenaltyMinutes,12,16,0.750000
Species,season16Year,12,21,0.571429
Species,season1PlayoffAssists,12,72,0.166667
Species,season1PlayoffGamesPlayed,12,104,0.115385
Species,season1PlayoffGoals,12,79,0.151899
Species,season2PlayoffGamesPlayed,12,95,0.126316
Species,season3PlayoffGamesPlayed,12,116,0.103448
Species,season4PlayoffPenaltyMinutes,12,47,0.255319
Species,season4PlayoffShots,12,17,0.705882
Species,season7PlayoffAssists,12,53,0.226415
Species,season8PlayoffAssists,12,36,0.333333
Species,season9PlayoffAssists,12,46,0.260870
Species,segpresParty,12,16,0.750000
Species,side,12,14,0.857143
Species,silverButton,12,606,0.019802
Species,societies,12,12,1.000000
Species,stat41value,12,16,0.750000
Species,stat7label,12,44,0.272727
Species,subsect,12,35,0.342857
Species,succeededBy,12,12,1.000000
Species,suffix,12,101,0.118812
Species,term3b,12,12,1.000000
Species,titleBg,12,38,0.315789
Species,tradedAs,12,13,0.923077
Species,transport,12,12,1.000000
Species,transportStart,12,12,1.000000
Species,triese,12,157,0.076433
Species,umpwt20idebutyr,12,25,0.480000
Species,unlinked,12,13,0.923077
Species,unrankedClassis,12,2107,0.005695
Species,unrankedSubordo,12,29,0.413793
Species,unrankedTribus,12,49,0.244898
Species,warNavy,12,18,0.666667
Species,wptFinalTables,12,437,0.027460
Species,writtenby,12,12,1.000000
Species,year11end,12,39,0.307692
Species,year13start,12,16,0.750000
Species,yearsInChamp,12,27,0.444444
Star,vI,12,13,0.923077
Star,width,12,16,0.750000
Galaxy,m,12,12,1.000000
ChemicalCompound,author,12,12,1.000000
ChemicalCompound,dailymedid,12,12,1.000000
ChemicalCompound,drugbank,12,12,1.000000
ChemicalCompound,number,12,12,1.000000
ChemicalCompound,pages,12,12,1.000000
ChemicalCompound,wiktSearch,12,12,1.000000
ChemicalCompound,wstitle,12,12,1.000000
AdministrativeRegion,areaRural,12,12,1.000000
AdministrativeRegion,aprDewPointF,12,14,0.857143
AdministrativeRegion,armsLink,12,13,0.923077
AdministrativeRegion,badge,12,12,1.000000
AdministrativeRegion,bsize,12,13,0.923077
AdministrativeRegion,colwidth,12,111,0.108108
AdministrativeRegion,decDewPointF,12,14,0.857143
AdministrativeRegion,densitylastyear,12,98,0.122449
AdministrativeRegion,designation1Number,12,12,1.000000
AdministrativeRegion,designation1Offname,12,14,0.857143
AdministrativeRegion,divname,12,21,0.571429
AdministrativeRegion,gdp,12,12,1.000000
AdministrativeRegion,houseType,12,64,0.187500
AdministrativeRegion,lastElection,12,47,0.255319
AdministrativeRegion,latDeg,12,19,0.631579
AdministrativeRegion,lit,12,12,1.000000
AdministrativeRegion,logoUpright,12,195,0.061538
AdministrativeRegion,mong,12,12,1.000000
AdministrativeRegion,nw,12,12,1.000000
AdministrativeRegion,otherCities,12,12,1.000000
AdministrativeRegion,otop,12,13,0.923077
AdministrativeRegion,partsStyle,12,3671,0.003269
AdministrativeRegion,quarter,12,41,0.292683
AdministrativeRegion,tartan,12,12,1.000000
AdministrativeRegion,wikt,12,70,0.171429
AdministrativeRegion,yearAfthumidity,12,14,0.857143
Person,wikiPageRedirects,11,11,1.000000
Person,125ActiveYears,11,137,0.080292
Person,2option,11,21,0.523810
Person,afldraftedteam,11,32,0.343750
Person,allLyrics,11,11,1.000000
Person,alternative,11,19,0.578947
Person,arcaPoles,11,123,0.089431
Person,award2w,11,49,0.224490
Person,award3w,11,45,0.244444
Person,award5n,11,25,0.440000
Person,bjkcupresult,11,14,0.785714
Person,bot,11,11712,0.000939
Person,campaign,11,22,0.500000
Person,canadaWins,11,60,0.183333
Person,cbasehofYear,11,22,0.500000
Person,cflstatus,11,571,0.019264
Person,cm,11,13,0.846154
Person,coachlossesb,11,78,0.141026
Person,coachlossesc,11,33,0.333333
Person,coachyear8start,11,11,1.000000
Person,confederation,11,18,0.611111
Person,coregency,11,11,1.000000
Person,culture,11,12,0.916667
Person,czechleague,11,15,0.733333
Person,debut3league,11,144,0.076389
Person,diamondButton,11,235,0.046809
Person,ep,11,100,0.110000
Person,evas,11,70,0.157143
Person,fate,11,13,0.846154
Person,fatherName,11,11,1.000000
Person,films,11,12,0.916667
Person,final2league,11,813,0.013530
Person,firstAired,11,11,1.000000
Person,formerSchool(s)_,11,12,0.916667
Person,foundedBy,11,11,1.000000
Person,hoftype,11,692,0.015896
Person,iccounty,11,16,0.687500
Person,intercontinental,11,17,0.647059
Person,interiorForeignAffairsStart,11,14,0.785714
Person,internationalyears,11,12,0.916667
Person,inventor,11,11,1.000000
Person,king,11,11,1.000000
Person,lastIrlRace,11,26,0.423077
Person,license,11,18,0.611111
Person,listPercentage,11,11,1.000000
Person,madh'hab,11,50,0.220000
Person,mantling,11,29,0.379310
Person,medalAlt,11,160,0.068750
Person,minister2Termend,11,11,1.000000
Person,moto2FastestLaps,11,227,0.048458
Person,moto3Poles,11,173,0.063584
Person,mps,11,11,1.000000
Person,name4b,11,11,1.000000
Person,nickName,11,11,1.000000
Person,odDate,11,158,0.069620
Person,peak4a,11,13,0.846154
Person,peak4b,11,11,1.000000
Person,polyWives,11,42,0.261905
Person,post4note,11,11,1.000000
Person,posthumous,11,23,0.478261
Person,postText,11,12,0.916667
Person,rd1Seed,11,23,0.478261
Person,rlNtupdate,11,12,0.916667
Person,ruCoachteama,11,11,1.000000
Person,ruTeamf,11,11,1.000000
Person,season16PlayoffLooseBalls,11,11,1.000000
Person,season17Assists,11,11,1.000000
Person,season17LooseBalls,11,11,1.000000
Person,season1GoalsAgainst,11,11,1.000000
Person,season1Saves,11,11,1.000000
Person,season2FaceoffsWon,11,17,0.647059
Person,season2GoalsAgainst,11,11,1.000000
Person,season2Minutes,11,11,1.000000
Person,season2PlayoffShots,11,16,0.687500
Person,season2Saves,11,11,1.000000
Person,season3GoalsAgainst,11,11,1.000000
Person,season3Minutes,11,11,1.000000
Person,season3PlayoffGroundBalls,11,25,0.440000
Person,season3Saves,11,11,1.000000
Person,season4GoalsAgainst,11,11,1.000000
Person,season4Minutes,11,11,1.000000
Person,season4Saves,11,11,1.000000
Person,season5Minutes,11,11,1.000000
Person,season5Saves,11,11,1.000000
Person,season6GoalsAgainst,11,11,1.000000
Person,season6PlayoffGamesPlayed,11,76,0.144737
Person,season6Saves,11,11,1.000000
Person,season7GoalsAgainst,11,11,1.000000
Person,season7Minutes,11,11,1.000000
Person,season7PlayoffGoals,11,46,0.239130
Person,season7Shots,11,11,1.000000
Person,season8PlayoffGoals,11,33,0.333333
Person,season9PlayoffGoals,11,40,0.275000
Person,specialty,11,12,0.916667
Person,spousesType,11,70,0.157143
Person,stat32label,11,156,0.070513
Person,subjectName,11,11,1.000000
Person,tailNumber,11,13,0.846154
Person,term4b,11,11,1.000000
Person,testdebutfor,11,129,0.085271
Person,totalCoronaRaces,11,13,0.846154
Person,transportEnd,11,11,1.000000
Person,uig,11,11,1.000000
Person,umpireleague,11,98,0.112245
Person,umpt20lastyr,11,28,0.392857
Person,umpwodilastyr,11,24,0.458333
Person,viewers,11,11,1.000000
Person,win,11,375,0.029333
Person,write,11,919,0.011970
Person,xej,11,11,1.000000
Person,yearsInArcaWest,11,75,0.146667
Person,zhLatn,11,11,1.000000
Species,125ActiveYears,11,137,0.080292
Species,2option,11,21,0.523810
Species,afldraftedteam,11,32,0.343750
Species,allLyrics,11,11,1.000000
Species,alternative,11,19,0.578947
Species,arcaPoles,11,123,0.089431
Species,award2w,11,49,0.224490
Species,award3w,11,45,0.244444
Species,award5n,11,25,0.440000
Species,bjkcupresult,11,14,0.785714
Species,bot,11,12003,0.000916
Species,campaign,11,22,0.500000
Species,canadaWins,11,60,0.183333
Species,cbasehofYear,11,22,0.500000
Species,cflstatus,11,571,0.019264
Species,cholineMg,11,13,0.846154
Species,cm,11,13,0.846154
Species,coachlossesb,11,78,0.141026
Species,coachlossesc,11,33,0.333333
Species,coachyear8start,11,11,1.000000
Species,confederation,11,18,0.611111
Species,coregency,11,11,1.000000
Species,culture,11,12,0.916667
Species,czechleague,11,15,0.733333
Species,debut3league,11,144,0.076389
Species,diamondButton,11,235,0.046809
Species,ep,11,100,0.110000
Species,evas,11,70,0.157143
Species,fate,11,13,0.846154
Species,fatherName,11,11,1.000000
Species,films,11,12,0.916667
Species,final2league,11,813,0.013530
Species,firstAired,11,11,1.000000
Species,formerSchool(s)_,11,12,0.916667
Species,foundedBy,11,11,1.000000
Species,hoftype,11,692,0.015896
Species,iccounty,11,16,0.687500
Species,intercontinental,11,17,0.647059
Species,interiorForeignAffairsStart,11,14,0.785714
Species,internationalyears,11,12,0.916667
Species,inventor,11,11,1.000000
Species,king,11,11,1.000000
Species,lastIrlRace,11,26,0.423077
Species,listPercentage,11,11,1.000000
Species,madh'hab,11,50,0.220000
Species,mantling,11,29,0.379310
Species,medalAlt,11,160,0.068750
Species,minister2Termend,11,11,1.000000
Species,moto2FastestLaps,11,227,0.048458
Species,moto3Poles,11,173,0.063584
Species,mps,11,11,1.000000
Species,name4b,11,11,1.000000
Species,nickName,11,11,1.000000
Species,odDate,11,158,0.069620
Species,peak4a,11,13,0.846154
Species,peak4b,11,11,1.000000
Species,polyWives,11,42,0.261905
Species,post4note,11,11,1.000000
Species,posthumous,11,23,0.478261
Species,postText,11,12,0.916667
Species,rd1Seed,11,23,0.478261
Species,rlNtupdate,11,12,0.916667
Species,ruCoachteama,11,11,1.000000
Species,ruTeamf,11,11,1.000000
Species,season16PlayoffLooseBalls,11,11,1.000000
Species,season17Assists,11,11,1.000000
Species,season17LooseBalls,11,11,1.000000
Species,season1GoalsAgainst,11,11,1.000000
Species,season1Saves,11,11,1.000000
Species,season2FaceoffsWon,11,17,0.647059
Species,season2GoalsAgainst,11,11,1.000000
Species,season2Minutes,11,11,1.000000
Species,season2PlayoffShots,11,16,0.687500
Species,season2Saves,11,11,1.000000
Species,season3GoalsAgainst,11,11,1.000000
Species,season3Minutes,11,11,1.000000
Species,season3PlayoffGroundBalls,11,25,0.440000
Species,season3Saves,11,11,1.000000
Species,season4GoalsAgainst,11,11,1.000000
Species,season4Minutes,11,11,1.000000
Species,season4Saves,11,11,1.000000
Species,season5Minutes,11,11,1.000000
Species,season5Saves,11,11,1.000000
Species,season6GoalsAgainst,11,11,1.000000
Species,season6PlayoffGamesPlayed,11,76,0.144737
Species,season6Saves,11,11,1.000000
Species,season7GoalsAgainst,11,11,1.000000
Species,season7Minutes,11,11,1.000000
Species,season7PlayoffGoals,11,46,0.239130
Species,season7Shots,11,11,1.000000
Species,season8PlayoffGoals,11,33,0.333333
Species,season9PlayoffGoals,11,40,0.275000
Species,specialty,11,12,0.916667
Species,spousesType,11,70,0.157143
Species,stat32label,11,156,0.070513
Species,subjectName,11,11,1.000000
Species,superclassis,11,29,0.379310
Species,tailNumber,11,13,0.846154
Species,term4b,11,11,1.000000
Species,testdebutfor,11,129,0.085271
Species,totalCoronaRaces,11,13,0.846154
Species,transportEnd,11,11,1.000000
Species,uig,11,11,1.000000
Species,umpireleague,11,98,0.112245
Species,umpt20lastyr,11,28,0.392857
Species,umpwodilastyr,11,24,0.458333
Species,viewers,11,11,1.000000
Species,win,11,375,0.029333
Species,write,11,919,0.011970
Species,xej,11,11,1.000000
Species,yearsInArcaWest,11,75,0.146667
Species,zhLatn,11,11,1.000000
Galaxy,e,11,12,0.916667
Galaxy,stars,11,15,0.733333
Galaxy,years,11,17,0.647059
ChemicalCompound,compound,11,11,1.000000
ChemicalCompound,forwardEnzyme,11,13,0.846154
ChemicalCompound,year,11,15,0.733333
AdministrativeRegion,1p,11,11,1.000000
AdministrativeRegion,areaGainedYear,11,14,0.785714
AdministrativeRegion,assistantBishops,11,11,1.000000
AdministrativeRegion,authorLink,11,12,0.916667
AdministrativeRegion,blank7NameSec,11,18,0.611111
AdministrativeRegion,densitysecondyear,11,78,0.141026
AdministrativeRegion,v,11,84,0.130952
AdministrativeRegion,fedRepPartyLink,11,142,0.077465
AdministrativeRegion,gdpRank,11,12,0.916667
AdministrativeRegion,gdpRankPercent,11,12,0.916667
AdministrativeRegion,incomePerCapita,11,12,0.916667
AdministrativeRegion,incumbentsince,11,55,0.200000
AdministrativeRegion,sp,11,28,0.392857
AdministrativeRegion,largestTown,11,11,1.000000
AdministrativeRegion,latMin,11,14,0.785714
AdministrativeRegion,leader1Type,11,70,0.157143
AdministrativeRegion,lonMin,11,14,0.785714
AdministrativeRegion,net,11,14,0.785714
AdministrativeRegion,noOfUrbanTypeSettlements,11,593,0.018550
AdministrativeRegion,oleft,11,13,0.846154
AdministrativeRegion,smallpartyNumber,11,105,0.104762
AdministrativeRegion,timezone2Dst,11,26,0.423077
AdministrativeRegion,winner,11,18,0.611111
Person,winsAtNWIDE,10,22,0.454545
Person,125FastestLaps,10,202,0.049505
Person,3loc,10,10,1.000000
Person,afldraftyear,10,610,0.016393
Person,alpgwins,10,73,0.136986
Person,alternateName,10,10,1.000000
Person,amatupdate,10,17,0.588235
Person,amLabel,10,24,0.416667
Person,arcaWins,10,123,0.081301
Person,architects,10,10,1.000000
Person,associate,10,10,1.000000
Person,award4n,10,34,0.294118
Person,bestCoronaPos,10,13,0.769231
Person,brother,10,10,1.000000
Person,buc,10,10,1.000000
Person,candidate2Party,10,188,0.053191
Person,chartb,10,23,0.434783
Person,coachdoublestitles,10,26,0.384615
Person,coachteamd,10,11,0.909091
Person,comment,10,14,0.714286
Person,company,10,10,1.000000
Person,contentcss,10,19,0.526316
Person,contentstyle,10,29,0.344828
Person,cultureStart,10,10,1.000000
Person,designation1Offname,10,10,1.000000
Person,details,10,10,1.000000
Person,division,10,12,0.833333
Person,feet,10,2723,0.003672
Person,fitz,10,474,0.021097
Person,formerPllTeams,10,27,0.370370
Person,futwins,10,156,0.064103
Person,game,10,12,0.833333
Person,homeStation,10,10,1.000000
Person,hqLocationCountry,10,15,0.666667
Person,icprovincef,10,100,0.100000
Person,influencedBy,10,10,1.000000
Person,interiorForeignAffairs,10,14,0.714286
Person,interiorForeignAffairsEnd,10,13,0.769231
Person,interiorParty,10,13,0.769231
Person,invalid,10,10,1.000000
Person,issueDate,10,10,1.000000
Person,kickboxingkolosses,10,105,0.095238
Person,labelSize,10,25,0.400000
Person,lasttestfor,10,108,0.092593
Person,leaderName,10,10,1.000000
Person,lightsCarTeam,10,10,1.000000
Person,lonSec,10,16,0.625000
Person,markSize,10,17,0.588235
Person,match,10,10,1.000000
Person,medals,10,12,0.833333
Person,memberAssociation,10,31,0.322581
Person,membershipEst,10,13,0.769231
Person,minister3Termstart,10,10,1.000000
Person,moto3FastestLaps,10,173,0.057803
Person,mrgye,10,10,1.000000
Person,natvar,10,123,0.081301
Person,new,10,4178,0.002393
Person,officialMaximums,10,73,0.136986
Person,olympicmixeddoublesresult,10,72,0.138889
Person,operator,10,12,0.833333
Person,paralympicsdoublesresult,10,56,0.178571
Person,phfs,10,10,1.000000
Person,pi,10,10,1.000000
Person,picsize,10,22,0.454545
Person,placeofdeath,10,10,1.000000
Person,prodcode,10,10,1.000000
Person,rd2Score,10,25,0.400000
Person,refereeyear3end,10,10,1.000000
Person,refereeyear4start,10,11,0.909091
Person,relationship,10,11,0.909091
Person,revhep,10,10,1.000000
Person,rrgye,10,10,1.000000
Person,ruAppearancesd,10,28,0.357143
Person,ruPointsd,10,27,0.370370
Person,russianleague,10,12,0.833333
Person,ruTriesc,10,50,0.200000
Person,ruYearfstart,10,12,0.833333
Person,season10PlayoffGoals,10,28,0.357143
Person,season14PlayoffLooseBalls,10,18,0.555556
Person,season16GamesPlayed,10,21,0.476190
Person,season17GamesPlayed,10,14,0.714286
Person,season17Year,10,14,0.714286
Person,season1Minutes,10,11,0.909091
Person,season2PlayoffGoals,10,62,0.161290
Person,season4Seconds,10,10,1.000000
Person,season5Seconds,10,10,1.000000
Person,season6Minutes,10,11,0.909091
Person,season6Seconds,10,10,1.000000
Person,season7GroundBalls,10,10,1.000000
Person,season7Saves,10,11,0.909091
Person,season8GoalsAgainst,10,10,1.000000
Person,season8Minutes,10,10,1.000000
Person,season8Saves,10,10,1.000000
Person,seitebis,10,10,1.000000
Person,seitevon,10,10,1.000000
Person,socialdevParty,10,12,0.833333
Person,sooapps,10,25,0.400000
Person,spotter,10,10,1.000000
Person,suppdraftround,10,70,0.142857
Person,suspended,10,10,1.000000
Person,sz,10,10,1.000000
Person,th,10,11,0.909091
Person,throne,10,15,0.666667
Person,titel,10,10,1.000000
Person,titleDate,10,12,0.833333
Person,turnedPro,10,15,0.666667
Person,umpirerole,10,94,0.106383
Person,umpt20debutyr,10,27,0.370370
Person,usopenjuniorresult,10,224,0.044643
Person,voices,10,10,1.000000
Person,weightClassType,10,19,0.526316
Person,year12end,10,21,0.476190
Person,zh,10,10,1.000000
Species,cultivatedVariety,10,20,0.500000
Species,winsAtNWIDE,10,22,0.454545
Species,125FastestLaps,10,202,0.049505
Species,3loc,10,10,1.000000
Species,afldraftyear,10,610,0.016393
Species,alpgwins,10,73,0.136986
Species,alternateName,10,10,1.000000
Species,amatupdate,10,17,0.588235
Species,amLabel,10,24,0.416667
Species,arcaWins,10,123,0.081301
Species,architects,10,10,1.000000
Species,associate,10,10,1.000000
Species,award4n,10,34,0.294118
Species,bestCoronaPos,10,13,0.769231
Species,breed,10,104,0.096154
Species,brother,10,10,1.000000
Species,buc,10,10,1.000000
Species,candidate2Party,10,188,0.053191
Species,chartb,10,23,0.434783
Species,coachdoublestitles,10,26,0.384615
Species,coachteamd,10,11,0.909091
Species,comment,10,14,0.714286
Species,company,10,10,1.000000
Species,contentcss,10,19,0.526316
Species,contentstyle,10,29,0.344828
Species,cultureStart,10,10,1.000000
Species,designation1Offname,10,10,1.000000
Species,details,10,10,1.000000
Species,division,10,12,0.833333
Species,feet,10,2723,0.003672
Species,fitz,10,474,0.021097
Species,formerPllTeams,10,27,0.370370
Species,futwins,10,156,0.064103
Species,game,10,12,0.833333
Species,homeStation,10,10,1.000000
Species,hqLocationCountry,10,15,0.666667
Species,icprovincef,10,100,0.100000
Species,influencedBy,10,10,1.000000
Species,interiorForeignAffairs,10,14,0.714286
Species,interiorForeignAffairsEnd,10,13,0.769231
Species,interiorParty,10,13,0.769231
Species,invalid,10,10,1.000000
Species,issueDate,10,10,1.000000
Species,key,10,830,0.012048
Species,kickboxingkolosses,10,105,0.095238
Species,labelSize,10,25,0.400000
Species,lasttestfor,10,108,0.092593
Species,leaderName,10,10,1.000000
Species,lightsCarTeam,10,10,1.000000
Species,lon2Min,10,11,0.909091
Species,lonSec,10,16,0.625000
Species,markSize,10,17,0.588235
Species,match,10,10,1.000000
Species,medals,10,12,0.833333
Species,memberAssociation,10,31,0.322581
Species,membershipEst,10,13,0.769231
Species,minister3Termstart,10,10,1.000000
Species,moto3FastestLaps,10,173,0.057803
Species,mrgye,10,10,1.000000
Species,natvar,10,123,0.081301
Species,new,10,4178,0.002393
Species,officialMaximums,10,73,0.136986
Species,olympicmixeddoublesresult,10,72,0.138889
Species,operator,10,12,0.833333
Species,paralympicsdoublesresult,10,56,0.178571
Species,phfs,10,10,1.000000
Species,pi,10,10,1.000000
Species,picsize,10,22,0.454545
Species,placeofdeath,10,10,1.000000
Species,prodcode,10,10,1.000000
Species,rd2Score,10,25,0.400000
Species,refereeyear3end,10,10,1.000000
Species,refereeyear4start,10,11,0.909091
Species,relationship,10,11,0.909091
Species,revhep,10,10,1.000000
Species,rrgye,10,10,1.000000
Species,ruAppearancesd,10,28,0.357143
Species,ruPointsd,10,27,0.370370
Species,russianleague,10,12,0.833333
Species,ruTriesc,10,50,0.200000
Species,ruYearfstart,10,12,0.833333
Species,season10PlayoffGoals,10,28,0.357143
Species,season14PlayoffLooseBalls,10,18,0.555556
Species,season16GamesPlayed,10,21,0.476190
Species,season17GamesPlayed,10,14,0.714286
Species,season17Year,10,14,0.714286
Species,season1Minutes,10,11,0.909091
Species,season2PlayoffGoals,10,62,0.161290
Species,season4Seconds,10,10,1.000000
Species,season5Seconds,10,10,1.000000
Species,season6Minutes,10,11,0.909091
Species,season6Seconds,10,10,1.000000
Species,season7GroundBalls,10,10,1.000000
Species,season7Saves,10,11,0.909091
Species,season8GoalsAgainst,10,10,1.000000
Species,season8Minutes,10,10,1.000000
Species,season8Saves,10,10,1.000000
Species,seitebis,10,10,1.000000
Species,seitevon,10,10,1.000000
Species,socialdevParty,10,12,0.833333
Species,sooapps,10,25,0.400000
Species,spotter,10,10,1.000000
Species,suppdraftround,10,70,0.142857
Species,suspended,10,10,1.000000
Species,sz,10,10,1.000000
Species,th,10,11,0.909091
Species,throne,10,15,0.666667
Species,titel,10,10,1.000000
Species,titleDate,10,12,0.833333
Species,turnedPro,10,15,0.666667
Species,umpirerole,10,94,0.106383
Species,umpt20debutyr,10,27,0.370370
Species,usopenjuniorresult,10,224,0.044643
Species,voices,10,10,1.000000
Species,weightClassType,10,19,0.526316
Species,whichgills,10,533,0.018762
Species,wineGeneral,10,12,0.833333
Species,year12end,10,21,0.476190
Species,zh,10,10,1.000000
Star,appmag7Passband,10,43,0.232558
Star,appmag8Passband,10,16,0.625000
Star,equinox,10,813,0.012300
Star,label,10,14,0.714286
Star,reason,10,11,0.909091
Star,url,10,14,0.714286
ChemicalCompound,product,10,11,0.909091
ChemicalCompound,productImage,10,11,0.909091
ChemicalCompound,symbol,10,10,1.000000
AdministrativeRegion,af,10,10,1.000000
AdministrativeRegion,areaLost,10,10,1.000000
AdministrativeRegion,areaLostYear,10,11,0.909091
AdministrativeRegion,areaRuralKm,10,10,1.000000
AdministrativeRegion,commonLanguages,10,10,1.000000
AdministrativeRegion,countryAdminDivisions,10,11,0.909091
AdministrativeRegion,cwidth,10,13,0.769231
AdministrativeRegion,divisionsmap,10,19,0.526316
AdministrativeRegion,ethnicGroups,10,10,1.000000
AdministrativeRegion,governance,10,26,0.384615
AdministrativeRegion,hundred,10,10,1.000000
AdministrativeRegion,imageUpright,10,394,0.025381
AdministrativeRegion,maySnowDays,10,71,0.140845
AdministrativeRegion,month,10,10,1.000000
AdministrativeRegion,nextElection,10,17,0.588235
AdministrativeRegion,numbered,10,13,0.769231
AdministrativeRegion,pop2Year,10,135,0.074074
AdministrativeRegion,pope,10,22,0.454545
AdministrativeRegion,populationthirdyear,10,15,0.666667
AdministrativeRegion,quarterreleasedate,10,45,0.222222
AdministrativeRegion,seat1Type,10,237,0.042194
AdministrativeRegion,shell,10,12,0.833333
AdministrativeRegion,singleLine,10,2725,0.003670
AdministrativeRegion,titlebar,10,783,0.012771
AdministrativeRegion,translitLang2Info,10,10,1.000000
AdministrativeRegion,utcOffset2Dst,10,25,0.400000
AdministrativeRegion,video,10,10,1.000000
Person,winsAtJapan,9,19,0.473684
Person,abbreviation,9,9,1.000000
Person,agricultureParty,9,9,1.000000
Person,aka,9,9,1.000000
Person,al,9,28,0.321429
Person,albumspan,9,47,0.191489
Person,amateurTitle,9,56,0.160714
Person,amSubwin,9,69,0.130435
Person,appearancesf,9,60,0.150000
Person,appearancesg,9,30,0.300000
Person,bodystyle,9,20,0.450000
Person,boxDraw,9,182,0.049451
Person,burialCoordinates,9,9,1.000000
Person,candidate4Party,9,14,0.642857
Person,certification,9,11,0.818182
Person,cfldraftround,9,131,0.068702
Person,champWins,9,28,0.321429
Person,coachyear7end,9,11,0.818182
Person,coachyeardend,9,9,1.000000
Person,colorcode,9,9,1.000000
Person,columns,9,19229,0.000468
Person,cultureEnd,9,9,1.000000
Person,currentPosition,9,9,1.000000
Person,dated,9,13,0.692308
Person,drivers,9,9,1.000000
Person,episode,9,9,1.000000
Person,established,9,10,0.900000
Person,fascicle,9,194,0.046392
Person,fieldgoalsa,9,4386,0.002052
Person,final4team,9,10,0.900000
Person,firstArcaWestWin,9,15,0.600000
Person,footerBackground,9,14,0.642857
Person,formerTeammates,9,9,1.000000
Person,frenchopenjuniorresult,9,233,0.038627
Person,globe,9,16,0.562500
Person,heights,9,9,1.000000
Person,hk,9,9,1.000000
Person,import,9,1225,0.007347
Person,italicTitle,9,215,0.041860
Person,labelOffsetX,9,16,0.562500
Person,labelOffsetY,9,14,0.642857
Person,lastCanadaWin,9,16,0.562500
Person,lastIrlWin,9,18,0.500000
Person,leaderTitle,9,10,0.900000
Person,logoAlt,9,9,1.000000
Person,lon2Min,9,10,0.900000
Person,majoritypercentchange,9,9,1.000000
Person,managerwins,9,9,1.000000
Person,masterscupresult,9,154,0.058442
Person,motherTongue,9,9,1.000000
Person,motoePodiums,9,37,0.243243
Person,name2b,9,9,1.000000
Person,name5a,9,9,1.000000
Person,name6a,9,9,1.000000
Person,nbaHistoricalProfile,9,9,1.000000
Person,nllhof,9,16,0.562500
Person,nombre,9,9,1.000000
Person,notableFamily,9,9,1.000000
Person,numEmployees,9,9,1.000000
Person,olympicAppearances,9,420,0.021429
Person,olympicmedals,9,487,0.018480
Person,option,9,50,0.180000
Person,orchestra,9,10,0.900000
Person,peak1a,9,9,1.000000
Person,peak3b,9,9,1.000000
Person,peak5a,9,9,1.000000
Person,photos,9,15,0.600000
Person,picupright,9,46,0.195652
Person,playlist,9,9,1.000000
Person,pllTeam,9,43,0.209302
Person,premierLink,9,18,0.500000
Person,prevCoronaPos,9,9,1.000000
Person,promotor,9,10,0.900000
Person,ps,9,10,0.900000
Person,refereeStart,9,9,1.000000
Person,refereeyear4end,9,9,1.000000
Person,regionsrepresented,9,10,0.900000
Person,religious,9,29,0.310345
Person,rivalsStars,9,954,0.009434
Person,rlAmupdate,9,9,1.000000
Person,ruCoachgames,9,11,0.818182
Person,ruCoachyearastart,9,9,1.000000
Person,ruFieldgoals,9,287,0.031359
Person,ruYear7start,9,10,0.900000
Person,season10GoalsAgainst,9,9,1.000000
Person,season10Minutes,9,9,1.000000
Person,season10Saves,9,9,1.000000
Person,season11PlayoffAssists,9,22,0.409091
Person,season13PlayoffAssists,9,14,0.642857
Person,season2PlayoffGroundBalls,9,17,0.529412
Person,season3FaceoffsAtt,9,11,0.818182
Person,season5GoalsAgainst,9,11,0.818182
Person,season6PlayoffPenaltyMinutes,9,37,0.243243
Person,season8GroundBalls,9,9,1.000000
Person,season8Seconds,9,10,0.900000
Person,season8Team,9,16,0.562500
Person,season9PlayoffPenaltyMinutes,9,24,0.375000
Person,season9Shots,9,9,1.000000
Person,segegobParty,9,13,0.692308
Person,sernamParty,9,11,0.818182
Person,sons,9,9,1.000000
Person,stagewins,9,13,0.692308
Person,stat25label,9,24,0.375000
Person,stateLegislature,9,170,0.052941
Person,tc,9,9,1.000000
Person,term5a,9,9,1.000000
Person,term6a,9,9,1.000000
Person,tib,9,9,1.000000
Person,titleOrig,9,9,1.000000
Person,tournamentList,9,9,1.000000
Person,uniformNumber,9,10,0.900000
Person,venue,9,9,1.000000
Person,viceprimeminister,9,9,1.000000
Person,wimbledonjuniorresult,9,233,0.038627
Person,worldWheelchairChampionshipAppearances,9,151,0.059603
Person,wylie,9,9,1.000000
Person,yearGranted,9,13,0.692308
Person,yearsInCorona,9,13,0.692308
Species,conservationStatusSystem,9,4088,0.002202
Species,winsAtJapan,9,19,0.473684
Species,abbreviation,9,9,1.000000
Species,agricultureParty,9,9,1.000000
Species,aka,9,9,1.000000
Species,al,9,28,0.321429
Species,albumspan,9,47,0.191489
Species,amateurTitle,9,56,0.160714
Species,amSubwin,9,69,0.130435
Species,appearancesf,9,60,0.150000
Species,appearancesg,9,30,0.300000
Species,below,9,14,0.642857
Species,bodystyle,9,20,0.450000
Species,boxDraw,9,182,0.049451
Species,burialCoordinates,9,9,1.000000
Species,candidate4Party,9,14,0.642857
Species,cc,9,254,0.035433
Species,certification,9,11,0.818182
Species,cfldraftround,9,131,0.068702
Species,champWins,9,28,0.321429
Species,coachyear7end,9,11,0.818182
Species,coachyeardend,9,9,1.000000
Species,colorcode,9,9,1.000000
Species,columns,9,19231,0.000468
Species,cultureEnd,9,9,1.000000
Species,currentPosition,9,9,1.000000
Species,dated,9,13,0.692308
Species,drivers,9,9,1.000000
Species,episode,9,9,1.000000
Species,established,9,10,0.900000
Species,fascicle,9,194,0.046392
Species,fieldgoalsa,9,4386,0.002052
Species,final4team,9,10,0.900000
Species,firstArcaWestWin,9,15,0.600000
Species,footerBackground,9,14,0.642857
Species,formerTeammates,9,9,1.000000
Species,frenchopenjuniorresult,9,233,0.038627
Species,globe,9,16,0.562500
Species,heights,9,9,1.000000
Species,hk,9,9,1.000000
Species,howedible,9,186,0.048387
Species,import,9,1225,0.007347
Species,italicTitle,9,215,0.041860
Species,labelOffsetX,9,16,0.562500
Species,labelOffsetY,9,14,0.642857
Species,lastCanadaWin,9,16,0.562500
Species,lastIrlWin,9,18,0.500000
Species,leaderTitle,9,10,0.900000
Species,logoAlt,9,9,1.000000
Species,lon8Deg,9,9,1.000000
Species,lpsn,9,9,1.000000
Species,majoritypercentchange,9,9,1.000000
Species,managerwins,9,9,1.000000
Species,masterscupresult,9,154,0.058442
Species,motherTongue,9,9,1.000000
Species,motoePodiums,9,37,0.243243
Species,name2b,9,9,1.000000
Species,name5a,9,9,1.000000
Species,name6a,9,9,1.000000
Species,nbaHistoricalProfile,9,9,1.000000
Species,nllhof,9,16,0.562500
Species,nombre,9,9,1.000000
Species,notableFamily,9,9,1.000000
Species,numEmployees,9,9,1.000000
Species,olympicAppearances,9,420,0.021429
Species,olympicmedals,9,487,0.018480
Species,opt1v,9,11,0.818182
Species,option,9,50,0.180000
Species,orchestra,9,10,0.900000
Species,peak1a,9,9,1.000000
Species,peak3b,9,9,1.000000
Species,peak5a,9,9,1.000000
Species,photos,9,15,0.600000
Species,picupright,9,47,0.191489
Species,playlist,9,9,1.000000
Species,pllTeam,9,43,0.209302
Species,premierLink,9,18,0.500000
Species,prevCoronaPos,9,9,1.000000
Species,promotor,9,10,0.900000
Species,ps,9,10,0.900000
Species,racingColors,9,9,1.000000
Species,refereeStart,9,9,1.000000
Species,refereeyear4end,9,9,1.000000
Species,regionsrepresented,9,10,0.900000
Species,religious,9,29,0.310345
Species,rivalsStars,9,954,0.009434
Species,rlAmupdate,9,9,1.000000
Species,ruCoachgames,9,11,0.818182
Species,ruCoachyearastart,9,9,1.000000
Species,ruFieldgoals,9,287,0.031359
Species,ruYear7start,9,10,0.900000
Species,season10GoalsAgainst,9,9,1.000000
Species,season10Minutes,9,9,1.000000
Species,season10Saves,9,9,1.000000
Species,season11PlayoffAssists,9,22,0.409091
Species,season13PlayoffAssists,9,14,0.642857
Species,season2PlayoffGroundBalls,9,17,0.529412
Species,season3FaceoffsAtt,9,11,0.818182
Species,season5GoalsAgainst,9,11,0.818182
Species,season6PlayoffPenaltyMinutes,9,37,0.243243
Species,season8GroundBalls,9,9,1.000000
Species,season8Seconds,9,10,0.900000
Species,season8Team,9,16,0.562500
Species,season9PlayoffPenaltyMinutes,9,24,0.375000
Species,season9Shots,9,9,1.000000
Species,segegobParty,9,13,0.692308
Species,sernamParty,9,11,0.818182
Species,sons,9,9,1.000000
Species,stagewins,9,13,0.692308
Species,stat25label,9,24,0.375000
Species,stateLegislature,9,170,0.052941
Species,tc,9,9,1.000000
Species,term5a,9,9,1.000000
Species,term6a,9,9,1.000000
Species,tib,9,9,1.000000
Species,titleOrig,9,9,1.000000
Species,tournamentList,9,9,1.000000
Species,uniformNumber,9,10,0.900000
Species,variety,9,18,0.500000
Species,venue,9,9,1.000000
Species,viceprimeminister,9,9,1.000000
Species,wimbledonjuniorresult,9,233,0.038627
Species,wineMedium,9,9,1.000000
Species,worldWheelchairChampionshipAppearances,9,151,0.059603
Species,wylie,9,9,1.000000
Species,yearGranted,9,13,0.692308
Species,yearsInCorona,9,13,0.692308
Star,discovered,9,10,0.900000
Star,discoverer,9,10,0.900000
Star,radiusKm,9,9,1.000000
Galaxy,absmagB,9,9,1.000000
Galaxy,epoch,9,1959,0.004594
Galaxy,id,9,9,1.000000
ChemicalCompound,bSearch,9,9,1.000000
ChemicalCompound,lowPhColor,9,32,0.281250
ChemicalCompound,scoville,9,11,0.818182
ChemicalCompound,v,9,23,0.391304
AdministrativeRegion,adminParty,9,33,0.272727
AdministrativeRegion,sv,9,9,1.000000
AdministrativeRegion,aprRainInch,9,9,1.000000
AdministrativeRegion,aprSnowCm,9,9,1.000000
AdministrativeRegion,architecture,9,9,1.000000
AdministrativeRegion,augRainInch,9,9,1.000000
AdministrativeRegion,authorlink,9,10,0.900000
AdministrativeRegion,bcparty,9,61,0.147541
AdministrativeRegion,beverage,9,27,0.333333
AdministrativeRegion,blank4Info,9,10,0.900000
AdministrativeRegion,blank4Name,9,12,0.750000
AdministrativeRegion,cheight,9,13,0.692308
AdministrativeRegion,cityFlag,9,9,1.000000
AdministrativeRegion,code1Info,9,9,1.000000
AdministrativeRegion,countryAdminDivisionsTitle,9,11,0.818182
AdministrativeRegion,decSnowCm,9,9,1.000000
AdministrativeRegion,electoralvotes,9,11,0.818182
AdministrativeRegion,febRainInch,9,9,1.000000
AdministrativeRegion,febSnowCm,9,9,1.000000
AdministrativeRegion,frameHeight,9,51,0.176471
AdministrativeRegion,frameWidth,9,55,0.163636
AdministrativeRegion,governorAsOf,9,18,0.500000
AdministrativeRegion,gridPosition,9,9,1.000000
AdministrativeRegion,imgsize,9,193,0.046632
AdministrativeRegion,janRainInch,9,9,1.000000
AdministrativeRegion,janSnowCm,9,9,1.000000
AdministrativeRegion,julRainInch,9,9,1.000000
AdministrativeRegion,link,9,10,0.900000
AdministrativeRegion,markDescription,9,9,1.000000
AdministrativeRegion,marker,9,9,1.000000
AdministrativeRegion,markLat,9,9,1.000000
AdministrativeRegion,marRainInch,9,9,1.000000
AdministrativeRegion,marSnowCm,9,9,1.000000
AdministrativeRegion,maySnowInch,9,40,0.225000
AdministrativeRegion,minister1name,9,9,1.000000
AdministrativeRegion,mnc,9,10,0.900000
AdministrativeRegion,munFormation1NoOfUrbanSettlements,9,1268,0.007098
AdministrativeRegion,note,9,15,0.600000
AdministrativeRegion,novRainInch,9,9,1.000000
AdministrativeRegion,octRainInch,9,9,1.000000
AdministrativeRegion,sepRainInch,9,9,1.000000
AdministrativeRegion,song,9,9,1.000000
AdministrativeRegion,v,9,33,0.272727
AdministrativeRegion,strength,9,9,1.000000
AdministrativeRegion,sworntype,9,21,0.428571
AdministrativeRegion,translit,9,9,1.000000
AdministrativeRegion,translitLang2Type,9,18,0.500000
AdministrativeRegion,utc,9,1048,0.008588
AdministrativeRegion,zu,9,9,1.000000
Person,formerHighschool,8,8,1.000000
Person,winsAtPGA,8,15,0.533333
Person,3optionName,8,17,0.470588
Person,afldraftedyear,8,42,0.190476
Person,areaServed,8,17,0.470588
Person,att,8,14,0.571429
Person,australianopendoublesjuniorresult,8,194,0.041237
Person,awardssection,8,16,0.500000
Person,below,8,13,0.615385
Person,bf1Points,8,8,1.000000
Person,birthplace,8,8,1.000000
Person,blankname,8,12,0.666667
Person,catches,8,1747,0.004579
Person,cc,8,248,0.032258
Person,chalwins,8,409,0.019560
Person,champPoles,8,27,0.296296
Person,coachingteams,8,8,1.000000
Person,coachyear8end,8,8,1.000000
Person,context,8,438,0.018265
Person,coronaPoles,8,13,0.615385
Person,coronaWins,8,12,0.666667
Person,cs1Dates,8,389,0.020566
Person,daughter,8,8,1.000000
Person,defenseParty,8,10,0.800000
Person,destination,8,9,0.888889
Person,draftRoundPba,8,357,0.022409
Person,edit,8,250,0.032000
Person,editor,8,20,0.400000
Person,educationParty,8,12,0.666667
Person,expanded,8,13,0.615385
Person,extinctionDate,8,10,0.800000
Person,famousPract,8,8,1.000000
Person,fecDate,8,13,0.615385
Person,final4year,8,10,0.800000
Person,firstCoronaRace,8,13,0.615385
Person,foreignAffairsParty,8,10,0.800000
Person,fox,8,9,0.888889
Person,frenchopendoublesjuniorresult,8,217,0.036866
Person,frenchopenmixedresult,8,809,0.009889
Person,frenchproresult,8,37,0.216216
Person,from,8,8,1.000000
Person,goalsf,8,60,0.133333
Person,hide,8,46,0.173913
Person,housingParty,8,11,0.727273
Person,icleinster,8,32,0.250000
Person,isfachampion,8,11,0.727273
Person,jaLatn,8,8,1.000000
Person,justiceParty,8,11,0.727273
Person,kids,8,8,1.000000
Person,kunrei,8,8,1.000000
Person,label2Size,8,19,0.421053
Person,laborParty,8,11,0.727273
Person,lastArcaEastWin,8,10,0.800000
Person,lastArcaWestRace,8,44,0.181818
Person,lastChampWin,8,12,0.666667
Person,laterality,8,941,0.008502
Person,launchDate,8,8,1.000000
Person,lon8Deg,8,8,1.000000
Person,managerlosses,8,8,1.000000
Person,maxround,8,23,0.347826
Person,memberId,8,8,1.000000
Person,micyears,8,9,0.888889
Person,militaryAwards,8,8,1.000000
Person,ministerFrom,8,103,0.077670
Person,missDominicanRepublicUniverse,8,8,1.000000
Person,missMundoDominicana,8,8,1.000000
Person,missUniverseChile,8,8,1.000000
Person,mon,8,8,1.000000
Person,mpg,8,8,1.000000
Person,name2Explanation,8,8,1.000000
Person,name7a,8,8,1.000000
Person,nihon,8,8,1.000000
Person,numcounts,8,16,0.500000
Person,orgId,8,8,1.000000
Person,otherUrl,8,8,1.000000
Person,otherWins,8,72,0.111111
Person,ov,8,19,0.421053
Person,pa,8,8,1.000000
Person,peak2b,8,8,1.000000
Person,pf,8,8,1.000000
Person,ppg,8,8,1.000000
Person,project,8,49,0.163265
Person,publish,8,148,0.054054
Person,reportedDeath(s)_,8,8,1.000000
Person,restingplacecoordinates,8,9,0.888889
Person,retrieved,8,9,0.888889
Person,rlAmateurpoints,8,8,1.000000
Person,rpg,8,8,1.000000
Person,ruCoachlosses,8,11,0.727273
Person,ruCoachwins,8,11,0.727273
Person,ruFieldgoalsa,8,307,0.026059
Person,ruGoalsb,8,117,0.068376
Person,ruPointse,8,15,0.533333
Person,scoutStars,8,655,0.012214
Person,season10Seconds,8,9,0.888889
Person,season11GoalsAgainst,8,8,1.000000
Person,season11Loss,8,8,1.000000
Person,season11Minutes,8,8,1.000000
Person,season11Saves,8,8,1.000000
Person,season12GoalsAgainst,8,8,1.000000
Person,season12Minutes,8,8,1.000000
Person,season12Saves,8,8,1.000000
Person,season13PlayoffGoals,8,15,0.533333
Person,season16TeamLink,8,21,0.380952
Person,season17Goals,8,10,0.800000
Person,season1PlayoffFaceoffsAtt,8,12,0.666667
Person,season2Loss,8,9,0.888889
Person,season2Seconds,8,9,0.888889
Person,season3FaceoffsWon,8,11,0.727273
Person,season3Seconds,8,9,0.888889
Person,season4PlayoffGoalsAgainst,8,8,1.000000
Person,season4PlayoffGroundBalls,8,17,0.470588
Person,season4PlayoffMinutes,8,8,1.000000
Person,season4PlayoffSaves,8,8,1.000000
Person,season5PlayoffMinutes,8,8,1.000000
Person,season5PlayoffShots,8,10,0.800000
Person,season7PlayoffGamesPlayed,8,67,0.119403
Person,season7Seconds,8,9,0.888889
Person,season9GoalsAgainst,8,8,1.000000
Person,season9Minutes,8,8,1.000000
Person,season9PlayoffGamesPlayed,8,64,0.125000
Person,season9Saves,8,8,1.000000
Person,season9Seconds,8,8,1.000000
Person,shapeColor,8,11,0.727273
Person,showName,8,8,1.000000
Person,significantAssignments,8,8,1.000000
Person,soopoints,8,20,0.400000
Person,special,8,14,0.571429
Person,sports,8,8,1.000000
Person,stat31label,8,156,0.051282
Person,stateDate,8,10,0.800000
Person,subdistrict,8,13,0.615385
Person,tab,8,59,0.135593
Person,term2b,8,9,0.888889
Person,term4c,8,8,1.000000
Person,term7a,8,8,1.000000
Person,titleFnt,8,45,0.177778
Person,transportParty,8,11,0.727273
Person,triesf,8,60,0.133333
Person,tstyle,8,29,0.275862
Person,turnoutPercent,8,8,1.000000
Person,unitLabel,8,16,0.500000
Person,wcccresult,8,32,0.250000
Person,whccresult,8,66,0.121212
Person,wimbledondoublesjuniorresult,8,215,0.037209
Person,worldMixedDoublesChampionshipAppearances,8,245,0.032653
Person,worldsgolds,8,295,0.027119
Person,wptTitles,8,437,0.018307
Person,wtachampionshipsresult,8,90,0.088889
Species,formerHighschool,8,8,1.000000
Species,winsAtPGA,8,15,0.533333
Species,3optionName,8,17,0.470588
Species,afldraftedyear,8,42,0.190476
Species,areaServed,8,17,0.470588
Species,att,8,16,0.500000
Species,australianopendoublesjuniorresult,8,194,0.041237
Species,awardssection,8,16,0.500000
Species,bf1Points,8,8,1.000000
Species,birthplace,8,8,1.000000
Species,blankname,8,12,0.666667
Species,catches,8,1747,0.004579
Species,chalwins,8,409,0.019560
Species,champPoles,8,27,0.296296
Species,coachingteams,8,8,1.000000
Species,coachyear8end,8,8,1.000000
Species,context,8,440,0.018182
Species,coronaPoles,8,13,0.615385
Species,coronaWins,8,12,0.666667
Species,cs1Dates,8,396,0.020202
Species,daughter,8,8,1.000000
Species,defenseParty,8,10,0.800000
Species,destination,8,9,0.888889
Species,draftRoundPba,8,357,0.022409
Species,edit,8,250,0.032000
Species,editor,8,20,0.400000
Species,educationParty,8,12,0.666667
Species,expanded,8,13,0.615385
Species,extinctionDate,8,10,0.800000
Species,famousPract,8,8,1.000000
Species,fecDate,8,13,0.615385
Species,final4year,8,10,0.800000
Species,firstCoronaRace,8,13,0.615385
Species,foreignAffairsParty,8,10,0.800000
Species,forma,8,8,1.000000
Species,fox,8,9,0.888889
Species,frenchopendoublesjuniorresult,8,217,0.036866
Species,frenchopenmixedresult,8,809,0.009889
Species,frenchproresult,8,37,0.216216
Species,goalsf,8,60,0.133333
Species,hide,8,48,0.166667
Species,housingParty,8,11,0.727273
Species,icleinster,8,32,0.250000
Species,isfachampion,8,11,0.727273
Species,jaLatn,8,8,1.000000
Species,justiceParty,8,11,0.727273
Species,kids,8,8,1.000000
Species,kunrei,8,8,1.000000
Species,label2Size,8,19,0.421053
Species,laborParty,8,11,0.727273
Species,lastArcaEastWin,8,10,0.800000
Species,lastArcaWestRace,8,44,0.181818
Species,lastChampWin,8,12,0.666667
Species,lat1Deg,8,9,0.888889
Species,lat8Deg,8,9,0.888889
Species,lat9Deg,8,8,1.000000
Species,laterality,8,941,0.008502
Species,launchDate,8,8,1.000000
Species,lon9Deg,8,8,1.000000
Species,managerlosses,8,8,1.000000
Species,marksize,8,44,0.181818
Species,maxround,8,23,0.347826
Species,memberId,8,8,1.000000
Species,micyears,8,9,0.888889
Species,militaryAwards,8,8,1.000000
Species,ministerFrom,8,103,0.077670
Species,missDominicanRepublicUniverse,8,8,1.000000
Species,missMundoDominicana,8,8,1.000000
Species,missUniverseChile,8,8,1.000000
Species,mon,8,8,1.000000
Species,mpg,8,8,1.000000
Species,name2Explanation,8,8,1.000000
Species,name7a,8,8,1.000000
Species,nihon,8,8,1.000000
Species,numcounts,8,16,0.500000
Species,orgId,8,8,1.000000
Species,otherUrl,8,8,1.000000
Species,otherWins,8,72,0.111111
Species,ov,8,19,0.421053
Species,pa,8,8,1.000000
Species,peak2b,8,8,1.000000
Species,pf,8,8,1.000000
Species,ppg,8,8,1.000000
Species,project,8,49,0.163265
Species,publish,8,148,0.054054
Species,reportedDeath(s)_,8,8,1.000000
Species,restingplacecoordinates,8,9,0.888889
Species,retrieved,8,9,0.888889
Species,rlAmateurpoints,8,8,1.000000
Species,rpg,8,8,1.000000
Species,ruCoachlosses,8,11,0.727273
Species,ruCoachwins,8,11,0.727273
Species,ruFieldgoalsa,8,307,0.026059
Species,ruGoalsb,8,117,0.068376
Species,ruPointse,8,15,0.533333
Species,scoutStars,8,655,0.012214
Species,season10Seconds,8,9,0.888889
Species,season11GoalsAgainst,8,8,1.000000
Species,season11Loss,8,8,1.000000
Species,season11Minutes,8,8,1.000000
Species,season11Saves,8,8,1.000000
Species,season12GoalsAgainst,8,8,1.000000
Species,season12Minutes,8,8,1.000000
Species,season12Saves,8,8,1.000000
Species,season13PlayoffGoals,8,15,0.533333
Species,season16TeamLink,8,21,0.380952
Species,season17Goals,8,10,0.800000
Species,season1PlayoffFaceoffsAtt,8,12,0.666667
Species,season2Loss,8,9,0.888889
Species,season2Seconds,8,9,0.888889
Species,season3FaceoffsWon,8,11,0.727273
Species,season3Seconds,8,9,0.888889
Species,season4PlayoffGoalsAgainst,8,8,1.000000
Species,season4PlayoffGroundBalls,8,17,0.470588
Species,season4PlayoffMinutes,8,8,1.000000
Species,season4PlayoffSaves,8,8,1.000000
Species,season5PlayoffMinutes,8,8,1.000000
Species,season5PlayoffShots,8,10,0.800000
Species,season7PlayoffGamesPlayed,8,67,0.119403
Species,season7Seconds,8,9,0.888889
Species,season9GoalsAgainst,8,8,1.000000
Species,season9Minutes,8,8,1.000000
Species,season9PlayoffGamesPlayed,8,64,0.125000
Species,season9Saves,8,8,1.000000
Species,season9Seconds,8,8,1.000000
Species,shapeColor,8,11,0.727273
Species,showName,8,8,1.000000
Species,significantAssignments,8,8,1.000000
Species,soopoints,8,20,0.400000
Species,special,8,14,0.571429
Species,speciesComplex,8,8,1.000000
Species,sports,8,8,1.000000
Species,stat31label,8,156,0.051282
Species,stateDate,8,10,0.800000
Species,statusSystem,8,4052,0.001974
Species,subdistrict,8,13,0.615385
Species,tab,8,59,0.135593
Species,term2b,8,9,0.888889
Species,term4c,8,8,1.000000
Species,term7a,8,8,1.000000
Species,titleFnt,8,45,0.177778
Species,transportParty,8,11,0.727273
Species,triesf,8,60,0.133333
Species,tstyle,8,29,0.275862
Species,turnoutPercent,8,8,1.000000
Species,unitLabel,8,16,0.500000
Species,wcccresult,8,32,0.250000
Species,whccresult,8,66,0.121212
Species,wimbledondoublesjuniorresult,8,215,0.037209
Species,worldMixedDoublesChampionshipAppearances,8,245,0.032653
Species,worldsgolds,8,295,0.027119
Species,wptTitles,8,437,0.018307
Species,wtachampionshipsresult,8,90,0.088889
Species,zoosectio,8,449,0.017817
Star,alt,8,8,1.000000
Star,discoveryMethod,8,11,0.727273
Galaxy,upright,8,200,0.040000
ChemicalCompound,c,8,9,0.888889
ChemicalCompound,minorForwardSubstrate(s)_,8,8,1.000000
ChemicalCompound,source,8,8,1.000000
ChemicalCompound,substrate,8,8,1.000000
ChemicalCompound,substrateImage,8,8,1.000000
AdministrativeRegion,censusYear,8,1464,0.005464
AdministrativeRegion,1y,8,8,1.000000
AdministrativeRegion,2a,8,8,1.000000
AdministrativeRegion,areaVillage,8,8,1.000000
AdministrativeRegion,bgcolour,8,13,0.615385
AdministrativeRegion,coatOfArms,8,8,1.000000
AdministrativeRegion,coordinatesDate,8,16,0.500000
AdministrativeRegion,dance,8,25,0.320000
AdministrativeRegion,decRainInch,8,9,0.888889
AdministrativeRegion,fascicle,8,12,0.666667
AdministrativeRegion,federalDistrict,8,64,0.125000
AdministrativeRegion,v,8,17,0.470588
AdministrativeRegion,sp,8,15,0.533333
AdministrativeRegion,holiday,8,8,1.000000
AdministrativeRegion,junRainInch,8,9,0.888889
AdministrativeRegion,v,8,19,0.421053
AdministrativeRegion,labelSize,8,34,0.235294
AdministrativeRegion,life,8,8,1.000000
AdministrativeRegion,mapData,8,8,1.000000
AdministrativeRegion,mapType,8,167,0.047904
AdministrativeRegion,markLon,8,8,1.000000
AdministrativeRegion,mayRainInch,8,9,0.888889
AdministrativeRegion,nbparty,8,211,0.037915
AdministrativeRegion,novSnowCm,8,9,0.888889
AdministrativeRegion,office,8,8,1.000000
AdministrativeRegion,order,8,220,0.036364
AdministrativeRegion,pensjonistpartiet,8,110,0.072727
AdministrativeRegion,picsize,8,17,0.470588
AdministrativeRegion,provStatus,8,1540,0.005195
AdministrativeRegion,registrationPlateType,8,126,0.063492
AdministrativeRegion,reignstart,8,8,1.000000
AdministrativeRegion,relief,8,915,0.008743
AdministrativeRegion,religion,8,8,1.000000
AdministrativeRegion,rtgs,8,8,1.000000
AdministrativeRegion,sda,8,13,0.615385
AdministrativeRegion,sign,8,8,1.000000
AdministrativeRegion,sosialistiskFolkeparti,8,189,0.042328
AdministrativeRegion,teo,8,8,1.000000
AdministrativeRegion,tha,8,8,1.000000
AdministrativeRegion,timeZone,8,2966,0.002697
AdministrativeRegion,unitPrecipitationDays,8,1413,0.005662
AdministrativeRegion,vehicles,8,9,0.888889
AdministrativeRegion,xh,8,8,1.000000
AdministrativeRegion,yearAvgRecordHighC,8,9,0.888889
AdministrativeRegion,yearAvgRecordLowC,8,8,1.000000
AdministrativeRegion,yearSnowCm,8,8,1.000000
AdministrativeRegion,zipCodes,8,30,0.266667
Person,247sportsOverall,7,7,1.000000
Person,247Stars,7,573,0.012216
Person,2ps,7,7,1.000000
Person,3option,7,13,0.538462
Person,500LastSeason,7,9,0.777778
Person,8a,7,7,1.000000
Person,8y,7,7,1.000000
Person,abbr,7,47,0.148936
Person,aircraftType,7,8,0.875000
Person,announced,7,7,1.000000
Person,apostolicNuncio,7,10,0.700000
Person,arcaWestWins,7,75,0.093333
Person,athleticDirector,7,7,1.000000
Person,author1Link,7,15,0.466667
Person,aw,7,26,0.269231
Person,award5w,7,25,0.280000
Person,backpocket,7,7,1.000000
Person,bodyclass,7,19,0.368421
Person,bowlopp,7,7,1.000000
Person,branches,7,7,1.000000
Person,candId,7,7,1.000000
Person,captain,7,7,1.000000
Person,citations,7,9,0.777778
Person,coachgamesd,7,7,1.000000
Person,collegehofyear,7,7,1.000000
Person,colours,7,9,0.777778
Person,compilation,7,33,0.212121
Person,conductor,7,7,1.000000
Person,convPoles,7,27,0.259259
Person,designation1Free1value,7,7,1.000000
Person,e,7,7,1.000000
Person,economyParty,7,10,0.700000
Person,energyParty,7,8,0.875000
Person,enlisted,7,9,0.777778
Person,espnStars,7,446,0.015695
Person,extrafootnotes,7,9,0.777778
Person,final3league,7,99,0.070707
Person,final4date,7,7,1.000000
Person,financeParty,7,11,0.636364
Person,firstascents,7,7,1.000000
Person,flag,7,7,1.000000
Person,forwardpocket,7,7,1.000000
Person,gamename,7,7,1.000000
Person,goalsg,7,30,0.233333
Person,gp,7,7,1.000000
Person,grandson,7,7,1.000000
Person,halfbackflank,7,7,1.000000
Person,halfforwardflank,7,7,1.000000
Person,handedness,7,1872,0.003739
Person,headerAlign,7,202,0.034653
Person,hw,7,27,0.259259
Person,iboxOrder,7,64,0.109375
Person,icallirelandf,7,96,0.072917
Person,icallirelandh,7,94,0.074468
Person,icmunster,7,28,0.250000
Person,iculster,7,49,0.142857
Person,initiale,7,11,0.636364
Person,junction,7,10,0.700000
Person,justiceClergyInstructionEnd,7,7,1.000000
Person,km,7,9,0.777778
Person,koreanipa,7,10,0.700000
Person,lang1Content,7,7,1.000000
Person,languageCode,7,10,0.700000
Person,largestWin,7,10,0.700000
Person,lastSeason,7,23,0.304348
Person,lat3Min,7,7,1.000000
Person,lat8Deg,7,8,0.875000
Person,lat9Deg,7,7,1.000000
Person,listChange,7,7,1.000000
Person,lon3Min,7,7,1.000000
Person,lon9Deg,7,7,1.000000
Person,mainwidth,7,17,0.411765
Person,mandate,7,7,1.000000
Person,marksize,7,42,0.166667
Person,mcounty,7,7,1.000000
Person,miningParty,7,8,0.875000
Person,missWorldChile,7,7,1.000000
Person,mixed,7,631,0.011094
Person,mmadecwins,7,8,0.875000
Person,mmakowins,7,7,1.000000
Person,mmaOtherwin,7,53,0.132075
Person,mmasubwins,7,8,0.875000
Person,monr,7,7,1.000000
Person,name1b,7,8,0.875000
Person,name3c,7,7,1.000000
Person,name3d,7,7,1.000000
Person,name4c,7,8,0.875000
Person,nbanew,7,7,1.000000
Person,nonscore,7,39,0.179487
Person,nwidewins,7,509,0.013752
Person,olympicsYear,7,21,0.333333
Person,paralympicAppearances,7,98,0.071429
Person,passengers,7,8,0.875000
Person,peak1b,7,7,1.000000
Person,peak5b,7,7,1.000000
Person,peak6b,7,7,1.000000
Person,policy,7,7,1.000000
Person,provider,7,7,1.000000
Person,quoted,7,727,0.009629
Person,rd2Seed,7,14,0.500000
Person,rd3Score,7,13,0.538462
Person,rebbe,7,7,1.000000
Person,releaseNumber,7,7,1.000000
Person,residences,7,7,1.000000
Person,revenue,7,7,1.000000
Person,rlYouthclubs,7,8,0.875000
Person,row,7,43,0.162791
Person,ruAppearancese,7,15,0.466667
Person,ruCoachyear3start,7,8,0.875000
Person,ruGoalsc,7,50,0.140000
Person,ruTeamg,7,7,1.000000
Person,ruTriesd,7,27,0.259259
Person,ruYear8start,7,7,1.000000
Person,ruYeargstart,7,7,1.000000
Person,season10GroundBalls,7,7,1.000000
Person,season10Loss,7,9,0.777778
Person,season10PlayoffGamesPlayed,7,41,0.170732
Person,season11PlayoffGoals,7,19,0.368421
Person,season11Seconds,7,7,1.000000
Person,season11Wins,7,8,0.875000
Person,season12PlayoffAssists,7,21,0.333333
Person,season12PlayoffGoals,7,22,0.318182
Person,season12Seconds,7,8,0.875000
Person,season13GoalsAgainst,7,7,1.000000
Person,season13Minutes,7,7,1.000000
Person,season13Saves,7,7,1.000000
Person,season13Seconds,7,7,1.000000
Person,season14PlayoffAssists,7,13,0.538462
Person,season15PlayoffAssists,7,13,0.538462
Person,season15PlayoffGoals,7,10,0.700000
Person,season17PenaltyMinutes,7,11,0.636364
Person,season18GamesPlayed,7,8,0.875000
Person,season18Year,7,8,0.875000
Person,season1PlayoffFaceoffsWon,7,10,0.700000
Person,season2PlayoffFaceoffsAtt,7,7,1.000000
Person,season2Wins,7,9,0.777778
Person,season4Loss,7,10,0.700000
Person,season5Loss,7,11,0.636364
Person,season5PlayoffSaves,7,8,0.875000
Person,season5Wins,7,10,0.700000
Person,season6Loss,7,11,0.636364
Person,season6PlayoffSaves,7,7,1.000000
Person,season7Loss,7,11,0.636364
Person,season8PlayoffGamesPlayed,7,53,0.132075
Person,season8Shots,7,8,0.875000
Person,season9GroundBalls,7,9,0.777778
Person,season9Team,7,17,0.411765
Person,season9Wins,7,8,0.875000
Person,secretary,7,7,1.000000
Person,serviceNumber,7,8,0.875000
Person,spg,7,7,1.000000
Person,ss300RaceStarts,7,7,1.000000
Person,ss300TotalPoints,7,7,1.000000
Person,stat33label,7,153,0.045752
Person,stat34label,7,15,0.466667
Person,stat3league,7,156,0.044872
Person,subheader,7,8,0.875000
Person,term1b,7,8,0.875000
Person,term3c,7,7,1.000000
Person,term3d,7,7,1.000000
Person,term8a,7,7,1.000000
Person,traditionMovement,7,9,0.777778
Person,trans,7,8,0.875000
Person,translator,7,7,1.000000
Person,triesg,7,30,0.233333
Person,twitter,7,7,1.000000
Person,umpwt20ilastyr,7,20,0.350000
Person,umpwtestdebutyr,7,9,0.777778
Person,usopendoublesjuniorresult,7,201,0.034826
Person,usproresult,7,58,0.120690
Person,verse,7,8,0.875000
Person,vi,7,7,1.000000
Person,volumenumber,7,26,0.269231
Person,weightUpdate,7,9,0.777778
Person,wembleyproresult,7,44,0.159091
Person,wing,7,7,1.000000
Person,winnerParty,7,151,0.046358
Person,wtachampionshipsdoublesresult,7,97,0.072165
Person,year13end,7,9,0.777778
Person,year14start,7,10,0.700000
Person,yearspan,7,46,0.152174
Species,247sportsOverall,7,7,1.000000
Species,247Stars,7,573,0.012216
Species,2ps,7,7,1.000000
Species,3option,7,13,0.538462
Species,500LastSeason,7,9,0.777778
Species,8a,7,7,1.000000
Species,8y,7,7,1.000000
Species,abbr,7,47,0.148936
Species,aircraftType,7,8,0.875000
Species,announced,7,7,1.000000
Species,apostolicNuncio,7,10,0.700000
Species,arcaWestWins,7,75,0.093333
Species,athleticDirector,7,7,1.000000
Species,author(s)_,7,9,0.777778
Species,author1Link,7,15,0.466667
Species,aw,7,26,0.269231
Species,award5w,7,25,0.280000
Species,backpocket,7,7,1.000000
Species,bodyclass,7,19,0.368421
Species,bowlopp,7,7,1.000000
Species,branches,7,7,1.000000
Species,candId,7,7,1.000000
Species,captain,7,7,1.000000
Species,causalAgents,7,7,1.000000
Species,citations,7,9,0.777778
Species,coachgamesd,7,7,1.000000
Species,collegehofyear,7,7,1.000000
Species,colorAlt,7,85,0.082353
Species,colorAs,7,24,0.291667
Species,colours,7,9,0.777778
Species,compilation,7,33,0.212121
Species,conductor,7,7,1.000000
Species,convPoles,7,27,0.259259
Species,designation1Free1value,7,7,1.000000
Species,domain,7,7253,0.000965
Species,e,7,7,1.000000
Species,economyParty,7,10,0.700000
Species,energyParty,7,8,0.875000
Species,enlisted,7,9,0.777778
Species,espnStars,7,446,0.015695
Species,extrafootnotes,7,9,0.777778
Species,final3league,7,99,0.070707
Species,final4date,7,7,1.000000
Species,financeParty,7,11,0.636364
Species,firstascents,7,7,1.000000
Species,flag,7,7,1.000000
Species,forwardpocket,7,7,1.000000
Species,gamename,7,7,1.000000
Species,goalsg,7,30,0.233333
Species,gp,7,7,1.000000
Species,grandson,7,7,1.000000
Species,halfbackflank,7,7,1.000000
Species,halfforwardflank,7,7,1.000000
Species,handedness,7,1872,0.003739
Species,headerAlign,7,205,0.034146
Species,headerBackground,7,10,0.700000
Species,hosts,7,7,1.000000
Species,hw,7,27,0.259259
Species,hymeniumtype,7,357,0.019608
Species,iboxOrder,7,64,0.109375
Species,icallirelandf,7,96,0.072917
Species,icallirelandh,7,94,0.074468
Species,icmunster,7,28,0.250000
Species,iculster,7,49,0.142857
Species,initiale,7,11,0.636364
Species,junction,7,10,0.700000
Species,justiceClergyInstructionEnd,7,7,1.000000
Species,katakana,7,7,1.000000
Species,km,7,9,0.777778
Species,koreanipa,7,10,0.700000
Species,lang1Content,7,7,1.000000
Species,languageCode,7,10,0.700000
Species,largestWin,7,10,0.700000
Species,lastSeason,7,23,0.304348
Species,lat3Min,7,7,1.000000
Species,listChange,7,7,1.000000
Species,lon1Deg,7,9,0.777778
Species,lon3Min,7,7,1.000000
Species,mainwidth,7,17,0.411765
Species,mandate,7,7,1.000000
Species,mcounty,7,7,1.000000
Species,miningParty,7,8,0.875000
Species,missWorldChile,7,7,1.000000
Species,mixed,7,631,0.011094
Species,mmadecwins,7,8,0.875000
Species,mmakowins,7,7,1.000000
Species,mmaOtherwin,7,53,0.132075
Species,mmasubwins,7,8,0.875000
Species,monr,7,7,1.000000
Species,name1b,7,8,0.875000
Species,name3c,7,7,1.000000
Species,name3d,7,7,1.000000
Species,name4c,7,8,0.875000
Species,nbanew,7,7,1.000000
Species,nonscore,7,39,0.179487
Species,nwidewins,7,509,0.013752
Species,olympicsYear,7,21,0.333333
Species,paralympicAppearances,7,98,0.071429
Species,passengers,7,8,0.875000
Species,peak1b,7,7,1.000000
Species,peak5b,7,7,1.000000
Species,peak6b,7,7,1.000000
Species,policy,7,7,1.000000
Species,provider,7,7,1.000000
Species,quoted,7,734,0.009537
Species,rd2Seed,7,14,0.500000
Species,rd3Score,7,13,0.538462
Species,rebbe,7,7,1.000000
Species,releaseNumber,7,7,1.000000
Species,residences,7,7,1.000000
Species,revenue,7,7,1.000000
Species,rlYouthclubs,7,8,0.875000
Species,row,7,43,0.162791
Species,ruAppearancese,7,15,0.466667
Species,ruCoachyear3start,7,8,0.875000
Species,ruGoalsc,7,50,0.140000
Species,ruTeamg,7,7,1.000000
Species,ruTriesd,7,27,0.259259
Species,ruYear8start,7,7,1.000000
Species,ruYeargstart,7,7,1.000000
Species,satfat,7,7,1.000000
Species,season10GroundBalls,7,7,1.000000
Species,season10Loss,7,9,0.777778
Species,season10PlayoffGamesPlayed,7,41,0.170732
Species,season11PlayoffGoals,7,19,0.368421
Species,season11Seconds,7,7,1.000000
Species,season11Wins,7,8,0.875000
Species,season12PlayoffAssists,7,21,0.333333
Species,season12PlayoffGoals,7,22,0.318182
Species,season12Seconds,7,8,0.875000
Species,season13GoalsAgainst,7,7,1.000000
Species,season13Minutes,7,7,1.000000
Species,season13Saves,7,7,1.000000
Species,season13Seconds,7,7,1.000000
Species,season14PlayoffAssists,7,13,0.538462
Species,season15PlayoffAssists,7,13,0.538462
Species,season15PlayoffGoals,7,10,0.700000
Species,season17PenaltyMinutes,7,11,0.636364
Species,season18GamesPlayed,7,8,0.875000
Species,season18Year,7,8,0.875000
Species,season1PlayoffFaceoffsWon,7,10,0.700000
Species,season2PlayoffFaceoffsAtt,7,7,1.000000
Species,season2Wins,7,9,0.777778
Species,season4Loss,7,10,0.700000
Species,season5Loss,7,11,0.636364
Species,season5PlayoffSaves,7,8,0.875000
Species,season5Wins,7,10,0.700000
Species,season6Loss,7,11,0.636364
Species,season6PlayoffSaves,7,7,1.000000
Species,season7Loss,7,11,0.636364
Species,season8PlayoffGamesPlayed,7,53,0.132075
Species,season8Shots,7,8,0.875000
Species,season9GroundBalls,7,9,0.777778
Species,season9Team,7,17,0.411765
Species,season9Wins,7,8,0.875000
Species,secretary,7,7,1.000000
Species,serviceNumber,7,8,0.875000
Species,soil,7,11,0.636364
Species,speciesSubgroup,7,11,0.636364
Species,spg,7,7,1.000000
Species,ss300RaceStarts,7,7,1.000000
Species,ss300TotalPoints,7,7,1.000000
Species,stat33label,7,153,0.045752
Species,stat34label,7,15,0.466667
Species,stat3league,7,156,0.044872
Species,stipecharacter,7,161,0.043478
Species,subheader,7,8,0.875000
Species,subsectio,7,9,0.777778
Species,symbol,7,7,1.000000
Species,term1b,7,8,0.875000
Species,term3c,7,7,1.000000
Species,term3d,7,7,1.000000
Species,term8a,7,7,1.000000
Species,traditionMovement,7,9,0.777778
Species,trans,7,8,0.875000
Species,translator,7,7,1.000000
Species,triesg,7,30,0.233333
Species,twitter,7,7,1.000000
Species,umpwt20ilastyr,7,20,0.350000
Species,umpwtestdebutyr,7,9,0.777778
Species,unrankedDivisio,7,2122,0.003299
Species,unrankedGenus,7,16,0.437500
Species,usopendoublesjuniorresult,7,201,0.034826
Species,usproresult,7,58,0.120690
Species,verse,7,8,0.875000
Species,vi,7,7,1.000000
Species,volumenumber,7,26,0.269231
Species,weightUpdate,7,9,0.777778
Species,wembleyproresult,7,44,0.159091
Species,wineHot,7,7,1.000000
Species,wing,7,7,1.000000
Species,winnerParty,7,151,0.046358
Species,wtachampionshipsdoublesresult,7,97,0.072165
Species,year13end,7,9,0.777778
Species,year14start,7,10,0.700000
Species,yearspan,7,46,0.152174
Star,colwidth,7,116,0.060345
Star,density,7,7,1.000000
Star,e,7,7,1.000000
Star,group,7,38,0.184211
Star,separation,7,7,1.000000
Galaxy,type,7,13888,0.000504
ChemicalCompound,commons,7,21,0.333333
ChemicalCompound,drugName,7,7,1.000000
ChemicalCompound,minorForwardProduct(s)_,7,7,1.000000
ChemicalCompound,smiles,7,7,1.000000
ChemicalCompound,uniprot,7,7,1.000000
AdministrativeRegion,populationUrbanDensity,7,7,1.000000
AdministrativeRegion,aprUv,7,8,0.875000
AdministrativeRegion,areaBlank2Title,7,8,0.875000
AdministrativeRegion,budget,7,7,1.000000
AdministrativeRegion,calendar,7,10,0.700000
AdministrativeRegion,chapterUrl,7,15,0.466667
AdministrativeRegion,chiefTowns,7,7,1.000000
AdministrativeRegion,countyMayorAsOf,7,16,0.437500
AdministrativeRegion,dinosaur,7,7,1.000000
AdministrativeRegion,districtsKey,7,25,0.280000
AdministrativeRegion,divName,7,32,0.218750
AdministrativeRegion,dlf,7,158,0.044304
AdministrativeRegion,ese,7,7,1.000000
AdministrativeRegion,febUv,7,8,0.875000
AdministrativeRegion,float,7,993,0.007049
AdministrativeRegion,formerHundred,7,21,0.333333
AdministrativeRegion,v,7,16,0.437500
AdministrativeRegion,krf,7,13,0.538462
AdministrativeRegion,sp,7,13,0.538462
AdministrativeRegion,v,7,9,0.777778
AdministrativeRegion,imageWidth,7,14,0.500000
AdministrativeRegion,junUv,7,8,0.875000
AdministrativeRegion,kyst,7,56,0.125000
AdministrativeRegion,largestcounty,7,7,1.000000
AdministrativeRegion,latSec,7,11,0.636364
AdministrativeRegion,lonSec,7,11,0.636364
AdministrativeRegion,loser,7,11,0.636364
AdministrativeRegion,mapDataLight,7,7,1.000000
AdministrativeRegion,mark,7,10,0.700000
AdministrativeRegion,marUv,7,8,0.875000
AdministrativeRegion,photo1a,7,7,1.000000
AdministrativeRegion,politicalStatus,7,64,0.109375
AdministrativeRegion,popFootnotes,7,16,0.437500
AdministrativeRegion,pushpinImage,7,44,0.159091
AdministrativeRegion,reignend,7,7,1.000000
AdministrativeRegion,scalemark,7,9,0.777778
AdministrativeRegion,sealType,7,27,0.259259
AdministrativeRegion,sepUv,7,8,0.875000
AdministrativeRegion,size,7,10,0.700000
AdministrativeRegion,stationtype,7,19,0.368421
AdministrativeRegion,titlestyle,7,139,0.050360
AdministrativeRegion,townOfDistrictSignificanceType,7,285,0.024561
AdministrativeRegion,typeHouse,7,7,1.000000
AdministrativeRegion,unsworn,7,7,1.000000
AdministrativeRegion,drf,7,25,0.280000
AdministrativeRegion,votingSystem,7,24,0.291667
AdministrativeRegion,wnw,7,7,1.000000
AdministrativeRegion,wsw,7,7,1.000000
Person,statisticLabel,6,152,0.039474
Person,nowiki%3E_,6,6,1.000000
Person,247Grade,6,8,0.750000
Person,500ActiveYears,6,10,0.600000
Person,500LastPosition,6,9,0.666667
Person,7namedata,6,6,1.000000
Person,abovestyle,6,19,0.315789
Person,ad,6,27,0.222222
Person,album1Releasedate,6,6,1.000000
Person,allgoals,6,6,1.000000
Person,allstarsh,6,57,0.105263
Person,amDecwin,6,29,0.206897
Person,amDraw,6,25,0.240000
Person,apg,6,7,0.857143
Person,arcaEastPoles,6,81,0.074074
Person,arcaEastWins,6,81,0.074074
Person,arcaWestPoles,6,75,0.080000
Person,australianOpen,6,6,1.000000
Person,author(s)_,6,6,1.000000
Person,award4w,6,34,0.176471
Person,award6n,6,17,0.352941
Person,award7n,6,17,0.352941
Person,award8n,6,14,0.428571
Person,base,6,6,1.000000
Person,batch,6,6,1.000000
Person,bf1Races,6,8,0.750000
Person,boxWidth,6,7,0.857143
Person,candidate5Percent,6,6,1.000000
Person,candidate5Votes,6,6,1.000000
Person,case,6,7,0.857143
Person,clallirelandf,6,44,0.136364
Person,classWins,6,51,0.117647
Person,clprovincef,6,59,0.101695
Person,clprovinceh,6,54,0.111111
Person,coachdrawsa,6,230,0.026087
Person,collapsed,6,185,0.032432
Person,collegeTeam,6,6,1.000000
Person,communicationsDirector,6,6,1.000000
Person,composers,6,6,1.000000
Person,conamaParty,6,9,0.666667
Person,concertTourName,6,6,1.000000
Person,convWins,6,27,0.222222
Person,coordinates,6,7,0.857143
Person,cremationPlace,6,6,1.000000
Person,currentAwards,6,6,1.000000
Person,"cyears1,cteam",6,6,1.000000
Person,dateOfBirth,6,6,1.000000
Person,decEnd,6,6,1.000000
Person,decStart,6,6,1.000000
Person,defunct,6,6,1.000000
Person,descr,6,7,0.857143
Person,designation1Criteria,6,6,1.000000
Person,designation1Free2value,6,6,1.000000
Person,designation1Number,6,6,1.000000
Person,dewey,6,6,1.000000
Person,draftPba,6,68,0.088235
Person,eptTitles,6,230,0.026087
Person,estate,6,6,1.000000
Person,et,6,19,0.315789
Person,ethnicMakeup,6,10,0.600000
Person,executiveProducer,6,6,1.000000
Person,extraInformation,6,6,1.000000
Person,fieldgoalsb,6,2476,0.002423
Person,firstHolder,6,7,0.857143
Person,focus,6,9,0.666667
Person,footerAlign,6,314,0.019108
Person,formerSeries,6,6,1.000000
Person,foundedDate,6,7,0.857143
Person,germanleague,6,6,1.000000
Person,gneastPoles,6,25,0.240000
Person,gneastWins,6,25,0.240000
Person,governmentForeignAffairs,6,8,0.750000
Person,governmentForeignAffairsEnd,6,8,0.750000
Person,governmentForeignAffairsStart,6,8,0.750000
Person,groups,6,6,1.000000
Person,hanjastage,6,6,1.000000
Person,hd,6,23,0.260870
Person,headerBackground,6,9,0.666667
Person,hl,6,26,0.230769
Person,hofcolor,6,220,0.027273
Person,home,6,6,1.000000
Person,host,6,6,1.000000
Person,idArchive,6,6,1.000000
Person,imageGap,6,13,0.461538
Person,instagram,6,6,1.000000
Person,insuranceEnd,6,6,1.000000
Person,insuranceStart,6,6,1.000000
Person,ja,6,6,1.000000
Person,justiceClergyInstruction,6,7,0.857143
Person,justiceClergyInstructionStart,6,7,0.857143
Person,katakana,6,6,1.000000
Person,label3Size,6,16,0.375000
Person,label4Size,6,9,0.666667
Person,largestLoss,6,9,0.666667
Person,lastAired,6,13,0.461538
Person,lastCoronaWin,6,6,1.000000
Person,lat1Deg,6,7,0.857143
Person,lat2Min,6,10,0.600000
Person,lat4Min,6,7,0.857143
Person,lieutenantGovernorEnd,6,6,1.000000
Person,lieutenantGovernorStart,6,6,1.000000
Person,lineColor,6,12,0.500000
Person,links,6,291,0.020619
Person,liststyle,6,27,0.222222
Person,live,6,20,0.300000
Person,lives,6,6,1.000000
Person,lon4Min,6,7,0.857143
Person,loserParty,6,98,0.061224
Person,map,6,7,0.857143
Person,mark2size,6,19,0.315789
Person,mark3size,6,14,0.428571
Person,married,6,6,1.000000
Person,medalTemplates,6,7,0.857143
Person,member,6,6,1.000000
Person,mil,6,7,0.857143
Person,milEnd,6,6,1.000000
Person,milStart,6,6,1.000000
Person,minorWins,6,33,0.181818
Person,missRep.Dom.Tierra,6,7,0.857143
Person,mmalosses,6,7,0.857143
Person,mmawins,6,6,1.000000
Person,motoeActiveYears,6,28,0.214286
Person,motoeFastestLaps,6,37,0.162162
Person,motoeRaceWins,6,37,0.162162
Person,motogpChampionships,6,93,0.064516
Person,mra,6,6,1.000000
Person,name10a,6,6,1.000000
Person,name11a,6,6,1.000000
Person,name11b,6,6,1.000000
Person,name13a,6,6,1.000000
Person,name14a,6,6,1.000000
Person,name15a,6,6,1.000000
Person,name16a,6,6,1.000000
Person,name16b,6,6,1.000000
Person,name17a,6,6,1.000000
Person,name18a,6,6,1.000000
Person,name2Transcription,6,6,1.000000
Person,name7b,6,6,1.000000
Person,name8a,6,7,0.857143
Person,name9a,6,6,1.000000
Person,namesake,6,6,1.000000
Person,nationalAssetsParty,6,8,0.750000
Person,nephew,6,6,1.000000
Person,notableCommanders,6,6,1.000000
Person,olympicgolds,6,210,0.028571
Person,opened,6,6,1.000000
Person,peak7b,6,6,1.000000
Person,portals,6,372,0.016129
Person,postDate,6,9,0.666667
Person,prefix,6,6,1.000000
Person,pronounce,6,6,1.000000
Person,publicService,6,7,0.857143
Person,publicServiceStart,6,7,0.857143
Person,question,6,6,1.000000
Person,redDiamondButton,6,45,0.133333
Person,relative,6,6,1.000000
Person,retired%23s,6,11,0.545455
Person,rna.N.DeBellezaMissRep.Dom.,6,7,0.857143
Person,rra,6,6,1.000000
Person,rubyButton,6,86,0.069767
Person,ruPointsg,6,7,0.857143
Person,ruYear7end,6,6,1.000000
Person,ruYeardend,6,8,0.750000
Person,sbkChampionships,6,150,0.040000
Person,season10Shots,6,6,1.000000
Person,season10Team,6,13,0.461538
Person,season10Wins,6,8,0.750000
Person,season12Loss,6,7,0.857143
Person,season14GoalsAgainst,6,6,1.000000
Person,season14Minutes,6,6,1.000000
Person,season14Saves,6,6,1.000000
Person,season17TeamLink,6,14,0.428571
Person,season18Assists,6,6,1.000000
Person,season18LooseBalls,6,6,1.000000
Person,season19Year,6,7,0.857143
Person,season1Penalties,6,15,0.400000
Person,season1Seconds,6,9,0.666667
Person,season4FaceoffsAtt,6,6,1.000000
Person,season5PlayoffGoalsAgainst,6,8,0.750000
Person,season6PlayoffGoalsAgainst,6,7,0.857143
Person,season6PlayoffMinutes,6,7,0.857143
Person,season7PlayoffGoalsAgainst,6,6,1.000000
Person,season7PlayoffMinutes,6,6,1.000000
Person,season7PlayoffSaves,6,6,1.000000
Person,season7Wins,6,10,0.600000
Person,season8PlayoffGoalsAgainst,6,6,1.000000
Person,season8PlayoffMinutes,6,6,1.000000
Person,season8PlayoffSaves,6,6,1.000000
Person,season8Wins,6,9,0.666667
Person,season9PlayoffGoalsAgainst,6,6,1.000000
Person,season9PlayoffSaves,6,6,1.000000
Person,seats1Title,6,7,0.857143
Person,services,6,10,0.600000
Person,sig,6,204,0.029412
Person,small,6,408,0.014706
Person,soogamesGoalstotal,6,7,0.857143
Person,split,6,6,1.000000
Person,sportsStart,6,6,1.000000
Person,ss300LastPosition,6,7,0.857143
Person,ss300Podiums,6,7,0.857143
Person,ss300RaceWins,6,7,0.857143
Person,standardEbooksUrl,6,6,1.000000
Person,stateDelegate,6,1120,0.005357
Person,subsequentActions,6,6,1.000000
Person,talksection,6,9,0.666667
Person,term10a,6,6,1.000000
Person,term11a,6,6,1.000000
Person,term11b,6,6,1.000000
Person,term12a,6,6,1.000000
Person,term13a,6,6,1.000000
Person,term14a,6,6,1.000000
Person,term15a,6,6,1.000000
Person,term16b,6,6,1.000000
Person,term17a,6,6,1.000000
Person,term18a,6,6,1.000000
Person,term7b,6,6,1.000000
Person,term9a,6,6,1.000000
Person,título,6,6,1.000000
Person,to,6,6,1.000000
Person,tocresult,6,11,0.545455
Person,tradhep,6,6,1.000000
Person,uly,6,6,1.000000
Person,vicePresidentDate,6,6,1.000000
Person,vSearch,6,6,1.000000
Person,whaDraftYear,6,440,0.013636
Person,worldsRank,6,19,0.315789
Person,worldsWeight,6,9,0.666667
Person,yearsInArcaEast,6,81,0.074074
Person,yes,6,7,0.857143
Person,zwpy,6,6,1.000000
Species,domain,6,7246,0.000828
Species,statisticLabel,6,152,0.039474
Species,nowiki%3E_,6,6,1.000000
Species,247Grade,6,8,0.750000
Species,500ActiveYears,6,10,0.600000
Species,500LastPosition,6,9,0.666667
Species,7namedata,6,6,1.000000
Species,abovestyle,6,19,0.315789
Species,ad,6,27,0.222222
Species,album1Releasedate,6,6,1.000000
Species,allgoals,6,6,1.000000
Species,allstarsh,6,57,0.105263
Species,amDecwin,6,29,0.206897
Species,amDraw,6,25,0.240000
Species,apg,6,7,0.857143
Species,arcaEastPoles,6,81,0.074074
Species,arcaEastWins,6,81,0.074074
Species,arcaWestPoles,6,75,0.080000
Species,australianOpen,6,6,1.000000
Species,award4w,6,34,0.176471
Species,award6n,6,17,0.352941
Species,award7n,6,17,0.352941
Species,award8n,6,14,0.428571
Species,base,6,6,1.000000
Species,batch,6,6,1.000000
Species,bf1Races,6,8,0.750000
Species,boxWidth,6,7,0.857143
Species,candidate5Percent,6,6,1.000000
Species,candidate5Votes,6,6,1.000000
Species,case,6,7,0.857143
Species,clallirelandf,6,44,0.136364
Species,classWins,6,51,0.117647
Species,clprovincef,6,59,0.101695
Species,clprovinceh,6,54,0.111111
Species,coachdrawsa,6,230,0.026087
Species,collapsed,6,185,0.032432
Species,collegeTeam,6,6,1.000000
Species,communicationsDirector,6,6,1.000000
Species,composers,6,6,1.000000
Species,conamaParty,6,9,0.666667
Species,concertTourName,6,6,1.000000
Species,convWins,6,27,0.222222
Species,coordinates,6,7,0.857143
Species,cremationPlace,6,6,1.000000
Species,currentAwards,6,6,1.000000
Species,"cyears1,cteam",6,6,1.000000
Species,dateOfBirth,6,6,1.000000
Species,decEnd,6,6,1.000000
Species,decStart,6,6,1.000000
Species,defunct,6,6,1.000000
Species,descr,6,7,0.857143
Species,designation1Criteria,6,6,1.000000
Species,designation1Free2value,6,6,1.000000
Species,designation1Number,6,6,1.000000
Species,dewey,6,6,1.000000
Species,draftPba,6,68,0.088235
Species,eptTitles,6,230,0.026087
Species,estate,6,6,1.000000
Species,et,6,19,0.315789
Species,ethnicMakeup,6,10,0.600000
Species,ex,6,6,1.000000
Species,executiveProducer,6,6,1.000000
Species,extraInformation,6,6,1.000000
Species,fieldgoalsb,6,2476,0.002423
Species,firstHolder,6,7,0.857143
Species,focus,6,9,0.666667
Species,footerAlign,6,320,0.018750
Species,formerSeries,6,6,1.000000
Species,foundedDate,6,7,0.857143
Species,germanleague,6,6,1.000000
Species,gneastPoles,6,25,0.240000
Species,gneastWins,6,25,0.240000
Species,governmentForeignAffairs,6,8,0.750000
Species,governmentForeignAffairsEnd,6,8,0.750000
Species,governmentForeignAffairsStart,6,8,0.750000
Species,groups,6,6,1.000000
Species,hanjastage,6,6,1.000000
Species,hd,6,23,0.260870
Species,hl,6,26,0.230769
Species,hofcolor,6,220,0.027273
Species,home,6,6,1.000000
Species,host,6,6,1.000000
Species,idArchive,6,6,1.000000
Species,imageGap,6,13,0.461538
Species,instagram,6,6,1.000000
Species,insuranceEnd,6,6,1.000000
Species,insuranceStart,6,6,1.000000
Species,ja,6,6,1.000000
Species,justiceClergyInstruction,6,7,0.857143
Species,justiceClergyInstructionStart,6,7,0.857143
Species,label3Size,6,16,0.375000
Species,label4Size,6,9,0.666667
Species,largestLoss,6,9,0.666667
Species,lastAired,6,13,0.461538
Species,lastCoronaWin,6,6,1.000000
Species,lat2Min,6,11,0.545455
Species,lat2Sec,6,7,0.857143
Species,lat4Min,6,7,0.857143
Species,lat6Deg,6,8,0.750000
Species,lat7Deg,6,8,0.750000
Species,licenseStatementUrl,6,10,0.600000
Species,lieutenantGovernorEnd,6,6,1.000000
Species,lieutenantGovernorStart,6,6,1.000000
Species,lineColor,6,12,0.500000
Species,links,6,293,0.020478
Species,liststyle,6,27,0.222222
Species,live,6,20,0.300000
Species,lives,6,6,1.000000
Species,lon2Sec,6,7,0.857143
Species,lon4Min,6,7,0.857143
Species,lon6Deg,6,8,0.750000
Species,lon7Deg,6,8,0.750000
Species,loserParty,6,98,0.061224
Species,map,6,7,0.857143
Species,mark2size,6,19,0.315789
Species,mark3size,6,14,0.428571
Species,married,6,6,1.000000
Species,medalTemplates,6,7,0.857143
Species,member,6,6,1.000000
Species,mi,6,6,1.000000
Species,mil,6,7,0.857143
Species,milEnd,6,6,1.000000
Species,milStart,6,6,1.000000
Species,minorWins,6,33,0.181818
Species,missRep.Dom.Tierra,6,7,0.857143
Species,mmalosses,6,7,0.857143
Species,mmawins,6,6,1.000000
Species,monofat,6,6,1.000000
Species,motoeActiveYears,6,28,0.214286
Species,motoeFastestLaps,6,37,0.162162
Species,motoeRaceWins,6,37,0.162162
Species,motogpChampionships,6,93,0.064516
Species,mra,6,6,1.000000
Species,name10a,6,6,1.000000
Species,name11a,6,6,1.000000
Species,name11b,6,6,1.000000
Species,name13a,6,6,1.000000
Species,name14a,6,6,1.000000
Species,name15a,6,6,1.000000
Species,name16a,6,6,1.000000
Species,name16b,6,6,1.000000
Species,name17a,6,6,1.000000
Species,name18a,6,6,1.000000
Species,name2Transcription,6,6,1.000000
Species,name7b,6,6,1.000000
Species,name8a,6,7,0.857143
Species,name9a,6,6,1.000000
Species,namesake,6,6,1.000000
Species,nationalAssetsParty,6,8,0.750000
Species,nephew,6,6,1.000000
Species,notableCommanders,6,6,1.000000
Species,olympicgolds,6,210,0.028571
Species,opened,6,6,1.000000
Species,opt1n,6,11,0.545455
Species,peak7b,6,6,1.000000
Species,polyfat,6,6,1.000000
Species,portals,6,372,0.016129
Species,postDate,6,9,0.666667
Species,prefix,6,6,1.000000
Species,pronounce,6,6,1.000000
Species,publicService,6,7,0.857143
Species,publicServiceStart,6,7,0.857143
Species,question,6,6,1.000000
Species,redDiamondButton,6,45,0.133333
Species,relative,6,6,1.000000
Species,retired%23s,6,11,0.545455
Species,rna.N.DeBellezaMissRep.Dom.,6,7,0.857143
Species,rra,6,6,1.000000
Species,rubyButton,6,86,0.069767
Species,ruPointsg,6,7,0.857143
Species,ruYear7end,6,6,1.000000
Species,ruYeardend,6,8,0.750000
Species,sbkChampionships,6,150,0.040000
Species,season10Shots,6,6,1.000000
Species,season10Team,6,13,0.461538
Species,season10Wins,6,8,0.750000
Species,season12Loss,6,7,0.857143
Species,season14GoalsAgainst,6,6,1.000000
Species,season14Minutes,6,6,1.000000
Species,season14Saves,6,6,1.000000
Species,season17TeamLink,6,14,0.428571
Species,season18Assists,6,6,1.000000
Species,season18LooseBalls,6,6,1.000000
Species,season19Year,6,7,0.857143
Species,season1Penalties,6,15,0.400000
Species,season1Seconds,6,9,0.666667
Species,season4FaceoffsAtt,6,6,1.000000
Species,season5PlayoffGoalsAgainst,6,8,0.750000
Species,season6PlayoffGoalsAgainst,6,7,0.857143
Species,season6PlayoffMinutes,6,7,0.857143
Species,season7PlayoffGoalsAgainst,6,6,1.000000
Species,season7PlayoffMinutes,6,6,1.000000
Species,season7PlayoffSaves,6,6,1.000000
Species,season7Wins,6,10,0.600000
Species,season8PlayoffGoalsAgainst,6,6,1.000000
Species,season8PlayoffMinutes,6,6,1.000000
Species,season8PlayoffSaves,6,6,1.000000
Species,season8Wins,6,9,0.666667
Species,season9PlayoffGoalsAgainst,6,6,1.000000
Species,season9PlayoffSaves,6,6,1.000000
Species,seats1Title,6,7,0.857143
Species,services,6,10,0.600000
Species,sig,6,204,0.029412
Species,small,6,429,0.013986
Species,soogamesGoalstotal,6,7,0.857143
Species,split,6,6,1.000000
Species,sportsStart,6,6,1.000000
Species,ss300LastPosition,6,7,0.857143
Species,ss300Podiums,6,7,0.857143
Species,ss300RaceWins,6,7,0.857143
Species,standardEbooksUrl,6,6,1.000000
Species,stateDelegate,6,1120,0.005357
Species,subdivisio,6,841,0.007134
Species,subsequentActions,6,6,1.000000
Species,talksection,6,9,0.666667
Species,term10a,6,6,1.000000
Species,term11a,6,6,1.000000
Species,term11b,6,6,1.000000
Species,term12a,6,6,1.000000
Species,term13a,6,6,1.000000
Species,term14a,6,6,1.000000
Species,term15a,6,6,1.000000
Species,term16b,6,6,1.000000
Species,term17a,6,6,1.000000
Species,term18a,6,6,1.000000
Species,term7b,6,6,1.000000
Species,term9a,6,6,1.000000
Species,título,6,6,1.000000
Species,to,6,6,1.000000
Species,tocresult,6,11,0.545455
Species,tradhep,6,6,1.000000
Species,uly,6,6,1.000000
Species,unrankedSubregnum,6,237,0.025316
Species,vicePresidentDate,6,6,1.000000
Species,virusGroup,6,55,0.109091
Species,vSearch,6,6,1.000000
Species,whaDraftYear,6,440,0.013636
Species,wineCool,6,6,1.000000
Species,worldsRank,6,19,0.315789
Species,worldsWeight,6,9,0.666667
Species,yearsInArcaEast,6,81,0.074074
Species,yes,6,7,0.857143
Species,zwpy,6,6,1.000000
Star,l,6,6,1.000000
Star,letter,6,15,0.400000
Star,s,6,6,1.000000
Star,semiAmplitude,6,6,1.000000
Star,status,6,24,0.250000
Star,t,6,6,1.000000
Star,year,6,6,1.000000
Star,type,6,30114,0.000199
ChemicalCompound,casNumber,6,6,1.000000
ChemicalCompound,direction,6,44,0.136364
ChemicalCompound,h,6,6,1.000000
ChemicalCompound,header,6,6,1.000000
ChemicalCompound,imagecaptionlr,6,6,1.000000
ChemicalCompound,kegg,6,6,1.000000
ChemicalCompound,prep,6,6,1.000000
ChemicalCompound,pronounce,6,11,0.545455
ChemicalCompound,stdinchikey,6,6,1.000000
ChemicalCompound,text,6,6,1.000000
ChemicalCompound,verifiedfields,6,4480,0.001339
ChemicalCompound,watchedfields,6,5775,0.001039
ChemicalCompound,with,6,6,1.000000
AdministrativeRegion,address,6,6,1.000000
AdministrativeRegion,areaBlank2Km,6,6,1.000000
AdministrativeRegion,areaMagnitude,6,30,0.200000
AdministrativeRegion,areaOfWhat,6,238,0.025210
AdministrativeRegion,areasecond,6,6,1.000000
AdministrativeRegion,areathirdyear,6,8,0.750000
AdministrativeRegion,areaTotalAcre,6,6,1.000000
AdministrativeRegion,barWidth,6,31,0.193548
AdministrativeRegion,blank6Info,6,6,1.000000
AdministrativeRegion,bot,6,419,0.014320
AdministrativeRegion,censusEstimateYr,6,563,0.010657
AdministrativeRegion,collapsed,6,2194,0.002735
AdministrativeRegion,coordinatesCaption,6,14,0.428571
AdministrativeRegion,coordinatesFootnotes,6,11,0.545455
AdministrativeRegion,countyMayorParty,6,17,0.352941
AdministrativeRegion,cy,6,6,1.000000
AdministrativeRegion,decUv,6,8,0.750000
AdministrativeRegion,designation2Offname,6,6,1.000000
AdministrativeRegion,drf,6,11,0.545455
AdministrativeRegion,elevationMaxFootnotes,6,6,1.000000
AdministrativeRegion,ene,6,6,1.000000
AdministrativeRegion,fedRepParty,6,350,0.017143
AdministrativeRegion,fnb,6,10,0.600000
AdministrativeRegion,footerAlign,6,25,0.240000
AdministrativeRegion,formerRegierungsbezirk,6,44,0.136364
AdministrativeRegion,foundedTitle,6,32,0.187500
AdministrativeRegion,frisinnedeVenstre,6,9,0.666667
AdministrativeRegion,georegion,6,138,0.043478
AdministrativeRegion,governorParty,6,12,0.500000
AdministrativeRegion,grønne,6,185,0.032432
AdministrativeRegion,highestMount,6,6,1.000000
AdministrativeRegion,janUv,6,8,0.750000
AdministrativeRegion,julUv,6,8,0.750000
AdministrativeRegion,v,6,21,0.285714
AdministrativeRegion,labelOffsetX,6,11,0.545455
AdministrativeRegion,labelOffsetY,6,9,0.666667
AdministrativeRegion,labelType,6,32,0.187500
AdministrativeRegion,landrat,6,6,1.000000
AdministrativeRegion,lang2Content,6,6,1.000000
AdministrativeRegion,leader3Type,6,14,0.428571
AdministrativeRegion,leaderType,6,6,1.000000
AdministrativeRegion,legaljuris,6,17,0.352941
AdministrativeRegion,legend1end,6,13,0.461538
AdministrativeRegion,locatorMap,6,46,0.130435
AdministrativeRegion,logoRes,6,22,0.272727
AdministrativeRegion,logoSize,6,9,0.666667
AdministrativeRegion,lotherTowns,6,6,1.000000
AdministrativeRegion,maySnowCm,6,9,0.666667
AdministrativeRegion,metricFirst,6,2646,0.002268
AdministrativeRegion,mncRom,6,6,1.000000
AdministrativeRegion,noOfUrbanTypeSettlementsOfDistrictSignificance,6,407,0.014742
AdministrativeRegion,noteMid,6,8,0.750000
AdministrativeRegion,novUv,6,8,0.750000
AdministrativeRegion,octSnowCm,6,9,0.666667
AdministrativeRegion,octUv,6,8,0.750000
AdministrativeRegion,officename,6,6,1.000000
AdministrativeRegion,patchcaption,6,6,1.000000
AdministrativeRegion,politicalStatusLink,6,64,0.093750
AdministrativeRegion,populationDensityUrbanKm,6,61,0.098361
AdministrativeRegion,postal2CodeType,6,200,0.030000
AdministrativeRegion,rødt,6,119,0.050420
AdministrativeRegion,samefolket,6,12,0.500000
AdministrativeRegion,saskparty,6,31,0.193548
AdministrativeRegion,siteName,6,7,0.857143
AdministrativeRegion,structure1Res,6,42,0.142857
AdministrativeRegion,termlength,6,56,0.107143
AdministrativeRegion,tn,6,6,1.000000
AdministrativeRegion,unitRainDays,6,136,0.044118
AdministrativeRegion,yearRainInch,6,6,1.000000
AdministrativeRegion,zhDungan,6,6,1.000000
Person,championships,5,742,0.006739
Person,networth,5,5,1.000000
Person,throwingSide,5,613,0.008157
Person,winsAtChallenges,5,19,0.263158
Person,winsAtSenEuro,5,15,0.333333
Person,nowiki%3Eboxstyle,5,5,1.000000
Person,500Podiums,5,16,0.312500
Person,6namedata,5,5,1.000000
Person,affiliations,5,5,1.000000
Person,aflrookieyear,5,6,0.833333
Person,agandmarketsEnd,5,5,1.000000
Person,album1Label,5,5,1.000000
Person,album2Releasedate,5,5,1.000000
Person,albumCode,5,5,1.000000
Person,albumName,5,5,1.000000
Person,allstarsf,5,59,0.084746
Person,anchorYear,5,6,0.833333
Person,anno,5,6,0.833333
Person,apellido,5,5,1.000000
Person,appointedBy,5,5,1.000000
Person,approval,5,5,1.000000
Person,asstCoach,5,6,0.833333
Person,auto,5,150,0.033333
Person,award10w,5,9,0.555556
Person,award7w,5,16,0.312500
Person,award8w,5,14,0.357143
Person,bankingEnd,5,5,1.000000
Person,bankingStart,5,5,1.000000
Person,baptismDate,5,5,1.000000
Person,bo,5,5,1.000000
Person,boLatn,5,5,1.000000
Person,bowls,5,5993,0.000834
Person,bsbChampionships,5,26,0.192308
Person,cadre,5,7,0.714286
Person,candidate5Party,5,6,0.833333
Person,candidate6Percent,5,5,1.000000
Person,candidate6Votes,5,5,1.000000
Person,chair,5,5,1.000000
Person,charts,5,23,0.217391
Person,childrens,5,5,1.000000
Person,choir,5,5,1.000000
Person,chuhan,5,5,1.000000
Person,churches,5,6,0.833333
Person,cl,5,9,0.555556
Person,clallirelandh,5,38,0.131579
Person,coachedby,5,5,1.000000
Person,coaches,5,5,1.000000
Person,coachlossesd,5,7,0.714286
Person,coachpremierships,5,6,0.833333
Person,coachyear9end,5,5,1.000000
Person,coachyear9start,5,5,1.000000
Person,colapps(points)_,5,5,1.000000
Person,communicationsDirectorEnd,5,6,0.833333
Person,communicationsDirectorStart,5,5,1.000000
Person,confRecord,5,5,1.000000
Person,cookbooks,5,5,1.000000
Person,currentStatus,5,8,0.625000
Person,cursign,5,21,0.238095
Person,dateformat,5,971,0.005149
Person,dec,5,6,0.833333
Person,descendants,5,5,1.000000
Person,direction,5,1478,0.003383
Person,dissolution,5,5,1.000000
Person,dleague,5,5,1.000000
Person,dmvEnd,5,5,1.000000
Person,dmvStart,5,5,1.000000
Person,doctoralAdviser,5,5,1.000000
Person,dominiopu,5,5,1.000000
Person,domipubli,5,5,1.000000
Person,duration,5,5,1.000000
Person,espnRank,5,5,1.000000
Person,ew,5,5,1.000000
Person,fhtitles,5,32,0.156250
Person,fidArchive,5,5,1.000000
Person,firstConvRace,5,27,0.185185
Person,firstGame,5,8,0.625000
Person,footnote,5,5,1.000000
Person,formerNllTeam,5,5,1.000000
Person,formerTeam,5,5,1.000000
Person,foundingYear,5,5,1.000000
Person,frameHeight,5,5,1.000000
Person,frameWidth,5,5,1.000000
Person,gap,5,14,0.357143
Person,generalCounsel,5,5,1.000000
Person,generalCounselEnd,5,5,1.000000
Person,generalCounselStart,5,5,1.000000
Person,generalSecretary,5,5,1.000000
Person,gk,5,5,1.000000
Person,grandslamcupresult,5,54,0.092593
Person,hangulph,5,5,1.000000
Person,hanjaph,5,5,1.000000
Person,headCoach,5,6,0.833333
Person,healthParty,5,10,0.500000
Person,heightImperial,5,6,0.833333
Person,heightweight,5,5,1.000000
Person,hn,5,5,1.000000
Person,htid,5,5,1.000000
Person,husband,5,5,1.000000
Person,icconnacht,5,7,0.714286
Person,inaugural,5,5,1.000000
Person,index,5,68,0.073529
Person,initiationRank,5,5,1.000000
Person,inspgen,5,5,1.000000
Person,inspgenEnd,5,5,1.000000
Person,inspgenStart,5,5,1.000000
Person,insurance,5,6,0.833333
Person,interchange,5,5,1.000000
Person,interiorDate,5,5,1.000000
Person,juniorworldchamp,5,5,1.000000
Person,justiceDate,5,7,0.714286
Person,labelColor,5,6,0.833333
Person,lang2Content,5,5,1.000000
Person,lastArcaWestWin,5,9,0.555556
Person,lastCoronaRace,5,9,0.555556
Person,lastTour,5,5,1.000000
Person,lat2Sec,5,6,0.833333
Person,lat5Min,5,6,0.833333
Person,lat6Deg,5,7,0.714286
Person,lat7Deg,5,7,0.714286
Person,left,5,8,0.625000
Person,licenseStatementUrl,5,5,1.000000
Person,lightsPodiums,5,10,0.500000
Person,linktext,5,5,1.000000
Person,living,5,13,0.384615
Person,loc,5,5,1.000000
Person,lon1Deg,5,7,0.714286
Person,lon2Sec,5,6,0.833333
Person,lon5Min,5,6,0.833333
Person,lon6Deg,5,7,0.714286
Person,lon7Deg,5,7,0.714286
Person,manufacturer,5,5,1.000000
Person,maritalStatus,5,5,1.000000
Person,mark5size,5,6,0.833333
Person,masterscupdoublesresult,5,111,0.045045
Person,medalsExpand,5,122,0.040984
Person,medaltemplatesExpand,5,2580,0.001938
Person,mi,5,5,1.000000
Person,minister3Termend,5,5,1.000000
Person,missAsiaPacificPanamá,5,5,1.000000
Person,missEarthChile,5,5,1.000000
Person,missHispanidadPanamá,5,5,1.000000
Person,mmaNc,5,420,0.011905
Person,mode,5,59,0.084746
Person,motoePoles,5,37,0.135135
Person,name10b,5,5,1.000000
Person,name12a,5,6,0.833333
Person,name12b,5,5,1.000000
Person,name13b,5,5,1.000000
Person,name17b,5,5,1.000000
Person,name19a,5,5,1.000000
Person,name19b,5,5,1.000000
Person,name1c,5,5,1.000000
Person,name20a,5,5,1.000000
Person,name2c,5,5,1.000000
Person,navyDate,5,7,0.714286
Person,nolink,5,13,0.384615
Person,nome,5,5,1.000000
Person,ns,5,5,1.000000
Person,officialUrl,5,5,1.000000
Person,offspring,5,5,1.000000
Person,onlysourced,5,562,0.008897
Person,origYear,5,5,1.000000
Person,otherfamilies,5,5,1.000000
Person,otherSource,5,6,0.833333
Person,othertournaments,5,829,0.006031
Person,overlay,5,5,1.000000
Person,parentHouse,5,5,1.000000
Person,part1Choice,5,5,1.000000
Person,part1Percentage,5,5,1.000000
Person,peak10b,5,5,1.000000
Person,peak6a,5,5,1.000000
Person,peak7a,5,6,0.833333
Person,peak8a,5,5,1.000000
Person,pencil,5,707,0.007072
Person,perrow,5,217,0.023041
Person,personalLife,5,5,1.000000
Person,pinyinchinesename,5,5,1.000000
Person,positionHeld,5,5,1.000000
Person,post7followed,5,5,1.000000
Person,post7preceded,5,5,1.000000
Person,post7years,5,5,1.000000
Person,presentHolder,5,5,1.000000
Person,presidentParty,5,6,0.833333
Person,preText,5,6,0.833333
Person,priorActions,5,5,1.000000
Person,publicServiceEnd,5,6,0.833333
Person,publicWorksParty,5,9,0.555556
Person,purpose,5,6,0.833333
Person,query,5,5,1.000000
Person,rd3Seed,5,6,0.833333
Person,refereecomps,5,5,1.000000
Person,refereeyear5start,5,5,1.000000
Person,regnal,5,5,1.000000
Person,relief,5,280,0.017857
Person,repecPrefix,5,623,0.008026
Person,restaurant,5,5,1.000000
Person,rubyYear,5,10,0.500000
Person,ruGoalsd,5,27,0.185185
Person,ruPointsf,5,9,0.555556
Person,ruTriesg,5,7,0.714286
Person,ruYeareend,5,7,0.714286
Person,salign,5,1046,0.004780
Person,seal,5,7,0.714286
Person,sealCaption,5,6,0.833333
Person,season11GroundBalls,5,5,1.000000
Person,season11PlayoffGamesPlayed,5,39,0.128205
Person,season11PlayoffPenaltyMinutes,5,12,0.416667
Person,season12Wins,5,7,0.714286
Person,season13Loss,5,6,0.833333
Person,season13PlayoffGamesPlayed,5,27,0.185185
Person,season14Loss,5,6,0.833333
Person,season14PlayoffGoals,5,12,0.416667
Person,season14PlayoffMinutes,5,5,1.000000
Person,season14PlayoffSaves,5,5,1.000000
Person,season14Seconds,5,5,1.000000
Person,season15GoalsAgainst,5,5,1.000000
Person,season15Minutes,5,5,1.000000
Person,season15PlayoffGamesPlayed,5,19,0.263158
Person,season15Saves,5,5,1.000000
Person,season16PlayoffGamesPlayed,5,15,0.333333
Person,season17PlayoffLooseBalls,5,6,0.833333
Person,season18Goals,5,6,0.833333
Person,season18PlayoffLooseBalls,5,5,1.000000
Person,season19Assists,5,5,1.000000
Person,season19GamesPlayed,5,7,0.714286
Person,season19Goals,5,5,1.000000
Person,season19LooseBalls,5,5,1.000000
Person,season1Wins,5,7,0.714286
Person,season20Year,5,5,1.000000
Person,season2Penalties,5,21,0.238095
Person,season2PlayoffFaceoffsWon,5,6,0.833333
Person,season3Loss,5,9,0.555556
Person,season3Penalties,5,15,0.333333
Person,season3PlayoffFaceoffsAtt,5,5,1.000000
Person,season3PlayoffFaceoffsWon,5,5,1.000000
Person,season3PlayoffMinutes,5,5,1.000000
Person,season3PlayoffSaves,5,5,1.000000
Person,season4FaceoffsWon,5,5,1.000000
Person,season4PlayoffSeconds,5,6,0.833333
Person,season4Wins,5,10,0.500000
Person,season5PlayoffGroundBalls,5,7,0.714286
Person,season5PlayoffSeconds,5,6,0.833333
Person,season6Wins,5,10,0.500000
Person,season7PlayoffShots,5,5,1.000000
Person,season8Loss,5,9,0.555556
Person,season9Loss,5,8,0.625000
Person,season9PlayoffMinutes,5,6,0.833333
Person,seats2Title,5,6,0.833333
Person,selected,5,17,0.294118
Person,short,5,1026,0.004873
Person,silver,5,6,0.833333
Person,some,5,5,1.000000
Person,sopt,5,2519,0.001985
Person,soundtrack,5,19,0.263158
Person,sources,5,5,1.000000
Person,sportsEnd,5,5,1.000000
Person,sportsParty,5,6,0.833333
Person,ss300FastestLaps,5,7,0.714286
Person,ssChampionships,5,110,0.045455
Person,supp,5,46,0.108696
Person,suppressedBy,5,5,1.000000
Person,taxEnd,5,5,1.000000
Person,taxStart,5,5,1.000000
Person,term10b,5,5,1.000000
Person,term12b,5,5,1.000000
Person,term13b,5,5,1.000000
Person,term16a,5,6,0.833333
Person,term17b,5,5,1.000000
Person,term19a,5,5,1.000000
Person,term19b,5,5,1.000000
Person,term1c,5,5,1.000000
Person,term20a,5,5,1.000000
Person,term2c,5,5,1.000000
Person,termStar,5,5,1.000000
Person,thisTour,5,5,1.000000
Person,thLatn,5,5,1.000000
Person,topPick,5,5,1.000000
Person,totalLightsRaces,5,10,0.500000
Person,translation,5,5,1.000000
Person,transportation,5,5,1.000000
Person,transportationEnd,5,5,1.000000
Person,transportationStart,5,5,1.000000
Person,tribalAffiliation,5,6,0.833333
Person,uid,5,5,1.000000
Person,updates,5,6,0.833333
Person,usy,5,5,1.000000
Person,viceGovernor,5,5,1.000000
Person,voice,5,5,1.000000
Person,warDate,5,7,0.714286
Person,wctfinalsresult,5,62,0.080645
Person,weight(st)_,5,6,0.833333
Person,weights,5,5,1.000000
Person,wheelchairtennismastersresult,5,34,0.147059
Person,widthImperial,5,6,0.833333
Person,wikicommons,5,5,1.000000
Person,worldMissUniversity,5,25,0.200000
Person,yearsAsPlayer,5,5,1.000000
Species,championships,5,742,0.006739
Species,networth,5,5,1.000000
Species,throwingSide,5,613,0.008157
Species,winsAtChallenges,5,19,0.263158
Species,winsAtSenEuro,5,15,0.333333
Species,nowiki%3Eboxstyle,5,5,1.000000
Species,500Podiums,5,16,0.312500
Species,6namedata,5,5,1.000000
Species,affiliations,5,5,1.000000
Species,aflrookieyear,5,6,0.833333
Species,agandmarketsEnd,5,5,1.000000
Species,alanine,5,5,1.000000
Species,album1Label,5,5,1.000000
Species,album2Releasedate,5,5,1.000000
Species,albumCode,5,5,1.000000
Species,albumName,5,5,1.000000
Species,allstarsf,5,59,0.084746
Species,anchorYear,5,6,0.833333
Species,anno,5,6,0.833333
Species,apellido,5,5,1.000000
Species,appointedBy,5,5,1.000000
Species,approval,5,5,1.000000
Species,arginine,5,5,1.000000
Species,asparticAcid,5,5,1.000000
Species,asstCoach,5,6,0.833333
Species,auto,5,151,0.033113
Species,award10w,5,9,0.555556
Species,award7w,5,16,0.312500
Species,award8w,5,14,0.357143
Species,bankingEnd,5,5,1.000000
Species,bankingStart,5,5,1.000000
Species,baptismDate,5,5,1.000000
Species,bo,5,5,1.000000
Species,boLatn,5,5,1.000000
Species,bowls,5,5993,0.000834
Species,bsbChampionships,5,26,0.192308
Species,cadre,5,7,0.714286
Species,candidate5Party,5,6,0.833333
Species,candidate6Percent,5,5,1.000000
Species,candidate6Votes,5,5,1.000000
Species,chair,5,5,1.000000
Species,charts,5,23,0.217391
Species,childrens,5,5,1.000000
Species,choir,5,5,1.000000
Species,chuhan,5,5,1.000000
Species,churches,5,6,0.833333
Species,cl,5,9,0.555556
Species,clallirelandh,5,38,0.131579
Species,coachedby,5,5,1.000000
Species,coaches,5,5,1.000000
Species,coachlossesd,5,7,0.714286
Species,coachpremierships,5,6,0.833333
Species,coachyear9end,5,5,1.000000
Species,coachyear9start,5,5,1.000000
Species,colapps(points)_,5,5,1.000000
Species,communicationsDirectorEnd,5,6,0.833333
Species,communicationsDirectorStart,5,5,1.000000
Species,confRecord,5,5,1.000000
Species,cookbooks,5,5,1.000000
Species,currentStatus,5,8,0.625000
Species,cursign,5,21,0.238095
Species,cystine,5,5,1.000000
Species,dare,5,6,0.833333
Species,dateformat,5,971,0.005149
Species,dec,5,6,0.833333
Species,descendants,5,5,1.000000
Species,direction,5,1514,0.003303
Species,dissolution,5,5,1.000000
Species,dleague,5,5,1.000000
Species,dmvEnd,5,5,1.000000
Species,dmvStart,5,5,1.000000
Species,doctoralAdviser,5,5,1.000000
Species,dominiopu,5,5,1.000000
Species,domipubli,5,5,1.000000
Species,duration,5,5,1.000000
Species,eppoCodes,5,5,1.000000
Species,espnRank,5,5,1.000000
Species,ew,5,5,1.000000
Species,fhtitles,5,32,0.156250
Species,fidArchive,5,5,1.000000
Species,firstConvRace,5,27,0.185185
Species,firstGame,5,8,0.625000
Species,footnote,5,5,1.000000
Species,formerNllTeam,5,5,1.000000
Species,formerTeam,5,5,1.000000
Species,foundingYear,5,5,1.000000
Species,frameHeight,5,5,1.000000
Species,frameWidth,5,5,1.000000
Species,gap,5,15,0.333333
Species,generalCounsel,5,5,1.000000
Species,generalCounselEnd,5,5,1.000000
Species,generalCounselStart,5,5,1.000000
Species,generalSecretary,5,5,1.000000
Species,gk,5,5,1.000000
Species,glutamicAcid,5,5,1.000000
Species,glycine,5,5,1.000000
Species,grandslamcupresult,5,54,0.092593
Species,hangulph,5,5,1.000000
Species,hanjaph,5,5,1.000000
Species,headCoach,5,6,0.833333
Species,healthParty,5,10,0.500000
Species,heightImperial,5,6,0.833333
Species,heightweight,5,5,1.000000
Species,histidine,5,5,1.000000
Species,hn,5,5,1.000000
Species,htid,5,5,1.000000
Species,husband,5,5,1.000000
Species,icconnacht,5,7,0.714286
Species,image2Upright,5,5,1.000000
Species,inaugural,5,5,1.000000
Species,index,5,68,0.073529
Species,initiationRank,5,5,1.000000
Species,inspgen,5,5,1.000000
Species,inspgenEnd,5,5,1.000000
Species,inspgenStart,5,5,1.000000
Species,insurance,5,6,0.833333
Species,interchange,5,5,1.000000
Species,interiorDate,5,5,1.000000
Species,isoleucine,5,5,1.000000
Species,juniorworldchamp,5,5,1.000000
Species,justiceDate,5,7,0.714286
Species,labelColor,5,6,0.833333
Species,lang2Content,5,5,1.000000
Species,lastArcaWestWin,5,9,0.555556
Species,lastCoronaRace,5,9,0.555556
Species,lastTour,5,5,1.000000
Species,lat1Min,5,6,0.833333
Species,lat5Min,5,6,0.833333
Species,left,5,9,0.555556
Species,leucine,5,5,1.000000
Species,lightsPodiums,5,10,0.500000
Species,linktext,5,5,1.000000
Species,living,5,13,0.384615
Species,loc,5,5,1.000000
Species,lon1Min,5,6,0.833333
Species,lon5Min,5,6,0.833333
Species,lysine,5,5,1.000000
Species,manufacturer,5,5,1.000000
Species,maritalStatus,5,5,1.000000
Species,mark5size,5,6,0.833333
Species,masterscupdoublesresult,5,111,0.045045
Species,medalsExpand,5,122,0.040984
Species,medaltemplatesExpand,5,2580,0.001938
Species,methionine,5,5,1.000000
Species,minister3Termend,5,5,1.000000
Species,missAsiaPacificPanamá,5,5,1.000000
Species,missEarthChile,5,5,1.000000
Species,missHispanidadPanamá,5,5,1.000000
Species,mmaNc,5,420,0.011905
Species,mode,5,59,0.084746
Species,motoePoles,5,37,0.135135
Species,name10b,5,5,1.000000
Species,name12a,5,6,0.833333
Species,name12b,5,5,1.000000
Species,name13b,5,5,1.000000
Species,name17b,5,5,1.000000
Species,name19a,5,5,1.000000
Species,name19b,5,5,1.000000
Species,name1c,5,5,1.000000
Species,name20a,5,5,1.000000
Species,name2c,5,5,1.000000
Species,navyDate,5,7,0.714286
Species,nolink,5,13,0.384615
Species,nome,5,5,1.000000
Species,ns,5,5,1.000000
Species,officialUrl,5,5,1.000000
Species,offspring,5,5,1.000000
Species,onlysourced,5,562,0.008897
Species,origYear,5,5,1.000000
Species,otherfamilies,5,5,1.000000
Species,otherSource,5,6,0.833333
Species,othertournaments,5,829,0.006031
Species,overlay,5,5,1.000000
Species,parentHouse,5,5,1.000000
Species,part1Choice,5,5,1.000000
Species,part1Percentage,5,5,1.000000
Species,peak10b,5,5,1.000000
Species,peak6a,5,5,1.000000
Species,peak7a,5,6,0.833333
Species,peak8a,5,5,1.000000
Species,pencil,5,707,0.007072
Species,perrow,5,218,0.022936
Species,personalLife,5,5,1.000000
Species,phenylalanine,5,5,1.000000
Species,pinyinchinesename,5,5,1.000000
Species,positionHeld,5,5,1.000000
Species,post7followed,5,5,1.000000
Species,post7preceded,5,5,1.000000
Species,post7years,5,5,1.000000
Species,presentHolder,5,5,1.000000
Species,presidentParty,5,6,0.833333
Species,preText,5,6,0.833333
Species,priorActions,5,5,1.000000
Species,proline,5,5,1.000000
Species,publicServiceEnd,5,6,0.833333
Species,publicWorksParty,5,9,0.555556
Species,purpose,5,6,0.833333
Species,query,5,5,1.000000
Species,racingColours,5,5,1.000000
Species,rd3Seed,5,6,0.833333
Species,refereecomps,5,5,1.000000
Species,refereeyear5start,5,5,1.000000
Species,regnal,5,5,1.000000
Species,relief,5,285,0.017544
Species,repecPrefix,5,623,0.008026
Species,restaurant,5,5,1.000000
Species,rtgs,5,5,1.000000
Species,rubyYear,5,10,0.500000
Species,ruGoalsd,5,27,0.185185
Species,ruPointsf,5,9,0.555556
Species,ruTriesg,5,7,0.714286
Species,ruYeareend,5,7,0.714286
Species,salign,5,1061,0.004713
Species,seal,5,7,0.714286
Species,sealCaption,5,6,0.833333
Species,season11GroundBalls,5,5,1.000000
Species,season11PlayoffGamesPlayed,5,39,0.128205
Species,season11PlayoffPenaltyMinutes,5,12,0.416667
Species,season12Wins,5,7,0.714286
Species,season13Loss,5,6,0.833333
Species,season13PlayoffGamesPlayed,5,27,0.185185
Species,season14Loss,5,6,0.833333
Species,season14PlayoffGoals,5,12,0.416667
Species,season14PlayoffMinutes,5,5,1.000000
Species,season14PlayoffSaves,5,5,1.000000
Species,season14Seconds,5,5,1.000000
Species,season15GoalsAgainst,5,5,1.000000
Species,season15Minutes,5,5,1.000000
Species,season15PlayoffGamesPlayed,5,19,0.263158
Species,season15Saves,5,5,1.000000
Species,season16PlayoffGamesPlayed,5,15,0.333333
Species,season17PlayoffLooseBalls,5,6,0.833333
Species,season18Goals,5,6,0.833333
Species,season18PlayoffLooseBalls,5,5,1.000000
Species,season19Assists,5,5,1.000000
Species,season19GamesPlayed,5,7,0.714286
Species,season19Goals,5,5,1.000000
Species,season19LooseBalls,5,5,1.000000
Species,season1Wins,5,7,0.714286
Species,season20Year,5,5,1.000000
Species,season2Penalties,5,21,0.238095
Species,season2PlayoffFaceoffsWon,5,6,0.833333
Species,season3Loss,5,9,0.555556
Species,season3Penalties,5,15,0.333333
Species,season3PlayoffFaceoffsAtt,5,5,1.000000
Species,season3PlayoffFaceoffsWon,5,5,1.000000
Species,season3PlayoffMinutes,5,5,1.000000
Species,season3PlayoffSaves,5,5,1.000000
Species,season4FaceoffsWon,5,5,1.000000
Species,season4PlayoffSeconds,5,6,0.833333
Species,season4Wins,5,10,0.500000
Species,season5PlayoffGroundBalls,5,7,0.714286
Species,season5PlayoffSeconds,5,6,0.833333
Species,season6Wins,5,10,0.500000
Species,season7PlayoffShots,5,5,1.000000
Species,season8Loss,5,9,0.555556
Species,season9Loss,5,8,0.625000
Species,season9PlayoffMinutes,5,6,0.833333
Species,seats2Title,5,6,0.833333
Species,selected,5,17,0.294118
Species,serine,5,5,1.000000
Species,short,5,1026,0.004873
Species,silver,5,6,0.833333
Species,some,5,5,1.000000
Species,sopt,5,2519,0.001985
Species,soundtrack,5,19,0.263158
Species,sources,5,5,1.000000
Species,sportsEnd,5,5,1.000000
Species,sportsParty,5,6,0.833333
Species,ss300FastestLaps,5,7,0.714286
Species,ssChampionships,5,110,0.045455
Species,supp,5,46,0.108696
Species,suppressedBy,5,5,1.000000
Species,taxEnd,5,5,1.000000
Species,taxStart,5,5,1.000000
Species,term10b,5,5,1.000000
Species,term12b,5,5,1.000000
Species,term13b,5,5,1.000000
Species,term16a,5,6,0.833333
Species,term17b,5,5,1.000000
Species,term19a,5,5,1.000000
Species,term19b,5,5,1.000000
Species,term1c,5,5,1.000000
Species,term20a,5,5,1.000000
Species,term2c,5,5,1.000000
Species,termStar,5,5,1.000000
Species,thisTour,5,5,1.000000
Species,thLatn,5,5,1.000000
Species,threonine,5,5,1.000000
Species,topPick,5,5,1.000000
Species,totalLightsRaces,5,10,0.500000
Species,translation,5,5,1.000000
Species,transportation,5,5,1.000000
Species,transportationEnd,5,5,1.000000
Species,transportationStart,5,5,1.000000
Species,tribalAffiliation,5,6,0.833333
Species,tyrosine,5,5,1.000000
Species,uid,5,5,1.000000
Species,uniprot,5,5,1.000000
Species,unrankedSuperphylum,5,291,0.017182
Species,updates,5,6,0.833333
Species,usy,5,5,1.000000
Species,valine,5,5,1.000000
Species,viceGovernor,5,5,1.000000
Species,voice,5,5,1.000000
Species,warDate,5,7,0.714286
Species,wctfinalsresult,5,62,0.080645
Species,weight(st)_,5,6,0.833333
Species,weights,5,5,1.000000
Species,wheelchairtennismastersresult,5,34,0.147059
Species,widthImperial,5,6,0.833333
Species,wikicommons,5,5,1.000000
Species,worldMissUniversity,5,25,0.200000
Species,yearsAsPlayer,5,5,1.000000
Star,angdistmas,5,5,1.000000
Star,habitableInner,5,5,1.000000
Star,habitableOuter,5,5,1.000000
Star,header,5,13,0.384615
Star,id,5,12,0.416667
Star,pronounce,5,15,0.333333
Star,refs,5,5,1.000000
Star,x,5,5,1.000000
Star,y,5,5,1.000000
Star,years,5,6,0.833333
Galaxy,halfLightRadiusArcminsec,5,5,1.000000
Galaxy,label,5,5,1.000000
Galaxy,yearOfDiscovery,5,7,0.714286
ChemicalCompound,chemspiderid,5,5,1.000000
ChemicalCompound,d,5,5,1.000000
ChemicalCompound,density,5,5,1.000000
ChemicalCompound,forProd,5,5,1.000000
ChemicalCompound,hex,5,5,1.000000
ChemicalCompound,iupacName,5,5,1.000000
ChemicalCompound,medlineplus,5,5,1.000000
ChemicalCompound,n,5,17,0.294118
ChemicalCompound,pubchem,5,5,1.000000
ChemicalCompound,reverseEnzyme,5,5,1.000000
ChemicalCompound,unii,5,5,1.000000
ChemicalCompound,type,5,63835,0.000078
AdministrativeRegion,soundRecording,5,5,1.000000
AdministrativeRegion,2p,5,5,1.000000
AdministrativeRegion,2pp,5,5,1.000000
AdministrativeRegion,2y,5,5,1.000000
AdministrativeRegion,abolishedDate,5,6,0.833333
AdministrativeRegion,accessDate,5,5,1.000000
AdministrativeRegion,added,5,5,1.000000
AdministrativeRegion,adopted,5,5,1.000000
AdministrativeRegion,augUv,5,8,0.625000
AdministrativeRegion,b,5,65,0.076923
AdministrativeRegion,bgcolor,5,7,0.714286
AdministrativeRegion,blank5Info,5,7,0.714286
AdministrativeRegion,blank5Name,5,7,0.714286
AdministrativeRegion,blankEmblemAlt,5,5,1.000000
AdministrativeRegion,casualties,5,5,1.000000
AdministrativeRegion,civicCaption,5,5,1.000000
AdministrativeRegion,coaRes,5,7,0.714286
AdministrativeRegion,code2Info,5,5,1.000000
AdministrativeRegion,codename,5,54,0.092593
AdministrativeRegion,commonsSearch,5,5,1.000000
AdministrativeRegion,conflict,5,5,1.000000
AdministrativeRegion,countryLargestCity,5,5,1.000000
AdministrativeRegion,criteria,5,6,0.833333
AdministrativeRegion,decPrecipitationCm,5,5,1.000000
AdministrativeRegion,densitythirdyear,5,6,0.833333
AdministrativeRegion,designation2Date,5,5,1.000000
AdministrativeRegion,designation2Number,5,5,1.000000
AdministrativeRegion,districtsMap,5,43,0.116279
AdministrativeRegion,division,5,33,0.151515
AdministrativeRegion,divisionsMapCaption,5,5,1.000000
AdministrativeRegion,v,5,40,0.125000
AdministrativeRegion,ef,5,5,1.000000
AdministrativeRegion,elevationMinFootnotes,5,6,0.833333
AdministrativeRegion,establishedC,5,5,1.000000
AdministrativeRegion,fedStatus,5,826,0.006053
AdministrativeRegion,filename,5,5,1.000000
AdministrativeRegion,formed,5,5,1.000000
AdministrativeRegion,governmentFootnotes,5,9,0.555556
AdministrativeRegion,ground,5,5,1.000000
AdministrativeRegion,v,5,8,0.625000
AdministrativeRegion,image2Upright,5,85,0.058824
AdministrativeRegion,imageLeft,5,8,0.625000
AdministrativeRegion,imageName,5,5,1.000000
AdministrativeRegion,imageTop,5,8,0.625000
AdministrativeRegion,judges,5,5,1.000000
AdministrativeRegion,junction,5,5,1.000000
AdministrativeRegion,kind,5,21,0.238095
AdministrativeRegion,lockups,5,12,0.416667
AdministrativeRegion,locmapin,5,6,0.833333
AdministrativeRegion,logoAlt,5,5,1.000000
AdministrativeRegion,longd,5,5,1.000000
AdministrativeRegion,mapCounty,5,5,1.000000
AdministrativeRegion,mayPrecipitationCm,5,5,1.000000
AdministrativeRegion,mayUv,5,8,0.625000
AdministrativeRegion,minipogY,5,6,0.833333
AdministrativeRegion,mottoenglish,5,5,1.000000
AdministrativeRegion,noOfCitiesTowns,5,419,0.011933
AdministrativeRegion,noOfTownsOfDistrictSignificance,5,285,0.017544
AdministrativeRegion,novPrecipitationCm,5,5,1.000000
AdministrativeRegion,particularChurch,5,84,0.059524
AdministrativeRegion,perrow,5,35,0.142857
AdministrativeRegion,photo1b,5,5,1.000000
AdministrativeRegion,photo2a,5,5,1.000000
AdministrativeRegion,picupright,5,23,0.217391
AdministrativeRegion,refnum,5,5,1.000000
AdministrativeRegion,result,5,5,1.000000
AdministrativeRegion,rødValgallianse,5,81,0.061728
AdministrativeRegion,sv,5,5,1.000000
AdministrativeRegion,seats%25_,5,6,0.833333
AdministrativeRegion,section,5,7,0.714286
AdministrativeRegion,sepSnowDays,5,71,0.070423
AdministrativeRegion,sepSnowInch,5,39,0.128205
AdministrativeRegion,shape,5,11,0.454545
AdministrativeRegion,smallpartyColor,5,61,0.081967
AdministrativeRegion,sport,5,5,1.000000
AdministrativeRegion,st,5,5,1.000000
AdministrativeRegion,structure1Alt,5,5,1.000000
AdministrativeRegion,suz,5,5,1.000000
AdministrativeRegion,timezone3Location,5,5,1.000000
AdministrativeRegion,utcDst,5,393,0.012723
AdministrativeRegion,utmZone,5,417,0.011990
AdministrativeRegion,yahoo,5,5,1.000000
AdministrativeRegion,ytparty,5,38,0.131579
AdministrativeRegion,zha,5,5,1.000000
Person,firstAppearance,4,4,1.000000
Person,lccnId,4,4,1.000000
Person,seniority,4,16,0.250000
Person,statisticYear,4,4,1.000000
Person,250Championships,4,67,0.059701
Person,4name,4,4,1.000000
Person,500FastestLaps,4,16,0.250000
Person,500Poles,4,16,0.250000
Person,500RaceWins,4,16,0.250000
Person,7blankname,4,4,1.000000
Person,80Manufacturers,4,4,1.000000
Person,8pp,4,4,1.000000
Person,accusation,4,4,1.000000
Person,agandmarkets,4,5,0.800000
Person,agandmarketsStart,4,4,1.000000
Person,airdate,4,4,1.000000
Person,album2Label,4,4,1.000000
Person,allies,4,4,1.000000
Person,amt,4,4,1.000000
Person,appealedFrom,4,4,1.000000
Person,arrests,4,4,1.000000
Person,assailant,4,4,1.000000
Person,association,4,4,1.000000
Person,attygenEnd,4,4,1.000000
Person,attygenStart,4,4,1.000000
Person,audioFormat,4,9,0.444444
Person,autore,4,4,1.000000
Person,aux1t,4,4,1.000000
Person,award10n,4,9,0.444444
Person,award6w,4,17,0.235294
Person,award9n,4,10,0.400000
Person,award9w,4,10,0.400000
Person,awardedFor,4,4,1.000000
Person,banking,4,5,0.800000
Person,bestLightsPos,4,4,1.000000
Person,bf1FastestLaps,4,8,0.500000
Person,bf1Podiums,4,8,0.500000
Person,bf1Wins,4,8,0.500000
Person,bf1Years,4,8,0.500000
Person,blp,4,687,0.005822
Person,bowl,4,120,0.033333
Person,bowlGames,4,24,0.166667
Person,boxDecwin,4,4,1.000000
Person,bpg,4,5,0.800000
Person,breed,4,4,1.000000
Person,bronze,4,6,0.666667
Person,bssManufacturers,4,4,1.000000
Person,bssPodiums,4,4,1.000000
Person,bssRaceStarts,4,4,1.000000
Person,bssRaceWins,4,5,0.800000
Person,bssTotalPoints,4,4,1.000000
Person,candidate2PartyUnlinked,4,5,0.800000
Person,candidate3PartyUnlinked,4,7,0.571429
Person,candidate6Party,4,5,0.800000
Person,captionAlign,4,327,0.012232
Person,centre,4,4,1.000000
Person,centrehalfback,4,4,1.000000
Person,centrehalfforward,4,4,1.000000
Person,certain,4,411,0.009732
Person,certmonth,4,6,0.666667
Person,change(16)_,4,4,1.000000
Person,chartc,4,4,1.000000
Person,chineseHeader,4,4,1.000000
Person,civilserviceEnd,4,4,1.000000
Person,civilserviceStart,4,4,1.000000
Person,clear,4,57,0.070175
Person,coachteame,4,4,1.000000
Person,coachwinsd,4,7,0.571429
Person,coachyear10start,4,4,1.000000
Person,collapse,4,84,0.047619
Person,collapsible,4,82,0.048780
Person,collections,4,4,1.000000
Person,combatant2a,4,4,1.000000
Person,commonLanguages,4,5,0.800000
Person,compEnd,4,5,0.800000
Person,completionDate,4,4,1.000000
Person,compLink,4,12,0.333333
Person,compStart,4,4,1.000000
Person,currentClub,4,4,1.000000
Person,currentDrivers,4,4,1.000000
Person,dare,4,5,0.800000
Person,dateCreated,4,6,0.666667
Person,dateofbirth,4,4,1.000000
Person,datum,4,4,1.000000
Person,debut4league,4,16,0.250000
Person,decorations,4,4,1.000000
Person,design,4,4,1.000000
Person,df,4,9,0.444444
Person,divisions,4,4,1.000000
Person,dmv,4,5,0.800000
Person,documentName,4,8,0.500000
Person,dtitle,4,4,1.000000
Person,educationalQualifications,4,5,0.800000
Person,encyclopedia,4,6,0.666667
Person,englishName,4,4,1.000000
Person,englishPubDate,4,7,0.571429
Person,episodes,4,4,1.000000
Person,ex,4,4,1.000000
Person,expand,4,6,0.666667
Person,experience,4,4,1.000000
Person,fieldgoalsc,4,1186,0.003373
Person,film,4,4,1.000000
Person,filmedBy,4,4,1.000000
Person,finalsMvp,4,4,1.000000
Person,firstConvWin,4,11,0.363636
Person,firstCoronaWin,4,6,0.666667
Person,fix,4,13,0.307692
Person,formerMllTeam,4,4,1.000000
Person,formerParty,4,4,1.000000
Person,formerskatingclubs,4,4,1.000000
Person,foughtoutof,4,4,1.000000
Person,frac,4,8,0.500000
Person,frameLat,4,4,1.000000
Person,frameLong,4,4,1.000000
Person,fullback,4,4,1.000000
Person,fullforward,4,4,1.000000
Person,generalSecretaries,4,4,1.000000
Person,gold,4,5,0.800000
Person,govsec,4,4,1.000000
Person,govsecEnd,4,4,1.000000
Person,govsecStart,4,4,1.000000
Person,greatGrandchildren,4,4,1.000000
Person,hand,4,35,0.114286
Person,hcYear,4,4,1.000000
Person,height(ft)_,4,45,0.088889
Person,hopmancupresult,4,117,0.034188
Person,howmany,4,4,1.000000
Person,htmlno,4,4,1.000000
Person,imageMap,4,4,1.000000
Person,imageStyle,4,39,0.102564
Person,imdb,4,9,0.444444
Person,incumbentsince,4,4,1.000000
Person,indic,4,4,1.000000
Person,ink,4,564,0.007092
Person,inOffice,4,4,1.000000
Person,judge,4,4,1.000000
Person,junon,4,4,1.000000
Person,junow,4,4,1.000000
Person,justia,4,4,1.000000
Person,jyutpingchinesename,4,4,1.000000
Person,kickboxNc,4,107,0.037383
Person,label1Size,4,4,1.000000
Person,label5Size,4,5,0.800000
Person,labelPos,4,37,0.108108
Person,lagtwins,4,30,0.133333
Person,languagesSpoken,4,4,1.000000
Person,laqab,4,4,1.000000
Person,lastConvRace,4,22,0.181818
Person,lastName,4,4,1.000000
Person,lastStopover,4,4,1.000000
Person,lastupdate,4,5,0.800000
Person,lat1Min,4,5,0.800000
Person,laterWork,4,4,1.000000
Person,launched,4,4,1.000000
Person,lb,4,5,0.800000
Person,lcf,4,4,1.000000
Person,licensedreldate,4,4,1.000000
Person,lightsPoles,4,10,0.400000
Person,lightsWins,4,10,0.400000
Person,litigation,4,4,1.000000
Person,locationOfDocument,4,5,0.800000
Person,lon1Min,4,5,0.800000
Person,lw,4,4,1.000000
Person,magazine,4,4,1.000000
Person,manga,4,128,0.031250
Person,mapSize,4,6,0.666667
Person,marathon,4,4,1.000000
Person,mark4size,4,8,0.500000
Person,mark6size,4,5,0.800000
Person,markLat,4,4,1.000000
Person,markLon,4,4,1.000000
Person,medalSize,4,5,0.800000
Person,media,4,7,0.571429
Person,merged,4,4,1.000000
Person,mfiWorldMatchplay,4,4,1.000000
Person,militaryService,4,4,1.000000
Person,mmadeclosses,4,6,0.666667
Person,mmaDqloss,4,94,0.042553
Person,mmaDqwin,4,94,0.042553
Person,motoeLastSeason,4,37,0.108108
Person,multiline,4,81,0.049383
Person,nachfolger,4,4,1.000000
Person,name15b,4,4,1.000000
Person,name17c,4,4,1.000000
Person,name18b,4,4,1.000000
Person,name19c,4,4,1.000000
Person,name3e,4,4,1.000000
Person,name5b,4,4,1.000000
Person,name6b,4,4,1.000000
Person,name8b,4,4,1.000000
Person,nameJp,4,4,1.000000
Person,national,4,4,1.000000
Person,nativeLang3Name,4,4,1.000000
Person,nativeLang5Name,4,4,1.000000
Person,ncaafinalfour,4,6,0.666667
Person,nearestCity,4,4,1.000000
Person,nextTour,4,4,1.000000
Person,nisba,4,4,1.000000
Person,notableAwards,4,5,0.800000
Person,nrhpType,4,7,0.571429
Person,numberOfJudges,4,6,0.666667
Person,numberOfShows,4,4,1.000000
Person,officePresident,4,4,1.000000
Person,olympicsRank,4,19,0.210526
Person,oneodi,4,282,0.014184
Person,onetest,4,592,0.006757
Person,opentheme,4,4,1.000000
Person,originalName,4,4,1.000000
Person,otherLosses,4,56,0.071429
Person,others,4,115,0.034783
Person,ou,4,5,0.800000
Person,overlayImage,4,4,1.000000
Person,party4name,4,4,1.000000
Person,partyPosition,4,5,0.800000
Person,patron,4,4,1.000000
Person,peak11b,4,4,1.000000
Person,peak13b,4,4,1.000000
Person,peak8b,4,4,1.000000
Person,peak9a,4,4,1.000000
Person,penaltyscore,4,7,0.571429
Person,pickedBy,4,4,1.000000
Person,pidArchive,4,4,1.000000
Person,placeOfBirth,4,4,1.000000
Person,pmc,4,4,1.000000
Person,pmid,4,4,1.000000
Person,pname,4,4,1.000000
Person,podcast,4,4,1.000000
Person,politicalPositions,4,4,1.000000
Person,popularVote,4,6,0.666667
Person,prevCoronaYear,4,9,0.444444
Person,qalign,4,192,0.020833
Person,qstyle,4,4,1.000000
Person,quotetext,4,4,1.000000
Person,rb,4,5,0.800000
Person,rcb,4,5,0.800000
Person,refereeyears,4,4,1.000000
Person,regionalsRank,4,18,0.222222
Person,regionalsWeight,4,5,0.800000
Person,replyto,4,4,1.000000
Person,reserve,4,4,1.000000
Person,rlAmateurapps,4,5,0.800000
Person,rover,4,4,1.000000
Person,rtgs,4,4,1.000000
Person,ruAppearancesf,4,9,0.444444
Person,ruAppearancesg,4,7,0.571429
Person,ruck,4,4,1.000000
Person,ruckrover,4,4,1.000000
Person,ruCoachyear3end,4,6,0.666667
Person,ruCoachyearaend,4,5,0.800000
Person,ruFieldgoalsb,4,117,0.034188
Person,ruTriese,4,15,0.266667
Person,ruYear9end,4,4,1.000000
Person,ruYear9start,4,4,1.000000
Person,rw,4,4,1.000000
Person,sales,4,4,1.000000
Person,season10PlayoffGoalsAgainst,4,4,1.000000
Person,season10PlayoffPenaltyMinutes,4,16,0.250000
Person,season11PlayoffGoalsAgainst,4,4,1.000000
Person,season11PlayoffMinutes,4,4,1.000000
Person,season11PlayoffSaves,4,4,1.000000
Person,season11Shots,4,4,1.000000
Person,season11Team,4,11,0.363636
Person,season12PlayoffGamesPlayed,4,32,0.125000
Person,season12ptGoals,4,19,0.210526
Person,season13PlayoffMinutes,4,4,1.000000
Person,season13PlayoffPenaltyMinutes,4,9,0.444444
Person,season13PlayoffSaves,4,4,1.000000
Person,season13Wins,4,5,0.800000
Person,season14PlayoffGamesPlayed,4,23,0.173913
Person,season14PlayoffGoalsAgainst,4,5,0.800000
Person,season14Wins,4,5,0.800000
Person,season15Loss,4,5,0.800000
Person,season15PlayoffPenaltyMinutes,4,6,0.666667
Person,season15Seconds,4,5,0.800000
Person,season16GoalsAgainst,4,4,1.000000
Person,season16Minutes,4,4,1.000000
Person,season16PlayoffAssists,4,10,0.400000
Person,season16PlayoffGoalsAgainst,4,4,1.000000
Person,season16PlayoffMinutes,4,4,1.000000
Person,season16PlayoffSaves,4,4,1.000000
Person,season16Saves,4,4,1.000000
Person,season17PlayoffAssists,4,5,0.800000
Person,season18TeamLink,4,8,0.500000
Person,season19PenaltyMinutes,4,5,0.800000
Person,season1League,4,13,0.307692
Person,season1Loss,4,7,0.571429
Person,season20Assists,4,4,1.000000
Person,season20GamesPlayed,4,5,0.800000
Person,season20Goals,4,4,1.000000
Person,season20LooseBalls,4,4,1.000000
Person,season20PenaltyMinutes,4,4,1.000000
Person,season22ptGoals,4,14,0.285714
Person,season2League,4,11,0.363636
Person,season32ptGoals,4,14,0.285714
Person,season3PlayoffGoalsAgainst,4,5,0.800000
Person,season3Wins,4,7,0.571429
Person,season4Penalties,4,8,0.500000
Person,season6FaceoffsAtt,4,4,1.000000
Person,season6PlayoffSeconds,4,4,1.000000
Person,season7PlayoffSeconds,4,4,1.000000
Person,season8PlayoffPenaltyMinutes,4,18,0.222222
Person,season8PlayoffSeconds,4,4,1.000000
Person,seasonChamps,4,5,0.800000
Person,secretaryGeneral,4,4,1.000000
Person,setIn,4,4,1.000000
Person,shape,4,11,0.363636
Person,shapeOutline,4,9,0.444444
Person,shortDescription,4,4,1.000000
Person,simpchinesename,4,4,1.000000
Person,single1date,4,4,1.000000
Person,single2date,4,4,1.000000
Person,single3date,4,4,1.000000
Person,speciesAuthor,4,44,0.090909
Person,sponsor,4,5,0.800000
Person,ss300Manufacturers,4,9,0.444444
Person,stat41label,4,16,0.250000
Person,stat42label,4,16,0.250000
Person,stat43label,4,16,0.250000
Person,stat4year,4,5,0.800000
Person,stip,4,4,1.000000
Person,stopover,4,4,1.000000
Person,streetAddress,4,4,1.000000
Person,stylisticOrigins,4,4,1.000000
Person,subsid,4,4,1.000000
Person,successors,4,4,1.000000
Person,superintendentOfPublicInstruction,4,4,1.000000
Person,superintendentOfPublicInstructionDate,4,4,1.000000
Person,tax,4,5,0.800000
Person,teamLink,4,7,0.571429
Person,template,4,6,0.666667
Person,term15b,4,4,1.000000
Person,term17c,4,4,1.000000
Person,term18b,4,4,1.000000
Person,term19c,4,4,1.000000
Person,term3e,4,4,1.000000
Person,term5b,4,4,1.000000
Person,term6b,4,4,1.000000
Person,term8b,4,4,1.000000
Person,tha,4,4,1.000000
Person,titleWidth,4,5,0.800000
Person,topScorer,4,4,1.000000
Person,tourism,4,6,0.666667
Person,tozai,4,558,0.007168
Person,tradchinesename,4,4,1.000000
Person,transChapter,4,4,1.000000
Person,umpire,4,675,0.005926
Person,unitName,4,4,1.000000
Person,upc,4,4,1.000000
Person,uyy,4,4,1.000000
Person,videoFormat,4,10,0.400000
Person,vorgänger,4,4,1.000000
Person,votesFavor,4,4,1.000000
Person,whccdoublesresult,4,24,0.166667
Person,whccmixeddoublesresult,4,13,0.307692
Person,wheelchairtennismastersdoublesresult,4,40,0.100000
Person,wightmancupresult,4,36,0.111111
Person,workplace,4,4,1.000000
Person,xgames,4,4,1.000000
Person,year14end,4,5,0.800000
Person,yeargend,4,8,0.500000
Person,yearsInConv,4,27,0.148148
Person,zeit,4,4,1.000000
Species,firstAppearance,4,4,1.000000
Species,lccnId,4,4,1.000000
Species,seniority,4,16,0.250000
Species,statisticYear,4,4,1.000000
Species,250Championships,4,67,0.059701
Species,4name,4,4,1.000000
Species,500FastestLaps,4,16,0.250000
Species,500Poles,4,16,0.250000
Species,500RaceWins,4,16,0.250000
Species,7blankname,4,4,1.000000
Species,80Manufacturers,4,4,1.000000
Species,8pp,4,4,1.000000
Species,accusation,4,4,1.000000
Species,agandmarkets,4,5,0.800000
Species,agandmarketsStart,4,4,1.000000
Species,airdate,4,4,1.000000
Species,album2Label,4,4,1.000000
Species,allies,4,4,1.000000
Species,amt,4,4,1.000000
Species,appealedFrom,4,4,1.000000
Species,arrests,4,4,1.000000
Species,assailant,4,4,1.000000
Species,association,4,4,1.000000
Species,attygenEnd,4,4,1.000000
Species,attygenStart,4,4,1.000000
Species,audioFormat,4,9,0.444444
Species,autore,4,4,1.000000
Species,aux1t,4,4,1.000000
Species,award10n,4,9,0.444444
Species,award6w,4,17,0.235294
Species,award9n,4,10,0.400000
Species,award9w,4,10,0.400000
Species,awardedFor,4,4,1.000000
Species,banking,4,5,0.800000
Species,bestLightsPos,4,4,1.000000
Species,bf1FastestLaps,4,8,0.500000
Species,bf1Podiums,4,8,0.500000
Species,bf1Wins,4,8,0.500000
Species,bf1Years,4,8,0.500000
Species,blp,4,687,0.005822
Species,bowl,4,120,0.033333
Species,bowlGames,4,24,0.166667
Species,boxDecwin,4,4,1.000000
Species,bpg,4,5,0.800000
Species,bronze,4,6,0.666667
Species,bssManufacturers,4,4,1.000000
Species,bssPodiums,4,4,1.000000
Species,bssRaceStarts,4,4,1.000000
Species,bssRaceWins,4,5,0.800000
Species,bssTotalPoints,4,4,1.000000
Species,candidate2PartyUnlinked,4,5,0.800000
Species,candidate3PartyUnlinked,4,7,0.571429
Species,candidate6Party,4,5,0.800000
Species,captionAlign,4,334,0.011976
Species,centre,4,4,1.000000
Species,centrehalfback,4,4,1.000000
Species,centrehalfforward,4,4,1.000000
Species,certain,4,412,0.009709
Species,certmonth,4,6,0.666667
Species,change(16)_,4,4,1.000000
Species,chartc,4,4,1.000000
Species,chineseHeader,4,4,1.000000
Species,civilserviceEnd,4,4,1.000000
Species,civilserviceStart,4,4,1.000000
Species,classificationStatus,4,11,0.363636
Species,clear,4,57,0.070175
Species,coachteame,4,4,1.000000
Species,coachwinsd,4,7,0.571429
Species,coachyear10start,4,4,1.000000
Species,collapse,4,84,0.047619
Species,collapsible,4,82,0.048780
Species,collections,4,4,1.000000
Species,combatant2a,4,4,1.000000
Species,commonLanguages,4,5,0.800000
Species,compEnd,4,5,0.800000
Species,completionDate,4,4,1.000000
Species,compLink,4,12,0.333333
Species,compStart,4,4,1.000000
Species,copperMg,4,4,1.000000
Species,currentClub,4,4,1.000000
Species,currentDrivers,4,4,1.000000
Species,dateCreated,4,6,0.666667
Species,dateofbirth,4,4,1.000000
Species,datum,4,4,1.000000
Species,debut4league,4,16,0.250000
Species,decorations,4,4,1.000000
Species,design,4,4,1.000000
Species,df,4,9,0.444444
Species,divisions,4,4,1.000000
Species,dmv,4,5,0.800000
Species,documentName,4,8,0.500000
Species,dtitle,4,4,1.000000
Species,educationalQualifications,4,5,0.800000
Species,encyclopedia,4,6,0.666667
Species,englishName,4,4,1.000000
Species,englishPubDate,4,7,0.571429
Species,episodes,4,4,1.000000
Species,expand,4,6,0.666667
Species,experience,4,4,1.000000
Species,fieldgoalsc,4,1186,0.003373
Species,film,4,4,1.000000
Species,filmedBy,4,4,1.000000
Species,finalsMvp,4,4,1.000000
Species,firstConvWin,4,11,0.363636
Species,firstCoronaWin,4,6,0.666667
Species,fix,4,13,0.307692
Species,formerMllTeam,4,4,1.000000
Species,formerParty,4,4,1.000000
Species,formerskatingclubs,4,4,1.000000
Species,foughtoutof,4,4,1.000000
Species,frac,4,8,0.500000
Species,frameLat,4,4,1.000000
Species,frameLong,4,4,1.000000
Species,fullback,4,4,1.000000
Species,fullforward,4,4,1.000000
Species,generalSecretaries,4,4,1.000000
Species,gold,4,5,0.800000
Species,govsec,4,4,1.000000
Species,govsecEnd,4,4,1.000000
Species,govsecStart,4,4,1.000000
Species,greatGrandchildren,4,4,1.000000
Species,hand,4,35,0.114286
Species,hcYear,4,4,1.000000
Species,height(ft)_,4,45,0.088889
Species,hopmancupresult,4,117,0.034188
Species,howmany,4,4,1.000000
Species,htmlno,4,4,1.000000
Species,icd,4,5,0.800000
Species,imageMap,4,4,1.000000
Species,imageStyle,4,40,0.100000
Species,imdb,4,9,0.444444
Species,incumbentsince,4,4,1.000000
Species,indic,4,4,1.000000
Species,ink,4,564,0.007092
Species,inOffice,4,4,1.000000
Species,judge,4,4,1.000000
Species,junon,4,4,1.000000
Species,junow,4,4,1.000000
Species,justia,4,4,1.000000
Species,jyutpingchinesename,4,4,1.000000
Species,kickboxNc,4,107,0.037383
Species,label1Size,4,4,1.000000
Species,label5Size,4,5,0.800000
Species,labelPos,4,37,0.108108
Species,lagtwins,4,30,0.133333
Species,languagesSpoken,4,4,1.000000
Species,laqab,4,4,1.000000
Species,lastConvRace,4,22,0.181818
Species,lastName,4,4,1.000000
Species,lastStopover,4,4,1.000000
Species,lastupdate,4,5,0.800000
Species,lat10Deg,4,4,1.000000
Species,lat1Sec,4,6,0.666667
Species,laterWork,4,4,1.000000
Species,launched,4,4,1.000000
Species,lb,4,5,0.800000
Species,lcf,4,4,1.000000
Species,licensedreldate,4,4,1.000000
Species,lightsPoles,4,10,0.400000
Species,lightsWins,4,10,0.400000
Species,litigation,4,4,1.000000
Species,locationOfDocument,4,5,0.800000
Species,lon10Deg,4,4,1.000000
Species,lon1Sec,4,6,0.666667
Species,lw,4,4,1.000000
Species,magazine,4,4,1.000000
Species,manga,4,128,0.031250
Species,mapSize,4,6,0.666667
Species,marathon,4,4,1.000000
Species,mark4size,4,8,0.500000
Species,mark6size,4,5,0.800000
Species,markLat,4,4,1.000000
Species,markLon,4,4,1.000000
Species,medalSize,4,5,0.800000
Species,media,4,7,0.571429
Species,merged,4,4,1.000000
Species,mfiWorldMatchplay,4,4,1.000000
Species,militaryService,4,4,1.000000
Species,mmadeclosses,4,6,0.666667
Species,mmaDqloss,4,94,0.042553
Species,mmaDqwin,4,94,0.042553
Species,motoeLastSeason,4,37,0.108108
Species,multiline,4,81,0.049383
Species,nachfolger,4,4,1.000000
Species,name15b,4,4,1.000000
Species,name17c,4,4,1.000000
Species,name18b,4,4,1.000000
Species,name19c,4,4,1.000000
Species,name3e,4,4,1.000000
Species,name5b,4,4,1.000000
Species,name6b,4,4,1.000000
Species,name8b,4,4,1.000000
Species,nameJp,4,4,1.000000
Species,national,4,4,1.000000
Species,nativeLang3Name,4,4,1.000000
Species,nativeLang5Name,4,4,1.000000
Species,ncaafinalfour,4,6,0.666667
Species,nearestCity,4,4,1.000000
Species,nextTour,4,4,1.000000
Species,nisba,4,4,1.000000
Species,notableAwards,4,5,0.800000
Species,nrhpType,4,7,0.571429
Species,numberOfJudges,4,6,0.666667
Species,numberOfShows,4,4,1.000000
Species,officePresident,4,4,1.000000
Species,olympicsRank,4,19,0.210526
Species,oneodi,4,282,0.014184
Species,onetest,4,592,0.006757
Species,opentheme,4,4,1.000000
Species,originalName,4,4,1.000000
Species,otherLosses,4,56,0.071429
Species,others,4,115,0.034783
Species,ou,4,5,0.800000
Species,overlay1left,4,4,1.000000
Species,overlay1top,4,4,1.000000
Species,overlayImage,4,4,1.000000
Species,party4name,4,4,1.000000
Species,partyPosition,4,5,0.800000
Species,patron,4,4,1.000000
Species,peak11b,4,4,1.000000
Species,peak13b,4,4,1.000000
Species,peak8b,4,4,1.000000
Species,peak9a,4,4,1.000000
Species,penaltyscore,4,7,0.571429
Species,pickedBy,4,4,1.000000
Species,pidArchive,4,4,1.000000
Species,placeOfBirth,4,4,1.000000
Species,pmc,4,4,1.000000
Species,pmid,4,4,1.000000
Species,pname,4,4,1.000000
Species,podcast,4,4,1.000000
Species,politicalPositions,4,4,1.000000
Species,popularVote,4,6,0.666667
Species,prevCoronaYear,4,9,0.444444
Species,qalign,4,193,0.020725
Species,qstyle,4,4,1.000000
Species,quotetext,4,4,1.000000
Species,rb,4,5,0.800000
Species,rcb,4,5,0.800000
Species,realm,4,5,0.800000
Species,refereeyears,4,4,1.000000
Species,regionalsRank,4,18,0.222222
Species,regionalsWeight,4,5,0.800000
Species,replyto,4,4,1.000000
Species,reserve,4,4,1.000000
Species,right,4,15,0.266667
Species,rlAmateurapps,4,5,0.800000
Species,rover,4,4,1.000000
Species,ruAppearancesf,4,9,0.444444
Species,ruAppearancesg,4,7,0.571429
Species,ruck,4,4,1.000000
Species,ruckrover,4,4,1.000000
Species,ruCoachyear3end,4,6,0.666667
Species,ruCoachyearaend,4,5,0.800000
Species,ruFieldgoalsb,4,117,0.034188
Species,ruTriese,4,15,0.266667
Species,ruYear9end,4,4,1.000000
Species,ruYear9start,4,4,1.000000
Species,rw,4,4,1.000000
Species,sales,4,4,1.000000
Species,season10PlayoffGoalsAgainst,4,4,1.000000
Species,season10PlayoffPenaltyMinutes,4,16,0.250000
Species,season11PlayoffGoalsAgainst,4,4,1.000000
Species,season11PlayoffMinutes,4,4,1.000000
Species,season11PlayoffSaves,4,4,1.000000
Species,season11Shots,4,4,1.000000
Species,season11Team,4,11,0.363636
Species,season12PlayoffGamesPlayed,4,32,0.125000
Species,season12ptGoals,4,19,0.210526
Species,season13PlayoffMinutes,4,4,1.000000
Species,season13PlayoffPenaltyMinutes,4,9,0.444444
Species,season13PlayoffSaves,4,4,1.000000
Species,season13Wins,4,5,0.800000
Species,season14PlayoffGamesPlayed,4,23,0.173913
Species,season14PlayoffGoalsAgainst,4,5,0.800000
Species,season14Wins,4,5,0.800000
Species,season15Loss,4,5,0.800000
Species,season15PlayoffPenaltyMinutes,4,6,0.666667
Species,season15Seconds,4,5,0.800000
Species,season16GoalsAgainst,4,4,1.000000
Species,season16Minutes,4,4,1.000000
Species,season16PlayoffAssists,4,10,0.400000
Species,season16PlayoffGoalsAgainst,4,4,1.000000
Species,season16PlayoffMinutes,4,4,1.000000
Species,season16PlayoffSaves,4,4,1.000000
Species,season16Saves,4,4,1.000000
Species,season17PlayoffAssists,4,5,0.800000
Species,season18TeamLink,4,8,0.500000
Species,season19PenaltyMinutes,4,5,0.800000
Species,season1League,4,13,0.307692
Species,season1Loss,4,7,0.571429
Species,season20Assists,4,4,1.000000
Species,season20GamesPlayed,4,5,0.800000
Species,season20Goals,4,4,1.000000
Species,season20LooseBalls,4,4,1.000000
Species,season20PenaltyMinutes,4,4,1.000000
Species,season22ptGoals,4,14,0.285714
Species,season2League,4,11,0.363636
Species,season32ptGoals,4,14,0.285714
Species,season3PlayoffGoalsAgainst,4,5,0.800000
Species,season3Wins,4,7,0.571429
Species,season4Penalties,4,8,0.500000
Species,season6FaceoffsAtt,4,4,1.000000
Species,season6PlayoffSeconds,4,4,1.000000
Species,season7PlayoffSeconds,4,4,1.000000
Species,season8PlayoffPenaltyMinutes,4,18,0.222222
Species,season8PlayoffSeconds,4,4,1.000000
Species,seasonChamps,4,5,0.800000
Species,secretaryGeneral,4,4,1.000000
Species,seleniumUg,4,4,1.000000
Species,setIn,4,4,1.000000
Species,shape,4,11,0.363636
Species,shapeOutline,4,9,0.444444
Species,shortDescription,4,4,1.000000
Species,simpchinesename,4,4,1.000000
Species,single1date,4,4,1.000000
Species,single2date,4,4,1.000000
Species,single3date,4,4,1.000000
Species,speciesAuthor,4,44,0.090909
Species,sponsor,4,5,0.800000
Species,ss300Manufacturers,4,9,0.444444
Species,stat41label,4,16,0.250000
Species,stat42label,4,16,0.250000
Species,stat43label,4,16,0.250000
Species,stat4year,4,5,0.800000
Species,stip,4,4,1.000000
Species,stopover,4,4,1.000000
Species,streetAddress,4,4,1.000000
Species,stylisticOrigins,4,4,1.000000
Species,subphylumAuthority,4,4,1.000000
Species,subregnum,4,11,0.363636
Species,subsid,4,4,1.000000
Species,successors,4,4,1.000000
Species,superintendentOfPublicInstruction,4,4,1.000000
Species,superintendentOfPublicInstructionDate,4,4,1.000000
Species,superordoAuthority,4,4,1.000000
Species,tax,4,5,0.800000
Species,teamLink,4,7,0.571429
Species,template,4,6,0.666667
Species,term15b,4,4,1.000000
Species,term17c,4,4,1.000000
Species,term18b,4,4,1.000000
Species,term19c,4,4,1.000000
Species,term3e,4,4,1.000000
Species,term5b,4,4,1.000000
Species,term6b,4,4,1.000000
Species,term8b,4,4,1.000000
Species,tha,4,4,1.000000
Species,titleWidth,4,5,0.800000
Species,topScorer,4,4,1.000000
Species,tourism,4,6,0.666667
Species,tozai,4,558,0.007168
Species,tradchinesename,4,4,1.000000
Species,transChapter,4,4,1.000000
Species,umpire,4,675,0.005926
Species,unitName,4,4,1.000000
Species,unrankedPhylumAuthority,4,4,1.000000
Species,upc,4,4,1.000000
Species,uyy,4,4,1.000000
Species,videoFormat,4,10,0.400000
Species,vorgänger,4,4,1.000000
Species,votesFavor,4,4,1.000000
Species,whccdoublesresult,4,24,0.166667
Species,whccmixeddoublesresult,4,13,0.307692
Species,wheelchairtennismastersdoublesresult,4,40,0.100000
Species,wightmancupresult,4,36,0.111111
Species,workplace,4,4,1.000000
Species,xgames,4,4,1.000000
Species,year14end,4,5,0.800000
Species,yeargend,4,8,0.500000
Species,yearsInConv,4,27,0.148148
Species,zeit,4,4,1.000000
Star,appmagB,4,4,1.000000
Star,engvar,4,13,0.307692
Star,metallicity,4,4,1.000000
Star,metallicityFe,4,4,1.000000
Star,ngc,4,4,1.000000
Star,nn,4,4,1.000000
Star,periodUnit,4,128,0.031250
Star,reference,4,6,0.666667
Star,spectral,4,4,1.000000
Star,timePeriastron,4,4,1.000000
Galaxy,colwidth,4,10,0.400000
Galaxy,sbrightnessSpecify,4,4,1.000000
Galaxy,width,4,5,0.800000
ChemicalCompound,align,4,99,0.040404
ChemicalCompound,atcPrefix,4,5,0.800000
ChemicalCompound,chebi,4,4,1.000000
ChemicalCompound,collvolpages,4,4,1.000000
ChemicalCompound,e,4,4,1.000000
ChemicalCompound,entrezgene,4,4,1.000000
ChemicalCompound,minorReverseProduct(s)_,4,4,1.000000
ChemicalCompound,minorReverseSubstrate(s)_,4,4,1.000000
ChemicalCompound,pdbLigand,4,4,1.000000
ChemicalCompound,perrow,4,5,0.800000
ChemicalCompound,portal,4,23,0.173913
ChemicalCompound,productImageSize,4,4,1.000000
ChemicalCompound,quote,4,4,1.000000
ChemicalCompound,small,4,9,0.444444
ChemicalCompound,video,4,4,1.000000
AdministrativeRegion,leaderTitle,4,78,0.051282
AdministrativeRegion,align,4,617,0.006483
AdministrativeRegion,appointer,4,54,0.074074
AdministrativeRegion,aprLight,4,4,1.000000
AdministrativeRegion,aprPrecipitationCm,4,5,0.800000
AdministrativeRegion,architect,4,4,1.000000
AdministrativeRegion,areaLandHa,4,4,1.000000
AdministrativeRegion,areaMetroSqMi,4,8,0.500000
AdministrativeRegion,augLight,4,4,1.000000
AdministrativeRegion,augPrecipitationCm,4,5,0.800000
AdministrativeRegion,barwidth,4,17,0.235294
AdministrativeRegion,bearing,4,4,1.000000
AdministrativeRegion,censusYr,4,901,0.004440
AdministrativeRegion,chief1position,4,43,0.093023
AdministrativeRegion,cnhangul,4,4,1.000000
AdministrativeRegion,cnmr,4,4,1.000000
AdministrativeRegion,cnrr,4,4,1.000000
AdministrativeRegion,coaSize,4,4,1.000000
AdministrativeRegion,collapsible,4,5,0.800000
AdministrativeRegion,commonname,4,4,1.000000
AdministrativeRegion,coronerparty,4,104,0.038462
AdministrativeRegion,countryLargestCityPopulation,4,4,1.000000
AdministrativeRegion,crustacean,4,4,1.000000
AdministrativeRegion,decLight,4,4,1.000000
AdministrativeRegion,densitythird,4,4,1.000000
AdministrativeRegion,designation1Type,4,7,0.571429
AdministrativeRegion,designation2Type,4,4,1.000000
AdministrativeRegion,dno,4,4,1.000000
AdministrativeRegion,dog,4,4,1.000000
AdministrativeRegion,dogBreed,4,4,1.000000
AdministrativeRegion,febLight,4,4,1.000000
AdministrativeRegion,febPrecipitationCm,4,5,0.800000
AdministrativeRegion,firearm,4,4,1.000000
AdministrativeRegion,fontsize,4,7,0.571429
AdministrativeRegion,formation,4,4,1.000000
AdministrativeRegion,from,4,4,1.000000
AdministrativeRegion,governmentBlank,4,4,1.000000
AdministrativeRegion,hdi,4,5,0.800000
AdministrativeRegion,horse,4,5,0.800000
AdministrativeRegion,iamgeCaption,4,4,1.000000
AdministrativeRegion,instrument,4,4,1.000000
AdministrativeRegion,janLight,4,4,1.000000
AdministrativeRegion,julLight,4,4,1.000000
AdministrativeRegion,julPrecipitationCm,4,5,0.800000
AdministrativeRegion,junLight,4,4,1.000000
AdministrativeRegion,junPrecipitationCm,4,5,0.800000
AdministrativeRegion,junSnowDays,4,71,0.056338
AdministrativeRegion,junSnowInch,4,38,0.105263
AdministrativeRegion,kana,4,4,1.000000
AdministrativeRegion,kanji,4,4,1.000000
AdministrativeRegion,labelb,4,4,1.000000
AdministrativeRegion,labelPos,4,36,0.111111
AdministrativeRegion,latd,4,4,1.000000
AdministrativeRegion,leader4Type,4,9,0.444444
AdministrativeRegion,marksize,4,6,0.666667
AdministrativeRegion,marPrecipitationCm,4,5,0.800000
AdministrativeRegion,mayLight,4,4,1.000000
AdministrativeRegion,memberOf,4,4,1.000000
AdministrativeRegion,miniFile,4,7,0.571429
AdministrativeRegion,minipogX,4,6,0.666667
AdministrativeRegion,miniWidth,4,7,0.571429
AdministrativeRegion,mushroom,4,4,1.000000
AdministrativeRegion,nasjonalSamling,4,12,0.333333
AdministrativeRegion,no,4,4,1.000000
AdministrativeRegion,novLight,4,4,1.000000
AdministrativeRegion,nso,4,4,1.000000
AdministrativeRegion,nsparty,4,20,0.200000
AdministrativeRegion,octLight,4,4,1.000000
AdministrativeRegion,octPrecipitationCm,4,5,0.800000
AdministrativeRegion,open,4,9,0.444444
AdministrativeRegion,partyStyle,4,4,1.000000
AdministrativeRegion,photoCaption,4,4,1.000000
AdministrativeRegion,popyear,4,9,0.444444
AdministrativeRegion,position,4,15,0.266667
AdministrativeRegion,pushpinMapSize,4,15,0.266667
AdministrativeRegion,pushpinRelief,4,116,0.034483
AdministrativeRegion,q,4,60,0.066667
AdministrativeRegion,reference,4,4,1.000000
AdministrativeRegion,refPop,4,4,1.000000
AdministrativeRegion,religious,4,4,1.000000
AdministrativeRegion,representatives,4,4,1.000000
AdministrativeRegion,retrieved,4,4,1.000000
AdministrativeRegion,romaji,4,4,1.000000
AdministrativeRegion,samiLanguage,4,13,0.307692
AdministrativeRegion,seat2Type,4,8,0.500000
AdministrativeRegion,sepPrecipitationCm,4,5,0.800000
AdministrativeRegion,sepSnowCm,4,9,0.444444
AdministrativeRegion,ship,4,4,1.000000
AdministrativeRegion,ships,4,4,1.000000
AdministrativeRegion,sizepopulation,4,4,1.000000
AdministrativeRegion,skmr,4,4,1.000000
AdministrativeRegion,skrr,4,4,1.000000
AdministrativeRegion,surveyorparty,4,73,0.054795
AdministrativeRegion,talk,4,14,0.285714
AdministrativeRegion,thumb,4,668,0.005988
AdministrativeRegion,timeDay,4,20,0.200000
AdministrativeRegion,timezoneLink,4,6,0.666667
AdministrativeRegion,unitSnowDays,4,29,0.137931
AdministrativeRegion,urbanPopPercent,4,4,1.000000
AdministrativeRegion,v,4,62,0.064516
AdministrativeRegion,ve,4,4,1.000000
AdministrativeRegion,vehicle1type,4,6,0.666667
AdministrativeRegion,waterbody,4,4,1.000000
Person,electionDate,3,3,1.000000
Person,incumbent,3,3,1.000000
Person,portrayer,3,3,1.000000
Person,viafId,3,3,1.000000
Person,winsAtChampionships,3,13,0.230769
Person,winsAtLPGA,3,8,0.375000
Person,nowiki%3Estatvalue,3,3,1.000000
Person,125Championships,3,134,0.022388
Person,1ps,3,3,1.000000
Person,247Archiveurl,3,3,1.000000
Person,2name,3,3,1.000000
Person,3name,3,3,1.000000
Person,6blankname,3,4,0.750000
Person,8namedata,3,3,1.000000
Person,ac1Year,3,4,0.750000
Person,accessConditions,3,21,0.142857
Person,accesso,3,3,1.000000
Person,afterElection,3,3,1.000000
Person,aggregatescore,3,6,0.500000
Person,aid,3,3,1.000000
Person,aircraftName,3,3,1.000000
Person,album3Releasedate,3,3,1.000000
Person,album6Releasedate,3,3,1.000000
Person,album7Releasedate,3,3,1.000000
Person,album8Releasedate,3,3,1.000000
Person,alliance,3,3,1.000000
Person,almaMate,3,3,1.000000
Person,almaMatter,3,3,1.000000
Person,alsoKnownAs,3,3,1.000000
Person,altfooter,3,3,1.000000
Person,amasbManufacturers,3,3,1.000000
Person,amKoloss,3,13,0.230769
Person,aname,3,3,1.000000
Person,appointmentsSecretary,3,3,1.000000
Person,appointmentsSecretaryEnd,3,3,1.000000
Person,appointmentsSecretaryStart,3,3,1.000000
Person,architecturalStyle,3,3,1.000000
Person,architectureStyle,3,3,1.000000
Person,areas,3,3,1.000000
Person,arms,3,3,1.000000
Person,articleName,3,3,1.000000
Person,asOf,3,4,0.750000
Person,attygen,3,4,0.750000
Person,auditor,3,3,1.000000
Person,auditorDate,3,3,1.000000
Person,authors,3,3,1.000000
Person,award11n,3,6,0.500000
Person,award11w,3,6,0.500000
Person,barwidth,3,6,0.500000
Person,bball,3,473,0.006342
Person,beforeElection,3,3,1.000000
Person,belowstyle,3,6,0.500000
Person,bestTruckYear,3,3,1.000000
Person,bf1Poles,3,8,0.375000
Person,board,3,3,1.000000
Person,boots,3,3,1.000000
Person,boxNc,3,29,0.103448
Person,bridgeName,3,3,1.000000
Person,britishMatchplay,3,3,1.000000
Person,bSide,3,3,1.000000
Person,bssPoles,3,5,0.600000
Person,builder,3,3,1.000000
Person,buildingType,3,3,1.000000
Person,candidate7Party,3,3,1.000000
Person,candidate7Percent,3,3,1.000000
Person,candidate7Votes,3,3,1.000000
Person,cap,3,8,0.375000
Person,capital,3,3,1.000000
Person,capno,3,3,1.000000
Person,caste,3,3,1.000000
Person,cervantes,3,3,1.000000
Person,chairperson,3,3,1.000000
Person,championshipsAsPlayer,3,3,1.000000
Person,chant,3,3,1.000000
Person,chartd,3,4,0.750000
Person,chest,3,3,1.000000
Person,cite,3,9,0.333333
Person,civilservice,3,4,0.750000
Person,clan,3,3,1.000000
Person,closed,3,3,1.000000
Person,coachdrawsb,3,78,0.038462
Person,coachdrawsc,3,33,0.090909
Person,coachlossese,3,3,1.000000
Person,coachwinse,3,3,1.000000
Person,coachyear10end,3,3,1.000000
Person,coachyear11start,3,3,1.000000
Person,coachyearestart,3,3,1.000000
Person,codename2Label,3,7,0.428571
Person,commandStructure,3,3,1.000000
Person,commonName,3,4,0.750000
Person,compilations,3,3,1.000000
Person,conf.Standing,3,3,1.000000
Person,connectedMembers,3,3,1.000000
Person,cónyuge,3,3,1.000000
Person,cookingStyle,3,3,1.000000
Person,coroner,3,3,1.000000
Person,correctionsEnd,3,3,1.000000
Person,correctionsStart,3,3,1.000000
Person,countryofbirth,3,6,0.500000
Person,courtesyName,3,3,1.000000
Person,crises,3,3,1.000000
Person,cultureParty,3,4,0.750000
Person,currency,3,5,0.600000
Person,currentOffice,3,3,1.000000
Person,dat,3,3,1.000000
Person,dateRatified,3,5,0.600000
Person,decisionBy,3,3,1.000000
Person,degree,3,3,1.000000
Person,demonination,3,3,1.000000
Person,designation1Free2name,3,7,0.428571
Person,designer,3,3,1.000000
Person,detainedAt,3,4,0.750000
Person,developer,3,3,1.000000
Person,directorOfIntergovernmentalAffairs,3,3,1.000000
Person,directorOfIntergovernmentalAffairsStart,3,3,1.000000
Person,draftLink,3,4,0.750000
Person,draw,3,6,0.500000
Person,dwgs,3,4,0.750000
Person,eci,3,4,0.750000
Person,editorFirst,3,3,1.000000
Person,editorLast,3,3,1.000000
Person,educationalBackground,3,3,1.000000
Person,electionName,3,3,1.000000
Person,endYear,3,4,0.750000
Person,enlaceautor,3,3,1.000000
Person,entry,3,3,1.000000
Person,erfolgText,3,3,1.000000
Person,establishedDate,3,3,1.000000
Person,establishedTitle,3,3,1.000000
Person,expansiondraftpick,3,4,0.750000
Person,expansiondraftround,3,4,0.750000
Person,expansiondraftyear,3,4,0.750000
Person,exSpouse,3,3,1.000000
Person,externalLinks,3,228,0.013158
Person,extraWidth,3,3,1.000000
Person,fa,3,16,0.187500
Person,facebook,3,3,1.000000
Person,facebookPage,3,3,1.000000
Person,fieldgoalsd,3,450,0.006667
Person,fieldgoalsf,3,60,0.050000
Person,fifaTrigramme,3,3,1.000000
Person,filetype,3,15,0.200000
Person,final4league,3,10,0.300000
Person,finalRuler,3,3,1.000000
Person,findlaw,3,3,1.000000
Person,firstLightsRace,3,10,0.300000
Person,firstName,3,3,1.000000
Person,fixAttempted,3,10304,0.000291
Person,followedBy,3,9,0.333333
Person,fontSize,3,5,0.600000
Person,foreign,3,3,1.000000
Person,formed,3,3,1.000000
Person,formerNcaaTeams,3,4,0.750000
Person,formerSpouse,3,3,1.000000
Person,frameAlign,3,3,1.000000
Person,freeTournamentLabel,3,3,1.000000
Person,frequency,3,3,1.000000
Person,fullheight,3,3,1.000000
Person,fullwidth,3,3,1.000000
Person,girlfriend,3,3,1.000000
Person,governergeneral,3,3,1.000000
Person,governmentType,3,4,0.750000
Person,governorDate,3,4,0.750000
Person,governorEnd,3,3,1.000000
Person,governorStart,3,3,1.000000
Person,gpDebut,3,3,1.000000
Person,gpLastSeason,3,3,1.000000
Person,gpManufacturers,3,4,0.750000
Person,grammyn,3,3,1.000000
Person,grammyw,3,3,1.000000
Person,greek,3,3,1.000000
Person,grounds,3,3,1.000000
Person,groupstyle,3,3,1.000000
Person,gutenberg,3,3,1.000000
Person,hangulgye,3,3,1.000000
Person,head,3,3,1.000000
Person,heightft,3,1590,0.001887
Person,help,3,117,0.025641
Person,hijos,3,3,1.000000
Person,hispanoamericana,3,3,1.000000
Person,history,3,4,0.750000
Person,homeMountain,3,3,1.000000
Person,honoraficSuffix,3,3,1.000000
Person,honorificTitle,3,3,1.000000
Person,honouredIn,3,3,1.000000
Person,hqLocation,3,3,1.000000
Person,illuminatedBy,3,3,1.000000
Person,image1Width,3,3,1.000000
Person,imageRight,3,3,1.000000
Person,inch,3,3,1.000000
Person,ind,3,3,1.000000
Person,inline,3,10,0.300000
Person,instructor,3,3,1.000000
Person,internationalrole,3,11,0.272727
Person,isbnNote,3,8,0.375000
Person,ism,3,3,1.000000
Person,issn,3,3,1.000000
Person,italianleague,3,3,1.000000
Person,japaneseHeader,3,3,1.000000
Person,job,3,3,1.000000
Person,judicialStatus,3,3,1.000000
Person,kyujitai,3,3,1.000000
Person,label6Size,3,5,0.600000
Person,labela,3,3,1.000000
Person,labels,3,776,0.003866
Person,labelstyle,3,13,0.230769
Person,language(s)_,3,3,1.000000
Person,laqabAr,3,3,1.000000
Person,lat10Deg,3,3,1.000000
Person,lat1Sec,3,5,0.600000
Person,lat3Sec,3,3,1.000000
Person,lat4Sec,3,4,0.750000
Person,lat8Min,3,3,1.000000
Person,lcb,3,5,0.600000
Person,lcm,3,3,1.000000
Person,leadfigures,3,3,1.000000
Person,lg,3,109,0.027523
Person,licensedtitle,3,3,1.000000
Person,lon10Deg,3,3,1.000000
Person,lon1Sec,3,5,0.600000
Person,lon3Sec,3,3,1.000000
Person,lon8Min,3,3,1.000000
Person,majorAchievements,3,3,1.000000
Person,majorascents,3,3,1.000000
Person,mapEntity,3,5,0.600000
Person,measurements,3,5,0.600000
Person,medalTemplatesExpand,3,33,0.090909
Person,minister4Termstart,3,3,1.000000
Person,missTqiRepúblicaDominicana,3,4,0.750000
Person,mmaOtherloss,3,30,0.100000
Person,motherName,3,3,1.000000
Person,moto2Championships,3,152,0.019737
Person,motoeChampionships,3,28,0.107143
Person,mvp,3,5,0.600000
Person,mw,3,1091,0.002750
Person,myLatn,3,3,1.000000
Person,name16c,3,3,1.000000
Person,name1d,3,3,1.000000
Person,name21a,3,3,1.000000
Person,name21b,3,3,1.000000
Person,name22a,3,3,1.000000
Person,name3Explanation,3,3,1.000000
Person,name3f,3,3,1.000000
Person,name4d,3,3,1.000000
Person,namedafter,3,3,1.000000
Person,nasab,3,3,1.000000
Person,nativeNameLanguage,3,3,1.000000
Person,nativesName,3,3,1.000000
Person,nextElection,3,3,1.000000
Person,nextseasonLink,3,4,0.750000
Person,nextseasonYear,3,4,0.750000
Person,nickNames,3,3,1.000000
Person,nisbaAr,3,3,1.000000
Person,no%25_,3,3,1.000000
Person,nocatWdimage,3,60,0.050000
Person,noicon,3,56,0.053571
Person,nominatedBy,3,3,1.000000
Person,nopct,3,4,0.750000
Person,notVoting,3,3,1.000000
Person,nttitles,3,9,0.333333
Person,officialWebsite,3,3,1.000000
Person,onet20i,3,182,0.016484
Person,onlinebooks,3,460,0.006522
Person,operations,3,3,1.000000
Person,opinions,3,3,1.000000
Person,oppseed,3,3,1.000000
Person,originalisbn,3,8,0.375000
Person,origLangCode,3,8,0.375000
Person,ot,3,26,0.115385
Person,otherName(s)_,3,3,1.000000
Person,otherpart,3,3,1.000000
Person,othertournamentsdoubles,3,525,0.005714
Person,owners,3,3,1.000000
Person,parent(s)_,3,3,1.000000
Person,party3name,3,3,1.000000
Person,partyName,3,3,1.000000
Person,peak10a,3,4,0.750000
Person,peak12b,3,4,0.750000
Person,peak13a,3,3,1.000000
Person,peak16b,3,3,1.000000
Person,peak18b,3,3,1.000000
Person,peak9b,3,3,1.000000
Person,penciller,3,14,0.214286
Person,person,3,4,0.750000
Person,photo1a,3,3,1.000000
Person,photo2a,3,3,1.000000
Person,photo2b,3,3,1.000000
Person,pickups,3,3,1.000000
Person,pinyin,3,3,1.000000
Person,placeDied,3,3,1.000000
Person,placeOfCremation,3,3,1.000000
Person,placeOfOrigin,3,3,1.000000
Person,platforms,3,3,1.000000
Person,playingteams,3,3,1.000000
Person,pointsh,3,3,1.000000
Person,policeService,3,3,1.000000
Person,politicalorganization,3,3,1.000000
Person,population,3,3,1.000000
Person,post5note,3,3,1.000000
Person,post6note,3,3,1.000000
Person,post8followed,3,3,1.000000
Person,post8preceded,3,3,1.000000
Person,post8years,3,3,1.000000
Person,precision,3,91,0.032967
Person,predecesso,3,3,1.000000
Person,presidentDate,3,3,1.000000
Person,pretitle,3,3,1.000000
Person,previousElection,3,3,1.000000
Person,previouslyCoached,3,3,1.000000
Person,prevseasonLink,3,4,0.750000
Person,prevseasonYear,3,4,0.750000
Person,proponents,3,3,1.000000
Person,qualification,3,3,1.000000
Person,range,3,3,1.000000
Person,raw,3,3,1.000000
Person,rcf,3,4,0.750000
Person,rcm,3,3,1.000000
Person,realm,3,3,1.000000
Person,recordTemplate,3,3,1.000000
Person,redDiamondYear,3,5,0.600000
Person,refereeyear5end,3,3,1.000000
Person,registration,3,3,1.000000
Person,relation,3,3,1.000000
Person,relStyle,3,6,0.500000
Person,relyear,3,3,1.000000
Person,remarks,3,3,1.000000
Person,rev2score,3,4,0.750000
Person,right,3,3,1.000000
Person,row12Text,3,3,1.000000
Person,row13Text,3,3,1.000000
Person,rps,3,3,1.000000
Person,ruCoachteamb,3,3,1.000000
Person,ruCoachyearbstart,3,3,1.000000
Person,ruFieldgoalse,3,15,0.200000
Person,ruGoalse,3,15,0.200000
Person,ruGoalsg,3,7,0.428571
Person,rules,3,68,0.044118
Person,ruTriesf,3,9,0.333333
Person,ruYear8end,3,3,1.000000
Person,san,3,3,1.000000
Person,scalemark,3,4,0.750000
Person,science,3,3,1.000000
Person,scoreWidth,3,5,0.600000
Person,season10PlayoffMinutes,3,3,1.000000
Person,season10PlayoffSaves,3,3,1.000000
Person,season11PlayoffGroundBalls,3,3,1.000000
Person,season11PlayoffSeconds,3,3,1.000000
Person,season12GroundBalls,3,3,1.000000
Person,season12Shots,3,3,1.000000
Person,season12Team,3,7,0.428571
Person,season13PlayoffGoalsAgainst,3,3,1.000000
Person,season13PlayoffSeconds,3,3,1.000000
Person,season14PlayoffSeconds,3,3,1.000000
Person,season15Wins,3,4,0.750000
Person,season16Loss,3,4,0.750000
Person,season16PlayoffGoals,3,6,0.500000
Person,season16PlayoffWins,3,3,1.000000
Person,season16Seconds,3,3,1.000000
Person,season16Wins,3,4,0.750000
Person,season17GoalsAgainst,3,3,1.000000
Person,season17Loss,3,3,1.000000
Person,season17Minutes,3,3,1.000000
Person,season17PlayoffGamesPlayed,3,8,0.375000
Person,season17PlayoffGoals,3,5,0.600000
Person,season17PlayoffPenaltyMinutes,3,3,1.000000
Person,season17Saves,3,3,1.000000
Person,season17Seconds,3,3,1.000000
Person,season17Wins,3,3,1.000000
Person,season18PlayoffAssists,3,3,1.000000
Person,season18PlayoffGamesPlayed,3,5,0.600000
Person,season18PlayoffGoals,3,4,0.750000
Person,season19PlayoffAssists,3,3,1.000000
Person,season19PlayoffGamesPlayed,3,5,0.600000
Person,season19PlayoffLooseBalls,3,3,1.000000
Person,season19TeamLink,3,7,0.428571
Person,season21GamesPlayed,3,3,1.000000
Person,season21Year,3,3,1.000000
Person,season2PlayoffGoalsAgainst,3,3,1.000000
Person,season2PlayoffMinutes,3,3,1.000000
Person,season2PlayoffSaves,3,3,1.000000
Person,season3League,3,9,0.333333
Person,season3PlayoffSeconds,3,3,1.000000
Person,season3PlayoffWins,3,4,0.750000
Person,season42ptGoals,3,9,0.333333
Person,season4PlayoffWins,3,5,0.600000
Person,season5FaceoffsAtt,3,3,1.000000
Person,season5FaceoffsWon,3,3,1.000000
Person,season5PlayoffWins,3,5,0.600000
Person,season6FaceoffsWon,3,3,1.000000
Person,season6PlayoffGroundBalls,3,3,1.000000
Person,season6PlayoffShots,3,3,1.000000
Person,season6PlayoffWins,3,3,1.000000
Person,season7PlayoffGroundBalls,3,3,1.000000
Person,season7PlayoffWins,3,5,0.600000
Person,season9PlayoffGroundBalls,3,3,1.000000
Person,season9PlayoffSeconds,3,4,0.750000
Person,seats4Title,3,3,1.000000
Person,seats5Title,3,3,1.000000
Person,secondPlace,3,3,1.000000
Person,servicedates,3,4,0.750000
Person,serviceLabel,3,3,1.000000
Person,sftitles,3,12,0.250000
Person,shinjitai,3,3,1.000000
Person,shortConf,3,3,1.000000
Person,shortname,3,3,1.000000
Person,showWikidata,3,32,0.093750
Person,single4date,3,3,1.000000
Person,sister,3,3,1.000000
Person,smash,3,3,1.000000
Person,sonInLaw,3,3,1.000000
Person,soundtracks,3,3,1.000000
Person,spacing,3,4,0.750000
Person,specialization,3,3,1.000000
Person,spokesperson,3,3,1.000000
Person,ss300LastSeason,3,7,0.428571
Person,ss300Poles,3,7,0.428571
Person,sstyle,3,3,1.000000
Person,staff,3,3,1.000000
Person,stageName,3,3,1.000000
Person,stat4league,3,16,0.187500
Person,stateChampionships,3,3,1.000000
Person,statePresident,3,3,1.000000
Person,stitle,3,3,1.000000
Person,studies,3,3,1.000000
Person,studioAlbums,3,3,1.000000
Person,study,3,3,1.000000
Person,subdivisionType,3,4,0.750000
Person,subtitle,3,3,1.000000
Person,succesor,3,3,1.000000
Person,superseding,3,3,1.000000
Person,syndicate,3,3,1.000000
Person,ta,3,41,0.073171
Person,teamh,3,3,1.000000
Person,teamWidth,3,3,1.000000
Person,term16c,3,3,1.000000
Person,term1d,3,3,1.000000
Person,term21a,3,3,1.000000
Person,term21b,3,3,1.000000
Person,term22a,3,3,1.000000
Person,term3f,3,3,1.000000
Person,term4d,3,3,1.000000
Person,thdl,3,3,1.000000
Person,titleLeader,3,3,1.000000
Person,tournaments,3,10,0.300000
Person,trainers,3,3,1.000000
Person,tv,3,3,1.000000
Person,typeofclimber,3,3,1.000000
Person,urlStatus,3,16,0.187500
Person,use,3,3,1.000000
Person,vicegovernors,3,3,1.000000
Person,volumeList,3,3,1.000000
Person,volumes,3,3,1.000000
Person,votesAgainst,3,3,1.000000
Person,voy,3,1438,0.002086
Person,t,3,3,1.000000
Person,wd,3,3,1.000000
Person,wdfWorldCup,3,3,1.000000
Person,weight(lb)_,3,6,0.500000
Person,wheelchairworldteamcupresult,3,8,0.375000
Person,widthStyle,3,218,0.013761
Person,wikisource,3,3,1.000000
Person,witdh,3,3,1.000000
Person,witness,3,3,1.000000
Person,worldCup,3,3,1.000000
Person,worldMixedChampionshipAppearances,3,10,0.300000
Person,wsopMainEventCashes,3,7,0.428571
Person,yearActive,3,4,0.750000
Person,yearEnd,3,3,1.000000
Person,yearhstart,3,3,1.000000
Person,yearLeader,3,3,1.000000
Person,yearsActice,3,3,1.000000
Person,yearsInLights,3,10,0.300000
Person,yearStart,3,3,1.000000
Person,yes%25_,3,3,1.000000
Person,yespct,3,4,0.750000
Person,depiction,3,3,1.000000
Species,electionDate,3,3,1.000000
Species,incumbent,3,3,1.000000
Species,portrayer,3,3,1.000000
Species,viafId,3,3,1.000000
Species,winsAtChampionships,3,13,0.230769
Species,winsAtLPGA,3,8,0.375000
Species,nowiki%3Estatvalue,3,3,1.000000
Species,125Championships,3,134,0.022388
Species,1ps,3,3,1.000000
Species,247Archiveurl,3,3,1.000000
Species,2name,3,3,1.000000
Species,3name,3,3,1.000000
Species,6blankname,3,4,0.750000
Species,8namedata,3,3,1.000000
Species,ac1Year,3,4,0.750000
Species,accessConditions,3,21,0.142857
Species,accesso,3,3,1.000000
Species,afterElection,3,3,1.000000
Species,aggregatescore,3,6,0.500000
Species,aid,3,3,1.000000
Species,aircraftName,3,3,1.000000
Species,album3Releasedate,3,3,1.000000
Species,album6Releasedate,3,3,1.000000
Species,album7Releasedate,3,3,1.000000
Species,album8Releasedate,3,3,1.000000
Species,alliance,3,3,1.000000
Species,almaMate,3,3,1.000000
Species,almaMatter,3,3,1.000000
Species,alsoKnownAs,3,3,1.000000
Species,altfooter,3,3,1.000000
Species,amasbManufacturers,3,3,1.000000
Species,amKoloss,3,13,0.230769
Species,aname,3,3,1.000000
Species,appointmentsSecretary,3,3,1.000000
Species,appointmentsSecretaryEnd,3,3,1.000000
Species,appointmentsSecretaryStart,3,3,1.000000
Species,architecturalStyle,3,3,1.000000
Species,architectureStyle,3,3,1.000000
Species,areas,3,3,1.000000
Species,arms,3,3,1.000000
Species,articleName,3,3,1.000000
Species,asOf,3,4,0.750000
Species,attygen,3,4,0.750000
Species,auditor,3,3,1.000000
Species,auditorDate,3,3,1.000000
Species,authors,3,3,1.000000
Species,award11n,3,6,0.500000
Species,award11w,3,6,0.500000
Species,barwidth,3,6,0.500000
Species,bball,3,473,0.006342
Species,beforeElection,3,3,1.000000
Species,belowstyle,3,6,0.500000
Species,bestTruckYear,3,3,1.000000
Species,bf1Poles,3,8,0.375000
Species,board,3,3,1.000000
Species,boots,3,3,1.000000
Species,boxNc,3,29,0.103448
Species,bridgeName,3,3,1.000000
Species,britishMatchplay,3,3,1.000000
Species,bSide,3,3,1.000000
Species,bssPoles,3,5,0.600000
Species,builder,3,3,1.000000
Species,buildingType,3,3,1.000000
Species,candidate7Party,3,3,1.000000
Species,candidate7Percent,3,3,1.000000
Species,candidate7Votes,3,3,1.000000
Species,cap,3,8,0.375000
Species,capital,3,3,1.000000
Species,capno,3,3,1.000000
Species,caste,3,3,1.000000
Species,cervantes,3,3,1.000000
Species,chairperson,3,3,1.000000
Species,championshipsAsPlayer,3,3,1.000000
Species,chant,3,3,1.000000
Species,chartd,3,4,0.750000
Species,chest,3,3,1.000000
Species,cite,3,9,0.333333
Species,civilservice,3,4,0.750000
Species,clan,3,3,1.000000
Species,closed,3,3,1.000000
Species,coachdrawsb,3,78,0.038462
Species,coachdrawsc,3,33,0.090909
Species,coachlossese,3,3,1.000000
Species,coachwinse,3,3,1.000000
Species,coachyear10end,3,3,1.000000
Species,coachyear11start,3,3,1.000000
Species,coachyearestart,3,3,1.000000
Species,codename2Label,3,7,0.428571
Species,commandStructure,3,3,1.000000
Species,commonName,3,4,0.750000
Species,commonNames,3,3,1.000000
Species,compilations,3,3,1.000000
Species,conf.Standing,3,3,1.000000
Species,connectedMembers,3,3,1.000000
Species,cónyuge,3,3,1.000000
Species,cookingStyle,3,3,1.000000
Species,coroner,3,3,1.000000
Species,correctionsEnd,3,3,1.000000
Species,correctionsStart,3,3,1.000000
Species,countryofbirth,3,6,0.500000
Species,courtesyName,3,3,1.000000
Species,crises,3,3,1.000000
Species,cultureParty,3,4,0.750000
Species,currency,3,5,0.600000
Species,currentOffice,3,3,1.000000
Species,dat,3,3,1.000000
Species,dateRatified,3,5,0.600000
Species,decisionBy,3,3,1.000000
Species,degree,3,3,1.000000
Species,demonination,3,3,1.000000
Species,designation1Free2name,3,7,0.428571
Species,designer,3,3,1.000000
Species,detainedAt,3,4,0.750000
Species,developer,3,3,1.000000
Species,directorOfIntergovernmentalAffairs,3,3,1.000000
Species,directorOfIntergovernmentalAffairsStart,3,3,1.000000
Species,draftLink,3,4,0.750000
Species,draw,3,6,0.500000
Species,dwgs,3,4,0.750000
Species,eci,3,4,0.750000
Species,ecologicaltype,3,353,0.008499
Species,editorFirst,3,3,1.000000
Species,editorLast,3,3,1.000000
Species,educationalBackground,3,3,1.000000
Species,electionName,3,3,1.000000
Species,endYear,3,4,0.750000
Species,enlaceautor,3,3,1.000000
Species,entry,3,3,1.000000
Species,erfolgText,3,3,1.000000
Species,establishedDate,3,3,1.000000
Species,establishedTitle,3,3,1.000000
Species,expansiondraftpick,3,4,0.750000
Species,expansiondraftround,3,4,0.750000
Species,expansiondraftyear,3,4,0.750000
Species,exSpouse,3,3,1.000000
Species,externalLinks,3,228,0.013158
Species,extraWidth,3,3,1.000000
Species,fa,3,16,0.187500
Species,facebook,3,3,1.000000
Species,facebookPage,3,3,1.000000
Species,fibre,3,3,1.000000
Species,fieldgoalsd,3,450,0.006667
Species,fieldgoalsf,3,60,0.050000
Species,fifaTrigramme,3,3,1.000000
Species,filetype,3,15,0.200000
Species,final4league,3,10,0.300000
Species,finalRuler,3,3,1.000000
Species,findlaw,3,3,1.000000
Species,firstLightsRace,3,10,0.300000
Species,firstName,3,3,1.000000
Species,fixAttempted,3,10583,0.000283
Species,followedBy,3,9,0.333333
Species,fontSize,3,5,0.600000
Species,foreign,3,3,1.000000
Species,formed,3,3,1.000000
Species,formerNcaaTeams,3,4,0.750000
Species,formerSpouse,3,3,1.000000
Species,frameAlign,3,3,1.000000
Species,freeTournamentLabel,3,3,1.000000
Species,frequency,3,3,1.000000
Species,fullheight,3,3,1.000000
Species,fullwidth,3,3,1.000000
Species,girlfriend,3,3,1.000000
Species,governergeneral,3,3,1.000000
Species,governmentType,3,4,0.750000
Species,governorDate,3,4,0.750000
Species,governorEnd,3,3,1.000000
Species,governorStart,3,3,1.000000
Species,gpDebut,3,3,1.000000
Species,gpLastSeason,3,3,1.000000
Species,gpManufacturers,3,4,0.750000
Species,grammyn,3,3,1.000000
Species,grammyw,3,3,1.000000
Species,greek,3,3,1.000000
Species,grounds,3,3,1.000000
Species,groupstyle,3,3,1.000000
Species,gutenberg,3,3,1.000000
Species,hangulgye,3,3,1.000000
Species,head,3,3,1.000000
Species,heightft,3,1590,0.001887
Species,help,3,117,0.025641
Species,hijos,3,3,1.000000
Species,hispanoamericana,3,3,1.000000
Species,history,3,4,0.750000
Species,homeMountain,3,3,1.000000
Species,honoraficSuffix,3,3,1.000000
Species,honorificTitle,3,3,1.000000
Species,honouredIn,3,3,1.000000
Species,hqLocation,3,3,1.000000
Species,illuminatedBy,3,3,1.000000
Species,image1Width,3,3,1.000000
Species,image2Alt,3,3,1.000000
Species,imageRight,3,3,1.000000
Species,inaccurate,3,46,0.065217
Species,inaturalist,3,3,1.000000
Species,inch,3,3,1.000000
Species,ind,3,3,1.000000
Species,infraphylum,3,26,0.115385
Species,inline,3,10,0.300000
Species,instructor,3,3,1.000000
Species,internationalrole,3,11,0.272727
Species,isbnNote,3,8,0.375000
Species,ism,3,3,1.000000
Species,issn,3,3,1.000000
Species,italianleague,3,3,1.000000
Species,japaneseHeader,3,3,1.000000
Species,job,3,3,1.000000
Species,judicialStatus,3,3,1.000000
Species,kyujitai,3,3,1.000000
Species,label6Size,3,5,0.600000
Species,labela,3,3,1.000000
Species,labels,3,782,0.003836
Species,labelstyle,3,13,0.230769
Species,language(s)_,3,3,1.000000
Species,laqabAr,3,3,1.000000
Species,lat11Deg,3,4,0.750000
Species,lat12Deg,3,3,1.000000
Species,lat3Sec,3,3,1.000000
Species,lat4Sec,3,4,0.750000
Species,lat8Min,3,3,1.000000
Species,lcb,3,5,0.600000
Species,lcm,3,3,1.000000
Species,leadfigures,3,3,1.000000
Species,lg,3,109,0.027523
Species,licensedtitle,3,3,1.000000
Species,lmz,3,3,1.000000
Species,lon11Deg,3,4,0.750000
Species,lon12Deg,3,3,1.000000
Species,lon3Sec,3,3,1.000000
Species,lon8Min,3,3,1.000000
Species,majorAchievements,3,3,1.000000
Species,majorascents,3,3,1.000000
Species,mapEntity,3,5,0.600000
Species,measurements,3,5,0.600000
Species,medalTemplatesExpand,3,33,0.090909
Species,minister4Termstart,3,3,1.000000
Species,missTqiRepúblicaDominicana,3,4,0.750000
Species,mmaOtherloss,3,30,0.100000
Species,motherName,3,3,1.000000
Species,moto2Championships,3,152,0.019737
Species,motoeChampionships,3,28,0.107143
Species,mvp,3,5,0.600000
Species,mw,3,1092,0.002747
Species,myLatn,3,3,1.000000
Species,name16c,3,3,1.000000
Species,name1d,3,3,1.000000
Species,name21a,3,3,1.000000
Species,name21b,3,3,1.000000
Species,name22a,3,3,1.000000
Species,name3Explanation,3,3,1.000000
Species,name3f,3,3,1.000000
Species,name4d,3,3,1.000000
Species,namedafter,3,3,1.000000
Species,nasab,3,3,1.000000
Species,nativeNameLanguage,3,3,1.000000
Species,nativesName,3,3,1.000000
Species,nextElection,3,3,1.000000
Species,nextseasonLink,3,4,0.750000
Species,nextseasonYear,3,4,0.750000
Species,nickNames,3,3,1.000000
Species,nisbaAr,3,3,1.000000
Species,no%25_,3,3,1.000000
Species,nocatWdimage,3,60,0.050000
Species,noicon,3,56,0.053571
Species,nominatedBy,3,3,1.000000
Species,nopct,3,4,0.750000
Species,notVoting,3,3,1.000000
Species,nttitles,3,9,0.333333
Species,officialWebsite,3,3,1.000000
Species,onet20i,3,182,0.016484
Species,onlinebooks,3,461,0.006508
Species,operations,3,3,1.000000
Species,opinions,3,3,1.000000
Species,oppseed,3,3,1.000000
Species,opt2v,3,3,1.000000
Species,opt3v,3,3,1.000000
Species,organism,3,3,1.000000
Species,originalisbn,3,8,0.375000
Species,origLangCode,3,8,0.375000
Species,ot,3,26,0.115385
Species,otherName(s)_,3,3,1.000000
Species,otherpart,3,3,1.000000
Species,othertournamentsdoubles,3,525,0.005714
Species,overlay1colour,3,4,0.750000
Species,overlay1tip,3,3,1.000000
Species,owners,3,3,1.000000
Species,parent(s)_,3,3,1.000000
Species,party3name,3,3,1.000000
Species,partyName,3,3,1.000000
Species,peak10a,3,4,0.750000
Species,peak12b,3,4,0.750000
Species,peak13a,3,3,1.000000
Species,peak16b,3,3,1.000000
Species,peak18b,3,3,1.000000
Species,peak9b,3,3,1.000000
Species,penciller,3,14,0.214286
Species,person,3,4,0.750000
Species,photo1a,3,3,1.000000
Species,photo2a,3,3,1.000000
Species,photo2b,3,3,1.000000
Species,pickups,3,3,1.000000
Species,pinyin,3,3,1.000000
Species,placeDied,3,3,1.000000
Species,placeOfCremation,3,3,1.000000
Species,placeOfOrigin,3,3,1.000000
Species,platforms,3,3,1.000000
Species,playingteams,3,3,1.000000
Species,pointsh,3,3,1.000000
Species,policeService,3,3,1.000000
Species,politicalorganization,3,3,1.000000
Species,population,3,3,1.000000
Species,post5note,3,3,1.000000
Species,post6note,3,3,1.000000
Species,post8followed,3,3,1.000000
Species,post8preceded,3,3,1.000000
Species,post8years,3,3,1.000000
Species,precision,3,91,0.032967
Species,predecesso,3,3,1.000000
Species,presidentDate,3,3,1.000000
Species,pretitle,3,3,1.000000
Species,previousElection,3,3,1.000000
Species,previouslyCoached,3,3,1.000000
Species,prevseasonLink,3,4,0.750000
Species,prevseasonYear,3,4,0.750000
Species,proponents,3,3,1.000000
Species,qualification,3,3,1.000000
Species,range,3,3,1.000000
Species,raw,3,3,1.000000
Species,rcf,3,4,0.750000
Species,rcm,3,3,1.000000
Species,recordTemplate,3,3,1.000000
Species,redDiamondYear,3,5,0.600000
Species,refereeyear5end,3,3,1.000000
Species,registration,3,3,1.000000
Species,relation,3,3,1.000000
Species,relStyle,3,6,0.500000
Species,relyear,3,3,1.000000
Species,remarks,3,3,1.000000
Species,rev2score,3,4,0.750000
Species,row12Text,3,3,1.000000
Species,row13Text,3,3,1.000000
Species,rps,3,3,1.000000
Species,ruCoachteamb,3,3,1.000000
Species,ruCoachyearbstart,3,3,1.000000
Species,ruFieldgoalse,3,15,0.200000
Species,ruGoalse,3,15,0.200000
Species,ruGoalsg,3,7,0.428571
Species,rules,3,68,0.044118
Species,ruTriesf,3,9,0.333333
Species,ruYear8end,3,3,1.000000
Species,san,3,3,1.000000
Species,scalemark,3,4,0.750000
Species,science,3,3,1.000000
Species,scoreWidth,3,5,0.600000
Species,season10PlayoffMinutes,3,3,1.000000
Species,season10PlayoffSaves,3,3,1.000000
Species,season11PlayoffGroundBalls,3,3,1.000000
Species,season11PlayoffSeconds,3,3,1.000000
Species,season12GroundBalls,3,3,1.000000
Species,season12Shots,3,3,1.000000
Species,season12Team,3,7,0.428571
Species,season13PlayoffGoalsAgainst,3,3,1.000000
Species,season13PlayoffSeconds,3,3,1.000000
Species,season14PlayoffSeconds,3,3,1.000000
Species,season15Wins,3,4,0.750000
Species,season16Loss,3,4,0.750000
Species,season16PlayoffGoals,3,6,0.500000
Species,season16PlayoffWins,3,3,1.000000
Species,season16Seconds,3,3,1.000000
Species,season16Wins,3,4,0.750000
Species,season17GoalsAgainst,3,3,1.000000
Species,season17Loss,3,3,1.000000
Species,season17Minutes,3,3,1.000000
Species,season17PlayoffGamesPlayed,3,8,0.375000
Species,season17PlayoffGoals,3,5,0.600000
Species,season17PlayoffPenaltyMinutes,3,3,1.000000
Species,season17Saves,3,3,1.000000
Species,season17Seconds,3,3,1.000000
Species,season17Wins,3,3,1.000000
Species,season18PlayoffAssists,3,3,1.000000
Species,season18PlayoffGamesPlayed,3,5,0.600000
Species,season18PlayoffGoals,3,4,0.750000
Species,season19PlayoffAssists,3,3,1.000000
Species,season19PlayoffGamesPlayed,3,5,0.600000
Species,season19PlayoffLooseBalls,3,3,1.000000
Species,season19TeamLink,3,7,0.428571
Species,season21GamesPlayed,3,3,1.000000
Species,season21Year,3,3,1.000000
Species,season2PlayoffGoalsAgainst,3,3,1.000000
Species,season2PlayoffMinutes,3,3,1.000000
Species,season2PlayoffSaves,3,3,1.000000
Species,season3League,3,9,0.333333
Species,season3PlayoffSeconds,3,3,1.000000
Species,season3PlayoffWins,3,4,0.750000
Species,season42ptGoals,3,9,0.333333
Species,season4PlayoffWins,3,5,0.600000
Species,season5FaceoffsAtt,3,3,1.000000
Species,season5FaceoffsWon,3,3,1.000000
Species,season5PlayoffWins,3,5,0.600000
Species,season6FaceoffsWon,3,3,1.000000
Species,season6PlayoffGroundBalls,3,3,1.000000
Species,season6PlayoffShots,3,3,1.000000
Species,season6PlayoffWins,3,3,1.000000
Species,season7PlayoffGroundBalls,3,3,1.000000
Species,season7PlayoffWins,3,5,0.600000
Species,season9PlayoffGroundBalls,3,3,1.000000
Species,season9PlayoffSeconds,3,4,0.750000
Species,seats4Title,3,3,1.000000
Species,seats5Title,3,3,1.000000
Species,secondPlace,3,3,1.000000
Species,servicedates,3,4,0.750000
Species,serviceLabel,3,3,1.000000
Species,sftitles,3,12,0.250000
Species,shinjitai,3,3,1.000000
Species,shortConf,3,3,1.000000
Species,shortname,3,3,1.000000
Species,showWikidata,3,32,0.093750
Species,single4date,3,3,1.000000
Species,sister,3,3,1.000000
Species,smash,3,3,1.000000
Species,sonInLaw,3,3,1.000000
Species,soundtracks,3,3,1.000000
Species,spacing,3,4,0.750000
Species,specialization,3,3,1.000000
Species,spokesperson,3,3,1.000000
Species,ss300LastSeason,3,7,0.428571
Species,ss300Poles,3,7,0.428571
Species,sstyle,3,3,1.000000
Species,staff,3,3,1.000000
Species,stageName,3,3,1.000000
Species,stat4league,3,16,0.187500
Species,stateChampionships,3,3,1.000000
Species,statePresident,3,3,1.000000
Species,status2System,3,28,0.107143
Species,statusRef,3,7,0.428571
Species,stitle,3,3,1.000000
Species,studies,3,3,1.000000
Species,studioAlbums,3,3,1.000000
Species,study,3,3,1.000000
Species,subdivisionType,3,4,0.750000
Species,subtitle,3,3,1.000000
Species,subtribusAuthority,3,3,1.000000
Species,succesor,3,3,1.000000
Species,superclassisAuthority,3,3,1.000000
Species,superseding,3,3,1.000000
Species,syndicate,3,3,1.000000
Species,ta,3,41,0.073171
Species,teamh,3,3,1.000000
Species,teamWidth,3,3,1.000000
Species,term16c,3,3,1.000000
Species,term1d,3,3,1.000000
Species,term21a,3,3,1.000000
Species,term21b,3,3,1.000000
Species,term22a,3,3,1.000000
Species,term3f,3,3,1.000000
Species,term4d,3,3,1.000000
Species,thdl,3,3,1.000000
Species,titleLeader,3,3,1.000000
Species,top,3,3,1.000000
Species,tournaments,3,10,0.300000
Species,trainers,3,3,1.000000
Species,tryptophan,3,3,1.000000
Species,tv,3,3,1.000000
Species,typeofclimber,3,3,1.000000
Species,unrankedFamiliaAuthority,3,3,1.000000
Species,unrankedGenusAuthority,3,3,1.000000
Species,unrankedSuperordo,3,12,0.250000
Species,unrankedSuperregnum,3,34,0.088235
Species,urlStatus,3,16,0.187500
Species,use,3,3,1.000000
Species,vicegovernors,3,3,1.000000
Species,vitaIu,3,4,0.750000
Species,volumeList,3,3,1.000000
Species,volumes,3,3,1.000000
Species,votesAgainst,3,3,1.000000
Species,voy,3,1439,0.002085
Species,t,3,3,1.000000
Species,wd,3,3,1.000000
Species,wdfWorldCup,3,3,1.000000
Species,weight(lb)_,3,6,0.500000
Species,wheelchairworldteamcupresult,3,8,0.375000
Species,widthStyle,3,218,0.013761
Species,wikisource,3,3,1.000000
Species,witdh,3,3,1.000000
Species,witness,3,3,1.000000
Species,worldCup,3,3,1.000000
Species,worldMixedChampionshipAppearances,3,10,0.300000
Species,wsopMainEventCashes,3,7,0.428571
Species,yearActive,3,4,0.750000
Species,yearEnd,3,3,1.000000
Species,yearhstart,3,3,1.000000
Species,yearLeader,3,3,1.000000
Species,yearsActice,3,3,1.000000
Species,yearsInLights,3,10,0.300000
Species,yearStart,3,3,1.000000
Species,yes%25_,3,3,1.000000
Species,yespct,3,4,0.750000
Star,align,3,11,0.272727
Star,appmagJ,3,3,1.000000
Star,bibcode,3,3,1.000000
Star,designation,3,3,1.000000
Star,discoverySite,3,3,1.000000
Star,float,3,7,0.428571
Star,footer,3,3,1.000000
Star,markLink,3,3,1.000000
Star,markWidth,3,6,0.500000
Star,noHeading,3,190,0.015789
Star,pgc,3,3,1.000000
Star,singleTemperature,3,3,1.000000
Star,star,3,3,1.000000
Star,totalWidth,3,3,1.000000
Star,u,3,3,1.000000
Star,ul,3,3,1.000000
Galaxy,discoverer,3,8,0.375000
Galaxy,radialV,3,3,1.000000
Galaxy,reason,3,3,1.000000
ChemicalCompound,accessdate,3,3,1.000000
ChemicalCompound,atcSuffix,3,3,1.000000
ChemicalCompound,audio,3,3,1.000000
ChemicalCompound,chromosome,3,3,1.000000
ChemicalCompound,collvol,3,4,0.750000
ChemicalCompound,colwidth,3,21,0.142857
ChemicalCompound,content,3,3,1.000000
ChemicalCompound,dataPagePagename,3,9,0.333333
ChemicalCompound,enzyme,3,3,1.000000
ChemicalCompound,f,3,3,1.000000
ChemicalCompound,forSubst,3,3,1.000000
ChemicalCompound,heat,3,14,0.214286
ChemicalCompound,hgncid,3,3,1.000000
ChemicalCompound,imageSize,3,3,1.000000
ChemicalCompound,isccname,3,3,1.000000
ChemicalCompound,m,3,5,0.600000
ChemicalCompound,majorProduct,3,4,0.750000
ChemicalCompound,note,3,5,0.600000
ChemicalCompound,o,3,5,0.600000
ChemicalCompound,organism,3,3,1.000000
ChemicalCompound,q,3,12,0.250000
ChemicalCompound,routesOfAdministration,3,3,1.000000
ChemicalCompound,s,3,14,0.214286
ChemicalCompound,thermalConductivity,3,3,1.000000
ChemicalCompound,type,3,3,1.000000
AdministrativeRegion,location,3,48,0.062500
AdministrativeRegion,wikiPageRedirects,3,3,1.000000
AdministrativeRegion,%23byelections,3,813,0.003690
AdministrativeRegion,2020density,3,3,1.000000
AdministrativeRegion,2020densityus,3,3,1.000000
AdministrativeRegion,2021AccessDate,3,61,0.049180
AdministrativeRegion,3a,3,3,1.000000
AdministrativeRegion,3p,3,3,1.000000
AdministrativeRegion,3y,3,3,1.000000
AdministrativeRegion,above,3,3,1.000000
AdministrativeRegion,aircraft,3,3,1.000000
AdministrativeRegion,aircraft1type,3,3,1.000000
AdministrativeRegion,altParty,3,3,1.000000
AdministrativeRegion,animal1type,3,3,1.000000
AdministrativeRegion,animals,3,3,1.000000
AdministrativeRegion,arcAnglea,3,3,1.000000
AdministrativeRegion,arcGapa,3,3,1.000000
AdministrativeRegion,archipelago,3,4,0.750000
AdministrativeRegion,archive,3,3,1.000000
AdministrativeRegion,arcRadiusa,3,3,1.000000
AdministrativeRegion,arcTexta,3,3,1.000000
AdministrativeRegion,arcTextColora,3,3,1.000000
AdministrativeRegion,areaBlank2SqMi,3,3,1.000000
AdministrativeRegion,areaUrbanSqMi,3,3,1.000000
AdministrativeRegion,assistantBishop,3,3,1.000000
AdministrativeRegion,augSnowDays,3,70,0.042857
AdministrativeRegion,background,3,5,0.600000
AdministrativeRegion,basinCountries,3,6,0.500000
AdministrativeRegion,blank7Info,3,3,1.000000
AdministrativeRegion,boats,3,3,1.000000
AdministrativeRegion,bufferZone,3,4,0.750000
AdministrativeRegion,built,3,3,1.000000
AdministrativeRegion,capitalName,3,3,1.000000
AdministrativeRegion,captionLeft,3,3,1.000000
AdministrativeRegion,captionRight,3,3,1.000000
AdministrativeRegion,cc,3,72,0.041667
AdministrativeRegion,chief1Name,3,3,1.000000
AdministrativeRegion,columns,3,8,0.375000
AdministrativeRegion,community,3,3,1.000000
AdministrativeRegion,coordinatesSource,3,12,0.250000
AdministrativeRegion,coordRef,3,3,1.000000
AdministrativeRegion,dates,3,3,1.000000
AdministrativeRegion,demokratene,3,14,0.214286
AdministrativeRegion,demoPopRef,3,4,0.750000
AdministrativeRegion,designation1Free2name,3,3,1.000000
AdministrativeRegion,districtnorth,3,3,1.000000
AdministrativeRegion,districtsouth,3,3,1.000000
AdministrativeRegion,v,3,3,1.000000
AdministrativeRegion,v,3,3,1.000000
AdministrativeRegion,dSearch,3,3,1.000000
AdministrativeRegion,editorFirst,3,3,1.000000
AdministrativeRegion,editorLast,3,3,1.000000
AdministrativeRegion,electeetype,3,9,0.333333
AdministrativeRegion,elevationPoint,3,3,1.000000
AdministrativeRegion,episcopalConference,3,5,0.600000
AdministrativeRegion,establishedBy,3,11,0.272727
AdministrativeRegion,establishedFootnotes,3,3,1.000000
AdministrativeRegion,family,3,3,1.000000
AdministrativeRegion,fedSen,3,4,0.750000
AdministrativeRegion,followedby,3,3,1.000000
AdministrativeRegion,frameAlign,3,29,0.103448
AdministrativeRegion,ftcolour,3,7,0.428571
AdministrativeRegion,gain,3,3,1.000000
AdministrativeRegion,geoCat,3,416,0.007212
AdministrativeRegion,v,3,3,1.000000
AdministrativeRegion,headerAlign,3,23,0.130435
AdministrativeRegion,imageStyle,3,3,1.000000
AdministrativeRegion,imgeCaption,3,3,1.000000
AdministrativeRegion,includes,3,3,1.000000
AdministrativeRegion,inflow,3,3,1.000000
AdministrativeRegion,issue,3,3,1.000000
AdministrativeRegion,janPrecipitationCm,3,4,0.750000
AdministrativeRegion,jointCommittees,3,3,1.000000
AdministrativeRegion,junSnowCm,3,9,0.333333
AdministrativeRegion,lang3Content,3,3,1.000000
AdministrativeRegion,lang4Content,3,3,1.000000
AdministrativeRegion,league,3,3,1.000000
AdministrativeRegion,lockuptype,3,17,0.176471
AdministrativeRegion,lon,3,3,1.000000
AdministrativeRegion,longm,3,3,1.000000
AdministrativeRegion,loss,3,3,1.000000
AdministrativeRegion,mantling,3,4,0.750000
AdministrativeRegion,marLight,3,4,0.750000
AdministrativeRegion,mblmc,3,4,0.750000
AdministrativeRegion,miniHeight,3,7,0.428571
AdministrativeRegion,module,3,3,1.000000
AdministrativeRegion,munFormation1LeaderTitle,3,65,0.046154
AdministrativeRegion,music,3,3,1.000000
AdministrativeRegion,nationalRepresentation,3,3,1.000000
AdministrativeRegion,Noautocat,3,269,0.011152
AdministrativeRegion,officetype,3,3,1.000000
AdministrativeRegion,ontpartylink,3,3,1.000000
AdministrativeRegion,otherLang,3,11,0.272727
AdministrativeRegion,owner,3,3,1.000000
AdministrativeRegion,perCapitaGdp,3,3,1.000000
AdministrativeRegion,perCapitaGdpRank,3,3,1.000000
AdministrativeRegion,pet,3,3,1.000000
AdministrativeRegion,photo,3,3,1.000000
AdministrativeRegion,photo1c,3,3,1.000000
AdministrativeRegion,photo2c,3,3,1.000000
AdministrativeRegion,photo3a,3,3,1.000000
AdministrativeRegion,poem,3,3,1.000000
AdministrativeRegion,pop2002census,3,3,1.000000
AdministrativeRegion,pop2002censusRank,3,3,1.000000
AdministrativeRegion,popLatestRef,3,3,1.000000
AdministrativeRegion,populationDensityBlank1Km,3,279,0.010753
AdministrativeRegion,populationDensityMetroKm,3,16,0.187500
AdministrativeRegion,previousVersions,3,3,1.000000
AdministrativeRegion,publisher,3,3,1.000000
AdministrativeRegion,pushpinMapNarrow,3,7,0.428571
AdministrativeRegion,quarterReleaseDate,3,4,0.750000
AdministrativeRegion,regionSeatTitle,3,3,1.000000
AdministrativeRegion,rules,3,77,0.038961
AdministrativeRegion,salary,3,3,1.000000
AdministrativeRegion,seats1Title,3,3,1.000000
AdministrativeRegion,seats2Title,3,3,1.000000
AdministrativeRegion,seats3Title,3,3,1.000000
AdministrativeRegion,sepLight,3,4,0.750000
AdministrativeRegion,shapeOutline,3,7,0.428571
AdministrativeRegion,sheriffparty,3,114,0.026316
AdministrativeRegion,shield,3,3,1.000000
AdministrativeRegion,shinjitai,3,3,1.000000
AdministrativeRegion,shortDescription,3,6,0.500000
AdministrativeRegion,siteRef,3,4,0.750000
AdministrativeRegion,skhangul,3,3,1.000000
AdministrativeRegion,small,3,46,0.065217
AdministrativeRegion,spoken,3,4,0.750000
AdministrativeRegion,statesattorney,3,3,1.000000
AdministrativeRegion,superintendent,3,3,1.000000
AdministrativeRegion,nkp,3,6,0.500000
AdministrativeRegion,r,3,6,0.500000
AdministrativeRegion,tableWidth,3,16,0.187500
AdministrativeRegion,totalGdp,3,3,1.000000
AdministrativeRegion,totalGdpRank,3,3,1.000000
AdministrativeRegion,transChapter,3,4,0.750000
AdministrativeRegion,treasurercollector,3,3,1.000000
AdministrativeRegion,treasurerparty,3,110,0.027273
AdministrativeRegion,unsworntype,3,13,0.230769
AdministrativeRegion,useLgaMap,3,1194,0.002513
AdministrativeRegion,weapons,3,3,1.000000
AdministrativeRegion,whs,3,4,0.750000
AdministrativeRegion,yearRepresentative,3,3,1.000000
Person,stateDelegate,2,7,0.285714
Person,winsAtLET,2,11,0.181818
Person,winsAtProTournaments,2,2,1.000000
Person,nowiki%3Estatlabel,2,2,1.000000
Person,1split,2,2,1.000000
Person,247sportsRefTitle,2,2,1.000000
Person,247sportsStars,2,3,0.666667
Person,2namedate,2,2,1.000000
Person,2ndTermStart,2,2,1.000000
Person,3ps,2,2,1.000000
Person,50ActiveYears,2,2,1.000000
Person,50Manufacturers,2,2,1.000000
Person,50RaceStarts,2,2,1.000000
Person,50TotalPoints,2,2,1.000000
Person,8blankname,2,2,1.000000
Person,8p,2,2,1.000000
Person,9a,2,2,1.000000
Person,9blankname,2,2,1.000000
Person,9namedata,2,2,1.000000
Person,9y,2,2,1.000000
Person,acting,2,2,1.000000
Person,action,2,5,0.400000
Person,activeYears,2,2,1.000000
Person,activity,2,2,1.000000
Person,administrator,2,2,1.000000
Person,adoption,2,2,1.000000
Person,advisor,2,2,1.000000
Person,affiliated,2,2,1.000000
Person,aflallstar,2,2,1.000000
Person,aflAppearances,2,2,1.000000
Person,aflGoals,2,2,1.000000
Person,aflPosition,2,2,1.000000
Person,aflYear1end,2,2,1.000000
Person,aflYear1start,2,2,1.000000
Person,afterParty,2,3,0.666667
Person,album10Releasedate,2,2,1.000000
Person,album1Formats,2,2,1.000000
Person,album2Formats,2,2,1.000000
Person,album3Label,2,2,1.000000
Person,album4Label,2,2,1.000000
Person,album4Releasedate,2,3,0.666667
Person,album5Label,2,2,1.000000
Person,album5Releasedate,2,3,0.666667
Person,album6Label,2,2,1.000000
Person,album7Label,2,2,1.000000
Person,album8Label,2,2,1.000000
Person,album9Releasedate,2,2,1.000000
Person,alignment,2,2,1.000000
Person,allAlbums,2,23,0.086957
Person,allCerts,2,3,0.666667
Person,allirelands,2,2,1.000000
Person,allstar,2,4,0.500000
Person,almaMaster,2,2,1.000000
Person,altColor,2,2,1.000000
Person,alumna,2,2,1.000000
Person,alumni,2,2,1.000000
Person,amDecloss,2,13,0.153846
Person,amdraws,2,2,1.000000
Person,americann,2,3,0.666667
Person,americanw,2,3,0.666667
Person,amkowins,2,2,1.000000
Person,amNc,2,3,0.666667
Person,amSubloss,2,13,0.153846
Person,amwins,2,2,1.000000
Person,animator,2,3,0.666667
Person,appealedTo,2,2,1.000000
Person,appearance,2,2,1.000000
Person,arena,2,2,1.000000
Person,ashachampion,2,2,1.000000
Person,assassinationPlace,2,2,1.000000
Person,assistant,2,4,0.500000
Person,assists,2,2,1.000000
Person,associate2End,2,2,1.000000
Person,associate2Start,2,2,1.000000
Person,associateEnd,2,2,1.000000
Person,associateStart,2,2,1.000000
Person,athleticsName,2,2,1.000000
Person,authority,2,2,1.000000
Person,authorMask,2,3,0.666667
Person,award12n,2,3,0.666667
Person,award12w,2,3,0.666667
Person,award13w,2,2,1.000000
Person,award14w,2,2,1.000000
Person,award15w,2,2,1.000000
Person,badges,2,2,1.000000
Person,badgeSize,2,2,1.000000
Person,basestyle,2,3,0.666667
Person,baseWidth,2,2,1.000000
Person,bday,2,2,1.000000
Person,bdoWorldTrophy,2,2,1.000000
Person,beforeParty,2,3,0.666667
Person,bench1C,2,2,1.000000
Person,bench1Pf,2,2,1.000000
Person,bench1Pg,2,2,1.000000
Person,bench1Sf,2,2,1.000000
Person,bench2C,2,2,1.000000
Person,bench3Label,2,2,1.000000
Person,bench3Pg,2,2,1.000000
Person,bench3Sf,2,2,1.000000
Person,bench3Sg,2,2,1.000000
Person,bestYear,2,2,1.000000
Person,bf1Championships,2,8,0.250000
Person,bgcolour,2,3,0.666667
Person,bias,2,3,0.666667
Person,bindings,2,2,1.000000
Person,birthdate,2,2,1.000000
Person,blog,2,2,1.000000
Person,blogurl,2,2,1.000000
Person,bmonth,2,2,1.000000
Person,bn,2,2,1.000000
Person,bracket,2,12,0.166667
Person,bssActiveYears,2,3,0.666667
Person,bssChampionships,2,4,0.500000
Person,bssFastestLaps,2,4,0.500000
Person,bssLastPosition,2,2,1.000000
Person,bssLastSeason,2,2,1.000000
Person,bvNationalyears,2,2,1.000000
Person,byear,2,2,1.000000
Person,canadianOlympicTrialsAppearances,2,2,1.000000
Person,candidates,2,3,0.666667
Person,candidatetitle,2,2,1.000000
Person,car,2,2,1.000000
Person,careerHistory,2,2,1.000000
Person,careerRole,2,2,1.000000
Person,careerTemplate,2,2,1.000000
Person,cast,2,2,1.000000
Person,cation,2,2,1.000000
Person,caught,2,3,0.666667
Person,causeofdeath,2,2,1.000000
Person,causes,2,2,1.000000
Person,cert,2,2,1.000000
Person,chairmen,2,2,1.000000
Person,champion,2,161,0.012422
Person,chancellorLink,2,6,0.333333
Person,char,2,2,1.000000
Person,characters,2,2,1.000000
Person,charte,2,3,0.666667
Person,chief1Name,2,2,1.000000
Person,chiefExecutive,2,2,1.000000
Person,chiefJustice,2,2,1.000000
Person,chiefJusticeEnd,2,2,1.000000
Person,chiefJusticeStart,2,2,1.000000
Person,chiefOfStaff,2,2,1.000000
Person,chiefOfStaffStart,2,2,1.000000
Person,children.,2,2,1.000000
Person,chilren,2,2,1.000000
Person,citedFor,2,2,1.000000
Person,cityarticle,2,2,1.000000
Person,clanName,2,38,0.052632
Person,classifications,2,2,1.000000
Person,claTeam,2,2,1.000000
Person,clubGaa,2,2,1.000000
Person,clubsh,2,2,1.000000
Person,coachdrawsd,2,7,0.285714
Person,coachdrawse,2,3,0.666667
Person,coachgamese,2,3,0.666667
Person,coachwin%25_,2,2,1.000000
Person,coachwin%25a,2,2,1.000000
Person,coachwina,2,2,1.000000
Person,coatofarms,2,2,1.000000
Person,collaborations,2,2,1.000000
Person,colors,2,2,1.000000
Person,commerce,2,2,1.000000
Person,commerceEnd,2,2,1.000000
Person,commerceStart,2,2,1.000000
Person,commercial,2,2,1.000000
Person,commissioner,2,2,1.000000
Person,commonwealthGames,2,2,1.000000
Person,compact,2,7,0.285714
Person,companyType,2,2,1.000000
Person,compensation,2,2,1.000000
Person,condition,2,2,1.000000
Person,constanding,2,2,1.000000
Person,constituencyMla,2,2,1.000000
Person,contents,2,2,1.000000
Person,convener,2,2,1.000000
Person,conventionalLongName,2,3,0.666667
Person,coronaCarTeam,2,2,1.000000
Person,corrections,2,3,0.666667
Person,cost,2,2,1.000000
Person,courtlistener,2,2,1.000000
Person,courtseal,2,2,1.000000
Person,cousins,2,2,1.000000
Person,cr,2,20,0.100000
Person,created,2,2,1.000000
Person,culturalOrigins,2,2,1.000000
Person,cup,2,2,1.000000
Person,curators,2,2,1.000000
Person,currentCareer,2,2,1.000000
Person,currentDesignation,2,2,1.000000
Person,currentHead,2,2,1.000000
Person,currentlyLives,2,2,1.000000
Person,currentowner,2,2,1.000000
Person,currentOwner,2,2,1.000000
Person,currentSpouse,2,2,1.000000
Person,dae,2,2,1.000000
Person,datE,2,2,1.000000
Person,db,2,9,0.222222
Person,deceased,2,2,1.000000
Person,decidedate,2,2,1.000000
Person,decideyear,2,2,1.000000
Person,decimals,2,3,0.666667
Person,defenceminister,2,3,0.666667
Person,demographic,2,2,1.000000
Person,deployment,2,2,1.000000
Person,deposition,2,2,1.000000
Person,designatedNrhpType,2,2,1.000000
Person,designatedOther1Abbr,2,2,1.000000
Person,designatedOther1Color,2,2,1.000000
Person,designatedOther1Date,2,2,1.000000
Person,designatedOther1Link,2,2,1.000000
Person,designatedOther1Name,2,2,1.000000
Person,designatedPahistoricType,2,2,1.000000
Person,designation1Type,2,7,0.285714
Person,designations,2,2,1.000000
Person,dfen,2,2,1.000000
Person,directorOfIntergovernmentalAffairsEnd,2,2,1.000000
Person,distinctions,2,2,1.000000
Person,dno,2,2,1.000000
Person,driversChamp,2,2,1.000000
Person,dte,2,2,1.000000
Person,duplicateCommands,2,2,1.000000
Person,ecoPhilippines,2,3,0.666667
Person,editorialBoards,2,2,1.000000
Person,eligibility,2,2,1.000000
Person,en,2,2,1.000000
Person,endTime,2,2,1.000000
Person,englandMasters,2,2,1.000000
Person,english,2,2,1.000000
Person,eptMainEventFinishes,2,2,1.000000
Person,erfolg,2,2,1.000000
Person,error,2,7,0.285714
Person,ewcPodiums,2,2,1.000000
Person,expdraftedround,2,4,0.500000
Person,expdraftedteam,2,4,0.500000
Person,expenses,2,2,1.000000
Person,expert,2,2,1.000000
Person,failed,2,172,0.011628
Person,familyMembers,2,2,1.000000
Person,father'sName,2,2,1.000000
Person,favoriteColor,2,2,1.000000
Person,fecha,2,2,1.000000
Person,fellowship,2,2,1.000000
Person,female,2,2088,0.000958
Person,fi,2,2,1.000000
Person,fieldgoalse,2,157,0.012739
Person,fifaRank,2,2,1.000000
Person,fightTeam,2,2,1.000000
Person,filmfarew,2,2,1.000000
Person,final,2,2,1.000000
Person,finalsChamp,2,2,1.000000
Person,finalsLink,2,2,1.000000
Person,finalsRunnerUp,2,2,1.000000
Person,finnishleague,2,2,1.000000
Person,firstGneastRace,2,25,0.080000
Person,firstGneastWin,2,7,0.285714
Person,firstGpWin,2,2,1.000000
Person,firstLightsWin,2,4,0.500000
Person,flagbearer,2,2,1.000000
Person,floatWidth,2,2,1.000000
Person,floorCount,2,2,1.000000
Person,fm,2,8,0.250000
Person,fmt,2,56,0.035714
Person,formerLeague,2,2,1.000000
Person,frenchopenseniorresult,2,2,1.000000
Person,gb,2,2,1.000000
Person,gd,2,2,1.000000
Person,gkNat,2,2,1.000000
Person,goalsh,2,3,0.666667
Person,gpLastPosition,2,2,1.000000
Person,grade,2,6,0.333333
Person,grandchild,2,2,1.000000
Person,grandkids,2,2,1.000000
Person,grandparents,2,2,1.000000
Person,grandsons,2,2,1.000000
Person,gs,2,2,1.000000
Person,hain,2,2,1.000000
Person,halign,2,91,0.021978
Person,handle,2,2,1.000000
Person,hangula,2,2,1.000000
Person,hanjagye,2,2,1.000000
Person,hanji,2,2,1.000000
Person,hatchPlace,2,2,1.000000
Person,"health,Education,AndWelfare",2,2,1.000000
Person,"health,Education,AndWelfareEnd",2,2,1.000000
Person,"health,Education,AndWelfareStart",2,2,1.000000
Person,height.,2,2,1.000000
Person,heirApparent,2,2,1.000000
Person,hidedeliveries,2,3160,0.000633
Person,higher,2,2,1.000000
Person,hoffuture,2,30,0.066667
Person,hofyear,2,2,1.000000
Person,homeSecretary,2,2,1.000000
Person,honorifixSuffix,2,2,1.000000
Person,horusPrefix,2,2,1.000000
Person,hungarianleague,2,2,1.000000
Person,icallstars,2,2,1.000000
Person,identifier,2,2,1.000000
Person,idNumber,2,2,1.000000
Person,image1Description,2,2,1.000000
Person,image2Alt,2,2,1.000000
Person,images,2,2,1.000000
Person,imagewidth,2,3,0.666667
Person,imgwidth,2,2,1.000000
Person,inaccurate,2,44,0.045455
Person,indent,2,36,0.055556
Person,info,2,2,1.000000
Person,infoHdr,2,2,1.000000
Person,informal,2,3,0.666667
Person,inker,2,19,0.105263
Person,inquest,2,2,1.000000
Person,insigniacaption,2,2,1.000000
Person,insigniasize,2,2,1.000000
Person,integer,2,994,0.002012
Person,ipa,2,2,1.000000
Person,ismAr,2,2,1.000000
Person,issue.,2,2,1.000000
Person,joinmajority,2,3,0.666667
Person,jstor,2,2,1.000000
Person,khlDraft,2,2,1.000000
Person,khlDraftTeam,2,2,1.000000
Person,khlDraftYear,2,2,1.000000
Person,kickboxDecloss,2,3,0.666667
Person,kickboxDecwin,2,2,1.000000
Person,kickboxingncs,2,13,0.153846
Person,kickboxTotal,2,2,1.000000
Person,kmLatn,2,2,1.000000
Person,knownfor,2,2,1.000000
Person,kohan,2,2,1.000000
Person,koreanHeader,2,2,1.000000
Person,kunya,2,2,1.000000
Person,r,2,4,0.500000
Person,label7Size,2,3,0.666667
Person,label9Size,2,2,1.000000
Person,labelColord,2,4,0.500000
Person,lambrequin,2,2,1.000000
Person,lastGneastRace,2,22,0.090909
Person,lastGneastWin,2,6,0.333333
Person,lastHolder,2,2,1.000000
Person,lat11Deg,2,3,0.666667
Person,lat11Min,2,2,1.000000
Person,lat12Deg,2,2,1.000000
Person,lat1Dir,2,5,0.400000
Person,lat2Dir,2,7,0.285714
Person,lat3Dir,2,4,0.500000
Person,lat4Dir,2,5,0.400000
Person,lat6Min,2,2,1.000000
Person,lat7Min,2,2,1.000000
Person,latDir,2,18,0.111111
Person,lbNat,2,2,1.000000
Person,lcbNat,2,2,1.000000
Person,lcmNat,2,2,1.000000
Person,ldm,2,2,1.000000
Person,légende,2,2,1.000000
Person,legendstype,2,34,0.058824
Person,legislatures,2,2,1.000000
Person,lengthM,2,3,0.666667
Person,lengthMetric,2,2,1.000000
Person,list1title,2,2,1.000000
Person,listclass,2,65,0.030769
Person,listtitlestyle,2,2,1.000000
Person,litigants,2,2,1.000000
Person,liveAlbums,2,2,1.000000
Person,lmz,2,2,1.000000
Person,lo,2,2,1.000000
Person,locale,2,2,1.000000
Person,locationTown,2,2,1.000000
Person,logocaption,2,2,1.000000
Person,lon11Deg,2,3,0.666667
Person,lon11Min,2,2,1.000000
Person,lon12Deg,2,2,1.000000
Person,lon1Dir,2,5,0.400000
Person,lon2Dir,2,8,0.250000
Person,lon3Dir,2,5,0.400000
Person,lon4Dir,2,6,0.333333
Person,lon4Sec,2,4,0.500000
Person,lon5Dir,2,4,0.500000
Person,lon6Min,2,2,1.000000
Person,lon7Min,2,2,1.000000
Person,lonDir,2,19,0.105263
Person,longName,2,2,1.000000
Person,lower,2,2,1.000000
Person,magnumOpus,2,2,1.000000
Person,mainClassification,2,2,1.000000
Person,mangaArtist,2,51,0.039216
Person,mapType,2,2,1.000000
Person,margin,2,26,0.076923
Person,mark1size,2,2,1.000000
Person,mark7size,2,3,0.666667
Person,marker,2,2,1.000000
Person,markImage,2,2,1.000000
Person,marriedDate,2,2,1.000000
Person,marriedTo,2,2,1.000000
Person,mdz,2,2,1.000000
Person,methods,2,2,1.000000
Person,metricUnit,2,20,0.100000
Person,mf,2,2,1.000000
Person,miniHeight,2,2,1.000000
Person,minimap,2,2,1.000000
Person,minister1Party,2,2,1.000000
Person,minister4Termend,2,2,1.000000
Person,miniWidth,2,2,1.000000
Person,missing,2,2,1.000000
Person,missInternationalChile,2,5,0.400000
Person,missPanamá,2,3,0.666667
Person,mmakolosses,2,5,0.400000
Person,mmasublosses,2,3,0.666667
Person,mncV,2,2,1.000000
Person,mobile,2,2,1.000000
Person,mong,2,2,1.000000
Person,moto3Championships,2,117,0.017094
Person,motoeManufacturers,2,37,0.054054
Person,mp,2,2,1.000000
Person,multinational,2,3,0.666667
Person,multiYearWsopWinner,2,2,1.000000
Person,nallTeam,2,3,0.666667
Person,name10c,2,2,1.000000
Person,name11c,2,2,1.000000
Person,name11d,2,2,1.000000
Person,name11e,2,2,1.000000
Person,name14b,2,2,1.000000
Person,name14c,2,2,1.000000
Person,name18c,2,2,1.000000
Person,name19d,2,2,1.000000
Person,name20b,2,2,1.000000
Person,name21c,2,2,1.000000
Person,name21d,2,2,1.000000
Person,name22b,2,2,1.000000
Person,name23a,2,2,1.000000
Person,name2d,2,2,1.000000
Person,name2e,2,2,1.000000
Person,name3g,2,2,1.000000
Person,name3h,2,2,1.000000
Person,name7c,2,2,1.000000
Person,name8c,2,2,1.000000
Person,name9b,2,2,1.000000
Person,nameslug,2,2,1.000000
Person,nameTrans,2,2,1.000000
Person,nasabAr,2,2,1.000000
Person,nationalcaps(goals)_,2,2,1.000000
Person,nationality.,2,2,1.000000
Person,nativeLanguage,2,2,1.000000
Person,nativename,2,2,1.000000
Person,nativePlace,2,2,1.000000
Person,navbar,2,15,0.133333
Person,ncaaChampionships,2,3,0.666667
Person,ncaaTournamentApperances,2,2,1.000000
Person,needed,2,21,0.095238
Person,newsOfTheWorldTournament,2,2,1.000000
Person,newspaper,2,2,1.000000
Person,nflwd,2,2,1.000000
Person,nickname(s)_,2,2,1.000000
Person,nocat,2,5,0.400000
Person,nolist,2,786,0.002545
Person,nomeurl,2,2,1.000000
Person,noOfTeams,2,4,0.500000
Person,noprescript,2,15,0.133333
Person,noPrescript,2,12,0.166667
Person,nosales,2,2,1.000000
Person,noshipments,2,2,1.000000
Person,nosplit,2,7,0.285714
Person,notableRole,2,2,1.000000
Person,numberOfLegs,2,3,0.666667
Person,numbers,2,2,1.000000
Person,numéro,2,2,1.000000
Person,numparts,2,2,1.000000
Person,numSeasons,2,3,0.666667
Person,observedby,2,2,1.000000
Person,oc,2,17,0.117647
Person,occupants,2,2,1.000000
Person,occurrenceType,2,7,0.285714
Person,office3.,2,2,1.000000
Person,officeStart,2,2,1.000000
Person,officialStatus,2,2,1.000000
Person,onetype,2,261,0.007663
Person,onlineBooks,2,11,0.181818
Person,onlinebooksby,2,411,0.004866
Person,only,2,139,0.014388
Person,operationsEnd,2,2,1.000000
Person,operationsStart,2,3,0.666667
Person,orgFunction,2,2,1.000000
Person,originalname,2,2,1.000000
Person,originator,2,2,1.000000
Person,otherAffiliations,2,2,1.000000
Person,otherChampionships,2,2,1.000000
Person,othercomps,2,2,1.000000
Person,otherDegrees,2,2,1.000000
Person,otherRelatives,2,2,1.000000
Person,othertitles,2,2,1.000000
Person,othertournamentsmixeddoubles,2,68,0.029412
Person,otherWork,2,2,1.000000
Person,out,2,15,0.133333
Person,parliamentaryGroup,2,3,0.666667
Person,participatedIn,2,2,1.000000
Person,partido,2,2,1.000000
Person,partiy,2,2,1.000000
Person,partnerships,2,2,1.000000
Person,party2name,2,2,1.000000
Person,pd,2,2,1.000000
Person,pdcWorldCupOfDarts,2,2,1.000000
Person,peak,2,2,1.000000
Person,peak11a,2,2,1.000000
Person,peak12a,2,2,1.000000
Person,peak14a,2,2,1.000000
Person,peak19a,2,2,1.000000
Person,peak19b,2,2,1.000000
Person,peak2c,2,2,1.000000
Person,peerage,2,6,0.333333
Person,penciler,2,4,0.500000
Person,ph.d.,2,2,1.000000
Person,phoneNumber,2,2,1.000000
Person,picture,2,2,1.000000
Person,pixels,2,4,0.500000
Person,plain,2,3,0.666667
Person,playerEnd,2,2,1.000000
Person,playerNumber,2,2,1.000000
Person,playerStart,2,2,1.000000
Person,polePositions,2,2,1.000000
Person,postNom,2,2,1.000000
Person,postscript,2,2,1.000000
Person,preceeded,2,2,1.000000
Person,predeccesor,2,2,1.000000
Person,premierships,2,4,0.500000
Person,prenomenTranslation,2,2,1.000000
Person,present,2,2,1.000000
Person,presentedCredentials,2,2,1.000000
Person,presidentLink,2,2,1.000000
Person,primeministers,2,2,1.000000
Person,primeminster,2,2,1.000000
Person,principal,2,2,1.000000
Person,producers,2,2,1.000000
Person,professions,2,2,1.000000
Person,programmingLanguage,2,2,1.000000
Person,promoter,2,2,1.000000
Person,provincialRiding,2,2,1.000000
Person,publicación,2,2,1.000000
Person,pureUrl,2,20,0.100000
Person,raceWins,2,2,1.000000
Person,raisedPlace,2,2,1.000000
Person,ratitles,2,3,0.666667
Person,rbNat,2,2,1.000000
Person,rcbNat,2,2,1.000000
Person,rcmNat,2,2,1.000000
Person,rdm,2,2,1.000000
Person,reasonator,2,2,1.000000
Person,refereeEnd,2,2,1.000000
Person,references,2,2,1.000000
Person,reg.Electors,2,2,1.000000
Person,regionalCupApps,2,2,1.000000
Person,regionalName,2,2,1.000000
Person,regionalsType,2,18,0.111111
Person,reign.,2,2,1.000000
Person,related,2,2,1.000000
Person,relatedShows,2,2,1.000000
Person,relationshipStatus,2,2,1.000000
Person,religiousAffiliation,2,2,1.000000
Person,reportedInjuries,2,2,1.000000
Person,representation,2,2,1.000000
Person,representative,2,2,1.000000
Person,residency,2,2,1.000000
Person,rev4score,2,2,1.000000
Person,rightCardinalName,2,2,1.000000
Person,rlCurrentposition,2,2,1.000000
Person,rlTotalapps,2,2,1.000000
Person,rlTotalpoints,2,2,1.000000
Person,rlYouthyears,2,2,1.000000
Person,rooms,2,2,1.000000
Person,row11At,2,2,1.000000
Person,row11Text,2,2,1.000000
Person,row12At,2,2,1.000000
Person,row13At,2,2,1.000000
Person,row14At,2,2,1.000000
Person,row14Text,2,2,1.000000
Person,row15At,2,2,1.000000
Person,row15Text,2,2,1.000000
Person,row21Text,2,2,1.000000
Person,row21To,2,2,1.000000
Person,royalTitle,2,3,0.666667
Person,rss,2,2,1.000000
Person,ruCoachyear4start,2,2,1.000000
Person,ruCoachyearbend,2,2,1.000000
Person,ruFieldgoalsd,2,27,0.074074
Person,ruGoalsf,2,9,0.222222
Person,rus,2,2,1.000000
Person,samadhiPlace,2,2,1.000000
Person,scale,2,12,0.166667
Person,school.,2,2,1.000000
Person,schoolAttended,2,2,1.000000
Person,scienceParty,2,2,1.000000
Person,scienceStart,2,2,1.000000
Person,scout,2,2,1.000000
Person,scouts,2,2,1.000000
Person,season12PlayoffGoalsAgainst,2,2,1.000000
Person,season12PlayoffMinutes,2,2,1.000000
Person,season12PlayoffPenaltyMinutes,2,9,0.222222
Person,season12PlayoffSaves,2,2,1.000000
Person,season13GroundBalls,2,2,1.000000
Person,season13PlayoffLoss,2,3,0.666667
Person,season13Shots,2,2,1.000000
Person,season13Team,2,5,0.400000
Person,season14GroundBalls,2,2,1.000000
Person,season14PlayoffLoss,2,4,0.500000
Person,season14PlayoffPenaltyMinutes,2,5,0.400000
Person,season14Team,2,7,0.285714
Person,season15PlayoffGoalsAgainst,2,2,1.000000
Person,season15PlayoffMinutes,2,2,1.000000
Person,season15PlayoffSaves,2,2,1.000000
Person,season15Team,2,2,1.000000
Person,season16PlayoffLoss,2,4,0.500000
Person,season16PlayoffSeconds,2,2,1.000000
Person,season18GoalsAgainst,2,2,1.000000
Person,season18Loss,2,2,1.000000
Person,season18Minutes,2,2,1.000000
Person,season18PenaltyMinutes,2,3,0.666667
Person,season18Saves,2,2,1.000000
Person,season18Seconds,2,2,1.000000
Person,season19GoalsAgainst,2,2,1.000000
Person,season19Loss,2,2,1.000000
Person,season19Minutes,2,2,1.000000
Person,season19PlayoffGoals,2,2,1.000000
Person,season19PlayoffGoalsAgainst,2,2,1.000000
Person,season19PlayoffMinutes,2,2,1.000000
Person,season19PlayoffSeconds,2,2,1.000000
Person,season19Saves,2,2,1.000000
Person,season19Seconds,2,2,1.000000
Person,season19Wins,2,2,1.000000
Person,season1Playoff2ptGoals,2,5,0.400000
Person,season1PlayoffGoalsAgainst,2,2,1.000000
Person,season1PlayoffLoss,2,2,1.000000
Person,season1PlayoffMinutes,2,2,1.000000
Person,season1PlayoffPenalties,2,6,0.333333
Person,season1PlayoffSaves,2,2,1.000000
Person,season1PlayoffSeconds,2,2,1.000000
Person,season1PlayoffWins,2,2,1.000000
Person,season20TeamLink,2,5,0.400000
Person,season21Assists,2,2,1.000000
Person,season21Goals,2,2,1.000000
Person,season21LooseBalls,2,2,1.000000
Person,season21PenaltyMinutes,2,2,1.000000
Person,season21TeamLink,2,3,0.666667
Person,season22Assists,2,2,1.000000
Person,season22GamesPlayed,2,2,1.000000
Person,season22Goals,2,2,1.000000
Person,season22LooseBalls,2,2,1.000000
Person,season22TeamLink,2,2,1.000000
Person,season22Year,2,2,1.000000
Person,season23Assists,2,2,1.000000
Person,season23Goals,2,2,1.000000
Person,season23LooseBalls,2,2,1.000000
Person,season23PenaltyMinutes,2,2,1.000000
Person,season23PlayoffGamesPlayed,2,2,1.000000
Person,season23PlayoffLooseBalls,2,2,1.000000
Person,season23TeamLink,2,2,1.000000
Person,season23Year,2,2,1.000000
Person,season2Playoff2ptGoals,2,2,1.000000
Person,season2PlayoffLoss,2,3,0.666667
Person,season2PlayoffSeconds,2,2,1.000000
Person,season3Playoff2ptGoals,2,4,0.500000
Person,season3PlayoffPenalties,2,4,0.500000
Person,season4League,2,8,0.250000
Person,season4PlayoffFaceoffsAtt,2,2,1.000000
Person,season4PlayoffFaceoffsWon,2,2,1.000000
Person,season52ptGoals,2,5,0.400000
Person,season5League,2,8,0.250000
Person,season5Penalties,2,2,1.000000
Person,season62ptGoals,2,2,1.000000
Person,season6League,2,5,0.400000
Person,season72ptGoals,2,2,1.000000
Person,season7FaceoffsAtt,2,3,0.666667
Person,season7FaceoffsWon,2,2,1.000000
Person,season8PlayoffGroundBalls,2,2,1.000000
Person,season8PlayoffLoss,2,3,0.666667
Person,season8PlayoffWins,2,2,1.000000
Person,season92ptGoals,2,2,1.000000
Person,season9FaceoffsAtt,2,2,1.000000
Person,season9PlayoffLoss,2,5,0.400000
Person,season9PlayoffShots,2,2,1.000000
Person,seasonChampName,2,2,1.000000
Person,seasonslistnames,2,4,0.500000
Person,seatingCapacity,2,2,1.000000
Person,seats3Title,2,3,0.666667
Person,senior,2,16,0.125000
Person,served,2,2,1.000000
Person,branch,2,2,1.000000
Person,serviceyear,2,2,1.000000
Person,settlementType,2,2,1.000000
Person,shapeColord,2,4,0.500000
Person,shipCountry,2,2,1.000000
Person,shipName,2,2,1.000000
Person,shipRoute,2,2,1.000000
Person,shipType,2,2,1.000000
Person,shoeSize,2,2,1.000000
Person,shortlink,2,293,0.006826
Person,shortName,2,2,1.000000
Person,shot,2,5,0.400000
Person,showDimensions,2,28,0.071429
Person,showMaterial,2,28,0.071429
Person,signatories,2,2,1.000000
Person,single5date,2,2,1.000000
Person,sisters,2,2,1.000000
Person,sitename,2,2,1.000000
Person,skmr,2,2,1.000000
Person,skrr,2,2,1.000000
Person,sonName,2,2,1.000000
Person,sourcearticle,2,2,1.000000
Person,sp,2,3,0.666667
Person,speciality,2,2,1.000000
Person,sportsillustrated,2,2,1.000000
Person,spouseBirthName,2,2,1.000000
Person,spuse,2,2,1.000000
Person,ss300ActiveYears,2,5,0.400000
Person,ss300Championships,2,7,0.285714
Person,stack,2,9,0.222222
Person,stand,2,2,1.000000
Person,starterC,2,2,1.000000
Person,starterPf,2,2,1.000000
Person,starterPg,2,2,1.000000
Person,starterSf,2,2,1.000000
Person,starterSg,2,2,1.000000
Person,startTime,2,2,1.000000
Person,stat26label,2,2,1.000000
Person,stat26value,2,2,1.000000
Person,stat44value,2,2,1.000000
Person,stats,2,79,0.025316
Person,streaming,2,2,1.000000
Person,strip,2,20,0.100000
Person,subdivisionName,2,2,1.000000
Person,subsidiaries,2,2,1.000000
Person,sucessor,2,2,1.000000
Person,supplement,2,2,1.000000
Person,sure,2,68,0.029412
Person,survivors,2,6,0.333333
Person,tan,2,25,0.080000
Person,teacher(s)_,2,2,1.000000
Person,teamaend,2,2,1.000000
Person,teamastart,2,2,1.000000
Person,teammate,2,2,1.000000
Person,teamnumber,2,2,1.000000
Person,teamslug,2,2,1.000000
Person,televisionSeries,2,2,1.000000
Person,teo,2,2,1.000000
Person,term10c,2,2,1.000000
Person,term11c,2,2,1.000000
Person,term11d,2,2,1.000000
Person,term11e,2,2,1.000000
Person,term14b,2,2,1.000000
Person,term14c,2,2,1.000000
Person,term18c,2,2,1.000000
Person,term19d,2,2,1.000000
Person,term20b,2,2,1.000000
Person,term21c,2,2,1.000000
Person,term21d,2,2,1.000000
Person,term22b,2,2,1.000000
Person,term23a,2,2,1.000000
Person,term2d,2,2,1.000000
Person,term2e,2,2,1.000000
Person,term3g,2,2,1.000000
Person,term3h,2,2,1.000000
Person,term7c,2,2,1.000000
Person,term8c,2,2,1.000000
Person,term9b,2,2,1.000000
Person,termEnded,2,2,1.000000
Person,termEnds,2,2,1.000000
Person,terminusA,2,3,0.666667
Person,terminusB,2,3,0.666667
Person,termStarts,2,2,1.000000
Person,theatre,2,2,1.000000
Person,thesisDate,2,2,1.000000
Person,titlebackground,2,2,1.000000
Person,titlebar,2,6,0.333333
Person,toggle,2,115,0.017391
Person,tours,2,2,1.000000
Person,toWin,2,6,0.333333
Person,towns,2,2,1.000000
Person,tradeName,2,2,1.000000
Person,transcripts,2,2,1.000000
Person,tremennings,2,2,1.000000
Person,triesh,2,3,0.666667
Person,turnedproType,2,51,0.039216
Person,tw,2,2,1.000000
Person,uccessor,2,2,1.000000
Person,unknlast,2,2,1.000000
Person,unknnext,2,2,1.000000
Person,unverified,2,2,1.000000
Person,us,2,2,1.000000
Person,version,2,7,0.285714
Person,vicechairman,2,2,1.000000
Person,viceMayor,2,2,1.000000
Person,vote,2,2,1.000000
Person,wayback,2,2,1.000000
Person,wcccdoublesresult,2,10,0.200000
Person,wcccmixeddoublesresult,2,5,0.400000
Person,wcrelayspodiums,2,2,1.000000
Person,wcrelayswins,2,2,1.000000
Person,web,2,2,1.000000
Person,websiteType,2,2,1.000000
Person,weightKgs,2,2,1.000000
Person,weightSt,2,2,1.000000
Person,wg,2,2,1.000000
Person,widthLeft,2,3,0.666667
Person,widthRight,2,3,0.666667
Person,wife'sName,2,2,1.000000
Person,winnerPartyUnlinked,2,3,0.666667
Person,wlaTeam,2,2,1.000000
Person,worked,2,2,1.000000
Person,workPlace,2,2,1.000000
Person,worldChampionships,2,2,1.000000
Person,worldCupApps,2,2,1.000000
Person,worldcupstarts,2,3,0.666667
Person,writing,2,2,1.000000
Person,writingWidth,2,2,1.000000
Person,xfd,2,2,1.000000
Person,year0end,2,2,1.000000
Person,year15start,2,2,1.000000
Person,year16start,2,2,1.000000
Person,"years1,team",2,2,1.000000
Person,yearsInGneast,2,25,0.080000
Person,yearsOfService,2,2,1.000000
Person,yearsWithTeam,2,2,1.000000
Person,yeshivaPosition,2,2,1.000000
Person,zhu,2,2,1.000000
Person,zip,2,2,1.000000
Species,stateDelegate,2,7,0.285714
Species,winsAtLET,2,11,0.181818
Species,winsAtProTournaments,2,2,1.000000
Species,nowiki%3Estatlabel,2,2,1.000000
Species,1split,2,2,1.000000
Species,247sportsRefTitle,2,2,1.000000
Species,247sportsStars,2,3,0.666667
Species,2namedate,2,2,1.000000
Species,2ndTermStart,2,2,1.000000
Species,3ps,2,2,1.000000
Species,50ActiveYears,2,2,1.000000
Species,50Manufacturers,2,2,1.000000
Species,50RaceStarts,2,2,1.000000
Species,50TotalPoints,2,2,1.000000
Species,8blankname,2,2,1.000000
Species,8p,2,2,1.000000
Species,9a,2,2,1.000000
Species,9blankname,2,2,1.000000
Species,9namedata,2,2,1.000000
Species,9y,2,2,1.000000
Species,acting,2,2,1.000000
Species,action,2,5,0.400000
Species,activeYears,2,2,1.000000
Species,activity,2,2,1.000000
Species,administrator,2,2,1.000000
Species,adoption,2,2,1.000000
Species,advisor,2,2,1.000000
Species,affiliated,2,2,1.000000
Species,aflallstar,2,2,1.000000
Species,aflAppearances,2,2,1.000000
Species,aflGoals,2,2,1.000000
Species,aflPosition,2,2,1.000000
Species,aflYear1end,2,2,1.000000
Species,aflYear1start,2,2,1.000000
Species,afterParty,2,3,0.666667
Species,album10Releasedate,2,2,1.000000
Species,album1Formats,2,2,1.000000
Species,album2Formats,2,2,1.000000
Species,album3Label,2,2,1.000000
Species,album4Label,2,2,1.000000
Species,album4Releasedate,2,3,0.666667
Species,album5Label,2,2,1.000000
Species,album5Releasedate,2,3,0.666667
Species,album6Label,2,2,1.000000
Species,album7Label,2,2,1.000000
Species,album8Label,2,2,1.000000
Species,album9Releasedate,2,2,1.000000
Species,algaebase,2,2,1.000000
Species,alignment,2,2,1.000000
Species,allAlbums,2,23,0.086957
Species,allCerts,2,3,0.666667
Species,allirelands,2,2,1.000000
Species,allstar,2,4,0.500000
Species,almaMaster,2,2,1.000000
Species,altColor,2,2,1.000000
Species,alumna,2,2,1.000000
Species,alumni,2,2,1.000000
Species,amDecloss,2,13,0.153846
Species,amdraws,2,2,1.000000
Species,americann,2,3,0.666667
Species,americanw,2,3,0.666667
Species,amkowins,2,2,1.000000
Species,amNc,2,3,0.666667
Species,amSubloss,2,13,0.153846
Species,amwins,2,2,1.000000
Species,animator,2,3,0.666667
Species,appealedTo,2,2,1.000000
Species,appearance,2,2,1.000000
Species,arena,2,2,1.000000
Species,ashachampion,2,2,1.000000
Species,assassinationPlace,2,2,1.000000
Species,assistant,2,4,0.500000
Species,assists,2,2,1.000000
Species,associate2End,2,2,1.000000
Species,associate2Start,2,2,1.000000
Species,associateEnd,2,2,1.000000
Species,associateStart,2,2,1.000000
Species,athleticsName,2,2,1.000000
Species,authorMask,2,3,0.666667
Species,award12n,2,3,0.666667
Species,award12w,2,3,0.666667
Species,award13w,2,2,1.000000
Species,award14w,2,2,1.000000
Species,award15w,2,2,1.000000
Species,badges,2,2,1.000000
Species,badgeSize,2,2,1.000000
Species,bar,2,2,1.000000
Species,basestyle,2,3,0.666667
Species,baseWidth,2,2,1.000000
Species,bday,2,2,1.000000
Species,bdoWorldTrophy,2,2,1.000000
Species,beforeParty,2,3,0.666667
Species,bench1C,2,2,1.000000
Species,bench1Pf,2,2,1.000000
Species,bench1Pg,2,2,1.000000
Species,bench1Sf,2,2,1.000000
Species,bench2C,2,2,1.000000
Species,bench3Label,2,2,1.000000
Species,bench3Pg,2,2,1.000000
Species,bench3Sf,2,2,1.000000
Species,bench3Sg,2,2,1.000000
Species,bestYear,2,2,1.000000
Species,betaCaroteneUg,2,2,1.000000
Species,bf1Championships,2,8,0.250000
Species,bgcolour,2,3,0.666667
Species,bias,2,3,0.666667
Species,bindings,2,2,1.000000
Species,binomial2Authority,2,2,1.000000
Species,birthdate,2,2,1.000000
Species,blog,2,2,1.000000
Species,blogurl,2,2,1.000000
Species,bmonth,2,2,1.000000
Species,bn,2,2,1.000000
Species,bracket,2,12,0.166667
Species,bssActiveYears,2,3,0.666667
Species,bssChampionships,2,4,0.500000
Species,bssFastestLaps,2,4,0.500000
Species,bssLastPosition,2,2,1.000000
Species,bssLastSeason,2,2,1.000000
Species,bvNationalyears,2,2,1.000000
Species,byear,2,2,1.000000
Species,canadianOlympicTrialsAppearances,2,2,1.000000
Species,candidates,2,3,0.666667
Species,candidatetitle,2,2,1.000000
Species,car,2,2,1.000000
Species,careerHistory,2,2,1.000000
Species,careerRole,2,2,1.000000
Species,careerTemplate,2,2,1.000000
Species,cast,2,2,1.000000
Species,cation,2,2,1.000000
Species,caught,2,3,0.666667
Species,causeofdeath,2,2,1.000000
Species,causes,2,2,1.000000
Species,cert,2,2,1.000000
Species,chairmen,2,2,1.000000
Species,champion,2,161,0.012422
Species,chancellorLink,2,6,0.333333
Species,char,2,2,1.000000
Species,characters,2,2,1.000000
Species,charte,2,3,0.666667
Species,chief1Name,2,2,1.000000
Species,chiefExecutive,2,2,1.000000
Species,chiefJustice,2,2,1.000000
Species,chiefJusticeEnd,2,2,1.000000
Species,chiefJusticeStart,2,2,1.000000
Species,chiefOfStaff,2,2,1.000000
Species,chiefOfStaffStart,2,2,1.000000
Species,children.,2,2,1.000000
Species,chilren,2,2,1.000000
Species,citedFor,2,2,1.000000
Species,cityarticle,2,2,1.000000
Species,clanName,2,38,0.052632
Species,classifications,2,2,1.000000
Species,claTeam,2,2,1.000000
Species,clubGaa,2,2,1.000000
Species,clubsh,2,2,1.000000
Species,coachdrawsd,2,7,0.285714
Species,coachdrawse,2,3,0.666667
Species,coachgamese,2,3,0.666667
Species,coachwin%25_,2,2,1.000000
Species,coachwin%25a,2,2,1.000000
Species,coachwina,2,2,1.000000
Species,coatofarms,2,2,1.000000
Species,collaborations,2,2,1.000000
Species,colors,2,2,1.000000
Species,commerce,2,2,1.000000
Species,commerceEnd,2,2,1.000000
Species,commerceStart,2,2,1.000000
Species,commercial,2,2,1.000000
Species,commissioner,2,2,1.000000
Species,commonwealthGames,2,2,1.000000
Species,compact,2,7,0.285714
Species,companyType,2,2,1.000000
Species,compensation,2,2,1.000000
Species,condition,2,2,1.000000
Species,constanding,2,2,1.000000
Species,constituencyMla,2,2,1.000000
Species,contents,2,2,1.000000
Species,convener,2,2,1.000000
Species,conventionalLongName,2,3,0.666667
Species,coronaCarTeam,2,2,1.000000
Species,corrections,2,3,0.666667
Species,cost,2,2,1.000000
Species,courtlistener,2,2,1.000000
Species,courtseal,2,2,1.000000
Species,cousins,2,2,1.000000
Species,cr,2,20,0.100000
Species,created,2,2,1.000000
Species,culturalOrigins,2,2,1.000000
Species,cup,2,2,1.000000
Species,curators,2,2,1.000000
Species,currentCareer,2,2,1.000000
Species,currentDesignation,2,2,1.000000
Species,currentHead,2,2,1.000000
Species,currentlyLives,2,2,1.000000
Species,currentowner,2,2,1.000000
Species,currentOwner,2,2,1.000000
Species,currentSpouse,2,2,1.000000
Species,dae,2,2,1.000000
Species,datE,2,2,1.000000
Species,db,2,9,0.222222
Species,deceased,2,2,1.000000
Species,decidedate,2,2,1.000000
Species,decideyear,2,2,1.000000
Species,decimals,2,3,0.666667
Species,defenceminister,2,3,0.666667
Species,demographic,2,2,1.000000
Species,deployment,2,2,1.000000
Species,deposition,2,2,1.000000
Species,designatedNrhpType,2,2,1.000000
Species,designatedOther1Abbr,2,2,1.000000
Species,designatedOther1Color,2,2,1.000000
Species,designatedOther1Date,2,2,1.000000
Species,designatedOther1Link,2,2,1.000000
Species,designatedOther1Name,2,2,1.000000
Species,designatedPahistoricType,2,2,1.000000
Species,designation1Type,2,7,0.285714
Species,designations,2,2,1.000000
Species,dfen,2,2,1.000000
Species,directorOfIntergovernmentalAffairsEnd,2,2,1.000000
Species,displayParents,2,126,0.015873
Species,distinctions,2,2,1.000000
Species,distribution,2,2,1.000000
Species,dno,2,2,1.000000
Species,driversChamp,2,2,1.000000
Species,dte,2,2,1.000000
Species,duplicateCommands,2,2,1.000000
Species,ecoPhilippines,2,3,0.666667
Species,editorialBoards,2,2,1.000000
Species,eligibility,2,2,1.000000
Species,en,2,2,1.000000
Species,endTime,2,2,1.000000
Species,englandMasters,2,2,1.000000
Species,english,2,2,1.000000
Species,eptMainEventFinishes,2,2,1.000000
Species,erfolg,2,2,1.000000
Species,error,2,7,0.285714
Species,ewcPodiums,2,2,1.000000
Species,expdraftedround,2,4,0.500000
Species,expdraftedteam,2,4,0.500000
Species,expenses,2,2,1.000000
Species,expert,2,2,1.000000
Species,failed,2,172,0.011628
Species,familyMembers,2,2,1.000000
Species,father'sName,2,2,1.000000
Species,favoriteColor,2,2,1.000000
Species,fecha,2,2,1.000000
Species,fellowship,2,2,1.000000
Species,female,2,2088,0.000958
Species,fi,2,2,1.000000
Species,fieldgoalse,2,157,0.012739
Species,fifaRank,2,2,1.000000
Species,fightTeam,2,2,1.000000
Species,filmfarew,2,2,1.000000
Species,final,2,2,1.000000
Species,finalsChamp,2,2,1.000000
Species,finalsLink,2,2,1.000000
Species,finalsRunnerUp,2,2,1.000000
Species,finnishleague,2,2,1.000000
Species,firstGneastRace,2,25,0.080000
Species,firstGneastWin,2,7,0.285714
Species,firstGpWin,2,2,1.000000
Species,firstLightsWin,2,4,0.500000
Species,flagbearer,2,2,1.000000
Species,floatWidth,2,2,1.000000
Species,floorCount,2,2,1.000000
Species,flowersSex,2,35,0.057143
Species,fmt,2,56,0.035714
Species,formerLeague,2,2,1.000000
Species,frenchopenseniorresult,2,2,1.000000
Species,gb,2,2,1.000000
Species,gd,2,2,1.000000
Species,gkNat,2,2,1.000000
Species,goalsh,2,3,0.666667
Species,gpLastPosition,2,2,1.000000
Species,grade,2,6,0.333333
Species,grandchild,2,2,1.000000
Species,grandkids,2,2,1.000000
Species,grandparents,2,2,1.000000
Species,grandsons,2,2,1.000000
Species,gs,2,2,1.000000
Species,hain,2,2,1.000000
Species,halign,2,91,0.021978
Species,handle,2,2,1.000000
Species,hangula,2,2,1.000000
Species,hanjagye,2,2,1.000000
Species,hanji,2,2,1.000000
Species,hatchPlace,2,2,1.000000
Species,"health,Education,AndWelfare",2,2,1.000000
Species,"health,Education,AndWelfareEnd",2,2,1.000000
Species,"health,Education,AndWelfareStart",2,2,1.000000
Species,height.,2,2,1.000000
Species,heirApparent,2,2,1.000000
Species,hidedeliveries,2,3160,0.000633
Species,higher,2,2,1.000000
Species,hoffuture,2,30,0.066667
Species,hofyear,2,2,1.000000
Species,homeSecretary,2,2,1.000000
Species,honorifixSuffix,2,2,1.000000
Species,horusPrefix,2,2,1.000000
Species,hungarianleague,2,2,1.000000
Species,icallstars,2,2,1.000000
Species,identifier,2,2,1.000000
Species,idNumber,2,2,1.000000
Species,image1Description,2,2,1.000000
Species,image2Width,2,244,0.008197
Species,images,2,2,1.000000
Species,imagewidth,2,3,0.666667
Species,imgwidth,2,2,1.000000
Species,indent,2,36,0.055556
Species,info,2,2,1.000000
Species,infoHdr,2,2,1.000000
Species,informal,2,3,0.666667
Species,inker,2,19,0.105263
Species,inquest,2,2,1.000000
Species,insigniacaption,2,2,1.000000
Species,insigniasize,2,2,1.000000
Species,integer,2,994,0.002012
Species,ipa,2,2,1.000000
Species,ismAr,2,2,1.000000
Species,issue.,2,2,1.000000
Species,joinmajority,2,3,0.666667
Species,jstor,2,2,1.000000
Species,kcal,2,2,1.000000
Species,khlDraft,2,2,1.000000
Species,khlDraftTeam,2,2,1.000000
Species,khlDraftYear,2,2,1.000000
Species,kickboxDecloss,2,3,0.666667
Species,kickboxDecwin,2,2,1.000000
Species,kickboxingncs,2,13,0.153846
Species,kickboxTotal,2,2,1.000000
Species,kmLatn,2,2,1.000000
Species,knownfor,2,2,1.000000
Species,kohan,2,2,1.000000
Species,koreanHeader,2,2,1.000000
Species,kunya,2,2,1.000000
Species,r,2,4,0.500000
Species,label7Size,2,3,0.666667
Species,label9Size,2,2,1.000000
Species,labelColord,2,4,0.500000
Species,lambrequin,2,2,1.000000
Species,lastGneastRace,2,22,0.090909
Species,lastGneastWin,2,6,0.333333
Species,lastHolder,2,2,1.000000
Species,lat11Min,2,2,1.000000
Species,lat13Deg,2,2,1.000000
Species,lat14Deg,2,2,1.000000
Species,lat1Dir,2,6,0.333333
Species,lat2Dir,2,8,0.250000
Species,lat3Dir,2,4,0.500000
Species,lat4Dir,2,5,0.400000
Species,lat6Min,2,2,1.000000
Species,lat7Min,2,2,1.000000
Species,latDir,2,18,0.111111
Species,lbNat,2,2,1.000000
Species,lcbNat,2,2,1.000000
Species,lcmNat,2,2,1.000000
Species,ldm,2,2,1.000000
Species,legend1end,2,2,1.000000
Species,légende,2,2,1.000000
Species,legendstype,2,34,0.058824
Species,legislatures,2,2,1.000000
Species,lengthM,2,3,0.666667
Species,lengthMetric,2,2,1.000000
Species,list1title,2,2,1.000000
Species,listclass,2,66,0.030303
Species,listtitlestyle,2,2,1.000000
Species,litigants,2,2,1.000000
Species,liveAlbums,2,2,1.000000
Species,lk,2,2,1.000000
Species,lo,2,2,1.000000
Species,locale,2,2,1.000000
Species,locationTown,2,2,1.000000
Species,logocaption,2,2,1.000000
Species,lon11Min,2,2,1.000000
Species,lon13Deg,2,2,1.000000
Species,lon14Deg,2,2,1.000000
Species,lon1Dir,2,6,0.333333
Species,lon2Dir,2,9,0.222222
Species,lon3Dir,2,5,0.400000
Species,lon4Dir,2,6,0.333333
Species,lon4Sec,2,4,0.500000
Species,lon5Dir,2,4,0.500000
Species,lon6Min,2,2,1.000000
Species,lon7Min,2,2,1.000000
Species,lonDir,2,19,0.105263
Species,longName,2,2,1.000000
Species,lower,2,2,1.000000
Species,magnumOpus,2,2,1.000000
Species,mainClassification,2,2,1.000000
Species,mangaArtist,2,51,0.039216
Species,mapType,2,2,1.000000
Species,margin,2,26,0.076923
Species,mark1size,2,2,1.000000
Species,mark7size,2,3,0.666667
Species,marker,2,2,1.000000
Species,markImage,2,2,1.000000
Species,marriedDate,2,2,1.000000
Species,marriedTo,2,2,1.000000
Species,mdz,2,2,1.000000
Species,methods,2,2,1.000000
Species,metricUnit,2,20,0.100000
Species,miniHeight,2,2,1.000000
Species,minimap,2,2,1.000000
Species,minister1Party,2,2,1.000000
Species,minister4Termend,2,2,1.000000
Species,miniWidth,2,2,1.000000
Species,missing,2,2,1.000000
Species,missInternationalChile,2,5,0.400000
Species,missPanamá,2,3,0.666667
Species,mmakolosses,2,5,0.400000
Species,mmasublosses,2,3,0.666667
Species,mncV,2,2,1.000000
Species,mobile,2,2,1.000000
Species,mong,2,2,1.000000
Species,moto3Championships,2,117,0.017094
Species,motoeManufacturers,2,37,0.054054
Species,mp,2,2,1.000000
Species,multinational,2,3,0.666667
Species,multiYearWsopWinner,2,2,1.000000
Species,nallTeam,2,3,0.666667
Species,name10c,2,2,1.000000
Species,name11c,2,2,1.000000
Species,name11d,2,2,1.000000
Species,name11e,2,2,1.000000
Species,name14b,2,2,1.000000
Species,name14c,2,2,1.000000
Species,name18c,2,2,1.000000
Species,name19d,2,2,1.000000
Species,name20b,2,2,1.000000
Species,name21c,2,2,1.000000
Species,name21d,2,2,1.000000
Species,name22b,2,2,1.000000
Species,name23a,2,2,1.000000
Species,name2d,2,2,1.000000
Species,name2e,2,2,1.000000
Species,name3g,2,2,1.000000
Species,name3h,2,2,1.000000
Species,name7c,2,2,1.000000
Species,name8c,2,2,1.000000
Species,name9b,2,2,1.000000
Species,nameslug,2,2,1.000000
Species,nameTrans,2,2,1.000000
Species,nasabAr,2,2,1.000000
Species,nationalcaps(goals)_,2,2,1.000000
Species,nationality.,2,2,1.000000
Species,nativeLanguage,2,2,1.000000
Species,nativename,2,2,1.000000
Species,nativePlace,2,2,1.000000
Species,navbar,2,15,0.133333
Species,ncaaChampionships,2,3,0.666667
Species,ncaaTournamentApperances,2,2,1.000000
Species,needed,2,21,0.095238
Species,newsOfTheWorldTournament,2,2,1.000000
Species,newspaper,2,2,1.000000
Species,nflwd,2,2,1.000000
Species,nickname(s)_,2,2,1.000000
Species,nocat,2,5,0.400000
Species,nolist,2,786,0.002545
Species,nomeurl,2,2,1.000000
Species,noOfTeams,2,4,0.500000
Species,noprescript,2,15,0.133333
Species,noPrescript,2,12,0.166667
Species,nosales,2,2,1.000000
Species,noshipments,2,2,1.000000
Species,nosplit,2,7,0.285714
Species,notableRole,2,2,1.000000
Species,numberOfLegs,2,3,0.666667
Species,numbers,2,2,1.000000
Species,numéro,2,2,1.000000
Species,numparts,2,2,1.000000
Species,numSeasons,2,3,0.666667
Species,observedby,2,2,1.000000
Species,oc,2,17,0.117647
Species,occupants,2,2,1.000000
Species,occurrenceType,2,7,0.285714
Species,office3.,2,2,1.000000
Species,officeStart,2,2,1.000000
Species,officialStatus,2,2,1.000000
Species,onetype,2,261,0.007663
Species,onlineBooks,2,11,0.181818
Species,onlinebooksby,2,411,0.004866
Species,only,2,139,0.014388
Species,operationsEnd,2,2,1.000000
Species,operationsStart,2,3,0.666667
Species,orgFunction,2,2,1.000000
Species,originalname,2,2,1.000000
Species,originator,2,2,1.000000
Species,otherAffiliations,2,2,1.000000
Species,otherChampionships,2,2,1.000000
Species,othercomps,2,2,1.000000
Species,otherDegrees,2,2,1.000000
Species,otherRelatives,2,2,1.000000
Species,othertitles,2,2,1.000000
Species,othertournamentsmixeddoubles,2,68,0.029412
Species,otherWork,2,2,1.000000
Species,out,2,15,0.133333
Species,overlay2left,2,2,1.000000
Species,overlay2top,2,2,1.000000
Species,overlay3colour,2,2,1.000000
Species,overlay3left,2,2,1.000000
Species,overlay3top,2,2,1.000000
Species,overlay4colour,2,2,1.000000
Species,overlay4left,2,2,1.000000
Species,overlay4top,2,2,1.000000
Species,parliamentaryGroup,2,3,0.666667
Species,participatedIn,2,2,1.000000
Species,partido,2,2,1.000000
Species,partiy,2,2,1.000000
Species,partnerships,2,2,1.000000
Species,party2name,2,2,1.000000
Species,pd,2,2,1.000000
Species,pdb,2,2,1.000000
Species,pdcWorldCupOfDarts,2,2,1.000000
Species,peak,2,2,1.000000
Species,peak11a,2,2,1.000000
Species,peak12a,2,2,1.000000
Species,peak14a,2,2,1.000000
Species,peak19a,2,2,1.000000
Species,peak19b,2,2,1.000000
Species,peak2c,2,2,1.000000
Species,peerage,2,6,0.333333
Species,penciler,2,4,0.500000
Species,ph.d.,2,2,1.000000
Species,phoneNumber,2,2,1.000000
Species,picture,2,2,1.000000
Species,pixels,2,4,0.500000
Species,plain,2,3,0.666667
Species,playerEnd,2,2,1.000000
Species,playerNumber,2,2,1.000000
Species,playerStart,2,2,1.000000
Species,polePositions,2,2,1.000000
Species,postNom,2,2,1.000000
Species,postscript,2,2,1.000000
Species,preceeded,2,2,1.000000
Species,predeccesor,2,2,1.000000
Species,premierships,2,4,0.500000
Species,prenomenTranslation,2,2,1.000000
Species,present,2,2,1.000000
Species,presentedCredentials,2,2,1.000000
Species,presidentLink,2,2,1.000000
Species,primeministers,2,2,1.000000
Species,primeminster,2,2,1.000000
Species,principal,2,2,1.000000
Species,producers,2,2,1.000000
Species,professions,2,2,1.000000
Species,programmingLanguage,2,2,1.000000
Species,promoter,2,2,1.000000
Species,provincialRiding,2,2,1.000000
Species,publicación,2,2,1.000000
Species,pureUrl,2,20,0.100000
Species,raceWins,2,2,1.000000
Species,raisedPlace,2,2,1.000000
Species,ratitles,2,3,0.666667
Species,rbNat,2,2,1.000000
Species,rcbNat,2,2,1.000000
Species,rcmNat,2,2,1.000000
Species,rdm,2,2,1.000000
Species,reasonator,2,2,1.000000
Species,refereeEnd,2,2,1.000000
Species,references,2,2,1.000000
Species,reg.Electors,2,2,1.000000
Species,regionalCupApps,2,2,1.000000
Species,regionalName,2,2,1.000000
Species,regionalsType,2,18,0.111111
Species,reign.,2,2,1.000000
Species,related,2,2,1.000000
Species,relatedShows,2,2,1.000000
Species,relationshipStatus,2,2,1.000000
Species,religiousAffiliation,2,2,1.000000
Species,reportedInjuries,2,2,1.000000
Species,representation,2,2,1.000000
Species,representative,2,2,1.000000
Species,residency,2,2,1.000000
Species,rev4score,2,2,1.000000
Species,rightCardinalName,2,2,1.000000
Species,rlCurrentposition,2,2,1.000000
Species,rlTotalapps,2,2,1.000000
Species,rlTotalpoints,2,2,1.000000
Species,rlYouthyears,2,2,1.000000
Species,rooms,2,2,1.000000
Species,row11At,2,2,1.000000
Species,row11Text,2,2,1.000000
Species,row12At,2,2,1.000000
Species,row13At,2,2,1.000000
Species,row14At,2,2,1.000000
Species,row14Text,2,2,1.000000
Species,row15At,2,2,1.000000
Species,row15Text,2,2,1.000000
Species,row21Text,2,2,1.000000
Species,row21To,2,2,1.000000
Species,royalTitle,2,3,0.666667
Species,rss,2,2,1.000000
Species,ruCoachyear4start,2,2,1.000000
Species,ruCoachyearbend,2,2,1.000000
Species,ruFieldgoalsd,2,27,0.074074
Species,ruGoalsf,2,9,0.222222
Species,rus,2,2,1.000000
Species,samadhiPlace,2,2,1.000000
Species,scale,2,12,0.166667
Species,school.,2,2,1.000000
Species,schoolAttended,2,2,1.000000
Species,scienceParty,2,2,1.000000
Species,scienceStart,2,2,1.000000
Species,scout,2,2,1.000000
Species,scouts,2,2,1.000000
Species,season12PlayoffGoalsAgainst,2,2,1.000000
Species,season12PlayoffMinutes,2,2,1.000000
Species,season12PlayoffPenaltyMinutes,2,9,0.222222
Species,season12PlayoffSaves,2,2,1.000000
Species,season13GroundBalls,2,2,1.000000
Species,season13PlayoffLoss,2,3,0.666667
Species,season13Shots,2,2,1.000000
Species,season13Team,2,5,0.400000
Species,season14GroundBalls,2,2,1.000000
Species,season14PlayoffLoss,2,4,0.500000
Species,season14PlayoffPenaltyMinutes,2,5,0.400000
Species,season14Team,2,7,0.285714
Species,season15PlayoffGoalsAgainst,2,2,1.000000
Species,season15PlayoffMinutes,2,2,1.000000
Species,season15PlayoffSaves,2,2,1.000000
Species,season15Team,2,2,1.000000
Species,season16PlayoffLoss,2,4,0.500000
Species,season16PlayoffSeconds,2,2,1.000000
Species,season18GoalsAgainst,2,2,1.000000
Species,season18Loss,2,2,1.000000
Species,season18Minutes,2,2,1.000000
Species,season18PenaltyMinutes,2,3,0.666667
Species,season18Saves,2,2,1.000000
Species,season18Seconds,2,2,1.000000
Species,season19GoalsAgainst,2,2,1.000000
Species,season19Loss,2,2,1.000000
Species,season19Minutes,2,2,1.000000
Species,season19PlayoffGoals,2,2,1.000000
Species,season19PlayoffGoalsAgainst,2,2,1.000000
Species,season19PlayoffMinutes,2,2,1.000000
Species,season19PlayoffSeconds,2,2,1.000000
Species,season19Saves,2,2,1.000000
Species,season19Seconds,2,2,1.000000
Species,season19Wins,2,2,1.000000
Species,season1Playoff2ptGoals,2,5,0.400000
Species,season1PlayoffGoalsAgainst,2,2,1.000000
Species,season1PlayoffLoss,2,2,1.000000
Species,season1PlayoffMinutes,2,2,1.000000
Species,season1PlayoffPenalties,2,6,0.333333
Species,season1PlayoffSaves,2,2,1.000000
Species,season1PlayoffSeconds,2,2,1.000000
Species,season1PlayoffWins,2,2,1.000000
Species,season20TeamLink,2,5,0.400000
Species,season21Assists,2,2,1.000000
Species,season21Goals,2,2,1.000000
Species,season21LooseBalls,2,2,1.000000
Species,season21PenaltyMinutes,2,2,1.000000
Species,season21TeamLink,2,3,0.666667
Species,season22Assists,2,2,1.000000
Species,season22GamesPlayed,2,2,1.000000
Species,season22Goals,2,2,1.000000
Species,season22LooseBalls,2,2,1.000000
Species,season22TeamLink,2,2,1.000000
Species,season22Year,2,2,1.000000
Species,season23Assists,2,2,1.000000
Species,season23Goals,2,2,1.000000
Species,season23LooseBalls,2,2,1.000000
Species,season23PenaltyMinutes,2,2,1.000000
Species,season23PlayoffGamesPlayed,2,2,1.000000
Species,season23PlayoffLooseBalls,2,2,1.000000
Species,season23TeamLink,2,2,1.000000
Species,season23Year,2,2,1.000000
Species,season2Playoff2ptGoals,2,2,1.000000
Species,season2PlayoffLoss,2,3,0.666667
Species,season2PlayoffSeconds,2,2,1.000000
Species,season3Playoff2ptGoals,2,4,0.500000
Species,season3PlayoffPenalties,2,4,0.500000
Species,season4League,2,8,0.250000
Species,season4PlayoffFaceoffsAtt,2,2,1.000000
Species,season4PlayoffFaceoffsWon,2,2,1.000000
Species,season52ptGoals,2,5,0.400000
Species,season5League,2,8,0.250000
Species,season5Penalties,2,2,1.000000
Species,season62ptGoals,2,2,1.000000
Species,season6League,2,5,0.400000
Species,season72ptGoals,2,2,1.000000
Species,season7FaceoffsAtt,2,3,0.666667
Species,season7FaceoffsWon,2,2,1.000000
Species,season8PlayoffGroundBalls,2,2,1.000000
Species,season8PlayoffLoss,2,3,0.666667
Species,season8PlayoffWins,2,2,1.000000
Species,season92ptGoals,2,2,1.000000
Species,season9FaceoffsAtt,2,2,1.000000
Species,season9PlayoffLoss,2,5,0.400000
Species,season9PlayoffShots,2,2,1.000000
Species,seasonChampName,2,2,1.000000
Species,seasonslistnames,2,4,0.500000
Species,seatingCapacity,2,2,1.000000
Species,seats3Title,2,3,0.666667
Species,sectioAuthority,2,2,1.000000
Species,selectionYear,2,2,1.000000
Species,senior,2,16,0.125000
Species,served,2,2,1.000000
Species,branch,2,2,1.000000
Species,serviceyear,2,2,1.000000
Species,servingSize,2,5,0.400000
Species,settlementType,2,2,1.000000
Species,shapeColord,2,4,0.500000
Species,shipCountry,2,2,1.000000
Species,shipName,2,2,1.000000
Species,shipRoute,2,2,1.000000
Species,shipType,2,2,1.000000
Species,shoeSize,2,2,1.000000
Species,shortlink,2,293,0.006826
Species,shortName,2,2,1.000000
Species,shot,2,5,0.400000
Species,showDimensions,2,28,0.071429
Species,showMaterial,2,28,0.071429
Species,signatories,2,2,1.000000
Species,single5date,2,2,1.000000
Species,sisters,2,2,1.000000
Species,sitename,2,2,1.000000
Species,skmr,2,2,1.000000
Species,skrr,2,2,1.000000
Species,sonName,2,2,1.000000
Species,sourcearticle,2,2,1.000000
Species,sp,2,3,0.666667
Species,speciality,2,2,1.000000
Species,speciesGroupAuthority,2,2,1.000000
Species,sportsillustrated,2,2,1.000000
Species,spouseBirthName,2,2,1.000000
Species,spuse,2,2,1.000000
Species,ss300ActiveYears,2,5,0.400000
Species,ss300Championships,2,7,0.285714
Species,stack,2,9,0.222222
Species,stand,2,2,1.000000
Species,starterC,2,2,1.000000
Species,starterPf,2,2,1.000000
Species,starterPg,2,2,1.000000
Species,starterSf,2,2,1.000000
Species,starterSg,2,2,1.000000
Species,startTime,2,2,1.000000
Species,stat26label,2,2,1.000000
Species,stat26value,2,2,1.000000
Species,stat44value,2,2,1.000000
Species,stats,2,79,0.025316
Species,streaming,2,2,1.000000
Species,strip,2,20,0.100000
Species,subdivisionName,2,2,1.000000
Species,subsidiaries,2,2,1.000000
Species,subterclassis,2,2,1.000000
Species,sucessor,2,2,1.000000
Species,supplement,2,2,1.000000
Species,sure,2,68,0.029412
Species,survivors,2,6,0.333333
Species,tan,2,25,0.080000
Species,teacher(s)_,2,2,1.000000
Species,teamaend,2,2,1.000000
Species,teamastart,2,2,1.000000
Species,teammate,2,2,1.000000
Species,teamnumber,2,2,1.000000
Species,teamslug,2,2,1.000000
Species,televisionSeries,2,2,1.000000
Species,teo,2,2,1.000000
Species,term10c,2,2,1.000000
Species,term11c,2,2,1.000000
Species,term11d,2,2,1.000000
Species,term11e,2,2,1.000000
Species,term14b,2,2,1.000000
Species,term14c,2,2,1.000000
Species,term18c,2,2,1.000000
Species,term19d,2,2,1.000000
Species,term20b,2,2,1.000000
Species,term21c,2,2,1.000000
Species,term21d,2,2,1.000000
Species,term22b,2,2,1.000000
Species,term23a,2,2,1.000000
Species,term2d,2,2,1.000000
Species,term2e,2,2,1.000000
Species,term3g,2,2,1.000000
Species,term3h,2,2,1.000000
Species,term7c,2,2,1.000000
Species,term8c,2,2,1.000000
Species,term9b,2,2,1.000000
Species,termEnded,2,2,1.000000
Species,termEnds,2,2,1.000000
Species,terminusA,2,3,0.666667
Species,terminusB,2,3,0.666667
Species,termStarts,2,2,1.000000
Species,theatre,2,2,1.000000
Species,thesisDate,2,2,1.000000
Species,titlebackground,2,2,1.000000
Species,titlebar,2,6,0.333333
Species,toggle,2,115,0.017391
Species,tours,2,2,1.000000
Species,toWin,2,6,0.333333
Species,towns,2,2,1.000000
Species,tradeName,2,2,1.000000
Species,transcripts,2,2,1.000000
Species,tremennings,2,2,1.000000
Species,triesh,2,3,0.666667
Species,turnedproType,2,51,0.039216
Species,tw,2,2,1.000000
Species,uccessor,2,2,1.000000
Species,unknlast,2,2,1.000000
Species,unknnext,2,2,1.000000
Species,unrankedClassisAuthority,2,2,1.000000
Species,unrankedRegnumAuthority,2,2,1.000000
Species,unrankedSubclassis,2,2,1.000000
Species,unrankedSubphylum,2,5,0.400000
Species,unverified,2,2,1.000000
Species,us,2,2,1.000000
Species,vectors,2,2,1.000000
Species,version,2,7,0.285714
Species,vicechairman,2,2,1.000000
Species,viceMayor,2,2,1.000000
Species,vitb12Ug,2,3,0.666667
Species,vitdUg,2,3,0.666667
Species,vote,2,2,1.000000
Species,wayback,2,2,1.000000
Species,wcccdoublesresult,2,10,0.200000
Species,wcccmixeddoublesresult,2,5,0.400000
Species,wcrelayspodiums,2,2,1.000000
Species,wcrelayswins,2,2,1.000000
Species,web,2,2,1.000000
Species,websiteType,2,2,1.000000
Species,weightKgs,2,2,1.000000
Species,weightSt,2,2,1.000000
Species,wg,2,2,1.000000
Species,widthLeft,2,3,0.666667
Species,widthRight,2,3,0.666667
Species,wife'sName,2,2,1.000000
Species,winnerPartyUnlinked,2,3,0.666667
Species,wlaTeam,2,2,1.000000
Species,worked,2,2,1.000000
Species,workPlace,2,2,1.000000
Species,worldChampionships,2,2,1.000000
Species,worldCupApps,2,2,1.000000
Species,worldcupstarts,2,3,0.666667
Species,worms,2,2,1.000000
Species,writing,2,2,1.000000
Species,writingWidth,2,2,1.000000
Species,xfd,2,2,1.000000
Species,year0end,2,2,1.000000
Species,year15start,2,2,1.000000
Species,year16start,2,2,1.000000
Species,"years1,team",2,2,1.000000
Species,yearsInGneast,2,25,0.080000
Species,yearsOfService,2,2,1.000000
Species,yearsWithTeam,2,2,1.000000
Species,yeshivaPosition,2,2,1.000000
Species,zhu,2,2,1.000000
Species,zip,2,2,1.000000
Species,zoosectioAuthority,2,2,1.000000
Species,zoosubsectio,2,420,0.004762
Star,altNames,2,2,1.000000
Star,appmagG,2,2,1.000000
Star,appmagK,2,2,1.000000
Star,argPeri,2,2,1.000000
Star,arxiv,2,2,1.000000
Star,base,2,2,1.000000
Star,bot,2,11,0.181818
Star,direction,2,5,0.400000
Star,equino,2,19,0.105263
Star,footerAlign,2,2,1.000000
Star,habitableZone,2,8,0.250000
Star,height,2,2,1.000000
Star,hK,2,2,1.000000
Star,lat,2,2,1.000000
Star,link,2,2,1.000000
Star,long,2,2,1.000000
Star,longPeriastron,2,2,1.000000
Star,mark,2,8,0.250000
Star,marksize,2,2,1.000000
Star,massJupiter,2,2,1.000000
Star,meanRadius,2,2,1.000000
Star,page,2,2,1.000000
Star,pmDec,2,2,1.000000
Star,pmRa,2,2,1.000000
Star,spectralType,2,2,1.000000
Star,totalV,2,2,1.000000
Galaxy,align,2,5,0.400000
Galaxy,appdimV,2,2,1.000000
Galaxy,bot,2,6,0.333333
Galaxy,cc,2,10,0.200000
Galaxy,constell,2,2,1.000000
Galaxy,constellation,2,2,1.000000
Galaxy,direction,2,6,0.333333
Galaxy,distErr,2,2,1.000000
Galaxy,ellipticity,2,2,1.000000
Galaxy,gDist,2,2,1.000000
Galaxy,gvErr,2,2,1.000000
Galaxy,hrvErr,2,2,1.000000
Galaxy,otherNames,2,2,1.000000
Galaxy,radiusLy,2,3,0.666667
Galaxy,simbad,2,2,1.000000
Galaxy,sn,2,2,1.000000
Galaxy,totalWidth,2,3,0.666667
Galaxy,u,2,2,1.000000
Galaxy,ul,2,9,0.222222
Galaxy,vv,2,2,1.000000
Galaxy,zErr,2,3,0.666667
Galaxy,seeAlso,2,2,1.000000
ChemicalCompound,boilingPoint,2,2,1.000000
ChemicalCompound,casNumber,2,2,1.000000
ChemicalCompound,chemSpiderId,2,2,1.000000
ChemicalCompound,density,2,2,1.000000
ChemicalCompound,pubchem,2,2,1.000000
ChemicalCompound,smiles,2,2,1.000000
ChemicalCompound,about,2,2,1.000000
ChemicalCompound,annotFontSize,2,2,1.000000
ChemicalCompound,arm,2,3,0.666667
ChemicalCompound,authority,2,2,1.000000
ChemicalCompound,auto,2,4,0.500000
ChemicalCompound,backgroundColor,2,5,0.400000
ChemicalCompound,boilingptc,2,2,1.000000
ChemicalCompound,bot,2,41,0.048780
ChemicalCompound,capshape,2,2,1.000000
ChemicalCompound,captionAlign,2,7,0.285714
ChemicalCompound,casno,2,2,1.000000
ChemicalCompound,chembl,2,2,1.000000
ChemicalCompound,class,2,2,1.000000
ChemicalCompound,containerStyle,2,2,1.000000
ChemicalCompound,doi,2,7,0.285714
ChemicalCompound,elongation,2,2,1.000000
ChemicalCompound,find,2,2,1.000000
ChemicalCompound,fixAttempted,2,39,0.051282
ChemicalCompound,flammability,2,3,0.666667
ChemicalCompound,footerAlign,2,3,0.666667
ChemicalCompound,glassTransition,2,2,1.000000
ChemicalCompound,group,2,3,0.666667
ChemicalCompound,headerimage,2,2,1.000000
ChemicalCompound,highlight,2,2,1.000000
ChemicalCompound,imageWidth,2,3,0.666667
ChemicalCompound,interpro,2,2,1.000000
ChemicalCompound,inventor,2,2,1.000000
ChemicalCompound,ironMg,2,2,1.000000
ChemicalCompound,isbn,2,4,0.500000
ChemicalCompound,legalUs,2,5,0.400000
ChemicalCompound,legalUsComment,2,2,1.000000
ChemicalCompound,licenceEu,2,2,1.000000
ChemicalCompound,linearExpansion,2,2,1.000000
ChemicalCompound,liststyle,2,2,1.000000
ChemicalCompound,majorProduct2Image,2,2,1.000000
ChemicalCompound,majorSubstrate1Image,2,2,1.000000
ChemicalCompound,mask,2,2,1.000000
ChemicalCompound,meltingPoint,2,2,1.000000
ChemicalCompound,namedafter,2,2,1.000000
ChemicalCompound,notchTest,2,2,1.000000
ChemicalCompound,omim,2,2,1.000000
ChemicalCompound,pfam,2,2,1.000000
ChemicalCompound,potassiumMg,2,2,1.000000
ChemicalCompound,pregnancyAu,2,3,0.666667
ChemicalCompound,pregnancyUs,2,4,0.500000
ChemicalCompound,r,2,2,1.000000
ChemicalCompound,reverse)_,2,6,0.333333
ChemicalCompound,reactivity,2,2,1.000000
ChemicalCompound,refseq,2,2,1.000000
ChemicalCompound,species,2,6,0.333333
ChemicalCompound,sSearch,2,3,0.666667
ChemicalCompound,talk,2,2,1.000000
ChemicalCompound,tensileStrength,2,2,1.000000
ChemicalCompound,u,2,2,1.000000
ChemicalCompound,usan,2,2,1.000000
ChemicalCompound,y,2,2,1.000000
ChemicalCompound,youngsModulus,2,2,1.000000
AdministrativeRegion,locatedInArea,2,4,0.500000
AdministrativeRegion,populationMetroDensity,2,2,1.000000
AdministrativeRegion,populationRuralDensity,2,2,1.000000
AdministrativeRegion,2021MeanHhIncome,2,2,1.000000
AdministrativeRegion,accessed,2,2,1.000000
AdministrativeRegion,administratorparty,2,111,0.018018
AdministrativeRegion,alternativemap,2,2,1.000000
AdministrativeRegion,ambulance,2,2,1.000000
AdministrativeRegion,anthemRef,2,2,1.000000
AdministrativeRegion,krf,2,2,1.000000
AdministrativeRegion,v,2,2,1.000000
AdministrativeRegion,aprSnowDepthCm,2,2,1.000000
AdministrativeRegion,archdeacon,2,2,1.000000
AdministrativeRegion,architecturalStyle,2,2,1.000000
AdministrativeRegion,archiveUrl,2,2,1.000000
AdministrativeRegion,arcTextSizea,2,2,1.000000
AdministrativeRegion,areaKm2Ref,2,2,1.000000
AdministrativeRegion,areasAffected,2,2,1.000000
AdministrativeRegion,areathird,2,2,1.000000
AdministrativeRegion,artist,2,2,1.000000
AdministrativeRegion,assessorparty,2,112,0.017857
AdministrativeRegion,attorneyGeneral,2,2,1.000000
AdministrativeRegion,auditorparty,2,15,0.133333
AdministrativeRegion,augSnowCm,2,9,0.222222
AdministrativeRegion,author(s)_,2,3,0.666667
AdministrativeRegion,auto,2,50,0.040000
AdministrativeRegion,award,2,2,1.000000
AdministrativeRegion,ba,2,2,1.000000
AdministrativeRegion,blank6Name,2,4,0.500000
AdministrativeRegion,boardchair,2,2,1.000000
AdministrativeRegion,boardchairparty,2,2,1.000000
AdministrativeRegion,boardmajority,2,2,1.000000
AdministrativeRegion,boardmajorityparty,2,2,1.000000
AdministrativeRegion,boat1type,2,2,1.000000
AdministrativeRegion,body,2,2,1.000000
AdministrativeRegion,bodystyle,2,89,0.022472
AdministrativeRegion,borderP,2,61,0.032787
AdministrativeRegion,borderS,2,75,0.026667
AdministrativeRegion,bp,2,2,1.000000
AdministrativeRegion,cactus,2,2,1.000000
AdministrativeRegion,captionAlign,2,37,0.054054
AdministrativeRegion,cat,2,2,1.000000
AdministrativeRegion,certain,2,18,0.111111
AdministrativeRegion,chief1Position,2,2,1.000000
AdministrativeRegion,chief2name,2,2,1.000000
AdministrativeRegion,chief2position,2,2,1.000000
AdministrativeRegion,circuitclerkparty,2,113,0.017699
AdministrativeRegion,cities,2,2,1.000000
AdministrativeRegion,class,2,2,1.000000
AdministrativeRegion,clubname,2,2,1.000000
AdministrativeRegion,collectorparty,2,105,0.019048
AdministrativeRegion,constitution,2,10,0.200000
AdministrativeRegion,coorType,2,2,1.000000
AdministrativeRegion,cost,2,2,1.000000
AdministrativeRegion,countryabbr,2,7,0.285714
AdministrativeRegion,countryClaimDivisions,2,2,1.000000
AdministrativeRegion,countryClaimDivisionsTitle,2,2,1.000000
AdministrativeRegion,countyclerkparty,2,114,0.017544
AdministrativeRegion,countyexecutive,2,2,1.000000
AdministrativeRegion,countyexecutiveparty,2,2,1.000000
AdministrativeRegion,cs1Dates,2,5,0.400000
AdministrativeRegion,dataType,2,16,0.125000
AdministrativeRegion,decSnowDepthCm,2,2,1.000000
AdministrativeRegion,deputyCommissioner,2,2,1.000000
AdministrativeRegion,designation1Criteria,2,2,1.000000
AdministrativeRegion,designation1Free1name,2,2,1.000000
AdministrativeRegion,designation1Free1value,2,2,1.000000
AdministrativeRegion,designation1Free2value,2,2,1.000000
AdministrativeRegion,designation1Partof,2,2,1.000000
AdministrativeRegion,designation2Free2name,2,2,1.000000
AdministrativeRegion,designation2Free2value,2,2,1.000000
AdministrativeRegion,dipstyle,2,2,1.000000
AdministrativeRegion,direction,2,150,0.013333
AdministrativeRegion,district1party,2,105,0.019048
AdministrativeRegion,district2party,2,105,0.019048
AdministrativeRegion,districteast,2,2,1.000000
AdministrativeRegion,districtSince,2,2,1.000000
AdministrativeRegion,districtwest,2,2,1.000000
AdministrativeRegion,divtype,2,21,0.095238
AdministrativeRegion,v,2,2,1.000000
AdministrativeRegion,v,2,2,1.000000
AdministrativeRegion,v,2,2,1.000000
AdministrativeRegion,v,2,2,1.000000
AdministrativeRegion,sp,2,2,1.000000
AdministrativeRegion,documenturl,2,2,1.000000
AdministrativeRegion,duration,2,2,1.000000
AdministrativeRegion,electorate,2,2,1.000000
AdministrativeRegion,elevationF,2,2,1.000000
AdministrativeRegion,empire,2,4,0.500000
AdministrativeRegion,establishedM,2,2,1.000000
AdministrativeRegion,ex,2,2,1.000000
AdministrativeRegion,executive,2,2,1.000000
AdministrativeRegion,fatalities,2,2,1.000000
AdministrativeRegion,febSnowDepthCm,2,2,1.000000
AdministrativeRegion,file,2,3,0.666667
AdministrativeRegion,fill,2,9,0.222222
AdministrativeRegion,find,2,2,1.000000
AdministrativeRegion,fireBrigade,2,2,1.000000
AdministrativeRegion,firstElection,2,2,1.000000
AdministrativeRegion,fixAttempted,2,335,0.005970
AdministrativeRegion,flagsize,2,7,0.285714
AdministrativeRegion,fmax,2,2,1.000000
AdministrativeRegion,folkDance,2,4,0.500000
AdministrativeRegion,fontSize,2,27,0.074074
AdministrativeRegion,forceNationalMap,2,9,0.222222
AdministrativeRegion,formedmonthday,2,2,1.000000
AdministrativeRegion,frame,2,261,0.007663
AdministrativeRegion,sp,2,2,1.000000
AdministrativeRegion,h,2,2,1.000000
AdministrativeRegion,fullheight,2,3,0.666667
AdministrativeRegion,fullname,2,2,1.000000
AdministrativeRegion,fullscreenOption,2,4,0.500000
AdministrativeRegion,fullwidth,2,3,0.666667
AdministrativeRegion,gan,2,2,1.000000
AdministrativeRegion,gdpYear,2,12,0.166667
AdministrativeRegion,govCouncilors,2,3,0.666667
AdministrativeRegion,governingbody,2,2,1.000000
AdministrativeRegion,governmentBlank1Title,2,2,1.000000
AdministrativeRegion,ap,2,2,1.000000
AdministrativeRegion,frp,2,2,1.000000
AdministrativeRegion,dlf,2,2,1.000000
AdministrativeRegion,hain,2,2,1.000000
AdministrativeRegion,hdiRank,2,2,1.000000
AdministrativeRegion,hdiYear,2,3,0.666667
AdministrativeRegion,headerimage,2,4,0.500000
AdministrativeRegion,helm,2,2,1.000000
AdministrativeRegion,hhbuc,2,4,0.500000
AdministrativeRegion,hide,2,2,1.000000
AdministrativeRegion,highestPoint,2,2,1.000000
AdministrativeRegion,hiragana,2,2,1.000000
AdministrativeRegion,houses,2,9,0.222222
AdministrativeRegion,hsn,2,2,1.000000
AdministrativeRegion,i,2,2,1.000000
AdministrativeRegion,icao,2,2,1.000000
AdministrativeRegion,imageBathymetry,2,2,1.000000
AdministrativeRegion,imageBgColor,2,6,0.333333
AdministrativeRegion,imageEmblem,2,2,1.000000
AdministrativeRegion,inaccurate,2,6,0.333333
AdministrativeRegion,inaugural,2,2,1.000000
AdministrativeRegion,incomeYear,2,12,0.166667
AdministrativeRegion,injuries,2,2,1.000000
AdministrativeRegion,invalid,2,2,1.000000
AdministrativeRegion,itmgrid,2,2,1.000000
AdministrativeRegion,janSnowDepthCm,2,2,1.000000
AdministrativeRegion,julSnowCm,2,9,0.222222
AdministrativeRegion,julSnowDays,2,70,0.028571
AdministrativeRegion,julSnowInch,2,37,0.054054
AdministrativeRegion,kristne,2,7,0.285714
AdministrativeRegion,kyujitai,2,2,1.000000
AdministrativeRegion,labelPosition,2,4,0.500000
AdministrativeRegion,lakeType,2,3,0.666667
AdministrativeRegion,lang5Content,2,2,1.000000
AdministrativeRegion,largestLake,2,2,1.000000
AdministrativeRegion,latDir,2,6,0.333333
AdministrativeRegion,latm,2,3,0.666667
AdministrativeRegion,leader5Type,2,4,0.500000
AdministrativeRegion,license,2,2,1.000000
AdministrativeRegion,licenseStatementUrl,2,2,1.000000
AdministrativeRegion,lieutenantGovernorAlt,2,5,0.400000
AdministrativeRegion,links,2,62,0.032258
AdministrativeRegion,lizu,2,2,1.000000
AdministrativeRegion,localMap,2,912,0.002193
AdministrativeRegion,locationCity,2,2,1.000000
AdministrativeRegion,locationCountry,2,2,1.000000
AdministrativeRegion,locode,2,2,1.000000
AdministrativeRegion,longew,2,105,0.019048
AdministrativeRegion,lowerHouse,2,2,1.000000
AdministrativeRegion,lowestPoint,2,2,1.000000
AdministrativeRegion,lu,2,2,1.000000
AdministrativeRegion,mapRelief,2,4,0.500000
AdministrativeRegion,mapWidth,2,2,1.000000
AdministrativeRegion,markDim,2,2,1.000000
AdministrativeRegion,marSnowDepthCm,2,2,1.000000
AdministrativeRegion,materials,2,2,1.000000
AdministrativeRegion,maySnowDepthCm,2,2,1.000000
AdministrativeRegion,minister1pfo,2,2,1.000000
AdministrativeRegion,mmax,2,2,1.000000
AdministrativeRegion,mwa,2,2,1.000000
AdministrativeRegion,mwba,2,2,1.000000
AdministrativeRegion,mwbc,2,2,1.000000
AdministrativeRegion,my,2,2,1.000000
AdministrativeRegion,nationalRepresentationType,2,2,1.000000
AdministrativeRegion,nativeNameLink,2,2,1.000000
AdministrativeRegion,next,2,2,1.000000
AdministrativeRegion,novSnowDepthCm,2,2,1.000000
AdministrativeRegion,nr,2,2,1.000000
AdministrativeRegion,nSearch,2,2,1.000000
AdministrativeRegion,number,2,2,1.000000
AdministrativeRegion,nuts,2,2,1.000000
AdministrativeRegion,o,2,2,1.000000
AdministrativeRegion,oa,2,2,1.000000
AdministrativeRegion,octSnowDepthCm,2,2,1.000000
AdministrativeRegion,officeholderTitle,2,2,1.000000
AdministrativeRegion,offstyle,2,2,1.000000
AdministrativeRegion,oldid,2,2,1.000000
AdministrativeRegion,om,2,2,1.000000
AdministrativeRegion,outflow,2,2,1.000000
AdministrativeRegion,overlay1colour,2,13,0.153846
AdministrativeRegion,overlay2colour,2,13,0.153846
AdministrativeRegion,ow,2,2,1.000000
AdministrativeRegion,part,2,2,1.000000
AdministrativeRegion,part1Choice,2,2,1.000000
AdministrativeRegion,part1Percentage,2,2,1.000000
AdministrativeRegion,partof,2,2,1.000000
AdministrativeRegion,period,2,2,1.000000
AdministrativeRegion,photo2b,2,2,1.000000
AdministrativeRegion,photo2d,2,2,1.000000
AdministrativeRegion,photo3b,2,2,1.000000
AdministrativeRegion,plain,2,12,0.166667
AdministrativeRegion,pop2020census,2,2,1.000000
AdministrativeRegion,pop2021census,2,2,1.000000
AdministrativeRegion,pop2021censusRank,2,2,1.000000
AdministrativeRegion,popCensus,2,2,1.000000
AdministrativeRegion,populationDensityBlank1SqMi,2,2,1.000000
AdministrativeRegion,populationDensityBlank2Km,2,3,0.666667
AdministrativeRegion,populationEstimateYear,2,2,1.000000
AdministrativeRegion,pos,2,5,0.400000
AdministrativeRegion,possessions,2,2,1.000000
AdministrativeRegion,posthumous,2,4,0.500000
AdministrativeRegion,precededby,2,2,1.000000
AdministrativeRegion,prefecture,2,2,1.000000
AdministrativeRegion,presidingparty,2,110,0.018182
AdministrativeRegion,prevName2Date,2,2,1.000000
AdministrativeRegion,problem,2,2,1.000000
AdministrativeRegion,prosecutorparty,2,111,0.018018
AdministrativeRegion,quoted,2,4,0.500000
AdministrativeRegion,r1LengthF,2,2,1.000000
AdministrativeRegion,r1Number,2,2,1.000000
AdministrativeRegion,r1Surface,2,2,1.000000
AdministrativeRegion,recognition,2,3,0.666667
AdministrativeRegion,recorderparty,2,112,0.017857
AdministrativeRegion,ref,2,2,1.000000
AdministrativeRegion,relstyle,2,2,1.000000
AdministrativeRegion,revenueDivisions,2,2,1.000000
AdministrativeRegion,revhep,2,2,1.000000
AdministrativeRegion,rural2021popCensus,2,2,1.000000
AdministrativeRegion,rus,2,2,1.000000
AdministrativeRegion,rusr,2,2,1.000000
AdministrativeRegion,sd,2,2,1.000000
AdministrativeRegion,seats4Title,2,2,1.000000
AdministrativeRegion,sepSnowDepthCm,2,2,1.000000
AdministrativeRegion,sessionAlt,2,2,1.000000
AdministrativeRegion,sessionRes,2,7,0.285714
AdministrativeRegion,sizearea,2,2,1.000000
AdministrativeRegion,southWest,2,2,1.000000
AdministrativeRegion,sv,2,2,1.000000
AdministrativeRegion,spacing,2,2,1.000000
AdministrativeRegion,speakerOfTheHouseOfRepresentatives,2,2,1.000000
AdministrativeRegion,sSearch,2,2,1.000000
AdministrativeRegion,statesattorneyparty,2,3,0.666667
AdministrativeRegion,strokeColor,2,2,1.000000
AdministrativeRegion,strokeOpacity,2,2,1.000000
AdministrativeRegion,strokeWidth,2,15,0.133333
AdministrativeRegion,superintendentparty,2,3,0.666667
AdministrativeRegion,switch,2,12,0.166667
AdministrativeRegion,toi,2,2,1.000000
AdministrativeRegion,toLeft,2,3,0.666667
AdministrativeRegion,topic,2,18,0.111111
AdministrativeRegion,totalFatalities,2,2,1.000000
AdministrativeRegion,ts,2,2,1.000000
AdministrativeRegion,urban2021popCensus,2,2,1.000000
AdministrativeRegion,verse,2,2,1.000000
AdministrativeRegion,vie,2,2,1.000000
AdministrativeRegion,wb,2,2,1.000000
AdministrativeRegion,whig,2,2696,0.000742
AdministrativeRegion,wi,2,2,1.000000
AdministrativeRegion,wiktSearch,2,2,1.000000
AdministrativeRegion,wildlifeAnimal,2,2,1.000000
AdministrativeRegion,wraparound,2,2,1.000000
AdministrativeRegion,yearSnowDepthCm,2,3,0.666667
Person,nominee,1,1,1.000000
Person,owningOrganisation,1,1,1.000000
Person,runningMate,1,1,1.000000
Person,shoeSize,1,1,1.000000
Person,suppreddedDate,1,1,1.000000
Person,vicePrimeMinister,1,1,1.000000
Person,year,1,1,1.000000
Person,!p,1,1,1.000000
Person,'''record'''_,1,1,1.000000
Person,''family''_,1,1,1.000000
Person,''otanoshimiHizōVideo+ZenSingleClip%3Cnowiki%3E_,1,1,1.000000
Person,(as,1,1,1.000000
Person,(assistant)_,1,1,1.000000
Person,nowiki%3Ealign,1,1,1.000000
Person,nowiki%3EGoals,1,1,1.000000
Person,nowiki%3EManageryears,1,1,1.000000
Person,nowiki%3Enfl,1,1,1.000000
Person,nowiki%3ENtupdate,1,1,1.000000
Person,nowiki%3ETotalcaps,1,1,1.000000
Person,nowiki%3ETotalgoals,1,1,1.000000
Person,%3Ep,1,1,1.000000
Person,%3Cnowiki%3Eengine,1,1,1.000000
Person,%3Csmall%3E%3CspanStyle,1,1,1.000000
Person,%3F_,1,16,0.062500
Person,%5CBefore,1,1,1.000000
Person,†_,1,1,1.000000
Person,0integer,1,1,1.000000
Person,100m,1,1,1.000000
Person,1444—1477Before,1,1,1.000000
Person,1997PresentClapps(points)_,1,1,1.000000
Person,1name,1,1,1.000000
Person,1note,1,1,1.000000
Person,1p&nbsp;p,1,1,1.000000
Person,2004Icapps(points)_,1,1,1.000000
Person,2006CaribbeanRotaxMaxSr.ChampeonUpdated,1,1,1.000000
Person,85BirthPlace,1,1,1.000000
Person,247Archivedate,1,2,0.500000
Person,247sports,1,1,1.000000
Person,2blankdata,1,1,1.000000
Person,2ndregionalCupApps,1,1,1.000000
Person,2ndregionalCupBest,1,1,1.000000
Person,2ndregionalCupFirst,1,1,1.000000
Person,2ndregionalName,1,1,1.000000
Person,2ndTermEnd,1,1,1.000000
Person,2split,1,1,1.000000
Person,1987Sport,1,1,1.000000
Person,32a,1,1,1.000000
Person,3fpp,1,1,1.000000
Person,3ppp,1,1,1.000000
Person,3rd,1,1,1.000000
Person,3rdSpouse,1,1,1.000000
Person,3split,1,1,1.000000
Person,4BirthDate,1,1,1.000000
Person,4Icposition,1,1,1.000000
Person,4option,1,1,1.000000
Person,4optionName,1,1,1.000000
Person,4split,1,1,1.000000
Person,500Championships,1,6,0.166667
Person,50FastestLaps,1,2,0.500000
Person,50Podiums,1,2,0.500000
Person,50Poles,1,2,0.500000
Person,50RaceWins,1,2,0.500000
Person,5loc,1,1,1.000000
Person,80ActiveYears,1,1,1.000000
Person,80Championships,1,1,1.000000
Person,80FastestLaps,1,1,1.000000
Person,80LastPosition,1,1,1.000000
Person,80LastSeason,1,1,1.000000
Person,80Podiums,1,1,1.000000
Person,80Poles,1,1,1.000000
Person,80RaceStarts,1,1,1.000000
Person,80RaceWins,1,1,1.000000
Person,80TotalPoints,1,1,1.000000
Person,9p,1,1,1.000000
Person,a.k.a.,1,1,1.000000
Person,abans,1,1,1.000000
Person,abb,1,1,1.000000
Person,abbrev,1,6,0.166667
Person,aboutself,1,1,1.000000
Person,aboveclass,1,1,1.000000
Person,absence,1,3,0.333333
Person,ac2Year,1,1,1.000000
Person,academicDegree,1,1,1.000000
Person,access,1,1,1.000000
Person,accidentPlace,1,1,1.000000
Person,accreditation,1,1,1.000000
Person,accusations,1,1,1.000000
Person,achievementsAndTitles,1,1,1.000000
Person,actingGovernor,1,1,1.000000
Person,activ,1,1,1.000000
Person,activepol,1,1,1.000000
Person,activities,1,1,1.000000
Person,activitySector,1,1,1.000000
Person,actualPredecessors,1,1,1.000000
Person,actualStatus,1,1,1.000000
Person,actualTeam,1,1,1.000000
Person,additional,1,5,0.200000
Person,additionalSecretary,1,1,1.000000
Person,adirectorOfIntergovernmentalAffairsEnd,1,1,1.000000
Person,administration,1,1,1.000000
Person,admittedToBar,1,1,1.000000
Person,adoptedChildren,1,1,1.000000
Person,advertising,1,1,1.000000
Person,advisors,1,1,1.000000
Person,advocate,1,1,1.000000
Person,aet,1,5,0.200000
Person,af,1,5,0.200000
Person,affairWith,1,1,1.000000
Person,aflBehinds,1,1,1.000000
Person,aflClub,1,1,1.000000
Person,aflPoints,1,1,1.000000
Person,ages,1,1,1.000000
Person,agricultureDate,1,1,1.000000
Person,airshowAircraft,1,1,1.000000
Person,album10Formats,1,1,1.000000
Person,album10Label,1,1,1.000000
Person,album11Formats,1,1,1.000000
Person,album11Label,1,1,1.000000
Person,album11Releasedate,1,1,1.000000
Person,album12Formats,1,1,1.000000
Person,album12Label,1,1,1.000000
Person,album12Releasedate,1,1,1.000000
Person,album13Label,1,1,1.000000
Person,album13Releasedate,1,1,1.000000
Person,album14Label,1,1,1.000000
Person,album14Releasedate,1,1,1.000000
Person,album3Formats,1,1,1.000000
Person,album4Formats,1,1,1.000000
Person,album5Formats,1,1,1.000000
Person,album6Formats,1,1,1.000000
Person,album7Formats,1,1,1.000000
Person,album8Formats,1,1,1.000000
Person,album9Formats,1,1,1.000000
Person,album9Label,1,1,1.000000
Person,aliases,1,1,1.000000
Person,all,1,1,1.000000
Person,allDates,1,1,1.000000
Person,allegedFatalities,1,1,1.000000
Person,alliedClans,1,1,1.000000
Person,allmusic,1,1,1.000000
Person,allowtoc,1,1,1.000000
Person,allStar,1,1,1.000000
Person,nomination,1,1,1.000000
Person,allStars,1,1,1.000000
Person,allsttars,1,1,1.000000
Person,almaMata,1,1,1.000000
Person,almaMater.,1,1,1.000000
Person,alongsid,1,1,1.000000
Person,alongWith,1,1,1.000000
Person,altername,1,1,1.000000
Person,alternateNames,1,1,1.000000
Person,alternativeTitle,1,1,1.000000
Person,altFooter,1,1,1.000000
Person,altitude,1,1,1.000000
Person,altlink,1,1,1.000000
Person,altLink,1,2,0.500000
Person,altvar,1,1,1.000000
Person,am,1,12,0.083333
Person,amaActiveYears,1,1,1.000000
Person,amaChampionships,1,1,1.000000
Person,amaManufacturers,1,1,1.000000
Person,amaProRaceStarts,1,1,1.000000
Person,amasbActiveYears,1,1,1.000000
Person,amasbChampionships,1,1,1.000000
Person,amasbPoles,1,1,1.000000
Person,amasbRaceStarts,1,1,1.000000
Person,amasbRaceWins,1,1,1.000000
Person,amaSuperbikeChampionships,1,1,1.000000
Person,amatcaps,1,1,1.000000
Person,amfWorldCupApps,1,1,1.000000
Person,amfWorldCupBest,1,1,1.000000
Person,amfWorldCupFirst,1,1,1.000000
Person,amKo,1,1,1.000000
Person,amkolosses,1,1,1.000000
Person,amlabel,1,2,0.500000
Person,amlosses,1,1,1.000000
Person,ancestors,1,1,1.000000
Person,ancestorSchools,1,1,1.000000
Person,animation,1,2,0.500000
Person,annotColor,1,1,1.000000
Person,annotTextAlign,1,1,1.000000
Person,announcer,1,1,1.000000
Person,antlTeam,1,1,1.000000
Person,anys,1,1,1.000000
Person,aoifeColemanCounty,1,1,1.000000
Person,appearancesh,1,3,0.333333
Person,appearancesInFifaFutsalWorldCup,1,1,1.000000
Person,appearancesInUefaFutsalEuro,1,1,1.000000
Person,appinter,1,1,1.000000
Person,appointe,1,1,1.000000
Person,appointedBy.,1,1,1.000000
Person,aptFinalTables,1,1,1.000000
Person,aption,1,1,1.000000
Person,aptMoneyFinishes,1,1,1.000000
Person,aptTitles,1,1,1.000000
Person,archbishopname,1,1,1.000000
Person,architectureFirm,1,1,1.000000
Person,architectureType,1,1,1.000000
Person,archiveDates,1,1,1.000000
Person,archNemesis,1,1,1.000000
Person,area(s)_,1,1,1.000000
Person,areaOfResponsibility,1,1,1.000000
Person,areasServed,1,1,1.000000
Person,areerNumber,1,1,1.000000
Person,arguedate,1,1,1.000000
Person,argueyear,1,1,1.000000
Person,arrangedBy,1,1,1.000000
Person,arrestingAuthority,1,1,1.000000
Person,articlename,1,1,1.000000
Person,artist.,1,1,1.000000
Person,"artistBiographiesForBruceAndNormanYonemoto(i.a.3165)IsInTheMuseum'sGeneralExhibitionDocumentation,Title",1,1,1.000000
Person,artiste,1,1,1.000000
Person,arts,1,1,1.000000
Person,asa,1,1,1.000000
Person,asbkActiveYears,1,1,1.000000
Person,asbkChampionships,1,1,1.000000
Person,asbkFastestLaps,1,1,1.000000
Person,asbkPodiums,1,1,1.000000
Person,asbkPoles,1,1,1.000000
Person,asbkRaceStarts,1,1,1.000000
Person,asbkRaceWins,1,1,1.000000
Person,asbkTotalPoints,1,1,1.000000
Person,asdukeOf,1,3,0.333333
Person,asiangamesmixeddoublesresult,1,1,1.000000
Person,asiangamesresult,1,1,1.000000
Person,asiaPacificInternational,1,2,0.500000
Person,aSide,1,1,1.000000
Person,asKnownAs,1,1,1.000000
Person,assActiveYears,1,1,1.000000
Person,assailants,1,1,1.000000
Person,assassinationDate,1,1,1.000000
Person,assChampionships,1,1,1.000000
Person,assemblyman,1,1,1.000000
Person,assFastestLaps,1,1,1.000000
Person,assLastSeason,1,1,1.000000
Person,assManufacturers,1,1,1.000000
Person,associate3End,1,1,1.000000
Person,associate3Start,1,1,1.000000
Person,associate4End,1,1,1.000000
Person,associate4Start,1,1,1.000000
Person,associate5End,1,1,1.000000
Person,associate5Start,1,1,1.000000
Person,associate6End,1,1,1.000000
Person,associate6Start,1,1,1.000000
Person,associate7End,1,1,1.000000
Person,associate7Start,1,1,1.000000
Person,associate8End,1,1,1.000000
Person,associate8Start,1,1,1.000000
Person,assPodiums,1,1,1.000000
Person,assPoles,1,1,1.000000
Person,assRaceStarts,1,1,1.000000
Person,assRaceWins,1,1,1.000000
Person,asstManager,1,1,1.000000
Person,assTotalPoints,1,1,1.000000
Person,assumedOffice,1,1,1.000000
Person,astyle,1,4,0.250000
Person,atom,1,1,1.000000
Person,attacks,1,1,1.000000
Person,attemptedFix,1,1,1.000000
Person,audioReadBy,1,1,1.000000
Person,australianSuperbikeChampionships,1,1,1.000000
Person,author2link,1,1,1.000000
Person,author3Link,1,1,1.000000
Person,authors(s)_,1,1,1.000000
Person,autoCaption,1,8,0.125000
Person,autoitalicize,1,1,1.000000
Person,aux2t,1,1,1.000000
Person,aux4t,1,1,1.000000
Person,available,1,1,1.000000
Person,averageAttendance,1,1,1.000000
Person,award13n,1,2,0.500000
Person,award14n,1,2,0.500000
Person,award15n,1,2,0.500000
Person,award16n,1,1,1.000000
Person,award16w,1,1,1.000000
Person,awardedBy,1,1,1.000000
Person,"awards,6aMetroRegionalChampions",1,1,1.000000
Person,awards7w,1,1,1.000000
Person,awardsAndAchievements,1,1,1.000000
Person,away,1,1,1.000000
Person,away1player,1,1,1.000000
Person,away1pos,1,1,1.000000
Person,awayman,1,1,1.000000
Person,awaymannat,1,1,1.000000
Person,awayteam,1,1,1.000000
Person,backCounty,1,1,1.000000
Person,backFilename,1,1,1.000000
Person,backgroundColour,1,1,1.000000
Person,backHeight,1,1,1.000000
Person,backSquat,1,1,1.000000
Person,badgeNumber,1,1,1.000000
Person,badmintonPosition,1,1,1.000000
Person,badmintonProvince,1,1,1.000000
Person,baflrookieyear,1,1,1.000000
Person,bagde,1,1,1.000000
Person,balanceEngineer,1,1,1.000000
Person,ban,1,1,1.000000
Person,banLatn,1,1,1.000000
Person,barWidth,1,1,1.000000
Person,baseCaption,1,1,1.000000
Person,baseOfOperations,1,1,1.000000
Person,basge,1,1,1.000000
Person,battery,1,1,1.000000
Person,wars,1,1,1.000000
Person,bc,1,1,1.000000
Person,bcs,1,1,1.000000
Person,bcsRanking,1,1,1.000000
Person,bdoInternationalOpen,1,1,1.000000
Person,bdoTurkishOpen,1,1,1.000000
Person,beautyPageant,1,1,1.000000
Person,befoRe,1,1,1.000000
Person,begins,1,1,1.000000
Person,belief,1,1,1.000000
Person,belowclass,1,1,1.000000
Person,bench1Sg,1,1,1.000000
Person,bench2Label,1,1,1.000000
Person,bench2Pf,1,1,1.000000
Person,bench2Pg,1,1,1.000000
Person,bench2Sf,1,1,1.000000
Person,bench3C,1,1,1.000000
Person,bench3Pf,1,1,1.000000
Person,bench4Label,1,1,1.000000
Person,benchpress,1,1,1.000000
Person,bestBuschFin,1,1,1.000000
Person,bestBuschPointsPos,1,1,1.000000
Person,bestBuschPosition,1,1,1.000000
Person,bestCupFin,1,1,1.000000
Person,bestCupPointPos,1,1,1.000000
Person,bestFriend,1,1,1.000000
Person,bestGoody'sDashPos,1,1,1.000000
Person,bestLifts,1,1,1.000000
Person,bestRank,1,1,1.000000
Person,bestTruckPosition,1,1,1.000000
Person,bestWin,1,1,1.000000
Person,bestWinYear,1,1,1.000000
Person,bgColor,1,1,1.000000
Person,bhuvaneshwariRathoreData,1,1,1.000000
Person,biceps,1,1,1.000000
Person,biggestWin,1,1,1.000000
Person,"bigJoe,SmokeyDob",1,1,1.000000
Person,birthCaste,1,1,1.000000
Person,birthDate(nepali)_,1,1,1.000000
Person,birthDatel,1,1,1.000000
Person,birthDateSeptember,1,1,1.000000
Person,birthday,1,1,1.000000
Person,birthImage,1,1,1.000000
Person,birthName.,1,1,1.000000
Person,birthNamer,1,1,1.000000
Person,birthPalce,1,1,1.000000
Person,birthParent,1,1,1.000000
Person,birthPlaceN,1,1,1.000000
Person,birththPlace,1,1,1.000000
Person,birthTime,1,1,1.000000
Person,birthYear,1,1,1.000000
Person,birtname,1,1,1.000000
Person,birtName,1,1,1.000000
Person,biryhPlace,1,1,1.000000
Person,blank1InfoSec,1,1,1.000000
Person,blank1NameSec,1,1,1.000000
Person,blankData,1,1,1.000000
Person,blankLabel,1,1,1.000000
Person,bluestars,1,1,1.000000
Person,boardOfDirectors,1,1,1.000000
Person,bodyalign,1,2,0.500000
Person,bodycount,1,1,1.000000
Person,bodyStyle,1,1,1.000000
Person,bodytype,1,1,1.000000
Person,bookTitle,1,1,1.000000
Person,bookUrl,1,1,1.000000
Person,bookWritten,1,1,1.000000
Person,bookYear,1,1,1.000000
Person,borderColor,1,5,0.200000
Person,borderP,1,1,1.000000
Person,borderS,1,1,1.000000
Person,borderSize,1,1,1.000000
Person,bornDate,1,1,1.000000
Person,boroughPresident,1,1,1.000000
Person,bowlgame,1,1,1.000000
Person,bowlnames,1,1,1.000000
Person,bowloutcomes,1,1,1.000000
Person,bowlscore,1,1,1.000000
Person,boxDeath,1,1,1.000000
Person,boxing,1,1,1.000000
Person,boxingdecwins,1,1,1.000000
Person,boxingdraws,1,1,1.000000
Person,boxingkolosses,1,1,1.000000
Person,boxingkowins,1,1,1.000000
Person,boxinglosses,1,1,1.000000
Person,boxingwins,1,1,1.000000
Person,boxRec,1,1,1.000000
Person,boxSets,1,1,1.000000
Person,boxTotal,1,1,1.000000
Person,boxType,1,1,1.000000
Person,boxwidth,1,1,1.000000
Person,boyfriend,1,1,1.000000
Person,bp,1,1,1.000000
Person,bpborn,1,1,1.000000
Person,branchedFrom,1,1,1.000000
Person,branding,1,1,1.000000
Person,brands,1,1,1.000000
Person,bridge,1,1,1.000000
Person,brithName,1,1,1.000000
Person,britishOpen,1,1,1.000000
Person,britishProfessional,1,1,1.000000
Person,britn,1,1,1.000000
Person,britw,1,1,1.000000
Person,broken,1,1,1.000000
Person,bronzeGer,1,1,1.000000
Person,bronzeSar,1,1,1.000000
Person,bronzeUsa,1,1,1.000000
Person,brotherIsColmIrish,1,1,1.000000
Person,brothers,1,1,1.000000
Person,bsbPoints,1,1,1.000000
Person,bSides,1,1,1.000000
Person,bstyle,1,2,0.500000
Person,budget,1,1,1.000000
Person,buildingName,1,1,1.000000
Person,buildSort,1,1,1.000000
Person,bullet,1,2,0.500000
Person,burialdate,1,1,1.000000
Person,bvCurrentclub,1,1,1.000000
Person,bvNationalcaps,1,1,1.000000
Person,bvNationalteam,1,1,1.000000
Person,bvPosition,1,1,1.000000
Person,bvProvince,1,1,1.000000
Person,bvProvinceyears,1,1,1.000000
Person,bwfore,1,1,1.000000
Person,cabinetMinister,1,1,1.000000
Person,cadetBranches,1,1,1.000000
Person,calgaryStampede,1,1,1.000000
Person,caliph,1,2,0.500000
Person,camera,1,1,1.000000
Person,campaignedFor,1,1,1.000000
Person,campusType,1,1,1.000000
Person,candidate8Party,1,1,1.000000
Person,candidate8Percent,1,1,1.000000
Person,candidate8Votes,1,1,1.000000
Person,cantonese,1,1,1.000000
Person,captino,1,1,1.000000
Person,caption.,1,1,1.000000
Person,captionPosition,1,4,0.250000
Person,capture,1,1,1.000000
Person,career–number,1,1,1.000000
Person,careerAwards,1,1,1.000000
Person,careerCaps,1,1,1.000000
Person,careerCompany,1,1,1.000000
Person,careerEarnings,1,1,1.000000
Person,careerEbd,1,1,1.000000
Person,careerEnds,1,1,1.000000
Person,careerGames,1,1,1.000000
Person,careerNumbers,1,1,1.000000
Person,careerPoints,1,1,1.000000
Person,careerposition,1,1,1.000000
Person,careerTitle,1,1,1.000000
Person,caricaturist,1,1,1.000000
Person,carlosMaríaDeLaTorre.jpgDipstyle,1,1,1.000000
Person,carries,1,1,1.000000
Person,carTeam,1,1,1.000000
Person,cartoon,1,2,0.500000
Person,catchphrase(s)_,1,1,1.000000
Person,catchphrase,1,1,1.000000
Person,categoryType,1,1,1.000000
Person,cathedral,1,5,0.200000
Person,catpion,1,1,1.000000
Person,cats,1,1,1.000000
Person,cdname,1,1,1.000000
Person,celebrations,1,1,1.000000
Person,"cello,PrimaryArtist",1,1,1.000000
Person,cello,1,1,1.000000
Person,center,1,3,0.333333
Person,ceoOfTheCanadianWildlifeFund,1,1,1.000000
Person,certday,1,1,1.000000
Person,cf,1,1,1.000000
Person,cfaption,1,1,1.000000
Person,cfNat,1,1,1.000000
Person,chairmanOfSupremeCouncilOfTheRepublicOfLithuania,1,1,1.000000
Person,chairmanSenate,1,1,1.000000
Person,chamber,1,2,0.500000
Person,champions,1,1,1.000000
Person,championsLeagueOfDarts,1,1,1.000000
Person,charged,1,1,1.000000
Person,chart,1,3,0.333333
Person,chartf,1,2,0.500000
Person,chartg,1,2,0.500000
Person,chassis,1,1,1.000000
Person,checked,1,2,0.500000
Person,checkWikidata,1,3,0.333333
Person,cheigth,1,1,1.000000
Person,chessgid,1,1,1.000000
Person,chief,1,1,1.000000
Person,chief1Position,1,1,1.000000
Person,chief2Name,1,1,1.000000
Person,chiefexecutive,1,1,1.000000
Person,chiefjustice,1,1,1.000000
Person,chiefMinisterOfKhyberPakhtunkhwa,1,1,1.000000
Person,chiefOfStaffEnd,1,1,1.000000
Person,chiefsCrest,1,1,1.000000
Person,chiefsMotto,1,1,1.000000
Person,chiefsName,1,1,1.000000
Person,chiefsTitle,1,1,1.000000
Person,child.,1,1,1.000000
Person,child(ren)_,1,1,1.000000
Person,childern,1,1,1.000000
Person,children(s)_,1,1,1.000000
Person,childrenEnd,1,1,1.000000
Person,childrenHeBirthed,1,1,1.000000
Person,childrenLink,1,1,1.000000
Person,childrenNames,1,1,1.000000
Person,childrenStart,1,1,1.000000
Person,chinese,1,1,1.000000
Person,chronology,1,1,1.000000
Person,chunom,1,1,1.000000
Person,ciachEnd,1,1,1.000000
Person,cid,1,1,1.000000
Person,cinematography,1,1,1.000000
Person,circumscription,1,1,1.000000
Person,citation,1,1,1.000000
Person,cityposition,1,1,1.000000
Person,civilPartner,1,1,1.000000
Person,civilRegistration,1,1,1.000000
Person,clapps,1,1,1.000000
Person,clasification,1,1,1.000000
Person,clclub,1,1,1.000000
Person,cleastKerry,1,1,1.000000
Person,client,1,1,1.000000
Person,clip,1,1,1.000000
Person,cljuniorchship,1,1,1.000000
Person,clothing,1,2,0.500000
Person,clprorvince,1,1,1.000000
Person,club(s)_,1,1,1.000000
Person,club1end,1,1,1.000000
Person,club1start,1,1,1.000000
Person,club2end,1,1,1.000000
Person,club2start,1,1,1.000000
Person,club3start,1,1,1.000000
Person,clubcaps,1,1,1.000000
Person,clubLeague,1,1,1.000000
Person,clubNumber,1,1,1.000000
Person,clubs6.,1,2,0.500000
Person,clubs8.,1,1,1.000000
Person,clubsf,1,1,1.000000
Person,clubTeam,1,1,1.000000
Person,clubtitles,1,1,1.000000
Person,clubYears,1,1,1.000000
Person,cnhangul,1,1,1.000000
Person,cnmr,1,1,1.000000
Person,cnrr,1,1,1.000000
Person,coachcount,1,1,1.000000
Person,coachdrawsf,1,1,1.000000
Person,coachdrawsg,1,1,1.000000
Person,coachdrawsh,1,1,1.000000
Person,coachdrawsj,1,1,1.000000
Person,coachdrawsk,1,1,1.000000
Person,coached,1,1,1.000000
Person,coachFor,1,1,1.000000
Person,coachgamesf,1,1,1.000000
Person,coachgamesg,1,1,1.000000
Person,coachgamesh,1,1,1.000000
Person,coachgamesj,1,1,1.000000
Person,coachgamesk,1,1,1.000000
Person,coachingCareerEnd,1,1,1.000000
Person,coachingCareerStart,1,1,1.000000
Person,coachingStart,1,1,1.000000
Person,coachlossesf,1,1,1.000000
Person,coachlossesg,1,1,1.000000
Person,coachlossesh,1,1,1.000000
Person,coachlossesj,1,1,1.000000
Person,coachlossesk,1,1,1.000000
Person,coachOf,1,1,1.000000
Person,coachteamf,1,1,1.000000
Person,coachteamg,1,1,1.000000
Person,coachteamh,1,1,1.000000
Person,coachteamj,1,1,1.000000
Person,coachteamk,1,1,1.000000
Person,coachwinb,1,1,1.000000
Person,coachwinc,1,1,1.000000
Person,coachwind,1,1,1.000000
Person,coachwinsf,1,1,1.000000
Person,coachwinsg,1,1,1.000000
Person,coachwinsh,1,1,1.000000
Person,coachwinsj,1,1,1.000000
Person,coachwinsk,1,1,1.000000
Person,coachyear11end,1,1,1.000000
Person,coachyear12start,1,1,1.000000
Person,coachyeareend,1,1,1.000000
Person,coachyearfend,1,1,1.000000
Person,coachyearfstart,1,1,1.000000
Person,coachyeargend,1,1,1.000000
Person,coachyeargstart,1,1,1.000000
Person,coachyearhend,1,1,1.000000
Person,coachyearhstart,1,1,1.000000
Person,coachyearjend,1,1,1.000000
Person,coachyearjstart,1,1,1.000000
Person,coachyearkstart,1,1,1.000000
Person,coatofarmscaption,1,1,1.000000
Person,coatofarmssize,1,1,1.000000
Person,"coinOfBrajanathSingha,DeFactoRulerOfTheAhomKingdom.IssueDate",1,1,1.000000
Person,col,1,1,1.000000
Person,collages,1,1,1.000000
Person,collection,1,1,1.000000
Person,collegeAttended,1,1,1.000000
Person,collegeCoach,1,1,1.000000
Person,collegehofYear,1,1,1.000000
Person,colorBorder,1,3,0.333333
Person,colorist,1,11,0.090909
Person,colorText,1,4,0.250000
Person,colupdate,1,1,1.000000
Person,combatantsHeader,1,1,1.000000
Person,commandedBy,1,1,1.000000
Person,commas,1,1,1.000000
Person,commonsLink,1,1,1.000000
Person,commonwealthgamesmixeddoublesresult,1,1,1.000000
Person,companies,1,1,1.000000
Person,companyFounded,1,1,1.000000
Person,compete,1,1,1.000000
Person,competencies,1,1,1.000000
Person,competition,1,5,0.200000
Person,competitors,1,1,1.000000
Person,competitorsMen,1,1,1.000000
Person,competitorsWomen,1,1,1.000000
Person,complete,1,1,1.000000
Person,compositeStars,1,2,0.500000
Person,comptroller,1,1,1.000000
Person,comptrollerDate,1,1,1.000000
Person,conditionEffective,1,1,1.000000
Person,conflng,1,1,1.000000
Person,conjoint,1,1,1.000000
Person,connect,1,1,1.000000
Person,consecrationYear,1,1,1.000000
Person,consituency,1,1,1.000000
Person,constituencies,1,1,1.000000
Person,state,1,1,1.000000
Person,constituencyCouncillor,1,1,1.000000
Person,constituencyFormerMp,1,1,1.000000
Person,constituencyType,1,1,1.000000
Person,constiuency,1,1,1.000000
Person,constructor,1,1,1.000000
Person,constructors,1,1,1.000000
Person,contest,1,73,0.013699
Person,contestWeight,1,1,1.000000
Person,continentals,1,1,1.000000
Person,contributedby,1,1,1.000000
Person,controversies,1,1,1.000000
Person,contry,1,1,1.000000
Person,conventionDelegates,1,1,1.000000
Person,conventor,1,1,1.000000
Person,convert,1,2,0.500000
Person,convict,1,1,1.000000
Person,cookbook,1,2,0.500000
Person,cookingStyles,1,1,1.000000
Person,coordinatesDisplay,1,1,1.000000
Person,coRegent,1,1,1.000000
Person,coronoWins,1,1,1.000000
Person,corporate,1,11,0.090909
Person,council,1,1,1.000000
Person,counselors,1,7,0.142857
Person,countriboii,1,1,1.000000
Person,countrycode,1,1,1.000000
Person,countryOfOrigin,1,1,1.000000
Person,countryRepresent,1,1,1.000000
Person,countryType,1,1,1.000000
Person,countyCouncil,1,1,1.000000
Person,countyofbirth,1,1,1.000000
Person,cpation,1,1,1.000000
Person,cps,1,1,1.000000
Person,cpsChiefParliamentarySecretary,1,1,1.000000
Person,cption,1,1,1.000000
Person,cpu,1,4,0.250000
Person,crc,1,1,1.000000
Person,creditsEcriture,1,1,1.000000
Person,creerPosition,1,1,1.000000
Person,crests,1,5,0.200000
Person,criminalRecord,1,1,1.000000
Person,critic,1,2,0.500000
Person,crosses,1,1,1.000000
Person,css,1,1,1.000000
Person,cumLaude,1,1,1.000000
Person,cup1Result,1,1,1.000000
Person,cup2Result,1,1,1.000000
Person,currentAbrahamLincolnHighSchoolFootballCoachNumber,1,1,1.000000
Person,currentAge,1,1,1.000000
Person,currentCoach,1,1,1.000000
Person,currentCommander,1,1,1.000000
Person,currentConviction,1,1,1.000000
Person,currently,1,1,1.000000
Person,currentlyCoaches,1,1,1.000000
Person,currentMinistry,1,1,1.000000
Person,currentOffic,1,1,1.000000
Person,currentranking,1,1,1.000000
Person,currentTeam.,1,1,1.000000
Person,currentTeams,1,1,1.000000
Person,currentTenants,1,1,1.000000
Person,currentUse,1,1,1.000000
Person,currentWorldRanking,1,1,1.000000
Person,currsign,1,1,1.000000
Person,daet,1,1,1.000000
Person,danRank,1,1,1.000000
Person,dataDiMore,1,1,1.000000
Person,dataMax,1,1,1.000000
Person,dataname,1,1,1.000000
Person,dataType,1,1,1.000000
Person,dateAdopted,1,1,1.000000
Person,dateBirth,1,1,1.000000
Person,datecopied,1,1,1.000000
Person,dateDerogated,1,2,0.500000
Person,datee,1,1,1.000000
Person,dateEnd,1,1,1.000000
Person,dateEnteredIntoBrindavanam,1,1,1.000000
Person,dateEvent,1,1,1.000000
Person,dateFounded,1,1,1.000000
Person,dateOfArrest,1,1,1.000000
Person,dateOfChristening,1,1,1.000000
Person,dateOfRelease,1,1,1.000000
Person,datePromulgated,1,2,0.500000
Person,dateSigned,1,1,1.000000
Person,dateStart,1,1,1.000000
Person,daughterInLaw,1,1,1.000000
Person,daughterInLaws,1,1,1.000000
Person,daughterName,1,1,1.000000
Person,daughters,1,1,1.000000
Person,daugther,1,1,1.000000
Person,dead,1,1,1.000000
Person,deadlift,1,1,1.000000
Person,deadLift,1,1,1.000000
Person,deadlink,1,1,1.000000
Person,"death12.september,2012BirthPlace",1,1,1.000000
Person,_,1,1,1.000000
Person,deathDateAndAge,1,1,1.000000
Person,deathManner,1,1,1.000000
Person,deathPlace.,1,1,1.000000
Person,deathPllace,1,1,1.000000
Person,deathReason,1,1,1.000000
Person,debu2tdate,1,1,1.000000
Person,decDraw,1,1,1.000000
Person,decWon,1,1,1.000000
Person,dedicatedTo,1,1,1.000000
Person,defaultWidth,1,1,1.000000
Person,defeated,1,1,1.000000
Person,defenceMinister,1,2,0.500000
Person,defenseMinister,1,1,1.000000
Person,degrees,1,1,1.000000
Person,delegateToTheFederalConventionFromMassachussetts,1,1,1.000000
Person,delhiAddress,1,1,1.000000
Person,dennisBondCheeseKidStars,1,1,1.000000
Person,deputies,1,1,1.000000
Person,deputyChairmanSenate,1,1,1.000000
Person,deputyMarshalOfTheSenate,1,1,1.000000
Person,deputymayor,1,1,1.000000
Person,deputyMinisterFrom,1,1,1.000000
Person,deputyOf,1,1,1.000000
Person,deputyOfMinister,1,1,1.000000
Person,deputyPrimeminister,1,1,1.000000
Person,deputyspeaker,1,1,1.000000
Person,designatedOther1Number,1,1,1.000000
Person,designatedOther1NumPosition,1,1,1.000000
Person,designatedOther1Textcolor,1,1,1.000000
Person,designatedOther2Abbr,1,1,1.000000
Person,designatedOther2Color,1,1,1.000000
Person,designatedOther2Date,1,1,1.000000
Person,designatedOther2Link,1,1,1.000000
Person,designatedOther2Name,1,1,1.000000
Person,designation1Free1name,1,7,0.142857
Person,després,1,1,1.000000
Person,developed,1,1,1.000000
Person,big%3E%3CdivAlign,1,1,1.000000
Person,device,1,1,1.000000
Person,dfens,1,1,1.000000
Person,dialecto,1,1,1.000000
Person,diameterMetric,1,1,1.000000
Person,dictator,1,1,1.000000
Person,die,1,1,1.000000
Person,diedOn,1,1,1.000000
Person,diet,1,1,1.000000
Person,differentNext,1,1,1.000000
Person,difficulty,1,1,1.000000
Person,dim,1,1,1.000000
Person,dioceses,1,5,0.200000
Person,dir,1,2,0.500000
Person,direct,1,1,1.000000
Person,directionA,1,3,0.333333
Person,directionB,1,3,0.333333
Person,directorOfStateOperations,1,1,1.000000
Person,directorOfStateOperationsEnd,1,1,1.000000
Person,directorOfStateOperationsStart,1,1,1.000000
Person,directors,1,1,1.000000
Person,discontinued,1,1,1.000000
Person,discovered,1,1,1.000000
Person,displayName,1,1,1.000000
Person,displaySupp,1,1,1.000000
Person,dissenting,1,1,1.000000
Person,dissertation,1,1,1.000000
Person,dissertationTitle,1,1,1.000000
Person,dissertationYear,1,1,1.000000
Person,distance(s)_,1,1,1.000000
Person,districtLabel,1,3,0.333333
Person,divorce,1,1,1.000000
Person,dlang,1,1,1.000000
Person,dm,1,1,1.000000
Person,dmNat,1,1,1.000000
Person,dob,1,1,1.000000
Person,docket,1,1,1.000000
Person,doctoralStudent(s)_,1,1,1.000000
Person,documentary,1,1,1.000000
Person,dog,1,1,1.000000
Person,dogsName,1,1,1.000000
Person,domain,1,8,0.125000
Person,domesticyears,1,1,1.000000
Person,dominantHand,1,1,1.000000
Person,dominantSport,1,1,1.000000
Person,donald(flashWwii)Gordon,1,1,1.000000
Person,dq,1,3,0.333333
Person,drafted,1,2,0.500000
Person,draftPosition,1,1,1.000000
Person,dressSize,1,1,1.000000
Person,državaRođenja,1,1,1.000000
Person,duckfaceSport,1,1,1.000000
Person,duplicateNativeName,1,1,1.000000
Person,duplicateOffice,1,1,1.000000
Person,duplicateTermEnd,1,1,1.000000
Person,duplicateTermStart,1,1,1.000000
Person,dutchDartsMasters,1,1,1.000000
Person,dutchTtContested,1,1,1.000000
Person,dutchTtWins,1,1,1.000000
Person,dynastyname,1,1,1.000000
Person,ebooksg,1,1,1.000000
Person,eco,1,1,1.000000
Person,edate,1,1,1.000000
Person,editing,1,1,1.000000
Person,editor2First,1,1,1.000000
Person,editor2Last,1,1,1.000000
Person,editorLink,1,1,1.000000
Person,educate,1,1,1.000000
Person,educationAlmaMata,1,1,1.000000
Person,educationDegree,1,1,1.000000
Person,educationPlace,1,1,1.000000
Person,educationQualification,1,1,1.000000
Person,educationStatus,1,1,1.000000
Person,eissn,1,1,1.000000
Person,elderSon,1,1,1.000000
Person,electedMemberFor,1,1,1.000000
Person,electedMemberSince,1,1,1.000000
Person,electedOffice,1,1,1.000000
Person,electedTerm,1,1,1.000000
Person,electionsDab,1,1,1.000000
Person,electricMotor,1,1,1.000000
Person,electricMotorPosition,1,1,1.000000
Person,electsHowmany,1,2,0.500000
Person,eliteprospects,1,1,1.000000
Person,elPaso,1,1,1.000000
Person,embedded,1,1,1.000000
Person,empasB,1,1,1.000000
Person,empasK,1,1,1.000000
Person,employees,1,1,1.000000
Person,employment,1,1,1.000000
Person,employmentField,1,1,1.000000
Person,endtheme,1,1,1.000000
Person,endyearS,1,1,1.000000
Person,engaged,1,1,1.000000
Person,engineer,1,1,1.000000
Person,englishNames,1,1,1.000000
Person,environment,1,1,1.000000
Person,environmentParty,1,1,1.000000
Person,environmentStart,1,1,1.000000
Person,eponymousSkills,1,1,1.000000
Person,eps,1,1,1.000000
Person,epsnArchivedate,1,2,0.500000
Person,eptMainEventMoneyFinishes,1,1,1.000000
Person,equipmentLabel,1,1,1.000000
Person,er,1,47,0.021277
Person,erdosNumber,1,1,1.000000
Person,erdősNumber,1,1,1.000000
Person,ermEnd,1,1,1.000000
Person,ermStart,1,1,1.000000
Person,escudo,1,1,1.000000
Person,espnArchiveUrl,1,1,1.000000
Person,espnRating,1,1,1.000000
Person,espnStatrs,1,1,1.000000
Person,esuctcheon,1,1,1.000000
Person,ethnic,1,1,1.000000
Person,etymology,1,1,1.000000
Person,eurohockey,1,1,1.000000
Person,euromast,1,1,1.000000
Person,euroopen,1,1,1.000000
Person,europeanSingles,1,1,1.000000
Person,eventEnd,1,1,1.000000
Person,eventName,1,1,1.000000
Person,eventStart,1,1,1.000000
Person,evFootnote,1,1,1.000000
Person,ewcChampionships,1,1,1.000000
Person,ewcFastestLaps,1,1,1.000000
Person,ewcPoles,1,1,1.000000
Person,ewcRaceStarts,1,1,1.000000
Person,ewcRaceWins,1,1,1.000000
Person,executedBy,1,1,1.000000
Person,exemplar(s)_,1,1,1.000000
Person,expdraftedyear,1,4,0.250000
Person,expensesYear,1,1,1.000000
Person,expertise,1,1,1.000000
Person,externalUrl,1,1,1.000000
Person,extraCredits,1,1,1.000000
Person,exWife,1,1,1.000000
Person,facadeDirection,1,1,1.000000
Person,faculty,1,1,1.000000
Person,faith,1,1,1.000000
Person,familyBackground,1,1,1.000000
Person,familyHouse,1,1,1.000000
Person,familyInformation,1,1,1.000000
Person,familymember,1,1,1.000000
Person,familySeat,1,1,1.000000
Person,fan(s)_,1,1,1.000000
Person,fasiscle,1,1,1.000000
Person,father’sName,1,1,1.000000
Person,fathers,1,1,1.000000
Person,favoriteWaves,1,1,1.000000
Person,favouriteDaughtersOldestSon,1,1,1.000000
Person,favouriteTeacher,1,1,1.000000
Person,fb,1,1,1.000000
Person,fball,1,1,1.000000
Person,feastDate,1,1,1.000000
Person,featuring,1,1,1.000000
Person,federalRiding,1,1,1.000000
Person,fewerLinks,1,1,1.000000
Person,ff,1,1,1.000000
Person,fff,1,1,1.000000
Person,ffff,1,1,1.000000
Person,fffm,1,1,1.000000
Person,ffm,1,1,1.000000
Person,ffmf,1,1,1.000000
Person,ffmm,1,1,1.000000
Person,fiancé,1,1,1.000000
Person,fibaHofOfficial,1,1,1.000000
Person,fieldgoalsg,1,30,0.033333
Person,fieldgoalsh,1,3,0.333333
Person,fieRanking,1,1,1.000000
Person,fifaMax,1,1,1.000000
Person,fifaMaxDate,1,1,1.000000
Person,fifaMin,1,1,1.000000
Person,fifaMinDate,1,1,1.000000
Person,fights,1,1,1.000000
Person,file,1,1,1.000000
Person,filesize,1,1,1.000000
Person,filmAndTelevision,1,1,1.000000
Person,filmfaren,1,1,1.000000
Person,finalcity,1,1,1.000000
Person,finalvenue,1,1,1.000000
Person,findAGrave,1,1,1.000000
Person,finderMasters,1,1,1.000000
Person,fineArt,1,1,1.000000
Person,finisher​_,1,1,1.000000
Person,firmType,1,1,1.000000
Person,firstAppearanceToTheNationalTeam,1,1,1.000000
Person,firstCompeted,1,1,1.000000
Person,firstDashWin,1,1,1.000000
Person,firstdate,1,1,1.000000
Person,firsticon,1,1,1.000000
Person,firstInduction,1,1,1.000000
Person,firstManxGpWin,1,1,1.000000
Person,firstMinister,1,1,1.000000
Person,firstMonarch,1,1,1.000000
Person,firstProShow,1,1,1.000000
Person,firstProShowYear,1,1,1.000000
Person,firstshow,1,1,1.000000
Person,firstshowyear,1,1,1.000000
Person,fitnessCoach,1,1,1.000000
Person,flagP,1,1,1.000000
Person,flagS,1,1,1.000000
Person,flagTemplate,1,1,1.000000
Person,flagvar,1,6,0.166667
Person,flagYear,1,2,0.500000
Person,flightier,1,1,1.000000
Person,float2Width,1,1,1.000000
Person,float3Width,1,1,1.000000
Person,float4Width,1,1,1.000000
Person,float5Width,1,1,1.000000
Person,float6Width,1,1,1.000000
Person,fmf,1,1,1.000000
Person,fmff,1,1,1.000000
Person,fmfm,1,1,1.000000
Person,fmm,1,1,1.000000
Person,fmmf,1,1,1.000000
Person,fmmm,1,1,1.000000
Person,followed,1,1,1.000000
Person,followersDate,1,1,1.000000
Person,font,1,1,1.000000
Person,foodType,1,1,1.000000
Person,footMontage,1,1,1.000000
Person,forcebox,1,1,1.000000
Person,foreignminister,1,1,1.000000
Person,foreignPolicyOfMajorPowersDate,1,1,1.000000
Person,former,1,1,1.000000
Person,formerClub,1,1,1.000000
Person,formerCoach,1,1,1.000000
Person,formerMembers,1,1,1.000000
Person,formerMinister,1,1,1.000000
Person,formerNallTeams,1,1,1.000000
Person,formerNames,1,1,1.000000
Person,formerOffice,1,1,1.000000
Person,formerPartner(s)_,1,1,1.000000
Person,formerPoliticalAlliance,1,1,1.000000
Person,formerProfession,1,1,1.000000
Person,formerRestaurant(s)_,1,1,1.000000
Person,formerRestaurants,1,1,1.000000
Person,formerteammate,1,1,1.000000
Person,formerWeightClass,1,1,1.000000
Person,foundedPlace,1,1,1.000000
Person,founding,1,1,1.000000
Person,foundry,1,1,1.000000
Person,frame,1,10,0.100000
Person,frase,1,1,1.000000
Person,frédéricEtsouNzabiBamungwabiDipstyle,1,1,1.000000
Person,free,1,2,0.500000
Person,freemason,1,1,1.000000
Person,freeTournamentData,1,1,1.000000
Person,friend,1,1,1.000000
Person,frontDownshift,1,1,1.000000
Person,frontFilename,1,1,1.000000
Person,frontHeight,1,1,1.000000
Person,frontSquat,1,1,1.000000
Person,fullanme,1,1,1.000000
Person,fullnsme,1,1,1.000000
Person,fullscreenOption,1,2,0.500000
Person,function,1,1,1.000000
Person,functionalStatus,1,1,1.000000
Person,funeralPlace,1,1,1.000000
Person,fusiongenres,1,1,1.000000
Person,g,1,1,1.000000
Person,gaelicNames,1,1,1.000000
Person,gamesLink,1,1,1.000000
Person,gan,1,1,1.000000
Person,general,1,1,1.000000
Person,generalManager,1,1,1.000000
Person,generalmanager1start,1,1,1.000000
Person,generalmanager1team,1,1,1.000000
Person,germanOpen,1,1,1.000000
Person,gGchildren,1,1,1.000000
Person,givenfor,1,1,1.000000
Person,goalscorers,1,1,1.000000
Person,goggles,1,1,1.000000
Person,goldenTranslation,1,1,1.000000
Person,goldGer,1,1,1.000000
Person,goldSar,1,1,1.000000
Person,goldUsa,1,1,1.000000
Person,goody'sDashTopTens,1,1,1.000000
Person,goody'sDashWins,1,1,1.000000
Person,gospel,1,1,1.000000
Person,governingMayor,1,1,1.000000
Person,governorgeneral,1,1,1.000000
Person,grades,1,1,1.000000
Person,graduatedHighSchool,1,1,1.000000
Person,graduation,1,1,1.000000
Person,grandchildern,1,1,1.000000
Person,grandchildren.,1,1,1.000000
Person,grandchildrens,1,1,1.000000
Person,granddaughter,1,1,1.000000
Person,grandDaughter,1,1,1.000000
Person,granddaughters,1,1,1.000000
Person,grandFather,1,1,1.000000
Person,grandson.l,1,1,1.000000
Person,grandsonName,1,1,1.000000
Person,granTan%5DBirthPlace,1,1,1.000000
Person,graphicDesigner,1,1,1.000000
Person,grayshirt,1,3,0.333333
Person,greatGrandchild,1,1,1.000000
Person,greatGrandChildren,1,1,1.000000
Person,greatGrandson,1,1,1.000000
Person,greatNephew,1,1,1.000000
Person,greekExpandedTitle,1,1,1.000000
Person,groundbreaking,1,1,1.000000
Person,guests,1,1,1.000000
Person,guidance,1,1,1.000000
Person,guide,1,1,1.000000
Person,gurus,1,1,1.000000
Person,hadedness,1,1,1.000000
Person,haircoluor,1,1,1.000000
Person,haja,1,1,1.000000
Person,hak,1,1,1.000000
Person,hancha,1,1,1.000000
Person,hanguk,1,1,1.000000
Person,hanjaa,1,1,1.000000
Person,hanjiborn,1,1,1.000000
Person,hanjicourtesy,1,1,1.000000
Person,hanjipen,1,1,1.000000
Person,hardness,1,1,1.000000
Person,hatchDate,1,1,1.000000
Person,hatchName,1,1,1.000000
Person,hbkg,1,1,1.000000
Person,head2Title,1,1,1.000000
Person,headChef,1,1,1.000000
Person,headerColor,1,1,1.000000
Person,headercoor,1,1,1.000000
Person,headerHorizontal,1,2,0.500000
Person,headerVotes,1,1,1.000000
Person,headingstyle,1,1,1.000000
Person,headOfParliament,1,1,1.000000
Person,headOfState,1,1,1.000000
Person,headshot,1,1,1.000000
Person,headTitle,1,1,1.000000
Person,heighIn,1,1,1.000000
Person,height(m)_,1,1,1.000000
Person,height5’_,1,1,1.000000
Person,heightInches,1,1,1.000000
Person,heightOrder,1,12,0.083333
Person,heightWeight,1,1,1.000000
Person,heirlooms,1,1,1.000000
Person,helmet,1,1,1.000000
Person,hiddencols,1,1,1.000000
Person,hidelegend,1,4,0.250000
Person,hidenote,1,1,1.000000
Person,hidepartycol,1,1,1.000000
Person,hiderefcol,1,1,1.000000
Person,hideStatistics,1,1,1.000000
Person,highcommisionnerFrom,1,1,1.000000
Person,highestAttendance,1,1,1.000000
Person,highestboulder,1,1,1.000000
Person,highestDoublesranking,1,1,1.000000
Person,highestJuniorRanking,1,1,1.000000
Person,highestNationalRanking,1,1,1.000000
Person,highestranking(iam)_,1,1,1.000000
Person,highestWorldSeries,1,1,1.000000
Person,highlihts,1,1,1.000000
Person,hight,1,1,1.000000
Person,hijriDateOfBirth,1,1,1.000000
Person,hisElderSon,1,1,1.000000
Person,holding,1,1,1.000000
Person,holidayAlbums,1,1,1.000000
Person,holidayName,1,1,1.000000
Person,home1player,1,1,1.000000
Person,home1pos,1,1,1.000000
Person,home2player,1,1,1.000000
Person,homeCountry,1,1,1.000000
Person,homeDistrict,1,1,1.000000
Person,homeman,1,1,1.000000
Person,homemannat,1,1,1.000000
Person,homeStadium,1,1,1.000000
Person,hometeam,1,1,1.000000
Person,homicideCommandingOfficer,1,1,1.000000
Person,hompage,1,1,1.000000
Person,honoraryPrefix,1,1,1.000000
Person,honorific,1,1,1.000000
Person,honorificSUffix,1,1,1.000000
Person,honorifixPrefix,1,1,1.000000
Person,honorrificPrefix,1,1,1.000000
Person,honoursAndDecorations,1,1,1.000000
Person,horsename,1,1,1.000000
Person,horusTranslation,1,1,1.000000
Person,hotels,1,1,1.000000
Person,housedAt,1,1,1.000000
Person,howto,1,3,0.333333
Person,hptFinalTables,1,1,1.000000
Person,hptMoneyFinishes,1,1,1.000000
Person,hqCity,1,1,1.000000
Person,hurlingCode,1,1,1.000000
Person,iamgeSize,1,1,1.000000
Person,icallirekandJunior,1,1,1.000000
Person,icapps,1,1,1.000000
Person,icdebut,1,1,1.000000
Person,icon,1,3,0.333333
Person,icprovinced,1,1,1.000000
Person,idol,1,1,1.000000
Person,ifrachampion,1,1,1.000000
Person,ig,1,1,1.000000
Person,iifan,1,1,1.000000
Person,iifaw,1,1,1.000000
Person,image2.,1,1,1.000000
Person,image2Size,1,2,0.500000
Person,imagealt,1,1,1.000000
Person,imageArms,1,1,1.000000
Person,imageBadge,1,1,1.000000
Person,imagecaption,1,1,1.000000
Person,imageDescription,1,1,1.000000
Person,imageHeight,1,1,1.000000
Person,imageMapCaption,1,1,1.000000
Person,imageNameAlt,1,1,1.000000
Person,imageNeeded,1,2,0.500000
Person,imagEsize,1,1,1.000000
Person,imagestyle,1,1,1.000000
Person,imagetext,1,1,1.000000
Person,imagSize,1,1,1.000000
Person,imasge,1,1,1.000000
Person,img,1,1,1.000000
Person,imgcaption,1,1,1.000000
Person,imgGap,1,3,0.333333
Person,imperialUnit,1,20,0.050000
Person,inauguralHolder,1,1,1.000000
Person,inaugurationDate,1,1,1.000000
Person,inc,1,2,0.500000
Person,includeFootnote,1,22,0.045455
Person,incumbentSince,1,1,1.000000
Person,indef,1,3,0.333333
Person,indianaStateHouseOfRepresentatives,1,1,1.000000
Person,indianRanking,1,1,1.000000
Person,inhalt,1,1,1.000000
Person,initiatedLabel,1,4,0.250000
Person,innerParty,1,1,1.000000
Person,innerPercent,1,1,1.000000
Person,inoffice,1,1,1.000000
Person,inprisoned,1,1,1.000000
Person,inquiries,1,1,1.000000
Person,inService,1,1,1.000000
Person,inspiredBy,1,1,1.000000
Person,instructors,1,1,1.000000
Person,instuition,1,1,1.000000
Person,interest,1,1,1.000000
Person,internationalAppearences,1,1,1.000000
Person,internationalDartsLeague,1,1,1.000000
Person,internationalSuperbikeWins,1,1,1.000000
Person,internationalSupersportWins,1,1,1.000000
Person,internetAlbums,1,1,1.000000
Person,introduced,1,1,1.000000
Person,iptTitles,1,1,1.000000
Person,ircamName,1,1,1.000000
Person,irelandcaps,1,1,1.000000
Person,irishname,1,1,1.000000
Person,irishRaceWins,1,1,1.000000
Person,irn,1,1,1.000000
Person,ironmanHawaiiPb,1,1,1.000000
Person,ironmanWorldChampionships,1,1,1.000000
Person,is,1,1,1.000000
Person,isdtAwards,1,1,1.000000
Person,isim,1,1,1.000000
Person,isleOfManMasters,1,1,1.000000
Person,isleOfManTtContested,1,1,1.000000
Person,isln,1,1,1.000000
Person,isMissile,1,1,1.000000
Person,iso3166code,1,1,1.000000
Person,issu,1,1,1.000000
Person,it,1,8,0.125000
Person,italic,1,4,0.250000
Person,italoDeZantopic,1,1,1.000000
Person,japan,1,1,1.000000
Person,jerseynumbers,1,1,1.000000
Person,jptitles,1,5,0.200000
Person,junior,1,53,0.018868
Person,juniorAppearances,1,1,1.000000
Person,juniorHighSchool,1,1,1.000000
Person,jurisdiction,1,1,1.000000
Person,justiceSecretary,1,1,1.000000
Person,jv,1,1,1.000000
Person,jvLatn,1,1,1.000000
Person,kannada,1,1,1.000000
Person,karaoke,1,1,1.000000
Person,karmicName,1,1,1.000000
Person,kaw,1,1,1.000000
Person,kazakhName,1,1,1.000000
Person,kboxNc,1,1,1.000000
Person,thaiboxing,1,1,1.000000
Person,kickboxingdecwins,1,1,1.000000
Person,kickboxingDecwins,1,1,1.000000
Person,kickboxTkoloss,1,1,1.000000
Person,kid,1,1,1.000000
Person,known.For,1,1,1.000000
Person,knownAs,1,1,1.000000
Person,knownUs,1,1,1.000000
Person,tko,1,1,1.000000
Person,koreanname,1,1,1.000000
Person,koWon,1,1,1.000000
Person,kunyaAr,1,1,1.000000
Person,kyokushin,1,1,1.000000
Person,label10Size,1,1,1.000000
Person,label11Size,1,1,1.000000
Person,label12Size,1,1,1.000000
Person,label13Size,1,1,1.000000
Person,label14Size,1,1,1.000000
Person,label15Size,1,1,1.000000
Person,label16Size,1,1,1.000000
Person,label17Size,1,1,1.000000
Person,label18Size,1,1,1.000000
Person,label19Size,1,1,1.000000
Person,label1Width,1,1,1.000000
Person,label20Size,1,1,1.000000
Person,label21Size,1,1,1.000000
Person,label22Size,1,1,1.000000
Person,label23Size,1,1,1.000000
Person,label24Size,1,1,1.000000
Person,label25Size,1,1,1.000000
Person,label26Size,1,1,1.000000
Person,label27Size,1,1,1.000000
Person,label28Size,1,1,1.000000
Person,label29Size,1,1,1.000000
Person,label30Size,1,1,1.000000
Person,label31Size,1,1,1.000000
Person,label32Size,1,1,1.000000
Person,label33Size,1,1,1.000000
Person,label34Size,1,1,1.000000
Person,label35Size,1,1,1.000000
Person,label36Size,1,1,1.000000
Person,label37Size,1,1,1.000000
Person,label38Size,1,1,1.000000
Person,label39Size,1,1,1.000000
Person,label3Width,1,1,1.000000
Person,label40Size,1,1,1.000000
Person,label41Size,1,1,1.000000
Person,label42Size,1,1,1.000000
Person,label43Size,1,1,1.000000
Person,label44Size,1,1,1.000000
Person,label45Size,1,1,1.000000
Person,label46Size,1,1,1.000000
Person,label47Size,1,1,1.000000
Person,label48Size,1,1,1.000000
Person,label49Size,1,1,1.000000
Person,label50Size,1,1,1.000000
Person,label51Size,1,1,1.000000
Person,label52Size,1,1,1.000000
Person,label53Size,1,1,1.000000
Person,label54Size,1,1,1.000000
Person,label55Size,1,1,1.000000
Person,label8Size,1,1,1.000000
Person,labelOffsetXd,1,4,0.250000
Person,labelOffsetYd,1,4,0.250000
Person,labelPosd,1,4,0.250000
Person,labelPost,1,1,1.000000
Person,labelSized,1,4,0.250000
Person,labelType,1,1,1.000000
Person,labWebsite,1,1,1.000000
Person,lanels,1,1,1.000000
Person,langVi,1,1,1.000000
Person,laps,1,1,1.000000
Person,laptops,1,5,0.200000
Person,lastConvWin,1,6,0.166667
Person,lastCupArace,1,1,1.000000
Person,lastJersyNumber,1,1,1.000000
Person,lastLightsRace,1,2,0.500000
Person,lastLightsWin,1,2,0.500000
Person,lastManxGpWin,1,1,1.000000
Person,lastMonarch,1,1,1.000000
Person,lat10Min,1,1,1.000000
Person,lat12Min,1,1,1.000000
Person,lat13Deg,1,1,1.000000
Person,lat14Deg,1,1,1.000000
Person,lat5Dir,1,3,0.333333
Person,lat5Sec,1,2,0.500000
Person,lat9Min,1,1,1.000000
Person,latesGranddaughter,1,1,1.000000
Person,lawsapplied,1,1,1.000000
Person,lawSchool,1,1,1.000000
Person,lawSchoolAttended,1,1,1.000000
Person,layountMan,1,1,1.000000
Person,lbl,1,1,1.000000
Person,lcfNat,1,1,1.000000
Person,leader1Name,1,1,1.000000
Person,leader1Title,1,1,1.000000
Person,leagueResult,1,1,1.000000
Person,leboneseFriend,1,1,1.000000
Person,leftMargin,1,1,1.000000
Person,leftPadding,1,1,1.000000
Person,legend1title,1,1,1.000000
Person,legReachIn,1,1,1.000000
Person,lengthImperial,1,1,1.000000
Person,lengthMi,1,1,1.000000
Person,lengthTrack,1,1,1.000000
Person,lengthy,1,5,0.200000
Person,leSkratch,1,1,1.000000
Person,lesserCaption,1,12,0.083333
Person,lesserWidth,1,12,0.083333
Person,letterer,1,10,0.100000
Person,lettering,1,1,1.000000
Person,letterToTheAuthor,1,1,1.000000
Person,leutenant,1,1,1.000000
Person,lh,1,1,1.000000
Person,lhasa,1,1,1.000000
Person,licensedisbn,1,1,1.000000
Person,lifemate,1,1,1.000000
Person,limit,1,1,1.000000
Person,linerNotes,1,1,1.000000
Person,linerNoteTranslation,1,1,1.000000
Person,link1Name,1,1,1.000000
Person,linkTitle,1,1,1.000000
Person,list1name,1,1,1.000000
Person,list2title,1,1,1.000000
Person,list3title,1,1,1.000000
Person,list4title,1,1,1.000000
Person,list5title,1,1,1.000000
Person,listas,1,1,1.000000
Person,listed,1,2,0.500000
Person,listType,1,1,1.000000
Person,listWinner,1,1,1.000000
Person,literaryMovement,1,1,1.000000
Person,livePokerEarnings,1,1,1.000000
Person,livery,1,1,1.000000
Person,llc,1,1,1.000000
Person,lm,1,1,1.000000
Person,lmNat,1,1,1.000000
Person,localGovernment,1,1,1.000000
Person,locationSigned,1,1,1.000000
Person,logLift,1,1,1.000000
Person,lokayuktaOfAndhraPradeshAndTelangana,1,1,1.000000
Person,lon10Min,1,1,1.000000
Person,lon12Min,1,1,1.000000
Person,lon13Deg,1,1,1.000000
Person,lon14Deg,1,1,1.000000
Person,lon5Sec,1,2,0.500000
Person,lon9Min,1,1,1.000000
Person,longside,1,1,1.000000
Person,los8t,1,1,1.000000
Person,loyalty,1,1,1.000000
Person,ltgovernor,1,1,1.000000
Person,lugarnac,1,1,1.000000
Person,lwNat,1,1,1.000000
Person,mahasamadi,1,1,1.000000
Person,mainClan,1,1,1.000000
Person,mainImage,1,1,1.000000
Person,mainImageCaption,1,1,1.000000
Person,mainWorks,1,1,1.000000
Person,majorAwards,1,1,1.000000
Person,majorityLeader,1,1,1.000000
Person,makeA,1,1,1.000000
Person,maltaOpen,1,1,1.000000
Person,managerties,1,1,1.000000
Person,mandateperiod,1,1,1.000000
Person,manxGpActiveYears,1,1,1.000000
Person,manxGpContested,1,1,1.000000
Person,manxGpWins,1,1,1.000000
Person,many,1,3,0.333333
Person,mapDotLabel,1,1,1.000000
Person,mapDotMark,1,1,1.000000
Person,mapImage,1,1,1.000000
Person,mark10size,1,1,1.000000
Person,mark11size,1,1,1.000000
Person,mark12size,1,1,1.000000
Person,mark13size,1,1,1.000000
Person,mark14size,1,1,1.000000
Person,mark15size,1,1,1.000000
Person,mark16size,1,1,1.000000
Person,mark17size,1,1,1.000000
Person,mark18size,1,1,1.000000
Person,mark19size,1,1,1.000000
Person,mark20size,1,1,1.000000
Person,mark21size,1,1,1.000000
Person,mark22size,1,1,1.000000
Person,mark23size,1,1,1.000000
Person,mark24size,1,1,1.000000
Person,mark25size,1,1,1.000000
Person,mark26size,1,1,1.000000
Person,mark27size,1,1,1.000000
Person,mark28size,1,1,1.000000
Person,mark29size,1,1,1.000000
Person,mark30size,1,1,1.000000
Person,mark31size,1,1,1.000000
Person,mark32size,1,1,1.000000
Person,mark33size,1,1,1.000000
Person,mark34size,1,1,1.000000
Person,mark35size,1,1,1.000000
Person,mark36size,1,1,1.000000
Person,mark37size,1,1,1.000000
Person,mark38size,1,1,1.000000
Person,mark39size,1,1,1.000000
Person,mark40size,1,1,1.000000
Person,mark41size,1,1,1.000000
Person,mark42size,1,1,1.000000
Person,mark43size,1,1,1.000000
Person,mark44size,1,1,1.000000
Person,mark45size,1,1,1.000000
Person,mark46size,1,1,1.000000
Person,mark47size,1,1,1.000000
Person,mark48size,1,1,1.000000
Person,mark49size,1,1,1.000000
Person,mark50size,1,1,1.000000
Person,mark51size,1,1,1.000000
Person,mark52size,1,1,1.000000
Person,mark53size,1,1,1.000000
Person,mark54size,1,1,1.000000
Person,mark55size,1,1,1.000000
Person,mark8size,1,1,1.000000
Person,mark9size,1,1,1.000000
Person,markCoord,1,1,1.000000
Person,markets,1,1,1.000000
Person,marriage,1,1,1.000000
Person,marriageDate,1,1,1.000000
Person,married.,1,1,1.000000
Person,martydom,1,1,1.000000
Person,master'sAdvisor,1,1,1.000000
Person,master'sTitles,1,1,1.000000
Person,materialArt,1,1,1.000000
Person,maxlink,1,3,0.333333
Person,mccunereischauer,1,1,1.000000
Person,mcgrathCup,1,1,1.000000
Person,meaning,1,1,1.000000
Person,medallistaOlimpico,1,1,1.000000
Person,medalsTitle,1,91,0.010989
Person,medalUpright,1,1,1.000000
Person,melbourneDartsMasters,1,1,1.000000
Person,melody,1,1,1.000000
Person,memberOfTheFollowingParliament,1,1,1.000000
Person,membershipYear,1,1,1.000000
Person,membersLabel,1,3,0.333333
Person,memorial,1,1,1.000000
Person,mentor,1,1,1.000000
Person,mentors,1,1,1.000000
Person,meteorn,1,1,1.000000
Person,meteorw,1,1,1.000000
Person,mff,1,1,1.000000
Person,mfff,1,1,1.000000
Person,mffm,1,1,1.000000
Person,mfm,1,1,1.000000
Person,mfmf,1,1,1.000000
Person,mfmm,1,1,1.000000
Person,mgpContested,1,1,1.000000
Person,micallireland,1,1,1.000000
Person,mickname,1,1,1.000000
Person,middle,1,1,1.000000
Person,middlename,1,1,1.000000
Person,middleSchool,1,1,1.000000
Person,middleWidth,1,12,0.083333
Person,midfieldCounty,1,1,1.000000
Person,military,1,1,1.000000
Person,militaryRankAndSerialNumber,1,1,1.000000
Person,mini,1,32,0.031250
Person,miniaturePainting,1,1,1.000000
Person,miniFile,1,2,0.500000
Person,minipogGx,1,1,1.000000
Person,minipogGy,1,1,1.000000
Person,minipogX,1,1,1.000000
Person,minipogY,1,1,1.000000
Person,minister2Party,1,1,1.000000
Person,minister3Party,1,1,1.000000
Person,minister4Party,1,1,1.000000
Person,ministery,1,1,1.000000
Person,minor,1,1,1.000000
Person,minorityFloorLeader,1,1,1.000000
Person,minWidth,1,1,1.000000
Person,mireiaPapudate,1,1,1.000000
Person,missUniverseAndMissWorld,1,1,1.000000
Person,mixedBy,1,1,1.000000
Person,mm,1,1,1.000000
Person,mmaCounty,1,1,1.000000
Person,mmadqwins,1,2,0.500000
Person,mmadraws,1,1,1.000000
Person,mmancs,1,2,0.500000
Person,mmaotherwins,1,1,1.000000
Person,mmaPosition,1,1,1.000000
Person,mmaTkoloss,1,1,1.000000
Person,mmaTotal,1,1,1.000000
Person,mmf,1,1,1.000000
Person,mmff,1,1,1.000000
Person,mmfm,1,1,1.000000
Person,mmm,1,1,1.000000
Person,mmmaOtherwin,1,1,1.000000
Person,mmmf,1,1,1.000000
Person,mmmm,1,1,1.000000
Person,mn,1,1,1.000000
Person,mna,1,1,1.000000
Person,mncA,1,1,1.000000
Person,modes,1,1,1.000000
Person,mohamedAbdullahiFarmaajo,1,1,1.000000
Person,moiseMbiye,1,1,1.000000
Person,mongolianCyrillic,1,1,1.000000
Person,mongolianTraditionalScript,1,1,1.000000
Person,monogram,1,1,1.000000
Person,monthAndYear,1,1,1.000000
Person,mostCaps,1,1,1.000000
Person,mostCashes2010Wsop,1,1,1.000000
Person,mostrecent,1,1,1.000000
Person,mostRecentTeam,1,1,1.000000
Person,mother'sName,1,1,1.000000
Person,mothername,1,1,1.000000
Person,mothsEatenLiveOnStream,1,1,1.000000
Person,motoamericaActiveYears,1,1,1.000000
Person,motoamericaFastestLaps,1,1,1.000000
Person,motoamericaManufaturer,1,1,1.000000
Person,motoamericaPodiums,1,1,1.000000
Person,motoamericaPoles,1,1,1.000000
Person,motoamericaRaceWins,1,1,1.000000
Person,motoamericaStarts,1,1,1.000000
Person,motoeTeams,1,1,1.000000
Person,motoGpraceWins,1,1,1.000000
Person,mottoes,1,1,1.000000
Person,moves,1,1,1.000000
Person,movie,1,1,1.000000
Person,mtvvideon,1,1,1.000000
Person,mtvvideow,1,1,1.000000
Person,muayThaiDraw,1,1,1.000000
Person,muayThaiKickboxDraw,1,1,1.000000
Person,muayThaiKickboxLoss,1,1,1.000000
Person,muayThaiKickboxWin,1,1,1.000000
Person,muayThaiLoss,1,1,1.000000
Person,muayThaiWin,1,1,1.000000
Person,municipality,1,1,1.000000
Person,murderer,1,1,1.000000
Person,musicDirector,1,1,1.000000
Person,musicWidth,1,1,1.000000
Person,mvpteam,1,1,1.000000
Person,nam,1,1,1.000000
Person,"name,_",1,1,1.000000
Person,name%3Cnowiki%3E_,1,1,1.000000
Person,name10d,1,1,1.000000
Person,name11f,1,1,1.000000
Person,name11g,1,1,1.000000
Person,name11h,1,1,1.000000
Person,name12c,1,1,1.000000
Person,name13c,1,1,1.000000
Person,name13d,1,1,1.000000
Person,name13e,1,1,1.000000
Person,name15c,1,1,1.000000
Person,name15d,1,1,1.000000
Person,name15e,1,1,1.000000
Person,name16d,1,1,1.000000
Person,name16e,1,1,1.000000
Person,name16f,1,1,1.000000
Person,name16g,1,1,1.000000
Person,name17d,1,1,1.000000
Person,name18d,1,1,1.000000
Person,name1e,1,1,1.000000
Person,name1f,1,1,1.000000
Person,name1g,1,1,1.000000
Person,name22c,1,1,1.000000
Person,name22d,1,1,1.000000
Person,name2f,1,1,1.000000
Person,name2g,1,1,1.000000
Person,name2InCartouche,1,1,1.000000
Person,name2InSerekh,1,1,1.000000
Person,name2SerekhSymbol,1,1,1.000000
Person,name3Transcription,1,1,1.000000
Person,name4e,1,1,1.000000
Person,name4f,1,1,1.000000
Person,name4g,1,1,1.000000
Person,name4h,1,1,1.000000
Person,name4i,1,1,1.000000
Person,name4j,1,1,1.000000
Person,name5c,1,1,1.000000
Person,name6c,1,1,1.000000
Person,name7d,1,1,1.000000
Person,name7e,1,1,1.000000
Person,name9c,1,1,1.000000
Person,nameC,1,1,1.000000
Person,nameFa,1,1,1.000000
Person,nameInCartouche,1,1,1.000000
Person,nameListStyle,1,1,1.000000
Person,nameNév,1,1,1.000000
Person,nameOf,1,1,1.000000
Person,nameOfMp,1,1,1.000000
Person,namestyle,1,1,1.000000
Person,nameYes,1,1,1.000000
Person,naptMoneyFinishes,1,1,1.000000
Person,narrator,1,1,1.000000
Person,narrow,1,1,1.000000
Person,nationa;Id,1,1,1.000000
Person,nationalAcademyOfInventors,1,1,1.000000
Person,nationalCaps,1,1,1.000000
Person,nationalcompeticion,1,1,1.000000
Person,nationalConvener,1,1,1.000000
Person,nationalExecutiveCommittee,1,1,1.000000
Person,nationalfilmw,1,1,1.000000
Person,nationalHurlingLeugue,1,1,1.000000
Person,nationalIncharge,1,1,1.000000
Person,nationalrecords,1,1,1.000000
Person,nationalTitles,1,1,1.000000
Person,nationlity,1,1,1.000000
Person,nativeExternalHost,1,1,1.000000
Person,nativeExternalUrl,1,1,1.000000
Person,nativeName.,1,1,1.000000
Person,natiwgerbalGerbalsveName,1,1,1.000000
Person,navbox,1,1,1.000000
Person,naver,1,1,1.000000
Person,nbap,1,12,0.083333
Person,ncl,1,1,1.000000
Person,nebtyTranslation,1,1,1.000000
Person,necktype,1,1,1.000000
Person,nepaliday,1,1,1.000000
Person,nepalimonth,1,1,1.000000
Person,nepaliyear,1,1,1.000000
Person,nephews,1,1,1.000000
Person,networkName,1,1,1.000000
Person,networkType,1,1,1.000000
Person,neutral,1,1,1.000000
Person,newlink,1,85,0.011765
Person,newpow,1,1,1.000000
Person,news,1,1,1.000000
Person,newsOfTheWorldDartsChampionship,1,1,1.000000
Person,newYorkCityMarathonChampion,1,1,1.000000
Person,nextseason,1,1,1.000000
Person,nfkDiv,1,1,1.000000
Person,nflDiv,1,1,1.000000
Person,nflsuppdraftedpick,1,1,1.000000
Person,nflsuppdraftedround,1,1,1.000000
Person,nflsuppdraftedyear,1,1,1.000000
Person,nhlDiv,1,1,1.000000
Person,nick,1,1,1.000000
Person,nickame,1,1,1.000000
Person,niece,1,1,1.000000
Person,nineDartFinishes,1,1,1.000000
Person,niveau,1,1,1.000000
Person,nkmr,1,1,1.000000
Person,nkrr,1,1,1.000000
Person,nllDrattYear,1,1,1.000000
Person,nm,1,1,1.000000
Person,nobleHouse,1,1,1.000000
Person,noc,1,1,1.000000
Person,nocname,1,1,1.000000
Person,noContest,1,2,0.500000
Person,nocontests,1,1,1.000000
Person,nocount,1,2,0.500000
Person,noDecisions,1,1,1.000000
Person,nodiv,1,32,0.031250
Person,noevent,1,8,0.125000
Person,noIcon,1,27,0.037037
Person,noid,1,2,0.500000
Person,noimage,1,3,0.333333
Person,noitalics,1,5,0.200000
Person,nolabels,1,5,0.200000
Person,nolocation,1,3,0.333333
Person,nomenTranslation,1,1,1.000000
Person,nominated,1,1,1.000000
Person,nonAcademic,1,11,0.090909
Person,nonconf,1,1,1.000000
Person,noneSee,1,1,1.000000
Person,"nonsensical.WhoCastHer,TheUs%22creators%22_",1,1,1.000000
Person,noparen,1,1,1.000000
Person,noprose,1,2,0.500000
Person,norec,1,995,0.001005
Person,norecord,1,4,0.250000
Person,noround,1,4,0.250000
Person,northkorea,1,1,1.000000
Person,northWest200Contested,1,1,1.000000
Person,northWest200FirstWin,1,1,1.000000
Person,northWest200LastWin,1,1,1.000000
Person,northWest200Wins,1,1,1.000000
Person,norwegianleague,1,1,1.000000
Person,notableAscents,1,1,1.000000
Person,notableInstruments,1,1,1.000000
Person,notablePhdStudents,1,1,1.000000
Person,notablePrizes,1,1,1.000000
Person,notableShips,1,1,1.000000
Person,notaref,1,1,1.000000
Person,notesType,1,2,0.500000
Person,notime,1,16,0.062500
Person,notMilitaryJobs,1,1,1.000000
Person,nowCoaching,1,1,1.000000
Person,nowrapitems,1,1,1.000000
Person,nr,1,37,0.027027
Person,ntlTeams,1,1,1.000000
Person,numberOfBooks,1,1,1.000000
Person,numberOfChildren,1,1,1.000000
Person,número,1,1,1.000000
Person,numLocations,1,1,1.000000
Person,numLocationsYear,1,1,1.000000
Person,numMembers,1,1,1.000000
Person,numpart,1,1,1.000000
Person,numSeries,1,1,1.000000
Person,numUsers,1,1,1.000000
Person,nururl,1,3,0.333333
Person,objective,1,1,1.000000
Person,observances,1,1,1.000000
Person,obyrnecup,1,1,1.000000
Person,ocB,1,2,0.500000
Person,occasion,1,1,1.000000
Person,occuaption,1,1,1.000000
Person,occupatio,1,1,1.000000
Person,occuption,1,1,1.000000
Person,ocName,1,1,1.000000
Person,ocr,1,1,1.000000
Person,ocupation,1,1,1.000000
Person,ocZz,1,1,1.000000
Person,offic,1,1,1.000000
Person,office1.,1,1,1.000000
Person,office1Predecessor,1,1,1.000000
Person,office2.,1,1,1.000000
Person,office4.,1,1,1.000000
Person,officeEnd,1,1,1.000000
Person,officeHeld,1,1,1.000000
Person,officeTerm,1,1,1.000000
Person,officeWelare,1,1,1.000000
Person,officialFacebookPage,1,1,1.000000
Person,officialResidence,1,1,1.000000
Person,officials,1,1,1.000000
Person,offseasonWeight,1,1,1.000000
Person,offwebsite,1,1,1.000000
Person,oldAgeBestCupPos,1,1,1.000000
Person,oldResidence,1,1,1.000000
Person,olympic,1,3,0.333333
Person,olympicsmixeddoublesresult,1,1,1.000000
Person,olympicTeam,1,1,1.000000
Person,omarAbdirashidAliSharmaake,1,1,1.000000
Person,onelanguage,1,8,0.125000
Person,ongoing,1,3,0.333333
Person,onlinebooksabout,1,4,0.250000
Person,onlyWin,1,1,1.000000
Person,openingname,1,1,1.000000
Person,operationLabel,1,1,1.000000
Person,oq,1,16,0.062500
Person,org,1,1,1.000000
Person,organisationPosition,1,1,1.000000
Person,organisers,1,1,1.000000
Person,orientation,1,1,1.000000
Person,originalStudents,1,1,1.000000
Person,originalTeam,1,1,1.000000
Person,originalText,1,1,1.000000
Person,originalUse,1,1,1.000000
Person,origins'Country,1,1,1.000000
Person,origtag,1,13,0.076923
Person,origyear,1,1,1.000000
Person,oromiyaCounties,1,1,1.000000
Person,os,1,4,0.250000
Person,osdOffice,1,1,1.000000
Person,othe%60%60•rNames,1,1,1.000000
Person,otherArticle,1,1,1.000000
Person,otherFamilies,1,1,1.000000
Person,otherFamily,1,1,1.000000
Person,otherFamilyMembers,1,1,1.000000
Person,otherLanguage,1,9,0.111111
Person,otherOffice,1,1,1.000000
Person,otherPoliticalAffiliation,1,1,1.000000
Person,otherPresidency,1,1,1.000000
Person,otherProfession,1,1,1.000000
Person,otherRelations,1,1,1.000000
Person,othersexlink,1,5,0.200000
Person,othersName,1,1,1.000000
Person,othersParty,1,1,1.000000
Person,otherworks,1,1,1.000000
Person,otherWorks,1,1,1.000000
Person,outrightRecord,1,1,1.000000
Person,overallconfrecord,1,1,1.000000
Person,overlay1colour,1,1,1.000000
Person,overlay1left,1,1,1.000000
Person,overlay1top,1,1,1.000000
Person,overlay2colour,1,1,1.000000
Person,overlay2left,1,1,1.000000
Person,overlay2top,1,1,1.000000
Person,overlay3colour,1,1,1.000000
Person,overlay3left,1,1,1.000000
Person,overlay3top,1,1,1.000000
Person,overlay4colour,1,1,1.000000
Person,overlay4left,1,1,1.000000
Person,overlay4top,1,1,1.000000
Person,overlayHorizontalAlignment,1,1,1.000000
Person,overtime,1,1,1.000000
Person,pacificChampionshipsAppearances,1,1,1.000000
Person,pagebis,1,1,1.000000
Person,pagefrom,1,1,1.000000
Person,pageNumber,1,1,1.000000
Person,pahistoricType,1,2,0.500000
Person,paint,1,2,0.500000
Person,paintingAlignment,1,6,0.166667
Person,panContinentalChampionshipAppearances,1,42,0.023810
Person,papersPast,1,1,1.000000
Person,par,1,1,1.000000
Person,paralympicgolds,1,1,1.000000
Person,paralympicmedals,1,1,1.000000
Person,paralympicteams,1,1,1.000000
Person,parameter,1,1,1.000000
Person,parent's,1,1,1.000000
Person,parentAgency,1,1,1.000000
Person,parentFamily,1,1,1.000000
Person,parentis,1,1,1.000000
Person,parentopening,1,1,1.000000
Person,parentOrganization,1,1,1.000000
Person,parents'Name,1,1,1.000000
Person,parishes,1,5,0.200000
Person,parliamentaryGrouping,1,1,1.000000
Person,parliamentarySeat,1,1,1.000000
Person,parlName,1,3,0.333333
Person,part1Choice1Color,1,1,1.000000
Person,part1Choice2Color,1,1,1.000000
Person,part1Choice3Color,1,1,1.000000
Person,part1Choice4Color,1,1,1.000000
Person,part1Choice5Color,1,1,1.000000
Person,parties,1,1,1.000000
Person,partofRefnum,1,1,1.000000
Person,party.,1,1,1.000000
Person,party1color,1,1,1.000000
Person,party1name,1,1,1.000000
Person,party2color,1,1,1.000000
Person,party5name,1,1,1.000000
Person,partyCaption,1,1,1.000000
Person,partyLeader,1,1,1.000000
Person,"partyThatOrderedTheShip.ThisIsUsuallyTheOwnerButIsSometimesTheOperator,OrAnAgentOfEither.ContemporaneousNewspaperSourcesRarelyStateToWhichCategoryANamedPartyBelongs.AbbreviationsInThisColumnRr%3Cnowiki%3E_",1,1,1.000000
Person,past,1,1,1.000000
Person,pastBishop,1,1,1.000000
Person,pastor,1,1,1.000000
Person,pasttense,1,1,1.000000
Person,patner,1,1,1.000000
Person,paysDeNaissance,1,1,1.000000
Person,pdcWorldYouth,1,1,1.000000
Person,pdgawins,1,1,1.000000
Person,peak15a,1,1,1.000000
Person,peak15b,1,1,1.000000
Person,peak16c,1,1,1.000000
Person,peak17b,1,1,1.000000
Person,peak1c,1,1,1.000000
Person,peak1e,1,1,1.000000
Person,peak2d,1,1,1.000000
Person,peak4f,1,1,1.000000
Person,peak5d,1,1,1.000000
Person,pencile,1,1,1.000000
Person,pencils,1,1,1.000000
Person,people,1,5,0.200000
Person,per,1,1,1.000000
Person,percetage,1,1,1.000000
Person,perfid,1,1,1.000000
Person,périodeActive,1,1,1.000000
Person,permanentAddress,1,1,1.000000
Person,permanentResidence,1,1,1.000000
Person,personal,1,1,1.000000
Person,personalAssistant,1,1,1.000000
Person,personalBest,1,1,1.000000
Person,personalBests,1,2,0.500000
Person,personalRecords,1,1,1.000000
Person,personalSecretary,1,1,1.000000
Person,pets.,1,1,1.000000
Person,pfhof,1,1,1.000000
Person,pfhofyear,1,1,1.000000
Person,pfs,1,1,1.000000
Person,phoneNo,1,1,1.000000
Person,phones,1,5,0.200000
Person,photography,1,1,1.000000
Person,"piano,PrimaryArtist",1,1,1.000000
Person,piano,1,1,1.000000
Person,pieDeImagen,1,1,1.000000
Person,pim,1,1,1.000000
Person,placeBirth,1,1,1.000000
Person,placeburial,1,1,1.000000
Person,placeOfArrest,1,1,1.000000
Person,placeOfBrindavanam,1,1,1.000000
Person,placeofburial+label,1,1,1.000000
Person,placeofburiallabel,1,1,1.000000
Person,placeOfBurialLabel,1,10,0.100000
Person,placeofburialLabelAdaChapelBaptistChurch,1,1,1.000000
Person,placeOfChristening,1,1,1.000000
Person,placeOfResidence,1,1,1.000000
Person,placeofrest,1,1,1.000000
Person,placeofurialLabel,1,1,1.000000
Person,places,1,1,1.000000
Person,placofburial,1,1,1.000000
Person,plainlink,1,25,0.040000
Person,plaintiff,1,1,1.000000
Person,plainurl,1,2,0.500000
Person,plannedBy,1,1,1.000000
Person,plantBadge,1,1,1.000000
Person,platform,1,1,1.000000
Person,player.php%3Fid,1,1,1.000000
Person,playerPosition,1,1,1.000000
Person,playerReam,1,1,1.000000
Person,players,1,1,1.000000
Person,playersChampionship,1,1,1.000000
Person,playingPositions,1,1,1.000000
Person,playingStyle,1,1,1.000000
Person,playsOutOf,1,1,1.000000
Person,pleasureTreasureVideo+AllSingleClips%3Cnowiki%3E_,1,1,1.000000
Person,pllTeams,1,1,1.000000
Person,pls,1,1,1.000000
Person,plsaceofburial,1,1,1.000000
Person,pochodzenie,1,1,1.000000
Person,poetal,1,1,1.000000
Person,pojborn,1,1,1.000000
Person,pojcourtesy,1,1,1.000000
Person,pojpen,1,1,1.000000
Person,policerank,1,1,1.000000
Person,politicalAffairsCommittee,1,1,1.000000
Person,politicalCareer,1,1,1.000000
Person,politicalOrientation,1,1,1.000000
Person,politicalParty.,1,1,1.000000
Person,politicalViews,1,1,1.000000
Person,politicianPriority,1,1,1.000000
Person,politicianWorkGroup,1,1,1.000000
Person,polls,1,2,0.500000
Person,porta,1,1,1.000000
Person,portla,1,1,1.000000
Person,portrait,1,2,0.500000
Person,"position1,Position2,Position3,Position4,&Position",1,1,1.000000
Person,positionAndStyle,1,1,1.000000
Person,positionsHeld,1,1,1.000000
Person,post7note,1,1,1.000000
Person,post9followed,1,1,1.000000
Person,post9preceded,1,1,1.000000
Person,post9years,1,1,1.000000
Person,postalCode,1,3,0.333333
Person,postcode,1,1,1.000000
Person,postdeegre,1,1,1.000000
Person,postdoctoral,1,1,1.000000
Person,postdoctoralAdviser,1,1,1.000000
Person,postdoctoralAdvisor,1,1,1.000000
Person,postDoctoralAdvisor,1,1,1.000000
Person,postdoctoralTrainees,1,1,1.000000
Person,pre16jun,1,4,0.250000
Person,prececessor,1,1,1.000000
Person,precessor,1,1,1.000000
Person,predcessor,1,1,1.000000
Person,predeccessor,1,1,1.000000
Person,predecesor,1,1,1.000000
Person,predecessore,1,1,1.000000
Person,predecessors,1,1,1.000000
Person,predecesssor,1,1,1.000000
Person,predessessor,1,1,1.000000
Person,prejudice,1,1,1.000000
Person,premiere,1,1,1.000000
Person,premierminister,1,1,1.000000
Person,prep,1,1,1.000000
Person,presentcommands,1,1,1.000000
Person,presentPoliticalParty,1,1,1.000000
Person,president.,1,1,1.000000
Person,president1.,1,1,1.000000
Person,presidentOfTheStateCouncilOfVietnam,1,1,1.000000
Person,presidents,1,4,0.250000
Person,presidingofficer,1,1,1.000000
Person,pressedor,1,1,1.000000
Person,previousCoach,1,1,1.000000
Person,previouscommands,1,1,1.000000
Person,previousNames,1,1,1.000000
Person,previousRestaurants,1,1,1.000000
Person,previousTeam,1,1,1.000000
Person,prevrestaurants,1,1,1.000000
Person,prevseason,1,1,1.000000
Person,primarySchool,1,1,1.000000
Person,primeMiniste,1,1,1.000000
Person,priminister,1,1,1.000000
Person,principals,1,1,1.000000
Person,prior,1,1,1.000000
Person,prize,1,1,1.000000
Person,proBeachVolleyball,1,1,1.000000
Person,proBeachVolleyballWins,1,1,1.000000
Person,proBeachVolleyballYears,1,1,1.000000
Person,problem,1,1,1.000000
Person,proceed,1,1,1.000000
Person,product,1,1,1.000000
Person,productionCompany,1,1,1.000000
Person,producttype,1,1,1.000000
Person,profesion,1,1,1.000000
Person,promajors,1,68,0.014706
Person,pronouns,1,1,1.000000
Person,proother,1,10,0.100000
Person,propellant,1,1,1.000000
Person,proportion,1,1,1.000000
Person,prosecutor,1,1,1.000000
Person,provincialMinisterOfPunjabForLaw,1,1,1.000000
Person,prpresident,1,1,1.000000
Person,pseudonym(s)_,1,1,1.000000
Person,pseudonyms,1,1,1.000000
Person,pt,1,1,1.000000
Person,pu,1,1,1.000000
Person,publicRelationsAgency,1,1,1.000000
Person,pushpinMap,1,1,1.000000
Person,pvFootnote,1,1,1.000000
Person,qq,1,1,1.000000
Person,qualifications.,1,1,1.000000
Person,qualifier,1,1,1.000000
Person,quarterly,1,3,0.333333
Person,quotation,1,1,1.000000
Person,quotesource,1,1,1.000000
Person,r2votespercent,1,1,1.000000
Person,ra,1,1,1.000000
Person,raceWeight,1,1,1.000000
Person,racingnumber,1,1,1.000000
Person,railroadName,1,1,1.000000
Person,rainbowSixClass,1,1,1.000000
Person,randomChance,1,1,1.000000
Person,rank(iam)_,1,1,1.000000
Person,position,1,1,1.000000
Person,ranK,1,1,1.000000
Person,rankin,1,1,1.000000
Person,ratifier,1,1,1.000000
Person,rcfNat,1,1,1.000000
Person,rcmShift,1,1,1.000000
Person,rd1Score01Agg,1,1,1.000000
Person,rd1Score02Agg,1,1,1.000000
Person,rd1Score03Agg,1,1,1.000000
Person,rd1Score04Agg,1,1,1.000000
Person,rd1Score05Agg,1,1,1.000000
Person,rd1Score06Agg,1,1,1.000000
Person,rd1Score07Agg,1,1,1.000000
Person,rd1Score08Agg,1,1,1.000000
Person,rd2Score01Agg,1,1,1.000000
Person,rd2Score02Agg,1,1,1.000000
Person,rd2Score03Agg,1,1,1.000000
Person,rd2Score04Agg,1,1,1.000000
Person,rd3Score01Agg,1,1,1.000000
Person,rd3Score02Agg,1,1,1.000000
Person,rder,1,1,1.000000
Person,reachIn.,1,1,1.000000
Person,readson,1,1,1.000000
Person,reasn,1,1,1.000000
Person,reasob,1,1,1.000000
Person,reasonn,1,1,1.000000
Person,recentDutyStations,1,1,1.000000
Person,recLocation,1,1,1.000000
Person,recognition,1,1,1.000000
Person,recordingEngineer,1,1,1.000000
Person,recordLabel,1,1,1.000000
Person,recordLocation,1,1,1.000000
Person,redecessor,1,1,1.000000
Person,refer,1,1,1.000000
Person,refstyle,1,1,1.000000
Person,reftype,1,1,1.000000
Person,regiment,1,1,1.000000
Person,reginaAlsoLinedOutForTheIrishShintyTeamWhichDefeatedScotlandInOctober2010ReginaHasAlsoPlayedForLeinsterInThePastInTheInterProvincialGaelLinnCompetitionsImage,1,1,1.000000
Person,reginaLinedOutAtFullBackForTheIrishShintyTeamWhichDefeatedScotlandInOctober2010Province,1,1,1.000000
Person,regionalCupBest,1,1,1.000000
Person,regionalCupFirst,1,1,1.000000
Person,regionalGroup,1,1,1.000000
Person,regionServed,1,1,1.000000
Person,reign2Type,1,1,1.000000
Person,release,1,1,1.000000
Person,relegion,1,1,1.000000
Person,religion.,1,1,1.000000
Person,religión,1,1,1.000000
Person,relitives,1,1,1.000000
Person,removalnotice,1,1,1.000000
Person,repealDate,1,1,1.000000
Person,repealingLegislation,1,1,1.000000
Person,reportsTo,1,1,1.000000
Person,representativeOrder,1,1,1.000000
Person,representing,1,1,1.000000
Person,researchAdvisors,1,1,1.000000
Person,resident,1,1,1.000000
Person,restingPlace(gadduge)_,1,1,1.000000
Person,restored,1,1,1.000000
Person,retireddste,1,1,1.000000
Person,rev3score,1,2,0.500000
Person,revenueYear,1,1,1.000000
Person,revisedromanization,1,1,1.000000
Person,revisedText,1,1,1.000000
Person,reward,1,1,1.000000
Person,rewards,1,1,1.000000
Person,rhodeIslandStatePolice,1,1,1.000000
Person,rifle,1,1,1.000000
Person,rightHand,1,1,1.000000
Person,rightName,1,1,1.000000
Person,rights,1,3,0.333333
Person,rivalClans,1,1,1.000000
Person,rivalrygame,1,1,1.000000
Person,rivalsArchivedate,1,2,0.500000
Person,rivalsSchoool,1,1,1.000000
Person,rlCoachupdate,1,1,1.000000
Person,rlCurrentteam,1,1,1.000000
Person,rlds,1,9,0.111111
Person,rlTotalyears,1,1,1.000000
Person,rm,1,1,1.000000
Person,rmlTeam,1,1,1.000000
Person,rmNat,1,1,1.000000
Person,robLosses,1,1,1.000000
Person,roof,1,1,1.000000
Person,rookieyear,1,1,1.000000
Person,rossi,1,1,1.000000
Person,roundTowersClyears,1,1,1.000000
Person,row11Lift,1,1,1.000000
Person,row11Shift,1,1,1.000000
Person,row12Lift,1,1,1.000000
Person,row12Shift,1,1,1.000000
Person,row13Lift,1,1,1.000000
Person,row13Shift,1,1,1.000000
Person,row14Lift,1,1,1.000000
Person,row14Shift,1,1,1.000000
Person,row15Lift,1,1,1.000000
Person,row15Shift,1,1,1.000000
Person,row21Color,1,1,1.000000
Person,row21Colour,1,1,1.000000
Person,row22Color,1,1,1.000000
Person,row22Text,1,1,1.000000
Person,row22To,1,1,1.000000
Person,row23Color,1,1,1.000000
Person,row23Text,1,1,1.000000
Person,row23To,1,1,1.000000
Person,row24Color,1,1,1.000000
Person,row24Text,1,1,1.000000
Person,row24To,1,1,1.000000
Person,row25Color,1,1,1.000000
Person,row25Text,1,1,1.000000
Person,row25To,1,1,1.000000
Person,row2Bordertop,1,1,1.000000
Person,row2Height,1,1,1.000000
Person,row2Style,1,1,1.000000
Person,row31Colour,1,1,1.000000
Person,row31Text,1,1,1.000000
Person,row31To,1,1,1.000000
Person,row3Style,1,1,1.000000
Person,row41Colour,1,1,1.000000
Person,row41Text,1,1,1.000000
Person,row41To,1,1,1.000000
Person,row4Style,1,1,1.000000
Person,row51Colour,1,1,1.000000
Person,row51Text,1,1,1.000000
Person,row51To,1,1,1.000000
Person,row5Style,1,1,1.000000
Person,row61To,1,1,1.000000
Person,row62Colour,1,1,1.000000
Person,row62Text,1,1,1.000000
Person,row62To,1,1,1.000000
Person,row6Style,1,1,1.000000
Person,row71To,1,1,1.000000
Person,row72Colour,1,1,1.000000
Person,row72Text,1,1,1.000000
Person,row72To,1,1,1.000000
Person,row7Style,1,1,1.000000
Person,rowstyleBordertop,1,1,1.000000
Person,rowstyleColor,1,1,1.000000
Person,rowstyleTexttop,1,1,1.000000
Person,royalty,1,1,1.000000
Person,rpCoordinates,1,1,1.000000
Person,rt,1,41,0.024390
Person,ruAppearancesh,1,1,1.000000
Person,rubrik,1,11,0.090909
Person,ruCoachdraws,1,10,0.100000
Person,ruCoachteamc,1,1,1.000000
Person,ruCoachteamd,1,1,1.000000
Person,ruCoachteame,1,1,1.000000
Person,ruCoachyear4end,1,1,1.000000
Person,ruCoachyear5end,1,1,1.000000
Person,ruCoachyear5start,1,2,0.500000
Person,ruCoachyearcend,1,1,1.000000
Person,ruCoachyearcstart,1,1,1.000000
Person,ruCoachyeardend,1,1,1.000000
Person,ruCoachyeardstart,1,1,1.000000
Person,ruCoachyeareend,1,1,1.000000
Person,ruCoachyearestart,1,1,1.000000
Person,ruCon,1,1,1.000000
Person,ruCons,1,1,1.000000
Person,ruDropgoals,1,1,1.000000
Person,ruFieldgoalsc,1,50,0.020000
Person,ruFieldgoalsf,1,9,0.111111
Person,ruFieldgoalsg,1,7,0.142857
Person,ruFieldgoalsh,1,1,1.000000
Person,ruGoalsh,1,1,1.000000
Person,ruledUntil,1,1,1.000000
Person,ruNationalupdate,1,1,1.000000
Person,ruPens,1,1,1.000000
Person,ruPointsh,1,1,1.000000
Person,rusr,1,1,1.000000
Person,ruTeamh,1,1,1.000000
Person,ruTriesh,1,1,1.000000
Person,ruYear10end,1,1,1.000000
Person,ruYear10start,1,1,1.000000
Person,ruYearfend,1,1,1.000000
Person,ruYearhstart,1,1,1.000000
Person,rwNat,1,1,1.000000
Person,ryanCup,1,1,1.000000
Person,o,1,1,1.000000
Person,saLatn,1,1,1.000000
Person,samadhiDate,1,1,1.000000
Person,sample,1,1,1.000000
Person,savateBoxe,1,1,1.000000
Person,savateKowin,1,1,1.000000
Person,savateLoss,1,1,1.000000
Person,savateWin,1,1,1.000000
Person,sbkBestPosition,1,1,1.000000
Person,scheduling,1,1,1.000000
Person,schooling,1,1,1.000000
Person,schoolNativity,1,1,1.000000
Person,schoolOfThought,1,1,1.000000
Person,schoolOrTradition,1,1,1.000000
Person,"schoolSaintJoseph'sPrimarySchoolBarnoldswick,Lancs",1,1,1.000000
Person,scienceEnd,1,1,1.000000
Person,scienceRank,1,1,1.000000
Person,scooter,1,1,1.000000
Person,scores,1,1,1.000000
Person,scottiesAppearances,1,1,1.000000
Person,scottishOpen,1,1,1.000000
Person,scoutArchivedate,1,1,1.000000
Person,screenn,1,1,1.000000
Person,screenw,1,1,1.000000
Person,screenwriter,1,1,1.000000
Person,scribe(s)_,1,1,1.000000
Person,script,1,1,1.000000
Person,scripture,1,1,1.000000
Person,sealSize,1,2,0.500000
Person,sealWidth,1,2,0.500000
Person,season102ptGoals,1,1,1.000000
Person,season10PlayoffLoss,1,3,0.333333
Person,season10PlayoffSeconds,1,1,1.000000
Person,season10PlayoffWins,1,1,1.000000
Person,season112ptGoals,1,1,1.000000
Person,season11PlayoffLoss,1,3,0.333333
Person,season11PlayoffShots,1,1,1.000000
Person,season11PlayoffWins,1,1,1.000000
Person,season122ptGoals,1,1,1.000000
Person,season12PlayoffGroundBalls,1,2,0.500000
Person,season12PlayoffLoss,1,2,0.500000
Person,season12PlayoffSeconds,1,1,1.000000
Person,season12PlayoffShots,1,1,1.000000
Person,season12PlayoffWins,1,1,1.000000
Person,season12PointsGoals,1,1,1.000000
Person,season13FaceoffsAtt,1,1,1.000000
Person,season13PlayoffWins,1,1,1.000000
Person,season14PlayoffWins,1,4,0.250000
Person,season14Shots,1,1,1.000000
Person,season15GroundBalls,1,1,1.000000
Person,season15PlayoffLoss,1,1,1.000000
Person,season15PlayoffSeconds,1,1,1.000000
Person,season15PlayoffWins,1,1,1.000000
Person,season16PlayoffPenaltyMinutes,1,3,0.333333
Person,season16Team,1,3,0.333333
Person,season17PlayoffGoalsAgainst,1,1,1.000000
Person,season17PlayoffLoss,1,1,1.000000
Person,season17PlayoffMinutes,1,1,1.000000
Person,season17PlayoffSaves,1,1,1.000000
Person,season17PlayoffSeconds,1,1,1.000000
Person,season17PlayoffWins,1,1,1.000000
Person,season17Team,1,3,0.333333
Person,season18PlayoffPenaltyMinutes,1,1,1.000000
Person,season18Team,1,1,1.000000
Person,season19PlayoffLoss,1,1,1.000000
Person,season19PlayoffPenaltyMinutes,1,1,1.000000
Person,season19PlayoffSaves,1,1,1.000000
Person,season19PlayoffWins,1,1,1.000000
Person,season1FaceoffsAttempted,1,1,1.000000
Person,season1PlayoffFaceoffsAttempted,1,1,1.000000
Person,season1PlayoffPoints,1,1,1.000000
Person,season1Points,1,1,1.000000
Person,season1Turnovers,1,1,1.000000
Person,season20GoalsAgainst,1,1,1.000000
Person,season20Loss,1,1,1.000000
Person,season20Minutes,1,1,1.000000
Person,season20PlayoffAssists,1,1,1.000000
Person,season20PlayoffGamesPlayed,1,1,1.000000
Person,season20PlayoffGoals,1,1,1.000000
Person,season20PlayoffLooseBalls,1,1,1.000000
Person,season20Saves,1,1,1.000000
Person,season20Seconds,1,1,1.000000
Person,season21GoalsAgainst,1,1,1.000000
Person,season21Loss,1,1,1.000000
Person,season21Minutes,1,1,1.000000
Person,season21PlayoffAssists,1,1,1.000000
Person,season21PlayoffGamesPlayed,1,1,1.000000
Person,season21PlayoffGoals,1,1,1.000000
Person,season21PlayoffLooseBalls,1,1,1.000000
Person,season21Saves,1,1,1.000000
Person,season21Seconds,1,1,1.000000
Person,season21Team,1,1,1.000000
Person,season22PenaltyMinutes,1,2,0.500000
Person,season22Team,1,1,1.000000
Person,season23GamesPlayed,1,2,0.500000
Person,season23PlayoffAssists,1,1,1.000000
Person,season23PlayoffGoals,1,1,1.000000
Person,season23PlayoffPenaltyMinutes,1,1,1.000000
Person,season23Team,1,1,1.000000
Person,season24Assists,1,1,1.000000
Person,season24GamesPlayed,1,1,1.000000
Person,season24Goals,1,1,1.000000
Person,season24LooseBalls,1,1,1.000000
Person,season24PenaltyMinutes,1,1,1.000000
Person,season24PlayoffAssists,1,1,1.000000
Person,season24PlayoffGamesPlayed,1,1,1.000000
Person,season24PlayoffLooseBalls,1,1,1.000000
Person,season24TeamLink,1,1,1.000000
Person,season24Year,1,1,1.000000
Person,season2Assist,1,1,1.000000
Person,season2PlayoffPenalties,1,1,1.000000
Person,season2PlayoffWins,1,2,0.500000
Person,season2Points,1,1,1.000000
Person,season3Assist,1,1,1.000000
Person,season3PlayoffLoss,1,4,0.250000
Person,season3Points,1,1,1.000000
Person,season4PlayoffLoss,1,4,0.250000
Person,season4PlayoffPenalties,1,1,1.000000
Person,season4PlayoffPoints,1,1,1.000000
Person,season4Points,1,1,1.000000
Person,season5PlayoffLoss,1,7,0.142857
Person,season5PlayoffPenalties,1,1,1.000000
Person,season5Points,1,1,1.000000
Person,season6Penalties,1,1,1.000000
Person,season6PlayoffFaceoffsAtt,1,1,1.000000
Person,season6PlayoffFaceoffsWon,1,1,1.000000
Person,season6PlayoffLoss,1,5,0.200000
Person,season6Points,1,1,1.000000
Person,season7League,1,2,0.500000
Person,season7Penalties,1,1,1.000000
Person,season7PlayoffLoss,1,2,0.500000
Person,season82ptGoals,1,3,0.333333
Person,season8FaceoffsAtt,1,1,1.000000
Person,season8Penalties,1,1,1.000000
Person,season8PlayoffShots,1,1,1.000000
Person,season9Playoff2ptGoals,1,1,1.000000
Person,season9PlayoffWins,1,2,0.500000
Person,seats,1,3,0.333333
Person,seats6Title,1,1,1.000000
Person,seats7Title,1,1,1.000000
Person,secConferenceRegularSeason,1,1,1.000000
Person,seceded,1,1,1.000000
Person,secofstate,1,1,1.000000
Person,secondarySchool,1,1,1.000000
Person,secondlady,1,1,1.000000
Person,secondlanguage,1,1,1.000000
Person,secondTerm,1,1,1.000000
Person,secretaries,1,4,0.250000
Person,secretaryofstate,1,1,1.000000
Person,seed,1,1,1.000000
Person,seeds,1,1,1.000000
Person,sentenced,1,1,1.000000
Person,sep,1,3,0.333333
Person,separated,1,1,1.000000
Person,serviceDates,1,1,1.000000
Person,servingwith,1,1,1.000000
Person,set,1,1,1.000000
Person,sf,1,1,1.000000
Person,sfResult,1,5,0.200000
Person,shaped,1,4,0.250000
Person,shapeOutlined,1,4,0.250000
Person,shaper,1,1,1.000000
Person,shieldnumber,1,1,1.000000
Person,shipAcquired,1,1,1.000000
Person,shipBuilder,1,1,1.000000
Person,shipCompleted,1,1,1.000000
Person,shipCrew,1,1,1.000000
Person,shipDisplacement,1,1,1.000000
Person,shipLaunched,1,1,1.000000
Person,shipNamesake,1,1,1.000000
Person,shipNotes,1,1,1.000000
Person,shipOperator,1,1,1.000000
Person,shipOutOfService,1,1,1.000000
Person,shipPower,1,1,1.000000
Person,shipPropulsion,1,2,0.500000
Person,shipRenamed,1,1,1.000000
Person,shipSailPlan,1,1,1.000000
Person,shipStatus,1,1,1.000000
Person,shipTonnage,1,1,1.000000
Person,shirtnumber,1,1,1.000000
Person,shoesize,1,1,1.000000
Person,shoot,1,1,1.000000
Person,shooting,1,1,1.000000
Person,shortTitle,1,1,1.000000
Person,shots,1,1,1.000000
Person,showArchitect,1,28,0.035714
Person,showArtist,1,31,0.032258
Person,showdate,1,2,0.500000
Person,showlang,1,1,1.000000
Person,showMedal,1,1,1.000000
Person,showmedals,1,1,1.000000
Person,showorder,1,4,0.250000
Person,showOwner,1,30,0.033333
Person,showrunner,1,1,1.000000
Person,showUpdates,1,55,0.018182
Person,siArchive,1,1,1.000000
Person,sibling(s)_,1,1,1.000000
Person,sigerson,1,1,1.000000
Person,sights,1,1,1.000000
Person,signatureCaption,1,1,1.000000
Person,signature​Moves​_,1,1,1.000000
Person,signers,1,1,1.000000
Person,significantPublications,1,1,1.000000
Person,siLatn,1,1,1.000000
Person,silverGer,1,1,1.000000
Person,silverSar,1,1,1.000000
Person,silverUsa,1,1,1.000000
Person,simp,1,1,1.000000
Person,sinlings,1,1,1.000000
Person,skhangul,1,1,1.000000
Person,skinFolds,1,1,1.000000
Person,smart,1,1,1.000000
Person,soaringstars,1,9,0.111111
Person,social,1,1,1.000000
Person,socialMedia(instagram)_,1,1,1.000000
Person,socialMedia,1,1,1.000000
Person,socialWorker,1,1,1.000000
Person,software,1,1,1.000000
Person,soleExampleOfType%3F_,1,1,1.000000
Person,son's,1,1,1.000000
Person,son'sName,1,1,1.000000
Person,sooupdate,1,1,1.000000
Person,sort,1,4,0.250000
Person,sots,1,1,1.000000
Person,sourceurl,1,1,1.000000
Person,southAmericans,1,1,1.000000
Person,sovereign,1,1,1.000000
Person,space,1,4,0.250000
Person,spanish,1,3,0.333333
Person,spanishName,1,1,1.000000
Person,spans,1,1,1.000000
Person,spaz.,1,1,1.000000
Person,speakerOfKuwaitNationalAssembly,1,1,1.000000
Person,specialisation,1,1,1.000000
Person,spelling,1,1,1.000000
Person,sportPratiqué,1,1,1.000000
Person,sportsPriority,1,1,1.000000
Person,sportsWorkGroup,1,1,1.000000
Person,spot,1,1,1.000000
Person,spouce,1,1,1.000000
Person,spouse.,1,1,1.000000
Person,spouse(ex)_,1,1,1.000000
Person,spouse(former)_,1,1,1.000000
Person,spouseBirthDate,1,1,1.000000
Person,spouseBrianTwomey,1,1,1.000000
Person,spouseDeathDate,1,1,1.000000
Person,spouseName,1,1,1.000000
Person,spouseWife,1,1,1.000000
Person,squat,1,1,1.000000
Person,sr,1,1,1.000000
Person,stageWins,1,1,1.000000
Person,standingCommittee,1,1,1.000000
Person,stanleyCupChampion,1,1,1.000000
Person,star,1,2,0.500000
Person,starSign,1,1,1.000000
Person,stat35label,1,1,1.000000
Person,stat35value,1,1,1.000000
Person,stat44label,1,2,0.500000
Person,district,1,1,1.000000
Person,stateDistrict,1,1,1.000000
Person,statehouse,1,1,1.000000
Person,stateHousee,1,1,1.000000
Person,stateOffice,1,1,1.000000
Person,stateOfOrigin,1,1,1.000000
Person,staterecords,1,1,1.000000
Person,stateSeatsName,1,2,0.500000
Person,statusText,1,1,1.000000
Person,statuteBookChapter,1,1,1.000000
Person,stepchildren,1,1,1.000000
Person,stepFather,1,1,1.000000
Person,stepmother,1,1,1.000000
Person,stroke,1,1,1.000000
Person,strongFoot,1,1,1.000000
Person,student,1,1,1.000000
Person,studiedAt,1,1,1.000000
Person,studios,1,1,1.000000
Person,subbox,1,1,1.000000
Person,submitdate,1,1,1.000000
Person,suboffic,1,1,1.000000
Person,subst,1,1,1.000000
Person,substed,1,123,0.008130
Person,subtopic,1,1,1.000000
Person,subunits,1,1,1.000000
Person,sucat,1,1,1.000000
Person,succcessor,1,1,1.000000
Person,succeder,1,1,1.000000
Person,succeededTba,1,1,1.000000
Person,succeeder,1,1,1.000000
Person,success,1,1,1.000000
Person,successeor,1,1,1.000000
Person,successo1r,1,1,1.000000
Person,successo2r,1,1,1.000000
Person,successor.,1,1,1.000000
Person,successor5.,1,1,1.000000
Person,successro,1,1,1.000000
Person,succsessor,1,1,1.000000
Person,supercross,1,1,1.000000
Person,surnameNihongo,1,1,1.000000
Person,swimCoach,1,1,1.000000
Person,swimmingSchool,1,1,1.000000
Person,sworn,1,1,1.000000
Person,swornTypeLabel,1,1,1.000000
Person,symbol,1,1,1.000000
Person,synagogueposistion,1,1,1.000000
Person,synagoguePosition,1,1,1.000000
Person,syndicates,1,2,0.500000
Person,system,1,1,1.000000
Person,tablets,1,5,0.200000
Person,tailleImage,1,1,1.000000
Person,taiwanese,1,1,1.000000
Person,taLatn,1,1,1.000000
Person,talkpage,1,1,1.000000
Person,tam,1,1,1.000000
Person,tarih,1,1,1.000000
Person,tarmStart,1,1,1.000000
Person,taxId,1,1,1.000000
Person,tdhl,1,1,1.000000
Person,team10.,1,1,1.000000
Person,team8v,1,1,1.000000
Person,teamColours,1,1,1.000000
Person,teamcstart,1,1,1.000000
Person,teamid,1,1,1.000000
Person,televisionFilm,1,1,1.000000
Person,televisionShow,1,1,1.000000
Person,televisionShows,1,1,1.000000
Person,tema,1,1,1.000000
Person,term10d,1,1,1.000000
Person,term11f,1,1,1.000000
Person,term11g,1,1,1.000000
Person,term11h,1,1,1.000000
Person,term12c,1,1,1.000000
Person,term13c,1,1,1.000000
Person,term13d,1,1,1.000000
Person,term13e,1,1,1.000000
Person,term15c,1,1,1.000000
Person,term15d,1,1,1.000000
Person,term15e,1,1,1.000000
Person,term16d,1,1,1.000000
Person,term16e,1,1,1.000000
Person,term16f,1,1,1.000000
Person,term16g,1,1,1.000000
Person,term17d,1,1,1.000000
Person,term18d,1,1,1.000000
Person,term1e,1,1,1.000000
Person,term1f,1,1,1.000000
Person,term1g,1,1,1.000000
Person,term22c,1,1,1.000000
Person,term22d,1,1,1.000000
Person,term2End,1,1,1.000000
Person,term2f,1,1,1.000000
Person,term2g,1,1,1.000000
Person,term2Start,1,1,1.000000
Person,term3End,1,1,1.000000
Person,term3Start,1,1,1.000000
Person,term4e,1,1,1.000000
Person,term4f,1,1,1.000000
Person,term4g,1,1,1.000000
Person,term4h,1,1,1.000000
Person,term4i,1,1,1.000000
Person,term4j,1,1,1.000000
Person,term5c,1,1,1.000000
Person,term6c,1,1,1.000000
Person,term7d,1,1,1.000000
Person,term7e,1,1,1.000000
Person,term9c,1,1,1.000000
Person,termAsMla,1,1,1.000000
Person,termBegin,1,1,1.000000
Person,termEnd.,1,1,1.000000
Person,termEnd3.,1,1,1.000000
Person,termends,1,1,1.000000
Person,termlength,1,1,1.000000
Person,termMiddle,1,1,1.000000
Person,termsTart,1,1,1.000000
Person,termStarting,1,1,1.000000
Person,termStat,1,1,1.000000
Person,textAlign,1,3,0.333333
Person,textBackground,1,1,1.000000
Person,thecrag,1,1,1.000000
Person,thesesAdvised,1,1,1.000000
Person,thumb,1,1,1.000000
Person,ti,1,1,1.000000
Person,ticket,1,1,1.000000
Person,titlealign,1,2,0.500000
Person,titleAwarded,1,1,1.000000
Person,titleBackground,1,1,1.000000
Person,titlecount,1,1,1.000000
Person,titlesPsa,1,1,1.000000
Person,títol,1,1,1.000000
Person,tko,1,1,1.000000
Person,tkoWins,1,1,1.000000
Person,tlborn,1,1,1.000000
Person,tlcourtesy,1,1,1.000000
Person,tlpen,1,1,1.000000
Person,today,1,2,0.500000
Person,toll,1,1,1.000000
Person,ton.%3Cnowiki%3E_,1,1,1.000000
Person,tone,1,1,1.000000
Person,top10’s,1,1,1.000000
Person,top5’s,1,1,1.000000
Person,topimage,1,7,0.142857
Person,topWorldCurlingTourRanking,1,1,1.000000
Person,totalGoody'sDashRaces,1,1,1.000000
Person,totalHeight,1,1,1.000000
Person,totalNumberOfMissionsFlown,1,1,1.000000
Person,tourney,1,1,1.000000
Person,tourneyResult,1,1,1.000000
Person,townNoteMarker,1,4,0.250000
Person,trad,1,1,1.000000
Person,traditions,1,1,1.000000
Person,trainer(s)_,1,1,1.000000
Person,traininglocation,1,1,1.000000
Person,trains,1,1,1.000000
Person,trakcs,1,1,1.000000
Person,translationTamil,1,1,1.000000
Person,transmission,1,1,1.000000
Person,triangle,1,1,1.000000
Person,triangleColor,1,1,1.000000
Person,tribalauthority,1,1,1.000000
Person,tribalNation,1,1,1.000000
Person,tribute,1,1,1.000000
Person,tributeAlbums,1,1,1.000000
Person,ts,1,1,1.000000
Person,tt,1,1,1.000000
Person,ttLapRecords,1,1,1.000000
Person,tvShow,1,1,1.000000
Person,txermStart,1,1,1.000000
Person,typeObj,1,1,1.000000
Person,udated,1,1,1.000000
Person,ukOpenQualifiers,1,1,1.000000
Person,ulsterGrandPrixContested,1,1,1.000000
Person,ulsterGrandPrixFirstWin,1,1,1.000000
Person,ulsterGrandPrixLastWin,1,1,1.000000
Person,ulsterGrandPrixWins,1,1,1.000000
Person,ume,1,1,1.000000
Person,umpstatsend,1,1,1.000000
Person,umpwtestlastyr,1,1,1.000000
Person,uncertain,1,2,0.500000
Person,union,1,1,1.000000
Person,unipartBritishProfessional,1,1,1.000000
Person,regiment,1,1,1.000000
Person,university.,1,1,1.000000
Person,unmarriedPartner,1,1,1.000000
Person,unsworn,1,1,1.000000
Person,upadated,1,1,1.000000
Person,updaron,1,1,1.000000
Person,urlarchivo,1,1,1.000000
Person,urlDateArg,1,1,1.000000
Person,usa,1,1,1.000000
Person,usaCollege,1,1,1.000000
Person,usdgc,1,1,1.000000
Person,usedBy,1,1,1.000000
Person,ushockeyhalloffame,1,1,1.000000
Person,usLaxHof,1,1,1.000000
Person,usnationals,1,1,1.000000
Person,usopenseniorresult,1,1,1.000000
Person,utcOffset,1,1,1.000000
Person,uwlxDraft,1,1,1.000000
Person,uwlxDraftTeam,1,1,1.000000
Person,uwlxDraftYear,1,1,1.000000
Person,valign,1,1,1.000000
Person,variant,1,1,1.000000
Person,vb,1,1,1.000000
Person,vehicles,1,1,1.000000
Person,venetianDeepstackPlayerOfSeriesAwards,1,1,1.000000
Person,venetianDeepstackWins,1,1,1.000000
Person,verticalNote,1,1,1.000000
Person,vicechair,1,1,1.000000
Person,"viceChairman,Ndmc2021PresidentBjpDelhiState",1,1,1.000000
Person,viceChairman,1,1,1.000000
Person,vicemayor,1,1,1.000000
Person,vicePremierministre,1,1,1.000000
Person,vicePresidents,1,1,1.000000
Person,viewersType,1,1,1.000000
Person,virgenDeLosTreintaYTres♀4date,1,1,1.000000
Person,voiume,1,1,1.000000
Person,votes.,1,1,1.000000
Person,voySearch,1,1,1.000000
Person,waist,1,1,1.000000
Person,wardrobe&Makeup,1,1,1.000000
Person,waring,1,1,1.000000
Person,warMinister,1,1,1.000000
Person,warning,1,152,0.006579
Person,battles,1,1,1.000000
Person,wartimeRank,1,1,1.000000
Person,wcraces,1,1,1.000000
Person,wcraceswithrelays,1,1,1.000000
Person,wdf.,1,1,1.000000
Person,wdfEuropeCup,1,1,1.000000
Person,wearables,1,4,0.250000
Person,weblink,1,1,1.000000
Person,webside,1,1,1.000000
Person,webSite,1,1,1.000000
Person,websites,1,1,1.000000
Person,weight.,1,1,1.000000
Person,weightCutFrom,1,1,1.000000
Person,weightIb,1,1,1.000000
Person,weightIbs,1,1,1.000000
Person,weightLba,1,1,1.000000
Person,weightLibras,1,1,1.000000
Person,weightOrder,1,7,0.142857
Person,weigth,1,1,1.000000
Person,wf,1,21,0.047619
Person,what,1,2,0.500000
Person,when,1,1,1.000000
Person,whs,1,1,1.000000
Person,why,1,1,1.000000
Person,widht,1,1,1.000000
Person,widthUnits,1,1,1.000000
Person,wife.,1,1,1.000000
Person,wikiquote,1,1,1.000000
Person,wingspanFt,1,1,1.000000
Person,wingspanIn,1,1,1.000000
Person,winsViaKo,1,1,1.000000
Person,wireless,1,1,1.000000
Person,withtitle,1,7,0.142857
Person,witnesses,1,1,1.000000
Person,wives,1,1,1.000000
Person,wmfWorldCupApps,1,1,1.000000
Person,wmfWorldCupBest,1,1,1.000000
Person,wmfWorldCupFirst,1,1,1.000000
Person,woodbody,1,1,1.000000
Person,woodfingerboard,1,1,1.000000
Person,woodneck,1,1,1.000000
Person,workAssociations,1,1,1.000000
Person,workUniversity,1,1,1.000000
Person,worldChampionship,1,1,1.000000
Person,worldCupBest,1,1,1.000000
Person,worldCupFirst,1,1,1.000000
Person,worldDoublesMen,1,1,1.000000
Person,worldJuniorChampionshipAppearances,1,1,1.000000
Person,worldRanking,1,1,1.000000
Person,worlds(iam)_,1,1,1.000000
Person,wpcaWorldChampionships,1,1,1.000000
Person,wq,1,22,0.045455
Person,wr,1,70,0.014286
Person,wrestlingKowin,1,1,1.000000
Person,written,1,1,1.000000
Person,wsopCircuitFinalTables,1,1,1.000000
Person,wsopCircuitMoneyFinishes,1,1,1.000000
Person,wsopCircuitTitles,1,1,1.000000
Person,wsopEarnings,1,1,1.000000
Person,wsopFinalTable,1,1,1.000000
Person,wsopMainEvenBestFinishRank,1,1,1.000000
Person,wsopMainEventHighestFinishRank,1,1,1.000000
Person,wsopMainEventMostTimesInTheMoney,1,1,1.000000
Person,wsopMeanings,1,1,1.000000
Person,wsopMoneyFinish(es)_,1,1,1.000000
Person,wtadoubles,1,4,0.250000
Person,wtasingles,1,4,0.250000
Person,wtestsumpired,1,9,0.111111
Person,wuth,1,1,1.000000
Person,xmax,1,1,1.000000
Person,y.EarsActive,1,1,1.000000
Person,year0start,1,2,0.500000
Person,year16end,1,1,1.000000
Person,year17end,1,1,1.000000
Person,year17start,1,1,1.000000
Person,year18start,1,1,1.000000
Person,year19start,1,1,1.000000
Person,year20start,1,1,1.000000
Person,year21end,1,1,1.000000
Person,year21start,1,1,1.000000
Person,yearas,1,1,1.000000
Person,yearbegin,1,1,1.000000
Person,yearCompleted,1,1,1.000000
Person,yearInSchool,1,1,1.000000
Person,yearOfPulication,1,1,1.000000
Person,years437Bc,1,1,1.000000
Person,years6.,1,1,1.000000
Person,years8.,1,1,1.000000
Person,yearsAsCoach,1,1,1.000000
Person,yearsInGoody'sDash,1,1,1.000000
Person,yearsOld,1,1,1.000000
Person,yearsSkating,1,1,1.000000
Person,yeras,1,1,1.000000
Person,ymax,1,1,1.000000
Person,ymin,1,2,0.500000
Person,yob,1,1,1.000000
Person,youngerSon,1,1,1.000000
Person,youtube,1,1,1.000000
Person,youtubeChannel,1,1,1.000000
Person,yp,1,1,1.000000
Person,yr.%3Cnowiki%3E_,1,1,1.000000
Person,yusho,1,1,1.000000
Person,zeecinen,1,1,1.000000
Person,zeecinew,1,1,1.000000
Person,zhDungan,1,1,1.000000
Person,zipcode,1,1,1.000000
Person,δημήτρηςΡοντήρηςdate,1,1,1.000000
Person,お楽しみ秘蔵ビデオ+全シングルクリップ%3Cnowiki%3E_,1,1,1.000000
Species,colourName,1,928,0.001078
Species,nominee,1,1,1.000000
Species,owningOrganisation,1,1,1.000000
Species,runningMate,1,1,1.000000
Species,shoeSize,1,1,1.000000
Species,suppreddedDate,1,1,1.000000
Species,vicePrimeMinister,1,1,1.000000
Species,year,1,1,1.000000
Species,!p,1,1,1.000000
Species,'''record'''_,1,1,1.000000
Species,''family''_,1,1,1.000000
Species,''otanoshimiHizōVideo+ZenSingleClip%3Cnowiki%3E_,1,1,1.000000
Species,(as,1,1,1.000000
Species,(assistant)_,1,1,1.000000
Species,nowiki%3Ealign,1,1,1.000000
Species,nowiki%3EGoals,1,1,1.000000
Species,nowiki%3EManageryears,1,1,1.000000
Species,nowiki%3Enfl,1,1,1.000000
Species,nowiki%3ENtupdate,1,1,1.000000
Species,nowiki%3ETotalcaps,1,1,1.000000
Species,nowiki%3ETotalgoals,1,1,1.000000
Species,%3Ep,1,1,1.000000
Species,%3Cnowiki%3Eengine,1,1,1.000000
Species,%3Csmall%3E%3CspanStyle,1,1,1.000000
Species,%3F_,1,16,0.062500
Species,%5CBefore,1,1,1.000000
Species,†_,1,1,1.000000
Species,0integer,1,1,1.000000
Species,100m,1,1,1.000000
Species,1444—1477Before,1,1,1.000000
Species,1997PresentClapps(points)_,1,1,1.000000
Species,1name,1,1,1.000000
Species,1note,1,1,1.000000
Species,1p&nbsp;p,1,1,1.000000
Species,2004Icapps(points)_,1,1,1.000000
Species,2006CaribbeanRotaxMaxSr.ChampeonUpdated,1,1,1.000000
Species,85BirthPlace,1,1,1.000000
Species,247Archivedate,1,2,0.500000
Species,247sports,1,1,1.000000
Species,2blankdata,1,1,1.000000
Species,2ndregionalCupApps,1,1,1.000000
Species,2ndregionalCupBest,1,1,1.000000
Species,2ndregionalCupFirst,1,1,1.000000
Species,2ndregionalName,1,1,1.000000
Species,2ndTermEnd,1,1,1.000000
Species,2split,1,1,1.000000
Species,1987Sport,1,1,1.000000
Species,32a,1,1,1.000000
Species,3fpp,1,1,1.000000
Species,3ppp,1,1,1.000000
Species,3rd,1,1,1.000000
Species,3rdSpouse,1,1,1.000000
Species,3split,1,1,1.000000
Species,4BirthDate,1,1,1.000000
Species,4Icposition,1,1,1.000000
Species,4option,1,1,1.000000
Species,4optionName,1,1,1.000000
Species,4split,1,1,1.000000
Species,500Championships,1,6,0.166667
Species,50FastestLaps,1,2,0.500000
Species,50Podiums,1,2,0.500000
Species,50Poles,1,2,0.500000
Species,50RaceWins,1,2,0.500000
Species,5loc,1,1,1.000000
Species,80ActiveYears,1,1,1.000000
Species,80Championships,1,1,1.000000
Species,80FastestLaps,1,1,1.000000
Species,80LastPosition,1,1,1.000000
Species,80LastSeason,1,1,1.000000
Species,80Podiums,1,1,1.000000
Species,80Poles,1,1,1.000000
Species,80RaceStarts,1,1,1.000000
Species,80RaceWins,1,1,1.000000
Species,80TotalPoints,1,1,1.000000
Species,9p,1,1,1.000000
Species,a.k.a.,1,1,1.000000
Species,abans,1,1,1.000000
Species,abb,1,1,1.000000
Species,abbrev,1,6,0.166667
Species,aboutself,1,1,1.000000
Species,aboveclass,1,1,1.000000
Species,absence,1,3,0.333333
Species,ac2Year,1,1,1.000000
Species,academicDegree,1,1,1.000000
Species,access,1,1,1.000000
Species,accidentPlace,1,1,1.000000
Species,accreditation,1,1,1.000000
Species,accusations,1,1,1.000000
Species,achievementsAndTitles,1,1,1.000000
Species,actingGovernor,1,1,1.000000
Species,activ,1,1,1.000000
Species,activepol,1,1,1.000000
Species,activities,1,1,1.000000
Species,activitySector,1,1,1.000000
Species,actualPredecessors,1,1,1.000000
Species,actualStatus,1,1,1.000000
Species,actualTeam,1,1,1.000000
Species,additional,1,5,0.200000
Species,additionalSecretary,1,1,1.000000
Species,adirectorOfIntergovernmentalAffairsEnd,1,1,1.000000
Species,administration,1,1,1.000000
Species,admittedToBar,1,1,1.000000
Species,adoptedChildren,1,1,1.000000
Species,advertising,1,1,1.000000
Species,advisors,1,1,1.000000
Species,advocate,1,1,1.000000
Species,aet,1,5,0.200000
Species,af,1,5,0.200000
Species,affairWith,1,1,1.000000
Species,aflBehinds,1,1,1.000000
Species,aflClub,1,1,1.000000
Species,aflPoints,1,1,1.000000
Species,ages,1,1,1.000000
Species,agricultureDate,1,1,1.000000
Species,airshowAircraft,1,1,1.000000
Species,album10Formats,1,1,1.000000
Species,album10Label,1,1,1.000000
Species,album11Formats,1,1,1.000000
Species,album11Label,1,1,1.000000
Species,album11Releasedate,1,1,1.000000
Species,album12Formats,1,1,1.000000
Species,album12Label,1,1,1.000000
Species,album12Releasedate,1,1,1.000000
Species,album13Label,1,1,1.000000
Species,album13Releasedate,1,1,1.000000
Species,album14Label,1,1,1.000000
Species,album14Releasedate,1,1,1.000000
Species,album3Formats,1,1,1.000000
Species,album4Formats,1,1,1.000000
Species,album5Formats,1,1,1.000000
Species,album6Formats,1,1,1.000000
Species,album7Formats,1,1,1.000000
Species,album8Formats,1,1,1.000000
Species,album9Formats,1,1,1.000000
Species,album9Label,1,1,1.000000
Species,aliases,1,1,1.000000
Species,all,1,1,1.000000
Species,allDates,1,1,1.000000
Species,allegedFatalities,1,1,1.000000
Species,alliedClans,1,1,1.000000
Species,allmusic,1,1,1.000000
Species,allowtoc,1,1,1.000000
Species,allStar,1,1,1.000000
Species,nomination,1,1,1.000000
Species,allStars,1,1,1.000000
Species,allsttars,1,1,1.000000
Species,almaMata,1,1,1.000000
Species,almaMater.,1,1,1.000000
Species,alongsid,1,1,1.000000
Species,alongWith,1,1,1.000000
Species,alphacaroteneUg,1,1,1.000000
Species,altername,1,1,1.000000
Species,alternateNames,1,1,1.000000
Species,alternativeTitle,1,1,1.000000
Species,altFooter,1,1,1.000000
Species,altitude,1,1,1.000000
Species,altlink,1,1,1.000000
Species,altLink,1,2,0.500000
Species,altvar,1,1,1.000000
Species,am,1,12,0.083333
Species,amaActiveYears,1,1,1.000000
Species,amaChampionships,1,1,1.000000
Species,amaManufacturers,1,1,1.000000
Species,amaProRaceStarts,1,1,1.000000
Species,amasbActiveYears,1,1,1.000000
Species,amasbChampionships,1,1,1.000000
Species,amasbPoles,1,1,1.000000
Species,amasbRaceStarts,1,1,1.000000
Species,amasbRaceWins,1,1,1.000000
Species,amaSuperbikeChampionships,1,1,1.000000
Species,amatcaps,1,1,1.000000
Species,amfWorldCupApps,1,1,1.000000
Species,amfWorldCupBest,1,1,1.000000
Species,amfWorldCupFirst,1,1,1.000000
Species,amKo,1,1,1.000000
Species,amkolosses,1,1,1.000000
Species,amlabel,1,2,0.500000
Species,amlosses,1,1,1.000000
Species,ancestors,1,1,1.000000
Species,ancestorSchools,1,1,1.000000
Species,animation,1,2,0.500000
Species,annotColor,1,1,1.000000
Species,annotTextAlign,1,1,1.000000
Species,announcer,1,1,1.000000
Species,antlTeam,1,1,1.000000
Species,anys,1,1,1.000000
Species,aoifeColemanCounty,1,1,1.000000
Species,appearancesh,1,3,0.333333
Species,appearancesInFifaFutsalWorldCup,1,1,1.000000
Species,appearancesInUefaFutsalEuro,1,1,1.000000
Species,appinter,1,1,1.000000
Species,appointe,1,1,1.000000
Species,appointedBy.,1,1,1.000000
Species,aptFinalTables,1,1,1.000000
Species,aption,1,1,1.000000
Species,aptMoneyFinishes,1,1,1.000000
Species,aptTitles,1,1,1.000000
Species,archbishopname,1,1,1.000000
Species,architectureFirm,1,1,1.000000
Species,architectureType,1,1,1.000000
Species,archiveDates,1,1,1.000000
Species,archNemesis,1,1,1.000000
Species,area(s)_,1,1,1.000000
Species,areaOfResponsibility,1,1,1.000000
Species,areasServed,1,1,1.000000
Species,areerNumber,1,1,1.000000
Species,arguedate,1,1,1.000000
Species,argueyear,1,1,1.000000
Species,arrangedBy,1,1,1.000000
Species,arrestingAuthority,1,1,1.000000
Species,articlename,1,1,1.000000
Species,artist.,1,1,1.000000
Species,"artistBiographiesForBruceAndNormanYonemoto(i.a.3165)IsInTheMuseum'sGeneralExhibitionDocumentation,Title",1,1,1.000000
Species,artiste,1,1,1.000000
Species,arts,1,1,1.000000
Species,asa,1,1,1.000000
Species,asbkActiveYears,1,1,1.000000
Species,asbkChampionships,1,1,1.000000
Species,asbkFastestLaps,1,1,1.000000
Species,asbkPodiums,1,1,1.000000
Species,asbkPoles,1,1,1.000000
Species,asbkRaceStarts,1,1,1.000000
Species,asbkRaceWins,1,1,1.000000
Species,asbkTotalPoints,1,1,1.000000
Species,asdukeOf,1,3,0.333333
Species,ash,1,1,1.000000
Species,asiangamesmixeddoublesresult,1,1,1.000000
Species,asiangamesresult,1,1,1.000000
Species,asiaPacificInternational,1,2,0.500000
Species,aSide,1,1,1.000000
Species,asKnownAs,1,1,1.000000
Species,assActiveYears,1,1,1.000000
Species,assailants,1,1,1.000000
Species,assassinationDate,1,1,1.000000
Species,assChampionships,1,1,1.000000
Species,assemblyman,1,1,1.000000
Species,assFastestLaps,1,1,1.000000
Species,assLastSeason,1,1,1.000000
Species,assManufacturers,1,1,1.000000
Species,associate3End,1,1,1.000000
Species,associate3Start,1,1,1.000000
Species,associate4End,1,1,1.000000
Species,associate4Start,1,1,1.000000
Species,associate5End,1,1,1.000000
Species,associate5Start,1,1,1.000000
Species,associate6End,1,1,1.000000
Species,associate6Start,1,1,1.000000
Species,associate7End,1,1,1.000000
Species,associate7Start,1,1,1.000000
Species,associate8End,1,1,1.000000
Species,associate8Start,1,1,1.000000
Species,assPodiums,1,1,1.000000
Species,assPoles,1,1,1.000000
Species,assRaceStarts,1,1,1.000000
Species,assRaceWins,1,1,1.000000
Species,asstManager,1,1,1.000000
Species,assTotalPoints,1,1,1.000000
Species,assumedOffice,1,1,1.000000
Species,astyle,1,4,0.250000
Species,atom,1,1,1.000000
Species,attacks,1,1,1.000000
Species,attemptedFix,1,1,1.000000
Species,audioReadBy,1,1,1.000000
Species,australianSuperbikeChampionships,1,1,1.000000
Species,author2link,1,1,1.000000
Species,author3Link,1,1,1.000000
Species,authors(s)_,1,1,1.000000
Species,autoCaption,1,8,0.125000
Species,autoitalicize,1,1,1.000000
Species,aux2t,1,1,1.000000
Species,aux4t,1,1,1.000000
Species,available,1,1,1.000000
Species,averageAttendance,1,1,1.000000
Species,award13n,1,2,0.500000
Species,award14n,1,2,0.500000
Species,award15n,1,2,0.500000
Species,award16n,1,1,1.000000
Species,award16w,1,1,1.000000
Species,awardedBy,1,1,1.000000
Species,"awards,6aMetroRegionalChampions",1,1,1.000000
Species,awards7w,1,1,1.000000
Species,awardsAndAchievements,1,1,1.000000
Species,away,1,1,1.000000
Species,away1player,1,1,1.000000
Species,away1pos,1,1,1.000000
Species,awayman,1,1,1.000000
Species,awaymannat,1,1,1.000000
Species,awayteam,1,1,1.000000
Species,backCounty,1,1,1.000000
Species,backFilename,1,1,1.000000
Species,backgroundColour,1,1,1.000000
Species,backHeight,1,1,1.000000
Species,backSquat,1,1,1.000000
Species,badgeNumber,1,1,1.000000
Species,badmintonPosition,1,1,1.000000
Species,badmintonProvince,1,1,1.000000
Species,baflrookieyear,1,1,1.000000
Species,bagde,1,1,1.000000
Species,balanceEngineer,1,1,1.000000
Species,ban,1,1,1.000000
Species,banLatn,1,1,1.000000
Species,barWidth,1,1,1.000000
Species,baseCaption,1,1,1.000000
Species,baseOfOperations,1,1,1.000000
Species,basge,1,1,1.000000
Species,battery,1,1,1.000000
Species,wars,1,1,1.000000
Species,bc,1,1,1.000000
Species,bcs,1,1,1.000000
Species,bcsRanking,1,1,1.000000
Species,bdoInternationalOpen,1,1,1.000000
Species,bdoTurkishOpen,1,1,1.000000
Species,beautyPageant,1,1,1.000000
Species,befoRe,1,1,1.000000
Species,begins,1,1,1.000000
Species,belief,1,1,1.000000
Species,belowclass,1,1,1.000000
Species,bench1Sg,1,1,1.000000
Species,bench2Label,1,1,1.000000
Species,bench2Pf,1,1,1.000000
Species,bench2Pg,1,1,1.000000
Species,bench2Sf,1,1,1.000000
Species,bench3C,1,1,1.000000
Species,bench3Pf,1,1,1.000000
Species,bench4Label,1,1,1.000000
Species,benchpress,1,1,1.000000
Species,bestBuschFin,1,1,1.000000
Species,bestBuschPointsPos,1,1,1.000000
Species,bestBuschPosition,1,1,1.000000
Species,bestCupFin,1,1,1.000000
Species,bestCupPointPos,1,1,1.000000
Species,bestFriend,1,1,1.000000
Species,bestGoody'sDashPos,1,1,1.000000
Species,bestLifts,1,1,1.000000
Species,bestRank,1,1,1.000000
Species,bestTruckPosition,1,1,1.000000
Species,bestWin,1,1,1.000000
Species,bestWinYear,1,1,1.000000
Species,bgColor,1,1,1.000000
Species,bhuvaneshwariRathoreData,1,1,1.000000
Species,biceps,1,1,1.000000
Species,biggestWin,1,1,1.000000
Species,"bigJoe,SmokeyDob",1,1,1.000000
Species,biolib,1,1,1.000000
Species,biolibid,1,1,1.000000
Species,birthCaste,1,1,1.000000
Species,birthDate(nepali)_,1,1,1.000000
Species,birthDatel,1,1,1.000000
Species,birthDateSeptember,1,1,1.000000
Species,birthday,1,1,1.000000
Species,birthImage,1,1,1.000000
Species,birthName.,1,1,1.000000
Species,birthNamer,1,1,1.000000
Species,birthPalce,1,1,1.000000
Species,birthParent,1,1,1.000000
Species,birthPlaceN,1,1,1.000000
Species,birththPlace,1,1,1.000000
Species,birthTime,1,1,1.000000
Species,birthYear,1,1,1.000000
Species,birtname,1,1,1.000000
Species,birtName,1,1,1.000000
Species,biryhPlace,1,1,1.000000
Species,blank1InfoSec,1,1,1.000000
Species,blank1NameSec,1,1,1.000000
Species,blankData,1,1,1.000000
Species,blankLabel,1,1,1.000000
Species,bluestars,1,1,1.000000
Species,boardOfDirectors,1,1,1.000000
Species,bodyalign,1,2,0.500000
Species,bodycount,1,1,1.000000
Species,bodyStyle,1,1,1.000000
Species,bodytype,1,1,1.000000
Species,bookTitle,1,1,1.000000
Species,bookUrl,1,1,1.000000
Species,bookWritten,1,1,1.000000
Species,bookYear,1,1,1.000000
Species,borderColor,1,5,0.200000
Species,borderP,1,1,1.000000
Species,borderS,1,1,1.000000
Species,borderSize,1,1,1.000000
Species,bornDate,1,1,1.000000
Species,boroughPresident,1,1,1.000000
Species,bowlgame,1,1,1.000000
Species,bowlnames,1,1,1.000000
Species,bowloutcomes,1,1,1.000000
Species,bowlscore,1,1,1.000000
Species,boxDeath,1,1,1.000000
Species,boxing,1,1,1.000000
Species,boxingdecwins,1,1,1.000000
Species,boxingdraws,1,1,1.000000
Species,boxingkolosses,1,1,1.000000
Species,boxingkowins,1,1,1.000000
Species,boxinglosses,1,1,1.000000
Species,boxingwins,1,1,1.000000
Species,boxRec,1,1,1.000000
Species,boxSets,1,1,1.000000
Species,boxTotal,1,1,1.000000
Species,boxType,1,1,1.000000
Species,boxwidth,1,1,1.000000
Species,boyfriend,1,1,1.000000
Species,bp,1,1,1.000000
Species,bpborn,1,1,1.000000
Species,branchedFrom,1,1,1.000000
Species,branding,1,1,1.000000
Species,brands,1,1,1.000000
Species,bridge,1,1,1.000000
Species,brithName,1,1,1.000000
Species,britishOpen,1,1,1.000000
Species,britishProfessional,1,1,1.000000
Species,britn,1,1,1.000000
Species,britw,1,1,1.000000
Species,broken,1,1,1.000000
Species,bronzeGer,1,1,1.000000
Species,bronzeSar,1,1,1.000000
Species,bronzeUsa,1,1,1.000000
Species,brotherIsColmIrish,1,1,1.000000
Species,brothers,1,1,1.000000
Species,bsbPoints,1,1,1.000000
Species,bSides,1,1,1.000000
Species,bsodiumMg,1,1,1.000000
Species,bstyle,1,2,0.500000
Species,budget,1,1,1.000000
Species,buildingName,1,1,1.000000
Species,buildSort,1,1,1.000000
Species,bullet,1,2,0.500000
Species,burialdate,1,1,1.000000
Species,bvCurrentclub,1,1,1.000000
Species,bvNationalcaps,1,1,1.000000
Species,bvNationalteam,1,1,1.000000
Species,bvPosition,1,1,1.000000
Species,bvProvince,1,1,1.000000
Species,bvProvinceyears,1,1,1.000000
Species,bwfore,1,1,1.000000
Species,cabinetMinister,1,1,1.000000
Species,cadetBranches,1,1,1.000000
Species,calgaryStampede,1,1,1.000000
Species,caliph,1,2,0.500000
Species,camera,1,1,1.000000
Species,campaignedFor,1,1,1.000000
Species,campusType,1,1,1.000000
Species,candidate8Party,1,1,1.000000
Species,candidate8Percent,1,1,1.000000
Species,candidate8Votes,1,1,1.000000
Species,cantonese,1,1,1.000000
Species,captino,1,1,1.000000
Species,caption.,1,1,1.000000
Species,captionPosition,1,5,0.200000
Species,capture,1,1,1.000000
Species,career–number,1,1,1.000000
Species,careerAwards,1,1,1.000000
Species,careerCaps,1,1,1.000000
Species,careerCompany,1,1,1.000000
Species,careerEarnings,1,1,1.000000
Species,careerEbd,1,1,1.000000
Species,careerEnds,1,1,1.000000
Species,careerGames,1,1,1.000000
Species,careerNumbers,1,1,1.000000
Species,careerPoints,1,1,1.000000
Species,careerposition,1,1,1.000000
Species,careerTitle,1,1,1.000000
Species,caricaturist,1,1,1.000000
Species,carlosMaríaDeLaTorre.jpgDipstyle,1,1,1.000000
Species,carries,1,1,1.000000
Species,carTeam,1,1,1.000000
Species,cartoon,1,2,0.500000
Species,catchphrase(s)_,1,1,1.000000
Species,catchphrase,1,1,1.000000
Species,categoryType,1,1,1.000000
Species,cathedral,1,5,0.200000
Species,catpion,1,1,1.000000
Species,cats,1,1,1.000000
Species,cdname,1,1,1.000000
Species,celebrations,1,1,1.000000
Species,"cello,PrimaryArtist",1,1,1.000000
Species,cello,1,1,1.000000
Species,center,1,3,0.333333
Species,ceoOfTheCanadianWildlifeFund,1,1,1.000000
Species,certday,1,1,1.000000
Species,cf,1,1,1.000000
Species,cfaption,1,1,1.000000
Species,cfNat,1,1,1.000000
Species,chairmanOfSupremeCouncilOfTheRepublicOfLithuania,1,1,1.000000
Species,chairmanSenate,1,1,1.000000
Species,chamber,1,2,0.500000
Species,champions,1,1,1.000000
Species,championsLeagueOfDarts,1,1,1.000000
Species,charged,1,1,1.000000
Species,chart,1,3,0.333333
Species,chartf,1,2,0.500000
Species,chartg,1,2,0.500000
Species,chassis,1,1,1.000000
Species,checked,1,2,0.500000
Species,checkWikidata,1,3,0.333333
Species,cheigth,1,1,1.000000
Species,chessgid,1,1,1.000000
Species,chief,1,1,1.000000
Species,chief1Position,1,1,1.000000
Species,chief2Name,1,1,1.000000
Species,chiefexecutive,1,1,1.000000
Species,chiefjustice,1,1,1.000000
Species,chiefMinisterOfKhyberPakhtunkhwa,1,1,1.000000
Species,chiefOfStaffEnd,1,1,1.000000
Species,chiefsCrest,1,1,1.000000
Species,chiefsMotto,1,1,1.000000
Species,chiefsName,1,1,1.000000
Species,chiefsTitle,1,1,1.000000
Species,child.,1,1,1.000000
Species,child(ren)_,1,1,1.000000
Species,childern,1,1,1.000000
Species,children(s)_,1,1,1.000000
Species,childrenEnd,1,1,1.000000
Species,childrenHeBirthed,1,1,1.000000
Species,childrenLink,1,1,1.000000
Species,childrenNames,1,1,1.000000
Species,childrenStart,1,1,1.000000
Species,chinese,1,1,1.000000
Species,chronology,1,1,1.000000
Species,chunom,1,1,1.000000
Species,ciachEnd,1,1,1.000000
Species,cid,1,1,1.000000
Species,cinematography,1,1,1.000000
Species,circumscription,1,1,1.000000
Species,citation,1,1,1.000000
Species,cityposition,1,1,1.000000
Species,civilPartner,1,1,1.000000
Species,civilRegistration,1,1,1.000000
Species,cladus,1,1,1.000000
Species,clapps,1,1,1.000000
Species,clasification,1,1,1.000000
Species,clclub,1,1,1.000000
Species,cleastKerry,1,1,1.000000
Species,client,1,1,1.000000
Species,clip,1,1,1.000000
Species,cljuniorchship,1,1,1.000000
Species,clothing,1,2,0.500000
Species,clprorvince,1,1,1.000000
Species,club(s)_,1,1,1.000000
Species,club1end,1,1,1.000000
Species,club1start,1,1,1.000000
Species,club2end,1,1,1.000000
Species,club2start,1,1,1.000000
Species,club3start,1,1,1.000000
Species,clubcaps,1,1,1.000000
Species,clubLeague,1,1,1.000000
Species,clubNumber,1,1,1.000000
Species,clubs6.,1,2,0.500000
Species,clubs8.,1,1,1.000000
Species,clubsf,1,1,1.000000
Species,clubTeam,1,1,1.000000
Species,clubtitles,1,1,1.000000
Species,clubYears,1,1,1.000000
Species,cnhangul,1,1,1.000000
Species,cnmr,1,1,1.000000
Species,cnrr,1,1,1.000000
Species,coachcount,1,1,1.000000
Species,coachdrawsf,1,1,1.000000
Species,coachdrawsg,1,1,1.000000
Species,coachdrawsh,1,1,1.000000
Species,coachdrawsj,1,1,1.000000
Species,coachdrawsk,1,1,1.000000
Species,coached,1,1,1.000000
Species,coachFor,1,1,1.000000
Species,coachgamesf,1,1,1.000000
Species,coachgamesg,1,1,1.000000
Species,coachgamesh,1,1,1.000000
Species,coachgamesj,1,1,1.000000
Species,coachgamesk,1,1,1.000000
Species,coachingCareerEnd,1,1,1.000000
Species,coachingCareerStart,1,1,1.000000
Species,coachingStart,1,1,1.000000
Species,coachlossesf,1,1,1.000000
Species,coachlossesg,1,1,1.000000
Species,coachlossesh,1,1,1.000000
Species,coachlossesj,1,1,1.000000
Species,coachlossesk,1,1,1.000000
Species,coachOf,1,1,1.000000
Species,coachteamf,1,1,1.000000
Species,coachteamg,1,1,1.000000
Species,coachteamh,1,1,1.000000
Species,coachteamj,1,1,1.000000
Species,coachteamk,1,1,1.000000
Species,coachwinb,1,1,1.000000
Species,coachwinc,1,1,1.000000
Species,coachwind,1,1,1.000000
Species,coachwinsf,1,1,1.000000
Species,coachwinsg,1,1,1.000000
Species,coachwinsh,1,1,1.000000
Species,coachwinsj,1,1,1.000000
Species,coachwinsk,1,1,1.000000
Species,coachyear11end,1,1,1.000000
Species,coachyear12start,1,1,1.000000
Species,coachyeareend,1,1,1.000000
Species,coachyearfend,1,1,1.000000
Species,coachyearfstart,1,1,1.000000
Species,coachyeargend,1,1,1.000000
Species,coachyeargstart,1,1,1.000000
Species,coachyearhend,1,1,1.000000
Species,coachyearhstart,1,1,1.000000
Species,coachyearjend,1,1,1.000000
Species,coachyearjstart,1,1,1.000000
Species,coachyearkstart,1,1,1.000000
Species,coatofarmscaption,1,1,1.000000
Species,coatofarmssize,1,1,1.000000
Species,"coinOfBrajanathSingha,DeFactoRulerOfTheAhomKingdom.IssueDate",1,1,1.000000
Species,col,1,1,1.000000
Species,collages,1,1,1.000000
Species,collection,1,1,1.000000
Species,collegeAttended,1,1,1.000000
Species,collegeCoach,1,1,1.000000
Species,collegehofYear,1,1,1.000000
Species,colorBorder,1,3,0.333333
Species,colorist,1,11,0.090909
Species,colorText,1,4,0.250000
Species,colupdate,1,1,1.000000
Species,combatantsHeader,1,1,1.000000
Species,commandedBy,1,1,1.000000
Species,commas,1,1,1.000000
Species,commonsLink,1,1,1.000000
Species,commonwealthgamesmixeddoublesresult,1,1,1.000000
Species,companies,1,1,1.000000
Species,companyFounded,1,1,1.000000
Species,compete,1,1,1.000000
Species,competencies,1,1,1.000000
Species,competition,1,5,0.200000
Species,competitors,1,1,1.000000
Species,competitorsMen,1,1,1.000000
Species,competitorsWomen,1,1,1.000000
Species,complete,1,1,1.000000
Species,complications,1,1,1.000000
Species,compositeStars,1,2,0.500000
Species,comptroller,1,1,1.000000
Species,comptrollerDate,1,1,1.000000
Species,conditionEffective,1,1,1.000000
Species,conflng,1,1,1.000000
Species,conjoint,1,1,1.000000
Species,connect,1,1,1.000000
Species,consecrationYear,1,1,1.000000
Species,consituency,1,1,1.000000
Species,constituencies,1,1,1.000000
Species,state,1,1,1.000000
Species,constituencyCouncillor,1,1,1.000000
Species,constituencyFormerMp,1,1,1.000000
Species,constituencyType,1,1,1.000000
Species,constiuency,1,1,1.000000
Species,constructor,1,1,1.000000
Species,constructors,1,1,1.000000
Species,contest,1,73,0.013699
Species,contestWeight,1,1,1.000000
Species,continentals,1,1,1.000000
Species,contributedby,1,1,1.000000
Species,controversies,1,1,1.000000
Species,contry,1,1,1.000000
Species,conventionDelegates,1,1,1.000000
Species,conventor,1,1,1.000000
Species,convert,1,2,0.500000
Species,convict,1,1,1.000000
Species,cookbook,1,2,0.500000
Species,cookingStyles,1,1,1.000000
Species,coordinatesDisplay,1,1,1.000000
Species,coRegent,1,1,1.000000
Species,coronoWins,1,1,1.000000
Species,corporate,1,11,0.090909
Species,council,1,1,1.000000
Species,counselors,1,7,0.142857
Species,countriboii,1,1,1.000000
Species,countrycode,1,1,1.000000
Species,countryOfOrigin,1,1,1.000000
Species,countryRepresent,1,1,1.000000
Species,countryType,1,1,1.000000
Species,countyCouncil,1,1,1.000000
Species,countyofbirth,1,1,1.000000
Species,cpation,1,1,1.000000
Species,cps,1,1,1.000000
Species,cpsChiefParliamentarySecretary,1,1,1.000000
Species,cption,1,1,1.000000
Species,cpu,1,4,0.250000
Species,crc,1,1,1.000000
Species,creditsEcriture,1,1,1.000000
Species,creerPosition,1,1,1.000000
Species,crests,1,5,0.200000
Species,criminalRecord,1,1,1.000000
Species,critic,1,2,0.500000
Species,crosses,1,1,1.000000
Species,css,1,1,1.000000
Species,cumLaude,1,1,1.000000
Species,cup1Result,1,1,1.000000
Species,cup2Result,1,1,1.000000
Species,currentAbrahamLincolnHighSchoolFootballCoachNumber,1,1,1.000000
Species,currentAge,1,1,1.000000
Species,currentCoach,1,1,1.000000
Species,currentCommander,1,1,1.000000
Species,currentConviction,1,1,1.000000
Species,currently,1,1,1.000000
Species,currentlyCoaches,1,1,1.000000
Species,currentMinistry,1,1,1.000000
Species,currentOffic,1,1,1.000000
Species,currentranking,1,1,1.000000
Species,currentTeam.,1,1,1.000000
Species,currentTeams,1,1,1.000000
Species,currentTenants,1,1,1.000000
Species,currentUse,1,1,1.000000
Species,currentWorldRanking,1,1,1.000000
Species,currsign,1,1,1.000000
Species,daet,1,1,1.000000
Species,danRank,1,1,1.000000
Species,dataDiMore,1,1,1.000000
Species,dataMax,1,1,1.000000
Species,dataname,1,1,1.000000
Species,dataType,1,1,1.000000
Species,dateAdopted,1,1,1.000000
Species,dateBirth,1,1,1.000000
Species,datecopied,1,1,1.000000
Species,dateDerogated,1,2,0.500000
Species,datee,1,1,1.000000
Species,dateEnd,1,1,1.000000
Species,dateEnteredIntoBrindavanam,1,1,1.000000
Species,dateEvent,1,1,1.000000
Species,dateFounded,1,1,1.000000
Species,dateOfArrest,1,1,1.000000
Species,dateOfChristening,1,1,1.000000
Species,dateOfRelease,1,1,1.000000
Species,datePromulgated,1,2,0.500000
Species,dateSigned,1,1,1.000000
Species,dateStart,1,1,1.000000
Species,daughterInLaw,1,1,1.000000
Species,daughterInLaws,1,1,1.000000
Species,daughterName,1,1,1.000000
Species,daughters,1,1,1.000000
Species,daugther,1,1,1.000000
Species,dead,1,1,1.000000
Species,deadlift,1,1,1.000000
Species,deadLift,1,1,1.000000
Species,deadlink,1,1,1.000000
Species,"death12.september,2012BirthPlace",1,1,1.000000
Species,_,1,1,1.000000
Species,deathDateAndAge,1,1,1.000000
Species,deathManner,1,1,1.000000
Species,deathPlace.,1,1,1.000000
Species,deathPllace,1,1,1.000000
Species,deathReason,1,1,1.000000
Species,debu2tdate,1,1,1.000000
Species,decDraw,1,1,1.000000
Species,decWon,1,1,1.000000
Species,dedicatedTo,1,1,1.000000
Species,defaultWidth,1,1,1.000000
Species,defeated,1,1,1.000000
Species,defenceMinister,1,2,0.500000
Species,defenseMinister,1,1,1.000000
Species,degrees,1,1,1.000000
Species,delegateToTheFederalConventionFromMassachussetts,1,1,1.000000
Species,delhiAddress,1,1,1.000000
Species,dennisBondCheeseKidStars,1,1,1.000000
Species,deputies,1,1,1.000000
Species,deputyChairmanSenate,1,1,1.000000
Species,deputyMarshalOfTheSenate,1,1,1.000000
Species,deputymayor,1,1,1.000000
Species,deputyMinisterFrom,1,1,1.000000
Species,deputyOf,1,1,1.000000
Species,deputyOfMinister,1,1,1.000000
Species,deputyPrimeminister,1,1,1.000000
Species,deputyspeaker,1,1,1.000000
Species,designatedOther1Number,1,1,1.000000
Species,designatedOther1NumPosition,1,1,1.000000
Species,designatedOther1Textcolor,1,1,1.000000
Species,designatedOther2Abbr,1,1,1.000000
Species,designatedOther2Color,1,1,1.000000
Species,designatedOther2Date,1,1,1.000000
Species,designatedOther2Link,1,1,1.000000
Species,designatedOther2Name,1,1,1.000000
Species,designation1Free1name,1,7,0.142857
Species,després,1,1,1.000000
Species,developed,1,1,1.000000
Species,big%3E%3CdivAlign,1,1,1.000000
Species,device,1,1,1.000000
Species,dfens,1,1,1.000000
Species,dialecto,1,1,1.000000
Species,diameterMetric,1,1,1.000000
Species,dictator,1,1,1.000000
Species,die,1,1,1.000000
Species,diedOn,1,1,1.000000
Species,diet,1,1,1.000000
Species,differentNext,1,1,1.000000
Species,difficulty,1,1,1.000000
Species,dim,1,1,1.000000
Species,dioceses,1,5,0.200000
Species,dir,1,2,0.500000
Species,direct,1,1,1.000000
Species,directionA,1,3,0.333333
Species,directionB,1,3,0.333333
Species,directorOfStateOperations,1,1,1.000000
Species,directorOfStateOperationsEnd,1,1,1.000000
Species,directorOfStateOperationsStart,1,1,1.000000
Species,directors,1,1,1.000000
Species,discontinued,1,1,1.000000
Species,discovered,1,1,1.000000
Species,diseasesdb,1,1,1.000000
Species,displayName,1,1,1.000000
Species,displaySupp,1,1,1.000000
Species,dissenting,1,1,1.000000
Species,dissertation,1,1,1.000000
Species,dissertationTitle,1,1,1.000000
Species,dissertationYear,1,1,1.000000
Species,distance(s)_,1,1,1.000000
Species,districtLabel,1,3,0.333333
Species,divisioAuthority,1,1,1.000000
Species,divorce,1,1,1.000000
Species,dlang,1,1,1.000000
Species,dm,1,1,1.000000
Species,dmNat,1,1,1.000000
Species,dob,1,1,1.000000
Species,docket,1,1,1.000000
Species,doctoralStudent(s)_,1,1,1.000000
Species,documentary,1,1,1.000000
Species,dog,1,1,1.000000
Species,dogsName,1,1,1.000000
Species,domesticyears,1,1,1.000000
Species,dominantHand,1,1,1.000000
Species,dominantSport,1,1,1.000000
Species,donald(flashWwii)Gordon,1,1,1.000000
Species,dq,1,3,0.333333
Species,drafted,1,2,0.500000
Species,draftPosition,1,1,1.000000
Species,dressSize,1,1,1.000000
Species,državaRođenja,1,1,1.000000
Species,duckfaceSport,1,1,1.000000
Species,duplicateNativeName,1,1,1.000000
Species,duplicateOffice,1,1,1.000000
Species,duplicateTermEnd,1,1,1.000000
Species,duplicateTermStart,1,1,1.000000
Species,dutchDartsMasters,1,1,1.000000
Species,dutchTtContested,1,1,1.000000
Species,dutchTtWins,1,1,1.000000
Species,dynastyname,1,1,1.000000
Species,ebooksg,1,1,1.000000
Species,eco,1,1,1.000000
Species,edate,1,1,1.000000
Species,editing,1,1,1.000000
Species,editor2First,1,1,1.000000
Species,editor2Last,1,1,1.000000
Species,editorLink,1,1,1.000000
Species,educate,1,1,1.000000
Species,educationAlmaMata,1,1,1.000000
Species,educationDegree,1,1,1.000000
Species,educationPlace,1,1,1.000000
Species,educationQualification,1,1,1.000000
Species,educationStatus,1,1,1.000000
Species,eissn,1,1,1.000000
Species,elderSon,1,1,1.000000
Species,electedMemberFor,1,1,1.000000
Species,electedMemberSince,1,1,1.000000
Species,electedOffice,1,1,1.000000
Species,electedTerm,1,1,1.000000
Species,electionsDab,1,1,1.000000
Species,electricMotor,1,1,1.000000
Species,electricMotorPosition,1,1,1.000000
Species,electsHowmany,1,2,0.500000
Species,eliteprospects,1,1,1.000000
Species,elPaso,1,1,1.000000
Species,embedded,1,1,1.000000
Species,emedicinesubj,1,1,1.000000
Species,emedicinetopic,1,1,1.000000
Species,empasB,1,1,1.000000
Species,empasK,1,1,1.000000
Species,employees,1,1,1.000000
Species,employment,1,1,1.000000
Species,employmentField,1,1,1.000000
Species,endtheme,1,1,1.000000
Species,endyearS,1,1,1.000000
Species,engaged,1,1,1.000000
Species,engineer,1,1,1.000000
Species,englishNames,1,1,1.000000
Species,environment,1,1,1.000000
Species,environmentParty,1,1,1.000000
Species,environmentStart,1,1,1.000000
Species,eponymousSkills,1,1,1.000000
Species,eps,1,1,1.000000
Species,epsnArchivedate,1,2,0.500000
Species,eptMainEventMoneyFinishes,1,1,1.000000
Species,equipmentLabel,1,1,1.000000
Species,er,1,47,0.021277
Species,erdosNumber,1,1,1.000000
Species,erdősNumber,1,1,1.000000
Species,ermEnd,1,1,1.000000
Species,ermStart,1,1,1.000000
Species,escudo,1,1,1.000000
Species,espnArchiveUrl,1,1,1.000000
Species,espnRating,1,1,1.000000
Species,espnStatrs,1,1,1.000000
Species,esuctcheon,1,1,1.000000
Species,ethnic,1,1,1.000000
Species,etymology,1,1,1.000000
Species,eurohockey,1,1,1.000000
Species,euromast,1,1,1.000000
Species,euroopen,1,1,1.000000
Species,europeanSingles,1,1,1.000000
Species,eventEnd,1,1,1.000000
Species,eventName,1,1,1.000000
Species,eventStart,1,1,1.000000
Species,evFootnote,1,1,1.000000
Species,ewcChampionships,1,1,1.000000
Species,ewcFastestLaps,1,1,1.000000
Species,ewcPoles,1,1,1.000000
Species,ewcRaceStarts,1,1,1.000000
Species,ewcRaceWins,1,1,1.000000
Species,executedBy,1,1,1.000000
Species,exemplar(s)_,1,1,1.000000
Species,expdraftedyear,1,4,0.250000
Species,expensesYear,1,1,1.000000
Species,expertise,1,1,1.000000
Species,externalUrl,1,1,1.000000
Species,extinct,1,1,1.000000
Species,extraCredits,1,1,1.000000
Species,exWife,1,1,1.000000
Species,facadeDirection,1,1,1.000000
Species,faculty,1,1,1.000000
Species,faith,1,1,1.000000
Species,familyBackground,1,1,1.000000
Species,familyHouse,1,1,1.000000
Species,familyInformation,1,1,1.000000
Species,familymember,1,1,1.000000
Species,familySeat,1,1,1.000000
Species,fan(s)_,1,1,1.000000
Species,fasiscle,1,1,1.000000
Species,father’sName,1,1,1.000000
Species,fathers,1,1,1.000000
Species,favoriteWaves,1,1,1.000000
Species,favouriteDaughtersOldestSon,1,1,1.000000
Species,favouriteTeacher,1,1,1.000000
Species,fb,1,1,1.000000
Species,fball,1,1,1.000000
Species,feastDate,1,1,1.000000
Species,featuring,1,1,1.000000
Species,federalRiding,1,1,1.000000
Species,fewerLinks,1,1,1.000000
Species,fffff,1,1,1.000000
Species,ffffm,1,1,1.000000
Species,fffmf,1,1,1.000000
Species,fffmm,1,1,1.000000
Species,ffmff,1,1,1.000000
Species,ffmfm,1,1,1.000000
Species,ffmmf,1,1,1.000000
Species,ffmmm,1,1,1.000000
Species,fiancé,1,1,1.000000
Species,fibaHofOfficial,1,1,1.000000
Species,fieldgoalsg,1,30,0.033333
Species,fieldgoalsh,1,3,0.333333
Species,fieRanking,1,1,1.000000
Species,fifaMax,1,1,1.000000
Species,fifaMaxDate,1,1,1.000000
Species,fifaMin,1,1,1.000000
Species,fifaMinDate,1,1,1.000000
Species,fights,1,1,1.000000
Species,file,1,1,1.000000
Species,filesize,1,1,1.000000
Species,filmAndTelevision,1,1,1.000000
Species,filmfaren,1,1,1.000000
Species,finalcity,1,1,1.000000
Species,finalvenue,1,1,1.000000
Species,findAGrave,1,1,1.000000
Species,finderMasters,1,1,1.000000
Species,fineArt,1,1,1.000000
Species,finisher​_,1,1,1.000000
Species,firmType,1,1,1.000000
Species,firstAppearanceToTheNationalTeam,1,1,1.000000
Species,firstCompeted,1,1,1.000000
Species,firstDashWin,1,1,1.000000
Species,firstdate,1,1,1.000000
Species,firsticon,1,1,1.000000
Species,firstInduction,1,1,1.000000
Species,firstManxGpWin,1,1,1.000000
Species,firstMinister,1,1,1.000000
Species,firstMonarch,1,1,1.000000
Species,firstProShow,1,1,1.000000
Species,firstProShowYear,1,1,1.000000
Species,firstshow,1,1,1.000000
Species,firstshowyear,1,1,1.000000
Species,fishbolid,1,1,1.000000
Species,fitnessCoach,1,1,1.000000
Species,flagP,1,1,1.000000
Species,flagS,1,1,1.000000
Species,flagTemplate,1,1,1.000000
Species,flagvar,1,6,0.166667
Species,flagYear,1,2,0.500000
Species,flightier,1,1,1.000000
Species,flin,1,1,1.000000
Species,float2Width,1,1,1.000000
Species,float3Width,1,1,1.000000
Species,float4Width,1,1,1.000000
Species,float5Width,1,1,1.000000
Species,float6Width,1,1,1.000000
Species,fmfff,1,1,1.000000
Species,fmffm,1,1,1.000000
Species,fmfmf,1,1,1.000000
Species,fmfmm,1,1,1.000000
Species,fmmff,1,1,1.000000
Species,fmmfm,1,1,1.000000
Species,fmmmf,1,1,1.000000
Species,fmmmm,1,1,1.000000
Species,followed,1,1,1.000000
Species,followersDate,1,1,1.000000
Species,font,1,1,1.000000
Species,foodType,1,1,1.000000
Species,footMontage,1,1,1.000000
Species,forcebox,1,1,1.000000
Species,foreignminister,1,1,1.000000
Species,foreignPolicyOfMajorPowersDate,1,1,1.000000
Species,former,1,1,1.000000
Species,formerClub,1,1,1.000000
Species,formerCoach,1,1,1.000000
Species,formerMembers,1,1,1.000000
Species,formerMinister,1,1,1.000000
Species,formerNallTeams,1,1,1.000000
Species,formerNames,1,1,1.000000
Species,formerOffice,1,1,1.000000
Species,formerPartner(s)_,1,1,1.000000
Species,formerPoliticalAlliance,1,1,1.000000
Species,formerProfession,1,1,1.000000
Species,formerRestaurant(s)_,1,1,1.000000
Species,formerRestaurants,1,1,1.000000
Species,formerteammate,1,1,1.000000
Species,formerWeightClass,1,1,1.000000
Species,fossilworks,1,1,1.000000
Species,foundedPlace,1,1,1.000000
Species,founding,1,1,1.000000
Species,foundry,1,1,1.000000
Species,frame,1,11,0.090909
Species,frase,1,1,1.000000
Species,frédéricEtsouNzabiBamungwabiDipstyle,1,1,1.000000
Species,free,1,2,0.500000
Species,freemason,1,1,1.000000
Species,freeTournamentData,1,1,1.000000
Species,friend,1,1,1.000000
Species,fromThisSource,1,3,0.333333
Species,frontDownshift,1,1,1.000000
Species,frontFilename,1,1,1.000000
Species,frontHeight,1,1,1.000000
Species,frontSquat,1,1,1.000000
Species,fructose,1,1,1.000000
Species,fullanme,1,1,1.000000
Species,fullnsme,1,1,1.000000
Species,fullscreenOption,1,2,0.500000
Species,function,1,1,1.000000
Species,functionalStatus,1,1,1.000000
Species,funeralPlace,1,1,1.000000
Species,fusiongenres,1,1,1.000000
Species,g,1,1,1.000000
Species,gaelicNames,1,1,1.000000
Species,gamesLink,1,1,1.000000
Species,gan,1,1,1.000000
Species,general,1,1,1.000000
Species,generalManager,1,1,1.000000
Species,generalmanager1start,1,1,1.000000
Species,generalmanager1team,1,1,1.000000
Species,germanOpen,1,1,1.000000
Species,gGchildren,1,1,1.000000
Species,givenfor,1,1,1.000000
Species,glucose,1,1,1.000000
Species,goalscorers,1,1,1.000000
Species,goggles,1,1,1.000000
Species,goldenTranslation,1,1,1.000000
Species,goldGer,1,1,1.000000
Species,goldSar,1,1,1.000000
Species,goldUsa,1,1,1.000000
Species,goody'sDashTopTens,1,1,1.000000
Species,goody'sDashWins,1,1,1.000000
Species,gospel,1,1,1.000000
Species,governingMayor,1,1,1.000000
Species,governorgeneral,1,1,1.000000
Species,grades,1,1,1.000000
Species,graduatedHighSchool,1,1,1.000000
Species,graduation,1,1,1.000000
Species,grandchildern,1,1,1.000000
Species,grandchildren.,1,1,1.000000
Species,grandchildrens,1,1,1.000000
Species,granddaughter,1,1,1.000000
Species,grandDaughter,1,1,1.000000
Species,granddaughters,1,1,1.000000
Species,grandFather,1,1,1.000000
Species,grandparentAuthority,1,1,1.000000
Species,grandson.l,1,1,1.000000
Species,grandsonName,1,1,1.000000
Species,granTan%5DBirthPlace,1,1,1.000000
Species,graphicDesigner,1,1,1.000000
Species,grayshirt,1,3,0.333333
Species,greatGrandchild,1,1,1.000000
Species,greatGrandChildren,1,1,1.000000
Species,greatgrandparentAuthority,1,1,1.000000
Species,greatGrandson,1,1,1.000000
Species,greatNephew,1,1,1.000000
Species,greekExpandedTitle,1,1,1.000000
Species,groundbreaking,1,1,1.000000
Species,guests,1,1,1.000000
Species,guidance,1,1,1.000000
Species,guide,1,1,1.000000
Species,gurus,1,1,1.000000
Species,hadedness,1,1,1.000000
Species,haircoluor,1,1,1.000000
Species,haja,1,1,1.000000
Species,hak,1,1,1.000000
Species,hancha,1,1,1.000000
Species,hanguk,1,1,1.000000
Species,hanjaa,1,1,1.000000
Species,hanjiborn,1,1,1.000000
Species,hanjicourtesy,1,1,1.000000
Species,hanjipen,1,1,1.000000
Species,hardness,1,1,1.000000
Species,hatchDate,1,1,1.000000
Species,hatchName,1,1,1.000000
Species,hbkg,1,1,1.000000
Species,head2Title,1,1,1.000000
Species,headChef,1,1,1.000000
Species,headerColor,1,1,1.000000
Species,headercoor,1,1,1.000000
Species,headerHorizontal,1,2,0.500000
Species,headerVotes,1,1,1.000000
Species,headingstyle,1,1,1.000000
Species,headOfParliament,1,1,1.000000
Species,headOfState,1,1,1.000000
Species,headshot,1,1,1.000000
Species,headTitle,1,1,1.000000
Species,heat,1,1,1.000000
Species,heighIn,1,1,1.000000
Species,height(m)_,1,1,1.000000
Species,height5’_,1,1,1.000000
Species,heightInches,1,1,1.000000
Species,heightOrder,1,12,0.083333
Species,heightWeight,1,1,1.000000
Species,heirlooms,1,1,1.000000
Species,helmet,1,1,1.000000
Species,hiddencols,1,1,1.000000
Species,hidelegend,1,4,0.250000
Species,hidenote,1,1,1.000000
Species,hidepartycol,1,1,1.000000
Species,hiderefcol,1,1,1.000000
Species,hideStatistics,1,1,1.000000
Species,highcommisionnerFrom,1,1,1.000000
Species,highestAttendance,1,1,1.000000
Species,highestboulder,1,1,1.000000
Species,highestDoublesranking,1,1,1.000000
Species,highestJuniorRanking,1,1,1.000000
Species,highestNationalRanking,1,1,1.000000
Species,highestranking(iam)_,1,1,1.000000
Species,highestWorldSeries,1,1,1.000000
Species,highlihts,1,1,1.000000
Species,hight,1,1,1.000000
Species,hijriDateOfBirth,1,1,1.000000
Species,hisElderSon,1,1,1.000000
Species,holding,1,1,1.000000
Species,holidayAlbums,1,1,1.000000
Species,holidayName,1,1,1.000000
Species,home1player,1,1,1.000000
Species,home1pos,1,1,1.000000
Species,home2player,1,1,1.000000
Species,homeCountry,1,1,1.000000
Species,homeDistrict,1,1,1.000000
Species,homeman,1,1,1.000000
Species,homemannat,1,1,1.000000
Species,homeStadium,1,1,1.000000
Species,hometeam,1,1,1.000000
Species,homicideCommandingOfficer,1,1,1.000000
Species,hompage,1,1,1.000000
Species,honoraryPrefix,1,1,1.000000
Species,honorific,1,1,1.000000
Species,honorificSUffix,1,1,1.000000
Species,honorifixPrefix,1,1,1.000000
Species,honorrificPrefix,1,1,1.000000
Species,honoursAndDecorations,1,1,1.000000
Species,horusTranslation,1,1,1.000000
Species,hotels,1,1,1.000000
Species,housedAt,1,1,1.000000
Species,howto,1,3,0.333333
Species,hptFinalTables,1,1,1.000000
Species,hptMoneyFinishes,1,1,1.000000
Species,hqCity,1,1,1.000000
Species,hurlingCode,1,1,1.000000
Species,iamgeSize,1,1,1.000000
Species,icallirekandJunior,1,1,1.000000
Species,icapps,1,1,1.000000
Species,icdebut,1,1,1.000000
Species,icon,1,3,0.333333
Species,icprovinced,1,1,1.000000
Species,idol,1,1,1.000000
Species,ifrachampion,1,1,1.000000
Species,ig,1,1,1.000000
Species,iifan,1,1,1.000000
Species,iifaw,1,1,1.000000
Species,image2.,1,1,1.000000
Species,image2Size,1,2,0.500000
Species,imagealt,1,1,1.000000
Species,imageArms,1,1,1.000000
Species,imageBadge,1,1,1.000000
Species,imagecaption,1,1,1.000000
Species,imageDescription,1,1,1.000000
Species,imageHeight,1,1,1.000000
Species,imageMapCaption,1,1,1.000000
Species,imageNameAlt,1,1,1.000000
Species,imageNeeded,1,2,0.500000
Species,imagEsize,1,1,1.000000
Species,imagestyle,1,1,1.000000
Species,imagetext,1,1,1.000000
Species,imagSize,1,1,1.000000
Species,imasge,1,1,1.000000
Species,img,1,1,1.000000
Species,imgcaption,1,1,1.000000
Species,imgGap,1,3,0.333333
Species,imperialUnit,1,20,0.050000
Species,inauguralHolder,1,1,1.000000
Species,inaugurationDate,1,1,1.000000
Species,inbr,1,1,1.000000
Species,inc,1,2,0.500000
Species,includeFootnote,1,22,0.045455
Species,incumbentSince,1,1,1.000000
Species,indef,1,3,0.333333
Species,indexfungorum,1,1,1.000000
Species,indianaStateHouseOfRepresentatives,1,1,1.000000
Species,indianRanking,1,1,1.000000
Species,inf,1,1,1.000000
Species,infraclassisAuthority,1,1,1.000000
Species,infraordoAuthority,1,1,1.000000
Species,inhalt,1,1,1.000000
Species,initiatedLabel,1,4,0.250000
Species,innerParty,1,1,1.000000
Species,innerPercent,1,1,1.000000
Species,inoffice,1,1,1.000000
Species,inprisoned,1,1,1.000000
Species,inquiries,1,1,1.000000
Species,inService,1,1,1.000000
Species,inspiredBy,1,1,1.000000
Species,instructors,1,1,1.000000
Species,instuition,1,1,1.000000
Species,interest,1,1,1.000000
Species,internationalAppearences,1,1,1.000000
Species,internationalDartsLeague,1,1,1.000000
Species,internationalSuperbikeWins,1,1,1.000000
Species,internationalSupersportWins,1,1,1.000000
Species,internetAlbums,1,1,1.000000
Species,introduced,1,1,1.000000
Species,iptTitles,1,1,1.000000
Species,ircamName,1,1,1.000000
Species,irelandcaps,1,1,1.000000
Species,irishname,1,1,1.000000
Species,irishRaceWins,1,1,1.000000
Species,irn,1,1,1.000000
Species,ironmanHawaiiPb,1,1,1.000000
Species,ironmanWorldChampionships,1,1,1.000000
Species,is,1,1,1.000000
Species,isccname,1,1,1.000000
Species,isdtAwards,1,1,1.000000
Species,isim,1,1,1.000000
Species,isleOfManMasters,1,1,1.000000
Species,isleOfManTtContested,1,1,1.000000
Species,isln,1,1,1.000000
Species,isMissile,1,1,1.000000
Species,iso3166code,1,1,1.000000
Species,issu,1,1,1.000000
Species,it,1,8,0.125000
Species,italic,1,4,0.250000
Species,italoDeZantopic,1,1,1.000000
Species,japan,1,1,1.000000
Species,jerseynumbers,1,1,1.000000
Species,jptitles,1,5,0.200000
Species,junior,1,53,0.018868
Species,juniorAppearances,1,1,1.000000
Species,juniorHighSchool,1,1,1.000000
Species,jurisdiction,1,1,1.000000
Species,justiceSecretary,1,1,1.000000
Species,jv,1,1,1.000000
Species,jvLatn,1,1,1.000000
Species,kannada,1,1,1.000000
Species,karaoke,1,1,1.000000
Species,karmicName,1,1,1.000000
Species,kaw,1,1,1.000000
Species,kazakhName,1,1,1.000000
Species,kboxNc,1,1,1.000000
Species,kh,1,1,1.000000
Species,thaiboxing,1,1,1.000000
Species,kickboxingdecwins,1,1,1.000000
Species,kickboxingDecwins,1,1,1.000000
Species,kickboxTkoloss,1,1,1.000000
Species,kid,1,1,1.000000
Species,known.For,1,1,1.000000
Species,knownAs,1,1,1.000000
Species,knownUs,1,1,1.000000
Species,tko,1,1,1.000000
Species,koreanname,1,1,1.000000
Species,koWon,1,1,1.000000
Species,kunyaAr,1,1,1.000000
Species,kyokushin,1,1,1.000000
Species,label10Size,1,1,1.000000
Species,label11Size,1,1,1.000000
Species,label12Size,1,1,1.000000
Species,label13Size,1,1,1.000000
Species,label14Size,1,1,1.000000
Species,label15Size,1,1,1.000000
Species,label16Size,1,1,1.000000
Species,label17Size,1,1,1.000000
Species,label18Size,1,1,1.000000
Species,label19Size,1,1,1.000000
Species,label1Width,1,1,1.000000
Species,label20Size,1,1,1.000000
Species,label21Size,1,1,1.000000
Species,label22Size,1,1,1.000000
Species,label23Size,1,1,1.000000
Species,label24Size,1,1,1.000000
Species,label25Size,1,1,1.000000
Species,label26Size,1,1,1.000000
Species,label27Size,1,1,1.000000
Species,label28Size,1,1,1.000000
Species,label29Size,1,1,1.000000
Species,label30Size,1,1,1.000000
Species,label31Size,1,1,1.000000
Species,label32Size,1,1,1.000000
Species,label33Size,1,1,1.000000
Species,label34Size,1,1,1.000000
Species,label35Size,1,1,1.000000
Species,label36Size,1,1,1.000000
Species,label37Size,1,1,1.000000
Species,label38Size,1,1,1.000000
Species,label39Size,1,1,1.000000
Species,label3Width,1,1,1.000000
Species,label40Size,1,1,1.000000
Species,label41Size,1,1,1.000000
Species,label42Size,1,1,1.000000
Species,label43Size,1,1,1.000000
Species,label44Size,1,1,1.000000
Species,label45Size,1,1,1.000000
Species,label46Size,1,1,1.000000
Species,label47Size,1,1,1.000000
Species,label48Size,1,1,1.000000
Species,label49Size,1,1,1.000000
Species,label50Size,1,1,1.000000
Species,label51Size,1,1,1.000000
Species,label52Size,1,1,1.000000
Species,label53Size,1,1,1.000000
Species,label54Size,1,1,1.000000
Species,label55Size,1,1,1.000000
Species,label8Size,1,1,1.000000
Species,labelOffsetXd,1,4,0.250000
Species,labelOffsetYd,1,4,0.250000
Species,labelPosd,1,4,0.250000
Species,labelPost,1,1,1.000000
Species,labelSized,1,4,0.250000
Species,labelType,1,1,1.000000
Species,labWebsite,1,1,1.000000
Species,lanels,1,1,1.000000
Species,langVi,1,1,1.000000
Species,laps,1,1,1.000000
Species,laptops,1,5,0.200000
Species,lastConvWin,1,6,0.166667
Species,lastCupArace,1,1,1.000000
Species,lastJersyNumber,1,1,1.000000
Species,lastLightsRace,1,2,0.500000
Species,lastLightsWin,1,2,0.500000
Species,lastManxGpWin,1,1,1.000000
Species,lastMonarch,1,1,1.000000
Species,lat10Min,1,1,1.000000
Species,lat12Min,1,1,1.000000
Species,lat15Deg,1,1,1.000000
Species,lat16Deg,1,1,1.000000
Species,lat17Deg,1,1,1.000000
Species,lat18Deg,1,1,1.000000
Species,lat19Deg,1,1,1.000000
Species,lat5Dir,1,3,0.333333
Species,lat5Sec,1,2,0.500000
Species,lat9Min,1,1,1.000000
Species,latesGranddaughter,1,1,1.000000
Species,lawsapplied,1,1,1.000000
Species,lawSchool,1,1,1.000000
Species,lawSchoolAttended,1,1,1.000000
Species,layountMan,1,1,1.000000
Species,lbl,1,1,1.000000
Species,lcfNat,1,1,1.000000
Species,leader1Name,1,1,1.000000
Species,leader1Title,1,1,1.000000
Species,leagueResult,1,1,1.000000
Species,leboneseFriend,1,1,1.000000
Species,leftMargin,1,1,1.000000
Species,leftPadding,1,1,1.000000
Species,legend1start,1,1,1.000000
Species,legend1title,1,1,1.000000
Species,legendbox,1,1,1.000000
Species,legReachIn,1,1,1.000000
Species,lengthImperial,1,1,1.000000
Species,lengthMi,1,1,1.000000
Species,lengthTrack,1,1,1.000000
Species,lengthy,1,5,0.200000
Species,leSkratch,1,1,1.000000
Species,lesserCaption,1,12,0.083333
Species,lesserWidth,1,12,0.083333
Species,letterer,1,10,0.100000
Species,lettering,1,1,1.000000
Species,letterToTheAuthor,1,1,1.000000
Species,leutenant,1,1,1.000000
Species,lh,1,1,1.000000
Species,lhasa,1,1,1.000000
Species,licensedisbn,1,1,1.000000
Species,lifemate,1,1,1.000000
Species,limit,1,1,1.000000
Species,linerNotes,1,1,1.000000
Species,linerNoteTranslation,1,1,1.000000
Species,link1Name,1,1,1.000000
Species,linkTitle,1,1,1.000000
Species,list1name,1,1,1.000000
Species,list2title,1,1,1.000000
Species,list3title,1,1,1.000000
Species,list4title,1,1,1.000000
Species,list5title,1,1,1.000000
Species,listas,1,1,1.000000
Species,listed,1,2,0.500000
Species,listType,1,1,1.000000
Species,listWinner,1,1,1.000000
Species,literaryMovement,1,1,1.000000
Species,livePokerEarnings,1,1,1.000000
Species,livery,1,1,1.000000
Species,llc,1,1,1.000000
Species,lm,1,1,1.000000
Species,lmNat,1,1,1.000000
Species,localGovernment,1,1,1.000000
Species,locationSigned,1,1,1.000000
Species,logLift,1,1,1.000000
Species,lokayuktaOfAndhraPradeshAndTelangana,1,1,1.000000
Species,lon10Min,1,1,1.000000
Species,lon12Min,1,1,1.000000
Species,lon15Deg,1,1,1.000000
Species,lon16Deg,1,1,1.000000
Species,lon17Deg,1,1,1.000000
Species,lon18Deg,1,1,1.000000
Species,lon19Deg,1,1,1.000000
Species,lon5Sec,1,2,0.500000
Species,lon9Min,1,1,1.000000
Species,longside,1,1,1.000000
Species,los8t,1,1,1.000000
Species,loyalty,1,1,1.000000
Species,ltgovernor,1,1,1.000000
Species,lugarnac,1,1,1.000000
Species,lutein+ZeaxanthinUg,1,1,1.000000
Species,lwNat,1,1,1.000000
Species,mahasamadi,1,1,1.000000
Species,mainClan,1,1,1.000000
Species,mainImage,1,1,1.000000
Species,mainImageCaption,1,1,1.000000
Species,mainWorks,1,1,1.000000
Species,majorAwards,1,1,1.000000
Species,majorityLeader,1,1,1.000000
Species,makeA,1,1,1.000000
Species,malay,1,1,1.000000
Species,maltaOpen,1,1,1.000000
Species,managerties,1,1,1.000000
Species,mandateperiod,1,1,1.000000
Species,manxGpActiveYears,1,1,1.000000
Species,manxGpContested,1,1,1.000000
Species,manxGpWins,1,1,1.000000
Species,many,1,3,0.333333
Species,mapDotLabel,1,1,1.000000
Species,mapDotMark,1,1,1.000000
Species,mapImage,1,1,1.000000
Species,mark10size,1,1,1.000000
Species,mark11size,1,1,1.000000
Species,mark12size,1,1,1.000000
Species,mark13size,1,1,1.000000
Species,mark14size,1,1,1.000000
Species,mark15size,1,1,1.000000
Species,mark16size,1,1,1.000000
Species,mark17size,1,1,1.000000
Species,mark18size,1,1,1.000000
Species,mark19size,1,1,1.000000
Species,mark20size,1,1,1.000000
Species,mark21size,1,1,1.000000
Species,mark22size,1,1,1.000000
Species,mark23size,1,1,1.000000
Species,mark24size,1,1,1.000000
Species,mark25size,1,1,1.000000
Species,mark26size,1,1,1.000000
Species,mark27size,1,1,1.000000
Species,mark28size,1,1,1.000000
Species,mark29size,1,1,1.000000
Species,mark30size,1,1,1.000000
Species,mark31size,1,1,1.000000
Species,mark32size,1,1,1.000000
Species,mark33size,1,1,1.000000
Species,mark34size,1,1,1.000000
Species,mark35size,1,1,1.000000
Species,mark36size,1,1,1.000000
Species,mark37size,1,1,1.000000
Species,mark38size,1,1,1.000000
Species,mark39size,1,1,1.000000
Species,mark40size,1,1,1.000000
Species,mark41size,1,1,1.000000
Species,mark42size,1,1,1.000000
Species,mark43size,1,1,1.000000
Species,mark44size,1,1,1.000000
Species,mark45size,1,1,1.000000
Species,mark46size,1,1,1.000000
Species,mark47size,1,1,1.000000
Species,mark48size,1,1,1.000000
Species,mark49size,1,1,1.000000
Species,mark50size,1,1,1.000000
Species,mark51size,1,1,1.000000
Species,mark52size,1,1,1.000000
Species,mark53size,1,1,1.000000
Species,mark54size,1,1,1.000000
Species,mark55size,1,1,1.000000
Species,mark8size,1,1,1.000000
Species,mark9size,1,1,1.000000
Species,markCoord,1,1,1.000000
Species,markets,1,1,1.000000
Species,marriage,1,1,1.000000
Species,marriageDate,1,1,1.000000
Species,married.,1,1,1.000000
Species,martydom,1,1,1.000000
Species,master'sAdvisor,1,1,1.000000
Species,master'sTitles,1,1,1.000000
Species,materialArt,1,1,1.000000
Species,maxlink,1,3,0.333333
Species,mccunereischauer,1,1,1.000000
Species,mcgrathCup,1,1,1.000000
Species,meaning,1,1,1.000000
Species,medallistaOlimpico,1,1,1.000000
Species,medalsTitle,1,91,0.010989
Species,medalUpright,1,1,1.000000
Species,melbourneDartsMasters,1,1,1.000000
Species,melody,1,1,1.000000
Species,memberOfTheFollowingParliament,1,1,1.000000
Species,membershipYear,1,1,1.000000
Species,membersLabel,1,3,0.333333
Species,memorial,1,1,1.000000
Species,mentor,1,1,1.000000
Species,mentors,1,1,1.000000
Species,meshid,1,1,1.000000
Species,meteorn,1,1,1.000000
Species,meteorw,1,1,1.000000
Species,mffff,1,1,1.000000
Species,mfffm,1,1,1.000000
Species,mffmf,1,1,1.000000
Species,mffmm,1,1,1.000000
Species,mfmff,1,1,1.000000
Species,mfmfm,1,1,1.000000
Species,mfmmf,1,1,1.000000
Species,mfmmm,1,1,1.000000
Species,mgpContested,1,1,1.000000
Species,micallireland,1,1,1.000000
Species,mickname,1,1,1.000000
Species,microbe,1,155,0.006452
Species,middle,1,1,1.000000
Species,middlename,1,1,1.000000
Species,middleSchool,1,1,1.000000
Species,middleWidth,1,12,0.083333
Species,midfieldCounty,1,1,1.000000
Species,military,1,1,1.000000
Species,militaryRankAndSerialNumber,1,1,1.000000
Species,mini,1,32,0.031250
Species,miniaturePainting,1,1,1.000000
Species,miniFile,1,2,0.500000
Species,minipogGx,1,1,1.000000
Species,minipogGy,1,1,1.000000
Species,minipogX,1,1,1.000000
Species,minipogY,1,1,1.000000
Species,minister2Party,1,1,1.000000
Species,minister3Party,1,1,1.000000
Species,minister4Party,1,1,1.000000
Species,ministery,1,1,1.000000
Species,minor,1,1,1.000000
Species,minorityFloorLeader,1,1,1.000000
Species,minWidth,1,1,1.000000
Species,mireiaPapudate,1,1,1.000000
Species,missUniverseAndMissWorld,1,1,1.000000
Species,mixedBy,1,1,1.000000
Species,mmaCounty,1,1,1.000000
Species,mmadqwins,1,2,0.500000
Species,mmadraws,1,1,1.000000
Species,mmancs,1,2,0.500000
Species,mmaotherwins,1,1,1.000000
Species,mmaPosition,1,1,1.000000
Species,mmaTkoloss,1,1,1.000000
Species,mmaTotal,1,1,1.000000
Species,mmfff,1,1,1.000000
Species,mmffm,1,1,1.000000
Species,mmfmf,1,1,1.000000
Species,mmfmm,1,1,1.000000
Species,mmmaOtherwin,1,1,1.000000
Species,mmmff,1,1,1.000000
Species,mmmfm,1,1,1.000000
Species,mmmmf,1,1,1.000000
Species,mmmmm,1,1,1.000000
Species,mn,1,1,1.000000
Species,mna,1,1,1.000000
Species,mncA,1,1,1.000000
Species,modes,1,1,1.000000
Species,mohamedAbdullahiFarmaajo,1,1,1.000000
Species,moiseMbiye,1,1,1.000000
Species,mongolianCyrillic,1,1,1.000000
Species,mongolianTraditionalScript,1,1,1.000000
Species,monogram,1,1,1.000000
Species,monthAndYear,1,1,1.000000
Species,mostCaps,1,1,1.000000
Species,mostCashes2010Wsop,1,1,1.000000
Species,mostrecent,1,1,1.000000
Species,mostRecentTeam,1,1,1.000000
Species,mother'sName,1,1,1.000000
Species,mothername,1,1,1.000000
Species,mothsEatenLiveOnStream,1,1,1.000000
Species,motoamericaActiveYears,1,1,1.000000
Species,motoamericaFastestLaps,1,1,1.000000
Species,motoamericaManufaturer,1,1,1.000000
Species,motoamericaPodiums,1,1,1.000000
Species,motoamericaPoles,1,1,1.000000
Species,motoamericaRaceWins,1,1,1.000000
Species,motoamericaStarts,1,1,1.000000
Species,motoeTeams,1,1,1.000000
Species,motoGpraceWins,1,1,1.000000
Species,mottoes,1,1,1.000000
Species,moves,1,1,1.000000
Species,movie,1,1,1.000000
Species,mtvvideon,1,1,1.000000
Species,mtvvideow,1,1,1.000000
Species,muayThaiDraw,1,1,1.000000
Species,muayThaiKickboxDraw,1,1,1.000000
Species,muayThaiKickboxLoss,1,1,1.000000
Species,muayThaiKickboxWin,1,1,1.000000
Species,muayThaiLoss,1,1,1.000000
Species,muayThaiWin,1,1,1.000000
Species,municipality,1,1,1.000000
Species,murderer,1,1,1.000000
Species,musicDirector,1,1,1.000000
Species,musicWidth,1,1,1.000000
Species,mvpteam,1,1,1.000000
Species,mycobank,1,1,1.000000
Species,myoInositolMg,1,1,1.000000
Species,nam,1,1,1.000000
Species,"name,_",1,1,1.000000
Species,name%3Cnowiki%3E_,1,1,1.000000
Species,name10d,1,1,1.000000
Species,name11f,1,1,1.000000
Species,name11g,1,1,1.000000
Species,name11h,1,1,1.000000
Species,name12c,1,1,1.000000
Species,name13c,1,1,1.000000
Species,name13d,1,1,1.000000
Species,name13e,1,1,1.000000
Species,name15c,1,1,1.000000
Species,name15d,1,1,1.000000
Species,name15e,1,1,1.000000
Species,name16d,1,1,1.000000
Species,name16e,1,1,1.000000
Species,name16f,1,1,1.000000
Species,name16g,1,1,1.000000
Species,name17d,1,1,1.000000
Species,name18d,1,1,1.000000
Species,name1e,1,1,1.000000
Species,name1f,1,1,1.000000
Species,name1g,1,1,1.000000
Species,name22c,1,1,1.000000
Species,name22d,1,1,1.000000
Species,name2f,1,1,1.000000
Species,name2g,1,1,1.000000
Species,name2InCartouche,1,1,1.000000
Species,name2InSerekh,1,1,1.000000
Species,name2SerekhSymbol,1,1,1.000000
Species,name3Transcription,1,1,1.000000
Species,name4e,1,1,1.000000
Species,name4f,1,1,1.000000
Species,name4g,1,1,1.000000
Species,name4h,1,1,1.000000
Species,name4i,1,1,1.000000
Species,name4j,1,1,1.000000
Species,name5c,1,1,1.000000
Species,name6c,1,1,1.000000
Species,name7d,1,1,1.000000
Species,name7e,1,1,1.000000
Species,name9c,1,1,1.000000
Species,nameC,1,1,1.000000
Species,nameFa,1,1,1.000000
Species,nameInCartouche,1,1,1.000000
Species,nameListStyle,1,1,1.000000
Species,nameNév,1,1,1.000000
Species,nameOf,1,1,1.000000
Species,nameOfMp,1,1,1.000000
Species,namestyle,1,1,1.000000
Species,nameYes,1,1,1.000000
Species,naptMoneyFinishes,1,1,1.000000
Species,narrator,1,1,1.000000
Species,narrow,1,1,1.000000
Species,nationa;Id,1,1,1.000000
Species,nationalAcademyOfInventors,1,1,1.000000
Species,nationalCaps,1,1,1.000000
Species,nationalcompeticion,1,1,1.000000
Species,nationalConvener,1,1,1.000000
Species,nationalExecutiveCommittee,1,1,1.000000
Species,nationalfilmw,1,1,1.000000
Species,nationalHurlingLeugue,1,1,1.000000
Species,nationalIncharge,1,1,1.000000
Species,nationalrecords,1,1,1.000000
Species,nationalTitles,1,1,1.000000
Species,nationlity,1,1,1.000000
Species,nativeExternalHost,1,1,1.000000
Species,nativeExternalUrl,1,1,1.000000
Species,nativeName.,1,1,1.000000
Species,natiwgerbalGerbalsveName,1,1,1.000000
Species,navbox,1,1,1.000000
Species,naver,1,1,1.000000
Species,nbap,1,12,0.083333
Species,ncl,1,1,1.000000
Species,nebtyTranslation,1,1,1.000000
Species,necktype,1,1,1.000000
Species,nepaliday,1,1,1.000000
Species,nepalimonth,1,1,1.000000
Species,nepaliyear,1,1,1.000000
Species,nephews,1,1,1.000000
Species,networkName,1,1,1.000000
Species,networkType,1,1,1.000000
Species,neutral,1,1,1.000000
Species,newlink,1,85,0.011765
Species,newpow,1,1,1.000000
Species,news,1,1,1.000000
Species,newsOfTheWorldDartsChampionship,1,1,1.000000
Species,newYorkCityMarathonChampion,1,1,1.000000
Species,nextseason,1,1,1.000000
Species,nfkDiv,1,1,1.000000
Species,nflDiv,1,1,1.000000
Species,nflsuppdraftedpick,1,1,1.000000
Species,nflsuppdraftedround,1,1,1.000000
Species,nflsuppdraftedyear,1,1,1.000000
Species,nhlDiv,1,1,1.000000
Species,nick,1,1,1.000000
Species,nickame,1,1,1.000000
Species,niece,1,1,1.000000
Species,nineDartFinishes,1,1,1.000000
Species,niveau,1,1,1.000000
Species,nkmr,1,1,1.000000
Species,nkrr,1,1,1.000000
Species,nllDrattYear,1,1,1.000000
Species,nm,1,1,1.000000
Species,nobleHouse,1,1,1.000000
Species,noc,1,1,1.000000
Species,nocname,1,1,1.000000
Species,noContest,1,2,0.500000
Species,nocontests,1,1,1.000000
Species,nocount,1,2,0.500000
Species,noDecisions,1,1,1.000000
Species,nodiv,1,32,0.031250
Species,noevent,1,8,0.125000
Species,noIcon,1,27,0.037037
Species,noid,1,2,0.500000
Species,noimage,1,3,0.333333
Species,noitalics,1,5,0.200000
Species,nolabels,1,5,0.200000
Species,nolocation,1,3,0.333333
Species,nomenTranslation,1,1,1.000000
Species,nominated,1,1,1.000000
Species,nonAcademic,1,11,0.090909
Species,nonconf,1,1,1.000000
Species,noneSee,1,1,1.000000
Species,"nonsensical.WhoCastHer,TheUs%22creators%22_",1,1,1.000000
Species,noparen,1,1,1.000000
Species,noprose,1,2,0.500000
Species,norec,1,995,0.001005
Species,norecord,1,4,0.250000
Species,noround,1,4,0.250000
Species,northkorea,1,1,1.000000
Species,northWest200Contested,1,1,1.000000
Species,northWest200FirstWin,1,1,1.000000
Species,northWest200LastWin,1,1,1.000000
Species,northWest200Wins,1,1,1.000000
Species,norwegianleague,1,1,1.000000
Species,notableAscents,1,1,1.000000
Species,notableInstruments,1,1,1.000000
Species,notablePhdStudents,1,1,1.000000
Species,notablePrizes,1,1,1.000000
Species,notableShips,1,1,1.000000
Species,notaref,1,1,1.000000
Species,notesType,1,2,0.500000
Species,notime,1,16,0.062500
Species,notMilitaryJobs,1,1,1.000000
Species,nowCoaching,1,1,1.000000
Species,nowrapitems,1,1,1.000000
Species,nr,1,37,0.027027
Species,ntlTeams,1,1,1.000000
Species,numberOfBooks,1,1,1.000000
Species,numberOfChildren,1,1,1.000000
Species,número,1,1,1.000000
Species,numLocations,1,1,1.000000
Species,numLocationsYear,1,1,1.000000
Species,numMembers,1,1,1.000000
Species,numpart,1,1,1.000000
Species,numSeries,1,1,1.000000
Species,numUsers,1,1,1.000000
Species,nururl,1,3,0.333333
Species,objective,1,1,1.000000
Species,observances,1,1,1.000000
Species,obyrnecup,1,1,1.000000
Species,ocB,1,2,0.500000
Species,occasion,1,1,1.000000
Species,occuaption,1,1,1.000000
Species,occupatio,1,1,1.000000
Species,occuption,1,1,1.000000
Species,ocName,1,1,1.000000
Species,ocr,1,1,1.000000
Species,ocupation,1,1,1.000000
Species,ocZz,1,1,1.000000
Species,offic,1,1,1.000000
Species,office1.,1,1,1.000000
Species,office1Predecessor,1,1,1.000000
Species,office2.,1,1,1.000000
Species,office4.,1,1,1.000000
Species,officeEnd,1,1,1.000000
Species,officeHeld,1,1,1.000000
Species,officeTerm,1,1,1.000000
Species,officeWelare,1,1,1.000000
Species,officialFacebookPage,1,1,1.000000
Species,officialResidence,1,1,1.000000
Species,officials,1,1,1.000000
Species,offseasonWeight,1,1,1.000000
Species,offwebsite,1,1,1.000000
Species,oldAgeBestCupPos,1,1,1.000000
Species,oldResidence,1,1,1.000000
Species,olympic,1,3,0.333333
Species,olympicsmixeddoublesresult,1,1,1.000000
Species,olympicTeam,1,1,1.000000
Species,omarAbdirashidAliSharmaake,1,1,1.000000
Species,omega3fat,1,1,1.000000
Species,onelanguage,1,8,0.125000
Species,ongoing,1,3,0.333333
Species,onlinebooksabout,1,4,0.250000
Species,onlyWin,1,1,1.000000
Species,openingname,1,1,1.000000
Species,operationLabel,1,1,1.000000
Species,opt2n,1,3,0.333333
Species,opt3n,1,3,0.333333
Species,opt4n,1,1,1.000000
Species,opt4v,1,1,1.000000
Species,opt5n,1,1,1.000000
Species,opt5v,1,1,1.000000
Species,oq,1,16,0.062500
Species,org,1,1,1.000000
Species,organisationPosition,1,1,1.000000
Species,organisers,1,1,1.000000
Species,orientation,1,1,1.000000
Species,originalStudents,1,1,1.000000
Species,originalTeam,1,1,1.000000
Species,originalText,1,1,1.000000
Species,originalUse,1,1,1.000000
Species,origins'Country,1,1,1.000000
Species,origtag,1,13,0.076923
Species,origyear,1,1,1.000000
Species,oromiyaCounties,1,1,1.000000
Species,os,1,4,0.250000
Species,osdOffice,1,1,1.000000
Species,othe%60%60•rNames,1,1,1.000000
Species,otherArticle,1,1,1.000000
Species,otherFamilies,1,1,1.000000
Species,otherFamily,1,1,1.000000
Species,otherFamilyMembers,1,1,1.000000
Species,otherLanguage,1,9,0.111111
Species,otherOffice,1,1,1.000000
Species,otherPoliticalAffiliation,1,1,1.000000
Species,otherPresidency,1,1,1.000000
Species,otherProfession,1,1,1.000000
Species,otherRelations,1,1,1.000000
Species,othersexlink,1,5,0.200000
Species,othersName,1,1,1.000000
Species,othersParty,1,1,1.000000
Species,otherworks,1,1,1.000000
Species,otherWorks,1,1,1.000000
Species,outrightRecord,1,1,1.000000
Species,overallconfrecord,1,1,1.000000
Species,overlay2colour,1,2,0.500000
Species,overlay2tip,1,1,1.000000
Species,overlay3tip,1,1,1.000000
Species,overlay4tip,1,1,1.000000
Species,overlayHorizontalAlignment,1,1,1.000000
Species,overtime,1,1,1.000000
Species,pacificChampionshipsAppearances,1,1,1.000000
Species,pagebis,1,1,1.000000
Species,pagefrom,1,1,1.000000
Species,pageNumber,1,1,1.000000
Species,pahistoricType,1,2,0.500000
Species,paint,1,2,0.500000
Species,paintingAlignment,1,6,0.166667
Species,panContinentalChampionshipAppearances,1,42,0.023810
Species,papersPast,1,1,1.000000
Species,par,1,1,1.000000
Species,paralympicgolds,1,1,1.000000
Species,paralympicmedals,1,1,1.000000
Species,paralympicteams,1,1,1.000000
Species,parameter,1,1,1.000000
Species,parent's,1,1,1.000000
Species,parentage,1,1,1.000000
Species,parentAgency,1,1,1.000000
Species,parentFamily,1,1,1.000000
Species,parentis,1,1,1.000000
Species,parentopening,1,1,1.000000
Species,parentOrganization,1,1,1.000000
Species,parents'Name,1,1,1.000000
Species,parishes,1,5,0.200000
Species,parliamentaryGrouping,1,1,1.000000
Species,parliamentarySeat,1,1,1.000000
Species,parlName,1,3,0.333333
Species,part1Choice1Color,1,1,1.000000
Species,part1Choice2Color,1,1,1.000000
Species,part1Choice3Color,1,1,1.000000
Species,part1Choice4Color,1,1,1.000000
Species,part1Choice5Color,1,1,1.000000
Species,parties,1,1,1.000000
Species,partofRefnum,1,1,1.000000
Species,party.,1,1,1.000000
Species,party1color,1,1,1.000000
Species,party1name,1,1,1.000000
Species,party2color,1,1,1.000000
Species,party5name,1,1,1.000000
Species,partyCaption,1,1,1.000000
Species,partyLeader,1,1,1.000000
Species,"partyThatOrderedTheShip.ThisIsUsuallyTheOwnerButIsSometimesTheOperator,OrAnAgentOfEither.ContemporaneousNewspaperSourcesRarelyStateToWhichCategoryANamedPartyBelongs.AbbreviationsInThisColumnRr%3Cnowiki%3E_",1,1,1.000000
Species,past,1,1,1.000000
Species,pastBishop,1,1,1.000000
Species,pastor,1,1,1.000000
Species,pasttense,1,1,1.000000
Species,patner,1,1,1.000000
Species,paysDeNaissance,1,1,1.000000
Species,pdcWorldYouth,1,1,1.000000
Species,pdgawins,1,1,1.000000
Species,peak15a,1,1,1.000000
Species,peak15b,1,1,1.000000
Species,peak16c,1,1,1.000000
Species,peak17b,1,1,1.000000
Species,peak1c,1,1,1.000000
Species,peak1e,1,1,1.000000
Species,peak2d,1,1,1.000000
Species,peak4f,1,1,1.000000
Species,peak5d,1,1,1.000000
Species,pencile,1,1,1.000000
Species,pencils,1,1,1.000000
Species,people,1,5,0.200000
Species,per,1,1,1.000000
Species,percetage,1,1,1.000000
Species,perfid,1,1,1.000000
Species,périodeActive,1,1,1.000000
Species,permanentAddress,1,1,1.000000
Species,permanentResidence,1,1,1.000000
Species,personal,1,1,1.000000
Species,personalAssistant,1,1,1.000000
Species,personalBest,1,1,1.000000
Species,personalBests,1,2,0.500000
Species,personalRecords,1,1,1.000000
Species,personalSecretary,1,1,1.000000
Species,pets.,1,1,1.000000
Species,pfhof,1,1,1.000000
Species,pfhofyear,1,1,1.000000
Species,pfs,1,1,1.000000
Species,phoneNo,1,1,1.000000
Species,phones,1,5,0.200000
Species,photography,1,1,1.000000
Species,"piano,PrimaryArtist",1,1,1.000000
Species,piano,1,1,1.000000
Species,pieDeImagen,1,1,1.000000
Species,pim,1,1,1.000000
Species,placeBirth,1,1,1.000000
Species,placeburial,1,1,1.000000
Species,placeOfArrest,1,1,1.000000
Species,placeOfBrindavanam,1,1,1.000000
Species,placeofburial+label,1,1,1.000000
Species,placeofburiallabel,1,1,1.000000
Species,placeOfBurialLabel,1,10,0.100000
Species,placeofburialLabelAdaChapelBaptistChurch,1,1,1.000000
Species,placeOfChristening,1,1,1.000000
Species,placeOfResidence,1,1,1.000000
Species,placeofrest,1,1,1.000000
Species,placeofurialLabel,1,1,1.000000
Species,places,1,1,1.000000
Species,placofburial,1,1,1.000000
Species,plainlink,1,25,0.040000
Species,plaintiff,1,1,1.000000
Species,plainurl,1,2,0.500000
Species,plannedBy,1,1,1.000000
Species,plantBadge,1,1,1.000000
Species,platform,1,1,1.000000
Species,player.php%3Fid,1,1,1.000000
Species,playerPosition,1,1,1.000000
Species,playerReam,1,1,1.000000
Species,players,1,1,1.000000
Species,playersChampionship,1,1,1.000000
Species,playingPositions,1,1,1.000000
Species,playingStyle,1,1,1.000000
Species,playsOutOf,1,1,1.000000
Species,pleasureTreasureVideo+AllSingleClips%3Cnowiki%3E_,1,1,1.000000
Species,pllTeams,1,1,1.000000
Species,ploidy,1,1,1.000000
Species,pls,1,1,1.000000
Species,plsaceofburial,1,1,1.000000
Species,pochodzenie,1,1,1.000000
Species,poetal,1,1,1.000000
Species,pojborn,1,1,1.000000
Species,pojcourtesy,1,1,1.000000
Species,pojpen,1,1,1.000000
Species,policerank,1,1,1.000000
Species,politicalAffairsCommittee,1,1,1.000000
Species,politicalCareer,1,1,1.000000
Species,politicalOrientation,1,1,1.000000
Species,politicalParty.,1,1,1.000000
Species,politicalViews,1,1,1.000000
Species,politicianPriority,1,1,1.000000
Species,politicianWorkGroup,1,1,1.000000
Species,polls,1,2,0.500000
Species,polyFat,1,1,1.000000
Species,porta,1,1,1.000000
Species,portla,1,1,1.000000
Species,portrait,1,2,0.500000
Species,"position1,Position2,Position3,Position4,&Position",1,1,1.000000
Species,positionAndStyle,1,1,1.000000
Species,positionsHeld,1,1,1.000000
Species,post7note,1,1,1.000000
Species,post9followed,1,1,1.000000
Species,post9preceded,1,1,1.000000
Species,post9years,1,1,1.000000
Species,postalCode,1,3,0.333333
Species,postcode,1,1,1.000000
Species,postdeegre,1,1,1.000000
Species,postdoctoral,1,1,1.000000
Species,postdoctoralAdviser,1,1,1.000000
Species,postdoctoralAdvisor,1,1,1.000000
Species,postDoctoralAdvisor,1,1,1.000000
Species,postdoctoralTrainees,1,1,1.000000
Species,pre16jun,1,4,0.250000
Species,prececessor,1,1,1.000000
Species,precessor,1,1,1.000000
Species,predcessor,1,1,1.000000
Species,predeccessor,1,1,1.000000
Species,predecesor,1,1,1.000000
Species,predecessore,1,1,1.000000
Species,predecessors,1,1,1.000000
Species,predecesssor,1,1,1.000000
Species,predessessor,1,1,1.000000
Species,prejudice,1,1,1.000000
Species,premiere,1,1,1.000000
Species,premierminister,1,1,1.000000
Species,prep,1,1,1.000000
Species,presentcommands,1,1,1.000000
Species,presentPoliticalParty,1,1,1.000000
Species,president.,1,1,1.000000
Species,president1.,1,1,1.000000
Species,presidentOfTheStateCouncilOfVietnam,1,1,1.000000
Species,presidents,1,4,0.250000
Species,presidingofficer,1,1,1.000000
Species,pressedor,1,1,1.000000
Species,previousCoach,1,1,1.000000
Species,previouscommands,1,1,1.000000
Species,previousNames,1,1,1.000000
Species,previousRestaurants,1,1,1.000000
Species,previousTeam,1,1,1.000000
Species,prevrestaurants,1,1,1.000000
Species,prevseason,1,1,1.000000
Species,primarySchool,1,1,1.000000
Species,primeMiniste,1,1,1.000000
Species,priminister,1,1,1.000000
Species,principals,1,1,1.000000
Species,prior,1,1,1.000000
Species,prize,1,1,1.000000
Species,proBeachVolleyball,1,1,1.000000
Species,proBeachVolleyballWins,1,1,1.000000
Species,proBeachVolleyballYears,1,1,1.000000
Species,problem,1,1,1.000000
Species,proceed,1,1,1.000000
Species,product,1,1,1.000000
Species,productionCompany,1,1,1.000000
Species,producttype,1,1,1.000000
Species,profesion,1,1,1.000000
Species,promajors,1,68,0.014706
Species,pronouns,1,1,1.000000
Species,proother,1,10,0.100000
Species,propellant,1,1,1.000000
Species,proportion,1,1,1.000000
Species,prosecutor,1,1,1.000000
Species,protectionYear,1,1,1.000000
Species,provincialMinisterOfPunjabForLaw,1,1,1.000000
Species,prpresident,1,1,1.000000
Species,pseudonym(s)_,1,1,1.000000
Species,pseudonyms,1,1,1.000000
Species,pt,1,1,1.000000
Species,pu,1,1,1.000000
Species,publicRelationsAgency,1,1,1.000000
Species,pushpinMap,1,1,1.000000
Species,pvFootnote,1,1,1.000000
Species,qq,1,1,1.000000
Species,qualifications.,1,1,1.000000
Species,qualifier,1,1,1.000000
Species,quarterly,1,3,0.333333
Species,quotation,1,1,1.000000
Species,quotesource,1,1,1.000000
Species,r2votespercent,1,1,1.000000
Species,ra,1,1,1.000000
Species,raceWeight,1,1,1.000000
Species,racingnumber,1,1,1.000000
Species,railroadName,1,1,1.000000
Species,rainbowSixClass,1,1,1.000000
Species,randomChance,1,1,1.000000
Species,rank(iam)_,1,1,1.000000
Species,position,1,1,1.000000
Species,ranK,1,1,1.000000
Species,rankin,1,1,1.000000
Species,ratifier,1,1,1.000000
Species,rcfNat,1,1,1.000000
Species,rcmShift,1,1,1.000000
Species,rd1Score01Agg,1,1,1.000000
Species,rd1Score02Agg,1,1,1.000000
Species,rd1Score03Agg,1,1,1.000000
Species,rd1Score04Agg,1,1,1.000000
Species,rd1Score05Agg,1,1,1.000000
Species,rd1Score06Agg,1,1,1.000000
Species,rd1Score07Agg,1,1,1.000000
Species,rd1Score08Agg,1,1,1.000000
Species,rd2Score01Agg,1,1,1.000000
Species,rd2Score02Agg,1,1,1.000000
Species,rd2Score03Agg,1,1,1.000000
Species,rd2Score04Agg,1,1,1.000000
Species,rd3Score01Agg,1,1,1.000000
Species,rd3Score02Agg,1,1,1.000000
Species,rder,1,1,1.000000
Species,reachIn.,1,1,1.000000
Species,readson,1,1,1.000000
Species,reasion,1,1,1.000000
Species,reasn,1,1,1.000000
Species,reasob,1,1,1.000000
Species,reasonn,1,1,1.000000
Species,recentDutyStations,1,1,1.000000
Species,recLocation,1,1,1.000000
Species,recognition,1,1,1.000000
Species,recordingEngineer,1,1,1.000000
Species,recordLabel,1,1,1.000000
Species,recordLocation,1,1,1.000000
Species,redecessor,1,1,1.000000
Species,refer,1,1,1.000000
Species,refstyle,1,1,1.000000
Species,reftype,1,1,1.000000
Species,regiment,1,1,1.000000
Species,reginaAlsoLinedOutForTheIrishShintyTeamWhichDefeatedScotlandInOctober2010ReginaHasAlsoPlayedForLeinsterInThePastInTheInterProvincialGaelLinnCompetitionsImage,1,1,1.000000
Species,reginaLinedOutAtFullBackForTheIrishShintyTeamWhichDefeatedScotlandInOctober2010Province,1,1,1.000000
Species,regionalCupBest,1,1,1.000000
Species,regionalCupFirst,1,1,1.000000
Species,regionalGroup,1,1,1.000000
Species,regionServed,1,1,1.000000
Species,reign2Type,1,1,1.000000
Species,release,1,1,1.000000
Species,relegion,1,1,1.000000
Species,religion.,1,1,1.000000
Species,religión,1,1,1.000000
Species,relitives,1,1,1.000000
Species,removalnotice,1,1,1.000000
Species,repealDate,1,1,1.000000
Species,repealingLegislation,1,1,1.000000
Species,reportsTo,1,1,1.000000
Species,representativeOrder,1,1,1.000000
Species,representing,1,1,1.000000
Species,researchAdvisors,1,1,1.000000
Species,resident,1,1,1.000000
Species,restingPlace(gadduge)_,1,1,1.000000
Species,restored,1,1,1.000000
Species,retireddste,1,1,1.000000
Species,rev3score,1,2,0.500000
Species,revenueYear,1,1,1.000000
Species,revisedromanization,1,1,1.000000
Species,revisedText,1,1,1.000000
Species,reward,1,1,1.000000
Species,rewards,1,1,1.000000
Species,rhodeIslandStatePolice,1,1,1.000000
Species,rifle,1,1,1.000000
Species,rightHand,1,1,1.000000
Species,rightName,1,1,1.000000
Species,rights,1,3,0.333333
Species,rivalClans,1,1,1.000000
Species,rivalrygame,1,1,1.000000
Species,rivalsArchivedate,1,2,0.500000
Species,rivalsSchoool,1,1,1.000000
Species,rlCoachupdate,1,1,1.000000
Species,rlCurrentteam,1,1,1.000000
Species,rlds,1,9,0.111111
Species,rlTotalyears,1,1,1.000000
Species,rm,1,1,1.000000
Species,rmlTeam,1,1,1.000000
Species,rmNat,1,1,1.000000
Species,robLosses,1,1,1.000000
Species,roof,1,1,1.000000
Species,rookieyear,1,1,1.000000
Species,rossi,1,1,1.000000
Species,roundTowersClyears,1,1,1.000000
Species,row11Lift,1,1,1.000000
Species,row11Shift,1,1,1.000000
Species,row12Lift,1,1,1.000000
Species,row12Shift,1,1,1.000000
Species,row13Lift,1,1,1.000000
Species,row13Shift,1,1,1.000000
Species,row14Lift,1,1,1.000000
Species,row14Shift,1,1,1.000000
Species,row15Lift,1,1,1.000000
Species,row15Shift,1,1,1.000000
Species,row21Color,1,1,1.000000
Species,row21Colour,1,1,1.000000
Species,row22Color,1,1,1.000000
Species,row22Text,1,1,1.000000
Species,row22To,1,1,1.000000
Species,row23Color,1,1,1.000000
Species,row23Text,1,1,1.000000
Species,row23To,1,1,1.000000
Species,row24Color,1,1,1.000000
Species,row24Text,1,1,1.000000
Species,row24To,1,1,1.000000
Species,row25Color,1,1,1.000000
Species,row25Text,1,1,1.000000
Species,row25To,1,1,1.000000
Species,row2Bordertop,1,1,1.000000
Species,row2Height,1,1,1.000000
Species,row2Style,1,1,1.000000
Species,row31Colour,1,1,1.000000
Species,row31Text,1,1,1.000000
Species,row31To,1,1,1.000000
Species,row3Style,1,1,1.000000
Species,row41Colour,1,1,1.000000
Species,row41Text,1,1,1.000000
Species,row41To,1,1,1.000000
Species,row4Style,1,1,1.000000
Species,row51Colour,1,1,1.000000
Species,row51Text,1,1,1.000000
Species,row51To,1,1,1.000000
Species,row5Style,1,1,1.000000
Species,row61To,1,1,1.000000
Species,row62Colour,1,1,1.000000
Species,row62Text,1,1,1.000000
Species,row62To,1,1,1.000000
Species,row6Style,1,1,1.000000
Species,row71To,1,1,1.000000
Species,row72Colour,1,1,1.000000
Species,row72Text,1,1,1.000000
Species,row72To,1,1,1.000000
Species,row7Style,1,1,1.000000
Species,rowstyleBordertop,1,1,1.000000
Species,rowstyleColor,1,1,1.000000
Species,rowstyleTexttop,1,1,1.000000
Species,royalty,1,1,1.000000
Species,rpCoordinates,1,1,1.000000
Species,rt,1,41,0.024390
Species,ruAppearancesh,1,1,1.000000
Species,rubrik,1,11,0.090909
Species,ruCoachdraws,1,10,0.100000
Species,ruCoachteamc,1,1,1.000000
Species,ruCoachteamd,1,1,1.000000
Species,ruCoachteame,1,1,1.000000
Species,ruCoachyear4end,1,1,1.000000
Species,ruCoachyear5end,1,1,1.000000
Species,ruCoachyear5start,1,2,0.500000
Species,ruCoachyearcend,1,1,1.000000
Species,ruCoachyearcstart,1,1,1.000000
Species,ruCoachyeardend,1,1,1.000000
Species,ruCoachyeardstart,1,1,1.000000
Species,ruCoachyeareend,1,1,1.000000
Species,ruCoachyearestart,1,1,1.000000
Species,ruCon,1,1,1.000000
Species,ruCons,1,1,1.000000
Species,ruDropgoals,1,1,1.000000
Species,ruFieldgoalsc,1,50,0.020000
Species,ruFieldgoalsf,1,9,0.111111
Species,ruFieldgoalsg,1,7,0.142857
Species,ruFieldgoalsh,1,1,1.000000
Species,ruGoalsh,1,1,1.000000
Species,ruledUntil,1,1,1.000000
Species,ruNationalupdate,1,1,1.000000
Species,ruPens,1,1,1.000000
Species,ruPointsh,1,1,1.000000
Species,rusr,1,1,1.000000
Species,ruTeamh,1,1,1.000000
Species,ruTriesh,1,1,1.000000
Species,ruYear10end,1,1,1.000000
Species,ruYear10start,1,1,1.000000
Species,ruYearfend,1,1,1.000000
Species,ruYearhstart,1,1,1.000000
Species,rwNat,1,1,1.000000
Species,ryanCup,1,1,1.000000
Species,o,1,1,1.000000
Species,saLatn,1,1,1.000000
Species,samadhiDate,1,1,1.000000
Species,sample,1,1,1.000000
Species,saturates,1,1,1.000000
Species,savateBoxe,1,1,1.000000
Species,savateKowin,1,1,1.000000
Species,savateLoss,1,1,1.000000
Species,savateWin,1,1,1.000000
Species,sbkBestPosition,1,1,1.000000
Species,scheduling,1,1,1.000000
Species,schooling,1,1,1.000000
Species,schoolNativity,1,1,1.000000
Species,schoolOfThought,1,1,1.000000
Species,schoolOrTradition,1,1,1.000000
Species,"schoolSaintJoseph'sPrimarySchoolBarnoldswick,Lancs",1,1,1.000000
Species,scienceEnd,1,1,1.000000
Species,scienceRank,1,1,1.000000
Species,scooter,1,1,1.000000
Species,scores,1,1,1.000000
Species,scottiesAppearances,1,1,1.000000
Species,scottishOpen,1,1,1.000000
Species,scoutArchivedate,1,1,1.000000
Species,scoville,1,1,1.000000
Species,screenn,1,1,1.000000
Species,screenw,1,1,1.000000
Species,screenwriter,1,1,1.000000
Species,scribe(s)_,1,1,1.000000
Species,script,1,1,1.000000
Species,scripture,1,1,1.000000
Species,sealSize,1,2,0.500000
Species,sealWidth,1,2,0.500000
Species,season102ptGoals,1,1,1.000000
Species,season10PlayoffLoss,1,3,0.333333
Species,season10PlayoffSeconds,1,1,1.000000
Species,season10PlayoffWins,1,1,1.000000
Species,season112ptGoals,1,1,1.000000
Species,season11PlayoffLoss,1,3,0.333333
Species,season11PlayoffShots,1,1,1.000000
Species,season11PlayoffWins,1,1,1.000000
Species,season122ptGoals,1,1,1.000000
Species,season12PlayoffGroundBalls,1,2,0.500000
Species,season12PlayoffLoss,1,2,0.500000
Species,season12PlayoffSeconds,1,1,1.000000
Species,season12PlayoffShots,1,1,1.000000
Species,season12PlayoffWins,1,1,1.000000
Species,season12PointsGoals,1,1,1.000000
Species,season13FaceoffsAtt,1,1,1.000000
Species,season13PlayoffWins,1,1,1.000000
Species,season14PlayoffWins,1,4,0.250000
Species,season14Shots,1,1,1.000000
Species,season15GroundBalls,1,1,1.000000
Species,season15PlayoffLoss,1,1,1.000000
Species,season15PlayoffSeconds,1,1,1.000000
Species,season15PlayoffWins,1,1,1.000000
Species,season16PlayoffPenaltyMinutes,1,3,0.333333
Species,season16Team,1,3,0.333333
Species,season17PlayoffGoalsAgainst,1,1,1.000000
Species,season17PlayoffLoss,1,1,1.000000
Species,season17PlayoffMinutes,1,1,1.000000
Species,season17PlayoffSaves,1,1,1.000000
Species,season17PlayoffSeconds,1,1,1.000000
Species,season17PlayoffWins,1,1,1.000000
Species,season17Team,1,3,0.333333
Species,season18PlayoffPenaltyMinutes,1,1,1.000000
Species,season18Team,1,1,1.000000
Species,season19PlayoffLoss,1,1,1.000000
Species,season19PlayoffPenaltyMinutes,1,1,1.000000
Species,season19PlayoffSaves,1,1,1.000000
Species,season19PlayoffWins,1,1,1.000000
Species,season1FaceoffsAttempted,1,1,1.000000
Species,season1PlayoffFaceoffsAttempted,1,1,1.000000
Species,season1PlayoffPoints,1,1,1.000000
Species,season1Points,1,1,1.000000
Species,season1Turnovers,1,1,1.000000
Species,season20GoalsAgainst,1,1,1.000000
Species,season20Loss,1,1,1.000000
Species,season20Minutes,1,1,1.000000
Species,season20PlayoffAssists,1,1,1.000000
Species,season20PlayoffGamesPlayed,1,1,1.000000
Species,season20PlayoffGoals,1,1,1.000000
Species,season20PlayoffLooseBalls,1,1,1.000000
Species,season20Saves,1,1,1.000000
Species,season20Seconds,1,1,1.000000
Species,season21GoalsAgainst,1,1,1.000000
Species,season21Loss,1,1,1.000000
Species,season21Minutes,1,1,1.000000
Species,season21PlayoffAssists,1,1,1.000000
Species,season21PlayoffGamesPlayed,1,1,1.000000
Species,season21PlayoffGoals,1,1,1.000000
Species,season21PlayoffLooseBalls,1,1,1.000000
Species,season21Saves,1,1,1.000000
Species,season21Seconds,1,1,1.000000
Species,season21Team,1,1,1.000000
Species,season22PenaltyMinutes,1,2,0.500000
Species,season22Team,1,1,1.000000
Species,season23GamesPlayed,1,2,0.500000
Species,season23PlayoffAssists,1,1,1.000000
Species,season23PlayoffGoals,1,1,1.000000
Species,season23PlayoffPenaltyMinutes,1,1,1.000000
Species,season23Team,1,1,1.000000
Species,season24Assists,1,1,1.000000
Species,season24GamesPlayed,1,1,1.000000
Species,season24Goals,1,1,1.000000
Species,season24LooseBalls,1,1,1.000000
Species,season24PenaltyMinutes,1,1,1.000000
Species,season24PlayoffAssists,1,1,1.000000
Species,season24PlayoffGamesPlayed,1,1,1.000000
Species,season24PlayoffLooseBalls,1,1,1.000000
Species,season24TeamLink,1,1,1.000000
Species,season24Year,1,1,1.000000
Species,season2Assist,1,1,1.000000
Species,season2PlayoffPenalties,1,1,1.000000
Species,season2PlayoffWins,1,2,0.500000
Species,season2Points,1,1,1.000000
Species,season3Assist,1,1,1.000000
Species,season3PlayoffLoss,1,4,0.250000
Species,season3Points,1,1,1.000000
Species,season4PlayoffLoss,1,4,0.250000
Species,season4PlayoffPenalties,1,1,1.000000
Species,season4PlayoffPoints,1,1,1.000000
Species,season4Points,1,1,1.000000
Species,season5PlayoffLoss,1,7,0.142857
Species,season5PlayoffPenalties,1,1,1.000000
Species,season5Points,1,1,1.000000
Species,season6Penalties,1,1,1.000000
Species,season6PlayoffFaceoffsAtt,1,1,1.000000
Species,season6PlayoffFaceoffsWon,1,1,1.000000
Species,season6PlayoffLoss,1,5,0.200000
Species,season6Points,1,1,1.000000
Species,season7League,1,2,0.500000
Species,season7Penalties,1,1,1.000000
Species,season7PlayoffLoss,1,2,0.500000
Species,season82ptGoals,1,3,0.333333
Species,season8FaceoffsAtt,1,1,1.000000
Species,season8Penalties,1,1,1.000000
Species,season8PlayoffShots,1,1,1.000000
Species,season9Playoff2ptGoals,1,1,1.000000
Species,season9PlayoffWins,1,2,0.500000
Species,seats,1,3,0.333333
Species,seats6Title,1,1,1.000000
Species,seats7Title,1,1,1.000000
Species,secConferenceRegularSeason,1,1,1.000000
Species,seceded,1,1,1.000000
Species,secofstate,1,1,1.000000
Species,secondarySchool,1,1,1.000000
Species,secondlady,1,1,1.000000
Species,secondlanguage,1,1,1.000000
Species,secondTerm,1,1,1.000000
Species,secretaries,1,4,0.250000
Species,secretaryofstate,1,1,1.000000
Species,seed,1,1,1.000000
Species,seeds,1,1,1.000000
Species,seedsFormation,1,23,0.043478
Species,seleniumMg,1,1,1.000000
Species,sentenced,1,1,1.000000
Species,sep,1,3,0.333333
Species,separated,1,1,1.000000
Species,serotype,1,1,1.000000
Species,serviceDates,1,1,1.000000
Species,servingwith,1,1,1.000000
Species,set,1,1,1.000000
Species,sf,1,1,1.000000
Species,sfResult,1,5,0.200000
Species,shaped,1,4,0.250000
Species,shapeOutlined,1,4,0.250000
Species,shaper,1,1,1.000000
Species,shieldnumber,1,1,1.000000
Species,shipAcquired,1,1,1.000000
Species,shipBuilder,1,1,1.000000
Species,shipCompleted,1,1,1.000000
Species,shipCrew,1,1,1.000000
Species,shipDisplacement,1,1,1.000000
Species,shipLaunched,1,1,1.000000
Species,shipNamesake,1,1,1.000000
Species,shipNotes,1,1,1.000000
Species,shipOperator,1,1,1.000000
Species,shipOutOfService,1,1,1.000000
Species,shipPower,1,1,1.000000
Species,shipPropulsion,1,2,0.500000
Species,shipRenamed,1,1,1.000000
Species,shipSailPlan,1,1,1.000000
Species,shipStatus,1,1,1.000000
Species,shipTonnage,1,1,1.000000
Species,shirtnumber,1,1,1.000000
Species,shoesize,1,1,1.000000
Species,shoot,1,1,1.000000
Species,shooting,1,1,1.000000
Species,shortTitle,1,1,1.000000
Species,shots,1,1,1.000000
Species,showArchitect,1,28,0.035714
Species,showArtist,1,31,0.032258
Species,showdate,1,2,0.500000
Species,showlang,1,1,1.000000
Species,showMedal,1,1,1.000000
Species,showmedals,1,1,1.000000
Species,showorder,1,4,0.250000
Species,showOwner,1,30,0.033333
Species,showrunner,1,1,1.000000
Species,showUpdates,1,55,0.018182
Species,siArchive,1,1,1.000000
Species,sibling(s)_,1,1,1.000000
Species,sigerson,1,1,1.000000
Species,sights,1,1,1.000000
Species,signatureCaption,1,1,1.000000
Species,signature​Moves​_,1,1,1.000000
Species,signers,1,1,1.000000
Species,significantPublications,1,1,1.000000
Species,siLatn,1,1,1.000000
Species,silverGer,1,1,1.000000
Species,silverSar,1,1,1.000000
Species,silverUsa,1,1,1.000000
Species,simp,1,1,1.000000
Species,sinlings,1,1,1.000000
Species,skhangul,1,1,1.000000
Species,skinFolds,1,1,1.000000
Species,smart,1,1,1.000000
Species,soaringstars,1,9,0.111111
Species,social,1,1,1.000000
Species,socialMedia(instagram)_,1,1,1.000000
Species,socialMedia,1,1,1.000000
Species,socialWorker,1,1,1.000000
Species,sodium,1,1,1.000000
Species,software,1,1,1.000000
Species,soleExampleOfType%3F_,1,1,1.000000
Species,son's,1,1,1.000000
Species,son'sName,1,1,1.000000
Species,sooupdate,1,1,1.000000
Species,sort,1,4,0.250000
Species,sots,1,1,1.000000
Species,sourceurl,1,1,1.000000
Species,sourceUsda,1,43,0.023256
Species,southAmericans,1,1,1.000000
Species,sovereign,1,1,1.000000
Species,space,1,4,0.250000
Species,spanish,1,3,0.333333
Species,spanishName,1,1,1.000000
Species,spans,1,1,1.000000
Species,spaz.,1,1,1.000000
Species,speakerOfKuwaitNationalAssembly,1,1,1.000000
Species,specialisation,1,1,1.000000
Species,speciesSearch,1,1,1.000000
Species,spelling,1,1,1.000000
Species,sportPratiqué,1,1,1.000000
Species,sportsPriority,1,1,1.000000
Species,sportsWorkGroup,1,1,1.000000
Species,spot,1,1,1.000000
Species,spouce,1,1,1.000000
Species,spouse.,1,1,1.000000
Species,spouse(ex)_,1,1,1.000000
Species,spouse(former)_,1,1,1.000000
Species,spouseBirthDate,1,1,1.000000
Species,spouseBrianTwomey,1,1,1.000000
Species,spouseDeathDate,1,1,1.000000
Species,spouseName,1,1,1.000000
Species,spouseWife,1,1,1.000000
Species,squat,1,1,1.000000
Species,sr,1,1,1.000000
Species,stageWins,1,1,1.000000
Species,standingCommittee,1,1,1.000000
Species,stanleyCupChampion,1,1,1.000000
Species,star,1,2,0.500000
Species,starSign,1,1,1.000000
Species,stat35label,1,1,1.000000
Species,stat35value,1,1,1.000000
Species,stat44label,1,2,0.500000
Species,district,1,1,1.000000
Species,stateDistrict,1,1,1.000000
Species,statehouse,1,1,1.000000
Species,stateHousee,1,1,1.000000
Species,stateOffice,1,1,1.000000
Species,stateOfOrigin,1,1,1.000000
Species,staterecords,1,1,1.000000
Species,stateSeatsName,1,2,0.500000
Species,status2Ref,1,1,1.000000
Species,status3System,1,1,1.000000
Species,statusText,1,1,1.000000
Species,statuteBookChapter,1,1,1.000000
Species,stepchildren,1,1,1.000000
Species,stepFather,1,1,1.000000
Species,stepmother,1,1,1.000000
Species,stroke,1,1,1.000000
Species,strongFoot,1,1,1.000000
Species,student,1,1,1.000000
Species,studiedAt,1,1,1.000000
Species,studios,1,1,1.000000
Species,subbox,1,1,1.000000
Species,subdivisioAuthority,1,1,1.000000
Species,submitdate,1,1,1.000000
Species,suboffic,1,1,1.000000
Species,subregnumAuthority,1,1,1.000000
Species,subst,1,1,1.000000
Species,substed,1,123,0.008130
Species,subtopic,1,1,1.000000
Species,subunits,1,1,1.000000
Species,sucat,1,1,1.000000
Species,succcessor,1,1,1.000000
Species,succeder,1,1,1.000000
Species,succeededTba,1,1,1.000000
Species,succeeder,1,1,1.000000
Species,success,1,1,1.000000
Species,successeor,1,1,1.000000
Species,successo1r,1,1,1.000000
Species,successo2r,1,1,1.000000
Species,successor.,1,1,1.000000
Species,successor5.,1,1,1.000000
Species,successro,1,1,1.000000
Species,succsessor,1,1,1.000000
Species,sucrose,1,1,1.000000
Species,supercross,1,1,1.000000
Species,superphylumAuthority,1,1,1.000000
Species,superregnum,1,1,1.000000
Species,superregnumAuthority,1,1,1.000000
Species,surnameNihongo,1,1,1.000000
Species,swimCoach,1,1,1.000000
Species,swimmingSchool,1,1,1.000000
Species,sworn,1,1,1.000000
Species,swornTypeLabel,1,1,1.000000
Species,synagogueposistion,1,1,1.000000
Species,synagoguePosition,1,1,1.000000
Species,syndicates,1,2,0.500000
Species,synonym,1,1,1.000000
Species,system,1,1,1.000000
Species,tablets,1,5,0.200000
Species,tailleImage,1,1,1.000000
Species,taiwanese,1,1,1.000000
Species,taLatn,1,1,1.000000
Species,talkpage,1,1,1.000000
Species,tam,1,1,1.000000
Species,tarih,1,1,1.000000
Species,tarmStart,1,1,1.000000
Species,taxid,1,1,1.000000
Species,taxId,1,1,1.000000
Species,tdhl,1,1,1.000000
Species,team10.,1,1,1.000000
Species,team8v,1,1,1.000000
Species,teamColours,1,1,1.000000
Species,teamcstart,1,1,1.000000
Species,teamid,1,1,1.000000
Species,televisionFilm,1,1,1.000000
Species,televisionShow,1,1,1.000000
Species,televisionShows,1,1,1.000000
Species,tema,1,1,1.000000
Species,term10d,1,1,1.000000
Species,term11f,1,1,1.000000
Species,term11g,1,1,1.000000
Species,term11h,1,1,1.000000
Species,term12c,1,1,1.000000
Species,term13c,1,1,1.000000
Species,term13d,1,1,1.000000
Species,term13e,1,1,1.000000
Species,term15c,1,1,1.000000
Species,term15d,1,1,1.000000
Species,term15e,1,1,1.000000
Species,term16d,1,1,1.000000
Species,term16e,1,1,1.000000
Species,term16f,1,1,1.000000
Species,term16g,1,1,1.000000
Species,term17d,1,1,1.000000
Species,term18d,1,1,1.000000
Species,term1e,1,1,1.000000
Species,term1f,1,1,1.000000
Species,term1g,1,1,1.000000
Species,term22c,1,1,1.000000
Species,term22d,1,1,1.000000
Species,term2End,1,1,1.000000
Species,term2f,1,1,1.000000
Species,term2g,1,1,1.000000
Species,term2Start,1,1,1.000000
Species,term3End,1,1,1.000000
Species,term3Start,1,1,1.000000
Species,term4e,1,1,1.000000
Species,term4f,1,1,1.000000
Species,term4g,1,1,1.000000
Species,term4h,1,1,1.000000
Species,term4i,1,1,1.000000
Species,term4j,1,1,1.000000
Species,term5c,1,1,1.000000
Species,term6c,1,1,1.000000
Species,term7d,1,1,1.000000
Species,term7e,1,1,1.000000
Species,term9c,1,1,1.000000
Species,termAsMla,1,1,1.000000
Species,termBegin,1,1,1.000000
Species,termEnd.,1,1,1.000000
Species,termEnd3.,1,1,1.000000
Species,termends,1,1,1.000000
Species,termlength,1,1,1.000000
Species,termMiddle,1,1,1.000000
Species,termsTart,1,1,1.000000
Species,termStarting,1,1,1.000000
Species,termStat,1,1,1.000000
Species,textAlign,1,3,0.333333
Species,textBackground,1,1,1.000000
Species,thecrag,1,1,1.000000
Species,thesesAdvised,1,1,1.000000
Species,thumb,1,1,1.000000
Species,ti,1,1,1.000000
Species,ticket,1,1,1.000000
Species,titlealign,1,2,0.500000
Species,titleAwarded,1,1,1.000000
Species,titleBackground,1,1,1.000000
Species,titlecount,1,1,1.000000
Species,titlesPsa,1,1,1.000000
Species,títol,1,1,1.000000
Species,tko,1,1,1.000000
Species,tkoWins,1,1,1.000000
Species,tlborn,1,1,1.000000
Species,tlcourtesy,1,1,1.000000
Species,tlpen,1,1,1.000000
Species,today,1,2,0.500000
Species,toll,1,1,1.000000
Species,ton.%3Cnowiki%3E_,1,1,1.000000
Species,tone,1,1,1.000000
Species,top10’s,1,1,1.000000
Species,top5’s,1,1,1.000000
Species,topimage,1,7,0.142857
Species,topWorldCurlingTourRanking,1,1,1.000000
Species,totalGoody'sDashRaces,1,1,1.000000
Species,totalHeight,1,1,1.000000
Species,totalNumberOfMissionsFlown,1,1,1.000000
Species,tourney,1,1,1.000000
Species,tourneyResult,1,1,1.000000
Species,townNoteMarker,1,4,0.250000
Species,trad,1,1,1.000000
Species,traditions,1,1,1.000000
Species,trainer(s)_,1,1,1.000000
Species,traininglocation,1,1,1.000000
Species,trains,1,1,1.000000
Species,trakcs,1,1,1.000000
Species,translationTamil,1,1,1.000000
Species,transmission,1,1,1.000000
Species,treatment,1,1,1.000000
Species,triangle,1,1,1.000000
Species,triangleColor,1,1,1.000000
Species,tribalauthority,1,1,1.000000
Species,tribalNation,1,1,1.000000
Species,tribute,1,1,1.000000
Species,tributeAlbums,1,1,1.000000
Species,ts,1,1,1.000000
Species,tt,1,1,1.000000
Species,ttLapRecords,1,1,1.000000
Species,tvShow,1,1,1.000000
Species,txermStart,1,1,1.000000
Species,typeObj,1,1,1.000000
Species,udated,1,1,1.000000
Species,ukOpenQualifiers,1,1,1.000000
Species,ulsterGrandPrixContested,1,1,1.000000
Species,ulsterGrandPrixFirstWin,1,1,1.000000
Species,ulsterGrandPrixLastWin,1,1,1.000000
Species,ulsterGrandPrixWins,1,1,1.000000
Species,ume,1,1,1.000000
Species,umpstatsend,1,1,1.000000
Species,umpwtestlastyr,1,1,1.000000
Species,uncertain,1,2,0.500000
Species,union,1,1,1.000000
Species,unipartBritishProfessional,1,1,1.000000
Species,regiment,1,1,1.000000
Species,university.,1,1,1.000000
Species,unmarriedPartner,1,1,1.000000
Species,unrankedOrdoAuthority,1,1,1.000000
Species,unrankedParvordo,1,1,1.000000
Species,unrankedSubdivisio,1,1,1.000000
Species,unrankedSubfamilia,1,1,1.000000
Species,unrankedSubphylumAuthority,1,1,1.000000
Species,unrankedSubregnumAuthority,1,1,1.000000
Species,unrankedVarietas,1,1,1.000000
Species,unsworn,1,1,1.000000
Species,upadated,1,1,1.000000
Species,updaron,1,1,1.000000
Species,urlarchivo,1,1,1.000000
Species,urlDateArg,1,1,1.000000
Species,usa,1,1,1.000000
Species,usaCollege,1,1,1.000000
Species,usdgc,1,1,1.000000
Species,usedBy,1,1,1.000000
Species,ushockeyhalloffame,1,1,1.000000
Species,usLaxHof,1,1,1.000000
Species,usnationals,1,1,1.000000
Species,usopenseniorresult,1,1,1.000000
Species,utcOffset,1,1,1.000000
Species,uwlxDraft,1,1,1.000000
Species,uwlxDraftTeam,1,1,1.000000
Species,uwlxDraftYear,1,1,1.000000
Species,valign,1,1,1.000000
Species,variant,1,1,1.000000
Species,vb,1,1,1.000000
Species,vehicles,1,1,1.000000
Species,venetianDeepstackPlayerOfSeriesAwards,1,1,1.000000
Species,venetianDeepstackWins,1,1,1.000000
Species,verticalNote,1,1,1.000000
Species,vicechair,1,1,1.000000
Species,"viceChairman,Ndmc2021PresidentBjpDelhiState",1,1,1.000000
Species,viceChairman,1,1,1.000000
Species,vicemayor,1,1,1.000000
Species,vicePremierministre,1,1,1.000000
Species,vicePresidents,1,1,1.000000
Species,viewersType,1,1,1.000000
Species,virgenDeLosTreintaYTres♀4date,1,1,1.000000
Species,voiume,1,1,1.000000
Species,votes.,1,1,1.000000
Species,voySearch,1,1,1.000000
Species,waist,1,1,1.000000
Species,wardrobe&Makeup,1,1,1.000000
Species,waring,1,1,1.000000
Species,warMinister,1,1,1.000000
Species,warning,1,152,0.006579
Species,battles,1,1,1.000000
Species,wartimeRank,1,1,1.000000
Species,wcraces,1,1,1.000000
Species,wcraceswithrelays,1,1,1.000000
Species,wdf.,1,1,1.000000
Species,wdfEuropeCup,1,1,1.000000
Species,wearables,1,4,0.250000
Species,weblink,1,1,1.000000
Species,webside,1,1,1.000000
Species,webSite,1,1,1.000000
Species,websites,1,1,1.000000
Species,weight.,1,1,1.000000
Species,weightCutFrom,1,1,1.000000
Species,weightIb,1,1,1.000000
Species,weightIbs,1,1,1.000000
Species,weightLba,1,1,1.000000
Species,weightLibras,1,1,1.000000
Species,weightOrder,1,7,0.142857
Species,weigth,1,1,1.000000
Species,wf,1,21,0.047619
Species,what,1,2,0.500000
Species,when,1,1,1.000000
Species,whs,1,1,1.000000
Species,why,1,1,1.000000
Species,widht,1,1,1.000000
Species,widthUnits,1,1,1.000000
Species,wife.,1,1,1.000000
Species,wikiquote,1,1,1.000000
Species,wineAge,1,1,1.000000
Species,wingspanFt,1,1,1.000000
Species,wingspanIn,1,1,1.000000
Species,winsViaKo,1,1,1.000000
Species,wireless,1,1,1.000000
Species,withtitle,1,7,0.142857
Species,witnesses,1,1,1.000000
Species,wives,1,1,1.000000
Species,wmfWorldCupApps,1,1,1.000000
Species,wmfWorldCupBest,1,1,1.000000
Species,wmfWorldCupFirst,1,1,1.000000
Species,woodbody,1,1,1.000000
Species,woodfingerboard,1,1,1.000000
Species,woodneck,1,1,1.000000
Species,workAssociations,1,1,1.000000
Species,workUniversity,1,1,1.000000
Species,worldChampionship,1,1,1.000000
Species,worldCupBest,1,1,1.000000
Species,worldCupFirst,1,1,1.000000
Species,worldDoublesMen,1,1,1.000000
Species,worldJuniorChampionshipAppearances,1,1,1.000000
Species,worldRanking,1,1,1.000000
Species,worlds(iam)_,1,1,1.000000
Species,wpcaWorldChampionships,1,1,1.000000
Species,wq,1,22,0.045455
Species,wr,1,70,0.014286
Species,wrestlingKowin,1,1,1.000000
Species,written,1,1,1.000000
Species,wsopCircuitFinalTables,1,1,1.000000
Species,wsopCircuitMoneyFinishes,1,1,1.000000
Species,wsopCircuitTitles,1,1,1.000000
Species,wsopEarnings,1,1,1.000000
Species,wsopFinalTable,1,1,1.000000
Species,wsopMainEvenBestFinishRank,1,1,1.000000
Species,wsopMainEventHighestFinishRank,1,1,1.000000
Species,wsopMainEventMostTimesInTheMoney,1,1,1.000000
Species,wsopMeanings,1,1,1.000000
Species,wsopMoneyFinish(es)_,1,1,1.000000
Species,wtadoubles,1,4,0.250000
Species,wtasingles,1,4,0.250000
Species,wtestsumpired,1,9,0.111111
Species,wuth,1,1,1.000000
Species,xmax,1,1,1.000000
Species,y.EarsActive,1,1,1.000000
Species,year0start,1,2,0.500000
Species,year16end,1,1,1.000000
Species,year17end,1,1,1.000000
Species,year17start,1,1,1.000000
Species,year18start,1,1,1.000000
Species,year19start,1,1,1.000000
Species,year20start,1,1,1.000000
Species,year21end,1,1,1.000000
Species,year21start,1,1,1.000000
Species,yearas,1,1,1.000000
Species,yearbegin,1,1,1.000000
Species,yearCompleted,1,1,1.000000
Species,yearInSchool,1,1,1.000000
Species,yearOfPulication,1,1,1.000000
Species,years437Bc,1,1,1.000000
Species,years6.,1,1,1.000000
Species,years8.,1,1,1.000000
Species,yearsAsCoach,1,1,1.000000
Species,yearsInGoody'sDash,1,1,1.000000
Species,yearsOld,1,1,1.000000
Species,yearsSkating,1,1,1.000000
Species,yeras,1,1,1.000000
Species,ymax,1,1,1.000000
Species,ymin,1,2,0.500000
Species,yob,1,1,1.000000
Species,youngerSon,1,1,1.000000
Species,youtube,1,1,1.000000
Species,youtubeChannel,1,1,1.000000
Species,yp,1,1,1.000000
Species,yr.%3Cnowiki%3E_,1,1,1.000000
Species,yusho,1,1,1.000000
Species,zeecinen,1,1,1.000000
Species,zeecinew,1,1,1.000000
Species,zhDungan,1,1,1.000000
Species,zipcode,1,1,1.000000
Species,zoodivisio,1,113,0.008850
Species,δημήτρηςΡοντήρηςdate,1,1,1.000000
Species,お楽しみ秘蔵ビデオ+全シングルクリップ%3Cnowiki%3E_,1,1,1.000000
Star,%3F_,1,1,1.000000
Star,absmag,1,1,1.000000
Star,absMag,1,1,1.000000
Star,absmagK,1,1,1.000000
Star,age2Gyr,1,1,1.000000
Star,age2Myr,1,1,1.000000
Star,agrMyr,1,1,1.000000
Star,alternativemap,1,1,1.000000
Star,angDist,1,1,1.000000
Star,angularDist,1,1,1.000000
Star,apoastron,1,1,1.000000
Star,appdia,1,1,1.000000
Star,appmag9Passband,1,1,1.000000
Star,appmagH,1,1,1.000000
Star,apsis,1,12,0.083333
Star,avgSpeed,1,1,1.000000
Star,axisInclination,1,1,1.000000
Star,b,1,1,1.000000
Star,bgcolour,1,1,1.000000
Star,captionAlign,1,1,1.000000
Star,centered,1,2,0.500000
Star,child,1,3,0.333333
Star,competent,1,1,1.000000
Star,componenta,1,1,1.000000
Star,componentName,1,1,1.000000
Star,constellation,1,1,1.000000
Star,cs1Dates,1,3,0.333333
Star,day,1,1,1.000000
Star,distance,1,1,1.000000
Star,distKly,1,1,1.000000
Star,distKpc,1,1,1.000000
Star,dostPc,1,1,1.000000
Star,en,1,1,1.000000
Star,escapeVelocity,1,1,1.000000
Star,expanded,1,3,0.333333
Star,extrasolarplanet,1,7,0.142857
Star,first,1,1,1.000000
Star,fixAttempted,1,9,0.111111
Star,fk,1,1,1.000000
Star,gaia,1,1,1.000000
Star,gc,1,1,1.000000
Star,gR,1,1,1.000000
Star,gravirt,1,1,1.000000
Star,hd,1,1,1.000000
Star,headerAlign,1,1,1.000000
Star,help,1,1,1.000000
Star,hip,1,1,1.000000
Star,hr,1,1,1.000000
Star,iJ,1,1,1.000000
Star,imagesize,1,1,1.000000
Star,jup,1,2,0.500000
Star,links,1,2,0.500000
Star,longPeri,1,1,1.000000
Star,luminosityBolomatric,1,1,1.000000
Star,luminotisy,1,1,1.000000
Star,lumonosity,1,1,1.000000
Star,mas,1,1,1.000000
Star,mass(jupiterMasses)_,1,1,1.000000
Star,month,1,1,1.000000
Star,mutualOrbit,1,1,1.000000
Star,otherNames,1,1,1.000000
Star,periaston,1,1,1.000000
Star,pericenter,1,1,1.000000
Star,planet,1,1,1.000000
Star,position,1,3,0.333333
Star,pronouce,1,1,1.000000
Star,radiu,1,1,1.000000
Star,radiusLy,1,1,1.000000
Star,radiusPc,1,1,1.000000
Star,rotational+velocity,1,1,1.000000
Star,rotational,1,1,1.000000
Star,rotationalVelocityName,1,1,1.000000
Star,rotationalVelosity,1,1,1.000000
Star,rotationVelocity,1,1,1.000000
Star,rules,1,1,1.000000
Star,sao,1,1,1.000000
Star,semiAmp,1,1,1.000000
Star,small,1,1,1.000000
Star,source,1,1,1.000000
Star,spaceVU,1,1,1.000000
Star,spaceVV,1,1,1.000000
Star,spaceVW,1,1,1.000000
Star,substed,1,1,1.000000
Star,tableRef,1,1,1.000000
Star,temperture,1,1,1.000000
Star,text,1,1,1.000000
Star,timestamp,1,1,1.000000
Star,tPeri,1,1,1.000000
Star,uV,1,1,1.000000
Star,variableType,1,1,1.000000
Star,video,1,1,1.000000
Star,vK,1,1,1.000000
Star,x%25_,1,1,1.000000
Star,y%25_,1,1,1.000000
Galaxy,abell,1,1,1.000000
Galaxy,age,1,1,1.000000
Galaxy,apg,1,1,1.000000
Galaxy,apparentMagnitude,1,1,1.000000
Galaxy,author,1,1,1.000000
Galaxy,cgcg,1,1,1.000000
Galaxy,class,1,1,1.000000
Galaxy,constel,1,1,1.000000
Galaxy,diameter,1,1,1.000000
Galaxy,dimensions,1,1,1.000000
Galaxy,discovered,1,1,1.000000
Galaxy,distanoluz,1,1,1.000000
Galaxy,distparsec,1,1,1.000000
Galaxy,effectiveRadius,1,1,1.000000
Galaxy,fixAttempted,1,5,0.200000
Galaxy,h,1,1,1.000000
Galaxy,header,1,1,1.000000
Galaxy,kpg,1,1,1.000000
Galaxy,luminosity,1,1,1.000000
Galaxy,mark,1,1,1.000000
Galaxy,markWidth,1,1,1.000000
Galaxy,radius,1,1,1.000000
Galaxy,redshift,1,1,1.000000
Galaxy,sizeLy,1,1,1.000000
Galaxy,source,1,1,1.000000
Galaxy,stellarMass,1,1,1.000000
Galaxy,temperature,1,1,1.000000
Galaxy,text,1,1,1.000000
Galaxy,ucg,1,1,1.000000
Galaxy,vHb,1,2,0.500000
Galaxy,x,1,1,1.000000
Galaxy,y,1,1,1.000000
Galaxy,year,1,1,1.000000
Galaxy,differentFrom,1,1,1.000000
ChemicalCompound,fdaUniiCode,1,1,1.000000
ChemicalCompound,inchi,1,1,1.000000
ChemicalCompound,acgihTlvTwa,1,1,1.000000
ChemicalCompound,altsymbols,1,1,1.000000
ChemicalCompound,annotBackgroundColor,1,1,1.000000
ChemicalCompound,at,1,1,1.000000
ChemicalCompound,authors,1,1,1.000000
ChemicalCompound,band,1,3,0.333333
ChemicalCompound,be,1,1,1.000000
ChemicalCompound,bg,1,1,1.000000
ChemicalCompound,bgcolor,1,1,1.000000
ChemicalCompound,boilingptNotes,1,1,1.000000
ChemicalCompound,bq,1,1,1.000000
ChemicalCompound,br,1,1,1.000000
ChemicalCompound,by,1,1,1.000000
ChemicalCompound,calciumMg,1,1,1.000000
ChemicalCompound,carbs,1,2,0.500000
ChemicalCompound,cas,1,1,1.000000
ChemicalCompound,cc,1,1,1.000000
ChemicalCompound,cl,1,1,1.000000
ChemicalCompound,cmyk,1,1,1.000000
ChemicalCompound,collvolpage,1,1,1.000000
ChemicalCompound,colvoll,1,1,1.000000
ChemicalCompound,comment,1,1,1.000000
ChemicalCompound,commonscat,1,2,0.500000
ChemicalCompound,containerOnly,1,46,0.021739
ChemicalCompound,course,1,1,1.000000
ChemicalCompound,cs1Dates,1,4,0.250000
ChemicalCompound,cy,1,1,1.000000
ChemicalCompound,cz,1,1,1.000000
ChemicalCompound,daate,1,1,1.000000
ChemicalCompound,de,1,1,1.000000
ChemicalCompound,discuss,1,1,1.000000
ChemicalCompound,dk,1,1,1.000000
ChemicalCompound,documenturl,1,1,1.000000
ChemicalCompound,ecologicaltype,1,1,1.000000
ChemicalCompound,ee,1,1,1.000000
ChemicalCompound,eh,1,1,1.000000
ChemicalCompound,es,1,1,1.000000
ChemicalCompound,fat,1,2,0.500000
ChemicalCompound,fate,1,1,1.000000
ChemicalCompound,fe,1,1,1.000000
ChemicalCompound,fi,1,1,1.000000
ChemicalCompound,file,1,1,1.000000
ChemicalCompound,flashptc,1,1,1.000000
ChemicalCompound,float,1,1,1.000000
ChemicalCompound,for,1,1,1.000000
ChemicalCompound,fr,1,1,1.000000
ChemicalCompound,genus,1,1,1.000000
ChemicalCompound,gr,1,1,1.000000
ChemicalCompound,headerAlign,1,4,0.250000
ChemicalCompound,health,1,2,0.500000
ChemicalCompound,hg,1,1,1.000000
ChemicalCompound,highEColor,1,1,1.000000
ChemicalCompound,highPhText,1,20,0.050000
ChemicalCompound,howedible,1,1,1.000000
ChemicalCompound,hr,1,1,1.000000
ChemicalCompound,hu,1,1,1.000000
ChemicalCompound,hymeniumtype,1,1,1.000000
ChemicalCompound,i,1,1,1.000000
ChemicalCompound,icon,1,3,0.333333
ChemicalCompound,ie,1,1,1.000000
ChemicalCompound,imageCaption,1,1,1.000000
ChemicalCompound,imageLeft,1,1,1.000000
ChemicalCompound,imageStyle,1,3,0.333333
ChemicalCompound,imageTop,1,1,1.000000
ChemicalCompound,imageUpright,1,1,1.000000
ChemicalCompound,inchi,1,1,1.000000
ChemicalCompound,inchikey,1,1,1.000000
ChemicalCompound,inn,1,1,1.000000
ChemicalCompound,innEma,1,1,1.000000
ChemicalCompound,innerstyle,1,2,0.500000
ChemicalCompound,issn,1,1,1.000000
ChemicalCompound,it,1,1,1.000000
ChemicalCompound,journal,1,1,1.000000
ChemicalCompound,jp,1,1,1.000000
ChemicalCompound,kcal,1,1,1.000000
ChemicalCompound,kj,1,1,1.000000
ChemicalCompound,l,1,1,1.000000
ChemicalCompound,label,1,1,1.000000
ChemicalCompound,labels,1,1,1.000000
ChemicalCompound,langcode,1,1,1.000000
ChemicalCompound,lcheading,1,1,1.000000
ChemicalCompound,legalAu,1,1,1.000000
ChemicalCompound,legalCa,1,1,1.000000
ChemicalCompound,legalEu,1,3,0.333333
ChemicalCompound,legalUk,1,2,0.500000
ChemicalCompound,license,1,1,1.000000
ChemicalCompound,licenseStatementUrl,1,1,1.000000
ChemicalCompound,link,1,1,1.000000
ChemicalCompound,locussupplementarydata,1,1,1.000000
ChemicalCompound,lowEColor,1,1,1.000000
ChemicalCompound,lowPhText,1,10,0.100000
ChemicalCompound,lt,1,1,1.000000
ChemicalCompound,lu,1,1,1.000000
ChemicalCompound,lv,1,1,1.000000
ChemicalCompound,magsus,1,1,1.000000
ChemicalCompound,mainhazards,1,1,1.000000
ChemicalCompound,majorProduct1Image,1,2,0.500000
ChemicalCompound,majorSubstrate,1,2,0.500000
ChemicalCompound,mode,1,1,1.000000
ChemicalCompound,molecularWeight,1,1,1.000000
ChemicalCompound,mt,1,1,1.000000
ChemicalCompound,mw,1,3,0.333333
ChemicalCompound,mx,1,1,1.000000
ChemicalCompound,na,1,1,1.000000
ChemicalCompound,niacinMg,1,1,1.000000
ChemicalCompound,nl,1,1,1.000000
ChemicalCompound,no,1,1,1.000000
ChemicalCompound,nocat,1,1,1.000000
ChemicalCompound,noteRefsNamed,1,1,1.000000
ChemicalCompound,onlinebooks,1,1,1.000000
ChemicalCompound,opmFamily,1,1,1.000000
ChemicalCompound,opmProtein,1,1,1.000000
ChemicalCompound,otherarticle,1,1,1.000000
ChemicalCompound,pdb,1,1,1.000000
ChemicalCompound,pelOsha,1,1,1.000000
ChemicalCompound,phosphorusMg,1,2,0.500000
ChemicalCompound,po,1,1,1.000000
ChemicalCompound,projection,1,1,1.000000
ChemicalCompound,protein,1,2,0.500000
ChemicalCompound,pt,1,1,1.000000
ChemicalCompound,publisher,1,1,1.000000
ChemicalCompound,pw,1,1,1.000000
ChemicalCompound,quoted,1,1,1.000000
ChemicalCompound,revProd,1,1,1.000000
ChemicalCompound,revSubst,1,1,1.000000
ChemicalCompound,riboflavinMg,1,1,1.000000
ChemicalCompound,ro,1,1,1.000000
ChemicalCompound,rtecs,1,1,1.000000
ChemicalCompound,salign,1,1,1.000000
ChemicalCompound,scale,1,1,1.000000
ChemicalCompound,se,1,1,1.000000
ChemicalCompound,seleniumUg,1,1,1.000000
ChemicalCompound,si,1,1,1.000000
ChemicalCompound,sign,1,1,1.000000
ChemicalCompound,sk,1,1,1.000000
ChemicalCompound,sodiumMg,1,1,1.000000
ChemicalCompound,sourceUsda,1,2,0.500000
ChemicalCompound,specificHeat,1,1,1.000000
ChemicalCompound,spelling,1,1,1.000000
ChemicalCompound,sporeprintcolor,1,1,1.000000
ChemicalCompound,state,1,1,1.000000
ChemicalCompound,stdinchi,1,6,0.166667
ChemicalCompound,stipecharacter,1,1,1.000000
ChemicalCompound,substrateImageSize,1,1,1.000000
ChemicalCompound,synonyms,1,1,1.000000
ChemicalCompound,taxid,1,1,1.000000
ChemicalCompound,taxon,1,1,1.000000
ChemicalCompound,tcdb,1,1,1.000000
ChemicalCompound,term,1,1,1.000000
ChemicalCompound,th,1,1,1.000000
ChemicalCompound,thiaminMg,1,1,1.000000
ChemicalCompound,titlestyle,1,30,0.033333
ChemicalCompound,toggle,1,2,0.500000
ChemicalCompound,topic,1,1,1.000000
ChemicalCompound,units,1,1,1.000000
ChemicalCompound,us,1,1,1.000000
ChemicalCompound,verifiedimages,1,35,0.028571
ChemicalCompound,vi,1,1,1.000000
ChemicalCompound,vicatB,1,1,1.000000
ChemicalCompound,vitcMg,1,1,1.000000
ChemicalCompound,voy,1,3,0.333333
ChemicalCompound,waterAbsorption24h,1,1,1.000000
ChemicalCompound,waterAbsorptionEq,1,1,1.000000
ChemicalCompound,whichgills,1,1,1.000000
ChemicalCompound,zvg,1,1,1.000000
AdministrativeRegion,leader,1,1,1.000000
AdministrativeRegion,%3F_,1,1,1.000000
AdministrativeRegion,2021Geocode,1,45,0.022222
AdministrativeRegion,a,1,1,1.000000
AdministrativeRegion,abbr,1,1,1.000000
AdministrativeRegion,about,1,3,0.333333
AdministrativeRegion,acting,1,1,1.000000
AdministrativeRegion,additionalInfo,1,1,1.000000
AdministrativeRegion,admCtrNameRef,1,1,1.000000
AdministrativeRegion,adminCenter,1,1,1.000000
AdministrativeRegion,adminCenterType,1,1,1.000000
AdministrativeRegion,administrativeDivision,1,1,1.000000
AdministrativeRegion,adoption,1,1,1.000000
AdministrativeRegion,age,1,1,1.000000
AdministrativeRegion,agency,1,1,1.000000
AdministrativeRegion,alsoKnownAs,1,1,1.000000
AdministrativeRegion,altCoat,1,1,1.000000
AdministrativeRegion,altName,1,1,1.000000
AdministrativeRegion,altnames,1,1,1.000000
AdministrativeRegion,åmliFolketparti,1,1,1.000000
AdministrativeRegion,ar,1,1,1.000000
AdministrativeRegion,arcAngleb,1,1,1.000000
AdministrativeRegion,arcAnglec,1,1,1.000000
AdministrativeRegion,arcGapb,1,1,1.000000
AdministrativeRegion,arcGapc,1,1,1.000000
AdministrativeRegion,archiveDate,1,2,0.500000
AdministrativeRegion,arcRadiusb,1,1,1.000000
AdministrativeRegion,arcRadiusc,1,1,1.000000
AdministrativeRegion,arcTextb,1,1,1.000000
AdministrativeRegion,arcTextc,1,1,1.000000
AdministrativeRegion,arcTextColorb,1,1,1.000000
AdministrativeRegion,arcTextColorc,1,1,1.000000
AdministrativeRegion,arcTextSizeb,1,1,1.000000
AdministrativeRegion,arcTextSizec,1,1,1.000000
AdministrativeRegion,areaBlank2Acre,1,1,1.000000
AdministrativeRegion,areaMetro,1,1,1.000000
AdministrativeRegion,areaRankLink,1,1,1.000000
AdministrativeRegion,areaTitle,1,1,1.000000
AdministrativeRegion,areaTotal,1,1,1.000000
AdministrativeRegion,areaTotalSqKm,1,1,1.000000
AdministrativeRegion,areaUrban,1,1,1.000000
AdministrativeRegion,areaUrbanFootnotes,1,2,0.500000
AdministrativeRegion,areaWaterHa,1,1,1.000000
AdministrativeRegion,artikel,1,1,1.000000
AdministrativeRegion,assemblyterm,1,1,1.000000
AdministrativeRegion,associateCircuitJudge,1,1,1.000000
AdministrativeRegion,associatecircuitjudgeparty,1,1,1.000000
AdministrativeRegion,augSnowDepthCm,1,2,0.500000
AdministrativeRegion,augSnowInch,1,36,0.027778
AdministrativeRegion,author1Link,1,1,1.000000
AdministrativeRegion,authority,1,1,1.000000
AdministrativeRegion,authors,1,1,1.000000
AdministrativeRegion,autoCaption,1,3,0.333333
AdministrativeRegion,autor,1,1,1.000000
AdministrativeRegion,averageElevationM,1,1,1.000000
AdministrativeRegion,avreageSalary,1,1,1.000000
AdministrativeRegion,backgroundColor,1,5,0.200000
AdministrativeRegion,bagde,1,1,1.000000
AdministrativeRegion,band,1,1,1.000000
AdministrativeRegion,barangay,1,1,1.000000
AdministrativeRegion,bc,1,1,1.000000
AdministrativeRegion,beginningLabel,1,3,0.333333
AdministrativeRegion,below,1,1,1.000000
AdministrativeRegion,berths,1,1,1.000000
AdministrativeRegion,biogeographicRealm,1,1,1.000000
AdministrativeRegion,biome,1,1,1.000000
AdministrativeRegion,birthDate,1,1,1.000000
AdministrativeRegion,birthPlace,1,1,1.000000
AdministrativeRegion,blank7Name,1,3,0.333333
AdministrativeRegion,blankEmblemLink,1,3,0.333333
AdministrativeRegion,bodyclass,1,1,1.000000
AdministrativeRegion,book,1,1,1.000000
AdministrativeRegion,borderColor,1,1,1.000000
AdministrativeRegion,borders,1,1,1.000000
AdministrativeRegion,boxType,1,1,1.000000
AdministrativeRegion,branches,1,1,1.000000
AdministrativeRegion,buildings,1,1,1.000000
AdministrativeRegion,by,1,3,0.333333
AdministrativeRegion,candidatetitle,1,1,1.000000
AdministrativeRegion,cap,1,1,1.000000
AdministrativeRegion,capitalAndLargestTown,1,1,1.000000
AdministrativeRegion,captionBathymetry,1,1,1.000000
AdministrativeRegion,captionFlag,1,1,1.000000
AdministrativeRegion,catchment,1,1,1.000000
AdministrativeRegion,cctld,1,1,1.000000
AdministrativeRegion,cdivision,1,1,1.000000
AdministrativeRegion,cellpadding,1,11,0.090909
AdministrativeRegion,chairmanOfFatherlandFrontCommittees,1,1,1.000000
AdministrativeRegion,chairmanOfThePeople'sCommittee,1,1,1.000000
AdministrativeRegion,chairmanOfThePeople'sCouncil,1,1,1.000000
AdministrativeRegion,chiefJusticeOfThePeople'sCourt,1,1,1.000000
AdministrativeRegion,chieftownsType,1,1,1.000000
AdministrativeRegion,child1agency,1,1,1.000000
AdministrativeRegion,children,1,1,1.000000
AdministrativeRegion,chuhan,1,1,1.000000
AdministrativeRegion,chunom,1,1,1.000000
AdministrativeRegion,ci,1,2,0.500000
AdministrativeRegion,circuitjudge,1,1,1.000000
AdministrativeRegion,circuitjudgeparty,1,1,1.000000
AdministrativeRegion,client,1,1,1.000000
AdministrativeRegion,closingYear,1,1,1.000000
AdministrativeRegion,coastlineKm,1,1,1.000000
AdministrativeRegion,coatlink,1,1,1.000000
AdministrativeRegion,code1Name,1,5,0.200000
AdministrativeRegion,code2Name,1,5,0.200000
AdministrativeRegion,col,1,1,1.000000
AdministrativeRegion,collapse,1,1,1.000000
AdministrativeRegion,collapsedState,1,2,0.500000
AdministrativeRegion,collectionSize,1,1,1.000000
AdministrativeRegion,collectorParty,1,1,1.000000
AdministrativeRegion,colorBorder,1,1,1.000000
AdministrativeRegion,colours,1,1,1.000000
AdministrativeRegion,comment,1,1,1.000000
AdministrativeRegion,committees,1,1,1.000000
AdministrativeRegion,completionDate,1,1,1.000000
AdministrativeRegion,confidence,1,1,1.000000
AdministrativeRegion,conservation,1,1,1.000000
AdministrativeRegion,constituencies,1,1,1.000000
AdministrativeRegion,constituency,1,1,1.000000
AdministrativeRegion,constituencyNo,1,1,1.000000
AdministrativeRegion,context,1,4,0.250000
AdministrativeRegion,continent,1,2,0.500000
AdministrativeRegion,coordinates.Region,1,1,1.000000
AdministrativeRegion,coordinatesRegion,1,1,1.000000
AdministrativeRegion,coordinatesType,1,1,1.000000
AdministrativeRegion,coordscale,1,10,0.100000
AdministrativeRegion,coronet,1,1,1.000000
AdministrativeRegion,counties,1,165,0.006061
AdministrativeRegion,country1AdminDivisions,1,1,1.000000
AdministrativeRegion,country1AdminDivisionsTitle,1,1,1.000000
AdministrativeRegion,countyTown,1,1,1.000000
AdministrativeRegion,court,1,1,1.000000
AdministrativeRegion,cover,1,1,1.000000
AdministrativeRegion,css,1,1,1.000000
AdministrativeRegion,currency,1,1,1.000000
AdministrativeRegion,cursign,1,1,1.000000
AdministrativeRegion,danger,1,1,1.000000
AdministrativeRegion,dare,1,1,1.000000
AdministrativeRegion,data2Off,1,1,1.000000
AdministrativeRegion,data2Title,1,1,1.000000
AdministrativeRegion,data3Off,1,1,1.000000
AdministrativeRegion,data3Title,1,1,1.000000
AdministrativeRegion,data4Title,1,2,0.500000
AdministrativeRegion,data4Unsortable,1,2,0.500000
AdministrativeRegion,data4Width,1,1,1.000000
AdministrativeRegion,data5Title,1,1,1.000000
AdministrativeRegion,dateDecided,1,1,1.000000
AdministrativeRegion,datee,1,1,1.000000
AdministrativeRegion,dateEstablished,1,1,1.000000
AdministrativeRegion,datte,1,1,1.000000
AdministrativeRegion,deathDate,1,1,1.000000
AdministrativeRegion,deathPlace,1,1,1.000000
AdministrativeRegion,decisionBy,1,1,1.000000
AdministrativeRegion,demoAreaRef,1,1,1.000000
AdministrativeRegion,demoCds,1,1,1.000000
AdministrativeRegion,demoElectorsRef,1,3,0.333333
AdministrativeRegion,demographics1Demonym,1,1,1.000000
AdministrativeRegion,demographics1Footnotes,1,23,0.043478
AdministrativeRegion,demographics2Footnotes,1,15,0.066667
AdministrativeRegion,densityCouncil,1,1,1.000000
AdministrativeRegion,densityFootnotes,1,1,1.000000
AdministrativeRegion,department,1,1,1.000000
AdministrativeRegion,designatedOther,1,1,1.000000
AdministrativeRegion,designatedOther1Date,1,1,1.000000
AdministrativeRegion,designatedOther1Number,1,1,1.000000
AdministrativeRegion,designatedOther1NumPosition,1,1,1.000000
AdministrativeRegion,designation1Free3name,1,2,0.500000
AdministrativeRegion,designation2Criteria,1,1,1.000000
AdministrativeRegion,designation2Free1name,1,1,1.000000
AdministrativeRegion,designation2Free1value,1,1,1.000000
AdministrativeRegion,designation2Free3name,1,2,0.500000
AdministrativeRegion,designation3Criteria,1,1,1.000000
AdministrativeRegion,designation3Date,1,1,1.000000
AdministrativeRegion,designation3Offname,1,1,1.000000
AdministrativeRegion,designation3Type,1,1,1.000000
AdministrativeRegion,developer,1,1,1.000000
AdministrativeRegion,diallingCode,1,1,1.000000
AdministrativeRegion,directionA,1,1,1.000000
AdministrativeRegion,directionB,1,1,1.000000
AdministrativeRegion,disbanded,1,1,1.000000
AdministrativeRegion,discharge,1,1,1.000000
AdministrativeRegion,discoveryYear,1,1,1.000000
AdministrativeRegion,disestablishedDate,1,1,1.000000
AdministrativeRegion,districtCapital,1,1,1.000000
AdministrativeRegion,districteastparty,1,2,0.500000
AdministrativeRegion,districtnorthparty,1,3,0.333333
AdministrativeRegion,districtPartyCommitteeSecretary,1,1,1.000000
AdministrativeRegion,districtsouthparty,1,3,0.333333
AdministrativeRegion,districtwestparty,1,2,0.500000
AdministrativeRegion,divisionType,1,2,0.500000
AdministrativeRegion,v,1,1,1.000000
AdministrativeRegion,h,1,1,1.000000
AdministrativeRegion,sp,1,1,1.000000
AdministrativeRegion,krf,1,1,1.000000
AdministrativeRegion,downstream,1,1,1.000000
AdministrativeRegion,draftDepth,1,1,1.000000
AdministrativeRegion,drighraUnionCounsil,1,1,1.000000
AdministrativeRegion,drImranUlHassanKhwaja,1,1,1.000000
AdministrativeRegion,dungan,1,1,1.000000
AdministrativeRegion,dwgs,1,1,1.000000
AdministrativeRegion,ecclesiasticalRegion,1,3,0.333333
AdministrativeRegion,edition,1,2,0.500000
AdministrativeRegion,education,1,1,1.000000
AdministrativeRegion,efu,1,1,1.000000
AdministrativeRegion,elavationMaxPoint,1,1,1.000000
AdministrativeRegion,elevationMMax,1,1,1.000000
AdministrativeRegion,embed,1,1,1.000000
AdministrativeRegion,emblemCaption,1,1,1.000000
AdministrativeRegion,emblemLink,1,1,1.000000
AdministrativeRegion,emblemSize,1,1,1.000000
AdministrativeRegion,ended,1,1,1.000000
AdministrativeRegion,enthroned,1,1,1.000000
AdministrativeRegion,est%5D%5D_,1,1,1.000000
AdministrativeRegion,establishedV,1,1,1.000000
AdministrativeRegion,establishment,1,1,1.000000
AdministrativeRegion,ethnicGroup,1,1,1.000000
AdministrativeRegion,exinctTitle,1,1,1.000000
AdministrativeRegion,exOfficoOllector,1,1,1.000000
AdministrativeRegion,exOfficoRecorder,1,1,1.000000
AdministrativeRegion,expiry,1,1,1.000000
AdministrativeRegion,extension,1,1,1.000000
AdministrativeRegion,fa,1,1,1.000000
AdministrativeRegion,failed,1,1,1.000000
AdministrativeRegion,fedRepLink,1,1,1.000000
AdministrativeRegion,fetchwikidata,1,1,1.000000
AdministrativeRegion,fileno,1,1,1.000000
AdministrativeRegion,fillOpacity,1,2,0.500000
AdministrativeRegion,flagborder,1,1,1.000000
AdministrativeRegion,flagBorder,1,18,0.055556
AdministrativeRegion,flagcaption,1,1,1.000000
AdministrativeRegion,flagWl,1,1,1.000000
AdministrativeRegion,folkdance,1,1,1.000000
AdministrativeRegion,footerBackground,1,1,1.000000
AdministrativeRegion,footnote,1,1,1.000000
AdministrativeRegion,format,1,1,1.000000
AdministrativeRegion,formerly,1,1,1.000000
AdministrativeRegion,formerNames,1,1,1.000000
AdministrativeRegion,fr,1,1,1.000000
AdministrativeRegion,frameLatitude,1,1,1.000000
AdministrativeRegion,frameLongitude,1,1,1.000000
AdministrativeRegion,frameStyle,1,1,1.000000
AdministrativeRegion,frog,1,1,1.000000
AdministrativeRegion,fromterms%23_,1,1,1.000000
AdministrativeRegion,frozen,1,1,1.000000
AdministrativeRegion,sp,1,1,1.000000
AdministrativeRegion,v,1,1,1.000000
AdministrativeRegion,fullName,1,1,1.000000
AdministrativeRegion,fylke,1,19,0.052632
AdministrativeRegion,rv,1,1,1.000000
AdministrativeRegion,game,1,1,1.000000
AdministrativeRegion,gap,1,1,1.000000
AdministrativeRegion,gdp(nominal)_,1,1,1.000000
AdministrativeRegion,gdpNominal,1,1,1.000000
AdministrativeRegion,gdpNominalPerCapita,1,1,1.000000
AdministrativeRegion,gdpNominalPerCapitaRank,1,1,1.000000
AdministrativeRegion,gdpNominalPerCapitaRankLink,1,1,1.000000
AdministrativeRegion,gdpNominalRank,1,1,1.000000
AdministrativeRegion,gdpNominalRankLink,1,1,1.000000
AdministrativeRegion,gdpNominalType,1,1,1.000000
AdministrativeRegion,gdpNominalYear,1,1,1.000000
AdministrativeRegion,gdpPerCapita,1,1,1.000000
AdministrativeRegion,genre,1,1,1.000000
AdministrativeRegion,geolocation,1,1,1.000000
AdministrativeRegion,gliederung,1,1,1.000000
AdministrativeRegion,governmentBlank3Title,1,1,1.000000
AdministrativeRegion,gridName,1,4,0.250000
AdministrativeRegion,groundbreaking,1,1,1.000000
AdministrativeRegion,groundbreakingDate,1,1,1.000000
AdministrativeRegion,kyst,1,1,1.000000
AdministrativeRegion,hdi(2018)_,1,1,1.000000
AdministrativeRegion,hdiChange,1,2,0.500000
AdministrativeRegion,hdiRankLink,1,1,1.000000
AdministrativeRegion,headerBackground,1,1,1.000000
AdministrativeRegion,headerstyle,1,30,0.033333
AdministrativeRegion,headquarterOfThePeople'sCommittee,1,1,1.000000
AdministrativeRegion,herad,1,553,0.001808
AdministrativeRegion,herred,1,241,0.004149
AdministrativeRegion,hex,1,1,1.000000
AdministrativeRegion,highest,1,1,1.000000
AdministrativeRegion,honorificPrefix,1,1,1.000000
AdministrativeRegion,hotSpringType,1,1,1.000000
AdministrativeRegion,humidityColour,1,90,0.011111
AdministrativeRegion,iageCaption,1,1,1.000000
AdministrativeRegion,iboxOrder,1,20,0.050000
AdministrativeRegion,ids,1,1,1.000000
AdministrativeRegion,ihdi,1,1,1.000000
AdministrativeRegion,imagCaption,1,1,1.000000
AdministrativeRegion,image+caption,1,1,1.000000
AdministrativeRegion,imageCapture,1,1,1.000000
AdministrativeRegion,imageCpation,1,1,1.000000
AdministrativeRegion,imageGap,1,1,1.000000
AdministrativeRegion,imageLocation,1,1,1.000000
AdministrativeRegion,imageMapCalifornia,1,1,1.000000
AdministrativeRegion,imageMapsize,1,1,1.000000
AdministrativeRegion,imperialUnit,1,1,1.000000
AdministrativeRegion,in,1,1,1.000000
AdministrativeRegion,increase,1,1,1.000000
AdministrativeRegion,increaseRefnum,1,1,1.000000
AdministrativeRegion,indent,1,1,1.000000
AdministrativeRegion,independence,1,1,1.000000
AdministrativeRegion,index,1,1,1.000000
AdministrativeRegion,indianPacific,1,2,0.500000
AdministrativeRegion,inline,1,56,0.017857
AdministrativeRegion,input,1,7,0.142857
AdministrativeRegion,insignia,1,26,0.038462
AdministrativeRegion,insigniacaption,1,26,0.038462
AdministrativeRegion,insigniasize,1,26,0.038462
AdministrativeRegion,instagram,1,1,1.000000
AdministrativeRegion,isccname,1,1,1.000000
AdministrativeRegion,islands,1,1,1.000000
AdministrativeRegion,islandType,1,1,1.000000
AdministrativeRegion,italicTitle,1,2,0.500000
AdministrativeRegion,itemsCollected,1,1,1.000000
AdministrativeRegion,iucnRef,1,2,0.500000
AdministrativeRegion,julSnowDepthCm,1,2,0.500000
AdministrativeRegion,junSnowDepthCm,1,2,0.500000
AdministrativeRegion,v,1,1,1.000000
AdministrativeRegion,karte,1,1,1.000000
AdministrativeRegion,katakana,1,1,1.000000
AdministrativeRegion,kmArea,1,1,1.000000
AdministrativeRegion,kmCoastline,1,1,1.000000
AdministrativeRegion,kyst,1,1,1.000000
AdministrativeRegion,label2Size,1,1,1.000000
AdministrativeRegion,label3Size,1,1,1.000000
AdministrativeRegion,label4Size,1,1,1.000000
AdministrativeRegion,labels,1,294,0.003401
AdministrativeRegion,ladested,1,1,1.000000
AdministrativeRegion,landArea,1,1,1.000000
AdministrativeRegion,landrank,1,1,1.000000
AdministrativeRegion,largest,1,15,0.066667
AdministrativeRegion,county,1,1,1.000000
AdministrativeRegion,lastEruption,1,1,1.000000
AdministrativeRegion,latns,1,105,0.009524
AdministrativeRegion,lats,1,1,1.000000
AdministrativeRegion,lattitude,1,1,1.000000
AdministrativeRegion,lcheading,1,1,1.000000
AdministrativeRegion,mbI,1,1,1.000000
AdministrativeRegion,legalpersonality,1,1,1.000000
AdministrativeRegion,legend,1,1,1.000000
AdministrativeRegion,legend1start,1,13,0.076923
AdministrativeRegion,lengthOrientation,1,1,1.000000
AdministrativeRegion,lhasa,1,1,1.000000
AdministrativeRegion,libraryName,1,1,1.000000
AdministrativeRegion,listclass,1,4,0.250000
AdministrativeRegion,literacyRate,1,1,1.000000
AdministrativeRegion,localName,1,1,1.000000
AdministrativeRegion,locationTown,1,1,1.000000
AdministrativeRegion,lonDir,1,6,0.166667
AdministrativeRegion,longs,1,1,1.000000
AdministrativeRegion,dpl,1,74,0.013514
AdministrativeRegion,majorIslands,1,1,1.000000
AdministrativeRegion,majorsites,1,1,1.000000
AdministrativeRegion,majorTouristAttraction,1,1,1.000000
AdministrativeRegion,manager,1,1,1.000000
AdministrativeRegion,mapa,1,1,1.000000
AdministrativeRegion,mapalt,1,1,1.000000
AdministrativeRegion,mapCap,1,59,0.016949
AdministrativeRegion,mapcaption,1,1,1.000000
AdministrativeRegion,mapframe,1,7,0.142857
AdministrativeRegion,mapImage,1,2,0.500000
AdministrativeRegion,marAlt,1,1,1.000000
AdministrativeRegion,margin,1,3,0.333333
AdministrativeRegion,markerColor,1,1,1.000000
AdministrativeRegion,markImage,1,1,1.000000
AdministrativeRegion,marsupial,1,1,1.000000
AdministrativeRegion,matAlt,1,1,1.000000
AdministrativeRegion,maxAltitude,1,1,1.000000
AdministrativeRegion,maxtempFootnotes,1,3,0.333333
AdministrativeRegion,mayorName,1,1,1.000000
AdministrativeRegion,mayorOffice,1,1,1.000000
AdministrativeRegion,mc,1,1,1.000000
AdministrativeRegion,mean,1,1,1.000000
AdministrativeRegion,membersOfParliament,1,1,1.000000
AdministrativeRegion,men,1,1,1.000000
AdministrativeRegion,metricUnit,1,1,1.000000
AdministrativeRegion,minAltitude,1,1,1.000000
AdministrativeRegion,minimap,1,7,0.142857
AdministrativeRegion,mlcts,1,1,1.000000
AdministrativeRegion,mncV,1,1,1.000000
AdministrativeRegion,mnid,1,1,1.000000
AdministrativeRegion,mode,1,4,0.250000
AdministrativeRegion,motive,1,1,1.000000
AdministrativeRegion,mottotranslated,1,1,1.000000
AdministrativeRegion,mp,1,1,1.000000
AdministrativeRegion,ms,1,1,1.000000
AdministrativeRegion,multiline,1,1,1.000000
AdministrativeRegion,munFormation1Refation1LeaderTitle,1,14,0.071429
AdministrativeRegion,munFormation1RepresentativeBodyRef,1,1,1.000000
AdministrativeRegion,mw,1,38,0.026316
AdministrativeRegion,name1a,1,1,1.000000
AdministrativeRegion,name2a,1,1,1.000000
AdministrativeRegion,name3a,1,1,1.000000
AdministrativeRegion,name3b,1,1,1.000000
AdministrativeRegion,name3c,1,1,1.000000
AdministrativeRegion,name4a,1,1,1.000000
AdministrativeRegion,name5a,1,1,1.000000
AdministrativeRegion,name5b,1,1,1.000000
AdministrativeRegion,name6a,1,1,1.000000
AdministrativeRegion,name6b,1,1,1.000000
AdministrativeRegion,name7a,1,1,1.000000
AdministrativeRegion,NameLang,1,1,1.000000
AdministrativeRegion,nameLink,1,1,1.000000
AdministrativeRegion,namesake,1,1,1.000000
AdministrativeRegion,nationalAnthem,1,1,1.000000
AdministrativeRegion,nativeName(malay)_,1,1,1.000000
AdministrativeRegion,nativename,1,1,1.000000
AdministrativeRegion,nativeNameJoe,1,1,1.000000
AdministrativeRegion,nativeNameLanguage,1,1,1.000000
AdministrativeRegion,nativeNameWannajaiseang,1,1,1.000000
AdministrativeRegion,nativeNameیاروستایبهار,1,1,1.000000
AdministrativeRegion,navbar,1,3,0.333333
AdministrativeRegion,nearestCity,1,1,1.000000
AdministrativeRegion,neighborhood,1,1,1.000000
AdministrativeRegion,newspaperRef,1,1,1.000000
AdministrativeRegion,nkmr,1,1,1.000000
AdministrativeRegion,sv,1,1,1.000000
AdministrativeRegion,nkrr,1,1,1.000000
AdministrativeRegion,nocat,1,4,0.250000
AdministrativeRegion,nocatWdimage,1,2,0.500000
AdministrativeRegion,noIcon,1,4,0.250000
AdministrativeRegion,nolabels,1,3,0.333333
AdministrativeRegion,nolink,1,1,1.000000
AdministrativeRegion,nonav,1,2,0.500000
AdministrativeRegion,nopct,1,1,1.000000
AdministrativeRegion,northEast,1,1,1.000000
AdministrativeRegion,northkorea,1,4,0.250000
AdministrativeRegion,nrhpType,1,4,0.250000
AdministrativeRegion,numberOfJudges,1,1,1.000000
AdministrativeRegion,numberOfRepresentativesElectedToU.s.Congress,1,1,1.000000
AdministrativeRegion,numBranches,1,1,1.000000
AdministrativeRegion,numEmployees,1,1,1.000000
AdministrativeRegion,nynorsk,1,172,0.005814
AdministrativeRegion,ob,1,1,1.000000
AdministrativeRegion,officialLanguage,1,1,1.000000
AdministrativeRegion,officialLanguages,1,1,1.000000
AdministrativeRegion,officialName%5E%5E%5Eemilyvvvv%5E%5E%5E_,1,1,1.000000
AdministrativeRegion,oldCapital,1,1,1.000000
AdministrativeRegion,onewayLeft,1,1,1.000000
AdministrativeRegion,onewayRight,1,1,1.000000
AdministrativeRegion,onlinebooks,1,4,0.250000
AdministrativeRegion,ons,1,1,1.000000
AdministrativeRegion,opened,1,1,1.000000
AdministrativeRegion,openedDate,1,1,1.000000
AdministrativeRegion,openingYear,1,1,1.000000
AdministrativeRegion,operated,1,1,1.000000
AdministrativeRegion,otherLanguage,1,2,0.500000
AdministrativeRegion,othername,1,1,1.000000
AdministrativeRegion,others,1,3,0.333333
AdministrativeRegion,otherSymbol,1,1,1.000000
AdministrativeRegion,otherSymbolType,1,1,1.000000
AdministrativeRegion,overlay10colour,1,1,1.000000
AdministrativeRegion,overlay10form,1,1,1.000000
AdministrativeRegion,overlay11colour,1,1,1.000000
AdministrativeRegion,overlay11form,1,1,1.000000
AdministrativeRegion,overlay12colour,1,1,1.000000
AdministrativeRegion,overlay12form,1,1,1.000000
AdministrativeRegion,overlay1form,1,13,0.076923
AdministrativeRegion,overlay1left,1,1,1.000000
AdministrativeRegion,overlay1tip,1,1,1.000000
AdministrativeRegion,overlay1top,1,1,1.000000
AdministrativeRegion,overlay2form,1,13,0.076923
AdministrativeRegion,overlay2left,1,1,1.000000
AdministrativeRegion,overlay2tip,1,1,1.000000
AdministrativeRegion,overlay2top,1,1,1.000000
AdministrativeRegion,overlay3colour,1,13,0.076923
AdministrativeRegion,overlay3form,1,13,0.076923
AdministrativeRegion,overlay4colour,1,12,0.083333
AdministrativeRegion,overlay4form,1,12,0.083333
AdministrativeRegion,overlay5colour,1,9,0.111111
AdministrativeRegion,overlay5form,1,9,0.111111
AdministrativeRegion,overlay6colour,1,6,0.166667
AdministrativeRegion,overlay6form,1,6,0.166667
AdministrativeRegion,overlay7colour,1,5,0.200000
AdministrativeRegion,overlay7form,1,5,0.200000
AdministrativeRegion,overlay8colour,1,1,1.000000
AdministrativeRegion,overlay8form,1,1,1.000000
AdministrativeRegion,overlay9colour,1,1,1.000000
AdministrativeRegion,overlay9form,1,1,1.000000
AdministrativeRegion,owners,1,1,1.000000
AdministrativeRegion,ownership,1,1,1.000000
AdministrativeRegion,parentagency,1,1,1.000000
AdministrativeRegion,parentPeak,1,2,0.500000
AdministrativeRegion,parentTribe,1,1,1.000000
AdministrativeRegion,parlName,1,1,1.000000
AdministrativeRegion,part1Choice1Color,1,1,1.000000
AdministrativeRegion,part1Choice2Color,1,1,1.000000
AdministrativeRegion,partOf,1,1,1.000000
AdministrativeRegion,partyColour,1,3,0.333333
AdministrativeRegion,partyterm%23_,1,1,1.000000
AdministrativeRegion,patronSaint,1,1,1.000000
AdministrativeRegion,pd,1,1,1.000000
AdministrativeRegion,peak,1,1,1.000000
AdministrativeRegion,perps,1,1,1.000000
AdministrativeRegion,photo2e,1,1,1.000000
AdministrativeRegion,photo3c,1,1,1.000000
AdministrativeRegion,photo4a,1,1,1.000000
AdministrativeRegion,photos,1,1,1.000000
AdministrativeRegion,photoSize,1,1,1.000000
AdministrativeRegion,picwidth,1,1,1.000000
AdministrativeRegion,places,1,3,0.333333
AdministrativeRegion,plantext,1,1,1.000000
AdministrativeRegion,pop2010Census,1,1,1.000000
AdministrativeRegion,pop2Footnotes,1,2,0.500000
AdministrativeRegion,popEstFootnotes,1,1,1.000000
AdministrativeRegion,popisi,1,20,0.050000
AdministrativeRegion,popRank,1,1,1.000000
AdministrativeRegion,popServed,1,1,1.000000
AdministrativeRegion,populatio4nTotal,1,1,1.000000
AdministrativeRegion,population.,1,1,1.000000
AdministrativeRegion,populationBlank3Title,1,1,1.000000
AdministrativeRegion,populationCouncil,1,1,1.000000
AdministrativeRegion,populationDensityBlank2SqMi,1,1,1.000000
AdministrativeRegion,populationDensityMetroSqMi,1,2,0.500000
AdministrativeRegion,populationDensityRankLink,1,1,1.000000
AdministrativeRegion,populationDensityRuralKm,1,2,0.500000
AdministrativeRegion,populationDensityRuralSqMi,1,1,1.000000
AdministrativeRegion,populationDensitySqKm,1,1,1.000000
AdministrativeRegion,populationDensityUrbanSqMi,1,2,0.500000
AdministrativeRegion,populationEstimate,1,1,1.000000
AdministrativeRegion,populationEstimateRank,1,1,1.000000
AdministrativeRegion,populationFemale,1,1,1.000000
AdministrativeRegion,populationFemales,1,1,1.000000
AdministrativeRegion,populationGroupOfPeopleCalled,1,1,1.000000
AdministrativeRegion,populationHouseholds,1,1,1.000000
AdministrativeRegion,populationMales,1,1,1.000000
AdministrativeRegion,populationRankLink,1,1,1.000000
AdministrativeRegion,populationSc,1,1,1.000000
AdministrativeRegion,populationSt,1,1,1.000000
AdministrativeRegion,populationTitle,1,1,1.000000
AdministrativeRegion,populationUrbanFootnotes,1,3,0.333333
AdministrativeRegion,populationYears,1,1,1.000000
AdministrativeRegion,por,1,1,1.000000
AdministrativeRegion,postalabbreviation,1,1,1.000000
AdministrativeRegion,postalCoed,1,1,1.000000
AdministrativeRegion,postText,1,1,1.000000
AdministrativeRegion,postTown,1,1,1.000000
AdministrativeRegion,preceding,1,1,1.000000
AdministrativeRegion,precipDaysColour,1,1,1.000000
AdministrativeRegion,precipitationColour,1,2083,0.000480
AdministrativeRegion,predecessor,1,1,1.000000
AdministrativeRegion,prefix,1,3,0.333333
AdministrativeRegion,premierships,1,1,1.000000
AdministrativeRegion,presidentOfTheSenate,1,1,1.000000
AdministrativeRegion,prev,1,1,1.000000
AdministrativeRegion,previous,1,1,1.000000
AdministrativeRegion,procRepPartyLink,1,1,1.000000
AdministrativeRegion,products,1,1,1.000000
AdministrativeRegion,proportion,1,1,1.000000
AdministrativeRegion,proposedCapital,1,1,1.000000
AdministrativeRegion,prosecutingAttorney,1,1,1.000000
AdministrativeRegion,prosecutingAttorneyparty,1,1,1.000000
AdministrativeRegion,prosecutorGeneralOfThePeople’sProcuracy,1,1,1.000000
AdministrativeRegion,protected,1,1,1.000000
AdministrativeRegion,protectedRef,1,1,1.000000
AdministrativeRegion,provCraeted,1,1,1.000000
AdministrativeRegion,provDistrictNumber,1,1,1.000000
AdministrativeRegion,provElectionFrst,1,1,1.000000
AdministrativeRegion,provinceWebsite,1,1,1.000000
AdministrativeRegion,punct,1,1,1.000000
AdministrativeRegion,pushmap,1,1,1.000000
AdministrativeRegion,pushpinCaption,1,1,1.000000
AdministrativeRegion,pushpinLabelPositionP,1,1,1.000000
AdministrativeRegion,pushpivNMapCaption,1,1,1.000000
AdministrativeRegion,r,1,1,1.000000
AdministrativeRegion,r1LengthM,1,1,1.000000
AdministrativeRegion,r2LengthF,1,1,1.000000
AdministrativeRegion,r2Number,1,1,1.000000
AdministrativeRegion,r2Surface,1,1,1.000000
AdministrativeRegion,r3LengthF,1,1,1.000000
AdministrativeRegion,r3Number,1,1,1.000000
AdministrativeRegion,r3Surface,1,1,1.000000
AdministrativeRegion,race,1,1,1.000000
AdministrativeRegion,radius,1,1,1.000000
AdministrativeRegion,rainColour,1,226,0.004425
AdministrativeRegion,range,1,1,1.000000
AdministrativeRegion,rank,1,1,1.000000
AdministrativeRegion,readmittancedate,1,1,1.000000
AdministrativeRegion,redistricting,1,1,1.000000
AdministrativeRegion,refArea,1,1,1.000000
AdministrativeRegion,refs,1,1,1.000000
AdministrativeRegion,regionalLanguages,1,1,1.000000
AdministrativeRegion,regions,1,3,0.333333
AdministrativeRegion,regionSeatWidth,1,2,0.500000
AdministrativeRegion,regionServed,1,1,1.000000
AdministrativeRegion,regionTitle,1,1,1.000000
AdministrativeRegion,regionType,1,7,0.142857
AdministrativeRegion,registrationPlate.,1,1,1.000000
AdministrativeRegion,repterms,1,1,1.000000
AdministrativeRegion,revision,1,1,1.000000
AdministrativeRegion,ridingName,1,1,1.000000
AdministrativeRegion,river,1,1,1.000000
AdministrativeRegion,route,1,1,1.000000
AdministrativeRegion,rows,1,1,1.000000
AdministrativeRegion,g,1,1,1.000000
AdministrativeRegion,nkp,1,3,0.333333
AdministrativeRegion,salamander,1,1,1.000000
AdministrativeRegion,salign,1,2,0.500000
AdministrativeRegion,script,1,1,1.000000
AdministrativeRegion,sealCaption,1,1,1.000000
AdministrativeRegion,seallink,1,1,1.000000
AdministrativeRegion,sealsize,1,4,0.250000
AdministrativeRegion,seats5Title,1,1,1.000000
AdministrativeRegion,seats6Title,1,1,1.000000
AdministrativeRegion,seats7Title,1,1,1.000000
AdministrativeRegion,seats8Title,1,1,1.000000
AdministrativeRegion,seatTitle,1,9,0.111111
AdministrativeRegion,secededdate,1,1,1.000000
AdministrativeRegion,senatePresidentProTempore,1,1,1.000000
AdministrativeRegion,sep,1,1,1.000000
AdministrativeRegion,settled,1,1,1.000000
AdministrativeRegion,short,1,1,1.000000
AdministrativeRegion,showcabinet,1,1,1.000000
AdministrativeRegion,showcoalition,1,1,1.000000
AdministrativeRegion,showelection,1,1,1.000000
AdministrativeRegion,showimage,1,2,0.500000
AdministrativeRegion,showorder,1,1,1.000000
AdministrativeRegion,showparty,1,2,0.500000
AdministrativeRegion,showref,1,1,1.000000
AdministrativeRegion,showtermend,1,1,1.000000
AdministrativeRegion,showtermlenght,1,2,0.500000
AdministrativeRegion,showtermstart,1,1,1.000000
AdministrativeRegion,shrink,1,1,1.000000
AdministrativeRegion,sic,1,1,1.000000
AdministrativeRegion,snowColour,1,4,0.250000
AdministrativeRegion,sobriquet,1,1,1.000000
AdministrativeRegion,sourcepath,1,1,1.000000
AdministrativeRegion,kyst,1,1,1.000000
AdministrativeRegion,spalten,1,1,1.000000
AdministrativeRegion,speakerOfTheHouse,1,1,1.000000
AdministrativeRegion,speciality,1,1,1.000000
AdministrativeRegion,species,1,52,0.019231
AdministrativeRegion,speciesAuthor,1,1,1.000000
AdministrativeRegion,spouse,1,1,1.000000
AdministrativeRegion,ss,1,1,1.000000
AdministrativeRegion,stadiumName,1,1,1.000000
AdministrativeRegion,startYear,1,1,1.000000
AdministrativeRegion,province,1,1,1.000000
AdministrativeRegion,stateLawEnforcement,1,1,1.000000
AdministrativeRegion,stateNumber,1,1,1.000000
AdministrativeRegion,stateRep,1,2,0.500000
AdministrativeRegion,stateSen,1,2,0.500000
AdministrativeRegion,strokeColour,1,6,0.166667
AdministrativeRegion,structuralSystem,1,1,1.000000
AdministrativeRegion,Style,1,1,1.000000
AdministrativeRegion,sub,1,1,1.000000
AdministrativeRegion,subdivionType,1,1,1.000000
AdministrativeRegion,subdivisiomName,1,1,1.000000
AdministrativeRegion,subdivisionNa,1,1,1.000000
AdministrativeRegion,subdivtype,1,20,0.050000
AdministrativeRegion,succeededBy,1,1,1.000000
AdministrativeRegion,successor,1,1,1.000000
AdministrativeRegion,summary,1,1,1.000000
AdministrativeRegion,surface,1,1,1.000000
AdministrativeRegion,survey,1,1,1.000000
AdministrativeRegion,g,1,2,0.500000
AdministrativeRegion,symbolWidth,1,1,1.000000
AdministrativeRegion,ta,1,2,0.500000
AdministrativeRegion,tableStyle,1,4,0.250000
AdministrativeRegion,target,1,1,1.000000
AdministrativeRegion,temperature,1,1,1.000000
AdministrativeRegion,temperatureColour,1,12,0.083333
AdministrativeRegion,tenants,1,1,1.000000
AdministrativeRegion,term1a,1,1,1.000000
AdministrativeRegion,term2a,1,1,1.000000
AdministrativeRegion,term3a,1,1,1.000000
AdministrativeRegion,term3b,1,1,1.000000
AdministrativeRegion,term3c,1,1,1.000000
AdministrativeRegion,term4a,1,1,1.000000
AdministrativeRegion,term5a,1,1,1.000000
AdministrativeRegion,term5b,1,1,1.000000
AdministrativeRegion,term6a,1,1,1.000000
AdministrativeRegion,term6b,1,1,1.000000
AdministrativeRegion,term7a,1,1,1.000000
AdministrativeRegion,terminusA,1,1,1.000000
AdministrativeRegion,terminusB,1,1,1.000000
AdministrativeRegion,termLength,1,10,0.100000
AdministrativeRegion,termLimits,1,1,1.000000
AdministrativeRegion,textAlign,1,1,1.000000
AdministrativeRegion,theGhan,1,3,0.333333
AdministrativeRegion,thisis,1,1,1.000000
AdministrativeRegion,time,1,1,1.000000
AdministrativeRegion,timeinoffice,1,1,1.000000
AdministrativeRegion,timezone4Location,1,1,1.000000
AdministrativeRegion,timezone5Location,1,1,1.000000
AdministrativeRegion,timezonste,1,1,1.000000
AdministrativeRegion,titleBar,1,1,1.000000
AdministrativeRegion,titleRepresentative,1,1,1.000000
AdministrativeRegion,tji,1,1,1.000000
AdministrativeRegion,to,1,1,1.000000
AdministrativeRegion,totalAffected,1,1,1.000000
AdministrativeRegion,totalareaKm,1,1,1.000000
AdministrativeRegion,totalareaSqMi,1,1,1.000000
AdministrativeRegion,totalFires,1,1,1.000000
AdministrativeRegion,townOfDistrictSignificance,1,1,1.000000
AdministrativeRegion,towns,1,3,0.333333
AdministrativeRegion,treasurercollectorparty,1,3,0.333333
AdministrativeRegion,typesite,1,1,1.000000
AdministrativeRegion,unemploymentTotal,1,1,1.000000
AdministrativeRegion,unitName,1,1,1.000000
AdministrativeRegion,unittype,1,2,0.500000
AdministrativeRegion,upisano,1,20,0.050000
AdministrativeRegion,upperHouse,1,1,1.000000
AdministrativeRegion,upright,1,2,0.500000
AdministrativeRegion,upstream,1,1,1.000000
AdministrativeRegion,urlStatus,1,2,0.500000
AdministrativeRegion,use,1,1,1.000000
AdministrativeRegion,utcOffet,1,1,1.000000
AdministrativeRegion,vehicle2type,1,2,0.500000
AdministrativeRegion,version,1,1,1.000000
AdministrativeRegion,vi,1,3,0.333333
AdministrativeRegion,villages,1,3,0.333333
AdministrativeRegion,visitationFootnotes,1,1,1.000000
AdministrativeRegion,vol12Pages,1,1,1.000000
AdministrativeRegion,volunteers,1,1,1.000000
AdministrativeRegion,voySearch,1,1,1.000000
AdministrativeRegion,warning,1,88,0.011364
AdministrativeRegion,waterareaua,1,1,1.000000
AdministrativeRegion,weather,1,1,1.000000
AdministrativeRegion,websites,1,1,1.000000
AdministrativeRegion,wg,1,2,0.500000
AdministrativeRegion,wide,1,1,1.000000
AdministrativeRegion,widthUnits,1,16,0.062500
AdministrativeRegion,wikidata,1,7,0.142857
AdministrativeRegion,with,1,1,1.000000
AdministrativeRegion,women,1,1,1.000000
AdministrativeRegion,writer,1,1,1.000000
AdministrativeRegion,written,1,1,1.000000
AdministrativeRegion,yearCompleted,1,1,1.000000
AdministrativeRegion,yearDewPointC,1,1,1.000000
AdministrativeRegion,yearUv,1,1,1.000000
AdministrativeRegion,yes,1,1,1.000000
AdministrativeRegion,yespct,1,1,1.000000
