kind,change,term,triples_in_v2
class,added,CyclingLeague,
class,added,Image,
class,added,Property,
class,added,SpatialThing,
class,added,Concept,
class,added,Q2066131,
class,added,Q838948,
class,removed,AnimangaCharacter,
class,removed,Gene,
class,removed,Gnetophytes,
class,removed,GreenAlga,
class,removed,HollywoodCartoon,
class,removed,HumanGene,
class,removed,VideogamesLeague,
class,removed,Q7187,
predicate,added,length,34011
predicate,added,height,9879
predicate,added,wheelbase,7299
predicate,added,floorArea,5473
predicate,added,course,3630
predicate,added,distance,3577
predicate,added,pistonStroke,942
predicate,added,cylinderBore,892
predicate,added,displacement,653
predicate,added,powerOutput,535
predicate,added,torqueOutput,313
predicate,added,shoreLength,191
predicate,added,diameter,180
predicate,added,areaOfCatchment,178
predicate,added,volume,161
predicate,added,weight,155
predicate,added,timeInSpace,106
predicate,added,length,43
predicate,added,height,38
predicate,added,width,36
predicate,added,density,12
predicate,added,boilingPoint,2
predicate,added,meltingPoint,2
predicate,added,diameter,2
predicate,added,meltingPoint,1
predicate,removed,actScore,
predicate,removed,alias,
predicate,removed,animator,
predicate,removed,bnfId,
predicate,removed,commonName,
predicate,removed,complexity,
predicate,removed,fansgroup,
predicate,removed,firstGame,
predicate,removed,firstWin,
predicate,removed,flyingHours,
predicate,removed,fuelConsumption,
predicate,removed,individualisedGnd,
predicate,removed,isniId,
predicate,removed,lastPosition,
predicate,removed,lastWin,
predicate,removed,lccnId,
predicate,removed,mouthRegion,
predicate,removed,nssdcId,
predicate,removed,reference,
predicate,removed,satScore,
predicate,removed,shoeSize,
predicate,removed,show,
predicate,removed,sourceElevation,
predicate,removed,sourceMountain,
predicate,removed,sourcePlace,
predicate,removed,sudocId,
predicate,removed,viafId,
predicate,removed,worstDefeat,
predicate,removed,"4AD,GC,FB,EA,%7D%3E%3E%7D%5Clayout%7B%5Ccontext%7B%5Cscore%5CoverrideSpacingspanner.baseShortestDuration",
predicate,removed,"4CF,BE,AD,GC,%7D%3E%3E%7D%5Clayout%7B%5Ccontext%7B%5Cscore%5CoverrideSpacingspanner.baseShortestDuration",
predicate,removed,%22a+.*%22_,
predicate,removed,%22commandVehicle%22_,
predicate,removed,%22fireRehab%22_,
predicate,removed,%22senior%22_,
predicate,removed,%22theArea%22_,
predicate,removed,%23OfRooms,
predicate,removed,%23OfStrikes,
predicate,removed,%23OfTicketsSold,
predicate,removed,%23Servings,
predicate,removed,%23_,
predicate,removed,nowiki%3EGoals,
predicate,removed,nowiki%3EImage,
predicate,removed,nowiki%3EImageCaption,
predicate,removed,nowiki%3EImageWidth,
predicate,removed,nowiki%3EManageryears,
predicate,removed,nowiki%3ENtupdate,
predicate,removed,nowiki%3ERegnum,
predicate,removed,nowiki%3ETotalcaps,
predicate,removed,nowiki%3ETotalgoals,
predicate,removed,nowiki%3E_,
predicate,removed,nowiki%3Ealign,
predicate,removed,nowiki%3Eboxstyle,
predicate,removed,nowiki%3Enfl,
predicate,removed,nowiki%3Estatlabel,
predicate,removed,nowiki%3Estatvalue,
predicate,removed,"%3Cnowiki%3EtotalGdpCalculatedAsSumOfGasabo,KicukiroAndNyarugengeDistricts$925,037,044+$537,601,961+$371,304,_",
predicate,removed,%3CpoemLang,
predicate,removed,%3F_,
predicate,removed,%60imageSize,
predicate,removed,%7BBreak%7DName,
predicate,removed,%7BclubCaptain,
predicate,removed,%7BdirectorOfRugby,
predicate,removed,&nbsp;name&nbsp;&nbsp;&nbsp;_,
predicate,removed,'''age,
predicate,removed,'''day'''_,
predicate,removed,'''note'''_,
predicate,removed,'''onlineServices'''_,
predicate,removed,'''record'''_,
predicate,removed,"''Ie''ThePartiesReciteEachVowInBothLanguages%3F7StepsX2PartiesX2Language,_",
predicate,removed,''family''_,
predicate,removed,''online''editor'_,
predicate,removed,''otanoshimiHizōVideo+ZenSingleClip%3Cnowiki%3E_,
predicate,removed,''p''_,
predicate,removed,"(,42)_",
predicate,removed,"(42,)_",
predicate,removed,"(X,Y)_",
predicate,removed,(assistant)_,
predicate,removed,(free)_,
predicate,removed,*%22kaadh%22%3Cnowiki%3E_,
predicate,removed,*link,
predicate,removed,+round,
predicate,removed,",VideoRecordingQvga(320x240)2ndCamera",
predicate,removed,0party,
predicate,removed,0–_,
predicate,removed,1._,
predicate,removed,4Mile,
predicate,removed,100m,
predicate,removed,"105,000,000Gross",
predicate,removed,10MinPrefix,
predicate,removed,10MinSuffix,
predicate,removed,10gig,
predicate,removed,120x120Uuc,
predicate,removed,1444—1477Before,
predicate,removed,15–'''16'''q,
predicate,removed,"hellenistic,OffByAlmostExactly1Century,AsPompeyArrivedIn63Bce.Typo,OrForgotToMentionHasmonean%3FOrIsItAMatterOfMisunderstoodJordanian%22patriotism%22(hasmoneans",
predicate,removed,17color,
predicate,removed,1943To,
predicate,removed,1976Number,
predicate,removed,1983a,
predicate,removed,1983b,
predicate,removed,1983c,
predicate,removed,1986b,
predicate,removed,1990e,
predicate,removed,1997PresentClapps(points)_,
predicate,removed,1Agency,
predicate,removed,1MinPrefix,
predicate,removed,1MinSuffix,
predicate,removed,1deputyDirector,
predicate,removed,1h,
predicate,removed,1lEnrollmentFall'_,
predicate,removed,1lbs,
predicate,removed,1n,
predicate,removed,1no,
predicate,removed,1stGradeCoach,
predicate,removed,1stRepresentative,
predicate,removed,1stTeamManager,
predicate,removed,1stXvCaps,
predicate,removed,1stXvCaptain,
predicate,removed,1stXvTopScorer,
predicate,removed,1stxvCaptain,
predicate,removed,1–1–_,
predicate,removed,1–2–_,
predicate,removed,1–3–_,
predicate,removed,1–4–_,
predicate,removed,2.ºManager,
predicate,removed,2004Icapps(points)_,
predicate,removed,2004ReIssueBonusTracksTitle,
predicate,removed,2008Position,
predicate,removed,"2009,2010,_",
predicate,removed,2009AnugerahBintangPopular,
predicate,removed,2009AvimaAwards,
predicate,removed,2009Position,
predicate,removed,2009–2013ShoutAwards,
predicate,removed,2010&2014AnugerahIndustriMuzik,
predicate,removed,2011AnugerahIndustriMuzik,
predicate,removed,2011MeanAgeM,
predicate,removed,2011d,
predicate,removed,2012Stadium,
predicate,removed,2013&2014AnugerahMeletopEra,
predicate,removed,2013Dates,
predicate,removed,2016Accessdate,
predicate,removed,2018Coach,
predicate,removed,2018Under19Coach,
predicate,removed,2019candidates,
predicate,removed,_,
predicate,removed,2020Surface,
predicate,removed,2021Dates,
predicate,removed,2021SeasonChampion,
predicate,removed,2022Chassis,
predicate,removed,2022Drivers,
predicate,removed,2022Engine,
predicate,removed,2022Team,
predicate,removed,2022TestDrivers,
predicate,removed,2022Tyres,
predicate,removed,2022g,
predicate,removed,2023Chassis,
predicate,removed,2023Drivers,
predicate,removed,2023Engine,
predicate,removed,2023Team,
predicate,removed,2023TestDrivers,
predicate,removed,2023Tyres,
predicate,removed,2025f,
predicate,removed,20–_,
predicate,removed,2Agency,
predicate,removed,2Location,
predicate,removed,2b,
predicate,removed,2blankdata,
predicate,removed,2deputyDirector,
predicate,removed,2h,
predicate,removed,2n,
predicate,removed,2namedate,
predicate,removed,2ndRepresentative,
predicate,removed,2ndRunnerUp,
predicate,removed,2ndRunnersUp,
predicate,removed,2ndTermEnd,
predicate,removed,2ndTermStart,
predicate,removed,2ndViceChairman,
predicate,removed,2ndVicePresident,
predicate,removed,2ndXvCaptain,
predicate,removed,2ndaryBox,
predicate,removed,2ndbox,
predicate,removed,2ndregionalApps,
predicate,removed,2no,
predicate,removed,2ot,
predicate,removed,2pp%25_,
predicate,removed,2–1–_,
predicate,removed,2–2–_,
predicate,removed,2–3–_,
predicate,removed,2–4–_,
predicate,removed,300Chairman,
predicate,removed,3MinPrefix,
predicate,removed,3b,
predicate,removed,3gNetworkSpeed,
predicate,removed,3h,
predicate,removed,3n,
predicate,removed,3no,
predicate,removed,3rdScore1Agg,
predicate,removed,3rdScore2Agg,
predicate,removed,3rdSpouse,
predicate,removed,3rdVicePresident,
predicate,removed,3rdXvCaptain,
predicate,removed,3–1–_,
predicate,removed,3–2–_,
predicate,removed,3–3–_,
predicate,removed,%3E%3CspanStyle,
predicate,removed,4.04._,
predicate,removed,4.0–4._,
predicate,removed,4.0−4._,
predicate,removed,4.5–4._,
predicate,removed,49ersDraft,
predicate,removed,4Icposition,
predicate,removed,4h,
predicate,removed,4n,
predicate,removed,4no,
predicate,removed,4thPlace,
predicate,removed,4thYearRep,
predicate,removed,4–1–_,
predicate,removed,4–2–_,
predicate,removed,4–3–_,
predicate,removed,5+_,
predicate,removed,5.05._,
predicate,removed,5.0–5._,
predicate,removed,5.0−5._,
predicate,removed,506315areaCodeType,
predicate,removed,_,
predicate,removed,5YearsJournalImpactYear,
predicate,removed,5g,
predicate,removed,5gVersion,
predicate,removed,5gig,
predicate,removed,5n,
predicate,removed,5no,
predicate,removed,5w,
predicate,removed,5–1–_,
predicate,removed,5–2–_,
predicate,removed,5–3–_,
predicate,removed,6.06._,
predicate,removed,6.0–6._,
predicate,removed,6.0−6._,
predicate,removed,"67,000Chairman",
predicate,removed,6blankname,
predicate,removed,6namedata,
predicate,removed,6thregionalCupApps,
predicate,removed,6thregionalCupBest,
predicate,removed,6thregionalCupFirst,
predicate,removed,6thregionalName,
predicate,removed,6–1–_,
predicate,removed,6–2–_,
predicate,removed,6–3–_,
predicate,removed,7.07._,
predicate,removed,7.0–7._,
predicate,removed,7.0−7._,
predicate,removed,7Nickname,
predicate,removed,7blankname,
predicate,removed,7namedata,
predicate,removed,8.08._,
predicate,removed,8.0–8._,
predicate,removed,8.0−8._,
predicate,removed,800series,
predicate,removed,8blankname,
predicate,removed,8data,
predicate,removed,8namedata,
predicate,removed,9.0+_,
predicate,removed,9blankname,
predicate,removed,9namedata,
predicate,removed,@%22(%3F%3CnumInt%3E%5Cd+)%5Cw+%22_,
predicate,removed,@_,
predicate,removed,Leftarm,
predicate,removed,MedalOfHonorWinners,
predicate,removed,NameLang,
predicate,removed,Party,
predicate,removed,Range,
predicate,removed,Width,
predicate,removed,_,
predicate,removed,sup%3E%3Cbr%3E%22songOfTheGermans%22%3Cbr%3E(1952–1990)%3Cbr%3E%3CdivStyle,
predicate,removed,a&r,
predicate,removed,aBalek,
predicate,removed,"aBigMess.TheDistinctionIsBetweenArtificialAndNatural.ArtificialCanBeMoatsOrPonds,NaturalRivers,Marshes,Ponds,Lakes,OrTheSea.TheProblemOfLakeshoreCastlesAsListedHere(seeCh),ButWhoAreInNoWaySurroundedByWater,HasNotBeenAddressed.TheDefinitionIsNone.TheArticleStandsOnNoClearFoundation",
predicate,removed,aMemberOf,
predicate,removed,aVillageUnderPancgayatLalasarChuru,
predicate,removed,aaampa,
predicate,removed,aandeeditor,
predicate,removed,abans,
predicate,removed,abbreviat,
predicate,removed,abbreviatioReportsTo,
predicate,removed,abdulgazi,
predicate,removed,abfluss,
predicate,removed,abitanti,
predicate,removed,abolishedType,
predicate,removed,abrevname,
predicate,removed,abridged,
predicate,removed,ac,
predicate,removed,academicDegree,
predicate,removed,academyname,
predicate,removed,accessedate,
predicate,removed,accesso,
predicate,removed,accidentPlace,
predicate,removed,accordingToAnyoneThatHasSeenOneDate,
predicate,removed,FinanceExec.Vp,
predicate,removed,acharunnersup,
predicate,removed,achievementsAndTitles,
predicate,removed,acquired,
predicate,removed,acquisition,
predicate,removed,actNo,
predicate,removed,actYear,
predicate,removed,actingChief2Name,
predicate,removed,actingGovernor,
predicate,removed,actingPrincipal,
predicate,removed,actingeditor,
predicate,removed,actingsince,
predicate,removed,actions,
predicate,removed,activ,
predicate,removed,activepol,
predicate,removed,activity6name,
predicate,removed,actorVoice,
predicate,removed,actualPredecessors,
predicate,removed,actualStatus,
predicate,removed,actualTeam,
predicate,removed,actualUse,
predicate,removed,adDirector,
predicate,removed,adaptor,
predicate,removed,addist,
predicate,removed,additionDesign,
predicate,removed,additionalFeature,
predicate,removed,additionalLyrics,
predicate,removed,additionalMusic,
predicate,removed,"additionalMusic,Lyrics",
predicate,removed,additionalSecretary,
predicate,removed,addresss,
predicate,removed,adjunctAndPartTimeFaculty,
predicate,removed,admCitydistrictJur,
predicate,removed,admCitydistrictType,
predicate,removed,admCtrNameRef,
predicate,removed,admCtrOf3Ref,
predicate,removed,adminiDivisionCode,
predicate,removed,administrativeCity,
predicate,removed,administrativeManager,
predicate,removed,administrativeRegion,
predicate,removed,adminstrativeSystem,
predicate,removed,admissionCharge,
predicate,removed,admittedToBar,
predicate,removed,adoptedBrother,
predicate,removed,adoptedChildren,
predicate,removed,adoptedSisters,
predicate,removed,adoptiveFather,
predicate,removed,adoptiveMother,
predicate,removed,adoptiveParents,
predicate,removed,adoptivebrothers,
predicate,removed,adoptivesisters,
predicate,removed,adpotiveSons,
predicate,removed,adsaffsDesign,
predicate,removed,marketingDirector,
predicate,removed,advertisingConsultant,
predicate,removed,advertisingDirecter,
predicate,removed,advertisingDirector,
predicate,removed,advertisingManager,
predicate,removed,advertisingRepresentative,
predicate,removed,advertisingSupervisor,
predicate,removed,advertisingdirector,
predicate,removed,advertisingmanager,
predicate,removed,advisor,
predicate,removed,advisors,
predicate,removed,advisoryBoard,
predicate,removed,advocate,
predicate,removed,aeather,
predicate,removed,aewd,
predicate,removed,aewde,
predicate,removed,afcCupQualifiedTeam,
predicate,removed,affairWith,
predicate,removed,affectedSystem,
predicate,removed,affiliatedCulturalCenters,
predicate,removed,affiliatedMembers,
predicate,removed,affiliatedOffices,
predicate,removed,affiliatedOrganisations,
predicate,removed,affiliationsF,
predicate,removed,affilitation,
predicate,removed,affliliation,
predicate,removed,aflallstar,
predicate,removed,aflnew,
predicate,removed,afr%25_,
predicate,removed,afsharBorder,
predicate,removed,afsharBoxcolour,
predicate,removed,afterColour,
predicate,removed,afterFinals,
predicate,removed,age2Myr,
predicate,removed,agencyExecutive,
predicate,removed,aggscore,
predicate,removed,agostinhoLeague,
predicate,removed,ahaProfile,
predicate,removed,airCleaner,
predicate,removed,airdaete,
predicate,removed,airportNearest,
predicate,removed,airshowAircraft,
predicate,removed,aksaraysporFounded,
predicate,removed,albertoBoscaroLeague,
predicate,removed,albionFounded,
predicate,removed,alexaRank,
predicate,removed,algaebase,
predicate,removed,aligne,
predicate,removed,alis,
predicate,removed,allAfricaMusicAwardsn,
predicate,removed,allAfricaMusicAwardsw,
predicate,removed,allAfricaTorch,
predicate,removed,allComposition,
predicate,removed,allProduced,
predicate,removed,allProducing,
predicate,removed,allPros,
predicate,removed,allRookie,
predicate,removed,"allSonicCafeGames,LcdGamesAndGamesMentionedOnTheSonicNewsNetwork",
predicate,removed,allStar,
predicate,removed,allStars,
predicate,removed,allTimeTopScorer,
predicate,removed,allTimeTopscoer,
predicate,removed,allTopscorer,
predicate,removed,allWidth,
predicate,removed,allWriters,
predicate,removed,allWriting&Composed,
predicate,removed,allWritingAndProduction,
predicate,removed,allWritting,
predicate,removed,allegedFatalities,
predicate,removed,allianceColor,
predicate,removed,allingement,
predicate,removed,allirelands,
predicate,removed,allreleased,
predicate,removed,allstar,
predicate,removed,nomination,
predicate,removed,allsttars,
predicate,removed,all€lyrics,
predicate,removed,almaMaster,
predicate,removed,almaMata,
predicate,removed,almaMate,
predicate,removed,almaMater.,
predicate,removed,almaMatter,
predicate,removed,alongsid,
predicate,removed,alt.Hoods,
predicate,removed,altBoosterfuel,
predicate,removed,altBoosters,
predicate,removed,altBoosterthrust,
predicate,removed,altMode,
predicate,removed,altSpelling,
predicate,removed,altStage3thrust,
predicate,removed,altcaptain(s)_,
predicate,removed,altdatec,
predicate,removed,altername,
predicate,removed,alternateBlockName,
predicate,removed,alternateModes,
predicate,removed,alternateTitle,
predicate,removed,alternatemodes,
predicate,removed,alternativePressMusicAwards,
predicate,removed,alternativeSpellings,
predicate,removed,alternativeStrip,
predicate,removed,alternativeTitle,
predicate,removed,alternativeTitle(s)_,
predicate,removed,altitudeAltitude,
predicate,removed,altlink,
predicate,removed,altvar,
predicate,removed,alumna,
predicate,removed,alumniClub,
predicate,removed,amKo,
predicate,removed,amatcaps,
predicate,removed,amcoCup,
predicate,removed,amendedIn,
predicate,removed,americansw,
predicate,removed,aminoAcidSequence,
predicate,removed,ammo,
predicate,removed,ammoWt,
predicate,removed,ammunition,
predicate,removed,ammunitionWeight,
predicate,removed,ammunitions,
predicate,removed,amsVotes%25_,
predicate,removed,ancestorArt,
predicate,removed,ancho,
predicate,removed,ancienName,
predicate,removed,andoroidVersion,
predicate,removed,angDist,
predicate,removed,anglicizedGaelicNames,
predicate,removed,animalActivist,
predicate,removed,anise,
predicate,removed,ankitaFat,
predicate,removed,annualReport,
predicate,removed,annualRevenue,
predicate,removed,annualRidership(2013)_,
predicate,removed,answer,
predicate,removed,anthemRef,
predicate,removed,antipodes,
predicate,removed,anys,
predicate,removed,apellido,
predicate,removed,apellidos,
predicate,removed,aperol,
predicate,removed,apodo,
predicate,removed,appRadius,
predicate,removed,apparentSize,
predicate,removed,appeal,
predicate,removed,appeals,
predicate,removed,appears,
predicate,removed,appinter,
predicate,removed,applejack,
predicate,removed,applicationsToRealLife,
predicate,removed,appmagR,
predicate,removed,appointe,
predicate,removed,appointedBy,
predicate,removed,appointedBy.,
predicate,removed,apprenticeCoach,
predicate,removed,approvedBy,
predicate,removed,approvedByTheGovernor,
predicate,removed,aprilfools,
predicate,removed,aption,
predicate,removed,aquariumTimings,
predicate,removed,arCore,
predicate,removed,araWidth,
predicate,removed,archNemesis,
predicate,removed,architectOfRecord,
predicate,removed,archives,
predicate,removed,are,
predicate,removed,area(s)_,
predicate,removed,"area,zWaterSqMi",
predicate,removed,areaCommands,
predicate,removed,areaDistrictKm,
predicate,removed,areaDode,
predicate,removed,areaFarmKm,
predicate,removed,areaFootncotes,
predicate,removed,areaHousingKm,
predicate,removed,areaImperial,
predicate,removed,areaLandImperial,
predicate,removed,areaLandSqAcre,
predicate,removed,areaMagnitude,
predicate,removed,areaMetroMi,
predicate,removed,areaOfOperation,
predicate,removed,areaOfResponsibility,
predicate,removed,areaRound,
predicate,removed,areaSqkm.,
predicate,removed,areaTcode,
predicate,removed,areaTelephone,
predicate,removed,areaTotAlKm,
predicate,removed,areaTotalAcer,
predicate,removed,areaTotalAcres,
predicate,removed,areaTotalHectare,
predicate,removed,areaTotalHectares,
predicate,removed,areaTotalKm.,
predicate,removed,areaTotalKm2.,
predicate,removed,areaTotalKm²_,
predicate,removed,areaTotalMetroKm,
predicate,removed,areaTotalMi,
predicate,removed,areaTotalSqAcre,
predicate,removed,areaTotalSqKm,
predicate,removed,areaUrbanKm2.,
predicate,removed,areaUrbanTitle,
predicate,removed,areaVillage,
predicate,removed,areaWaterImperial,
predicate,removed,areaWaterSqAcre,
predicate,removed,areasOfFocus,
predicate,removed,areerNumber,
predicate,removed,"aren'tThe%22threeOrchestras%22TheSameAsThe3%22ensembles%22%3FProbablyNotQuite,MaybeTheOther3ListedBelowAs%22performingEnsembles%22Are",
predicate,removed,argueddate,
predicate,removed,arguedyear,
predicate,removed,arkive,
predicate,removed,armamentSystem,
predicate,removed,armedForcesFounded,
predicate,removed,armedForcesTextColor,
predicate,removed,armedWing,
predicate,removed,armes,
predicate,removed,aroha,
predicate,removed,arranged,
predicate,removed,arrestedBy,
predicate,removed,arrièrePlan,
predicate,removed,artDesGebietes,
predicate,removed,artMedia,
predicate,removed,artStyle,
predicate,removed,artenSchwerpunkte,
predicate,removed,arti,
predicate,removed,artistDirector,
predicate,removed,artisticChef,
predicate,removed,artsEditor,
predicate,removed,artsentertainmenteditor,
predicate,removed,arttendance,
predicate,removed,arwuAus,
predicate,removed,arwuI,
predicate,removed,arwuNTourism,
predicate,removed,arwuNTourismYear,
predicate,removed,arwuNu,
predicate,removed,arwuWPsy,
predicate,removed,arwuWRef,
predicate,removed,arwuWTourism,
predicate,removed,arwuWTourismYear,
predicate,removed,asCoach,
predicate,removed,asbFounded,
predicate,removed,ashMg,
predicate,removed,ashtapadis,
predicate,removed,asian%25_,
predicate,removed,asianColor,
predicate,removed,asianNat,
predicate,removed,asiangamesmixeddoublesresult,
predicate,removed,asiangamesresult,
predicate,removed,asisstent,
predicate,removed,asn,
predicate,removed,ass.Coach,
predicate,removed,ass.Manager,
predicate,removed,assassinationDate,
predicate,removed,assassinationPlace,
predicate,removed,assembledIn,
predicate,removed,assembler,
predicate,removed,assembly%23_,
predicate,removed,constituency,
predicate,removed,assemblyConsNam,
predicate,removed,assemblyConst,
predicate,removed,assemblyConstituency,
predicate,removed,assemblyMajority,
predicate,removed,assemblyMembers,
predicate,removed,assemblyMinority,
predicate,removed,assemblyMla,
predicate,removed,assemblySpeaker,
predicate,removed,assemblyconstituencies,
predicate,removed,assemblyman,
predicate,removed,assembyConstituency,
predicate,removed,assenbly,
predicate,removed,assent,
predicate,removed,assignmentEditor,
predicate,removed,assismaneditor,
predicate,removed,assisstantCoach(es)_,
predicate,removed,assistance,
predicate,removed,assistant(s)_,
predicate,removed,assistantCaptain,
predicate,removed,assistantConductors,
predicate,removed,assistantDirectorBusOperations,
predicate,removed,assistantEditor,
predicate,removed,assistantGeneralManager,
predicate,removed,assistantPublisher,
predicate,removed,assistantTrainer,
predicate,removed,assocEditor,
predicate,removed,assoccityeditor,
predicate,removed,assocfeatureseditor,
predicate,removed,associateAlbum,
predicate,removed,associateConductor,
predicate,removed,associatePublisher,
predicate,removed,associatedAlbum,
predicate,removed,associationHfbdsstestynVvddd,
predicate,removed,associationName,
predicate,removed,associationType,
predicate,removed,asst.coach,
predicate,removed,asst.manager,
predicate,removed,asstInspectorGeneralCompliance,
predicate,removed,asstMan,
predicate,removed,assumedOffice,
predicate,removed,astCoach,
predicate,removed,athens,
predicate,removed,athlete'sOath,
predicate,removed,athletes'Oath,
predicate,removed,atlanta,
predicate,removed,attackCoach,
predicate,removed,attackHelicopter,
predicate,removed,attandance,
predicate,removed,attempted,
predicate,removed,attendace,
predicate,removed,"attendance91,_",
predicate,removed,attendanceAverage,
predicate,removed,attendanceIn,
predicate,removed,attorneyGeneral,
predicate,removed,attorneys,
predicate,removed,attributedMusic,
predicate,removed,audienceEstimated,
predicate,removed,audioTechnology,
predicate,removed,auditedMonth,
predicate,removed,auflage,
predicate,removed,augRainDaysxx2KxJmrmXjrx2x,
predicate,removed,aunt,
predicate,removed,auntsAndUncles,
predicate,removed,auteur,
predicate,removed,author(s)_,
predicate,removed,author1First,
predicate,removed,author1Last,
predicate,removed,author2First,
predicate,removed,author2Last,
predicate,removed,authorTitle,
predicate,removed,authors(s)_,
predicate,removed,authour,
predicate,removed,authroLink,
predicate,removed,automation,
predicate,removed,autore,
predicate,removed,aux%7BaZ%7D_,
predicate,removed,aux10a,
predicate,removed,aux11a,
predicate,removed,aux12a,
predicate,removed,aux13a,
predicate,removed,aux14a,
predicate,removed,aux15a,
predicate,removed,aux16a,
predicate,removed,aux17a,
predicate,removed,aux18a,
predicate,removed,aux19a,
predicate,removed,aux1a,
predicate,removed,aux20a,
predicate,removed,aux21a,
predicate,removed,aux22a,
predicate,removed,aux23a,
predicate,removed,aux24a,
predicate,removed,aux25a,
predicate,removed,aux26a,
predicate,removed,aux27a,
predicate,removed,aux28a,
predicate,removed,aux2a,
predicate,removed,aux3a,
predicate,removed,aux4a,
predicate,removed,aux5a,
predicate,removed,aux5t,
predicate,removed,aux6a,
predicate,removed,aux7a,
predicate,removed,aux8a,
predicate,removed,aux9a,
predicate,removed,auxa1.,
predicate,removed,auxa1length,
predicate,removed,auxa2.,
predicate,removed,auxa4length,
predicate,removed,auxb11s,
predicate,removed,auxb15s,
predicate,removed,auxb19s,
predicate,removed,auxb1s,
predicate,removed,auxb20s,
predicate,removed,auxb2s,
predicate,removed,auxb3s,
predicate,removed,auxb7s,
predicate,removed,avEditor,
predicate,removed,availableAt,
predicate,removed,availableColours,
predicate,removed,availableStorage,
predicate,removed,availaibleHospitals.,
predicate,removed,avaroha,
predicate,removed,avatar,
predicate,removed,avatars,
predicate,removed,averageAnnualPrecipitation,
predicate,removed,averageAnnualRainfall(mm)_,
predicate,removed,averageAtteandance,
predicate,removed,averageAttece,
predicate,removed,averageAttendanc,
predicate,removed,averageAttendance(league)_,
predicate,removed,averageAttendance(telstraDome)_,
predicate,removed,averageElevationM,
predicate,removed,match,
predicate,removed,averageGoalsPr.Game,
predicate,removed,averageGrossMonthlySalary,
predicate,removed,averageSalary,
predicate,removed,avergeAttendance,
predicate,removed,avgElevation,
predicate,removed,avgHomeAttendance,
predicate,removed,avgProfitPerEquityPartner,
predicate,removed,avilaible,
predicate,removed,avreageSalary,
predicate,removed,award0n,
predicate,removed,award0w,
predicate,removed,award100n,
predicate,removed,award100w,
predicate,removed,award101n,
predicate,removed,award101w,
predicate,removed,award102n,
predicate,removed,award102w,
predicate,removed,award103n,
predicate,removed,award103w,
predicate,removed,award104n,
predicate,removed,award104w,
predicate,removed,award105n,
predicate,removed,award105w,
predicate,removed,award106n,
predicate,removed,award106w,
predicate,removed,award107n,
predicate,removed,award107w,
predicate,removed,award108n,
predicate,removed,award108w,
predicate,removed,award109n,
predicate,removed,award109w,
predicate,removed,award110n,
predicate,removed,award110w,
predicate,removed,award111n,
predicate,removed,award111w,
predicate,removed,award112n,
predicate,removed,award112w,
predicate,removed,award113n,
predicate,removed,award113w,
predicate,removed,award114n,
predicate,removed,award114w,
predicate,removed,award115n,
predicate,removed,award115w,
predicate,removed,award12num,
predicate,removed,award13num,
predicate,removed,award14num,
predicate,removed,award15num,
predicate,removed,award16num,
predicate,removed,award17num,
predicate,removed,award18num,
predicate,removed,award23n,
predicate,removed,award23w,
predicate,removed,award24n,
predicate,removed,award24w,
predicate,removed,award25n,
predicate,removed,award25w,
predicate,removed,award26n,
predicate,removed,award26w,
predicate,removed,award27n,
predicate,removed,award27w,
predicate,removed,award28n,
predicate,removed,award28w,
predicate,removed,award29n,
predicate,removed,award29w,
predicate,removed,award30n,
predicate,removed,award30w,
predicate,removed,award31n,
predicate,removed,award31w,
predicate,removed,award32n,
predicate,removed,award32w,
predicate,removed,award33n,
predicate,removed,award33w,
predicate,removed,award34n,
predicate,removed,award34w,
predicate,removed,award35n,
predicate,removed,award35w,
predicate,removed,award36n,
predicate,removed,award36w,
predicate,removed,award37n,
predicate,removed,award37w,
predicate,removed,award38n,
predicate,removed,award38w,
predicate,removed,award39n,
predicate,removed,award39w,
predicate,removed,award40n,
predicate,removed,award40w,
predicate,removed,award41n,
predicate,removed,award41w,
predicate,removed,award42n,
predicate,removed,award42w,
predicate,removed,award43n,
predicate,removed,award43w,
predicate,removed,award44n,
predicate,removed,award44w,
predicate,removed,award45n,
predicate,removed,award45w,
predicate,removed,award46n,
predicate,removed,award46w,
predicate,removed,award47n,
predicate,removed,award47w,
predicate,removed,award48n,
predicate,removed,award48w,
predicate,removed,award49n,
predicate,removed,award49w,
predicate,removed,award50n,
predicate,removed,award50w,
predicate,removed,award51n,
predicate,removed,award51w,
predicate,removed,award52n,
predicate,removed,award52w,
predicate,removed,award53n,
predicate,removed,award53w,
predicate,removed,award54n,
predicate,removed,award54w,
predicate,removed,award55n,
predicate,removed,award55w,
predicate,removed,award56n,
predicate,removed,award56w,
predicate,removed,award57n,
predicate,removed,award57w,
predicate,removed,award58n,
predicate,removed,award58w,
predicate,removed,award59n,
predicate,removed,award59w,
predicate,removed,award60n,
predicate,removed,award60w,
predicate,removed,award61n,
predicate,removed,award61w,
predicate,removed,award62n,
predicate,removed,award62w,
predicate,removed,award63n,
predicate,removed,award63w,
predicate,removed,award64n,
predicate,removed,award64w,
predicate,removed,award65n,
predicate,removed,award65w,
predicate,removed,award66n,
predicate,removed,award66w,
predicate,removed,award67n,
predicate,removed,award67w,
predicate,removed,award68n,
predicate,removed,award68w,
predicate,removed,award69n,
predicate,removed,award69w,
predicate,removed,award6Type,
predicate,removed,award70n,
predicate,removed,award70w,
predicate,removed,award71n,
predicate,removed,award71w,
predicate,removed,award72n,
predicate,removed,award72w,
predicate,removed,award73n,
predicate,removed,award73w,
predicate,removed,award74n,
predicate,removed,award74w,
predicate,removed,award75n,
predicate,removed,award75w,
predicate,removed,award76n,
predicate,removed,award76w,
predicate,removed,award77n,
predicate,removed,award77w,
predicate,removed,award78n,
predicate,removed,award78w,
predicate,removed,award79n,
predicate,removed,award79w,
predicate,removed,award7Type,
predicate,removed,award80n,
predicate,removed,award80w,
predicate,removed,award81n,
predicate,removed,award81w,
predicate,removed,award82n,
predicate,removed,award82w,
predicate,removed,award83n,
predicate,removed,award83w,
predicate,removed,award84n,
predicate,removed,award84w,
predicate,removed,award85n,
predicate,removed,award85w,
predicate,removed,award86n,
predicate,removed,award86w,
predicate,removed,award87n,
predicate,removed,award87w,
predicate,removed,award88n,
predicate,removed,award88w,
predicate,removed,award89n,
predicate,removed,award89w,
predicate,removed,award8Type,
predicate,removed,award90n,
predicate,removed,award90w,
predicate,removed,award91n,
predicate,removed,award91w,
predicate,removed,award92n,
predicate,removed,award92w,
predicate,removed,award93n,
predicate,removed,award93w,
predicate,removed,award94n,
predicate,removed,award94w,
predicate,removed,award95n,
predicate,removed,award95w,
predicate,removed,award96n,
predicate,removed,award96w,
predicate,removed,award97n,
predicate,removed,award97w,
predicate,removed,award98n,
predicate,removed,award98w,
predicate,removed,award99n,
predicate,removed,award99w,
predicate,removed,"awards,6aMetroRegionalChampions",
predicate,removed,awards7w,
predicate,removed,awardsAndAchievements,
predicate,removed,awardw,
predicate,removed,awayImage,
predicate,removed,awayStrip,
predicate,removed,awaywin,
predicate,removed,ayahText,
predicate,removed,az,
predicate,removed,azz,
predicate,removed,b5ac2ndMostRecent,
predicate,removed,b5ac2ndTimes,
predicate,removed,bBody,
predicate,removed,bPatternB,
predicate,removed,bPatternS,
predicate,removed,bPeriod,
predicate,removed,bShorts,
predicate,removed,bacdive,
predicate,removed,backgroundColor.,
predicate,removed,backround,
predicate,removed,backsCoach,
predicate,removed,backwards,
predicate,removed,badgeNumber,
predicate,removed,baflrookieyear,
predicate,removed,bageSize,
predicate,removed,bandPresident,
predicate,removed,banderaBorde,
predicate,removed,bandiera,
predicate,removed,bankruptcy,
predicate,removed,banks,
predicate,removed,banks.,
predicate,removed,barPassage,
predicate,removed,barSteward,
predicate,removed,barbegin,
predicate,removed,barcelona,
predicate,removed,barrelType,
predicate,removed,basis&nbsp;&nbsp;&nbsp;&nbsp;_,
predicate,removed,batteryTechnology,
predicate,removed,battlesWon,
predicate,removed,bauzeit,
predicate,removed,bayonet,
predicate,removed,bcsrank,
predicate,removed,bd,
predicate,removed,bearing,
predicate,removed,bearsDraft,
predicate,removed,beautyPageant,
predicate,removed,beefCut,
predicate,removed,befoRe,
predicate,removed,beforeColour,
predicate,removed,beforePartyNoChange,
predicate,removed,beijing,
predicate,removed,beingReplacedBy,
predicate,removed,belowbox,
predicate,removed,beltDia,
predicate,removed,benchpress,
predicate,removed,bengalsDraft,
predicate,removed,bergen,
predicate,removed,berhamporeCdBlockArea,
predicate,removed,bernicMateiȘtefanFounded,
predicate,removed,bertr,
predicate,removed,beschriftung,
predicate,removed,besonderheiten,
predicate,removed,best&Fairest,
predicate,removed,bestAaaPos,
predicate,removed,bestAttackingTeam,
predicate,removed,bestBatsman,
predicate,removed,bestBuschFin,
predicate,removed,bestBuschPointsPos,
predicate,removed,bestBuschPosition,
predicate,removed,bestCoach,
predicate,removed,bestCupFin,
predicate,removed,bestCupPointPos,
predicate,removed,bestDefenceTeam,
predicate,removed,bestDigger(a)_,
predicate,removed,bestDrinker,
predicate,removed,bestGolfer,
predicate,removed,bestGoody'sDashPos,
predicate,removed,bestHitter,
predicate,removed,bestHostOfTheShow,
predicate,removed,bestLifts,
predicate,removed,bestMidfielder,
predicate,removed,bestMovieForGrownups,
predicate,removed,bestPitcher,
predicate,removed,bestRaider,
predicate,removed,bestRank,
predicate,removed,bestReceiver(a)_,
predicate,removed,bestScorer(a)_,
predicate,removed,bestSeason,
predicate,removed,bestServer(a)_,
predicate,removed,bestStopper,
predicate,removed,bestTruckPosition,
predicate,removed,bestWin,
predicate,removed,bestWinYear,
predicate,removed,bestladderfinish,
predicate,removed,bestladderfinishyear,
predicate,removed,bestresult,
predicate,removed,betaCaroteneUg,
predicate,removed,beutifulPlaceName.,
predicate,removed,bgcolur,
predicate,removed,bggid,
predicate,removed,bgmaps,
predicate,removed,bhairava,
predicate,removed,bheemiliChairperson,
predicate,removed,bhongir,
predicate,removed,bhuvaneshwariRathoreData,
predicate,removed,bicycleSponsors,
predicate,removed,bidhansova,
predicate,removed,"bigJoe,SmokeyDob",
predicate,removed,bigStar,
predicate,removed,biggestCrowd,
predicate,removed,biggestDraw,
predicate,removed,biggestStadium,
predicate,removed,biggrstAwayWin,
predicate,removed,biharvidhanparishadLeader,
predicate,removed,biharvidhansabhaLeader,
predicate,removed,bijaMantra,
predicate,removed,bild1Beschreibung,
predicate,removed,billsDraft,
predicate,removed,binary,
predicate,removed,binomialName,
predicate,removed,biography,
predicate,removed,biolib,
predicate,removed,biolibid,
predicate,removed,biology,
predicate,removed,bipad,
predicate,removed,birtName,
predicate,removed,birthCaste,
predicate,removed,birthData,
predicate,removed,birthDate(nepali)_,
predicate,removed,birthDateSeptember,
predicate,removed,birthDatel,
predicate,removed,birthImage,
predicate,removed,birthName.,
predicate,removed,birthNamer,
predicate,removed,birthPalce,
predicate,removed,birthParent,
predicate,removed,birthPlaceN,
predicate,removed,birthTime,
predicate,removed,birththPlace,
predicate,removed,birtname,
predicate,removed,biryhPlace,
predicate,removed,blackLightning,
predicate,removed,bladeSteel,
predicate,removed,blank1InfoS,
predicate,removed,blank1NameSeC,
predicate,removed,blank1NameSec2&nbsp;&nbsp;&nbsp;_,
predicate,removed,blank5Title,
predicate,removed,blank8InfoSec,
predicate,removed,blank8NameSec,
predicate,removed,blank9InfoSec,
predicate,removed,blank9NameSec,
predicate,removed,blankInfoSec1website,
predicate,removed,blankname,
predicate,removed,blind,
predicate,removed,blk,
predicate,removed,blnakInfoSec,
predicate,removed,blockBhiti,
predicate,removed,blockCode,
predicate,removed,blockLeader,
predicate,removed,blog,
predicate,removed,blogPage,
predicate,removed,bloodDonation,
predicate,removed,bluestars,
predicate,removed,bluetooth,
predicate,removed,bmi,
predicate,removed,bmin,
predicate,removed,bmiw,
predicate,removed,bnf,
predicate,removed,board.,
predicate,removed,boardChair,
predicate,removed,boardChairman,
predicate,removed,boardOfGovernors,
predicate,removed,boat,
predicate,removed,bob,
predicate,removed,bod2y,
predicate,removed,boder,
predicate,removed,bodyAncient,
predicate,removed,bodyDiameter,
predicate,removed,bodyOld,
predicate,removed,bodyOlder,
predicate,removed,bodyOldest,
predicate,removed,bodyStyle(s)_,
predicate,removed,bodycount,
predicate,removed,bodyg,
predicate,removed,bodyyy,
predicate,removed,bodø,
predicate,removed,bodу,
predicate,removed,boforeParty,
predicate,removed,boilingptNotes,
predicate,removed,bonus,
predicate,removed,bookBy,
predicate,removed,bookReviewsEditor,
predicate,removed,bookUrl,
predicate,removed,bookWritten,
predicate,removed,bookYear,
predicate,removed,booker(s)_,
predicate,removed,booksEditor,
predicate,removed,boostersi,
predicate,removed,borderGuards,
predicate,removed,borderingstates,
predicate,removed,bore'sWidth,
predicate,removed,boreMaterial,
predicate,removed,bornDate,
predicate,removed,boroughPresident,
predicate,removed,bosnian,
predicate,removed,bottler,
predicate,removed,bowlExecutives,
predicate,removed,bowlnames,
predicate,removed,bowloutcomes,
predicate,removed,boxOffice,
predicate,removed,boxstyleLou,
predicate,removed,boxstyleOdo,
predicate,removed,boxstyleRob,
predicate,removed,boxstyleRud,
predicate,removed,boyfriend,
predicate,removed,boyfriends,
predicate,removed,bq,
predicate,removed,brandBought,
predicate,removed,brandingAndDesign,
predicate,removed,brazilGdpRank,
predicate,removed,brazilPppPerCapitaRank,
predicate,removed,brithName,
predicate,removed,british,
predicate,removed,britishColor,
predicate,removed,britishVictoryCombatant,
predicate,removed,britishleague,
predicate,removed,broadcastingStations,
predicate,removed,broadwayOpening,
predicate,removed,broadwayPreview,
predicate,removed,broadwayTheater,
predicate,removed,broken,
predicate,removed,broncosDraft,
predicate,removed,bronzeFrmf,
predicate,removed,bronzeOtt,
predicate,removed,"brother(s),Sister(s)_",
predicate,removed,brotherIsColmIrish,
predicate,removed,brotherNameLang,
predicate,removed,brownsDraft,
predicate,removed,browser,
predicate,removed,browsingAndInternet,
predicate,removed,brumVarsity,
predicate,removed,btMdra,
predicate,removed,btn,
predicate,removed,btw,
predicate,removed,buccaneersDraft,
predicate,removed,buddhistEquivalent,
predicate,removed,budget.,
predicate,removed,bugfixes,
predicate,removed,buildDate,
predicate,removed,buildModel,
predicate,removed,buildRange,
predicate,removed,builderOrArchitect,
predicate,removed,builtInMemoryCard,
predicate,removed,"builtR,ange",
predicate,removed,builtRane,
predicate,removed,bulletTail,
predicate,removed,bulletWeight,
predicate,removed,bureauChief,
predicate,removed,burgeeCaption,
predicate,removed,burialdate,
predicate,removed,burntime,
predicate,removed,burstRadius,
predicate,removed,burthen,
predicate,removed,busStops,
predicate,removed,buses,
predicate,removed,businessChair,
predicate,removed,businessLine,
predicate,removed,businessManager,
predicate,removed,businessOperationsOfficer,
predicate,removed,businessPlace,
predicate,removed,businessmanager,
predicate,removed,buttons,
predicate,removed,c''%5E%5Cmarkup%7B%5Cnote%7B1.%7D%23_,
predicate,removed,c.e.o,
predicate,removed,c.e.o.,
predicate,removed,c2+_,
predicate,removed,c6+_,
predicate,removed,cactus,
predicate,removed,cadastralMunicipality,
predicate,removed,cadetBranch,
predicate,removed,cafChampionsLeague,
predicate,removed,cafConfedrationsCup,
predicate,removed,calFromFat,
predicate,removed,calbire,
predicate,removed,calcium(inMg)_,
predicate,removed,calendarEditor,
predicate,removed,calgaryStampede,
predicate,removed,caliberProjectile,
predicate,removed,calibre,
predicate,removed,calibreLength,
predicate,removed,camatName,
predicate,removed,cameos,
predicate,removed,camcorder,
predicate,removed,cameraFeatures,
predicate,removed,cameras,
predicate,removed,campusManager,
predicate,removed,canadaNationalChampions,
predicate,removed,canadaairdate,
predicate,removed,canadian,
predicate,removed,canadianOlympicTrialsAppearances,
predicate,removed,canadianrma,
predicate,removed,canal,
predicate,removed,cancellation,
predicate,removed,cancellationDate,
predicate,removed,cancelledShows,
predicate,removed,candian,
predicate,removed,candidateName,
predicate,removed,candidateWithoutPartyLink,
predicate,removed,cantonese,
predicate,removed,capAndBall,
predicate,removed,capacidad,
predicate,removed,capacityCrowd,
predicate,removed,capacityForToluene,
predicate,removed,capion,
predicate,removed,capitalAndLargestTown,
predicate,removed,capitalName,
predicate,removed,capitalisation,
predicate,removed,capitals,
predicate,removed,capitan,
predicate,removed,caplogo,
predicate,removed,capno,
predicate,removed,caps(goals)_,
predicate,removed,captain(men)_,
predicate,removed,captain(s)_,
predicate,removed,captain(women)_,
predicate,removed,founder,
predicate,removed,captain1st,
predicate,removed,captain2Year,
predicate,removed,captain3Year,
predicate,removed,captain4Year,
predicate,removed,captain5Year,
predicate,removed,captain7s,
predicate,removed,captainFirstXv,
predicate,removed,captainMen's,
predicate,removed,captainWomen's,
predicate,removed,captainXv,
predicate,removed,"captainsSouravGanguly(india),InzamamUlHaq(pakistan)._",
predicate,removed,captin,
predicate,removed,captino,
predicate,removed,captionFlag,
predicate,removed,caption।_,
predicate,removed,capton,
predicate,removed,carCode,
predicate,removed,carNumber(s)_,
predicate,removed,carPlates,
predicate,removed,carbohydrates,
predicate,removed,carbonatedWater,
predicate,removed,cardinalsDraft,
predicate,removed,careerAwards,
predicate,removed,careerEbd,
predicate,removed,careerEnds,
predicate,removed,careerHistory,
predicate,removed,careerNumbers,
predicate,removed,careerPoints,
predicate,removed,careerposition,
predicate,removed,careers,
predicate,removed,career–number,
predicate,removed,carer,
predicate,removed,caretakerCoach,
predicate,removed,caricaturist,
predicate,removed,carlicense,
predicate,removed,carlosMaríaDeLaTorre.jpgDipstyle,
predicate,removed,caroteneMg,
predicate,removed,carrier(s)_,
predicate,removed,carrierLljkkjjkkjkj,
predicate,removed,carrierNeverAvailable,
predicate,removed,carriers,
predicate,removed,cartridgeCalibre,
predicate,removed,cartridgeLength,
predicate,removed,cartridges,
predicate,removed,cartwheels,
predicate,removed,caseCapacity(grainsWater)_,
predicate,removed,caseCitation,
predicate,removed,caseNumber,
predicate,removed,casualties1.,
predicate,removed,cat+_,
predicate,removed,catNo,
predicate,removed,catYear,
predicate,removed,catchphrase,
predicate,removed,catchphrase(s)_,
predicate,removed,categoryType,
predicate,removed,cation,
predicate,removed,cato,
predicate,removed,catpion,
predicate,removed,cause(s)_,
predicate,removed,causeofdeath,
predicate,removed,cbfRanking,
predicate,removed,cchtitle,
predicate,removed,ccollege,
predicate,removed,cctv,
predicate,removed,cd1Percentage,
predicate,removed,cd2Percentage,
predicate,removed,cdpArea,
predicate,removed,ce,
predicate,removed,ceasedDailyPublication,
predicate,removed,cellPhone,
predicate,removed,celtsCapt.,
predicate,removed,cencus,
predicate,removed,censusDate,
predicate,removed,centerHead,
predicate,removed,centralCityReporter,
predicate,removed,centralOffices,
predicate,removed,centreCourtCoach,
predicate,removed,centreOfCity,
predicate,removed,centrosome,
predicate,removed,ceo.,
predicate,removed,executiveeditor,
predicate,removed,publisher,
predicate,removed,ceoJanpad,
predicate,removed,ceoOfTheCanadianWildlifeFund,
predicate,removed,ceoType,
predicate,removed,cep,
predicate,removed,certifications,
predicate,removed,cfaption,
predicate,removed,cflgreycupwon,
predicate,removed,cgPushpinRelief,
predicate,removed,chairMan,
predicate,removed,chairOfCouncil,
predicate,removed,chairOfTheVillageCouncil,
predicate,removed,chairmahn,
predicate,removed,chairmain,
predicate,removed,chairman&Ceo,
predicate,removed,chairman&EditorInChief,
predicate,removed,chairman(mayor)_,
predicate,removed,chairman(minisDivision)_,
predicate,removed,chairman(notAllListed)_,
predicate,removed,chairman(seniorDivision)_,
predicate,removed,"chairman,RtiDepartment",
predicate,removed,generalManager,
predicate,removed,chairmanAndCeo,
predicate,removed,chairmanBdlc,
predicate,removed,chairmanFounder,
predicate,removed,chairmanName,
predicate,removed,chairmanO,
predicate,removed,chairmanOfBoardOfManagement,
predicate,removed,chairmanOfFatherlandFrontCommittees,
predicate,removed,chairmanOfRugby,
predicate,removed,chairmanOfSupremeCouncilOfTheRepublicOfLithuania,
predicate,removed,chairmanOfTheBoard,
predicate,removed,chairmanOfThePeople'sCommittee,
predicate,removed,chairmanOfThePeople'sCouncil,
predicate,removed,chairmanSenate,
predicate,removed,chairmanTechnicalDepartment,
predicate,removed,chairmanYouthDivision)_,
predicate,removed,chairperson's,
predicate,removed,chairperson(municipalCorporation)_,
predicate,removed,chairpersonName,
predicate,removed,chairpersonOfExecutiveCommittee,
predicate,removed,chairpersonOfTheBoard,
predicate,removed,chairpersons,
predicate,removed,chairwomen,
predicate,removed,championCaptain,
predicate,removed,championDate,
predicate,removed,championMen,
predicate,removed,championSite,
predicate,removed,championTitle,
predicate,removed,championWomen,
predicate,removed,championnatActuel,
predicate,removed,champions6ASide,
predicate,removed,champions7ASide,
predicate,removed,championsLeagueOfDarts,
predicate,removed,championshipsAsPlayer,
predicate,removed,championsihps,
predicate,removed,chanda(meter)_,
predicate,removed,change%25_,
predicate,removed,change(16)_,
predicate,removed,channelOAfricaMusicVideon,
predicate,removed,channelOAfricaMusicVideow,
predicate,removed,chants,
predicate,removed,chapter.,
predicate,removed,chapteredByTheSecretaryOfState,
predicate,removed,characterNames,
predicate,removed,characters(credited)_,
predicate,removed,chargersDraft,
predicate,removed,chariman,
predicate,removed,charityAbn,
predicate,removed,charityNo,
predicate,removed,charityNumber,
predicate,removed,charityRegistrationNo.,
predicate,removed,charterNumber,
predicate,removed,charterchartered,
predicate,removed,chartercity,
predicate,removed,charterdate,
predicate,removed,chartered,
predicate,removed,charteredchartered,
predicate,removed,chattersOldMan,
predicate,removed,cheSubject1CweR,
predicate,removed,cheff,
predicate,removed,chefn,
predicate,removed,chief'sGaelicTitle,
predicate,removed,chief10Name,
predicate,removed,chief10Position,
predicate,removed,chief11Name,
predicate,removed,chief12Name,
predicate,removed,chief13Name,
predicate,removed,chief14Name,
predicate,removed,chief15Name,
predicate,removed,chiefAdvisory,
predicate,removed,chiefClerk,
predicate,removed,chiefCommunicationsAndMarketingOfficer,
predicate,removed,chiefCopyEditor,
predicate,removed,chiefDesigner,
predicate,removed,chiefExecuticeOfficer,
predicate,removed,chiefExecutiveOfficer(ceo)_,
predicate,removed,chiefFinancialOfficer,
predicate,removed,chiefFinancialOfficer(cfo)_,
predicate,removed,chiefJudgeName,
predicate,removed,chiefJusticeOfThePeople'sCourt,
predicate,removed,chiefMarketingOfficer(cmo)_,
predicate,removed,chiefMedicalOfficer,
predicate,removed,chiefMinisterOfKhyberPakhtunkhwa,
predicate,removed,chiefMuncipalOfficer,
predicate,removed,chiefOfPolice,
predicate,removed,chiefOfSnakebites,
predicate,removed,chiefOfSports,
predicate,removed,chiefOfStaffMissions,
predicate,removed,chiefOfStaffSupport,
predicate,removed,chiefOfficer&Administrator,
predicate,removed,chiefOperatingOfficer(coo)_,
predicate,removed,chiefReporter,
predicate,removed,chiefSubEditors,
predicate,removed,chiefTechnologyOfficer,
predicate,removed,chiefTowns,
predicate,removed,chiefeconomist,
predicate,removed,chiefexecutive,
predicate,removed,chiefjudgeTitle,
predicate,removed,chiefjudgetirle,
predicate,removed,chiefjustice,
predicate,removed,chiefsArms,
predicate,removed,chiefsDraft,
predicate,removed,chieftownsType,
predicate,removed,child(children)_,
predicate,removed,child(ren)_,
predicate,removed,child.,
predicate,removed,childHusband,
predicate,removed,childPopulation,
predicate,removed,childPopulationPercentage,
predicate,removed,childern,
predicate,removed,children(s)_,
predicate,removed,children.,
predicate,removed,childrenHeBirthed,
predicate,removed,childrenLink,
predicate,removed,childrenNames,
predicate,removed,chilren,
predicate,removed,chinesePinyin,
predicate,removed,chinesetaipei,
predicate,removed,chipsets,
predicate,removed,choline,
predicate,removed,chorusDirector,
predicate,removed,chrititle,
predicate,removed,chrmntitle,
predicate,removed,chrmtitle,
predicate,removed,chromosoMe,
predicate,removed,chromosome(humans)_,
predicate,removed,chromosome(yeast)_,
predicate,removed,chrot,
predicate,removed,chrtittle,
predicate,removed,ciachEnd,
predicate,removed,cid,
predicate,removed,technologyAdvisor,
predicate,removed,circuLation,
predicate,removed,circulateDate,
predicate,removed,"circulation15,000PerWeek",
predicate,removed,circulationDirector,
predicate,removed,circulationDistribute,
predicate,removed,circulationEditor,
predicate,removed,circulationManager,
predicate,removed,circumscription,
predicate,removed,cischampion,
predicate,removed,citeStateLaw,
predicate,removed,citeWeb,
predicate,removed,citescoreYear,
predicate,removed,citizen,
predicate,removed,citizenOfMugabasav,
predicate,removed,citricAcid,
predicate,removed,clerk,
predicate,removed,cityAreaCode,
predicate,removed,cityEditor,
predicate,removed,cityLogo,
predicate,removed,cityMayor,
predicate,removed,cityPopulation,
predicate,removed,cityReporter,
predicate,removed,cityeditor,
predicate,removed,citylogoSize,
predicate,removed,cityofbirth,
predicate,removed,cityposition,
predicate,removed,cityrightsDate,
predicate,removed,cityrightsTitle,
predicate,removed,cityst,
predicate,removed,civilEngineers,
predicate,removed,civilPartner,
predicate,removed,cladus,
predicate,removed,clan(s)_,
predicate,removed,clanCrest,
predicate,removed,clanSlogan,
predicate,removed,clapps(points)_,
predicate,removed,clasification,
predicate,removed,class(es)_,
predicate,removed,classifcation,
predicate,removed,classificatioheWasASeaportN,
predicate,removed,classificationColor,
predicate,removed,classificationNat,
predicate,removed,classificationTeam,
predicate,removed,classificazioneSismica,
predicate,removed,classified,
predicate,removed,classifiedManager,
predicate,removed,cleanSurveyMissionRank(स्वच्छसर्वेक्षणमिशन)_,
predicate,removed,cleastKerry,
predicate,removed,climaticZone,
predicate,removed,climaxberth,
predicate,removed,clinicHospitals,
predicate,removed,clockedFrequency,
predicate,removed,closedOn,
predicate,removed,closedToOutCrossing,
predicate,removed,closestDist,
predicate,removed,closingCeremony,
predicate,removed,clprorvince,
predicate,removed,clt20Wins,
predicate,removed,club(s)_,
predicate,removed,clubCaptain,
predicate,removed,clubCaptains,
predicate,removed,clubChairman,
predicate,removed,clubDirector,
predicate,removed,clubFounder,
predicate,removed,clubLeague,
predicate,removed,clubMascot,
predicate,removed,clubMembers,
predicate,removed,clubOwner,
predicate,removed,clubPraises,
predicate,removed,clubPresident,
predicate,removed,clubSong,
predicate,removed,clubTeam,
predicate,removed,clubWebsite,
predicate,removed,clubYears,
predicate,removed,clubame,
predicate,removed,clubanem,
predicate,removed,clubbouseManager,
predicate,removed,clubcaps,
predicate,removed,clubhouse,
predicate,removed,cluboxieIf,
predicate,removed,clubs6.,
predicate,removed,clubs8.,
predicate,removed,cmo,
predicate,removed,cmtn,
predicate,removed,cmtw,
predicate,removed,cnlk,
predicate,removed,coChair,
predicate,removed,coChampion,
predicate,removed,coDrivererikUppsäll,
predicate,removed,coEditors,
predicate,removed,coForeman,
predicate,removed,coFounded,
predicate,removed,coHost,
predicate,removed,coPrincipalInvestigator,
predicate,removed,coPublisher,
predicate,removed,coRegent,
predicate,removed,coaCap,
predicate,removed,coach(es)_,
predicate,removed,coach(men)_,
predicate,removed,coach2007NationalChampionsJasonHethLeague,
predicate,removed,coachJunio,
predicate,removed,coachPlayers,
predicate,removed,coachSenior,
predicate,removed,coachXv,
predicate,removed,coachblubs,
predicate,removed,coached,
predicate,removed,coachedby,
predicate,removed,coaches'Oath,
predicate,removed,coachingCareerEnd,
predicate,removed,coachingCareerStart,
predicate,removed,coachingStaff,
predicate,removed,coachingStart,
predicate,removed,coachingteams,
predicate,removed,coachpremierships,
predicate,removed,coachschool,
predicate,removed,coachwin%25_,
predicate,removed,coachwina,
predicate,removed,coachwinb,
predicate,removed,coachwinc,
predicate,removed,coachwind,
predicate,removed,coachyeargend,
predicate,removed,coachyearjend,
predicate,removed,coach’s,
predicate,removed,coaimage,
predicate,removed,coatcolor,
predicate,removed,coatlink,
predicate,removed,cobbbd,
predicate,removed,codMunicipio,
predicate,removed,codProvincia,
predicate,removed,code2Type,
predicate,removed,codeCnp,
predicate,removed,codeDesa,
predicate,removed,codeRome,
predicate,removed,codemeAffiliation,
predicate,removed,codnaunxbisbsidntryflag,
predicate,removed,"coinOfBrajanathSingha,DeFactoRulerOfTheAhomKingdom.IssueDate",
predicate,removed,cointreau,
predicate,removed,coke,
predicate,removed,colPhi,
predicate,removed,colapps(points)_,
predicate,removed,colc,
predicate,removed,collapapsed,
predicate,removed,collapased,
predicate,removed,collaped,
predicate,removed,collapsable,
predicate,removed,collapsedState,
predicate,removed,collasped,
predicate,removed,collector'sName,
predicate,removed,collegeAnnouncers,
predicate,removed,collegeCoach,
predicate,removed,collegeNetwork,
predicate,removed,collegehofYear,
predicate,removed,colonelInChief,
predicate,removed,colonized,
predicate,removed,color1ss,
predicate,removed,color2c,
predicate,removed,color2d,
predicate,removed,color2sss,
predicate,removed,color2ssss,
predicate,removed,color3e,
predicate,removed,color3f,
predicate,removed,color3g,
predicate,removed,color4hex,
predicate,removed,color5.,
predicate,removed,color6D,
predicate,removed,color7S,
predicate,removed,color8c,
predicate,removed,color9cs,
predicate,removed,colorTag,
predicate,removed,colora%23_,
predicate,removed,colorb%23_,
predicate,removed,colorc%23_,
predicate,removed,colord%23_,
predicate,removed,colorfghtrrrh,
predicate,removed,colorfilms,
predicate,removed,colorfootnotes,
predicate,removed,colorh,
predicate,removed,colory,
predicate,removed,colourCharge,
predicate,removed,coltsCoach,
predicate,removed,coltsCoachingCoOrdinator,
predicate,removed,coltsDraft,
predicate,removed,coltsHeadCoach,
predicate,removed,coltsQuarterback,
predicate,removed,columnist,
predicate,removed,columnists,
predicate,removed,columnname,
predicate,removed,colunaExtra,
predicate,removed,colupdate,
predicate,removed,com,
predicate,removed,comarca,
predicate,removed,combatWeight,
predicate,removed,combating,
predicate,removed,combatweight,
predicate,removed,combindAuthority,
predicate,removed,comedian,
predicate,removed,comedyTourName,
predicate,removed,comicColor,
predicate,removed,commas,
predicate,removed,commercial%3F_,
predicate,removed,commissionMembers,
predicate,removed,commissioners,
predicate,removed,commonFeatures,
predicate,removed,commonTitleOfDistrictHead,
predicate,removed,commonsCategory,
predicate,removed,commonwealthGames,
predicate,removed,commonwealthgamesmixeddoublesresult,
predicate,removed,commoscat,
predicate,removed,communciation,
predicate,removed,communityEditor,
predicate,removed,communityLeadership,
predicate,removed,communityPapers,
predicate,removed,communityeditor,
predicate,removed,compamny,
predicate,removed,companyFounded,
predicate,removed,companyNumber,
predicate,removed,companySecretary,
predicate,removed,companySlogan,
predicate,removed,companySlogans,
predicate,removed,comparableTo,
predicate,removed,comparison,
predicate,removed,compatibleNetwork,
predicate,removed,compatibleNetworks,
predicate,removed,compensation,
predicate,removed,competition11winner,
predicate,removed,competition13winner,
predicate,removed,competiton,
predicate,removed,competitor,
predicate,removed,competitorsFoot,
predicate,removed,competitorsOnFoot,
predicate,removed,completeN,
predicate,removed,completeNRef,
predicate,removed,completeNYear,
predicate,removed,complexity,
predicate,removed,componentName,
predicate,removed,componentinput,
predicate,removed,composer(s)_,
predicate,removed,composerInAssociation,
predicate,removed,composing,
predicate,removed,compositeandsvideoinputs,
predicate,removed,compositionMethod,
predicate,removed,compulsoryEducation,
predicate,removed,comunutyManager,
predicate,removed,concacafLeague,
predicate,removed,concert,
predicate,removed,concurrentPrograms,
predicate,removed,confederazione,
predicate,removed,confederaçãoBrasileiraDeFutebol,
predicate,removed,conference4Ties,
predicate,removed,conferenceSite,
predicate,removed,conjoint,
predicate,removed,conjugate,
predicate,removed,conlfict,
predicate,removed,connect,
predicate,removed,connectorsAndSensors,
predicate,removed,consituency,
predicate,removed,constantine,
predicate,removed,constituencies,
predicate,removed,state,
predicate,removed,constituencyCouncillor,
predicate,removed,constituencyFormerMp,
predicate,removed,constituencyMla,
predicate,removed,constituencyName,
predicate,removed,constitutinginstrument,
predicate,removed,constitutionInstrument,
predicate,removed,constiuency,
predicate,removed,constructionAgency,
predicate,removed,constructionBegin,
predicate,removed,constructionStarDate,
predicate,removed,constructionToBegin,
predicate,removed,constructor(s)_,
predicate,removed,consultantAgent,
predicate,removed,consultantEditor,
predicate,removed,consultingEditor,
predicate,removed,contact.,
predicate,removed,contactEmail,
predicate,removed,contactNo,
predicate,removed,contactNumber,
predicate,removed,contactPhone,
predicate,removed,content6style,
predicate,removed,content7style,
predicate,removed,content8style,
predicate,removed,contentalcup1Qualifiers,
predicate,removed,contenttype,
predicate,removed,contestWeight,
predicate,removed,continentalcup1Qualifier,
predicate,removed,continentalcup1qualifiers,
predicate,removed,continentalcup2qualifiers,
predicate,removed,continentalcupQualifiers,
predicate,removed,continentals,
predicate,removed,continuedFractionLinear,
predicate,removed,contninntalcup,
predicate,removed,contractSigned,
predicate,removed,contradiction,
predicate,removed,contributingEditors,
predicate,removed,contributors,
predicate,removed,controversies,
predicate,removed,contry,
predicate,removed,conusuler,
predicate,removed,conventor,
predicate,removed,convict,
predicate,removed,cooddinatesDisplay,
predicate,removed,cookbooks,
predicate,removed,cookingStyle,
predicate,removed,cookingStyles,
predicate,removed,coolapsed,
predicate,removed,coordaddon,
predicate,removed,coordenarDaDisplay,
predicate,removed,coordinateDisplay,
predicate,removed,coordinateFormat,
predicate,removed,coordinateRegion,
predicate,removed,coordinateType,
predicate,removed,coordinatedRegion,
predicate,removed,coordinates.Region,
predicate,removed,coordinatesCapital,
predicate,removed,coordinatesPinpoint,
predicate,removed,coordinatesSource,
predicate,removed,coordinatesTitle,
predicate,removed,coordinatingLibrary,
predicate,removed,copper,
predicate,removed,copter,
predicate,removed,copyEditor,
predicate,removed,copyEditors,
predicate,removed,copychief,
predicate,removed,coreBus,
predicate,removed,coreTarget,
predicate,removed,coreography,
predicate,removed,coresNothread,
predicate,removed,coronavirus,
predicate,removed,coronavirusAsOf,
predicate,removed,corporater,
predicate,removed,corporation,
predicate,removed,corporator,
predicate,removed,corpsname,
predicate,removed,correntPopulatonAprox,
predicate,removed,corrtime,
predicate,removed,cost(adult)_,
predicate,removed,cost(concession)_,
predicate,removed,cost(ntResidentOnly)_,
predicate,removed,costOf30SecondCommercial,
predicate,removed,costPerMagazine,
predicate,removed,costPerUnit,
predicate,removed,cotonTchadFcBadge.pngFullname,
predicate,removed,cotrainer,
predicate,removed,couleurCadre,
predicate,removed,couleurÉcriture,
predicate,removed,coulor,
predicate,removed,councillorWard,
predicate,removed,councilor,
predicate,removed,countcoach,
predicate,removed,countiesServed,
predicate,removed,countriboii,
predicate,removed,countriesServed,
predicate,removed,country2LargestCityPopulation,
predicate,removed,country4Claim,
predicate,removed,country4ClaimDivisions,
predicate,removed,country4ClaimDivisionsTitle,
predicate,removed,country4Flagvar,
predicate,removed,country5Claim,
predicate,removed,country5ClaimDivisions,
predicate,removed,country5ClaimDivisionsTitle,
predicate,removed,country6Claim,
predicate,removed,country6ClaimDivisions,
predicate,removed,country6ClaimDivisionsTitle,
predicate,removed,countryClaim,
predicate,removed,countryClaimDivisions,
predicate,removed,countryClaimDivisionsTitle,
predicate,removed,countryOfAffiliation,
predicate,removed,countryRepresent,
predicate,removed,countryServed,
predicate,removed,countryflagspecial,
predicate,removed,countyCode,
predicate,removed,countyJudge,
predicate,removed,countyLabel,
predicate,removed,countyName,
predicate,removed,countyTitle,
predicate,removed,county’s,
predicate,removed,county’s.,
predicate,removed,cousin,
predicate,removed,cousins.,
predicate,removed,coverPrice,
predicate,removed,cowWeight,
predicate,removed,cowboysDraft,
predicate,removed,cpation,
predicate,removed,cpncertHall,
predicate,removed,cps,
predicate,removed,cpsChiefParliamentarySecretary,
predicate,removed,cptCode,
predicate,removed,cption,
predicate,removed,cpuName,
predicate,removed,crads,
predicate,removed,craftBeerWriter,
predicate,removed,creater,
predicate,removed,createrName,
predicate,removed,creativeServicesDirector,
predicate,removed,creator(s)_,
predicate,removed,producer,
predicate,removed,creatorLinaje,
predicate,removed,crecintercensal,
predicate,removed,creditRating,
predicate,removed,creditor,
predicate,removed,creditsListing,
predicate,removed,creditsWriting,
predicate,removed,creerPosition,
predicate,removed,crevice,
predicate,removed,crew(21November1916)_,
predicate,removed,"crew(nov.21,1916)_",
predicate,removed,crew1Agency,
predicate,removed,criminalRecord,
predicate,removed,criminality,
predicate,removed,crises,
predicate,removed,crop,
predicate,removed,crp,
predicate,removed,csa,
predicate,removed,csm,
predicate,removed,cty,
predicate,removed,cuentaDeTwitter,
predicate,removed,cuisines,
predicate,removed,culturalWing,
predicate,removed,cultureeditor,
predicate,removed,cumLaude,
predicate,removed,cumillaEducationBoard,
predicate,removed,cumulativeFundraisingTotal,
predicate,removed,cup3result,
predicate,removed,cupChamp,
predicate,removed,cupTitle,
predicate,removed,cupTitles,
predicate,removed,cupVictory,
predicate,removed,currancy,
predicate,removed,currentAbrahamLincolnHighSchoolFootballCoachNumber,
predicate,removed,currentAge,
predicate,removed,currentBestandfairest,
predicate,removed,currentBnCsm,
predicate,removed,currentCareer,
predicate,removed,president,
predicate,removed,currentChiefOfficer,
predicate,removed,currentChoir,
predicate,removed,currentClubChampion,
predicate,removed,currentCoach,
predicate,removed,currentCoachAmosSmithLeague,
predicate,removed,currentConviction,
predicate,removed,currentCwlPresident,
predicate,removed,currentDesignation,
predicate,removed,currentEdition,
predicate,removed,currentEditorInChief,
predicate,removed,currentEditors,
predicate,removed,currentHome,
predicate,removed,currentHomeTeam,
predicate,removed,currentHurricanesLeague,
predicate,removed,currentImage,
predicate,removed,currentJesc,
predicate,removed,currentLogo,
predicate,removed,currentMayorName,
predicate,removed,currentMinistry,
predicate,removed,currentMla,
predicate,removed,currentModerator,
predicate,removed,currentMoverTotal,
predicate,removed,currentMp,
predicate,removed,currentOffic,
predicate,removed,currentOffice,
predicate,removed,currentOperator(s)_,
predicate,removed,currentOs,
predicate,removed,currentOwner%3F_,
predicate,removed,currentOwners,
predicate,removed,currentPoliticalParty,
predicate,removed,currentSarpanch,
predicate,removed,currentSenator,
predicate,removed,currentSpouse,
predicate,removed,currentSuccessor,
predicate,removed,currentSwVersion,
predicate,removed,currentTeam.,
predicate,removed,currentTitleholderName,
predicate,removed,currentTour,
predicate,removed,currentTsc,
predicate,removed,currentVicePresident,
predicate,removed,currentWinnersIn2021Season,
predicate,removed,currentlyCoaches,
predicate,removed,currentlyLives,
predicate,removed,currentlyRunning,
predicate,removed,currentmp,
predicate,removed,currentmpparty,
predicate,removed,currentranking,
predicate,removed,currenttours(currentpoints)_,
predicate,removed,customs,
predicate,removed,cutOffset,
predicate,removed,cvrAlt,
predicate,removed,cwcrW,
predicate,removed,cwlFoundationPresident,
predicate,removed,cwrsWYear,
predicate,removed,cwur,
predicate,removed,cwurAus,
predicate,removed,cwurGu,
predicate,removed,cwurWRef,
predicate,removed,cycloneSeason,
predicate,removed,cycloneseason,
predicate,removed,"cyears1,cteam",
predicate,removed,cyl%3Cnowiki%3E_,
predicate,removed,cysteine,
predicate,removed,czName,
predicate,removed,cónyuge,
predicate,removed,d.t.,
predicate,removed,d.ySecretary,
predicate,removed,dOfRugby,
predicate,removed,dRoof,
predicate,removed,dad,
predicate,removed,daddy,
predicate,removed,dadirAminDaadaLeague,
predicate,removed,dailyEditor,
predicate,removed,dailyFlights,
predicate,removed,damagepost,
predicate,removed,damagepre,
predicate,removed,damangespre,
predicate,removed,danRank,
predicate,removed,danceChoreographer,
predicate,removed,dark,
predicate,removed,darkRum,
predicate,removed,dat16E,
predicate,removed,datE,
predicate,removed,data7a,
predicate,removed,data7b,
predicate,removed,dataAndAnalytics,
predicate,removed,dataAndVideoAnalysisConsultant,
predicate,removed,dataDiMore,
predicate,removed,dataSource,
predicate,removed,dataTransmission,
predicate,removed,datall,
predicate,removed,dataname,
predicate,removed,date+_,
predicate,removed,"date,_",
predicate,removed,date2021.,
predicate,removed,dateBirth,
predicate,removed,dateCameIntoForce,
predicate,removed,dateCommencing,
predicate,removed,dateDerogated,
predicate,removed,dateEnteredIntoBrindavanam,
predicate,removed,dateFiled,
predicate,removed,dateForming,
predicate,removed,dateMerged,
predicate,removed,dateOfCancellation,
predicate,removed,dateOfComposition,
predicate,removed,dateOfDeathOfPreviousChief,
predicate,removed,dateOfDiscovery,
predicate,removed,dateOfFonudation,
predicate,removed,datePassedThe,
predicate,removed,datePublished,
predicate,removed,dateRate,
predicate,removed,dateReopened,
predicate,removed,dateRf,
predicate,removed,datedAired,
predicate,removed,dateissue,
predicate,removed,daten,
predicate,removed,dateofbirth,
predicate,removed,datepassed,
predicate,removed,dateprinting,
predicate,removed,datesOfOperation,
predicate,removed,datesOfPublication,
predicate,removed,dati,
predicate,removed,datte,
predicate,removed,dau,
predicate,removed,daughterInLaw,
predicate,removed,daughterInLaws,
predicate,removed,daughterName,
predicate,removed,daugther,
predicate,removed,dayOfLastUpdate,
predicate,removed,dba,
predicate,removed,deName,
predicate,removed,deadlift,
predicate,removed,deadlink,
predicate,removed,deanOfAcademicAdvising,
predicate,removed,deanOfStudentAffairs,
predicate,removed,_,
predicate,removed,deathDateAndAge,
predicate,removed,deathIsWhatHappenedToMe,
predicate,removed,deathPlace.,
predicate,removed,deathPllace,
predicate,removed,deathReason,
predicate,removed,deaths(official)_,
predicate,removed,deaths(unofficial)_,
predicate,removed,deathsCallirio,
predicate,removed,debtToGdp,
predicate,removed,debu2tdate,
predicate,removed,debutmo%23_,
predicate,removed,decWon,
predicate,removed,decades,
predicate,removed,decideddate,
predicate,removed,decidedyear,
predicate,removed,dedicatedPersonOfTheVillage,
predicate,removed,defMvp,
predicate,removed,defaultipa,
predicate,removed,defeated,
predicate,removed,defenceCoach,
predicate,removed,defenceMinister,
predicate,removed,defenceminister,
predicate,removed,defendingChampionFlagvar,
predicate,removed,defendsynchro,
predicate,removed,defenseMinister,
predicate,removed,defensiveCaptain,
predicate,removed,defensivePlayerN,
predicate,removed,defensivePlayerWinner,
predicate,removed,defensivebacks,
predicate,removed,defensiveline,
predicate,removed,defensorLaBocana.svgFullname,
predicate,removed,defuntCups,
predicate,removed,degignDate,
predicate,removed,degrees,
predicate,removed,delegateToTheFederalConventionFromMassachussetts,
predicate,removed,delhiAddress,
predicate,removed,deliveriesToTheFrenchArmy,
predicate,removed,demOgraphics1Title,
predicate,removed,demogphics1Title,
predicate,removed,demographic1Info,
predicate,removed,demographics1Demonym,
predicate,removed,demographics1Info1&nbsp;&nbsp;_,
predicate,removed,demographics1Info1OfficialLanguage,
predicate,removed,demographics1Title1DhundariMarwadiMixture,
predicate,removed,demographics1Title1Telud,
predicate,removed,demographics1Title1Zou,
predicate,removed,demographics1Type,
predicate,removed,demographics2In,
predicate,removed,demographics2Type,
predicate,removed,demographicsInfo,
predicate,removed,demographicsSection,
predicate,removed,demographicsTitel,
predicate,removed,demographicsTitle,
predicate,removed,demography,
predicate,removed,demonination,
predicate,removed,demononym,
predicate,removed,demonym(s)_,
predicate,removed,dennisBondCheeseKidStars,
predicate,removed,denominimNote,
predicate,removed,denomyn,
predicate,removed,denonym,
predicate,removed,denonynm,
predicate,removed,densityCouncil,
predicate,removed,densityTotalKm,
predicate,removed,kmq)_,
predicate,removed,depen,
predicate,removed,deployment,
predicate,removed,depos,
predicate,removed,depotlogo,
predicate,removed,depression,
predicate,removed,depressionM,
predicate,removed,deptPayment,
predicate,removed,deputies,
predicate,removed,deputyChair,
predicate,removed,deputyChairmanSenate,
predicate,removed,deputyChiefReporter,
predicate,removed,deputyCoach,
predicate,removed,deputyEditor.,
predicate,removed,deputyEditorInChief,
predicate,removed,deputyGoverner,
predicate,removed,deputyGrandMaster,
predicate,removed,deputyMarshalOfTheSenate,
predicate,removed,"deputyMayor,PrinceLake",
predicate,removed,deputyMayorSrinagar,
predicate,removed,deputyMinisterFrom,
predicate,removed,deputyOf,
predicate,removed,deputyOfMinister,
predicate,removed,deputyPrimeminister,
predicate,removed,deputyPublisher,
predicate,removed,deputyeditor,
predicate,removed,deputymayor,
predicate,removed,deputynewseditor,
predicate,removed,deputyspeaker,
predicate,removed,derecho,
predicate,removed,descendedClans,
predicate,removed,descendent,
predicate,removed,descentArts,
predicate,removed,descobverse,
predicate,removed,descreverse,
predicate,removed,desendents,
predicate,removed,DesertStormFounded,
predicate,removed,desgner,
predicate,removed,designDiscontinued,
predicate,removed,designEditor,
predicate,removed,designYear,
predicate,removed,designatedAsMilitantGroupBy,
predicate,removed,designation1Contact,
predicate,removed,designdate,
predicate,removed,designed,
predicate,removed,designedAndMaintainedBy,
predicate,removed,designerDate,
predicate,removed,designerTitle,
predicate,removed,designoirm,
predicate,removed,desigrjegfsgfdgddgfffbbgfCmsmDMddg1wrqfbcsdgvxszc1234y7746yuio9itrt799898uuiner,
predicate,removed,després,
predicate,removed,detonationMechanism,
predicate,removed,deutscherName,
predicate,removed,developedAt,
predicate,removed,developmentAid,
predicate,removed,developmentOfficer,
predicate,removed,devoteesPerYear,
predicate,removed,dharma,
predicate,removed,dhyana,
predicate,removed,diaDeExtincion,
predicate,removed,dialIn,
predicate,removed,dialect,
predicate,removed,dialecto,
predicate,removed,dialingCode,
predicate,removed,dialogues,
predicate,removed,diameterInh,
predicate,removed,diameterLy,
predicate,removed,dichtheid,
predicate,removed,dictator,
predicate,removed,die,
predicate,removed,diedOn,
predicate,removed,diemensions,
predicate,removed,diet,
predicate,removed,difference,
predicate,removed,differentLast,
predicate,removed,digitalDirector,
predicate,removed,digitaleditor,
predicate,removed,digital“foundries”_,
predicate,removed,dir.Rugby,
predicate,removed,dirOfRugby,
predicate,removed,direcor,
predicate,removed,directed,
predicate,removed,directeurSportifs,
predicate,removed,directionPosture,
predicate,removed,directon,
predicate,removed,director(coltsRugby)_,
predicate,removed,director(miniRugby)_,
predicate,removed,director.,
predicate,removed,Editor,
predicate,removed,directorAndSpokeperson,
predicate,removed,directorChhattisgarh,
predicate,removed,directorCredits,
predicate,removed,directorCricketOperations,
predicate,removed,directorOfCommunication,
predicate,removed,directorOfFootball,
predicate,removed,directorOfFootballOperations,
predicate,removed,directorOfOperations,
predicate,removed,directorOfOperationsAndAdvertising,
predicate,removed,directorOfRowing,
predicate,removed,directorOfSeniorRugby,
predicate,removed,directorOfSports,
predicate,removed,directorTitle,
predicate,removed,directorWomen'sRugby,
predicate,removed,directorialConsultant,
predicate,removed,directorsOfRugby,
predicate,removed,dirigeant,
predicate,removed,dirtitle,
predicate,removed,dirvideo,
predicate,removed,dirvisuals,
predicate,removed,disabled,
predicate,removed,discharge1AvgImperial,
predicate,removed,discharge1AvgMetric,
predicate,removed,discharge1MaxImperial,
predicate,removed,discharge1MinImperial,
predicate,removed,discharge3Avg,
predicate,removed,discontinuedDate,
predicate,removed,discoveriesSince2018;Date,
predicate,removed,disestablishedDate,
predicate,removed,disestablishedTitle,
predicate,removed,disolution,
predicate,removed,len,
predicate,removed,displayColour,
predicate,removed,displayCoordinates,
predicate,removed,displayportinput,
predicate,removed,disputyLeader,
predicate,removed,dissertationTitle,
predicate,removed,dissertationYear,
predicate,removed,dissetablishedDate,
predicate,removed,dissloved,
predicate,removed,dissolve,
predicate,removed,dissoved,
predicate,removed,distErr,
predicate,removed,distance(s)_,
predicate,removed,distanceFromIslamabad,
predicate,removed,distanceM,
predicate,removed,distanceReference,
predicate,removed,distancia,
predicate,removed,distanoluz,
predicate,removed,distibutor,
predicate,removed,distinguished,
predicate,removed,distinguishedPreviousCase,
predicate,removed,distparsec,
predicate,removed,distric,
predicate,removed,district.,
predicate,removed,districtCapital,
predicate,removed,districtCollector,
predicate,removed,districtCouncilorOrNazimOfPabaini,
predicate,removed,districtMagistrate,
predicate,removed,districtName,
predicate,removed,districtOfficer,
predicate,removed,districtPartyCommitteeSecretary,
predicate,removed,districtPopulationTotal,
predicate,removed,districtSince,
predicate,removed,div2Coach,
predicate,removed,div3Coaches,
predicate,removed,divisioAuthority,
predicate,removed,divorce,
predicate,removed,doNotCat,
predicate,removed,doctoralAdviser,
predicate,removed,doctoralStudent(s)_,
predicate,removed,documentAmended,
predicate,removed,dogBreed,
predicate,removed,dogs,
predicate,removed,dogsName,
predicate,removed,doktor,
predicate,removed,dollyn,
predicate,removed,dollyw,
predicate,removed,dolphinsDraft,
predicate,removed,domain(s)_,
predicate,removed,domesticCup(s)_,
predicate,removed,domesticCupWinner,
predicate,removed,domesticcup3winners,
predicate,removed,domesticyears,
predicate,removed,dominantSports,
predicate,removed,dop,
predicate,removed,dor,
predicate,removed,dotMapCaption,
predicate,removed,dotMapOrdinatesDisplay,
predicate,removed,dotY,
predicate,removed,doven,
predicate,removed,dovew,
predicate,removed,dptyEditor,
predicate,removed,drImranUlHassanKhwaja,
predicate,removed,draftedoverall,
predicate,removed,drambuie,
predicate,removed,drankBy,
predicate,removed,dressSize,
predicate,removed,dritorSportiv,
predicate,removed,driveChain,
predicate,removed,driveline,
predicate,removed,dryResidue(180DegreesC)_,
predicate,removed,državaRođenja,
predicate,removed,dtBackup,
predicate,removed,dtStarter,
predicate,removed,dubbedMoviesIn,
predicate,removed,duplicateCommands,
predicate,removed,duplicateHistoricSeat,
predicate,removed,duplicateImage,
predicate,removed,duplicateLeaderName,
predicate,removed,duplicateLeaderTitle,
predicate,removed,duplicateLink,
predicate,removed,duplicateNativeName,
predicate,removed,duplicateOffice,
predicate,removed,duplicatePos,
predicate,removed,duplicateTermEnd,
predicate,removed,duplicateTermStart,
predicate,removed,durationOfMission,
predicate,removed,dvidduallinkwithhdcpinput,
predicate,removed,dvidsinglelinkinput,
predicate,removed,dvidsinglelinkwithhdcpinputquantity,
predicate,removed,dyGeralManager,
predicate,removed,dynastyname,
predicate,removed,eBookReader,
predicate,removed,eaglesDraft,
predicate,removed,easternDivisionChampionships,
predicate,removed,eatenWith,
predicate,removed,ebuPage,
predicate,removed,ecTransaprencyRegister,
predicate,removed,eccentricty,
predicate,removed,economicAid,
predicate,removed,edflDivision,
predicate,removed,edinchief,
predicate,removed,editlink,
predicate,removed,editons,
predicate,removed,editor&Publisher,
predicate,removed,editor(s)_,
predicate,removed,editor.,
predicate,removed,Director,
predicate,removed,publisher,
predicate,removed,editor2Title,
predicate,removed,editorAssistant,
predicate,removed,editorAssistantTitle,
predicate,removed,editorChhattisgarhEdition,
predicate,removed,editorChief,
predicate,removed,editorEditorial,
predicate,removed,editorGiven,
predicate,removed,editorInCharge,
predicate,removed,editorInChiefTitle,
predicate,removed,editorSurname,
predicate,removed,editorTitle.,
predicate,removed,editorial,
predicate,removed,editorialBoards,
predicate,removed,editorialPageEditor,
predicate,removed,editorialTeam,
predicate,removed,editorialadviser,
predicate,removed,editorialdirector,
predicate,removed,editorinChief,
predicate,removed,editorinchief,
predicate,removed,editos,
predicate,removed,editpage,
predicate,removed,edram,
predicate,removed,educate,
predicate,removed,educationAlmaMata,
predicate,removed,educationDegree,
predicate,removed,educationPlace,
predicate,removed,educationQualification,
predicate,removed,educationRate,
predicate,removed,educationStatus,
predicate,removed,educationalBackground,
predicate,removed,educationalCentres,
predicate,removed,educationalInstitutions,
predicate,removed,educationalQualifications,
predicate,removed,efectiverange,
predicate,removed,eff,
predicate,removed,effLeader,
predicate,removed,effN,
predicate,removed,effectifs,
predicate,removed,effectiveFiringDistance,
predicate,removed,effectiveFiringRange,
predicate,removed,effectiveRadius,
predicate,removed,effectiveRange,
predicate,removed,effectiveRate,
predicate,removed,efn,
predicate,removed,eighth,
predicate,removed,einzug,
predicate,removed,eircode,
predicate,removed,ek,
predicate,removed,ek%3Cnowiki%3E_,
predicate,removed,elavationMaxPoint,
predicate,removed,elderSon,
predicate,removed,electSportBadge.pngFullname,
predicate,removed,electedMemberFor,
predicate,removed,electedMemberSince,
predicate,removed,electedOffice,
predicate,removed,electedTerm,
predicate,removed,electedYear,
predicate,removed,electedbyyear,
predicate,removed,election(s)_,
predicate,removed,electionLogo,
predicate,removed,electionLogoAlt,
predicate,removed,electionLogoSize,
predicate,removed,electoralvotes,
predicate,removed,electrate,
predicate,removed,electricBusRoutes,
predicate,removed,elementarySchool,
predicate,removed,elevaionM,
predicate,removed,Altitude,
predicate,removed,altitude,
predicate,removed,elevationChangeFt,
predicate,removed,elevationFeet,
predicate,removed,elevationImperial,
predicate,removed,elevationKm,
predicate,removed,elevationMMax,
predicate,removed,elevationMMin,
predicate,removed,elevationMaxHector,
predicate,removed,elevationNote,
predicate,removed,elevationRound,
predicate,removed,elevaçãoM,
predicate,removed,eliteprospects,
predicate,removed,elroyAjido'kuMgrtitle,
predicate,removed,email,
predicate,removed,emaw,
predicate,removed,emblemType,
predicate,removed,emergencyLine,
predicate,removed,emir,
predicate,removed,emissionLevel,
predicate,removed,emm,
predicate,removed,emonocot,
predicate,removed,emonocotfamily,
predicate,removed,employedPeopleRank,
predicate,removed,employee,
predicate,removed,employeeOfTheMonth,
predicate,removed,emptyWeight,
predicate,removed,enChildhoodDisintegrativeDisorder%3Faction,
predicate,removed,enclosed,
predicate,removed,end0a,
predicate,removed,end24a,
predicate,removed,end24b,
predicate,removed,end25a,
predicate,removed,end25b,
predicate,removed,end3.,
predicate,removed,end4.,
predicate,removed,end4ss,
predicate,removed,end5.,
predicate,removed,end5g,
predicate,removed,end5h,
predicate,removed,end5i,
predicate,removed,end5j,
predicate,removed,end5k,
predicate,removed,end6.,
predicate,removed,end6s.,
predicate,removed,end7.,
predicate,removed,end7sa,
predicate,removed,end9cs,
predicate,removed,endNames,
predicate,removed,endOfSeason,
predicate,removed,endfilms,
predicate,removed,endgame,
predicate,removed,endyearS,
predicate,removed,enforced,
predicate,removed,engine(jet)_,
predicate,removed,engine(prop)_,
predicate,removed,engineDiesel,
predicate,removed,engineManufacturer.AbbreviationsAsFollowsAllaire%3Cnowiki%3E_,
predicate,removed,enginePetrol,
predicate,removed,englishMediumSchool,
predicate,removed,englishNames,
predicate,removed,englishairdate,
predicate,removed,ength,
predicate,removed,engvoice,
predicate,removed,enlaceautor,
predicate,removed,enrollSecondaryAme,
predicate,removed,enteredSize,
predicate,removed,entertainmenteditor,
predicate,removed,entrenador,
predicate,removed,entrez,
predicate,removed,entryIntoForce,
predicate,removed,epiosdenumber,
predicate,removed,episode2s,
predicate,removed,episodes24a,
predicate,removed,episodes24b,
predicate,removed,episodes25a,
predicate,removed,episodes25b,
predicate,removed,episodes5g,
predicate,removed,episodes5h,
predicate,removed,episodes5i,
predicate,removed,episodes5j,
predicate,removed,episodes5k,
predicate,removed,episodes6D,
predicate,removed,episodes7S,
predicate,removed,episodes8&nbsp;_,
predicate,removed,episodes9cs,
predicate,removed,episodesa,
predicate,removed,episodesb,
predicate,removed,episodesfilms,
predicate,removed,episodess,
predicate,removed,eponymousSkills,
predicate,removed,epsidodes,
predicate,removed,motivationalSpeaker,
predicate,removed,equityInvested,
predicate,removed,equityOfficer,
predicate,removed,equityPartners,
predicate,removed,era2TotalTrackLength,
predicate,removed,eraAus,
predicate,removed,erdosNumber,
predicate,removed,erdősNumber,
predicate,removed,erfolg,
predicate,removed,erfolgText,
predicate,removed,erfolge,
predicate,removed,ermEnd,
predicate,removed,ermStart,
predicate,removed,escFirst,
predicate,removed,escLast,
predicate,removed,escWorst,
predicate,removed,escudo,
predicate,removed,especially,
predicate,removed,espnStatrs,
predicate,removed,est%5D%5D_,
predicate,removed,estOffset,
predicate,removed,establishedName,
predicate,removed,establishedPeople,
predicate,removed,establishedTitleTalukPanchayat,
predicate,removed,establishedType,
predicate,removed,establishedYear,
predicate,removed,establistedDate,
predicate,removed,estabslishedDate,
predicate,removed,estadio,
predicate,removed,estimatedAudienceReach,
predicate,removed,ethnicAndCultural,
predicate,removed,ethnicityPercent,
predicate,removed,etxta,
predicate,removed,etymologicColor,
predicate,removed,eur,
predicate,removed,eurlextag,
predicate,removed,eurohockey,
predicate,removed,europeairdate,
predicate,removed,europeanAffiliation,
predicate,removed,evaluation,
predicate,removed,evansTeollian,
predicate,removed,evenstyle,
predicate,removed,eventsAndMarketing,
predicate,removed,evpOfFootballOperations,
predicate,removed,exArmyWing,
predicate,removed,exBoyfriend,
predicate,removed,exEditor,
predicate,removed,exFatherInLaw,
predicate,removed,exGirlfriends,
predicate,removed,exHeadquarters,
predicate,removed,exHosts,
predicate,removed,exNames,
predicate,removed,exScreen,
predicate,removed,exSonInLaw,
predicate,removed,exSpouse,
predicate,removed,exStepgranddaughter,
predicate,removed,exStepmother,
predicate,removed,exWife,
predicate,removed,examinationController,
predicate,removed,exampleRecords,
predicate,removed,excluded,
predicate,removed,excludedText,
predicate,removed,exclusiveRightsFreeAgents,
predicate,removed,execsportseditor,
predicate,removed,executiveChair,
predicate,removed,executiveDirectorOfFootball,
predicate,removed,executiveEditorAndGeneralManager,
predicate,removed,executiveEditorOnline,
predicate,removed,executiveEditors,
predicate,removed,executiveGovernor,
predicate,removed,executiveMarketingOfficer,
predicate,removed,executiveMember,
predicate,removed,executiveOffice,
predicate,removed,executivePresident,
predicate,removed,executiveProducers,
predicate,removed,executivePublisher,
predicate,removed,executiveSecretary,
predicate,removed,executiveVp,
predicate,removed,exemplar(s)_,
predicate,removed,exinctTitle,
predicate,removed,existence,
predicate,removed,expacts,
predicate,removed,expandableMemory,
predicate,removed,expenditures,
predicate,removed,expertise,
predicate,removed,exrta,
predicate,removed,extendCompilations,
predicate,removed,extendSingles,
predicate,removed,extendTributes,
predicate,removed,extended,
predicate,removed,externalExchangeReserves,
predicate,removed,extra!_,
predicate,removed,extra6N,
predicate,removed,extraCmlumn,
predicate,removed,extraColumn%3CeraseThisAfterFindTheProducers%3E_,
predicate,removed,extraField,
predicate,removed,extraImage,
predicate,removed,extraImageCaption,
predicate,removed,extraaColumn,
predicate,removed,extras,
predicate,removed,eyear,
predicate,removed,f%3F_,
predicate,removed,facebook.,
predicate,removed,facebookPage,
predicate,removed,facebookPage.,
predicate,removed,fachar,
predicate,removed,facts,
predicate,removed,facultyAdvisor,
predicate,removed,fairPlayTeam,
predicate,removed,fairplay,
predicate,removed,faizanEMadinah,
predicate,removed,falconsDraft,
predicate,removed,familyBackground,
predicate,removed,familyHouse,
predicate,removed,familyInformation,
predicate,removed,familyMembers,
predicate,removed,familymember,
predicate,removed,famineName,
predicate,removed,famineNameInLocal,
predicate,removed,famous,
predicate,removed,famousChowk,
predicate,removed,famousFor,
predicate,removed,famousPact,
predicate,removed,famousPeople,
predicate,removed,famousPerson,
predicate,removed,famousPersonalities,
predicate,removed,famousPersonality,
predicate,removed,famousPlace,
predicate,removed,famousPract.,
predicate,removed,famousPrat,
predicate,removed,famousTemple,
predicate,removed,fan(s)_,
predicate,removed,fanClub,
predicate,removed,fanFavourite,
predicate,removed,fansClub,
predicate,removed,fansgroup,
predicate,removed,farmName,
predicate,removed,farmers,
predicate,removed,farming,
predicate,removed,fasiscle,
predicate,removed,fastLapSpeed,
predicate,removed,fatalitiespost,
predicate,removed,father'sName,
predicate,removed,fathers,
predicate,removed,father’sName,
predicate,removed,favoriteColor,
predicate,removed,favouriteDaughtersOldestSon,
predicate,removed,favouriteTeacher,
predicate,removed,fax,
predicate,removed,fb,
predicate,removed,fbPage,
predicate,removed,fe++_,
predicate,removed,feastDate,
predicate,removed,feathercolor,
predicate,removed,featureEditor,
predicate,removed,featureeditor,
predicate,removed,featuresEditor,
predicate,removed,featureseditor,
predicate,removed,featurin,
predicate,removed,fecha,
predicate,removed,fechaacceso,
predicate,removed,federalAgency,
predicate,removed,federalRiding,
predicate,removed,federationName,
predicate,removed,federazione,
predicate,removed,feedSystem,
predicate,removed,feederTeamFor,
predicate,removed,fellowship,
predicate,removed,felmérésÉve,
predicate,removed,fem,
predicate,removed,fem%23_,
predicate,removed,femaleLiteracy,
predicate,removed,femaleLiteracyRate,
predicate,removed,femalePopulation,
predicate,removed,femalePopulationPercentage,
predicate,removed,femalePopulationTotal,
predicate,removed,femaleTotal,
predicate,removed,females,
predicate,removed,festivalArtisticDirector,
predicate,removed,festoverride,
predicate,removed,ffffff,
predicate,removed,fiance,
predicate,removed,fiancé,
predicate,removed,fieRanking,
predicate,removed,fieldOfStudy,
predicate,removed,fieldworkers,
predicate,removed,fifaTrigramm,
predicate,removed,fifteensCoach,
predicate,removed,fifthNat,
predicate,removed,fight72Name,
predicate,removed,fightVenue,
predicate,removed,fightingStrength,
predicate,removed,fileddate,
predicate,removed,filedyear,
predicate,removed,fileformat,
predicate,removed,fillWeight,
predicate,removed,fillimg,
predicate,removed,fillings,
predicate,removed,filmAffinity,
predicate,removed,filmFestivalName,
predicate,removed,filmed,
predicate,removed,fimMandato,
predicate,removed,finalAlt,
predicate,removed,finalAscent,
predicate,removed,finalChairman,
predicate,removed,finalEightMvpN,
predicate,removed,finalGameScore,
predicate,removed,finalPrintIssue,
predicate,removed,finalchampion,
predicate,removed,finale,
predicate,removed,finalscount,
predicate,removed,financialAdvisor,
predicate,removed,financialAssistance(germany)_,
predicate,removed,financialConsultant,
predicate,removed,findAGrave,
predicate,removed,fineArt,
predicate,removed,fingerprintReader,
predicate,removed,finisher​_,
predicate,removed,finnishleague,
predicate,removed,fireMarshal,
predicate,removed,firingMethod,
predicate,removed,firingOrder,
predicate,removed,firmLocation,
predicate,removed,firmLocations,
predicate,removed,firmSlogan,
predicate,removed,firmware,
predicate,removed,firsrt20idate,
predicate,removed,firstAiredDate,
predicate,removed,firstAppearanceToTheNationalTeam,
predicate,removed,firstAppointedNoonuAtollCouncilorInTheTermOfPresidentMohamedNasheed,
predicate,removed,firstAward,
predicate,removed,firstAwarded,
predicate,removed,firstCompeted,
predicate,removed,firstCousins,
predicate,removed,firstDashWin,
predicate,removed,firstDirector,
predicate,removed,firstDirtRace,
predicate,removed,firstHarvest,
predicate,removed,firstIcsRace,
predicate,removed,firstLady,
predicate,removed,firstLine,
predicate,removed,firstModerator,
predicate,removed,firstOnlineIssue,
predicate,removed,firstPick,
predicate,removed,firstProShow,
predicate,removed,firstProShowYear,
predicate,removed,firstPrototype,
predicate,removed,firstResult,
predicate,removed,firstRoadCourse,
predicate,removed,firstRoadCourseRace,
predicate,removed,firstRovalRace.,
predicate,removed,firstSarpanchKhasgaon,
predicate,removed,firstSession,
predicate,removed,firstShow,
predicate,removed,firstStorm,
predicate,removed,firstTeamManager,
predicate,removed,firstgameeverplayed,
predicate,removed,firstordinal,
predicate,removed,firstshow,
predicate,removed,firstshowyear,
predicate,removed,fishbolid,
predicate,removed,fitnessCoordinator,
predicate,removed,fivbRanking,
predicate,removed,fixtureSecretary,
predicate,removed,fixturesSecretary,
predicate,removed,flagWl,
predicate,removed,flagholder,
predicate,removed,flamethrows,
predicate,removed,flapCaption,
predicate,removed,flchampion,
predicate,removed,fleetNumbers,
predicate,removed,flightier,
predicate,removed,flirtations,
predicate,removed,floodLights,
predicate,removed,floodlight,
predicate,removed,floodlights,
predicate,removed,fluctuation,
predicate,removed,fluoride,
predicate,removed,fmRadio,
predicate,removed,folded.,
predicate,removed,folkdance,
predicate,removed,fomerName,
predicate,removed,fomousPerson.,
predicate,removed,footballDirector,
predicate,removed,footballKitsSponsor,
predicate,removed,footballOperationsManager,
predicate,removed,footballSecretary,
predicate,removed,footerAlign%5D_,
predicate,removed,footnoes,
predicate,removed,footnoteG,
predicate,removed,footnotesCurrentMla(2019)_,
predicate,removed,footnotesSubVillages,
predicate,removed,forCurrentHurricanesLeague,
predicate,removed,forcebox,
predicate,removed,fording,
predicate,removed,foreground,
predicate,removed,foreignArticle,
predicate,removed,foreignEquivalents,
predicate,removed,foreignPolicyOfMajorPowersDate,
predicate,removed,foreignTitle,
predicate,removed,foreigners,
predicate,removed,foreignersDate,
predicate,removed,foreignminister,
predicate,removed,foreman,
predicate,removed,formalNameChange,
predicate,removed,formationCeb,
predicate,removed,formationEsf,
predicate,removed,formationWbscEurope,
predicate,removed,formedIn,
predicate,removed,formerChairman,
predicate,removed,formerClub,
predicate,removed,formerDepotCodes)_,
predicate,removed,formerDesigner,
predicate,removed,formerDirectors,
predicate,removed,formerEditor,
predicate,removed,formerFacultyDeans,
predicate,removed,formerGround,
predicate,removed,formerHeadquarters,
predicate,removed,formerHubs,
predicate,removed,formerLeaderName,
predicate,removed,formerLeaderTitle,
predicate,removed,formerMembership,
predicate,removed,formerMinister,
predicate,removed,formerNotableMembers,
predicate,removed,formerOffice,
predicate,removed,formerOwners,
predicate,removed,formerPartner(s)_,
predicate,removed,formerParty,
predicate,removed,formerPoliticalAlliance,
predicate,removed,formerProfession,
predicate,removed,formerPublisher,
predicate,removed,formerRecognitionOfRelationshipsRestrictions,
predicate,removed,formerRegierungsbezirk,
predicate,removed,formerRestaurant(s)_,
predicate,removed,formerRestaurants,
predicate,removed,formerSchool(s)_,
predicate,removed,formerSpouse,
predicate,removed,formerStars,
predicate,removed,formerStepmother,
predicate,removed,formerTeammates,
predicate,removed,formerTenants,
predicate,removed,formerTorse,
predicate,removed,formerVdcChairmanName,
predicate,removed,formerWebsite,
predicate,removed,formerWeightClass,
predicate,removed,formerballparks,
predicate,removed,formercm,
predicate,removed,formerleagues,
predicate,removed,formerlyKnownAs,
predicate,removed,formerlyUsedBy,
predicate,removed,formermp,
predicate,removed,formerskatingclubs,
predicate,removed,formfactor,
predicate,removed,formulaOfLove%3Cnowiki%3Eo+t,
predicate,removed,forthentry,
predicate,removed,forum,
predicate,removed,forwardsCoach,
predicate,removed,fossilworks,
predicate,removed,fouded,
predicate,removed,foughtoutof,
predicate,removed,founded.,
predicate,removed,founded1879Ground,
predicate,removed,foundedAndRegistered,
predicate,removed,foundedIn,
predicate,removed,founder&Director,
predicate,removed,founder'sName,
predicate,removed,founder(s)_,
predicate,removed,president,
predicate,removed,founderAndCeo,
predicate,removed,founderEditor,
predicate,removed,founderNamed,
predicate,removed,foundersBowlTitles,
predicate,removed,foundingBoard,
predicate,removed,foundingBoardMembers,
predicate,removed,foundingCompanies,
predicate,removed,foundingMembersName,
predicate,removed,foundingPrincipals,
predicate,removed,fours,
predicate,removed,fourthAlt,
predicate,removed,fourthNat,
predicate,removed,foxtelCup,
predicate,removed,fpv%25_,
predicate,removed,frAcronym,
predicate,removed,fra,
predicate,removed,framecolor,
predicate,removed,franchiseHolderNationalDirector,
predicate,removed,franchiseHolderTitle,
predicate,removed,frase,
predicate,removed,free1Type,
predicate,removed,free2Type,
predicate,removed,freeType,
predicate,removed,freedom100Winner,
predicate,removed,freedomWinner,
predicate,removed,freemason,
predicate,removed,frequentOpponents,
predicate,removed,friend,
predicate,removed,frog,
predicate,removed,fromSerbia,
predicate,removed,fromterms%23_,
predicate,removed,frontCabHeight,
predicate,removed,frontTireSize,
predicate,removed,frostline,
predicate,removed,sp,
predicate,removed,v,
predicate,removed,frédéricEtsouNzabiBamungwabiDipstyle,
predicate,removed,frühereNamen,
predicate,removed,ftB,
predicate,removed,ftstar,
predicate,removed,fuel&Oxidizer,
predicate,removed,fuelTank,
predicate,removed,fuelTypes,
predicate,removed,fullForm,
predicate,removed,fullGameStats,
predicate,removed,fullSize,
predicate,removed,fullTimeFaculty,
predicate,removed,fullbname,
predicate,removed,fullgname,
predicate,removed,fullnamye,
predicate,removed,fundacion,
predicate,removed,fundingBodies,
predicate,removed,fundingModel,
predicate,removed,funeralPlace,
predicate,removed,fungorum,
predicate,removed,fusion,
predicate,removed,fusionlive,
predicate,removed,futureChamps,
predicate,removed,fwd,
predicate,removed,fy20152016Budget,
predicate,removed,förderorganisationen,
predicate,removed,főÁramrendszer,
predicate,removed,g.Manager,
predicate,removed,g1Score,
predicate,removed,g1Team,
predicate,removed,g2Score,
predicate,removed,g2Team,
predicate,removed,g3Score,
predicate,removed,g3Team,
predicate,removed,g4Score,
predicate,removed,g4Team,
predicate,removed,g4Wiiu,
predicate,removed,g5Score,
predicate,removed,g5Team,
predicate,removed,g6Score,
predicate,removed,g6Team,
predicate,removed,g7Score,
predicate,removed,g7Team,
predicate,removed,gDist,
predicate,removed,gGchildren,
predicate,removed,galacticcenter,
predicate,removed,galactose,
predicate,removed,gam,
predicate,removed,gameDayOperations,
predicate,removed,gameDesign,
predicate,removed,gamekultNs,
predicate,removed,gamesRecordHolder,
predicate,removed,garnishHi,
predicate,removed,gazettedRef,
predicate,removed,gcB,
predicate,removed,gcL,
predicate,removed,gdp(nominal)_,
predicate,removed,gdpAsOf,
predicate,removed,gdpPppUs,
predicate,removed,gdpRatio,
predicate,removed,gdpUs,
predicate,removed,gdppc,
predicate,removed,gdppcPppUs,
predicate,removed,gdppcRank,
predicate,removed,gdppcUs,
predicate,removed,gearManufacturer,
predicate,removed,gebiet,
predicate,removed,gebietInDerTabelle,
predicate,removed,gemeindekennzahl,
predicate,removed,genSecretary,
predicate,removed,genderIdentityOtherThanCis,
predicate,removed,generaManager,
predicate,removed,generalCoordinator,
predicate,removed,generalMan,
predicate,removed,generalSecratry,
predicate,removed,generalSecretaries,
predicate,removed,generalSecuretry,
predicate,removed,generalmanager1start,
predicate,removed,generalmanager1team,
predicate,removed,generalmgr,
predicate,removed,generes,
predicate,removed,geneticDiagnosis,
predicate,removed,genmanager,
predicate,removed,genralManager,
predicate,removed,gentilicio,
predicate,removed,geographicalLocation,
predicate,removed,geonames,
predicate,removed,germanicEquivalent,
predicate,removed,germanleague,
predicate,removed,gestor,
predicate,removed,ghmc,
predicate,removed,giTags,
predicate,removed,giantsDraft,
predicate,removed,gid,
predicate,removed,gilbertMcconnellLeague,
predicate,removed,girlFriends,
predicate,removed,girlfriends,
predicate,removed,giu,
predicate,removed,glass,
predicate,removed,gloss,
predicate,removed,glossing,
predicate,removed,gm.,
predicate,removed,gm1Ot,
predicate,removed,gm2Ot,
predicate,removed,gm4Ot,
predicate,removed,gm7Ot,
predicate,removed,gnd,
predicate,removed,gnisId,
predicate,removed,goalDifference,
predicate,removed,goalHorn,
predicate,removed,goalScorer,
predicate,removed,goalSong,
predicate,removed,goalkeeperCoach,
predicate,removed,goalkeeperTrainer,
predicate,removed,goalsPerGame,
predicate,removed,goalsScored,
predicate,removed,goddessOf,
predicate,removed,godmothers,
predicate,removed,goldEpol,
predicate,removed,goldFrmf,
predicate,removed,goldOtt,
predicate,removed,goldTroyYhfaEkZrgbbvhhbCerioz,
predicate,removed,goldenBall,
predicate,removed,goldenTranslation,
predicate,removed,"gomez&Silk%22thisSamādhiIsAtTheSameTimeTheCognitiveExperienceOfEmptiness,TheAttainmentOfTheAttributesOfBuddhahood,AndThePerformanceOfAVarietyOfPracticesOrDailyActivitiesOfABodhisattva—includingServiceAndAdorationAtTheFeetOfAllBuddhas.TheWordSamādhiIsAlsoUsedToMeanTheSūtraItself.Consequently,WeCanSpeakOfAnEquation,Sūtra%3Cnowiki%3E_",
predicate,removed,gondolas,
predicate,removed,good,
predicate,removed,goody'sDashTopTens,
predicate,removed,goody'sDashWins,
predicate,removed,googleHeadName,
predicate,removed,googleMapLocation,
predicate,removed,googleRepresentativeHead,
predicate,removed,governergeneral,
predicate,removed,governing,
predicate,removed,governingBodyO,
predicate,removed,governingChairPerson,
predicate,removed,governingMayor,
predicate,removed,governingMla,
predicate,removed,governingPeriod,
predicate,removed,governingRegion,
predicate,removed,governingSarpanch,
predicate,removed,governmentBody,
predicate,removed,governmentBodyType,
predicate,removed,governmentCode,
predicate,removed,governmentHeadDeputy,
predicate,removed,governmentMayor,
predicate,removed,governmentPresident,
predicate,removed,governmentbody,
predicate,removed,governorgeneral,
predicate,removed,govtofficialName,
predicate,removed,govtofficialTitle,
predicate,removed,gpNes,
predicate,removed,gpio,
predicate,removed,gpuArchitecture,
predicate,removed,gr10%23_,
predicate,removed,gr11%23_,
predicate,removed,gr12%23_,
predicate,removed,gr8%23_,
predicate,removed,gr9%23_,
predicate,removed,gradeability,
predicate,removed,graduatedHighSchool,
predicate,removed,gramDeviName,
predicate,removed,gramPanchayat,
predicate,removed,gramPanchayet,
predicate,removed,gramPardhan,
predicate,removed,gramPradhan,
predicate,removed,gramaDevata,
predicate,removed,gramaNiladariDivisions,
predicate,removed,gramaSarpanch,
predicate,removed,gramaSarpanchCantactNumber,
predicate,removed,grammys,
predicate,removed,grandDaughter,
predicate,removed,grandFather,
predicate,removed,grandMarneir,
predicate,removed,grandPresident,
predicate,removed,grandaughters,
predicate,removed,grandchild,
predicate,removed,grandchildern,
predicate,removed,grandchildrens,
predicate,removed,granddam,
predicate,removed,granddaughter,
predicate,removed,grandkids,
predicate,removed,grandmother,
predicate,removed,grandmothersHeIsDeadYou,
predicate,removed,grandson.l,
predicate,removed,grandsonName,
predicate,removed,grants,
predicate,removed,graphicArtist,
predicate,removed,graphicsAndLayoutEditor,
predicate,removed,graphicsEditor,
predicate,removed,graphicsdirector,
predicate,removed,gravePlace(s)_,
predicate,removed,gravitationalParameterMu,
predicate,removed,greatGrandChildren,
predicate,removed,greatGrandchild,
predicate,removed,greatGrandchildren,
predicate,removed,greatGranddaughter,
predicate,removed,greatGranddaughters,
predicate,removed,greatGrandparents,
predicate,removed,greatGrandson,
predicate,removed,greatNephew,
predicate,removed,greatNephewsAndNieces,
predicate,removed,greatNieces,
predicate,removed,greatestIndoorPlayerOfAllTime,
predicate,removed,greatgranddaughter,
predicate,removed,greatgranddaughters,
predicate,removed,greatgrandson,
predicate,removed,greatgrandsons,
predicate,removed,greenSa,
predicate,removed,greyCupChampions,
predicate,removed,grk%23_,
predicate,removed,groovesvoltn,
predicate,removed,grossDebt,
predicate,removed,grossRevenue,
predicate,removed,grossTonnage,
predicate,removed,grossed,
predicate,removed,groukptndName,
predicate,removed,ground(s)_,
predicate,removed,groundGeGf,
predicate,removed,groundImagealt,
predicate,removed,groundIncharge,
predicate,removed,groundPressure,
predicate,removed,groundsman,
predicate,removed,groupEditor,
predicate,removed,groupPublisher,
predicate,removed,grouplabel2x,
predicate,removed,grouplabelstyle,
predicate,removed,grpk%23_,
predicate,removed,grsp%23_,
predicate,removed,gruendungshoehe,
predicate,removed,gs1GtinPrefix(es)_,
predicate,removed,gsmchoiceId,
predicate,removed,gspySms,
predicate,removed,guardianN,
predicate,removed,guardianNYear,
predicate,removed,guest(s)_,
predicate,removed,guestMusicians,
predicate,removed,gueststar,
predicate,removed,gueststars,
predicate,removed,gunWeight,
predicate,removed,gurus,
predicate,removed,gutcOffsetDst,
predicate,removed,gvErr,
predicate,removed,gwebsite,
predicate,removed,h2ot,
predicate,removed,hCoalitionopposition,
predicate,removed,hLaborgovernment,
predicate,removed,hMajorityLeader,
predicate,removed,hShortrs,
predicate,removed,habitants,
predicate,removed,hacRating,
predicate,removed,hadedness,
predicate,removed,haircoluor,
predicate,removed,halal,
predicate,removed,halfBrother,
predicate,removed,halfBrothers,
predicate,removed,halfSisters,
predicate,removed,halfsister,
predicate,removed,hancha,
predicate,removed,hangulImage,
predicate,removed,hangula,
predicate,removed,hangulgye,
predicate,removed,chosǒn'gǔl,
predicate,removed,hanjaa,
predicate,removed,hanjagye,
predicate,removed,hardDrive,
predicate,removed,hardwarePlatform,
predicate,removed,harfBüyüklüğü,
predicate,removed,harvid,
predicate,removed,hasBorder,
predicate,removed,hashtag,
predicate,removed,"hashtag,%23_",
predicate,removed,hateCrimeLaws,
predicate,removed,hatedNumber,
predicate,removed,haw%25_,
predicate,removed,hbb,
predicate,removed,hbmresult,
predicate,removed,hcards,
predicate,removed,hdi(2018)_,
predicate,removed,hdi(2019)_,
predicate,removed,hdmiinput,
predicate,removed,headClubCoach,
predicate,removed,headCurator,
predicate,removed,headOfBusiness,
predicate,removed,headOfCharity,
predicate,removed,headOfCollege,
predicate,removed,headOfColleges,
predicate,removed,headOfDigital&Marketing,
predicate,removed,headOfFan,
predicate,removed,headOfFootball,
predicate,removed,headOfNews&Online,
predicate,removed,headOfParliament,
predicate,removed,headPhotographer,
predicate,removed,headQuarters,
predicate,removed,headTrainer,
predicate,removed,header5x,
predicate,removed,headerHeight,
predicate,removed,headercoor,
predicate,removed,headine,
predicate,removed,headlines,
predicate,removed,headling,
predicate,removed,headquarter(nizamuddinFaction)_,
predicate,removed,headquarterOfThePeople'sCommittee,
predicate,removed,headquarterStation,
predicate,removed,headquartersLocation,
predicate,removed,headquartes,
predicate,removed,headsecretariat,
predicate,removed,headshot,
predicate,removed,healine,
predicate,removed,height(ft)_,
predicate,removed,height(inch)_,
predicate,removed,height(m)_,
predicate,removed,height.,
predicate,removed,height5’_,
predicate,removed,heightAdjustmentRange,
predicate,removed,heightadjustablestand,
predicate,removed,heklokojojojoioioioioi12345678900Court,
predicate,removed,helpfulSkills,
predicate,removed,helplineNumber,
predicate,removed,hexadecimal,
predicate,removed,hgcPs,
predicate,removed,hght,
predicate,removed,hgnc,
predicate,removed,hhk,
predicate,removed,hiddencols,
predicate,removed,hideMusicBox,
predicate,removed,highHomeAttendance,
predicate,removed,highPerformanceManager,
predicate,removed,highScholl,
predicate,removed,highSchoolWing,
predicate,removed,highcommisionnerFrom,
predicate,removed,higher(uk)_,
predicate,removed,higherClassification,
predicate,removed,highestAttendanceNote,
predicate,removed,highestAverageAttendance,
predicate,removed,highestBridge,
predicate,removed,highestCirculation,
predicate,removed,highestDoublesranking,
predicate,removed,highestElevationM,
predicate,removed,highestElevationPointM,
predicate,removed,highestGoverningBody(s)_,
predicate,removed,highestNationalRanking,
predicate,removed,highestPlayoffAttendance,
predicate,removed,highestRunGetter,
predicate,removed,highestTeamAttendance,
predicate,removed,highestWicketTaker,
predicate,removed,highestranking(iam)_,
predicate,removed,highestscoring,
predicate,removed,highlihts,
predicate,removed,highways,
predicate,removed,hijos,
predicate,removed,hijriDateOfBirth,
predicate,removed,hindivoice,
predicate,removed,hiro,
predicate,removed,hisElderSon,
predicate,removed,hisp%25_,
predicate,removed,historcalPlace,
predicate,removed,historicCounty,
predicate,removed,historicalColumnist,
predicate,removed,historicalPlace,
predicate,removed,historicalProfile,
predicate,removed,historicalSociety,
predicate,removed,historicalUser,
predicate,removed,hobali,
predicate,removed,hochwasser,
predicate,removed,hoe,
predicate,removed,holders,
predicate,removed,holidaysAndFestivals,
predicate,removed,homeCentre,
predicate,removed,homeColours,
predicate,removed,homeDistrict,
predicate,removed,homeField,
predicate,removed,homeImage,
predicate,removed,homeNcaa,
predicate,removed,homePage,
predicate,removed,homePitch,
predicate,removed,homeQrt,
predicate,removed,homeQtrot,
predicate,removed,homeSecretary,
predicate,removed,homeStats,
predicate,removed,homeStrip,
predicate,removed,homeTsn,
predicate,removed,homeaccessdate,
predicate,removed,homecoaches,
predicate,removed,homedate,
predicate,removed,homeground,
predicate,removed,homekit,
predicate,removed,homeot,
predicate,removed,homepitch,
predicate,removed,homeurl,
predicate,removed,homewin,
predicate,removed,homicideCommandingOfficer,
predicate,removed,homing,
predicate,removed,hompage,
predicate,removed,hon,
predicate,removed,hon.Sec,
predicate,removed,hon.Secretary,
predicate,removed,hon.Treasurer,
predicate,removed,honSecretary,
predicate,removed,honarySecretary,
predicate,removed,hongKongTopSalesMusicAwards,
predicate,removed,honoraficSuffix,
predicate,removed,honoraryJointSecretary,
predicate,removed,honoraryPrefix,
predicate,removed,honoraryTreasurer,
predicate,removed,honoraryVicePresident,
predicate,removed,honorific,
predicate,removed,honorificSUffix,
predicate,removed,honorificTitle,
predicate,removed,honorifixPrefix,
predicate,removed,honorifixSuffix,
predicate,removed,honorrificPrefix,
predicate,removed,honoursAndDecorations,
predicate,removed,horusTranslation,
predicate,removed,hospital,
predicate,removed,hostCities,
predicate,removed,hotakBorder,
predicate,removed,hotakBoxcolour,
predicate,removed,hotels,
predicate,removed,houseDeputy,
predicate,removed,houseMajority,
predicate,removed,houseMembers,
predicate,removed,houseMinority,
predicate,removed,houseSpeaker,
predicate,removed,household,
predicate,removed,households,
predicate,removed,housingSocieties,
predicate,removed,hrvErr,
predicate,removed,hsbc7sSeries,
predicate,removed,hues,
predicate,removed,hugezhuang,
predicate,removed,human+_,
predicate,removed,humanDevelopmentIndex,
predicate,removed,humanRace,
predicate,removed,humourEditor,
predicate,removed,hungarianleague,
predicate,removed,hungaryname,
predicate,removed,husbands,
predicate,removed,huwsGrayCup,
predicate,removed,hy,
predicate,removed,hzjakneaicneairbu218i,
predicate,removed,iai,
predicate,removed,iamgesize,
predicate,removed,ibus,
predicate,removed,icallirekandJunior,
predicate,removed,icapps(points)_,
predicate,removed,iceContent,
predicate,removed,icepin,
predicate,removed,idealCompetencies,
predicate,removed,idioma,
predicate,removed,iedProtection,
predicate,removed,ieieoeupright,
predicate,removed,ifam,
predicate,removed,iffAffiliation,
predicate,removed,igboLanguageInEbonyiState,
predicate,removed,ihdi,
predicate,removed,ij,
predicate,removed,ikg,
predicate,removed,ile,
predicate,removed,illegalAuComment,
predicate,removed,illegalComment,
predicate,removed,illumination(s)_,
predicate,removed,illusions,
predicate,removed,illustrated,
predicate,removed,illustration(s)_,
predicate,removed,imaSymbol,
predicate,removed,imafeSize,
predicate,removed,imagEsize,
predicate,removed,imagSize,
predicate,removed,image&nbsp;&nbsp;&nbsp;_,
predicate,removed,image.,
predicate,removed,image2Szie,
predicate,removed,imageAlignment,
predicate,removed,imageBranstrompark,
predicate,removed,imageCaptioFtGtFggvLpjn,
predicate,removed,imageCaptionN,
predicate,removed,imageCaptionVi,
predicate,removed,imageCaptionq,
predicate,removed,imageCapture,
predicate,removed,imageCtion,
predicate,removed,imageDiscription,
predicate,removed,imageDize,
predicate,removed,imageFlagItaly,
predicate,removed,imageHasRationale,
predicate,removed,imageLabel,
predicate,removed,imageMap1Caption,
predicate,removed,imageMapCalifornia,
predicate,removed,imageMayor,
predicate,removed,imageMidline,
predicate,removed,imageNadine,
predicate,removed,imageNeeded,
predicate,removed,imageOfSkyline,
predicate,removed,imageOutline,
predicate,removed,imagePx,
predicate,removed,imageRes,
predicate,removed,imageShieldCaption,
predicate,removed,imageShieldType,
predicate,removed,imageSiyoze,
predicate,removed,imageSize.,
predicate,removed,imageSizefgtt,
predicate,removed,imageSizerbnvm,
predicate,removed,imageSkykLine,
predicate,removed,imageSkylineCaption,
predicate,removed,imageSkylineSize,
predicate,removed,imageSpkeTrParambuntali,
predicate,removed,imageStuartview,
predicate,removed,imageText,
predicate,removed,imageW,
predicate,removed,imageasize,
predicate,removed,imagen,
predicate,removed,imagenBandera,
predicate,removed,imagenEscudo,
predicate,removed,imagenSize,
predicate,removed,imageninferiorPie,
predicate,removed,imageobverse,
predicate,removed,imagereverse,
predicate,removed,imagesSize,
predicate,removed,imagesizeH,
predicate,removed,imageskyline,
predicate,removed,imangeSize,
predicate,removed,imasge,
predicate,removed,imgCoaLegend,
predicate,removed,imgaeSize,
predicate,removed,imgcaption,
predicate,removed,imge,
predicate,removed,imgeSize,
predicate,removed,imgtext,
predicate,removed,immageSkyline,
predicate,removed,immediatePastPresident,
predicate,removed,immigrationRightsForSameSexCouples,
predicate,removed,importantApps,
predicate,removed,importantPlace,
predicate,removed,importer,
predicate,removed,improvedPlayerN,
predicate,removed,improvedPlayerWinner,
predicate,removed,imsgeSize,
predicate,removed,in%3F_,
predicate,removed,in1917UsDollars.TheExchangeRateUsed%3Cnowiki%3E(1£_,
predicate,removed,inKurdish,
predicate,removed,inOffice,
predicate,removed,inServiceFrom,
predicate,removed,inSport,
predicate,removed,inTamazight,
predicate,removed,inTendeduse,
predicate,removed,inaturalist,
predicate,removed,inauguralRun,
predicate,removed,inauguralSeason,
predicate,removed,inauguratedBy,
predicate,removed,incarnations,
predicate,removed,incident(s)_,
predicate,removed,includedText,
predicate,removed,incorperated(town)_,
predicate,removed,incorporatedDate,
predicate,removed,incorporatedTitle,
predicate,removed,incorporationDate,
predicate,removed,incumbentChief,
predicate,removed,incumbenttill,
predicate,removed,indexfungorum,
predicate,removed,indi,
predicate,removed,indi1y,
predicate,removed,indi2y,
predicate,removed,indi3y,
predicate,removed,indianRanking,
predicate,removed,indianaStateHouseOfRepresentatives,
predicate,removed,indij,
predicate,removed,indij1y,
predicate,removed,indij2y,
predicate,removed,indij3y,
predicate,removed,individualRulers,
predicate,removed,indprize,
predicate,removed,inductance,
predicate,removed,industryType,
predicate,removed,inegiCode,
predicate,removed,inflated,
predicate,removed,inflationRate(consumerPrices)_,
predicate,removed,influencedArts,
predicate,removed,info10a,
predicate,removed,info11a,
predicate,removed,info12a,
predicate,removed,info13a,
predicate,removed,info14a,
predicate,removed,info15a,
predicate,removed,info16a,
predicate,removed,info1b,
predicate,removed,info3a,
predicate,removed,info3b,
predicate,removed,info4a,
predicate,removed,info5a,
predicate,removed,info5b,
predicate,removed,info6a,
predicate,removed,info6b,
predicate,removed,info7a,
predicate,removed,info8a,
predicate,removed,info9a,
predicate,removed,infoa1span,
predicate,removed,infoa5d,
predicate,removed,infoa5k,
predicate,removed,infoa7a,
predicate,removed,infoa7b,
predicate,removed,infob3.,
predicate,removed,infob4s,
predicate,removed,infoboxColor,
predicate,removed,infoboxwidth,
predicate,removed,infoc4s,
predicate,removed,infocTransclude,
predicate,removed,infocspan,
predicate,removed,infod4s,
predicate,removed,infoe4s,
predicate,removed,infof4s,
predicate,removed,infoheader,
predicate,removed,informal%25_,
predicate,removed,informationAboutHim,
predicate,removed,informationWebsite,
predicate,removed,infraordoAuthority,
predicate,removed,ingredientsAndFoods,
predicate,removed,inhabitants,
predicate,removed,inhale,
predicate,removed,initialK,
predicate,removed,initiale,
predicate,removed,inprisoned,
predicate,removed,Output,
predicate,removed,insatagarm,
predicate,removed,insigna,
predicate,removed,insignasize,
predicate,removed,insigniasise,
predicate,removed,insignificant,
predicate,removed,inspireFinalists,
predicate,removed,panchalimeduWebsite,
predicate,removed,institutionType,
predicate,removed,institutionsInOndoWest,
predicate,removed,instructor,
predicate,removed,intakeAirFlow,
predicate,removed,intensy,
predicate,removed,inter,
predicate,removed,inter1y,
predicate,removed,inter2y,
predicate,removed,inter3y,
predicate,removed,interSettlementTerritory,
predicate,removed,interceptorUnitCost,
predicate,removed,interfaxRus,
predicate,removed,interimCoach,
predicate,removed,interimEditor,
predicate,removed,interimHeadCoach,
predicate,removed,interimManager,
predicate,removed,interimPresident,
predicate,removed,interimPublisher,
predicate,removed,intermediateHonours,
predicate,removed,internalMemory,
predicate,removed,internationalAppearences,
predicate,removed,internationalCup(s)AfcCup(playOffStage)_,
predicate,removed,internationalCup(s)_,
predicate,removed,internationalHolland,
predicate,removed,internationalList,
predicate,removed,internationalOffice,
predicate,removed,internationalPortNamesAndCodes,
predicate,removed,internationaln,
predicate,removed,intoDistrict,
predicate,removed,introduce,
predicate,removed,introduces.,
predicate,removed,introductionWebsite,
predicate,removed,investigationsEditor,
predicate,removed,investigator’sChoice,
predicate,removed,invitedDirector,
predicate,removed,inw,
predicate,removed,ip,
predicate,removed,ipad,
predicate,removed,iphone,
predicate,removed,iplFinalists,
predicate,removed,ipodTouch,
predicate,removed,iraChampions,
predicate,removed,ireneuszBergLeague,
predicate,removed,irishname,
predicate,removed,irlRank,
predicate,removed,iron(inMg)_,
predicate,removed,ironmanHawaiiPb,
predicate,removed,ironmanWorldChampionships,
predicate,removed,isBomb,
predicate,removed,isBritish,
predicate,removed,isClub,
predicate,removed,isFrench,
predicate,removed,isMissille,
predicate,removed,isRocket,
predicate,removed,isSovietUnion,
predicate,removed,isThisSimplyARepeatOfAPointMadeByThePreviousSentence%3Fherbicides,
predicate,removed,isUs,
predicate,removed,isbn%23_,
predicate,removed,isdCode,
predicate,removed,isdCodeLandline,
predicate,removed,isim,
predicate,removed,Islets,
predicate,removed,isln,
predicate,removed,isni,
predicate,removed,isoCode+_,
predicate,removed,isoExponent,
predicate,removed,isoNumber,
predicate,removed,isocode,
predicate,removed,"ispartaFirstAmateurLeague,1stSeason",
predicate,removed,israeliMvpN,
predicate,removed,israeliMvpWinner,
predicate,removed,issnNote,
predicate,removed,issue.,
predicate,removed,issystem,
predicate,removed,istadvaita,
predicate,removed,itManager,
predicate,removed,itParks,
predicate,removed,itWing,
predicate,removed,italian,
predicate,removed,italianColor,
predicate,removed,italianNat,
predicate,removed,italianleague,
predicate,removed,italicName,
predicate,removed,iubmb879EcNumber,
predicate,removed,iucn,
predicate,removed,ixcrRacing,
predicate,removed,izquierdo,
predicate,removed,i̇mage,
predicate,removed,jaName,
predicate,removed,jaartot,
predicate,removed,jaguarsDraft,
predicate,removed,jailName,
predicate,removed,jakobMcgovern,
predicate,removed,jamesEarlJohnsonIiMd,
predicate,removed,jao,
predicate,removed,japaneseReading,
predicate,removed,japanname,
predicate,removed,japanseries,
predicate,removed,japanvoice,
predicate,removed,java,
predicate,removed,jaysingpurTopCollegeName,
predicate,removed,jaysingpurTopSchoolName,
predicate,removed,jcrPresident,
predicate,removed,jericho,
predicate,removed,jetOrProp%3F_,
predicate,removed,jetsDraft,
predicate,removed,jewishEthnocentristView.Galilean,
predicate,removed,jgjgjjgjkhjh444j545otherName,
predicate,removed,jilaPanchyat,
predicate,removed,jima.,
predicate,removed,jo,
predicate,removed,joinedGannett,
predicate,removed,jointChairmen,
predicate,removed,jointManagers,
predicate,removed,jointchampions,
predicate,removed,jointrunnersup,
predicate,removed,joondalup,
predicate,removed,joongangDailyN,
predicate,removed,journalist,
predicate,removed,jpn,
predicate,removed,jsAst,
predicate,removed,judge'sOath,
predicate,removed,judgeIn16Cv02787Who,
predicate,removed,junRainDays2rxxRxijXj2xxx2xX,
predicate,removed,juniorAppearances,
predicate,removed,juniorDirector,
predicate,removed,juniorHighSchool,
predicate,removed,juniorworldchamp,
predicate,removed,jurisdictions,
predicate,removed,justiceSecretary,
predicate,removed,kabaddiFormat,
predicate,removed,kabyleName,
predicate,removed,kahlua,
predicate,removed,kahlúa,
predicate,removed,kalagumalai,
predicate,removed,kalnaMunicipalityChairmanVice,
predicate,removed,karta,
predicate,removed,kasia))%3FMaKota%22_,
predicate,removed,kazakhName,
predicate,removed,kecamatan,
predicate,removed,keglevichRange,
predicate,removed,kelurahan,
predicate,removed,kepadatan,
predicate,removed,kernen,
predicate,removed,altitude,
predicate,removed,keyLeaders,
predicate,removed,keyPeople(bsc)_,
predicate,removed,keyPeople(executiveCommittee)_,
predicate,removed,keyPeople(fsu)_,
predicate,removed,keyPerson,
predicate,removed,keyPersons,
predicate,removed,keymembers,
predicate,removed,keypersons,
predicate,removed,khmer,
predicate,removed,kickers,
predicate,removed,kickoffTime,
predicate,removed,kid,
predicate,removed,killerDelÁreia,
predicate,removed,kingOfNarnaul,
predicate,removed,kitColours,
predicate,removed,kitman,
predicate,removed,kitsponsor,
predicate,removed,"klostermaier%22''brahman'',DerivedFromTheRoot''bŗh''%3Cnowiki%3E_",
predicate,removed,klubbnamn,
predicate,removed,known.For,
predicate,removed,knownFace,
predicate,removed,knownUs,
predicate,removed,knoxVersion,
predicate,removed,tko,
predicate,removed,koWon,
predicate,removed,koatuu,
predicate,removed,kodePos,
predicate,removed,kommune,
predicate,removed,koordinateDisplay,
predicate,removed,koraheyZonePopulationTotal,
predicate,removed,korea,
predicate,removed,koreanname,
predicate,removed,kotikaupunki,
predicate,removed,kotikenttä,
predicate,removed,kotwali,
predicate,removed,kr,
predicate,removed,kristiansand,
predicate,removed,kronenbreite,
predicate,removed,kronenlaenge,
predicate,removed,kshCode,
predicate,removed,kw,
predicate,removed,lAtestReleaseDate,
predicate,removed,labWebsite,
predicate,removed,label.,
predicate,removed,label0Size,
predicate,removed,label64Width,
predicate,removed,label65Width,
predicate,removed,label70Width,
predicate,removed,label71Width,
predicate,removed,labelll,
predicate,removed,labelss,
predicate,removed,labes,
predicate,removed,lableType,
predicate,removed,laboratories,
predicate,removed,labourForce,
predicate,removed,labs,
predicate,removed,ladiesCaptain,
predicate,removed,ladyMember,
predicate,removed,lage,
predicate,removed,lake%22_,
predicate,removed,lakerrevieweditor,
predicate,removed,landArea(sq.Km)_,
predicate,removed,landArea(sq.Mi)_,
predicate,removed,landMarkOfLocation,
predicate,removed,landlineCode,
predicate,removed,landrank,
predicate,removed,langLit,
predicate,removed,langName,
predicate,removed,langauage,
predicate,removed,langauge,
predicate,removed,language(s)_,
predicate,removed,languageCode,
predicate,removed,languageSpoken,
predicate,removed,languageTitle,
predicate,removed,languagesSpoken,
predicate,removed,languagesclass,
predicate,removed,languageدكرمو,
predicate,removed,langue,
predicate,removed,lanuage,
predicate,removed,largestGhewar,
predicate,removed,largestMargin,
predicate,removed,largestSchool,
predicate,removed,largestVictory,
predicate,removed,county,
predicate,removed,lassanaKoumaLeague,
predicate,removed,lastAiredDate,
predicate,removed,lastAustralian,
predicate,removed,lastBest&Fairest,
predicate,removed,lastCaptain,
predicate,removed,lastChairman,
predicate,removed,lastCoach,
predicate,removed,lastConcreteRace,
predicate,removed,lastCupArace,
predicate,removed,lastEditor,
predicate,removed,lastFiaWecRace,
predicate,removed,lastHatTrickOpponent,
predicate,removed,lastHatTrickPlayer,
predicate,removed,lastHatTrickTeam,
predicate,removed,lastHolders,
predicate,removed,lastIncumbent,
predicate,removed,lastLeadingGoalkicker,
predicate,removed,lastLeague,
predicate,removed,lastOvalRace,
predicate,removed,lastPresident,
predicate,removed,lastPublished,
predicate,removed,lastReported,
predicate,removed,lastReturns,
predicate,removed,lastSeriesRace,
predicate,removed,lastSession,
predicate,removed,lastSighted,
predicate,removed,lastSoftwareRev,
predicate,removed,lastType,
predicate,removed,lastgameeverplayed,
predicate,removed,lastposition,
predicate,removed,lastt20iawayvar,
predicate,removed,lasttestawayvar,
predicate,removed,lasttgame,
predicate,removed,lat64Deg,
predicate,removed,lat65Deg,
predicate,removed,lat70Deg,
predicate,removed,lat71Deg,
predicate,removed,latG,
predicate,removed,latdSubdivisionType,
predicate,removed,latdns,
predicate,removed,laterRenamedAs,
predicate,removed,latesGranddaughter,
predicate,removed,latestChampion,
predicate,removed,latestFirmwareVersion,
predicate,removed,latestReleaseUrl,
predicate,removed,latestSoftwareVersion,
predicate,removed,latinbillboardMusicAwardsn,
predicate,removed,latinbillboardMusicAwardsw,
predicate,removed,latitudeDegrees,
predicate,removed,latitudeMinutes,
predicate,removed,latitudeSeconds,
predicate,removed,lattitude,
predicate,removed,launchDateInIndia,
predicate,removed,lawSchool,
predicate,removed,lawSchoolAttended,
predicate,removed,layountMan,
predicate,removed,layyah%5D%5DAdministrator,
predicate,removed,leMeilleurJoueur,
predicate,removed,leadDist.Man.,
predicate,removed,leadSinger,
predicate,removed,leaded,
predicate,removed,leader'sType,
predicate,removed,leader(mpa)Name,
predicate,removed,leader1Party,
predicate,removed,leader2Party,
predicate,removed,leaderCitiation,
predicate,removed,leaderConstituency,
predicate,removed,leaderEmperor,
predicate,removed,leaderHq,
predicate,removed,leaderNamberdar,
predicate,removed,leaderName.,
predicate,removed,leaderName1(derik)IsHung,
predicate,removed,leaderName1AsOf,
predicate,removed,leaderName2.,
predicate,removed,leaderName2TerryFarrell,
predicate,removed,leaderNameBvbf,
predicate,removed,leaderNameJoséAprígioDaSilva(aprígio)_,
predicate,removed,leaderNamePhyllisAdams,
predicate,removed,leaderOfNangalChoudhary,
predicate,removed,leaderPredecessor,
predicate,removed,leaderTitle1Q,
predicate,removed,leaderTitle1TownManager,
predicate,removed,leaderTitleDimitarArbaliev,
predicate,removed,leaderTitleHassanJeyte.,
predicate,removed,leaderTitleViceMayor,
predicate,removed,leaderTittle4।GeneralSecretaryMr.mangalPandey,
predicate,removed,leaderYear,
predicate,removed,leaderYears,
predicate,removed,leadersTitle,
predicate,removed,leadingBodies,
predicate,removed,leadingGoalKicker,
predicate,removed,leadingGoalkicker,
predicate,removed,league(s)_,
predicate,removed,leagueAssist,
predicate,removed,leagueChampions(sojhl)_,
predicate,removed,leagueCommissioner,
predicate,removed,leagueTopScorer,
predicate,removed,leagueTopscorers,
predicate,removed,leagueVictory,
predicate,removed,leaguecup1Qualifiers,
predicate,removed,leagueplace,
predicate,removed,leaguepos,
predicate,removed,leaguewin,
predicate,removed,leaguewins,
predicate,removed,leandroPalmaLeague,
predicate,removed,leastTimeDifference2GoalsTime,
predicate,removed,leastpointsAsATeam,
predicate,removed,leaugecup,
predicate,removed,leboneseFriend,
predicate,removed,leff,
predicate,removed,leftFoot,
predicate,removed,leftImage,
predicate,removed,leftImageSize,
predicate,removed,mbI,
predicate,removed,leftarm2Bb,
predicate,removed,leftarm2J,
predicate,removed,leftarmAncient,
predicate,removed,leftarmOld,
predicate,removed,leftarmOlder,
predicate,removed,leftarmOldest,
predicate,removed,leftarmg,
predicate,removed,leftram,
predicate,removed,legalAdvisior,
predicate,removed,legalForm,
predicate,removed,legalManager,
predicate,removed,legalfather,
predicate,removed,legend9Color,
predicate,removed,legislativePeriod,
predicate,removed,legislatures,
predicate,removed,legth,
predicate,removed,leidenAus,
predicate,removed,leidenN,
predicate,removed,leigth,
predicate,removed,leigth1.,
predicate,removed,leitrimSeniorChampionship1934Founded,
predicate,removed,lema,
predicate,removed,lenfth,
predicate,removed,length!_,
predicate,removed,length15.,
predicate,removed,length1b,
predicate,removed,length1z,
predicate,removed,length3.,
predicate,removed,length7.,
predicate,removed,lengthDuration,
predicate,removed,lengthOfRoads,
predicate,removed,lengthOfRound,
predicate,removed,lengthPart,
predicate,removed,lengthTotalMi,
predicate,removed,lengthtotal,
predicate,removed,lensCap,
predicate,removed,lessWins,
predicate,removed,lest,
predicate,removed,letterToTheAuthor,
predicate,removed,letterid,
predicate,removed,letzte,
predicate,removed,leutenant,
predicate,removed,levelOnPyramid,
predicate,removed,leviticus,
predicate,removed,lgModel,
predicate,removed,lgcChairman,
predicate,removed,lgiaId,
predicate,removed,libettist,
predicate,removed,libretto,
predicate,removed,licencePlate,
predicate,removed,licencePlateCode,
predicate,removed,licenseEu,
predicate,removed,licensePlate,
predicate,removed,licensedPlayers,
predicate,removed,lifePresident,
predicate,removed,lifeeditor,
predicate,removed,lifemate,
predicate,removed,lifestyleeditor,
predicate,removed,liftToDragNote,
predicate,removed,liga,
predicate,removed,liga3(2008)Season,
predicate,removed,lightRum,
predicate,removed,limageSize,
predicate,removed,limcat,
predicate,removed,linecolor&nbsp;&nbsp;&nbsp;&nbsp;_,
predicate,removed,linecolorSsushduds,
predicate,removed,link1ss,
predicate,removed,link25.,
predicate,removed,link2sss,
predicate,removed,link2ssss,
predicate,removed,link6D,
predicate,removed,link7S,
predicate,removed,link8b,
predicate,removed,link9cs,
predicate,removed,linkTitle,
predicate,removed,linkToTheArchives,
predicate,removed,linkfilms,
predicate,removed,linkoverride,
predicate,removed,linkt1ss,
predicate,removed,linkt2sss,
predicate,removed,linkt2ssss,
predicate,removed,linkt6D,
predicate,removed,linkt7S,
predicate,removed,linkt9cs,
predicate,removed,lionsDraft,
predicate,removed,liqueur,
predicate,removed,liquidated,
predicate,removed,lisansPlate,
predicate,removed,list1style,
predicate,removed,listOfUnitedStatesAppealsCourtPatentLawCases,
predicate,removed,listPchange,
predicate,removed,listas,
predicate,removed,lit.%22you%3Cnowiki%3E_,
predicate,removed,litWriter,
predicate,removed,litchfieldcountyeditor,
predicate,removed,literacy(2018)_,
predicate,removed,literacyAsOf,
predicate,removed,literacyBlank1Title,
predicate,removed,literacyBlank2Title,
predicate,removed,literacyRate,
predicate,removed,literacyRate(%25)_,
predicate,removed,literacyRateOfSumerpur,
predicate,removed,literacyRateRank,
predicate,removed,literaryMovement,
predicate,removed,literates,
predicate,removed,literature,
predicate,removed,liveStreaming,
predicate,removed,liveries,
predicate,removed,lives,
predicate,removed,livevent,
predicate,removed,lizenz,
predicate,removed,ljubomirAtanasovskiManager,
predicate,removed,llc,
predicate,removed,llogo,
predicate,removed,loat,
predicate,removed,lobbyist&WashingtonMonitor,
predicate,removed,localGovernance,
predicate,removed,localGovernment,
predicate,removed,localGovernmentAreaType,
predicate,removed,localGuide,
predicate,removed,localLanguages,
predicate,removed,localSisterPapers,
predicate,removed,localUnit,
predicate,removed,locale%25_,
predicate,removed,locatiobnMap,
predicate,removed,location(s)_,
predicate,removed,locationDi,
predicate,removed,locationMapM,
predicate,removed,locationServices,
predicate,removed,locationTechnologies,
predicate,removed,locoBrakes,
predicate,removed,loction,
predicate,removed,loc√hit,
predicate,removed,logistics,
predicate,removed,logoCation,
predicate,removed,logoSony,
predicate,removed,logodesign,
predicate,removed,lokSabhaConstituency,
predicate,removed,lokSabhaConstitutionSeat,
predicate,removed,lokSabhaName,
predicate,removed,lokayuktaOfAndhraPradeshAndTelangana,
predicate,removed,loksabhaMember,
predicate,removed,loksova,
predicate,removed,lon64Deg,
predicate,removed,lon65Deg,
predicate,removed,lon70Deg,
predicate,removed,lon71Deg,
predicate,removed,londonOfficeUntil,
predicate,removed,longG,
predicate,removed,longTitle&nbsp;&nbsp;&nbsp;&nbsp;_,
predicate,removed,longestBridge,
predicate,removed,longestLossingRun,
predicate,removed,longestNoWins,
predicate,removed,longestRoute,
predicate,removed,longestTunnel,
predicate,removed,longestUnbeatan,
predicate,removed,longestUntbeaten,
predicate,removed,longestWinningRun,
predicate,removed,longev,
predicate,removed,longitudeDegrees,
predicate,removed,longitudeMinutes,
predicate,removed,longitudeSeconds,
predicate,removed,longtitude,
predicate,removed,lookingBackColumnist,
predicate,removed,lootedBy,
predicate,removed,lord(s)_,
predicate,removed,lorishPopulationDensityKm,
predicate,removed,los8t,
predicate,removed,losess,
predicate,removed,lotherTowns,
predicate,removed,lou,
predicate,removed,lovers,
predicate,removed,lower(uk)_,
predicate,removed,lowerleague,
predicate,removed,lowestCrowd,
predicate,removed,lowestElevationM,
predicate,removed,lowestElevationPointM,
predicate,removed,loyalty,
predicate,removed,lpsn,
predicate,removed,lspnLetter,
predicate,removed,lspnTaxoname,
predicate,removed,ltgovernor,
predicate,removed,luas,
predicate,removed,lugarnac,
predicate,removed,luleå,
predicate,removed,luminotisy,
predicate,removed,lutein+ZeaxanthinUg,
predicate,removed,luzonDeputy,
predicate,removed,lyrics5b,
predicate,removed,m&jChairman,
predicate,removed,m.P,
predicate,removed,m.l.a,
predicate,removed,m.l.a.,
predicate,removed,mD,
predicate,removed,maThukaITaKadeKaka,
predicate,removed,maduleImageSize,
predicate,removed,maestros,
predicate,removed,magazineCapacity,
predicate,removed,magazinePublication,
predicate,removed,magazineeditor,
predicate,removed,magneciumMg,
predicate,removed,magnesium(inMg)_,
predicate,removed,magnumOpus,
predicate,removed,maharashtraLiaisonChief,
predicate,removed,mailOpeningEpisodes,
predicate,removed,mainArmament,
predicate,removed,mainBazar,
predicate,removed,mainCamera,
predicate,removed,mainCharacters,
predicate,removed,mainClan,
predicate,removed,mainCreature,
predicate,removed,mainDestinations,
predicate,removed,mainDiscipline,
predicate,removed,mainEditor,
predicate,removed,mainIngedient,
predicate,removed,mainLeader,
predicate,removed,mainMember,
predicate,removed,mainOccupation,
predicate,removed,mainOrgans,
predicate,removed,mainRival,
predicate,removed,mainRivers,
predicate,removed,mainScreen,
predicate,removed,mainShareholder,
predicate,removed,mainTeam,
predicate,removed,mainVariations,
predicate,removed,mainWorks,
predicate,removed,maintenancne,
predicate,removed,maireName,
predicate,removed,maireName.,
predicate,removed,majorEthnicGroup,
predicate,removed,majorEvent,
predicate,removed,majorFigures,
predicate,removed,majorHighway,
predicate,removed,majorHighways,
predicate,removed,majorPracticeAreas,
predicate,removed,majorSponsor,
predicate,removed,majorTouristAttraction,
predicate,removed,majorTribes,
predicate,removed,majorWork,
predicate,removed,majoratySeats,
predicate,removed,majorityReligion,
predicate,removed,majorityWards,
predicate,removed,majoryChange,
predicate,removed,makeA,
predicate,removed,makeweight,
predicate,removed,male%23_,
predicate,removed,maleLiteracy,
predicate,removed,maleLiteracyRate,
predicate,removed,malePopulation,
predicate,removed,malePopulationPercentage,
predicate,removed,malePopulationTotal,
predicate,removed,maleTotal,
predicate,removed,males,
predicate,removed,mall,
predicate,removed,maltose,
predicate,removed,manOfMatch,
predicate,removed,manage,
predicate,removed,managementBoard,
predicate,removed,manager's,
predicate,removed,manager(headCoach)_,
predicate,removed,manager(s)_,
predicate,removed,managerJunior,
predicate,removed,managerSenior,
predicate,removed,managerU,
predicate,removed,editorInChief,
predicate,removed,managingPartner,
predicate,removed,managingPublisher,
predicate,removed,managingeditor,
predicate,removed,mandal,
predicate,removed,mandal.,
predicate,removed,mandalRevenueOfficer,
predicate,removed,mandalSurveyor,
predicate,removed,maneditorDesign,
predicate,removed,manganese(inMg)_,
predicate,removed,manpower,
predicate,removed,mansukhParihar,
predicate,removed,manufactur,
predicate,removed,manufactureR,
predicate,removed,manufacturerPrice,
predicate,removed,manuscript(s)_,
predicate,removed,manuscripts,
predicate,removed,manxCup,
predicate,removed,map1Cap,
predicate,removed,map1Size,
predicate,removed,map2Cap,
predicate,removed,map2Collapsed,
predicate,removed,map4Size,
predicate,removed,mapBackground,
predicate,removed,mapCap,
predicate,removed,mapOfTheVillage,
predicate,removed,mapTypeCaption,
predicate,removed,mapa,
predicate,removed,mapaLoc,
predicate,removed,mapframeCoordinates,
predicate,removed,maplevel,
predicate,removed,mapsizeYoyo,
predicate,removed,mapwidth,
predicate,removed,marAlt,
predicate,removed,marcatori,
predicate,removed,maritalStatus,
predicate,removed,"markBrady,MurtDoyle,PaudgeConwayLeague",
predicate,removed,marketCap,
predicate,removed,marketLeader,
predicate,removed,marketing&Sponsorship,
predicate,removed,marketingManager,
predicate,removed,marketingSites,
predicate,removed,marriedTo,
predicate,removed,martsaNgNagcarlan,
predicate,removed,mascot(s)_,
predicate,removed,mascotte,
predicate,removed,masjidName,
predicate,removed,mass(jupiterMasses)_,
predicate,removed,massJupiter,
predicate,removed,"massachusettsNowRequires40%25RpsBy2030,But35%25+9x1%25_",
predicate,removed,master'sAdvisor,
predicate,removed,matAlt,
predicate,removed,matc,
predicate,removed,match6fst,
predicate,removed,matchChampScore,
predicate,removed,matchSecretary,
predicate,removed,matchesStyle,
predicate,removed,matchesners,
predicate,removed,matchup,
predicate,removed,mativeNameLang,
predicate,removed,matricule,
predicate,removed,mauervol,
predicate,removed,maxAltitude,
predicate,removed,maxDistance,
predicate,removed,maxEffectiveRange,
predicate,removed,maxFiringRange,
predicate,removed,maxRangeFire,
predicate,removed,maxRangeForModernizedDigitalizedVersionIs,
predicate,removed,maxVehicleRange,
predicate,removed,maxim,
predicate,removed,maximaleStauhöhe(historical)_,
predicate,removed,maximaleStauhöhe(planned)_,
predicate,removed,maximumElevation,
predicate,removed,maximumPressure(saami)_,
predicate,removed,maximumRateOfFire,
predicate,removed,maximumTorque,
predicate,removed,mayRainDays0s3e,
predicate,removed,mayor(adyaksha)_,
predicate,removed,"mayor,PrinceLake",
predicate,removed,mayorYear,
predicate,removed,mayoress,
predicate,removed,"mazurek,KolejarzFounded",
predicate,removed,mccuneReischauer,
predicate,removed,mccuneReishauer,
predicate,removed,mcd,
predicate,removed,mdfName,
predicate,removed,mdiNumber,
predicate,removed,meCagoEnTuPutisimaMadre60ContraElBarçaVayaPayasosTitle,
predicate,removed,meaningName,
predicate,removed,mechanicalEngineer,
predicate,removed,medallistaOlimpico,
predicate,removed,mediaFormat,
predicate,removed,mediaFormats,
predicate,removed,mediaManager,
predicate,removed,mediaPersonalities,
predicate,removed,mediaSupportTeam,
predicate,removed,medianSalary,
predicate,removed,medias,
predicate,removed,medicalAndConditioningStaff,
predicate,removed,medicalTeam,
predicate,removed,medineplus,
predicate,removed,meetingPlaceRes,
predicate,removed,melbourne,
predicate,removed,melbourneDartsMasters,
predicate,removed,memNumber,
predicate,removed,member'sDesignations,
predicate,removed,memberNumbers,
predicate,removed,memberOfLegislativeAssembely,
predicate,removed,memberOfLegislativeAssembly,
predicate,removed,memberOfLegislativeAssembly(mla)_,
predicate,removed,memberOfParliament,
predicate,removed,memberOfTheFollowingParliament,
predicate,removed,memberOfTheLegislativeAssembly(mla)_,
predicate,removed,memberRepresenting,
predicate,removed,memberSince,
predicate,removed,memberSinceY,
predicate,removed,membersDesignations,
predicate,removed,membersOfParliament,
predicate,removed,membersServed,
predicate,removed,membershipCoordinator,
predicate,removed,membershipRegistry,
predicate,removed,membershipSecretary,
predicate,removed,membershipWebsite,
predicate,removed,meme,
predicate,removed,memoryCards,
predicate,removed,memorySlot,
predicate,removed,men's1stXvCaptain,
predicate,removed,men'sPresident,
predicate,removed,men'sTeams,
predicate,removed,menPopulation,
predicate,removed,mensAssistantCoaches,
predicate,removed,mensCaptain,
predicate,removed,mensHeadCoach,
predicate,removed,mensTeamManager,
predicate,removed,mentors,
predicate,removed,menuf,
predicate,removed,meo,
predicate,removed,mepEngineers,
predicate,removed,mergedWithDorkingWanderers,
predicate,removed,merkTitle,
predicate,removed,messaging,
predicate,removed,metalFretboard,
predicate,removed,methode,
predicate,removed,metroFmAwardsn,
predicate,removed,metroFmAwardsw,
predicate,removed,metroPopulationTotal,
predicate,removed,metroStation,
predicate,removed,metropolitanAreaEstimatedPopulation,
predicate,removed,metropolitanRegion,
predicate,removed,mgrtitleA,
predicate,removed,mhi,
predicate,removed,micSms,
predicate,removed,micallireland,
predicate,removed,michaelPetrick,
predicate,removed,microArch,
predicate,removed,microbe,
predicate,removed,midc,
predicate,removed,middleSchool,
predicate,removed,mikroregija,
predicate,removed,milan,
predicate,removed,militaryGroups,
predicate,removed,militaryRankAndSerialNumber,
predicate,removed,militaryService,
predicate,removed,militaryWing,
predicate,removed,min.FeatureSize,
predicate,removed,minAltitude,
predicate,removed,minRange,
predicate,removed,minWidth,
predicate,removed,mindanaoDeputy,
predicate,removed,miniaturePainting,
predicate,removed,minimality,
predicate,removed,minimumAgeToEnlist,
predicate,removed,minister1Age,
predicate,removed,minister1Education,
predicate,removed,minister2Age,
predicate,removed,minister3Age,
predicate,removed,minister9Name,
predicate,removed,minister9Pfo,
predicate,removed,ministerResponsible,
predicate,removed,ministerofstate1Name,
predicate,removed,ministery,
predicate,removed,ministryName,
predicate,removed,minorEthnicGroup,
predicate,removed,minorForwardProduct(s)_,
predicate,removed,minorForwardSubstrate(s)_,
predicate,removed,minorPlanet,
predicate,removed,minorReverseProduct(s)_,
predicate,removed,minorReverseSubstrate(s)_,
predicate,removed,minorityFloorLeader,
predicate,removed,minorityOwner,
predicate,removed,minorityWebsite,
predicate,removed,mireiaPapudate,
predicate,removed,miss.gwerEast,
predicate,removed,missMéxico,
predicate,removed,missUniverseAndMissWorld,
predicate,removed,misses,
predicate,removed,mitglieder,
predicate,removed,mixedRelay,
predicate,removed,mixture,
predicate,removed,mla'sParty,
predicate,removed,mlaConstituency,
predicate,removed,mlaName,
predicate,removed,mlivePresidentAndChiefRevenueOfficer,
predicate,removed,mlo,
predicate,removed,mmaTotal,
predicate,removed,mmmaOtherwin,
predicate,removed,mmsSnes,
predicate,removed,mmt,
predicate,removed,mnT,
predicate,removed,mna,
predicate,removed,mniLatn,
predicate,removed,mobile,
predicate,removed,mobileNumber,
predicate,removed,mobileShop,
predicate,removed,mobility,
predicate,removed,modeOfFire,
predicate,removed,modeledAfter,
predicate,removed,modelos,
predicate,removed,moduleCaption,
predicate,removed,moduleIsbn,
predicate,removed,moksha,
predicate,removed,monarch'sTitle,
predicate,removed,mongolianCyrillicName,
predicate,removed,monmouthSportsGroundBlestiumStMonmouthChairman,
predicate,removed,monogram,
predicate,removed,monthlyAuditedSiteTraffic,
predicate,removed,monthlyPageImpressions,
predicate,removed,moo,
predicate,removed,moons,
predicate,removed,morley–ellenbrook,
predicate,removed,mostAilCaps,
predicate,removed,mostAppearance,
predicate,removed,mostCenturies,
predicate,removed,mostChampsMen,
predicate,removed,mostChampsWomen,
predicate,removed,mostConsecutiveTitles,
predicate,removed,mostDraw,
predicate,removed,mostGame,
predicate,removed,mostGoals(club)_,
predicate,removed,mostHandsomeSquad,
predicate,removed,mostLoss,
predicate,removed,mostPeople,
predicate,removed,mostPopular,
predicate,removed,mostRecentChampion,
predicate,removed,mostRecentFirmware,
predicate,removed,mostRecentPremiership,
predicate,removed,mostRecentWinner,
predicate,removed,mostReigns,
predicate,removed,mostScorer,
predicate,removed,mostSpokenLanguage.,
predicate,removed,mostSuccessfulNation(bothForClubsAndTeams)_,
predicate,removed,mostSuccessfulParty,
predicate,removed,mostSuccessfulRaid,
predicate,removed,mostSuccessfulTackle,
predicate,removed,mostValuableLineman,
predicate,removed,mostappearances,
predicate,removed,mostries,
predicate,removed,mother'sName,
predicate,removed,motherSchool,
predicate,removed,motherShona,
predicate,removed,mothername,
predicate,removed,motive(s)_,
predicate,removed,motorcycles,
predicate,removed,motto''''_,
predicate,removed,motto...,
predicate,removed,mottoArghakhanchi,
predicate,removed,mottoEng,
predicate,removed,mottoInEnglish,
predicate,removed,mottoWebsite,
predicate,removed,mottoenglish,
predicate,removed,mouthElevationImperial,
predicate,removed,mouthElevationMetric,
predicate,removed,moveable,
predicate,removed,movie,
predicate,removed,mpAwards,
predicate,removed,mpConstituency,
predicate,removed,mpdo,
predicate,removed,mptc,
predicate,removed,mra,
predicate,removed,mrgtitle,
predicate,removed,mrgye,
predicate,removed,mrn,
predicate,removed,msyp,
predicate,removed,mtb,
predicate,removed,mtvAfricaMusicAwardsn,
predicate,removed,mtvAfricaMusicAwardsw,
predicate,removed,mtvn,
predicate,removed,mtvw,
predicate,removed,muayThaiDraw,
predicate,removed,muayThaiKickboxDraw,
predicate,removed,muayThaiKickboxLoss,
predicate,removed,muayThaiKickboxWin,
predicate,removed,muayThaiLoss,
predicate,removed,muayThaiWin,
predicate,removed,muertosFounded,
predicate,removed,muhtar,
predicate,removed,muisc,
predicate,removed,multi%25_,
predicate,removed,multiDataSources,
predicate,removed,multimedia,
predicate,removed,multimediadirector,
predicate,removed,multimediaeditor,
predicate,removed,multimediaeditors,
predicate,removed,multipleMains,
predicate,removed,multitasking,
predicate,removed,munAdmctr1Of,
predicate,removed,munAdmctr2Of,
predicate,removed,munFormation1RepresentativeBodyRef,
predicate,removed,municipal,
predicate,removed,municipalChairman,
predicate,removed,municipalCommissioner.,
predicate,removed,municipalCouncilPresident,
predicate,removed,municipalLocation,
predicate,removed,municipalWards,
predicate,removed,municipalityNote,
predicate,removed,municipalityUnit,
predicate,removed,muscoFounded,
predicate,removed,music&Video,
predicate,removed,music5v,
predicate,removed,"musicAdapted,ArrangedAndProducedBy",
predicate,removed,musicAndLyrics,
predicate,removed,musicBy,
predicate,removed,musicColumn,
predicate,removed,musicDirectorDesignate(fromAugust2020)_,
predicate,removed,musicDirectorEmeritus,
predicate,removed,musicDirectors,
predicate,removed,musicEditor,
predicate,removed,musicPlayer,
predicate,removed,musicalAdaption,
predicate,removed,muson,
predicate,removed,musow,
predicate,removed,muzzleEnergy,
predicate,removed,muzzleSpeedV,
predicate,removed,muzzleVelocity,
predicate,removed,mvLink,
predicate,removed,mvp2Year,
predicate,removed,mvpYear,
predicate,removed,mvplink,
predicate,removed,mwa,
predicate,removed,mwba,
predicate,removed,mwbc,
predicate,removed,mycobank,
predicate,removed,myoInositolMg,
predicate,removed,mythicalFounder,
predicate,removed,n0te,
predicate,removed,naMe,
predicate,removed,naac,
predicate,removed,nadraOffice,
predicate,removed,nagarPanchayatAdhyakshName,
predicate,removed,kelurahan,
predicate,removed,nagysebességűVonalakHossza,
predicate,removed,naherort,
predicate,removed,naisamCoLtd,
predicate,removed,najgrad,
predicate,removed,namE,
predicate,removed,namaDati,
predicate,removed,namaPemimpin,
predicate,removed,name%3Cnowiki%3E_,
predicate,removed,name'''_,
predicate,removed,name(s)_,
predicate,removed,"name,_",
predicate,removed,_,
predicate,removed,name2InSerekh,
predicate,removed,name2SerekhSymbol,
predicate,removed,name2f,
predicate,removed,name4Explanation,
predicate,removed,nameAfter,
predicate,removed,nameArabic,
predicate,removed,nameArvindKumarBhartiya,
predicate,removed,nameB,
predicate,removed,nameC,
predicate,removed,nameChange,
predicate,removed,nameChange(s)_,
predicate,removed,nameChinese,
predicate,removed,nameData,
predicate,removed,nameDati,
predicate,removed,nameDavionTaylor,
predicate,removed,nameDhoakSultakiPostOffice,
predicate,removed,nameDilip,
predicate,removed,nameFor,
predicate,removed,nameForMap,
predicate,removed,nameGcdgcbjd,
predicate,removed,nameGuerrillaCallejeraApieGuerraEsquinaEntranAPien,
predicate,removed,nameHi,
predicate,removed,nameInLandessprache,
predicate,removed,nameInLocalLanguage,
predicate,removed,nameIoa,
predicate,removed,nameJamesWard,
predicate,removed,nameMaori,
predicate,removed,nameMirchiNaveen,
predicate,removed,nameMohanKangbhaKunjari4AanjuriChouck.,
predicate,removed,nameMoolakkalMeethalAsees,
predicate,removed,nameMunendraKandere,
predicate,removed,nameMys,
predicate,removed,nameName,
predicate,removed,nameNameLang,
predicate,removed,nameNandLalLodha,
predicate,removed,nameNativeLang,
predicate,removed,nameNév,
predicate,removed,nameOf,
predicate,removed,nameOfMp,
predicate,removed,nameOfPanchath,
predicate,removed,nameOfParas,
predicate,removed,nameOfPublication,
predicate,removed,nameOfTheCurrentMla's,
predicate,removed,nameOtt,
predicate,removed,namePhilippinesUnitedKingdomSpaceCoverageAreas,
predicate,removed,nameRichardLaporte,
predicate,removed,nameSanthoshkumar,
predicate,removed,nameScamBank,
predicate,removed,nameSettlementOfEmthlwalamuAtUmzumbe,
predicate,removed,nameShishgarhChairmanNasreen,
predicate,removed,nameThomas,
predicate,removed,nameVin,
predicate,removed,nameXandektm,
predicate,removed,nameYes,
predicate,removed,namedForOvernmentType,
predicate,removed,namedata,
predicate,removed,namejorgeCorrêaDeOliveira,
predicate,removed,namelb,
predicate,removed,namemarket,
predicate,removed,namerathan,
predicate,removed,namesOfVillages,
predicate,removed,namesplist,
predicate,removed,nameurl,
predicate,removed,namewa,
predicate,removed,nameपुर्बियाChaahan,
predicate,removed,namgzte,
predicate,removed,namme,
predicate,removed,nan,
predicate,removed,narrators,
predicate,removed,nat%25_,
predicate,removed,natRanking,
predicate,removed,nationWidth,
predicate,removed,nationaList,
predicate,removed,nationalAcademyOfInventors,
predicate,removed,nationalAssemblyArea,
predicate,removed,nationalAssemblyMember,
predicate,removed,nationalCallingCode,
predicate,removed,nationalCaps,
predicate,removed,nationalChairperson,
predicate,removed,nationalChampionship,
predicate,removed,nationalComposition,
predicate,removed,nationalCuision,
predicate,removed,nationalCupCup,
predicate,removed,nationalDelegate,
predicate,removed,nationalDirector,
predicate,removed,nationalHighway,
predicate,removed,nationalIncharge,
predicate,removed,nationalLanguage,
predicate,removed,nationalMedicalSchoolsCup,
predicate,removed,nationalOrganizationSecretary,
predicate,removed,nationalOrganizer,
predicate,removed,nationalPlayers,
predicate,removed,nationalcaps(goals)_,
predicate,removed,nationalhierarchy,
predicate,removed,nationality.,
predicate,removed,nationalrecords,
predicate,removed,nationaltraining&AdultResourcesCommissioner,
predicate,removed,nationlity,
predicate,removed,nativeAjgjaj.55NameLang1gjgxjg,
predicate,removed,nativeLangCode,
predicate,removed,nativeNam,
predicate,removed,nativeName(malay)_,
predicate,removed,nativeName.,
predicate,removed,nativeName2Lang,
predicate,removed,nativeNameDe,
predicate,removed,nativeNameDikhilRakaakaya,
predicate,removed,nativeNameFirstBangai,
predicate,removed,nativeNameJoe,
predicate,removed,nativeNameKunar,
predicate,removed,nativeNameL,
predicate,removed,nativeNameLanG,
predicate,removed,nativeNameLanguage,
predicate,removed,nativeNameLn,
predicate,removed,nativeNameSarpanch,
predicate,removed,nativeNameSlang,
predicate,removed,nativeNameWannajaiseang,
predicate,removed,nativeNameیاروستایبهار,
predicate,removed,nativeNme,
predicate,removed,nativeOkName,
predicate,removed,nativePlace,
predicate,removed,nativeTo,
predicate,removed,nativeType,
predicate,removed,nativekmmm77Name,
predicate,removed,nativesName,
predicate,removed,natiwgerbalGerbalsveName,
predicate,removed,nattional,
predicate,removed,natureAus,
predicate,removed,natureW,
predicate,removed,naughtyBoys,
predicate,removed,nazim,
predicate,removed,nazivKarte,
predicate,removed,nbEpisodes,
predicate,removed,nbSaisons,
predicate,removed,nbaHistoricalProfile,
predicate,removed,nbaProfile,
predicate,removed,NaiaI,
predicate,removed,ncaaTournamentApperances,
predicate,removed,ncaaindoorRunnerup,
predicate,removed,ncaaoutdoorRunnerup,
predicate,removed,ncaatournament1Seeds,
predicate,removed,ncbi,
predicate,removed,ncbiTaxid,
predicate,removed,nccaachampion,
predicate,removed,ncellCode,
predicate,removed,neackName,
predicate,removed,nearBy,
predicate,removed,nearByAirPorts,
predicate,removed,nearFamousVillage,
predicate,removed,nearVillage,
predicate,removed,nearbyRailwayStation,
predicate,removed,nearestAirport,
predicate,removed,nearestComputerOffice,
predicate,removed,nearestLandmark,
predicate,removed,nearestMunicipality,
predicate,removed,nearestPostOffice,
predicate,removed,nearestRailStation,
predicate,removed,nearestRailwayStation,
predicate,removed,nearestTigerReserveForest,
predicate,removed,nearestTowns,
predicate,removed,nearestUniversity,
predicate,removed,nearstCities,
predicate,removed,nebtyTranslation,
predicate,removed,negBreakCaus1Caus2NegRec,
predicate,removed,neighborhood,
predicate,removed,neighborhoods,
predicate,removed,neigungLuft,
predicate,removed,neigungWasser,
predicate,removed,nephew,
predicate,removed,neseditor,
predicate,removed,netAssets,
predicate,removed,netGain,
predicate,removed,netMedian,
predicate,removed,netSales,
predicate,removed,netSupporter,
predicate,removed,netballCoaches,
predicate,removed,netballFormat,
predicate,removed,netnummer,
predicate,removed,network15s,
predicate,removed,network1length,
predicate,removed,network24b,
predicate,removed,network25a,
predicate,removed,network25b,
predicate,removed,network2length,
predicate,removed,network3bspan,
predicate,removed,network3length,
predicate,removed,network7a,
predicate,removed,network8a,
predicate,removed,networkDataConnectivity,
predicate,removed,networkTransclude,
predicate,removed,networka,
predicate,removed,"nevertheless,AccordingToBasuEtAl.(2016),TheAaaWereEarlySettlersInIndia,RelatedToTheAsi%22theAbsenceOfSignificantResemblanceWithAnyOfTheNeighboringPopulationsIsIndicativeOfTheAsiAndTheAaaBeingEarlySettlersInIndia,PossiblyArrivingOnThe%22southernExit%22WaveOutOfAfrica.DifferentiationBetweenTheAsiAndTheAaaPossiblyTookPlaceAfterTheirArrivalInIndia(admixtureAnalysisWithK%3Cnowiki%3E_",
predicate,removed,newEuAvgNationalPcgdp,
predicate,removed,newFindAward,
predicate,removed,newStudentAnnualTuition,
predicate,removed,newTeams,
predicate,removed,newYorkCityMarathonChampion,
predicate,removed,newZealandNationalTeamYear,
predicate,removed,newestModelDiscontinuation,
predicate,removed,newpow,
predicate,removed,newsDirector,
predicate,removed,newsLeader,
predicate,removed,newsReporter,
predicate,removed,newsWebsite,
predicate,removed,newschief,
predicate,removed,newseditors,
predicate,removed,newswriter,
predicate,removed,nextClass,
predicate,removed,nextGame,
predicate,removed,nextHost,
predicate,removed,nextMeeting,
predicate,removed,nextRaceScheduledFor,
predicate,removed,nextRouteDab,
predicate,removed,nextSpecial,
predicate,removed,nextTown,
predicate,removed,nextname,
predicate,removed,nextraColumn,
predicate,removed,nextseasonlink,
predicate,removed,nextseasonyear,
predicate,removed,neyaNarpaniMandram,
predicate,removed,neyyoorPresident,
predicate,removed,nfBoardRank,
predicate,removed,nflChampionships,
predicate,removed,nflnew,
predicate,removed,nflwd,
predicate,removed,ngoroNgoroBoysAssociation,
predicate,removed,nhlMvp,
predicate,removed,niacin(inMg)_,
predicate,removed,niacin(pp)Mg,
predicate,removed,niche.,
predicate,removed,nickNames,
predicate,removed,nickame,
predicate,removed,nickelodeonkidsn,
predicate,removed,nickelodeonkidsw,
predicate,removed,nicklelodeonn,
predicate,removed,nicklelodeonw,
predicate,removed,nickmanes,
predicate,removed,nickname(s)_,
predicate,removed,s,
predicate,removed,nicknameTitleTown,
predicate,removed,nicknameType,
predicate,removed,nicknameUsilai,
predicate,removed,nicknameYimbakoro,
predicate,removed,nicwkname,
predicate,removed,niece,
predicate,removed,nighteditor,
predicate,removed,nineDartFinishes,
predicate,removed,nirfEngineering,
predicate,removed,nirfLawRankings,
predicate,removed,nirfResearch,
predicate,removed,nirvanaDate,
predicate,removed,nitAppearance,
predicate,removed,nitChampion,
predicate,removed,nitFinalfour,
predicate,removed,nitQuarterfinal,
predicate,removed,nitRunnerup,
predicate,removed,nitSecondround,
predicate,removed,niveau,
predicate,removed,nk,
predicate,removed,nkc,
predicate,removed,sv,
predicate,removed,nm,
predicate,removed,no%25_,
predicate,removed,no%3Cnowiki%3E_,
predicate,removed,no.1OnTheHitList,
predicate,removed,no.Built,
predicate,removed,no.OfHouseHolds,
predicate,removed,no.OfMemberOrganizations,
predicate,removed,no.OfVillages,
predicate,removed,no.OfWards,
predicate,removed,no.built,
predicate,removed,noBall,
predicate,removed,noColors,
predicate,removed,noContest,
predicate,removed,noName,
predicate,removed,noOfShows,
predicate,removed,noParty,
predicate,removed,noPc,
predicate,removed,noPlayoffs,
predicate,removed,noPp,
predicate,removed,noPrev,
predicate,removed,noSeasonslink,
predicate,removed,noWildCardChamps,
predicate,removed,noballs,
predicate,removed,nobleHouse,
predicate,removed,nochart,
predicate,removed,noite,
predicate,removed,nomComplet,
predicate,removed,nomDuClub,
predicate,removed,nombreCastellano,
predicate,removed,nombreComercial,
predicate,removed,nome,
predicate,removed,nomenTranslation,
predicate,removed,nomeurl,
predicate,removed,nominater,
predicate,removed,nominatir,
predicate,removed,nominatorHog,
predicate,removed,nominatorQualified,
predicate,removed,nomineeSince,
predicate,removed,nonEquityPartners,
predicate,removed,nonProfitStatement,
predicate,removed,nonbi%23_,
predicate,removed,noneSee,
predicate,removed,"nonsensical.WhoCastHer,TheUs%22creators%22_",
predicate,removed,nopart,
predicate,removed,northWest200Contested,
predicate,removed,northWest200FirstWin,
predicate,removed,northWest200LastWin,
predicate,removed,northWest200Wins,
predicate,removed,norwegianleague,
predicate,removed,nosection,
predicate,removed,notA,
predicate,removed,notMilitaryJobs,
predicate,removed,notableAscents,
predicate,removed,notableAthletes,
predicate,removed,notableExhibitsAndShows,
predicate,removed,notableInstruments,
predicate,removed,notablePersons,
predicate,removed,notablePhdStudents,
predicate,removed,notablePrizes,
predicate,removed,notableRole,
predicate,removed,notableShips,
predicate,removed,notableSniper,
predicate,removed,notablecrew,
predicate,removed,note(s)_,
predicate,removed,note2.,
predicate,removed,noteMid!_,
predicate,removed,notes1.,
predicate,removed,notexx,
predicate,removed,notify,
predicate,removed,notw,
predicate,removed,nowCoaching,
predicate,removed,nowSoftwareVersion,
predicate,removed,nowrapitems,
predicate,removed,npFuelSupplier,
predicate,removed,npFuelType,
predicate,removed,nsoref,
predicate,removed,null,
predicate,removed,numAlumni,
predicate,removed,numBeneficiaries,
predicate,removed,numClients,
predicate,removed,numColumn,
predicate,removed,numCountryDesks,
predicate,removed,numCpas,
predicate,removed,numDays,
predicate,removed,numEquityPartners,
predicate,removed,numExec,
predicate,removed,numInterns,
predicate,removed,numOfTeams,
predicate,removed,numRow,
predicate,removed,numSections,
predicate,removed,numSolicitors,
predicate,removed,numberNkLegs,
predicate,removed,numberOfBuilt,
predicate,removed,numberOfChildren,
predicate,removed,numberOfCities,
predicate,removed,numberOfCityCouncilor,
predicate,removed,numberOfFemales,
predicate,removed,numberOfGovernmentUniverisities,
predicate,removed,numberOfHouseholds,
predicate,removed,numberOfHouses,
predicate,removed,numberOfIssues,
predicate,removed,numberOfLegs.,
predicate,removed,numberOfLines,
predicate,removed,numberOfMales,
predicate,removed,numberOfProducts,
predicate,removed,numberOfRepresentativesElectedToU.s.Congress,
predicate,removed,numberOfRuralHouseholds,
predicate,removed,numberOfSeasons,
predicate,removed,numberOfShows.,
predicate,removed,numberOfStations.,
predicate,removed,numberOfStudents,
predicate,removed,numberOfSubVillages,
predicate,removed,numberOfVehicles,
predicate,removed,numberOfWard,
predicate,removed,numberOfWards,
predicate,removed,numberPlate,
predicate,removed,numberPlatePrefix,
predicate,removed,numberProduced,
predicate,removed,numberScrapped,
predicate,removed,numberWithdrawn,
predicate,removed,numberclass,
predicate,removed,numbersDelivered,
predicate,removed,numbersOfTeachers,
predicate,removed,numbersdelivered,
predicate,removed,numberwithdrawn,
predicate,removed,numthreads,
predicate,removed,nuntio,
predicate,removed,nuts,
predicate,removed,número,
predicate,removed,n√tiʔ,
predicate,removed,o.a.lLength,
predicate,removed,oa,
predicate,removed,obituaries,
predicate,removed,objectCreated,
predicate,removed,obra,
predicate,removed,obsArc,
predicate,removed,obyrnecup,
predicate,removed,ocName,
predicate,removed,occasionalOpponents,
predicate,removed,occuaption,
predicate,removed,occucation,
predicate,removed,occupancy(%25)_,
predicate,removed,occupatio,
predicate,removed,occupationBlank,
predicate,removed,occuption,
predicate,removed,ocupation,
predicate,removed,odCoach,
predicate,removed,oddstyle,
predicate,removed,odo,
predicate,removed,odud,
predicate,removed,oferficialName,
predicate,removed,offMvp,
predicate,removed,offensiveCaptain,
predicate,removed,offensiveline,
predicate,removed,offic,
predicate,removed,office1.,
predicate,removed,office1Predecessor,
predicate,removed,office2.,
predicate,removed,office3.,
predicate,removed,office4.,
predicate,removed,officeEditor,
predicate,removed,officeEnd,
predicate,removed,officeManager,
predicate,removed,officeStart,
predicate,removed,officeTerm,
predicate,removed,officeWelare,
predicate,removed,officer(ceo)_,
predicate,removed,members,
predicate,removed,officialFacebookGroup,
predicate,removed,officialFacebookPage,
predicate,removed,officialFlower,
predicate,removed,officialLogoForAcHorsens.Fullname,
predicate,removed,officialNa,
predicate,removed,officialNaMe,
predicate,removed,officialNam,
predicate,removed,officialName%5E%5E%5Eemilyvvvv%5E%5E%5E_,
predicate,removed,officialNameDruuma,
predicate,removed,officialNameGariDamIsOneOfTheBiggestDamInKanoWithSecondMostBiggestIrrigationUnderConstruction.,
predicate,removed,officialNameInTurkish(smedovak)AndWasProclaimedATownIn1969.,
predicate,removed,officialNameInajville,
predicate,removed,officialNameM6wp.pw,
predicate,removed,officialNameOfCity,
predicate,removed,officialNameVbj,
predicate,removed,officialNamem.,
predicate,removed,officialPopulation,
predicate,removed,officialReligion,
predicate,removed,officialResidence,
predicate,removed,officialSites,
predicate,removed,officialSong,
predicate,removed,officialType,
predicate,removed,officiallyClosedBy,
predicate,removed,officiallyOpenedBy,
predicate,removed,officiallySupportedPlatforms,
predicate,removed,offseasonWeight,
predicate,removed,ofotsto,
predicate,removed,oglStatsUrl,
predicate,removed,okato,
predicate,removed,oldAgeBestCupPos,
predicate,removed,oldCapital,
predicate,removed,oldNorse,
predicate,removed,oldResidence,
predicate,removed,oldestScorerForPlayer,
predicate,removed,olympicFlame,
predicate,removed,olympicGamesApps,
predicate,removed,olympicGamesBest,
predicate,removed,olympicGamesFirst,
predicate,removed,olympicMedal,
predicate,removed,olympicsmixeddoublesresult,
predicate,removed,omega9fat,
predicate,removed,omp,
predicate,removed,ompLatn,
predicate,removed,oneOfTheNativeMember,
predicate,removed,oneUiCoreVersion,
predicate,removed,onefile,
predicate,removed,onesite,
predicate,removed,onlineBusinessDevelopment,
predicate,removed,onlineNewsEditor,
predicate,removed,onlinePublication,
predicate,removed,onlineShopWebsite,
predicate,removed,onlineSince,
predicate,removed,onlyFan,
predicate,removed,onlyWin,
predicate,removed,onlywtesthomevar,
predicate,removed,opcsCodes,
predicate,removed,openglEsSupport,
predicate,removed,openingAct,
predicate,removed,openingCeremony,
predicate,removed,openingThemeSong,
predicate,removed,openthemes,
predicate,removed,operatingAgencies,
predicate,removed,operatingSystem(s)Affected,
predicate,removed,operationalRange,
predicate,removed,operations.,
predicate,removed,operationsManager,
predicate,removed,opitonalSubheader,
predicate,removed,opmukNs,
predicate,removed,opp,
predicate,removed,oppsedd,
predicate,removed,opt6n,
predicate,removed,opt6v,
predicate,removed,opvolgers,
predicate,removed,oraniser,
predicate,removed,orbitAnomaly,
predicate,removed,orbitDiagram,
predicate,removed,orbitalspeed,
predicate,removed,orchestrationsAndAdditionalMusic,
predicate,removed,orde,
predicate,removed,orderedBy,
predicate,removed,organisingBody,
predicate,removed,organizationMotto,
predicate,removed,organizationPurposeo,
predicate,removed,organizationSlogan,
predicate,removed,organizationalFormat,
predicate,removed,origLanguage,
predicate,removed,origPublication,
predicate,removed,originCity(hometown)_,
predicate,removed,originFamily,
predicate,removed,originPeople,
predicate,removed,originalHq,
predicate,removed,"orOperatorOfTheShipOrTheirAgent.ContemporaneousNewspaperSourcesRarelyStateToWhichCategoryANamedPartyBelongs,ThoughOtherSourcesMayProvideClarification.AbbreviationsFc%3Cnowiki%3E_",
predicate,removed,originalOwnerAndArchitect,
predicate,removed,originalShipName,
predicate,removed,originalStudents,
predicate,removed,originalTeam,
predicate,removed,originates,
predicate,removed,orignalName,
predicate,removed,origseries,
predicate,removed,orpha,
predicate,removed,ort,
predicate,removed,ortschaftskennziffer,
predicate,removed,osFamily,
predicate,removed,osName,
predicate,removed,osdOffice,
predicate,removed,ostracon,
predicate,removed,otgSupport,
predicate,removed,othe%60%60•rNames,
predicate,removed,otherAffiliations,
predicate,removed,otherAme,
predicate,removed,otherBackwardClasses,
predicate,removed,otherBelligerent,
predicate,removed,otherBelligerents,
predicate,removed,otherChampType,
predicate,removed,otherChamps,
predicate,removed,otherChildren,
predicate,removed,otherDiscipline,
predicate,removed,otherFamily,
predicate,removed,otherFamilyMembers,
predicate,removed,otherIngredients,
predicate,removed,otherLanguage.,
predicate,removed,otherLanguages,
predicate,removed,otherLevi,
predicate,removed,otherName''_,
predicate,removed,otherName(s)_,
predicate,removed,otherName.,
predicate,removed,otherNameAandavali,
predicate,removed,otherNameHolaNativeName,
predicate,removed,otherNameJeffersonCounty,
predicate,removed,otherNameLang,
predicate,removed,otherNameO,
predicate,removed,otherNameRamTaraNiwas,
predicate,removed,otherNameSara,
predicate,removed,otherNberhampurBarharaAme,
predicate,removed,otherOffice,
predicate,removed,otherOptions,
predicate,removed,otherPoliticalAffiliation,
predicate,removed,otherPossibleIngredients,
predicate,removed,otherPresidency,
predicate,removed,otherProfession,
predicate,removed,otherRelations,
predicate,removed,otherRelatives,
predicate,removed,otherRemarks,
predicate,removed,otherSeries,
predicate,removed,otherThird,
predicate,removed,otherVariants,
predicate,removed,otherVillageInKirriKhaisore,
predicate,removed,otherWebsite,
predicate,removed,otherWorks,
predicate,removed,othercomps,
predicate,removed,othernName,
predicate,removed,otherpart,
predicate,removed,othersName,
predicate,removed,othersParty,
predicate,removed,otherworks,
predicate,removed,outerFinDiameter,
predicate,removed,outgoingElection,
predicate,removed,outlineCaption,
predicate,removed,outlookE,
predicate,removed,outlookM,
predicate,removed,output,
predicate,removed,outstandingFilm,
predicate,removed,overUnder,
predicate,removed,overallLength,
predicate,removed,overviewbody,
predicate,removed,overviewtype,
predicate,removed,ownTitle,
predicate,removed,ownedCompanies,
predicate,removed,owner(s)_,
predicate,removed,editor,
predicate,removed,ownerName,
predicate,removed,ozguv66xybyvggdbf,
predicate,removed,p.r.o,
predicate,removed,p1.,
predicate,removed,p1Stop,
predicate,removed,p1date,
predicate,removed,p1venue,
predicate,removed,p2date,
predicate,removed,p2venue,
predicate,removed,p3date,
predicate,removed,p3g,
predicate,removed,p3venue,
predicate,removed,p6elinename,
predicate,removed,p7linename,
predicate,removed,p7stop,
predicate,removed,pCode(placeCode)_,
predicate,removed,pacificChampionshipsAppearances,
predicate,removed,packersDraft,
predicate,removed,pageCount,
predicate,removed,pagebis,
predicate,removed,pagefrom,
predicate,removed,pair,
predicate,removed,pair1y,
predicate,removed,pair2y,
predicate,removed,pair3y,
predicate,removed,pairs,
predicate,removed,palmaresInternational,
predicate,removed,panchayatHead.,
predicate,removed,panchayatPresident,
predicate,removed,panchayath,
predicate,removed,panchayathMember,
predicate,removed,panchayathPresident,
predicate,removed,panchayats,
predicate,removed,paneltype,
predicate,removed,panjayathPresident,
predicate,removed,panthersDraft,
predicate,removed,panthothenicMg,
predicate,removed,pantothenic(inMg)_,
predicate,removed,pantothenicAcid(b5)Mg,
predicate,removed,pantothenicAcidMg,
predicate,removed,pantryCar,
predicate,removed,papersPast,
predicate,removed,paptternLa,
predicate,removed,parAdigm,
predicate,removed,paramilitaryForces,
predicate,removed,parent(s)_,
predicate,removed,parentInstitute,
predicate,removed,parentMinistry,
predicate,removed,parentOeganization,
predicate,removed,parentSchool,
predicate,removed,parentUniversity,
predicate,removed,parentage,
predicate,removed,parental,
predicate,removed,parentcompany,
predicate,removed,parentis,
predicate,removed,parents'Name,
predicate,removed,parenttribe,
predicate,removed,paris,
predicate,removed,parkAndRides,
predicate,removed,parkSection,
predicate,removed,parliamentConstituency,
predicate,removed,parliamentMp,
predicate,removed,parliamentaryGrouping,
predicate,removed,parliamentarySeat,
predicate,removed,parstStyle,
predicate,removed,partLenght,
predicate,removed,partRifling,
predicate,removed,partWeight,
predicate,removed,participatedIn,
predicate,removed,participation,
predicate,removed,participation(total)_,
predicate,removed,partiy,
predicate,removed,partner(s)_,
predicate,removed,partnerOrganization,
predicate,removed,partneringOrganization,
predicate,removed,partnersWorldwide,
predicate,removed,partnerships,
predicate,removed,partnumber,
predicate,removed,partsStyle.,
predicate,removed,partsType.,
predicate,removed,partsamarType,
predicate,removed,party.,
predicate,removed,party16d,
predicate,removed,party1d,
predicate,removed,party20d,
predicate,removed,party21d,
predicate,removed,party25d,
predicate,removed,party26d,
predicate,removed,party27d,
predicate,removed,party29d,
predicate,removed,party4d,
predicate,removed,partyCaption,
predicate,removed,partyNameTr,
predicate,removed,partyPosition,
predicate,removed,"partyThatOrderedTheShip.ThisIsUsuallyTheOwnerButIsSometimesTheOperator,OrAnAgentOfEither.ContemporaneousNewspaperSourcesRarelyStateToWhichCategoryANamedPartyBelongs.AbbreviationsInThisColumnRr%3Cnowiki%3E_",
predicate,removed,partyterm,
predicate,removed,partyterm%23_,
predicate,removed,partyterms%23_,
predicate,removed,paskiLr,
predicate,removed,passLeader,
predicate,removed,passedByContinuingResolutionWhichIsNotActuallyANewBudget,
predicate,removed,pastPartnerships,
predicate,removed,pastPrincipalConductors,
predicate,removed,pastlookimages,
predicate,removed,pastteamsnote,
predicate,removed,pastwinners,
predicate,removed,paternSo,
predicate,removed,pation,
predicate,removed,patner,
predicate,removed,patriotsDraft,
predicate,removed,patronSaint.,
predicate,removed,patterSh,
predicate,removed,patternBg,
predicate,removed,patternC,
predicate,removed,patternD,
predicate,removed,patternLag,
predicate,removed,patternRag,
predicate,removed,patternShg,
predicate,removed,patternSize,
predicate,removed,patternSog,
predicate,removed,paxausBorder,
predicate,removed,paxdevBorder,
predicate,removed,paxeastBorder,
predicate,removed,paxonlineBorder,
predicate,removed,paxsouthBorder,
predicate,removed,paxunpluggedBorder,
predicate,removed,paxwestBorder,
predicate,removed,payload2Location,
predicate,removed,payloadWeight,
predicate,removed,paysDeNaissance,
predicate,removed,pcfNs,
predicate,removed,pdcWorldYouth,
predicate,removed,peabodyn,
predicate,removed,peabodyw,
predicate,removed,peak10h,
predicate,removed,peak11g,
predicate,removed,peak11h,
predicate,removed,peak19g,
predicate,removed,peak1f,
predicate,removed,peak1g,
predicate,removed,peak1h,
predicate,removed,peak1i,
predicate,removed,peak1j,
predicate,removed,peak2h,
predicate,removed,peak2i,
predicate,removed,peak3f,
predicate,removed,peak5g,
predicate,removed,peak5h,
predicate,removed,peak6g,
predicate,removed,peak6h,
predicate,removed,peak8f,
predicate,removed,peeringpolicy,
predicate,removed,penaltyscore+42Stadium,
predicate,removed,pencile,
predicate,removed,pending,
predicate,removed,penduduk,
predicate,removed,penetration,
predicate,removed,peopleschoicen,
predicate,removed,perCapDasCap,
predicate,removed,perCapitaGdpRank,
predicate,removed,perCapitaIncome,
predicate,removed,perCapital,
predicate,removed,perCaptaWaterSupply,
predicate,removed,percetage,
predicate,removed,perfectFailure%25_,
predicate,removed,performanceAnalyst,
predicate,removed,peri,
predicate,removed,perimeterKm,
predicate,removed,period2NudgeDown,
predicate,removed,period3NudgeDown,
predicate,removed,period4Colour,
predicate,removed,peripherals,
predicate,removed,permanentAddress,
predicate,removed,permanentAssociateConductor,
predicate,removed,permanentResidence,
predicate,removed,personName,
predicate,removed,personOccupation,
predicate,removed,personTitle,
predicate,removed,personages(longList)_,
predicate,removed,personalAssistant,
predicate,removed,personalBest,
predicate,removed,personalBests,
predicate,removed,personalLife,
predicate,removed,personalRecords,
predicate,removed,personalSecretary,
predicate,removed,personnageBlanc,
predicate,removed,personsOfNote,
predicate,removed,perviousVersions,
predicate,removed,pet,
predicate,removed,petitiondate,
predicate,removed,petitionyear,
predicate,removed,pets.,
predicate,removed,pe̍hŌeJī,
predicate,removed,pfhof,
predicate,removed,pfhofyear,
predicate,removed,ph.d.,
predicate,removed,phisicalManager,
predicate,removed,phoneBookMemory,
predicate,removed,phoneCode,
predicate,removed,phoneId,
predicate,removed,phoneNo,
predicate,removed,phoneStyle,
predicate,removed,phoneType,
predicate,removed,phonebook,
predicate,removed,phosphorousMg,
predicate,removed,phosphorus(inMg)_,
predicate,removed,photoDirector,
predicate,removed,photoeditors,
predicate,removed,photojournalist,
predicate,removed,physicalTherapist,
predicate,removed,phytosterolsMg,
predicate,removed,piccapYyy,
predicate,removed,pickUps,
predicate,removed,picsize.,
predicate,removed,pictureWh,
predicate,removed,pieDeImagen,
predicate,removed,pinNo,
predicate,removed,pincode,
predicate,removed,pincode(s)_,
predicate,removed,pincode.,
predicate,removed,pincodeType,
predicate,removed,pioneers,
predicate,removed,pitch(s)_,
predicate,removed,pitchOfRifle,
predicate,removed,pitchType,
predicate,removed,pixles,
predicate,removed,plMensCoach,
predicate,removed,plaatsnaam,
predicate,removed,placeBirth,
predicate,removed,placeDied,
predicate,removed,placeOfBrindavanam,
predicate,removed,placeOfBurialLabel,
predicate,removed,placeOfCremation,
predicate,removed,placeOfResidence,
predicate,removed,placePremiered,
predicate,removed,placeburial,
predicate,removed,placeofburial+label,
predicate,removed,placeofburialLabelAdaChapelBaptistChurch,
predicate,removed,placeofburiallabel,
predicate,removed,placeofdeath,
predicate,removed,placeofrest,
predicate,removed,placeofurialLabel,
predicate,removed,placofburial,
predicate,removed,plaerpageexists,
predicate,removed,planeOrCopter%3F_,
predicate,removed,plantBadge.,
predicate,removed,plateCode,
predicate,removed,plates,
predicate,removed,platformname,
predicate,removed,playDs,
predicate,removed,playOffWinners,
predicate,removed,playableFormats,
predicate,removed,player.php%3Fid,
predicate,removed,playerDevelopment,
predicate,removed,playerEnd,
predicate,removed,playerHonors,
predicate,removed,playerPosition,
predicate,removed,playerReam,
predicate,removed,playerStart,
predicate,removed,playerofTheMatch,
predicate,removed,playerofseries,
predicate,removed,playerpageeexists,
predicate,removed,playerschool,
predicate,removed,playingPositions,
predicate,removed,playingStyle,
predicate,removed,playingTeams,
predicate,removed,playoffFinish,
predicate,removed,playoffMvp,
predicate,removed,playoffWinners,
predicate,removed,playofffinish,
predicate,removed,playwright,
predicate,removed,plazi,
predicate,removed,pleaseSeason,
predicate,removed,pleasureTreasureVideo+AllSingleClips%3Cnowiki%3E_,
predicate,removed,plrc,
predicate,removed,pls,
predicate,removed,plsaceofburial,
predicate,removed,plvoice,
predicate,removed,poS,
predicate,removed,pochodzenie,
predicate,removed,podcastdirector,
predicate,removed,podcasteditor,
predicate,removed,poetal,
predicate,removed,policeDepartment,
predicate,removed,policeService,
predicate,removed,policeSho,
predicate,removed,policeStation,
predicate,removed,policeStationIncharge,
predicate,removed,policerank,
predicate,removed,policyOfficer,
predicate,removed,politicalAllegiance,
predicate,removed,politicalCareer,
predicate,removed,politicalCoalition,
predicate,removed,politicalColumnist,
predicate,removed,politicalJournalist,
predicate,removed,politicalLeaders,
predicate,removed,politicalOrientation,
predicate,removed,politicalParty.,
predicate,removed,politicalPositions,
predicate,removed,politicalSecretary,
predicate,removed,politicalViews,
predicate,removed,politicalWing,
predicate,removed,politicalorganization,
predicate,removed,politicianPriority,
predicate,removed,politicianWorkGroup,
predicate,removed,poll%23_,
predicate,removed,polyFat,
predicate,removed,polz,
predicate,removed,pond,
predicate,removed,poorPinpoint,
predicate,removed,pop'''leek'''ionBlank1Title,
predicate,removed,pop1989census,
predicate,removed,pop2010ensus,
predicate,removed,pop2012census,
predicate,removed,pop2015census,
predicate,removed,pop2017census,
predicate,removed,pop2018census,
predicate,removed,pop2018censusRank,
predicate,removed,pop2019census,
predicate,removed,pop2019censusRank,
predicate,removed,pop2019censusRef,
predicate,removed,pop2020Census,
predicate,removed,pop2020censusRank,
predicate,removed,pop2021censusRef,
predicate,removed,pop2021estimation,
predicate,removed,popAsOf,
predicate,removed,popDensityAsOf,
predicate,removed,popPlace,
predicate,removed,popRank,
predicate,removed,poplaTinDensitySqMi,
predicate,removed,populaitonDemonym,
predicate,removed,populaitonDensityKm,
predicate,removed,popularCouchingCenter,
predicate,removed,popularFaces,
predicate,removed,popularFigure,
predicate,removed,popularPolitician,
predicate,removed,popularVillage,
predicate,removed,populatedArea,
predicate,removed,populatio,
predicate,removed,populatio4nTotal,
predicate,removed,populatioRural,
predicate,removed,population(2010)_,
predicate,removed,population(2010Census)_,
predicate,removed,population)total,
predicate,removed,population.,
predicate,removed,populationAlqasabaDistrict,
predicate,removed,populationAreaKm,
predicate,removed,populationAs2019Estimate,
predicate,removed,"populationAsOf11,_",
predicate,removed,populationAsOf18+_,
predicate,removed,"populationAsOf19,_",
predicate,removed,"populationAsOf2,_",
predicate,removed,populationAsOf2011PopulationAsOf,
predicate,removed,populationAsOf2078B.s.,
predicate,removed,populationAsOfThe2001Census,
predicate,removed,populationBalnk,
predicate,removed,populationBlank1Household,
predicate,removed,populationBlank1Info,
predicate,removed,populationBlank1Type,
predicate,removed,populationBlank3Title,
predicate,removed,populationBlank4Title,
predicate,removed,populationCensusAgglomeration,
predicate,removed,populationChange,
predicate,removed,populationChangeSince,
predicate,removed,populationChild,
predicate,removed,populationCity,
predicate,removed,populationCouncil,
predicate,removed,populationCounty,
predicate,removed,populationCsa,
predicate,removed,populationDemony,
predicate,removed,populationDemonymTitle,
predicate,removed,populationDensity(perSquareKm)AsOf,
predicate,removed,populationDensity10km,
predicate,removed,populationDensityAqMi,
predicate,removed,populationDensityHa,
predicate,removed,populationDensityHecter,
predicate,removed,"populationDensityK,_",
predicate,removed,populationDensityKmSq.,
predicate,removed,populationDensityMetroMi,
predicate,removed,populationDensityMi,
predicate,removed,populationDensitySqKm,
predicate,removed,populationDensitySqmi,
predicate,removed,populationDensityTotalKm,
predicate,removed,populationDensityUrbanMi,
predicate,removed,populationDownloads,
predicate,removed,populationE,
predicate,removed,populationEstAsOf,
predicate,removed,populationFemal,
predicate,removed,populationFemale,
predicate,removed,populationFemales,
predicate,removed,populationFootnotesKebridaharCityPopulation,
predicate,removed,populationGentile,
predicate,removed,populationGroupOfPeopleCalled,
predicate,removed,populationGrowthrate,
predicate,removed,populationHouseholds,
predicate,removed,populationInReligion,
predicate,removed,populationKotkasim,
predicate,removed,populationLeade,
predicate,removed,populationMale,
predicate,removed,populationMales,
predicate,removed,populationMetroRealExtimated,
predicate,removed,populationMosquitos,
predicate,removed,populationMunicipality,
predicate,removed,populationNonfarm,
predicate,removed,populationNonfarmAsOf,
predicate,removed,populationNotes,
predicate,removed,populationNsi,
predicate,removed,populationOf,
predicate,removed,populationOfFemale,
predicate,removed,populationOfMale,
predicate,removed,populationOfOn,
predicate,removed,populationOfWhichLouw,
predicate,removed,populationPoint,
predicate,removed,populationRegion,
predicate,removed,populationResident,
predicate,removed,populationSc,
predicate,removed,populationSettelment,
predicate,removed,populationSexRatio,
predicate,removed,populationSt,
predicate,removed,populationTotal(2008Year)_,
predicate,removed,populationTotal(2011)_,
predicate,removed,populationTotal(3500)_,
predicate,removed,populationTotal(aprx)_,
predicate,removed,populationTotal(town+SurroundingAreas)_,
predicate,removed,populationTotal1Lakh,
predicate,removed,populationTotalHouseHold,
predicate,removed,populationTotalMetro,
predicate,removed,populationTotalTehsilZafarwal,
predicate,removed,populationTotalYear,
predicate,removed,populationTotalnnnnn,
predicate,removed,populationTownship,
predicate,removed,populationUrbanArea,
predicate,removed,populationUrbanAsOf,
predicate,removed,populationUrbanTitle,
predicate,removed,populationVoter,
predicate,removed,populationVoters,
predicate,removed,populationWardName,
predicate,removed,populationYears,
predicate,removed,populatonAsOf,
predicate,removed,populerColleges,
predicate,removed,populerSchools,
predicate,removed,portionSize,
predicate,removed,portla,
predicate,removed,portrayer.,
predicate,removed,portsOfRegistry,
predicate,removed,portsl,
predicate,removed,porzioneDimensione,
predicate,removed,"position1,Position2,Position3,Position4,&Position",
predicate,removed,positionAndStyle,
predicate,removed,positionsHeld,
predicate,removed,possibilities,
predicate,removed,postCode(city)_,
predicate,removed,postCodeArea,
predicate,removed,postCodeDistrict,
predicate,removed,postCodeType,
predicate,removed,postDoctoralAdvisor,
predicate,removed,postNom,
predicate,removed,postOffice,
predicate,removed,postOffice.,
predicate,removed,postOfficeName,
predicate,removed,postalCoce,
predicate,removed,postalCoed,
predicate,removed,postalHeadOffice,
predicate,removed,postalOffice,
predicate,removed,postalOfficeType,
predicate,removed,postbergen,
predicate,removed,postbodø,
predicate,removed,postdeegre,
predicate,removed,postdoctoral,
predicate,removed,postdoctoralAdviser,
predicate,removed,postdoctoralAdvisor,
predicate,removed,postdoctoralTrainees,
predicate,removed,poster,
predicate,removed,postf1x,
predicate,removed,postgjøvik,
predicate,removed,postkristiansand,
predicate,removed,postleitzahl,
predicate,removed,postluleå,
predicate,removed,postmaster,
predicate,removed,postnabotåget,
predicate,removed,postofotsto,
predicate,removed,postspanbergen,
predicate,removed,postspankristiansand,
predicate,removed,poststavanger,
predicate,removed,poststockholm,
predicate,removed,posttrondheim,
predicate,removed,postvestfold,
predicate,removed,potentialGdp,
predicate,removed,pounded,
predicate,removed,powerRequirements,
predicate,removed,powerType,
predicate,removed,powo,
predicate,removed,ppmembers,
predicate,removed,practicalFiringRate,
predicate,removed,practiceAres,
predicate,removed,practiceGroups,
predicate,removed,practiseField,
predicate,removed,prc,
predicate,removed,prchar,
predicate,removed,preGame,
predicate,removed,preJun,
predicate,removed,preOrderName,
predicate,removed,prebergen,
predicate,removed,prebodø,
predicate,removed,precNov,
predicate,removed,prececessor,
predicate,removed,preceder,
predicate,removed,precessor,
predicate,removed,precipitationMillimeters,
predicate,removed,predeccesor,
predicate,removed,predeccessor,
predicate,removed,predecessorFirms,
predicate,removed,predecessorFounded,
predicate,removed,predecessore,
predicate,removed,predecessot,
predicate,removed,predecesssor,
predicate,removed,predessessor,
predicate,removed,pref1x,
predicate,removed,pregjøvik,
predicate,removed,prekristiansand,
predicate,removed,preluleå,
predicate,removed,premierArenaSoccerLeagueSeason,
predicate,removed,premiereRatings,
predicate,removed,premieredate,
predicate,removed,premierleague,
predicate,removed,premierleaguekoc,
predicate,removed,premierminister,
predicate,removed,premiershield,
predicate,removed,premiershipYears,
predicate,removed,prenabotåget,
predicate,removed,preofotsto,
predicate,removed,preorder,
predicate,removed,prepNationalChampionships,
predicate,removed,preprefix,
predicate,removed,presRows,
predicate,removed,preschool,
predicate,removed,presentChairmanOfNitiAyog,
predicate,removed,presentMonarch,
predicate,removed,presentPoliticalParty,
predicate,removed,presentcommands,
predicate,removed,presentedCredentials,
predicate,removed,"presentingTheAncientSiteAsPartOfTheBedouinVillageSeemsPoorlySupportedByEvidence,See%22alSamakiyyaVillage",
predicate,removed,preserve,
predicate,removed,presiden,
predicate,removed,president'sCup2005Season,
predicate,removed,president.,
predicate,removed,Secretary,
predicate,removed,editor,
predicate,removed,president1.,
predicate,removed,presidentAndPublisher,
predicate,removed,presidentEmeritus,
predicate,removed,presidentOfPanchayat,
predicate,removed,presidentOfTheSenate,
predicate,removed,presidentOfTheStateCouncilOfVietnam,
predicate,removed,presidentPredecessor,
predicate,removed,presidentRobertoFlores,
predicate,removed,presidente,
predicate,removed,presidet,
predicate,removed,presidingofficer,
predicate,removed,prespanbergen,
predicate,removed,prespankristiansand,
predicate,removed,pressClub,
predicate,removed,pressRoom,
predicate,removed,pressedor,
predicate,removed,prestavanger,
predicate,removed,prestockholm,
predicate,removed,pretrondheim,
predicate,removed,prevMatchupDate,
predicate,removed,prevName3Date,
predicate,removed,prevName4Date,
predicate,removed,prevTitl,
predicate,removed,preveious,
predicate,removed,prevestfold,
predicate,removed,previousAgs,
predicate,removed,previousCeo,
predicate,removed,previousChiefsName,
predicate,removed,previousCoach,
predicate,removed,previousCommanders,
predicate,removed,previousContributors,
predicate,removed,previousGame,
predicate,removed,previousLeagues,
predicate,removed,previousLengthMi,
predicate,removed,previousMayor,
predicate,removed,previousName(s)_,
predicate,removed,previousOperator,
predicate,removed,previousRestaurants,
predicate,removed,previousRouteDab,
predicate,removed,previousSpecial,
predicate,removed,previousTeam,
predicate,removed,previousTour,
predicate,removed,previousWinners,
predicate,removed,previouscandidates,
predicate,removed,previouscoach,
predicate,removed,previouscommands,
predicate,removed,previouslyCoached,
predicate,removed,previousowner,
predicate,removed,previousseason,
predicate,removed,prevrestaurants,
predicate,removed,prevseasonlink,
predicate,removed,prevseasonyear,
predicate,removed,price(daily)_,
predicate,removed,price(weekly)_,
predicate,removed,"price,Sept",
predicate,removed,price.,
predicate,removed,priceOnSundays,
predicate,removed,priceOnWeekdays,
predicate,removed,primaryGrapes,
predicate,removed,primaryKeyboard,
predicate,removed,primaryMembers(%3E25%25)_,
predicate,removed,primaryPianist,
predicate,removed,primarySchool,
predicate,removed,primaryrate,
predicate,removed,primeMiniste,
predicate,removed,primeMinisterName,
predicate,removed,primeMover,
predicate,removed,primeUnits%3F_,
predicate,removed,primeminster,
predicate,removed,priminister,
predicate,removed,principalAssociateConductor,
predicate,removed,principalCast,
predicate,removed,principalConductor'''_,
predicate,removed,principalConductors,
predicate,removed,principalDirector,
predicate,removed,principalDirectors,
predicate,removed,principalGuestConductor,
predicate,removed,principalInvestigator,
predicate,removed,principalManuscript(s)_,
predicate,removed,principalPopsConductor,
predicate,removed,printCirculation,
predicate,removed,priorCommissioner,
predicate,removed,priorOwners,
predicate,removed,prize,
predicate,removed,proBowlersSelections,
predicate,removed,probowls,
predicate,removed,proceed,
predicate,removed,prodDate,
predicate,removed,prodDesignDate,
predicate,removed,prodhan,
predicate,removed,producer(s)_,
predicate,removed,coHost,
predicate,removed,producerOfGame,
predicate,removed,productDirector,
predicate,removed,productId,
predicate,removed,productionAmount,
predicate,removed,productionAndDesign,
predicate,removed,productionCost,
predicate,removed,productionDateForTheLc,
predicate,removed,productionDates,
predicate,removed,productionDirector,
predicate,removed,productionManager,
predicate,removed,productionPartner,
predicate,removed,productionStart,
predicate,removed,productioneditor,
predicate,removed,profesion,
predicate,removed,professions,
predicate,removed,profitsPerEquityPartner,
predicate,removed,programCoordinator,
predicate,removed,programExpenses,
predicate,removed,programManagers,
predicate,removed,programmes,
predicate,removed,projectFounder(s)_,
predicate,removed,projectLogo,
predicate,removed,projectedVote,
predicate,removed,projectiles,
predicate,removed,projectname,
predicate,removed,prolavaramNativeName,
predicate,removed,prolocutorOfCityCouncil,
predicate,removed,prominentPeople,
predicate,removed,promotion(s)_,
predicate,removed,promotionPlayOff,
predicate,removed,promulgation,
predicate,removed,pronouns,
predicate,removed,propinsi,
predicate,removed,proportions,
predicate,removed,proposedCapital,
predicate,removed,proposedEntry,
predicate,removed,proprietario,
predicate,removed,proprietor,
predicate,removed,proscribedOrganisationBy,
predicate,removed,prosecutorGeneralOfThePeople’sProcuracy,
predicate,removed,protag,
predicate,removed,protection,
predicate,removed,protector,
predicate,removed,provCraeted,
predicate,removed,provience,
predicate,removed,provinceAreaCode,
predicate,removed,provinceWebsite,
predicate,removed,provincecode,
predicate,removed,provincesAndTerritoriesParticipating,
predicate,removed,provincialAssemblyArea,
predicate,removed,provincialAssemblyMember,
predicate,removed,provincialMinisterOfPunjabForLaw,
predicate,removed,provincialRiding,
predicate,removed,provincialTeam,
predicate,removed,provincialVicePresident,
predicate,removed,provinsi,
predicate,removed,prpresident,
predicate,removed,prussianEquivalent,
predicate,removed,psaMostRecentChampion(s)_,
predicate,removed,pseudonym(s)_,
predicate,removed,pseudonyms,
predicate,removed,psgc,
predicate,removed,pslink,
predicate,removed,pstOffset,
predicate,removed,puahpinMapCaption,
predicate,removed,pub%23_,
predicate,removed,pubcat,
predicate,removed,pubchemCid,
predicate,removed,publicAffairs,
predicate,removed,publicCharitableTrust,
predicate,removed,publicLawurl,
predicate,removed,publicRanking,
predicate,removed,publicRelationsAgency,
predicate,removed,publicWebsite,
predicate,removed,publicación,
predicate,removed,publicationCity,
predicate,removed,publicationCountry,
predicate,removed,publicationManager,
predicate,removed,publicitySecretary,
predicate,removed,publishedInGazette,
predicate,removed,publishede,
predicate,removed,Editor,
predicate,removed,SiteLeader,
predicate,removed,editor,
predicate,removed,publisherAndEditor,
predicate,removed,publisherEmeritus,
predicate,removed,publisherPrinters,
predicate,removed,publisherTitle,
predicate,removed,publishingCounty,
predicate,removed,publishingDirector,
predicate,removed,publishingState,
predicate,removed,punters,
predicate,removed,pupilWing,
predicate,removed,puppetDesign,
predicate,removed,purseWinnings,
predicate,removed,pushmap,
predicate,removed,pushmapIn,
predicate,removed,pushp9inMap,
predicate,removed,pushpimMapCaption,
predicate,removed,pushpin,
predicate,removed,pushpinCaption,
predicate,removed,pushpinLabalPosition,
predicate,removed,pushpinLabelAndPosition,
predicate,removed,pushpinLabelCaption,
predicate,removed,pushpinLabelPoijjko,
predicate,removed,pushpinLabelPositio,
predicate,removed,pushpinLabelPositionP,
predicate,removed,pushpinMap1size,
predicate,removed,pushpinMapAlternate,
predicate,removed,pushpinMapCaptyoion,
predicate,removed,pushpinMapHi,
predicate,removed,pushpinMapLocation,
predicate,removed,pushpinMapPosition,
predicate,removed,pushpinMapRcaption,
predicate,removed,pushpinMapSoftwareThaimuTurayOrTurayLogicFromTombo,
predicate,removed,pushpinMapTવનં...બગબબનમગતનંય,
predicate,removed,pushpinMapXtfoudyccuifcu,
predicate,removed,pushpinMapsize%60_,
predicate,removed,pushpinMapsize1%60_,
predicate,removed,pushpinPopoPosition,
predicate,removed,pushpinsition,
predicate,removed,pushpivNMapCaption,
predicate,removed,pushpniMap,
predicate,removed,push~pinMap,
predicate,removed,pusphinLabelPosition,
predicate,removed,pusphinMapCaption,
predicate,removed,pustthpinLabelPosition,
predicate,removed,pyramidDate,
predicate,removed,páginaWeb,
predicate,removed,périodeActive,
predicate,removed,q2g,
predicate,removed,q3'''_,
predicate,removed,q4'''_,
predicate,removed,qFactor,
predicate,removed,qaWYear,
predicate,removed,qajarBorder,
predicate,removed,qajarBoxcolour,
predicate,removed,qsAus,
predicate,removed,qsCsit,
predicate,removed,qsEmployability,
predicate,removed,qsNRef,
predicate,removed,qsNational,
predicate,removed,qsUsa,
predicate,removed,qsWRef,
predicate,removed,qsWa,
predicate,removed,qsWorldRanking,
predicate,removed,qsWorldUniversityRanking,
predicate,removed,qt,
predicate,removed,qualifications.,
predicate,removed,quarterfinal,
predicate,removed,quarterreleasedate,
predicate,removed,quaterentries,
predicate,removed,queen'sBaton,
predicate,removed,"quererKkeos,oskslw",
predicate,removed,quotation,
predicate,removed,quotesource,
predicate,removed,r.n.,
predicate,removed,r.n.iNumber,
predicate,removed,r1Title,
predicate,removed,r2Title,
predicate,removed,r2ef,
predicate,removed,r3Title,
predicate,removed,rEport,
predicate,removed,raas(mood)_,
predicate,removed,raceWeight,
predicate,removed,racialGroups,
predicate,removed,racingnumber,
predicate,removed,radio'_,
predicate,removed,radioStation,
predicate,removed,radioTuner,
predicate,removed,raidersDraft,
predicate,removed,raids,
predicate,removed,railwayCode,
predicate,removed,railwayCodeType,
predicate,removed,railwayStation,
predicate,removed,railwayStationCode,
predicate,removed,railwayStationInCity,
predicate,removed,railwayStationName,
predicate,removed,rainfallColour,
predicate,removed,raisedPlace,
predicate,removed,rajabazarRaj,
predicate,removed,rakes,
predicate,removed,ralllowint,
predicate,removed,rallys,
predicate,removed,ram.,
predicate,removed,ramsDraft,
predicate,removed,ranK,
predicate,removed,randomChanceOfSurvival,
predicate,removed,rang,
predicate,removed,rangeCoordinatesNote,
predicate,removed,rangeVehicle,
predicate,removed,ranged,
predicate,removed,rank(iam)_,
predicate,removed,position,
predicate,removed,rankArticles,
predicate,removed,rankChange,
predicate,removed,rateOfFire,
predicate,removed,rateOfTwist,
predicate,removed,rationShop,
predicate,removed,ravensDraft,
predicate,removed,ray,
predicate,removed,rb1Foruth,
predicate,removed,rb1Schoolname,
predicate,removed,rbi,
predicate,removed,rd%22_,
predicate,removed,rd1Note,
predicate,removed,rd1NotreDame,
predicate,removed,rd1Rd1Seed,
predicate,removed,rd1Score04２,
predicate,removed,rd1Score04３,
predicate,removed,rd1Score06'''_,
predicate,removed,rd1Seee,
predicate,removed,rd2Scor,
predicate,removed,rd2Scors,
predicate,removed,rd2Tea,
predicate,removed,rd6Details,
predicate,removed,rd7Details,
predicate,removed,rdScore,
predicate,removed,rder,
predicate,removed,rdo,
predicate,removed,re;ease,
predicate,removed,reFounded,
predicate,removed,reOpened,
predicate,removed,reW,
predicate,removed,reachIn.,
predicate,removed,reverse)_,
predicate,removed,readmittancedate,
predicate,removed,realGrossDomesticIncome(gdi)_,
predicate,removed,realeased,
predicate,removed,rearTireSize,
predicate,removed,reasdon,
predicate,removed,reaso,
predicate,removed,reasonn,
predicate,removed,recLeader,
predicate,removed,receivers,
predicate,removed,recent10YearServicemen(%23OfGames)_,
predicate,removed,recentChampion,
predicate,removed,recentDutyStations,
predicate,removed,recentEditors,
predicate,removed,recentPoliticalLeaderName,
predicate,removed,recipes,
predicate,removed,recognitionOfGenderNonSpecific,
predicate,removed,recognitionOfRelationshipsRestriction,
predicate,removed,recommendedEngineOil,
predicate,removed,recordAttendence,
predicate,removed,recordCrowd,
predicate,removed,recordLabel,
predicate,removed,recordSpeed,
predicate,removed,recoveryTime,
predicate,removed,redLeftarm,
predicate,removed,reddit,
predicate,removed,redecessor,
predicate,removed,reels,
predicate,removed,refereef,
predicate,removed,referencia,
predicate,removed,referree,
predicate,removed,refnumber,
predicate,removed,refstyle,
predicate,removed,reftitle,
predicate,removed,reftype,
predicate,removed,refunded,
predicate,removed,reginaAlsoLinedOutForTheIrishShintyTeamWhichDefeatedScotlandInOctober2010ReginaHasAlsoPlayedForLeinsterInThePastInTheInterProvincialGaelLinnCompetitionsImage,
predicate,removed,reginaLinedOutAtFullBackForTheIrishShintyTeamWhichDefeatedScotlandInOctober2010Province,
predicate,removed,regionNameLocal,
predicate,removed,regionNativeName,
predicate,removed,regionTypeLocal,
predicate,removed,regionalCuisine,
predicate,removed,regionalCupMostCaps(fp)_,
predicate,removed,regionalCupMostCaps(gk)_,
predicate,removed,regionalExecutiveEditor,
predicate,removed,regionalGroup,
predicate,removed,regionalManager,
predicate,removed,regionalNames,
predicate,removed,regionalNewsManager,
predicate,removed,regionalPresident,
predicate,removed,regionalUnit,
predicate,removed,regionallang,
predicate,removed,regionsrepresented,
predicate,removed,registerAt,
predicate,removed,registeredMembers,
predicate,removed,registrationCode,
predicate,removed,registrationNo,
predicate,removed,registrationNo.,
predicate,removed,registrationPlate.,
predicate,removed,registrationPlateAreaOfBarra2Is50kmCks,
predicate,removed,registrationPtn84late,
predicate,removed,registratopnPlates,
predicate,removed,regnxt,
predicate,removed,regnxtuk,
predicate,removed,regular,
predicate,removed,regularSeasonRecord,
predicate,removed,reign.,
predicate,removed,reign2Type,
predicate,removed,reigningChampions2019Euc,
predicate,removed,reigningClubChampions,
predicate,removed,relatedDevices,
predicate,removed,relatedGroupsPolish,
predicate,removed,relatedJobs,
predicate,removed,relatedOccupations,
predicate,removed,relaunch,
predicate,removed,relaunching,
predicate,removed,relegatedTeams,
predicate,removed,relegion,
predicate,removed,religion.,
predicate,removed,religionMain,
predicate,removed,religionsSub,
predicate,removed,religión,
predicate,removed,relitives,
predicate,removed,relnotes,
predicate,removed,remark,
predicate,removed,remarkWidth,
predicate,removed,removableStorage,
predicate,removed,renaming,
predicate,removed,renovationArchitect,
predicate,removed,reopeningYear,
predicate,removed,reopens,
predicate,removed,replaceability,
predicate,removed,replacedAced,
predicate,removed,report&nbsp;&nbsp;_,
predicate,removed,reportedDeath(s)_,
predicate,removed,reporters,
predicate,removed,reportsIssued,
predicate,removed,reportsTp,
predicate,removed,representation,
predicate,removed,representativeBodyRef,
predicate,removed,representativeName,
predicate,removed,representativeOffices,
predicate,removed,representativeOrder,
predicate,removed,representer,
predicate,removed,representing,
predicate,removed,representingDemocraticUnderground,
predicate,removed,reprieved,
predicate,removed,reprise,
predicate,removed,repterms%23_,
predicate,removed,repubPubDate,
predicate,removed,requirementsToAttainLicenseWithFullScopeOfPractice,
predicate,removed,res.Ranager,
predicate,removed,resColHeader,
predicate,removed,researchAdvisors,
predicate,removed,reserveCoach,
predicate,removed,reserved,
predicate,removed,reservegrade,
predicate,removed,reservesCoach,
predicate,removed,residencce,
predicate,removed,residency,
predicate,removed,residentConductor,
predicate,removed,residentPopulation,
predicate,removed,resigned,
predicate,removed,resolutionRatio,
predicate,removed,responsetime,
predicate,removed,restaurant,
predicate,removed,restingPlace(gadduge)_,
predicate,removed,restricted,
predicate,removed,restrictedFreeAgents,
predicate,removed,resultsCaption,
predicate,removed,resultsRefName,
predicate,removed,resultsrefName,
predicate,removed,resumenbreve,
predicate,removed,retailAvailablity,
predicate,removed,retailManager,
predicate,removed,retire,
predicate,removed,retired%23s,
predicate,removed,retireddste,
predicate,removed,returning,
predicate,removed,reuinted,
predicate,removed,rev10Pc,
predicate,removed,rev26score,
predicate,removed,rev27score,
predicate,removed,rev28score,
predicate,removed,rev29score,
predicate,removed,rev2NG,
predicate,removed,rev30score,
predicate,removed,rev31score,
predicate,removed,rev32score,
predicate,removed,rev3Ds,
predicate,removed,rev5Ds,
predicate,removed,rev6Psp,
predicate,removed,rev6Vita,
predicate,removed,rev7Ds,
predicate,removed,rev7Ios,
predicate,removed,rev7Vita,
predicate,removed,rev8Pc,
predicate,removed,rev8Psp,
predicate,removed,revealed,
predicate,removed,revenueDivisions,
predicate,removed,revenueIn,
predicate,removed,revenues,
predicate,removed,reversalLocoLink,
predicate,removed,reversed,
predicate,removed,reversedPreviousCase,
predicate,removed,reviews,
predicate,removed,revised,
predicate,removed,revival,
predicate,removed,revivals,
predicate,removed,rhodeIslandStatePolice,
predicate,removed,riboflavin(b2)Mg,
predicate,removed,riboflavin(inMg)_,
predicate,removed,rider8cma,
predicate,removed,ridersPerGondola,
predicate,removed,riding%25_,
predicate,removed,riflingTwist,
predicate,removed,rightCardinalName,
predicate,removed,rightFoot,
predicate,removed,rightHand,
predicate,removed,rightImage,
predicate,removed,rightImageSize,
predicate,removed,rightName,
predicate,removed,rightToChangeLegalGender,
predicate,removed,rightarmAncient,
predicate,removed,rightarmOld,
predicate,removed,rightarmOlder,
predicate,removed,rightarmOldest,
predicate,removed,rightarmg,
predicate,removed,righterm,
predicate,removed,ringtones,
predicate,removed,threatLevel,
predicate,removed,riter,
predicate,removed,ritmon,
predicate,removed,ritmow,
predicate,removed,rival(s)_,
predicate,removed,rivalsSchoool,
predicate,removed,riverType,
predicate,removed,rlAmateurapps,
predicate,removed,rlAmateurclubs,
predicate,removed,rlAmateurpoints,
predicate,removed,rlAmateuryears,
predicate,removed,rlAmupdate,
predicate,removed,rlClubapps,
predicate,removed,rlClubpoints,
predicate,removed,rlClubupdate,
predicate,removed,rlClubyears,
predicate,removed,rlCoachteams,
predicate,removed,rlCoachupdate,
predicate,removed,rlCoachyears,
predicate,removed,rlCurrentposition,
predicate,removed,rlCurrentteam,
predicate,removed,rlNationalapps,
predicate,removed,rlNationalpoints,
predicate,removed,rlNationalteam,
predicate,removed,rlNationalyears,
predicate,removed,rlNtupdate,
predicate,removed,rlPosition,
predicate,removed,rlProclubs,
predicate,removed,rlTotalapps,
predicate,removed,rlTotalpoints,
predicate,removed,rlTotalyears,
predicate,removed,rlYouthclubs,
predicate,removed,rlYouthyears,
predicate,removed,rlyStnCode,
predicate,removed,rnd,
predicate,removed,road.,
predicate,removed,roadSpeed,
predicate,removed,rob,
predicate,removed,robLosses,
predicate,removed,robertoPradaBotelhoLeague,
predicate,removed,rocketCaliber,
predicate,removed,rods,
predicate,removed,romances,
predicate,removed,rookieChamp,
predicate,removed,rookieTitles,
predicate,removed,rootAccess,
predicate,removed,rossi,
predicate,removed,rotational+velocity,
predicate,removed,roundW,
predicate,removed,roundsat,
predicate,removed,roundsatlink,
predicate,removed,routeMarker,
predicate,removed,row123Border,
predicate,removed,row124Style,
predicate,removed,row125Text,
predicate,removed,row203Text,
predicate,removed,row252Text,
predicate,removed,row262Text,
predicate,removed,row272Text,
predicate,removed,row282Text,
predicate,removed,row292Text,
predicate,removed,row302Text,
predicate,removed,row32Shift,
predicate,removed,row332Text,
predicate,removed,row342Text,
predicate,removed,row84Style,
predicate,removed,rowHeight,
predicate,removed,rowcellstyle,
predicate,removed,royalFamilyOfGhataprabha,
predicate,removed,royalHouseRoyalHouse,
predicate,removed,royalty,
predicate,removed,rps,
predicate,removed,rra,
predicate,removed,rrgye,
predicate,removed,rsidence,
predicate,removed,rslCoach,
predicate,removed,rtiDivisionPresident,
predicate,removed,rto,
predicate,removed,rtoNewCode,
predicate,removed,rtoOldCode,
predicate,removed,ruCon,
predicate,removed,ruNationalupdate,
predicate,removed,ruYouthclubs,
predicate,removed,ruYouthyears,
predicate,removed,rud,
predicate,removed,rugbyChairman,
predicate,removed,runningTime,
predicate,removed,runningbacks,
predicate,removed,rural2021popCensus,
predicate,removed,ruralKm,
predicate,removed,ruralMaleAndFemale,
predicate,removed,rushLeader,
predicate,removed,rushes,
predicate,removed,rushesColor,
predicate,removed,rushesNat,
predicate,removed,russianNameLang,
predicate,removed,ryaPn(2)_,
predicate,removed,ryanCup,
predicate,removed,ryeWhiskey,
predicate,removed,ryuhanji,
predicate,removed,s&cCoach,
predicate,removed,s.t.d.Code,
predicate,removed,s.v.p,
predicate,removed,o,
predicate,removed,sCoalitionopposition,
predicate,removed,sLaborgovernment,
predicate,removed,sMajorityLeader,
predicate,removed,disp,
predicate,removed,safaviBorder,
predicate,removed,safaviBoxcolour,
predicate,removed,safiAyoush,
predicate,removed,sahibzadaAyoubKhan,
predicate,removed,sailArea,
predicate,removed,sailareaGen,
predicate,removed,saintsDraft,
predicate,removed,salamander,
predicate,removed,salesDirector,
predicate,removed,salesManager,
predicate,removed,salesmanager,
predicate,removed,salvadoran,
predicate,removed,samadhiDate,
predicate,removed,samadhiPlace,
predicate,removed,samdariPardhan,
predicate,removed,sameTimePrograms,
predicate,removed,samples,
predicate,removed,samsungGalaxySeries,
predicate,removed,sarLevel,
predicate,removed,sarRating,
predicate,removed,sarValue,
predicate,removed,sarValues,
predicate,removed,sarapanchName,
predicate,removed,sarjatasoMiehet,
predicate,removed,sarpanch,
predicate,removed,sarpanch.,
predicate,removed,sarpanchName,
predicate,removed,saskatchewanRoughridersPlazaOfHonour,
predicate,removed,satFatG,
predicate,removed,satYear,
predicate,removed,saturdayEditor,
predicate,removed,satırHeight,
predicate,removed,"sc,BoreaFounded",
predicate,removed,scheduledCaste,
predicate,removed,scheduledTribe,
predicate,removed,school.,
predicate,removed,schoolAttended,
predicate,removed,schoolNativity,
predicate,removed,schoolOfThought,
predicate,removed,schoolOrTradition,
predicate,removed,"schoolSaintJoseph'sPrimarySchoolBarnoldswick,Lancs",
predicate,removed,schoolboySecretary,
predicate,removed,schooling,
predicate,removed,sciW,
predicate,removed,scienceRank,
predicate,removed,scientificLevel,
predicate,removed,sclass,
predicate,removed,scor,
predicate,removed,scoringByQuarterQ,
predicate,removed,scottiesAppearances,
predicate,removed,scotus,
predicate,removed,screeningCompleted,
predicate,removed,screenshot.,
predicate,removed,scribe(s)_,
predicate,removed,scspan,
predicate,removed,seahawksDraft,
predicate,removed,sealsize,
predicate,removed,season1a,
predicate,removed,_,
predicate,removed,seasonDetailsAlt,
predicate,removed,seasonEnd,
predicate,removed,seasonMmv,
predicate,removed,seasonStart,
predicate,removed,seasonsTitle,
predicate,removed,seat20BasAgan,
predicate,removed,seats%25_,
predicate,removed,seats(wards)_,
predicate,removed,seats16d,
predicate,removed,seats1d,
predicate,removed,seats20d,
predicate,removed,seats21d,
predicate,removed,seats25d,
predicate,removed,seats26d,
predicate,removed,seats27d,
predicate,removed,seats29d,
predicate,removed,seats4d,
predicate,removed,seats67+_,
predicate,removed,seatsForElectiom,
predicate,removed,seatttype,
predicate,removed,seceded,
predicate,removed,secededdate,
predicate,removed,secession,
predicate,removed,secofstate,
predicate,removed,secondAlt,
predicate,removed,secondCoach,
predicate,removed,secondManager,
predicate,removed,secondStaging,
predicate,removed,secondTerm,
predicate,removed,secondaryMembers(%3E5%25)_,
predicate,removed,secondaryRole,
predicate,removed,secondarySchool,
predicate,removed,secondaryWeapon,
predicate,removed,secondaryauthor,
predicate,removed,secondaryrate,
predicate,removed,secondaryrole,
predicate,removed,secondlady,
predicate,removed,secretariatInEurope,
predicate,removed,secretary1Name,
predicate,removed,secretary1Pfo,
predicate,removed,secretaryofstate,
predicate,removed,secrutary,
predicate,removed,sectioAuthority,
predicate,removed,section%5Cdate,
predicate,removed,sectiondate,
predicate,removed,sectionsName,
predicate,removed,sectionsPostal,
predicate,removed,sectorAreas,
predicate,removed,sectors(valueAdded)_,
predicate,removed,sects,
predicate,removed,securityClass,
predicate,removed,securityForce,
predicate,removed,sedwaPardhan,
predicate,removed,seeAlso%3F_,
predicate,removed,seebreite,
predicate,removed,seedings,
predicate,removed,seelaenge,
predicate,removed,selenium,
predicate,removed,selfieCamera,
predicate,removed,semiAmp,
predicate,removed,semiFinalAlt,
predicate,removed,semiFinalGameScore,
predicate,removed,semiFinalLoser,
predicate,removed,semiFinalWinner,
predicate,removed,semifinalist,
predicate,removed,semiofficial,
predicate,removed,senateMajority,
predicate,removed,senateMembers,
predicate,removed,senateMinority,
predicate,removed,senatePresident,
predicate,removed,senatePresidentProTempore,
predicate,removed,senatorName,
predicate,removed,senatorTitle,
predicate,removed,senhknKhb,
predicate,removed,seniorAssistant,
predicate,removed,seniorAssistantCoach,
predicate,removed,seniorCoach,
predicate,removed,seniorDeputy,
predicate,removed,"seniorEditor,Dayside",
predicate,removed,"seniorEditor,Nightside",
predicate,removed,seniorExecutiveEditor,
predicate,removed,seniorHeadCoach,
predicate,removed,seniorLabel,
predicate,removed,seniorNcoAdvisor,
predicate,removed,seniorNewsDirector,
predicate,removed,seniorPlayerOfTheYear,
predicate,removed,seniorReporter,
predicate,removed,seniorStaffWriter,
predicate,removed,seniornewsdirector,
predicate,removed,seniorstaff,
predicate,removed,sentenced,
predicate,removed,seoul,
predicate,removed,seoulSamsungThunders,
predicate,removed,sergeantMajorTitle,
predicate,removed,series%23_,
predicate,removed,seriesBilling,
predicate,removed,seriesDesigner,
predicate,removed,seriesJ,
predicate,removed,seriesL,
predicate,removed,serieschamps,
predicate,removed,seriesid,
predicate,removed,serpanchName,
predicate,removed,servDesignDate,
predicate,removed,servSizeMet,
predicate,removed,serviceDates,
predicate,removed,serviceTypes,
predicate,removed,servicedates,
predicate,removed,serviceyear,
predicate,removed,servingwith,
predicate,removed,setBetween,
predicate,removed,settingw,
predicate,removed,settlemantType,
predicate,removed,settlemenType,
predicate,removed,settlementDesZonesMbiriziEncoreIlT'aDesCollines1Kibayi2Kanyankur3Maramvya4Kiryama5Munini,
predicate,removed,settlementTyPe,
predicate,removed,settlementTyoe,
predicate,removed,settlementTyp33333e,
predicate,removed,settlementTypeAndeepLokanath,
predicate,removed,settlementTypeNo,
predicate,removed,settlementTypeOwner,
predicate,removed,settlementTypeShadXv,
predicate,removed,settlementTypeSmallTown,
predicate,removed,settlementTypeSondhaMunicipalityPresidentAshaGovindSinghNagil,
predicate,removed,settlementTypeTheBestWayToGoBackToNknb,
predicate,removed,settlementTypje,
predicate,removed,settlementtype,
predicate,removed,settlemetntType,
predicate,removed,sevensCoach,
predicate,removed,sexReassignmentSurgery,
predicate,removed,sgcB,
predicate,removed,sgcL,
predicate,removed,shanghai'sArwuWorldAcademicRanking,
predicate,removed,shapeHalo,
predicate,removed,shapeHalod,
predicate,removed,shapeOpacityd,
predicate,removed,sharedValues,
predicate,removed,sheildSize,
predicate,removed,shellType,
predicate,removed,shellWeight,
predicate,removed,shelters,
predicate,removed,shetlandName,
predicate,removed,shiledAlt,
predicate,removed,shinbundang,
predicate,removed,ship'sFate,
predicate,removed,ship'sServiceGenerators,
predicate,removed,shipArmament(amc)_,
predicate,removed,shipArmament(lsh)_,
predicate,removed,shipAviationFuel,
predicate,removed,shipAwared,
predicate,removed,shipBackInService,
predicate,removed,shipBoats&Landing,
predicate,removed,shipBuilder(hull)_,
predicate,removed,shipCargo,
predicate,removed,shipCommmissioned,
predicate,removed,shipCommpleted,
predicate,removed,shipCurrentOperator,
predicate,removed,shipDisplacemenTons,
predicate,removed,shipFaste,
predicate,removed,shipFirstCommander,
predicate,removed,shipFormerOperator,
predicate,removed,shipFormerOwner,
predicate,removed,shipGalleries,
predicate,removed,shipGoToScrap,
predicate,removed,shipGrossTon,
predicate,removed,shipHead,
predicate,removed,shipIdentificaion,
predicate,removed,shipIdentifiction,
predicate,removed,shipMouldedDepth,
predicate,removed,shipNetTon,
predicate,removed,shipOperator(timeOfLoss)_,
predicate,removed,shipOpertator,
predicate,removed,shipPlaceOfConstruction,
predicate,removed,shipPortableVanSpace,
predicate,removed,shipRange(submerged)_,
predicate,removed,shipReOrderedScb,
predicate,removed,shipReg.Ton,
predicate,removed,shipReturnedToService,
predicate,removed,shipSailArea,
predicate,removed,shipServiceSpeed,
predicate,removed,shipSewageSystem,
predicate,removed,shipSpeedAfterReboilering(1898)_,
predicate,removed,shipSpeedMax,
predicate,removed,shipStern,
predicate,removed,shipTheCountry,
predicate,removed,shipYearOfConstruction,
predicate,removed,shipwreckCause,
predicate,removed,shipwreckLocation,
predicate,removed,shirtSponsor,
predicate,removed,shirtnumber,
predicate,removed,shobhaSikarwar,
predicate,removed,shoeSize,
predicate,removed,shoesize,
predicate,removed,shogunate(s)_,
predicate,removed,shooting,
predicate,removed,shop,
predicate,removed,shopLocation,
predicate,removed,shopNamesake,
predicate,removed,shors,
predicate,removed,shorst,
predicate,removed,shortFormName,
predicate,removed,shortFormNameLang,
predicate,removed,shortNames,
predicate,removed,shortestRoute,
predicate,removed,shortforms,
predicate,removed,shortsg,
predicate,removed,shortsummry,
predicate,removed,shoulderAngle,
predicate,removed,showMedal,
predicate,removed,showTotalLength,
predicate,removed,showUpdates,
predicate,removed,showmedals,
predicate,removed,shrtnavlink,
predicate,removed,shutDown,
predicate,removed,shutdownLength,
predicate,removed,siArchive,
predicate,removed,sibling(s)_,
predicate,removed,sideSlop,
predicate,removed,sides,
predicate,removed,siege,
predicate,removed,sight,
predicate,removed,signatureCaption,
predicate,removed,signature​Moves​_,
predicate,removed,signedgovernor,
predicate,removed,signer,
predicate,removed,significantAssignments,
predicate,removed,significantOther(s)_,
predicate,removed,significantPublications,
predicate,removed,significantWork,
predicate,removed,significantWorks,
predicate,removed,silverFrmf,
predicate,removed,silverOtt,
predicate,removed,simCard,
predicate,removed,simCardType,
predicate,removed,simSize,
predicate,removed,simSlot,
predicate,removed,simType,
predicate,removed,simc,
predicate,removed,similarBeings,
predicate,removed,similarCreatures,
predicate,removed,similarDishes,
predicate,removed,similarNames,
predicate,removed,similarProduct,
predicate,removed,similare,
predicate,removed,simplified,
predicate,removed,singerChhattisgarhi,
predicate,removed,singleGameTopscorer,
predicate,removed,sinhalese,
predicate,removed,sinlings,
predicate,removed,sirFounder,
predicate,removed,sisigDay,
predicate,removed,sisterCity,
predicate,removed,sisterMediaProperties,
predicate,removed,sisterNewspaper,
predicate,removed,sisterPublication,
predicate,removed,sisterPublications,
predicate,removed,sisterWebsites,
predicate,removed,sisterWives,
predicate,removed,siteweb,
predicate,removed,sitioWeb,
predicate,removed,sittingMla,
predicate,removed,sitz,
predicate,removed,sixNationsApps,
predicate,removed,sixthManN,
predicate,removed,sixthManWinner,
predicate,removed,sizeLy,
predicate,removed,sizePc,
predicate,removed,sizer,
predicate,removed,sjr,
predicate,removed,sketchProducer,
predicate,removed,skillsRequired,
predicate,removed,skinBd,
predicate,removed,skinBe,
predicate,removed,skinCalção,
predicate,removed,skinColour,
predicate,removed,skinFolds,
predicate,removed,skipperfirstname,
predicate,removed,skipperlastname,
predicate,removed,skippernamearticle,
predicate,removed,slipt,
predicate,removed,slmBlues,
predicate,removed,slowestUnit,
predicate,removed,smallestStadium,
predicate,removed,smc,
predicate,removed,smhi,
predicate,removed,smiles2Comment,
predicate,removed,smilesComment,
predicate,removed,smlo,
predicate,removed,snapchat,
predicate,removed,snappers,
predicate,removed,snowAnn,
predicate,removed,sntype,
predicate,removed,RecruitingChairman,
predicate,removed,socialMedia(instagram)_,
predicate,removed,Website,
predicate,removed,socialNetwork,
predicate,removed,socialWorker,
predicate,removed,socialmediadirector,
predicate,removed,socialmediaeditor,
predicate,removed,societies,
predicate,removed,socksg,
predicate,removed,sodium(inMg)_,
predicate,removed,softClosed,
predicate,removed,soleExampleOfType%3F_,
predicate,removed,some(n)_,
predicate,removed,son's,
predicate,removed,son'sName,
predicate,removed,sonInLaw,
predicate,removed,sonName,
predicate,removed,songWriter,
predicate,removed,sonwins,
predicate,removed,sooapps,
predicate,removed,soopoints,
predicate,removed,sooupdate,
predicate,removed,sots,
predicate,removed,soullsn,
predicate,removed,soullsw,
predicate,removed,soundDescription,
predicate,removed,sourc,
predicate,removed,sourceDate,
predicate,removed,southAfricanMusicAwardsn,
predicate,removed,southAfricanMusicAwardsw,
predicate,removed,southAmericans,
predicate,removed,souvenirs,
predicate,removed,sovereign,
predicate,removed,spa,
predicate,removed,spaceVU,
predicate,removed,spaceVV,
predicate,removed,spaceVW,
predicate,removed,spaceports,
predicate,removed,spanishName,
predicate,removed,spanishPronuciation,
predicate,removed,"sparham%22tsongkhapaDoesNotAcceptSvātantra(“autonomous”)Reasoning(theFourthPoint).HeAssertsThatItIsEnough,WhenProvingThatAnyGivenSubjectIsEmptyOfIntrinsicExistence,ToLeadTheInterlocutor,ThroughReasoning,ToTheUnwelcomeConsequences(prasaṅga)InTheirOwnUntenablePosition;ItIsNotNecessaryToDemonstrateTheThesisBasedOnReasoningThatPresupposesAnySortOfIntrinsic(%3Cnowiki%3E_",
predicate,removed,spaz.,
predicate,removed,speakLanguage,
predicate,removed,speakerOfKuwaitNationalAssembly,
predicate,removed,speakerOfTheHouse,
predicate,removed,speakerOfTheHouseOfRepresentatives,
predicate,removed,spec,
predicate,removed,specType,
predicate,removed,specialFeature,
predicate,removed,specialties,
predicate,removed,specificGravity,
predicate,removed,specs,
predicate,removed,speedRoad,
predicate,removed,speicherraum,
predicate,removed,sperating,
predicate,removed,spinOffAppearances,
predicate,removed,spinoff,
predicate,removed,spiritName,
predicate,removed,spiritOf,
predicate,removed,spl,
predicate,removed,sponser,
predicate,removed,sport13Boys,
predicate,removed,sportEditor,
predicate,removed,sportH,
predicate,removed,sportJournalsit,
predicate,removed,sportLoreto.svgFullname,
predicate,removed,sportPratiqué,
predicate,removed,sportsDir.,
predicate,removed,sportsManager,
predicate,removed,sportsManagers,
predicate,removed,sportsPriority,
predicate,removed,sportsReporter,
predicate,removed,"sportsReporter,Circulation",
predicate,removed,sportsTherapist,
predicate,removed,sportsWorkGroup,
predicate,removed,sportsdirector,
predicate,removed,sportseditors,
predicate,removed,sportsillustrated,
predicate,removed,sportsreporter,
predicate,removed,spouce,
predicate,removed,spouse(ex)_,
predicate,removed,spouse(former)_,
predicate,removed,spouse(s)_,
predicate,removed,spouseBirthDate,
predicate,removed,spouseBirthName,
predicate,removed,spouseBrianTwomey,
predicate,removed,spouseDeathDate,
predicate,removed,spouseName,
predicate,removed,sprat,
predicate,removed,spuse,
predicate,removed,spyrosZamparasLeague,
predicate,removed,squadra,
predicate,removed,squat,
predicate,removed,sr06Years,
predicate,removed,sr1567Years,
predicate,removed,srat,
predicate,removed,ssrn,
predicate,removed,ssrnRanking,
predicate,removed,stadia,
predicate,removed,stadsrechten,
predicate,removed,staette,
predicate,removed,stageno,
predicate,removed,standbyTime,
predicate,removed,starSign,
predicate,removed,starplayer,
predicate,removed,start0a,
predicate,removed,start1ss,
predicate,removed,start24a,
predicate,removed,start24b,
predicate,removed,start25a,
predicate,removed,start25b,
predicate,removed,start2sss,
predicate,removed,start2ssss,
predicate,removed,start5g,
predicate,removed,start5h,
predicate,removed,start5i,
predicate,removed,start5j,
predicate,removed,start5k,
predicate,removed,start5sc,
predicate,removed,start6D,
predicate,removed,start7S,
predicate,removed,start9cs,
predicate,removed,startAge,
predicate,removed,startDateOfFirstExecutive,
predicate,removed,startDateOfFirstLegislature,
predicate,removed,startDiscipline,
predicate,removed,startPlace,
predicate,removed,startSystem,
predicate,removed,starta,
predicate,removed,startb,
predicate,removed,startdatum,
predicate,removed,startedIn,
predicate,removed,startedService,
predicate,removed,startfilms,
predicate,removed,startyr+_,
predicate,removed,stat44label,
predicate,removed,stat44value,
predicate,removed,state.,
predicate,removed,district,
predicate,removed,stateAppropriation,
predicate,removed,stateAssemblyConstituency,
predicate,removed,stateCode,
predicate,removed,stateCreditunions,
predicate,removed,stateDistrict,
predicate,removed,stateHeadDeputy,
predicate,removed,stateHouseOfAssemblyMember,
predicate,removed,stateHousee,
predicate,removed,stateLawEnforcement,
predicate,removed,stateLawUrl,
predicate,removed,stateNumber,
predicate,removed,stateOffice,
predicate,removed,statePresidentYouth,
predicate,removed,stateRank,
predicate,removed,stateRepPartyLink,
predicate,removed,stateRoads,
predicate,removed,statehouse,
predicate,removed,staterecords,
predicate,removed,station+list,
predicate,removed,stationierungsort,
predicate,removed,stationierungsortBezeichnung,
predicate,removed,status3System,
predicate,removed,isdCode,
predicate,removed,stdAreaCode,
predicate,removed,stdCode.,
predicate,removed,stdCodeType,
predicate,removed,steakType,
predicate,removed,steals,
predicate,removed,steelersDraft,
predicate,removed,steeringSystem,
predicate,removed,stellarMass,
predicate,removed,stepBrothers,
predicate,removed,stepChildren,
predicate,removed,stepDaughters,
predicate,removed,stepFather,
predicate,removed,stepMother,
predicate,removed,stepaunt,
predicate,removed,stepbrother,
predicate,removed,stepbrothers,
predicate,removed,stepdad,
predicate,removed,stepdaughter,
predicate,removed,stepdaugters,
predicate,removed,stepmom,
predicate,removed,stepmothers,
predicate,removed,stepsister,
predicate,removed,stepsisters,
predicate,removed,stepson,
predicate,removed,sti,
predicate,removed,stillSoAwkward,
predicate,removed,stipq,
predicate,removed,stipulation(s)_,
predicate,removed,stitchingCenter,
predicate,removed,stl,
predicate,removed,stockCode,
predicate,removed,stockExchange,
predicate,removed,stockFolded,
predicate,removed,stockholm,
predicate,removed,stocks,
predicate,removed,stops(intermediate)_,
predicate,removed,storytelling,
predicate,removed,str%3Cnowiki%3E_,
predicate,removed,stratagem,
predicate,removed,streetName,
predicate,removed,strefaNumeracyjna,
predicate,removed,streitkräfte,
predicate,removed,strengthAndConditioningCoach,
predicate,removed,strengthYear,
predicate,removed,streviewAst,
predicate,removed,struckdownBy,
predicate,removed,struckdownDate,
predicate,removed,stuartGreenLeague,
predicate,removed,stub,
predicate,removed,facultyRatio,
predicate,removed,studentSection,
predicate,removed,studentToTeacher,
predicate,removed,studiedAt,
predicate,removed,studies,
predicate,removed,studio8w,
predicate,removed,studioLocation,
predicate,removed,studios,
predicate,removed,study,
predicate,removed,stype,
predicate,removed,subAreaType,
predicate,removed,subDistrict,
predicate,removed,subTowns,
predicate,removed,subVillage,
predicate,removed,subdPopulationTotal,
predicate,removed,subdi,
predicate,removed,subdivIsionType,
predicate,removed,subdivionType,
predicate,removed,subdivisIonName,
predicate,removed,subdivisiomName,
predicate,removed,subdivisionAme,
predicate,removed,subdivisionGhoradongri%5D%5D_,
predicate,removed,subdivisionNAme,
predicate,removed,subdivisionNa,
predicate,removed,subdivisionNa154me,
predicate,removed,subdivisionName1Dangiwacha,
predicate,removed,subdivisionName1ThiruvallaTaluk,
predicate,removed,subdivisionName3.,
predicate,removed,subdivisionNametype,
predicate,removed,subdivisionNname,
predicate,removed,subdivisionPresidentName,
predicate,removed,subdivisionRegion,
predicate,removed,subdivisionRtype,
predicate,removed,subdivisionTupe,
predicate,removed,subdivisionTy,
predicate,removed,subdivisionTye,
predicate,removed,subdivisionTyp,
predicate,removed,subdivisionType2%5D%5D'_,
predicate,removed,subdivisionType2SubdivisionName,
predicate,removed,subdivisionType2ThiruvallaTaluk,
predicate,removed,subdivisionType3.,
predicate,removed,subdivisionType4xxxxxxxxxx,
predicate,removed,subdivisionTypeMunicipality,
predicate,removed,subdivisionTypeThiruvallaTta,
predicate,removed,subdivisionTypesanakoraie,
predicate,removed,subdivisioniplyType,
predicate,removed,subdivisionsjsype,
predicate,removed,subdivison,
predicate,removed,subdivisonName,
predicate,removed,subject.,
predicate,removed,subleaderSiddhart,
predicate,removed,suboffic,
predicate,removed,subordinateUnits,
predicate,removed,subscribe,
predicate,removed,subscriptionIndex,
predicate,removed,subsectionpacific,
predicate,removed,subset,
predicate,removed,subsidiaryowner,
predicate,removed,subtitle(bottom)_,
predicate,removed,subtopic,
predicate,removed,subtribusAuthority,
predicate,removed,suburbsName,
predicate,removed,suburbsTitle,
predicate,removed,succededBy,
predicate,removed,succeder,
predicate,removed,succeededTba,
predicate,removed,succeeder,
predicate,removed,succentor,
predicate,removed,successeor,
predicate,removed,successfulParty,
predicate,removed,successfulparty,
predicate,removed,successo,
predicate,removed,successo1r,
predicate,removed,successo2r,
predicate,removed,successor.,
predicate,removed,successor5.,
predicate,removed,successr,
predicate,removed,successro,
predicate,removed,successsor,
predicate,removed,sucessor,
predicate,removed,sudoc,
predicate,removed,sufsuffix,
predicate,removed,sumitChauhan,
predicate,removed,summerOlympicsMostWins,
predicate,removed,summerTemperature,
predicate,removed,sundayEditor,
predicate,removed,sundaytimesN,
predicate,removed,sundaytimesNRef,
predicate,removed,sundaytimesNYear,
predicate,removed,sunrise,
predicate,removed,suoeermangglhhlhvisionType,
predicate,removed,superAppearances,
predicate,removed,superBowl,
predicate,removed,superChamp,
predicate,removed,superLeagueCup,
predicate,removed,superbalitaNewseditor,
predicate,removed,supercross,
predicate,removed,supergirl,
predicate,removed,superintendentOfPolice,
predicate,removed,superregnum,
predicate,removed,superregnumAuthority,
predicate,removed,supertribe,
predicate,removed,supplementaryFeature,
predicate,removed,supportedAudioFormats,
predicate,removed,supportedBy,
predicate,removed,supportedDrivers,
predicate,removed,supportedPlatformsOs,
predicate,removed,supportingAlbum,
predicate,removed,suppressor,
predicate,removed,surgeHeight,
predicate,removed,survivingtime,
predicate,removed,survivingtine,
predicate,removed,suspendedPub.,
predicate,removed,susperps,
predicate,removed,swimCoach,
predicate,removed,swimmingSchool,
predicate,removed,sydney,
predicate,removed,syllabicName,
predicate,removed,synagoguePosition,
predicate,removed,synagogueposistion,
predicate,removed,systemMass,
predicate,removed,systemOnChip,
predicate,removed,sytle,
predicate,removed,sütunEni,
predicate,removed,t$Pts,
predicate,removed,tItle,
predicate,removed,tLocation,
predicate,removed,tPeri,
predicate,removed,tableRef,
predicate,removed,tahasil,
predicate,removed,tahsil,
predicate,removed,tailleImage,
predicate,removed,tailo,
predicate,removed,takingOffice,
predicate,removed,talhoehe,
predicate,removed,talkTime,
predicate,removed,talukName,
predicate,removed,talukNames,
predicate,removed,taluka,
predicate,removed,talukas,
predicate,removed,tamilScript,
predicate,removed,tape,
predicate,removed,tarmStart,
predicate,removed,tavgSep,
predicate,removed,taxExempt,
predicate,removed,taxIdNo.,
predicate,removed,taxi,
predicate,removed,taxonAuthority,
predicate,removed,taxoname,
predicate,removed,tbdPatternLa,
predicate,removed,tcsService,
predicate,removed,te2Schoolname,
predicate,removed,teacher%23_,
predicate,removed,teacher(s)_,
predicate,removed,team(s)_,
predicate,removed,team10.,
predicate,removed,team1y,
predicate,removed,team2Winner,
predicate,removed,team2y,
predicate,removed,team3y,
predicate,removed,team8v,
predicate,removed,teamAdmin,
predicate,removed,teamDirector,
predicate,removed,teamDoctor,
predicate,removed,teamLeader,
predicate,removed,teamLimit,
predicate,removed,teamMarketOwners,
predicate,removed,teamPhoto,
predicate,removed,teamPhotographer,
predicate,removed,teamPhysician,
predicate,removed,teamWitdh,
predicate,removed,teamaend,
predicate,removed,teamastart,
predicate,removed,teamcolor,
predicate,removed,teamj1y,
predicate,removed,teamj2y,
predicate,removed,teamj3y,
predicate,removed,teammanager(s)_,
predicate,removed,teammate,
predicate,removed,teamsParticipating,
predicate,removed,teamsSeason,
predicate,removed,technicalAdviser,
predicate,removed,technicalAndSportingDirector,
predicate,removed,technicalCoach,
predicate,removed,technicalManager,
predicate,removed,technique,
predicate,removed,teeman,
predicate,removed,teenchoicen,
predicate,removed,teenchoicew,
predicate,removed,teference,
predicate,removed,tehsilName,
predicate,removed,tehsilPopulation,
predicate,removed,tehsildar,
predicate,removed,tehsils,
predicate,removed,teilVon,
predicate,removed,teilstreitkraft,
predicate,removed,teilstreitkraftBezeichnung,
predicate,removed,telefonvorwahl,
predicate,removed,stdCode,
predicate,removed,StdCode,
predicate,removed,stdCode,
predicate,removed,telephoneCodeStdCode,
predicate,removed,telephoneNo,
predicate,removed,telephoneNumber,
predicate,removed,telephoneStdCode,
predicate,removed,telephonicCode,
predicate,removed,telescope,
predicate,removed,televisionBroadcaster,
predicate,removed,televisionShows,
predicate,removed,tema,
predicate,removed,temperatura,
predicate,removed,templeWebsite,
predicate,removed,tenth,
predicate,removed,tenue,
predicate,removed,term2End,
predicate,removed,term2Start,
predicate,removed,term3End,
predicate,removed,term3Start,
predicate,removed,termAsMla,
predicate,removed,termEnd3.,
predicate,removed,termEnded,
predicate,removed,termEnds,
predicate,removed,termLimit,
predicate,removed,termMiddle,
predicate,removed,termOfOffice,
predicate,removed,termStar,
predicate,removed,termStarting,
predicate,removed,termStarts,
predicate,removed,termStat,
predicate,removed,termended,
predicate,removed,termends,
predicate,removed,termlimit.,
predicate,removed,termsTart,
predicate,removed,termstarted,
predicate,removed,territorialextet,
predicate,removed,texansDraft,
predicate,removed,textX,
predicate,removed,textY,
predicate,removed,tf,
predicate,removed,tfirst,
predicate,removed,theBattleOfHamptonRoads,
predicate,removed,theBestVallyballPlayer,
predicate,removed,theBodySaysThereWere21PeopleOnBoard.16Dead+5Survivors,
predicate,removed,theCompleteUniversityGuideUniversityRanking(uk)_,
predicate,removed,theEntireJ.v.,
predicate,removed,theFounder,
predicate,removed,theHardSuitMenWereThoseWhoDevelopedTheInterestInTheNextPhaseTheAfGthth,
predicate,removed,theImpact,
predicate,removed,theImpactRankings,
predicate,removed,theImpactRankingsYear,
predicate,removed,theMostRespectedPerson,
predicate,removed,theNRef,
predicate,removed,theNational,
predicate,removed,thePrincetonReviewRankingForBestCareerProspects,
predicate,removed,theTrophy,
predicate,removed,"theTrueSelfIsItselfJustThatPureConsciousness,WithoutWhichNothingCanBeKnownInAnyWay.(...)AndThatSameTrueSelf,PureConsciousness,IsNotDifferentFromTheUltimateWorldPrinciple,Brahman&nbsp;(...)Brahman(%3Cnowiki%3E_",
predicate,removed,theWRef,
predicate,removed,theWorst,
predicate,removed,theZeroHungerYear,
predicate,removed,thermalCapacity,
predicate,removed,thesAp,
predicate,removed,thesAus,
predicate,removed,thesesAdvised,
predicate,removed,thesisDate,
predicate,removed,thiamin(inMg)_,
predicate,removed,thiccness,
predicate,removed,thinkness,
predicate,removed,thirdAlt,
predicate,removed,thiruvallaTaluk,
predicate,removed,thisPlay,
predicate,removed,thisSoftwareGenre,
predicate,removed,thisYear,
predicate,removed,throwWeight,
predicate,removed,thrust(sl)_,
predicate,removed,thrust(vac)_,
predicate,removed,tiaMaria,
predicate,removed,tigersFounded,
predicate,removed,tightends,
predicate,removed,tightenheader,
predicate,removed,timeHigherEducation,
predicate,removed,timeZoneRef,
predicate,removed,timesGu,
predicate,removed,timesPlayed,
predicate,removed,timesW,
predicate,removed,timezo,
predicate,removed,timezoneLabel,
predicate,removed,tipogobernante,
predicate,removed,titansDraft,
predicate,removed,tite,
predicate,removed,title.,
predicate,removed,title1.,
predicate,removed,title7.,
predicate,removed,titleAncient,
predicate,removed,titleAwarded,
predicate,removed,titleBackgroundColor,
predicate,removed,titleDate,
predicate,removed,titleEnglish,
predicate,removed,titleFontColor,
predicate,removed,titleImage,
predicate,removed,titleOld,
predicate,removed,titleOlder,
predicate,removed,titleOldest,
predicate,removed,titleTheme,
predicate,removed,titled,
predicate,removed,titleforeground,
predicate,removed,tiếngViệt,
predicate,removed,tkoWins,
predicate,removed,tmaxJun,
predicate,removed,tmaxTue,
predicate,removed,tmayJun,
predicate,removed,tmprize,
predicate,removed,toBeFree,
predicate,removed,toDiacritic,
predicate,removed,toLeft!_,
predicate,removed,tocopherolUg,
predicate,removed,ton.%3Cnowiki%3E_,
predicate,removed,tone,
predicate,removed,tools,
predicate,removed,top10’s,
predicate,removed,top5’s,
predicate,removed,topDrinker,
predicate,removed,topGoalkicker,
predicate,removed,topLeagueScorer,
predicate,removed,topSpeed(standardNoRestrictions)_,
predicate,removed,topTestScorer,
predicate,removed,topTryer,
predicate,removed,topWorldCurlingTourRanking,
predicate,removed,toppings,
predicate,removed,torch,
predicate,removed,total%23_,
predicate,removed,totalAaaRaces,
predicate,removed,totalAreaH,
predicate,removed,totalAreasAffected,
predicate,removed,totalDamages(usd)_,
predicate,removed,totalDebt,
predicate,removed,totalEmployed,
predicate,removed,totalGdpRank,
predicate,removed,totalGoody'sDashRaces,
predicate,removed,totalHomeless,
predicate,removed,totalHouseholds,
predicate,removed,totalLegtnh,
predicate,removed,totalLenght,
predicate,removed,totalLengsth,
predicate,removed,totalLengthM,
predicate,removed,totalMeetings,
predicate,removed,totalMiles,
predicate,removed,totalMilitary,
predicate,removed,totalNo.OfHouse's,
predicate,removed,totalNo.OfPuroks,
predicate,removed,totalNoOfHousehold,
predicate,removed,totalNumberOfMissionsFlown,
predicate,removed,totalOfShipsScrapped,
predicate,removed,totalProduction,
predicate,removed,totalRidership,
predicate,removed,totalSeats%25_,
predicate,removed,totalShipsInRefit,
predicate,removed,totalSt,
predicate,removed,totalVillages,
predicate,removed,totalVoters,
predicate,removed,totalVoting,
predicate,removed,totalWards,
predicate,removed,totalWaterSupply,
predicate,removed,totalWdith,
predicate,removed,totalWeightOfSystem,
predicate,removed,totalareaKm,
predicate,removed,totalareaSqMi,
predicate,removed,totalength,
predicate,removed,touchscreen,
predicate,removed,tourDirec,
predicate,removed,tourName,
predicate,removed,tourVideo,
predicate,removed,tourismAreaTitle,
predicate,removed,touristAreaName,
predicate,removed,touristPlace,
predicate,removed,touristPlaces,
predicate,removed,tourists,
predicate,removed,tournamentParticipants,
predicate,removed,tours(points)_,
predicate,removed,town.,
predicate,removed,townCode,
predicate,removed,townName,
predicate,removed,townNickname(s)_,
predicate,removed,townPopulation,
predicate,removed,townSong,
predicate,removed,townareaChairMan,
predicate,removed,townhallAddress,
predicate,removed,villagesUnderTheLga,
predicate,removed,toyataMekongCup,
predicate,removed,tpb%23_,
predicate,removed,track(s)_,
predicate,removed,trademarks,
predicate,removed,traditionalLeaderName,
predicate,removed,traditionalMainIngredients,
predicate,removed,traditionalRule,
predicate,removed,traditionalRuler,
predicate,removed,trafficManager,
predicate,removed,trafficlevels,
predicate,removed,trainNumber(s)_,
predicate,removed,trainType,
predicate,removed,trainer(s)_,
predicate,removed,trainingCamp,
predicate,removed,trainingFacilities,
predicate,removed,trainingFacility,
predicate,removed,traininglocation,
predicate,removed,trakcs,
predicate,removed,transFatG,
predicate,removed,transistor,
predicate,removed,transistorsFrom,
predicate,removed,transistorsNostep,
predicate,removed,transistorsTo,
predicate,removed,transitCenters,
predicate,removed,transitManager,
predicate,removed,translateName,
predicate,removed,translationTamil,
predicate,removed,transliterationLanguage1Info,
predicate,removed,transmitter,
predicate,removed,transportHelicopter,
predicate,removed,transportationCoordinator,
predicate,removed,trastors,
predicate,removed,traverseDiameter,
predicate,removed,travisBrowns,
predicate,removed,tread,
predicate,removed,treasurar,
predicate,removed,treasure,
predicate,removed,treasurerGeneral,
predicate,removed,treasurers,
predicate,removed,tremennings,
predicate,removed,trench,
predicate,removed,tribalAffiliation,
predicate,removed,tribalNation,
predicate,removed,tribalauthority,
predicate,removed,tribeResiding,
predicate,removed,trieassists,
predicate,removed,trigger,
predicate,removed,triggerPull,
predicate,removed,trondheim,
predicate,removed,%3Fref,
predicate,removed,ttName,
predicate,removed,tu,
predicate,removed,tuitionAndFinancialAidFor,
predicate,removed,tumble,
predicate,removed,tumkurDistrictKunigalTalukPushpinLabelPosition,
predicate,removed,turnRadius,
predicate,removed,turnout%25_,
predicate,removed,tutle,
predicate,removed,tvChannel,
predicate,removed,tvCommentators,
predicate,removed,tvPartner,
predicate,removed,tvPartner(s)_,
predicate,removed,tvShow,
predicate,removed,tvSimulcast,
predicate,removed,tvTime,
predicate,removed,tvViewership,
predicate,removed,tvannoouncers,
predicate,removed,tvrating,
predicate,removed,twin3Country,
predicate,removed,twin4Country,
predicate,removed,twinCity,
predicate,removed,twinTowns,
predicate,removed,two(midland)_,
predicate,removed,twotopscorers,
predicate,removed,txermStart,
predicate,removed,typOfEducation,
predicate,removed,type.,
predicate,removed,typeCustom,
predicate,removed,typeOfCity,
predicate,removed,typeOfPlay,
predicate,removed,typeOfSite,
predicate,removed,typeOfUniversity,
predicate,removed,typicalFailure%25_,
predicate,removed,typicalInternationalNumberFormat(landline)_,
predicate,removed,typicalInternationalNumberFormat(mobile)_,
predicate,removed,typicalLocalNumberFormat(landline)_,
predicate,removed,typicalLocalNumberFormat(mobile)_,
predicate,removed,títol,
predicate,removed,títulotrad,
predicate,removed,türkishName,
predicate,removed,u+_,
predicate,removed,u.s.AndCanadianStandardSigns,
predicate,removed,u.s.Cities,
predicate,removed,u.s.newsW,
predicate,removed,ubicación,
predicate,removed,uccessor,
predicate,removed,udated,
predicate,removed,uefau19champApps,
predicate,removed,uefau19champFirst,
predicate,removed,uefau21champAppearences,
predicate,removed,uferort,
predicate,removed,uicClass,
predicate,removed,ukairdate,
predicate,removed,ulationTotal,
predicate,removed,ulc,
predicate,removed,ulsterGrandPrixContested,
predicate,removed,ulsterGrandPrixFirstWin,
predicate,removed,ulsterGrandPrixLastWin,
predicate,removed,ulsterGrandPrixWins,
predicate,removed,unberthed,
predicate,removed,uncertain,
predicate,removed,unclaimNatl,
predicate,removed,unclaimedNatltites,
predicate,removed,uncle,
predicate,removed,uncore,
predicate,removed,under20ChampionshipApps,
predicate,removed,undersecretaryOfState1Name,
predicate,removed,unemployed,
predicate,removed,unemploymentRateTarget,
predicate,removed,unemploymentRateTargetGuide,
predicate,removed,unesco,
predicate,removed,uniPref,
predicate,removed,uniformLogo,
predicate,removed,unincorporated,
predicate,removed,union(s)_,
predicate,removed,unionCouncilNo,
predicate,removed,unionCouncils,
predicate,removed,unionterritory,
predicate,removed,uniprotkb,
predicate,removed,regiment,
predicate,removed,university.,
predicate,removed,unmarriedPartner,
predicate,removed,unofficialLanguage,
predicate,removed,unofficialWeb,
predicate,removed,unrankedDomain,
predicate,removed,unrankedGenus,
predicate,removed,unrankedGenusAuthority,
predicate,removed,unrankedParvordo,
predicate,removed,unrankedRegnumAuthority,
predicate,removed,unrankedSubclassis,
predicate,removed,unrankedSubdivisio,
predicate,removed,unrankedSubfamilia,
predicate,removed,unrankedSubregnumAuthority,
predicate,removed,unrankedVarietas,
predicate,removed,unrestrictedBootloader,
predicate,removed,unrestrictedFreeAgents,
predicate,removed,unused,
predicate,removed,upaSarpanch,
predicate,removed,upcomingDate,
predicate,removed,upcomingElection,
predicate,removed,upcomingFestivalDates,
predicate,removed,updaron,
predicate,removed,upperSpeaker,
predicate,removed,uraniumKg,
predicate,removed,urban2021popCensus,
predicate,removed,urbanAcronym,
predicate,removed,urbanKm,
predicate,removed,urbanMaleAndFemale,
predicate,removed,urbanPlanning,
predicate,removed,urbanPopulation,
predicate,removed,urbanRoutes,
predicate,removed,urduName,
predicate,removed,urlarchivo,
predicate,removed,euCorrespondent,
predicate,removed,usMissileedBy,
predicate,removed,usNationalChampions,
predicate,removed,usNewsW,
predicate,removed,usRadio,
predicate,removed,usRadioNetwork,
predicate,removed,usa,
predicate,removed,usaCollege,
predicate,removed,usageNetworks,
predicate,removed,usageTime,
predicate,removed,usb,
predicate,removed,usbhub,
predicate,removed,useAb%25_,
predicate,removed,useEw%25_,
predicate,removed,useFr%25_,
predicate,removed,useSe%25_,
predicate,removed,useUs%25_,
predicate,removed,usedby,
predicate,removed,usnationals,
predicate,removed,usnwr(2022)_,
predicate,removed,usnwrAus,
predicate,removed,usnwrNational,
predicate,removed,usnwrNuw,
predicate,removed,usnwrWEng,
predicate,removed,usnwrWEngYear,
predicate,removed,usnwrg(partTimeMba)_,
predicate,removed,ussr,
predicate,removed,ussue,
predicate,removed,utcOffet,
predicate,removed,utcOffset1No,
predicate,removed,utlCode,
predicate,removed,uttarPardeshLegislativeCouncilLeader,
predicate,removed,uuc,
predicate,removed,uyuuuClubname,
predicate,removed,uz,
predicate,removed,v.p,
predicate,removed,v2block,
predicate,removed,v2ot,
predicate,removed,vIP,
predicate,removed,vPresident,
predicate,removed,vacantsince,
predicate,removed,"culture%22ghassulian%22,NamedAfterTheSite,IsIdenticalWithTheEntiretyOfTheLevantineChalcolithic,SoItsDatesShouldBeBasedOnAllGhassulianSites,NotJustT.Gh.ResultAStartingDateOf%22mid5m%22_",
predicate,removed,validVotes,
predicate,removed,value(preDecimal)_,
predicate,removed,value(whenDecimilised)_,
predicate,removed,"value,_",
predicate,removed,valves,
predicate,removed,varId,
predicate,removed,varients,
predicate,removed,varnaStatus,
predicate,removed,vechialRegistration,
predicate,removed,vechileRegistration,
predicate,removed,vehiclRange,
predicate,removed,vehicleCodeRange,
predicate,removed,vehicleNo.,
predicate,removed,vehiclePlate,
predicate,removed,vehicleRegistration,
predicate,removed,vehicleRegistrationNo,
predicate,removed,vehicleRegistrationPlate,
predicate,removed,venezuela,
predicate,removed,venue(s)_,
predicate,removed,verband,
predicate,removed,versionNumber,
predicate,removed,verslag,
predicate,removed,verticalAlign,
predicate,removed,verticalObs,
predicate,removed,verticalObstacle,
predicate,removed,vestedin,
predicate,removed,vgNs,
predicate,removed,vgainput,
predicate,removed,vgsSdc,
predicate,removed,vh1voguen,
predicate,removed,vh1voguew,
predicate,removed,viLatn,
predicate,removed,viceCaptain(s)_,
predicate,removed,"viceChairman,Ndmc2021PresidentBjpDelhiState",
predicate,removed,viceChairmanHoratioBobbyWillieAdministrativeManager,
predicate,removed,viceCharmain,
predicate,removed,viceCommander,
predicate,removed,viceCommanderManpower,
predicate,removed,viceCommanderNorth,
predicate,removed,viceCommanderOperations,
predicate,removed,viceCommanderSouth,
predicate,removed,viceCommanderTitle,
predicate,removed,viceGovernor,
predicate,removed,viceMayor.,
predicate,removed,vicePremierministre,
predicate,removed,vicePresident(academic)_,
predicate,removed,vicePresident(external)_,
predicate,removed,finance)_,
predicate,removed,vicePresident(studentLife)_,
predicate,removed,chairman,
predicate,removed,vicePresidentOfContent,
predicate,removed,vicePresidente,
predicate,removed,vicePrimeMinister,
predicate,removed,vicechair,
predicate,removed,vicegovernors,
predicate,removed,vicemayor,
predicate,removed,vicepresidentParty,
predicate,removed,viceprincipal,
predicate,removed,videoCamera,
predicate,removed,videoFormats,
predicate,removed,videoPlayer,
predicate,removed,videoRecording,
predicate,removed,videoSweekignal,
predicate,removed,videoeditor,
predicate,removed,videogames,
predicate,removed,vidhanSabhaLeader,
predicate,removed,vidhansabha,
predicate,removed,vidhanshabhaTotalPopulation,
predicate,removed,vietnamesePronunciation,
predicate,removed,view,
predicate,removed,viewShare,
predicate,removed,vikingsDraft,
predicate,removed,gampong,
predicate,removed,villageCode,
predicate,removed,villageCode(census2011)_,
predicate,removed,villageCouncils,
predicate,removed,villageDevelopmentCommittee,
predicate,removed,villageEstablished,
predicate,removed,villageName,
predicate,removed,villagePresident,
predicate,removed,villageSarpanch,
predicate,removed,villamosítottVonalakHossza,
predicate,removed,villian,
predicate,removed,villian(s)_,
predicate,removed,vintageWine,
predicate,removed,vipPerson,
predicate,removed,virialRadius,
predicate,removed,virtues,
predicate,removed,virusCreatedIn,
predicate,removed,visaltcolors,
predicate,removed,visayanNames,
predicate,removed,visayasDeputy,
predicate,removed,viseleader,
predicate,removed,visionName,
predicate,removed,visitingTime.,
predicate,removed,visitorCoH.c,
predicate,removed,visitorImage,
predicate,removed,visitorNcaa,
predicate,removed,visitorQtrot,
predicate,removed,visitorStats,
predicate,removed,visitorTsn,
predicate,removed,visitorot,
predicate,removed,visitorschool,
predicate,removed,visualsEditor,
predicate,removed,vitA,
predicate,removed,vitC,
predicate,removed,vitaAsbetaIu,
predicate,removed,vitaminAIu,
predicate,removed,vitb12Mg,
predicate,removed,vitb6(inMg)_,
predicate,removed,vitb6(pyridoxine)Mg,
predicate,removed,vitc(inMg)_,
predicate,removed,vitdMg,
predicate,removed,vixen,
predicate,removed,vladimirDjambazov,
predicate,removed,vn,
predicate,removed,voiceCommand,
predicate,removed,voicePresident,
predicate,removed,volcanicRegion,
predicate,removed,volumen,
predicate,removed,voteShareChange,
predicate,removed,voterTotal,
predicate,removed,votes%25_,
predicate,removed,voteys,
predicate,removed,vpRows,
predicate,removed,wLeftarm,
predicate,removed,warMinister,
predicate,removed,wardChief,
predicate,removed,wardMember,
predicate,removed,warden.,
predicate,removed,wardrobe&Makeup,
predicate,removed,warheadWeight,
predicate,removed,waring,
predicate,removed,battles,
predicate,removed,wartimeRank,
predicate,removed,washingtonCollege,
predicate,removed,washingtonDraft,
predicate,removed,wasserhoehe,
predicate,removed,waterPercentage,
predicate,removed,waterareaua,
predicate,removed,wbestandfairest,
predicate,removed,wclDivision,
predicate,removed,wcpersonalbest,
predicate,removed,wctMen'sCategory,
predicate,removed,wctWomen'sCategory,
predicate,removed,wctotalpodiums,
predicate,removed,wcwme,
predicate,removed,wcwsn,
predicate,removed,wdfEuropeCup,
predicate,removed,weakAttackingTeam,
predicate,removed,weakDefenceTeam,
predicate,removed,weakSport,
predicate,removed,weaknesses,
predicate,removed,webAddress,
predicate,removed,webAdministrator,
predicate,removed,webAdvertising,
predicate,removed,webBrowsing,
predicate,removed,webEditor,
predicate,removed,webTourism,
predicate,removed,webVisitorsPerYear,
predicate,removed,webeditor,
predicate,removed,webiste,
predicate,removed,weblink,
predicate,removed,weblog,
predicate,removed,webmaster,
predicate,removed,webometrics,
predicate,removed,webometricsW,
predicate,removed,webometricsWYear,
predicate,removed,website(s)_,
predicate,removed,website.,
predicate,removed,websiteLink,
predicate,removed,websiteRef,
predicate,removed,websitetitle,
predicate,removed,website​_,
predicate,removed,websitre,
predicate,removed,webstie,
predicate,removed,weekE,
predicate,removed,weekL,
predicate,removed,weekM,
predicate,removed,weekendEditor,
predicate,removed,weeklyRating,
predicate,removed,weight(inBattery)_,
predicate,removed,weight(lb)_,
predicate,removed,weight(st)_,
predicate,removed,"weight,Combat",
predicate,removed,"weight,Empty",
predicate,removed,weightIb,
predicate,removed,weightIbs,
predicate,removed,weightLba,
predicate,removed,weigth,
predicate,removed,welshLeagueCupFinal,
predicate,removed,wentMissing,
predicate,removed,westerncanadiann,
predicate,removed,westerncanadianw,
predicate,removed,wezbsite,
predicate,removed,wght,
predicate,removed,"which3%3FSToN,TheLeadSeemsToSuggest1Djahy",
predicate,removed,white%25_,
predicate,removed,whiteshorts,
predicate,removed,who,
predicate,removed,whoMadeTheCameos,
predicate,removed,wholesaleClothStore,
predicate,removed,wiFi,
predicate,removed,widthCm,
predicate,removed,widthTotalMi,
predicate,removed,wierzchołkiFounded,
predicate,removed,wife'sName,
predicate,removed,wife(wives)_,
predicate,removed,wife.,
predicate,removed,wifeName,
predicate,removed,wifi,
predicate,removed,wifiCustomRef,
predicate,removed,wifiModule,
predicate,removed,wiiOnly,
predicate,removed,wiith,
predicate,removed,wikipedian,
predicate,removed,wikiproject,
predicate,removed,wikispecies,
predicate,removed,windMinimumBladeTipHeight,
predicate,removed,wineriesWithinTheAva,
predicate,removed,wingTitle,
predicate,removed,wingspanFt,
predicate,removed,wingspanIn,
predicate,removed,winner(s)_,
predicate,removed,winnerOf,
predicate,removed,winningManager,
predicate,removed,winsViaKo,
predicate,removed,winterTemperature,
predicate,removed,wirter,
predicate,removed,wislick,
predicate,removed,wizardsImageUrl,
predicate,removed,wmfWorldCupApps,
predicate,removed,wmfWorldCupBest,
predicate,removed,wmfWorldCupFirst,
predicate,removed,wnitAppearance,
predicate,removed,wnitChampion,
predicate,removed,wnitFinalfour,
predicate,removed,wnitQuarterfinal,
predicate,removed,wnitRunnerup,
predicate,removed,wnitSecondround,
predicate,removed,wnitThirdround,
predicate,removed,women's1stXvCoCaptains,
predicate,removed,women'sCoach,
predicate,removed,women'sPresident,
predicate,removed,women'sTeams,
predicate,removed,womenDeputy,
predicate,removed,womenPopulation,
predicate,removed,womenYouthWing,
predicate,removed,womensAssistantCoach,
predicate,removed,womensCaptain,
predicate,removed,womensCoach,
predicate,removed,womensHeadCoach,
predicate,removed,womensTeamManager,
predicate,removed,womensYouthWing,
predicate,removed,woodtop,
predicate,removed,woonplaatscode,
predicate,removed,wordCount,
predicate,removed,workAssociations,
predicate,removed,workPlace,
predicate,removed,workUniversity,
predicate,removed,worked,
predicate,removed,workedWith,
predicate,removed,workingEditor,
predicate,removed,workingLanguage,
predicate,removed,workingPresident's,
predicate,removed,workingTitle,
predicate,removed,worldChampMostCaps(fp)_,
predicate,removed,worldChampMostCaps(gk)_,
predicate,removed,worldChampName,
predicate,removed,worldCupMostCaps(fp)_,
predicate,removed,worldCupMostCaps(gk)_,
predicate,removed,worldLeagueMostCaps(fp)_,
predicate,removed,worldLeagueMostCaps(gk)_,
predicate,removed,worldMusicAwardn,
predicate,removed,worldMusicAwardsn,
predicate,removed,worldMusicAwardw,
predicate,removed,worldTournamentApps,
predicate,removed,worldTournamentFirst,
predicate,removed,worlds(iam)_,
predicate,removed,worms,
predicate,removed,worshipCenter,
predicate,removed,worstResult,
predicate,removed,wpcaWorldChampionships,
predicate,removed,wrestlingKowin,
predicate,removed,wri,
predicate,removed,writer(s)_,
predicate,removed,writer10.,
predicate,removed,writer7.,
predicate,removed,writerInChhattisgarhi,
predicate,removed,writet,
predicate,removed,writier,
predicate,removed,writingColumn,
predicate,removed,writingCrdit,
predicate,removed,writingPredits,
predicate,removed,writingSystem,
predicate,removed,composedByAlDexterTitle,
predicate,removed,composedByCharlesCalhoun;LouWillieTurner,
predicate,removed,wrtier,
predicate,removed,wsaMostRecentChampion(s)_,
predicate,removed,wsopMoneyFinish(es)_,
predicate,removed,wtiter,
predicate,removed,wv107ehCapacity,
predicate,removed,www.greeneconomicsinstitute.org.uk,
predicate,removed,x%25_,
predicate,removed,xaxismin,
predicate,removed,xfd,
predicate,removed,xgames,
predicate,removed,xplosion,
predicate,removed,xposition,
predicate,removed,y%25_,
predicate,removed,y.EarsActive,
predicate,removed,year16end,
predicate,removed,year17end,
predicate,removed,year20start,
predicate,removed,year21end,
predicate,removed,year21start,
predicate,removed,yearIntroduced,
predicate,removed,yearOfMinting,
predicate,removed,yearOld,
predicate,removed,yearPublished,
predicate,removed,yearRear,
predicate,removed,yearRelaesed,
predicate,removed,yearRows,
predicate,removed,yearbegin,
predicate,removed,"years1,team",
predicate,removed,years437Bc,
predicate,removed,years6.,
predicate,removed,years8.,
predicate,removed,yearsAsCoach,
predicate,removed,yearsAsPlayer,
predicate,removed,yearsHeld,
predicate,removed,yearsInAaa,
predicate,removed,yearsInGoody'sDash,
predicate,removed,yearsIs,
predicate,removed,yearsOfService,
predicate,removed,yearsOld,
predicate,removed,yearsSkating,
predicate,removed,yearsWithTeam,
predicate,removed,yes%25_,
predicate,removed,yeshivaPosition,
predicate,removed,"yg,rid",
predicate,removed,yjay,
predicate,removed,youngEagles​​_,
predicate,removed,youngUniversityRankings,
predicate,removed,youngerSon,
predicate,removed,youngestFossil,
predicate,removed,youngestPlayer,
predicate,removed,youth's,
predicate,removed,youthCapt,
predicate,removed,youthCoach,
predicate,removed,youthCoachingCoOrdinator,
predicate,removed,youthPresident,
predicate,removed,youthleader,
predicate,removed,youtubeChannel,
predicate,removed,yr%3Cnowiki%3E_,
predicate,removed,yr.%3Cnowiki%3E_,
predicate,removed,yrRef,
predicate,removed,yrs,
predicate,removed,yscaletype,
predicate,removed,yusho,
predicate,removed,yuvaMorchaPresident,
predicate,removed,zErr,
predicate,removed,zandBorder,
predicate,removed,zandBoxcolour,
predicate,removed,zdb,
predicate,removed,zeissOptics,
predicate,removed,zeminRengi,
predicate,removed,zigbee,
predicate,removed,zilaParshad,
predicate,removed,zinc(inMg)_,
predicate,removed,zineEditor,
predicate,removed,zipcodePopulation,
predicate,removed,zooDirector,
predicate,removed,zooaName,
predicate,removed,zoobank,
predicate,removed,zoodivisio,
predicate,removed,zoosectioAuthority,
predicate,removed,zsKennziffer,
predicate,removed,zufluss,
predicate,removed,zählsprengel,
predicate,removed,åmliFolketparti,
predicate,removed,épouse,
predicate,removed,δημήτρηςΡοντήρηςdate,
predicate,removed,τίτλος,
predicate,removed,глава,
predicate,removed,логотип,
predicate,removed,место,
predicate,removed,основание,
predicate,removed,повлияли,
predicate,removed,подпись,
predicate,removed,ямlat2Deg,
predicate,removed,اآحتیimageCaption,
predicate,removed,السرعة,
predicate,removed,القلعةالزرقاءFounded,
predicate,removed,مستخدميه,
predicate,removed,लोकसभामतदारसंघ,
predicate,removed,विधानसभामतदारसंघ,
predicate,removed,দর্শনীয়স্থান,
predicate,removed,မြန်မာ,
predicate,removed,ევროპულისაქართველოdate,
predicate,removed,†_,
predicate,removed,お楽しみ秘蔵ビデオ+全シングルクリップ%3Cnowiki%3E_,
predicate,removed,中,
predicate,removed,君%3Cnowiki%3E_,
predicate,removed,description,
predicate,removed,identifier,
predicate,removed,publisher,
predicate,removed,subject,
predicate,removed,type,
predicate,removed,seeAlso,
predicate,removed,differentFrom,
predicate,removed,notation,
predicate,removed,depiction,
predicate,removed,familyName,
predicate,removed,givenName,
predicate,removed,homepage,
predicate,removed,logo,
predicate,removed,name,
predicate,removed,nick,
predicate,removed,page,
