node,entropy_weighted,unweighted,rank_weighted,rank_unweighted,rank_shift
Texas,38.70747505,114.33524825,1,1,0
Georgia_(U.S._state),24.23480033,70.94876124,2,2,0
Virginia,18.70709969,54.67826219,3,3,0
Kentucky,18.39269685,53.94030919,4,4,0
Missouri,17.61888100,51.64670328,5,5,0
Kansas,16.10619912,47.06047834,6,6,0
Illinois,15.64891176,45.68490974,7,7,0
North_Carolina,15.23525949,43.73671190,8,9,1
Iowa,15.19162929,44.30949987,9,8,-1
Tennessee,14.58192773,42.47589111,10,10,0
Nebraska,14.16879944,40.53884092,11,12,1
Indiana,14.12465850,41.10090833,12,11,-1
Ohio,13.40711015,38.25623873,13,14,1
Minnesota,13.36255812,38.80975094,14,13,-1
Michigan,12.62246422,36.23788913,15,16,1
Mississippi,12.60047932,36.51928181,16,15,-1
Oklahoma,11.83842612,34.22962352,17,17,0
Arkansas,11.53361311,33.31402039,18,18,0
Wisconsin,11.07640362,31.94092965,19,19,0
Pennsylvania,10.31441834,29.65339514,20,20,0
Alabama,10.20891510,28.68993244,21,21,0
Florida,10.09739484,27.81176008,22,22,0
South_Dakota,9.90443112,27.78123483,23,23,0
Louisiana,9.59997232,26.87309114,24,24,0
Colorado,9.58874772,26.87309114,25,25,0
New_York_(state),9.44775308,26.41924128,26,26,0
California,8.83895122,24.60547226,27,28,1
Montana,8.63822797,24.62625599,28,27,-1
West_Virginia,8.48586262,24.16971533,29,29,0
North_Dakota,8.18114166,23.25692489,30,30,0
South_Carolina,7.01350609,19.18450112,31,31,0
Idaho,6.70945645,18.28494551,32,33,1
Canton_of_Geneva,6.37352177,18.80407168,33,32,-1
Masovian_Voivodeship,6.35397088,17.35052828,34,34,0
Washington_(state),5.94967392,16.04285937,35,36,1
Oregon,5.59180221,15.52111294,36,37,1
Silesian_Voivodeship,5.55604651,15.29438356,37,38,1
Greater_Poland_Voivodeship,5.40384163,14.84195334,38,39,1
Lower_Silesian_Voivodeship,4.52990982,11.96911702,39,41,2
Utah,4.52634184,12.35624860,40,40,0
United_States,4.26449571,16.47229245,41,35,-6
New_Mexico,4.13628620,9.58122658,42,48,6
Iran,3.98818261,7.90328810,43,57,14
Maryland,3.83464741,10.57851226,44,42,-2
Podkarpackie_Voivodeship,3.78987064,10.16067535,45,44,-1
Guayas_Province,3.75579096,9.93218219,46,46,0
Lublin_Voivodeship,3.75168281,9.94539830,47,45,-2
Łódź_Voivodeship,3.74170924,9.89495308,48,47,-1
Canton_of_Schaffhausen,3.71384767,10.44746105,49,43,-6
Kuyavian-Pomeranian_Voivodeship,3.58974289,9.44909194,50,49,-1
Freiburg_im_Breisgau,3.56695020,7.23189027,51,61,10
Wyoming,3.52431539,8.97791745,52,52,0
Munich,3.52379247,7.60689380,53,58,5
Manabí_Province,3.45183207,9.04088050,54,50,-4
Lesser_Poland_Voivodeship,3.43781498,9.00416196,55,51,-4
Warmian-Masurian_Voivodeship,3.28593022,8.56026217,56,54,-2
West_Pomeranian_Voivodeship,3.28593022,8.56026217,57,55,-2
Pomeranian_Voivodeship,3.13409412,8.11750618,58,56,-2
New_Jersey,3.08844278,8.77046967,59,53,-6
Canton_of_Uri,2.85497934,7.48313586,60,59,-1
Alaska,2.78984338,6.77118918,61,64,3
Canton_of_Appenzell_Ausserrhoden,2.78589732,7.16693278,62,62,0
Nevada,2.69195843,6.99986200,63,63,0
Podlaskie_Voivodeship,2.57877627,6.63635872,64,65,1
Azuay_Province,2.56786560,7.25785204,65,60,-5
Sweden,2.56322455,4.66023583,66,82,16
Maine,2.55093753,6.56083127,67,66,-1
Loja_Province,2.42358400,5.88711669,68,67,-1
Arizona,2.31989085,5.57860433,69,68,-1
Schleswig-Holstein,2.29035045,5.08296750,70,75,5
Rome,2.24496675,4.89275592,71,78,7
El_Oro_Province,2.23817671,5.52776398,72,69,-3
Świętokrzyskie_Voivodeship,2.22456569,5.49405072,73,70,-3
Lubusz_Voivodeship,2.22456569,5.49405072,74,71,-3
Berlin,2.17882369,4.77971719,75,80,5
Vermont,2.17022634,5.16622133,76,73,-3
Canton_of_Valais,2.15258354,4.97968992,77,76,-1
Hanover,2.02871528,4.13277231,78,87,9
Massachusetts,2.02086729,4.75779254,79,81,2
East_Germany,1.93483953,4.03369056,80,89,9
Paraguay,1.91802645,3.29384866,81,99,18
Canton_of_Zürich,1.86852896,4.23150394,82,84,2
Switzerland,1.86673306,5.48369622,83,72,-11
Los_Ríos_Province,1.86263480,4.21369832,84,85,1
Opole_Voivodeship,1.79053788,3.85436406,85,92,7
Canton_of_Aargau,1.76382959,4.01850269,86,90,4
Germany,1.71736015,4.05614863,87,88,1
Ecuador,1.71374231,4.96678780,88,77,-11
Canton_of_Grisons,1.70608457,3.78022996,89,94,5
Canton_of_Nidwalden,1.66764666,4.20496139,90,86,-4
Chimborazo_Province,1.63401147,3.82788864,91,93,2
Canton_of_Zug,1.61307877,3.96801586,92,91,-1
New_Zealand,1.58438064,2.52126761,93,107,14
New_Hampshire,1.57522239,3.56193166,94,96,2
Vaud,1.57195115,3.44571959,95,97,2
Poland,1.45648389,5.14683204,96,74,-22
Zamora-Chinchipe_Province,1.41883199,3.04650628,97,100,3
Pichincha_Province,1.33340316,3.00516751,98,101,3
University_of_Cambridge,1.26850590,2.49916014,99,108,9
Bolívar_Province_(Ecuador),1.18371277,2.60396353,100,105,5
Royal_Netherlands_Academy_of_Arts_and_Sciences,1.13102709,2.42738448,101,109,8
Canton_of_Obwalden,1.11057137,2.56651103,102,106,4
United_Nations,1.09453852,3.38660932,103,98,-5
Cotopaxi_Province,1.07946078,2.25207696,104,112,8
Cañar_Province,1.07946078,2.25207696,105,113,8
Imbabura_Province,1.03460341,2.21158131,106,114,8
Carchi_Province,1.03460341,2.21158131,107,115,8
Cambridgeshire_Q21272276,1.03155196,4.41900610,108,83,-25
World_Bank,0.99269402,4.85437135,109,79,-30
Esmeraldas_Province,0.98224353,1.95468943,110,120,10
Canton_of_Appenzell_Innerrhoden,0.97221635,2.17576953,111,116,5
Cambridge_Q21713103,0.89163910,2.79478939,112,103,-9
Union_of_South_American_Nations,0.88686702,2.87137677,113,102,-11
Napo_Province,0.88627962,1.83018888,114,121,7
Climate_Alliance,0.88481872,2.40778591,115,110,-5
Canton_of_Basel-Landschaft,0.87178694,1.72921177,116,124,8
Giessen,0.82881194,1.36727848,117,137,20
Greater_London,0.80109492,2.66920777,118,104,-14
Cambridge,0.79258473,1.44805533,119,134,15
Canton_of_Thurgau,0.77542566,1.62574934,120,126,6
Pastaza_Province,0.73905467,1.46272802,121,133,12
Mayors_for_Peace,0.69355488,1.75145959,122,122,0
North_Dorset,0.69190480,1.74967572,123,123,0
Skåne_County,0.65821831,1.42949437,124,136,12
Informationsdienst_Wissenschaft,0.64794380,3.68489405,125,95,-30
Upper_Bavaria,0.63137162,1.58809530,126,130,4
Canton_of_Jura,0.62533998,1.22394453,127,141,14
UNESCO,0.60069557,1.62411031,128,127,-1
Galápagos_Province,0.59343393,1.11329336,129,152,23
International_Bank_for_Reconstruction_and_Development,0.58032340,2.11297967,130,118,-12
London_Borough_of_Camden,0.57418179,1.51292825,131,132,1
"geo:52.36666666666771,4.883333333333431",0.57137144,0.93528402,132,165,33
Dorset_Q21694711,0.56810080,1.66705214,133,125,-8
Canton_of_Glarus,0.56208224,1.08433260,134,155,21
South_Cambridgeshire,0.55530883,2.06096013,135,119,-16
Saxony,0.54421180,1.06768519,136,156,20
Australia,0.52028426,0.71794280,137,195,58
Canton_of_Basel-Stadt,0.51951210,0.95872033,138,161,23
OECD,0.51788661,1.35206200,139,138,-1
European_Union,0.51398221,0.95240150,140,163,23
"Rockingham_County,_Virginia",0.49940312,1.44654081,141,135,-6
Canton_of_Solothurn,0.49214469,0.92334219,142,167,25
HQ%20of%20OPCW%20in%20The%20Hague.jpg,0.49012834,1.12025309,143,149,6
International_Finance_Corporation,0.48855424,1.59994263,144,128,-16
Multilateral_Investment_Guarantee_Agency,0.48855424,1.59994263,145,129,-16
International_Development_Association,0.48197714,1.58757712,146,131,-15
Government_of_Amsterdam,0.48183141,0.90299886,147,169,22
Roma%20dall%27aereo.JPG,0.47111100,0.86849341,148,174,26
Royal_Borough_of_Kensington_and_Chelsea,0.47017759,1.32419179,149,139,-10
Bursa,0.46410033,1.06079223,150,157,7
Interpol,0.46076553,1.21276160,151,142,-9
Europe,0.45995504,0.77836187,152,188,36
Charlottenburg-Wilmersdorf,0.45513543,0.86624806,153,175,22
Santa_Elena_Province,0.45028880,0.78775842,154,185,31
Strategic_Airlift_Capability,0.44782656,2.31147421,155,111,-44
"geo:-37.820555555555856,144.96138888889004",0.44719192,0.54727009,156,259,103
"Harrisonburg,_Virginia",0.44244549,1.11422738,157,151,-6
Thuringia,0.44107254,0.89736359,158,171,13
"Montgomery_County,_Maryland",0.43759882,0.97412956,159,160,1
Paris,0.43359964,0.94829192,160,164,4
Mitte,0.42867629,0.78447053,161,186,25
Santo_Domingo_de_los_Tsáchilas_Province,0.42675400,0.70770842,162,201,39
Australia%20Group%202018.png,0.42255589,0.85892499,163,176,13
Organisation_for_the_Prohibition_of_Chemical_Weapons,0.42209280,1.14147423,164,146,-18
Council_of_Europe,0.42054823,1.10431711,165,154,-11
Heavy_Airlift_Wing,0.41984022,2.11475298,166,117,-49
Hawaii,0.41748154,0.79088558,167,184,17
International_Telecommunication_Union,0.41539087,1.12373924,168,147,-21
Universal_Postal_Union,0.41539087,1.12373924,169,148,-21
Group_on_Earth_Observations,0.41189241,1.11716184,170,150,-20
Weimar,0.40846458,0.78034924,171,187,16
Bursa_Province,0.40753287,1.05380066,172,158,-14
Pankow,0.40642273,0.70258533,173,202,29
Przemyśl_County,0.40238852,0.86926526,174,173,-1
Suwałki_County,0.39690594,0.82674600,175,180,5
MTCR.png,0.39658904,0.80012639,176,183,7
"Augusta_County,_Virginia",0.39622572,0.92397795,177,166,-11
World%20Bank%20building%20at%20Washington.jpg,0.39475836,1.20714598,178,143,-35
ITU%20logo%20blue.jpg,0.39438414,1.10517835,179,153,-26
World_Trade_Organization,0.38737443,1.01878095,180,159,-21
"geo:44.34000000000035,-85.58000000000068",0.38725685,0.73013992,181,193,12
KingsCollegeChapelWest.jpg,0.38104956,0.58036807,182,232,50
Leipzig,0.37533976,0.58071327,183,231,48
Kingdom_of_the_Netherlands,0.37529202,0.56334672,184,236,52
North_Rhine-Westphalia,0.37520580,0.63243249,185,213,28
"geo:52.20805555555597,0.12250000000000098",0.37456567,0.56028234,186,253,67
"geo:-4.050000000000081,-79.6500000000016",0.37106748,0.60990389,187,219,32
University_College_London,0.36694883,0.54602685,188,260,72
Halland_County,0.36691822,0.66672890,189,204,15
British_Isles,0.36491456,0.54195329,190,261,71
Hanover_Region,0.36382567,0.71343739,191,197,6
"geo:51,10",0.36005771,0.55857857,192,255,63
Confederation_of_Open_Access_Repositories_Q48789578,0.35661232,0.95733768,193,162,-31
German_Archaeological_Institute,0.35519784,0.53045595,194,264,70
International_Hydrographic_Organization,0.35442601,0.92110180,195,168,-27
"geo:-0.933333333333352,-78.61666666666824",0.35388795,0.51684202,196,1819,1623
"geo:-2.733333333333388,-78.8333333333349",0.35388795,0.51684202,197,1818,1621
"geo:41.89305555555589,12.482777777777878",0.35180359,0.52566319,198,643,445
"Covington,_Virginia",0.35103562,0.71171274,199,198,-1
"Richmond,_Virginia",0.35103562,0.71171274,200,199,-1
"Martinsville,_Virginia",0.35103562,0.71171274,201,200,-1
Melbourne,0.34963755,0.46737658,202,3648,3446
International_Centre_for_Settlement_of_Investment_Disputes,0.34819260,0.81458120,203,182,-21
Charlottenburg,0.34742489,0.56266959,204,237,33
International%20Finance%20Corporation%20Building.JPG,0.34684195,0.82997562,205,179,-26
"ORCID,_Inc._Q19861084",0.34443514,0.57776744,206,233,27
Dresden,0.34405128,0.52855332,207,265,58
The_Hague,0.34399470,0.51294774,208,1888,1680
Bavaria,0.34126917,0.87091019,209,172,-37
Herdern,0.34102290,0.55562886,210,256,46
Network_of_Central_Banks_and_Supervisors_for_Greening_the_Financial_System_Q72281750,0.33912024,0.71557722,211,196,-15
Australia_Group,0.33823668,0.83402940,212,178,-34
Halmstad,0.33810635,0.46192593,213,3762,3549
Halmstad_Municipality,0.33621612,0.53151904,214,263,49
ICPO-Interpol%20Lione.JPG,0.33564568,0.66542368,215,206,-9
Nuclear_Suppliers_Group,0.33553955,0.82036826,216,181,-35
Geneva,0.32888141,0.73111045,217,192,-25
Cologne_(region),0.32787258,0.49103791,218,3031,2813
Vienna,0.32785351,0.85181918,219,177,-42
Frauenfeld_District,0.32703447,0.58355469,220,228,8
European_University_Association,0.32630332,0.49606470,221,2867,2646
South_Holland,0.32467399,0.49341386,222,2933,2711
Garmisch-Partenkirchen_(district),0.31833982,0.60452877,223,223,0
Zweckverband_4IT_Q55473342,0.31317220,0.63026823,224,214,-10
Herisau.jpg,0.31227015,0.53240996,225,262,37
Baden-Württemberg,0.31192103,0.59142049,226,224,-2
CongressBuilding%20SEATO.jpg,0.31138224,0.47520315,227,3381,3154
Erzgebirgskreis,0.30964464,0.47091435,228,3544,3316
London,0.30767550,0.44328848,229,3839,3610
Andean%20Community%20%28orthographic%20projection%29.svg,0.30764890,0.42894803,230,3880,3650
EPN.%20Reunion%20APEC%202013.jpg,0.30764027,0.46294732,231,3761,3530
International_Energy_Agency,0.30679995,0.76633539,232,189,-43
Organization_for_Security_and_Co-operation_in_Europe,0.30631223,0.74177960,233,191,-42
Fourth%20Global%20Review%20of%20Aid%20for%20Trade%201691%20%289237986689%29.jpg,0.30607589,0.58298190,234,229,-5
Missile_Technology_Control_Regime,0.30601231,0.76485457,235,190,-45
"Chatham_County,_Georgia",0.30506594,0.59018029,236,226,-10
World_Bank_Group,0.30460001,1.20714598,237,144,-93
Canton_of_Bern,0.30301290,0.46766702,238,3647,3409
Ethiopian%20-%20John%20the%20Evangelist%20-%20Walters%20W850153V%20-%20Open%20Reverse.jpg,0.30275434,0.40294981,239,4024,3785
Menemen,0.30120578,0.35125332,240,4346,4106
East_Berlin,0.30064729,0.52049769,241,1506,1265
Mars%20symbol.svg,0.29764702,1.20110961,242,145,-97
Finsterwalde%20May2015%20img2%20Rathaus.jpg,0.29663730,0.33973948,243,4376,4133
"geo:-2.883333333333391,-79.00000000000158",0.29551238,0.56127828,244,252,8
Committee_for_the_Coordination_of_Statistical_Activities,0.29469524,0.65836054,245,207,-38
ESA%20logo.png,0.29412167,0.57634233,246,234,-12
Albert%20Rocas%20Selecci%C3%B3n%202013.jpg,0.29207971,0.41093672,247,3985,3738
Eurocontrol,0.28940462,0.60469848,248,222,-26
Burlöv_Municipality,0.28812349,0.47629673,249,3377,3128
Lomma_Municipality,0.28812349,0.47629673,250,3378,3128
Malmö_Municipality,0.28812349,0.47629673,251,3379,3128
Elbe-Elster,0.28635630,0.36706317,252,4271,4019
Nuclear%20suppliers%20group%20membership%20map.svg,0.28519125,0.49865651,253,2562,2309
Movement_Coordination_Centre_Europe,0.28420417,0.65249908,254,210,-44
Venus%20symbol.svg,0.28402590,0.70104701,255,203,-52
Kevin%20Dowd.jpg,0.28123307,0.31586426,256,4474,4218
Wiltshire_Q21694746,0.28115502,0.36005625,257,4319,4062
E%C3%B1e%20on%20keyboard%20-%20grey.jpg,0.28080210,0.33528344,258,4383,4125
"Bundoora,_Victoria",0.28069061,0.31172400,259,4478,4219
Asian_Development_Bank,0.28065403,0.65652309,260,208,-52
Metropolitan_City_of_Rome_Capital,0.28033650,0.58777290,261,227,-34
Account%20of%20the%20construction%20of%20Athena%20Parthenos%20by%20Phidias.jpg,0.28020599,0.32980964,262,4432,4170
Austria,0.28017688,0.65293607,263,209,-54
Stockholm_County,0.27988591,0.39825672,264,4080,3816
Spain,0.27962950,0.39676796,265,4082,3817
Ilm-Kreis,0.27949887,0.43499468,266,3877,3611
Logo%20of%20Comecon.svg,0.27884196,0.50984716,267,2187,1920
Giessen_(district),0.27881885,0.45229596,268,3781,3513
e4150194dcd84382aed3cc66782003cd,0.27861906,0.64447087,269,212,-57
Camilo_Ponce_Enríquez_Canton,0.27825214,0.56127828,270,238,-32
Chordeleg_Canton,0.27825214,0.56127828,271,239,-32
Cuenca_Canton,0.27825214,0.56127828,272,240,-32
El_Pan_Canton,0.27825214,0.56127828,273,241,-32
Girón_Canton,0.27825214,0.56127828,274,242,-32
Guachapala_Canton,0.27825214,0.56127828,275,243,-32
Gualaceo_Canton,0.27825214,0.56127828,276,244,-32
Oña_Canton,0.27825214,0.56127828,277,245,-32
Paute_Canton,0.27825214,0.56127828,278,246,-32
Pucará_Canton,0.27825214,0.56127828,279,247,-32
San_Fernando_Canton,0.27825214,0.56127828,280,248,-32
Santa_Isabel_Canton,0.27825214,0.56127828,281,249,-32
Sevilla_de_Oro_Canton,0.27825214,0.56127828,282,250,-32
Sigsig_Canton,0.27825214,0.56127828,283,251,-32
"geo:38,-85",0.27814584,0.52581363,284,642,358
"geo:31,-100",0.27802083,0.52815160,285,520,235
"geo:38.5,-92.5",0.27800042,0.52521109,286,759,473
"geo:38.500077,-98.000196",0.27794644,0.52384492,287,865,578
"geo:40,-89",0.27789976,0.52338628,288,968,680
"geo:42,-93",0.27785034,0.52290173,289,1068,779
"geo:36,-86",0.27777978,0.52221142,290,1324,1034
Sibylle%20G%C3%BCnter%20at%20W7X%20%2832476489523%29.jpg,0.27776540,0.30208787,291,4519,4228
"geo:39.93333333333413,-86.21666666666839",0.27772298,0.52165715,292,1417,1125
"geo:46,-94",0.27761994,0.52065492,293,1505,1212
"geo:33,-90",0.27750485,0.51954035,294,1589,1295
"geo:35.5,-98",0.27737547,0.51829342,295,1668,1373
"geo:34.800000000000004,-92.2",0.27731911,0.51775217,296,1744,1448
"geo:44.500088999999996,-89.500179",0.27722896,0.51688906,297,1817,1520
"geo:33,-83.5",0.27715790,0.52226202,298,1227,929
"geo:41.000082,-77.50015499999999",0.27706167,0.51529545,299,1887,1588
MagnetSchool.jpg,0.27701690,0.29963402,300,4521,4221
European_Court_of_Human_Rights,0.27670176,0.61933477,301,216,-85
"geo:47,-110",0.27659472,0.51090203,302,2130,1828
"geo:39.000078,-80.50016099999999",0.27654356,0.51042558,303,2186,1883
"geo:47.5,-100.5",0.27643583,0.50942520,304,2241,1937
"geo:35.5,-80",0.27572787,0.51093403,305,2072,1767
"geo:41.500083,-100.00019999999999",0.27545291,0.50893765,306,2335,2029
"geo:40.500081,-82.500165",0.27523125,0.50733849,307,2425,2118
"geo:43.93583,-120.575",0.27507979,0.49718279,308,2736,2428
OBE%20officer%20civil.jpg,0.27494349,0.28714718,309,4577,4268
"geo:50.33333333333434,19.00000000000038",0.27427999,0.49211121,310,3030,2720
"geo:52.33333333333438,17.23333333333368",0.27414231,0.49096379,311,3067,2756
"geo:39.500079,-111.50022299999999",0.27410937,0.48880036,312,3097,2785
Aktmodell%20-%20Muehle.jpg,0.27407337,0.28833750,313,4575,4262
"geo:32.70000000000066,-86.70000000000174",0.27396540,0.49837775,314,2631,2317
"geo:44.500088999999996,-100.00019999999999",0.27380539,0.49726543,315,2699,2384
Flag%20of%20the%20Council%20of%20Europe.svg,0.27370916,0.61933477,316,215,-101
Order%20of%20the%20British%20Empire%20in%20the%20Grade%20of%20Commander%20%28CBE%29%20-%20IMG%204974.JPG,0.27368413,0.28422509,317,4591,4274
Bundesarchiv%20Bild%20183-S97609%2C%20Berlin%2C%20Akademie%20der%20Wissenschaften.jpg,0.27366986,0.28278955,318,4593,4275
"geo:31,-92",0.27363601,0.49609284,319,2866,2547
"geo:43,-75",0.27354754,0.49548239,320,2930,2610
"geo:39,-105.5",0.27349145,0.49609284,321,2814,2493
Chaplin%20The%20Kid%20edit.jpg,0.27333462,0.28583654,322,4578,4256
"geo:37,-120",0.27316571,0.49286314,323,2992,2669
GDR-Flag%20of%20Labor.jpg,0.27313585,0.28278955,324,4592,4268
Hervorragender%20Wissenschaftler%20des%20Volkes.jpg,0.27313585,0.28278955,325,4594,4269
DDR-National-Prize.jpg,0.27313585,0.28278955,326,4595,4269
Football%20iu%201996.jpg,0.27310869,0.29104688,327,4560,4233
WKA%20World%20Championship%202012%20Munich%20444.JPG,0.27310869,0.29104688,328,4561,4233
Martin%20Koch%20World%20Cup%20Ski%20flying%20Vikersund%202011.jpg,0.27310869,0.29104688,329,4562,4233
Mondial%20Ping%20-%20Men%27s%20Singles%20-%20Round%204%20-%20Kenta%20Matsudaira-Vladimir%20Samsonov%20-%2057.jpg,0.27310869,0.29104688,330,4563,4233
Taekwondo%20Fight.jpg,0.27310869,0.29104688,331,4564,4233
Red%20dragons%20kwalificeren%20zich%20tegen%20grieken%20voor%20ek.jpg,0.27310869,0.29104688,332,4565,4233
Paolo%20Monti%20-%20Servizio%20fotografico%20-%20BEIC%206365476.jpg,0.27303794,0.28495053,333,4585,4252
Screenplaybw.jpg,0.27300629,0.28472500,334,4586,4252
DJ%20performing%20with%20Danny%20Brown%202014.jpg,0.27297693,0.28517505,335,4584,4249
Weissensee_(Berlin),0.27278582,0.38280348,336,4172,3836
"geo:-2.2000000000000175,-79.96666666666731",0.27278547,0.47470596,337,3430,3093
"geo:52.33333333333438,21.10000000000042",0.27274716,0.48518066,338,3141,2803
Airforce%20skiing%20at%20keystone%20colorado.jpg,0.27266138,0.28833750,339,4567,4228
US%20Navy%20020219-N-3995K-304%20Gold%20Medal%20Women%20BobSledders%201.jpg,0.27266138,0.28833750,340,4568,4228
SDH%203948.JPG,0.27266138,0.28833750,341,4569,4228
Petacchi%20MSR%202005.jpg,0.27266138,0.28833750,342,4570,4228
Eisstock.jpg,0.27266138,0.28833750,343,4571,4228
Canada%20Olympic%20Park%202006%20Dec%209%20-%2016.jpg,0.27266138,0.28833750,344,4572,4228
Mountain%20running.JPG,0.27266138,0.28833750,345,4573,4228
Tri%20swim%20bike%20run.jpg,0.27266138,0.28833750,346,4574,4228
"geo:51.21666666666769,22.900000000000457",0.27265117,0.47513802,347,3405,3058
Garmisch-Partenkirchen,0.27244152,0.41314773,348,3984,3636
"geo:51.60000000000103,19.416666666667055",0.27232511,0.47348885,349,3519,3170
"geo:-1.0522222222222306,-80.45055555555619",0.27225239,0.47019785,350,3567,3217
Lower_Saxony,0.27212102,0.49918058,351,2554,2203
"geo:53.06666666666773,18.483333333333704",0.27205126,0.47126913,352,3543,3191
"geo:49.850000000000996,20.26666666666707",0.27175595,0.46889740,353,3615,3262
"geo:34,-81",0.27166286,0.48279237,354,3329,2975
"geo:53.850000000001074,20.816666666667082",0.27143655,0.46635751,355,3697,3342
"geo:53.60000000000107,15.533333333333644",0.27143655,0.46635751,356,3719,3363
Mount%20Bonnell%202008.jpg,0.27136587,0.52815160,357,521,164
"geo:45,-114",0.27134123,0.48068518,358,3375,3017
"geo:54.18333333333442,18.00000000000036",0.27109000,0.46363092,359,3742,3383
"geo:28.1,-81.60000000000001",0.27088430,0.48295769,360,3281,2921
Peabody_Award,0.27081837,0.89802638,361,170,-191
"geo:39.000078,-76.7001534",0.27072038,0.48302724,362,3165,2803
UNESCO_Chair_on_Cyberspace_and_Culture_Q52488603,0.27065075,0.61016459,363,218,-145
15%2018%200030%20black%20rock.jpg,0.27054780,0.52226202,364,1228,864
"geo:45.500091,-69.00013799999999",0.27046094,0.45981703,365,3779,3414
"geo:39,-117",0.27042972,0.46315172,366,3760,3394
"geo:47.5,-120.5",0.27041007,0.47467692,367,3470,3103
"geo:51.08333333333435,16.38333333333366",0.27032573,0.46792967,368,3646,3278
"geo:38,-79",0.26955665,0.49944754,369,2553,2184
"geo:49.950000000001,22.16666666666711",0.26931074,0.46987311,370,3592,3222
Grandfather%20Mountain%20hairpins%2C%20Oct%202016%202.jpg,0.26919211,0.51093403,371,2073,1702
Yankton%20and%20the%20Meridian%20Bridge.JPG,0.26893144,0.50893765,372,2336,1964
"geo:-3.266666666666693,-79.96666666666731",0.26890314,0.44366246,373,3813,3440
Wooded%20hills%20west%20of%20Rayland.jpg,0.26872130,0.50733849,374,2426,2052
Zamość,0.26849025,0.49490524,375,2932,2557
"geo:52.183333333334375,15.33333333333364",0.26818005,0.44187144,376,3854,3478
"geo:50.750000000001016,20.76666666666708",0.26818005,0.44187144,377,3869,3492
UNESCO%20logo.svg,0.26780107,0.61016459,378,217,-161
Alabama%20Capitol%20Building.jpg,0.26752125,0.49837775,379,2632,2253
Ashokan%20Reservoir%20and%20Burroughs%20Range.jpg,0.26712512,0.49548239,380,2931,2551
GoldenGateBridge%20BakerBeach%20MC.jpg,0.26676314,0.49286314,381,2993,2612
"geo:-1.6666666666667,-78.65000000000157",0.26574248,0.42114211,382,3944,3562
Canton_of_Ticino,0.26568687,0.38487928,383,4158,3775
International_Monetary_Fund,0.26540502,0.72982571,384,194,-190
"geo:53.266773199999996,22.9333792",0.26536631,0.44688973,385,3798,3413
Ravenel%20Bridge%20at%20night%20from%20Mt%20Pleasant.jpg,0.26533841,0.48279237,386,3330,2944
"geo:43.000085999999996,-107.500215",0.26521800,0.44350884,387,3837,3450
Heuchelheim,0.26512777,0.36322942,388,4303,3915
Snake02.jpg,0.26503350,0.48068518,389,3376,2987
Torreya%20Park%20Bluffs02.jpg,0.26460033,0.48295769,390,3282,2892
Deep%20Creek%20Lake%20Maryland%20Panoramic%20View.jpg,0.26444493,0.48302724,391,3166,2775
View%20of%20Puget%20Sound%20from%20Harborview%20Park.jpg,0.26415074,0.47467692,392,3471,3079
"geo:40.00008,-74.500149",0.26413810,0.47412605,393,3494,3101
World%20Trade%20Organization%20%28logo%20and%20wordmark%29.svg,0.26395071,0.58298190,394,230,-164
Netherlands,0.26371065,0.39767441,395,4081,3686
"geo:-0.250000000000005,-78.5833333333349",0.26333927,0.40543924,396,4023,3627
"Adair_County,_Kentucky",0.26294556,0.52581363,397,522,125
"Allen_County,_Kentucky",0.26294556,0.52581363,398,523,125
"Anderson_County,_Kentucky",0.26294556,0.52581363,399,524,125
"Ballard_County,_Kentucky",0.26294556,0.52581363,400,525,125
"Barren_County,_Kentucky",0.26294556,0.52581363,401,526,125
"Bath_County,_Kentucky",0.26294556,0.52581363,402,527,125
"Bell_County,_Kentucky",0.26294556,0.52581363,403,528,125
"Boone_County,_Kentucky",0.26294556,0.52581363,404,529,125
"Bourbon_County,_Kentucky",0.26294556,0.52581363,405,530,125
"Boyd_County,_Kentucky",0.26294556,0.52581363,406,531,125
"Boyle_County,_Kentucky",0.26294556,0.52581363,407,532,125
"Bracken_County,_Kentucky",0.26294556,0.52581363,408,533,125
"Breathitt_County,_Kentucky",0.26294556,0.52581363,409,534,125
"Breckinridge_County,_Kentucky",0.26294556,0.52581363,410,535,125
"Bullitt_County,_Kentucky",0.26294556,0.52581363,411,536,125
"Butler_County,_Kentucky",0.26294556,0.52581363,412,537,125
"Caldwell_County,_Kentucky",0.26294556,0.52581363,413,538,125
"Calloway_County,_Kentucky",0.26294556,0.52581363,414,539,125
"Campbell_County,_Kentucky",0.26294556,0.52581363,415,540,125
"Carlisle_County,_Kentucky",0.26294556,0.52581363,416,541,125
"Carroll_County,_Kentucky",0.26294556,0.52581363,417,542,125
"Carter_County,_Kentucky",0.26294556,0.52581363,418,543,125
"Casey_County,_Kentucky",0.26294556,0.52581363,419,544,125
"Christian_County,_Kentucky",0.26294556,0.52581363,420,545,125
"Clark_County,_Kentucky",0.26294556,0.52581363,421,546,125
"Clay_County,_Kentucky",0.26294556,0.52581363,422,547,125
"Clinton_County,_Kentucky",0.26294556,0.52581363,423,548,125
"Crittenden_County,_Kentucky",0.26294556,0.52581363,424,549,125
"Cumberland_County,_Kentucky",0.26294556,0.52581363,425,550,125
"Daviess_County,_Kentucky",0.26294556,0.52581363,426,551,125
"Edmonson_County,_Kentucky",0.26294556,0.52581363,427,552,125
"Elliott_County,_Kentucky",0.26294556,0.52581363,428,553,125
"Estill_County,_Kentucky",0.26294556,0.52581363,429,554,125
"Fayette_County,_Kentucky",0.26294556,0.52581363,430,555,125
"Fleming_County,_Kentucky",0.26294556,0.52581363,431,556,125
"Floyd_County,_Kentucky",0.26294556,0.52581363,432,557,125
"Franklin_County,_Kentucky",0.26294556,0.52581363,433,558,125
"Fulton_County,_Kentucky",0.26294556,0.52581363,434,559,125
"Gallatin_County,_Kentucky",0.26294556,0.52581363,435,560,125
"Garrard_County,_Kentucky",0.26294556,0.52581363,436,561,125
"Grant_County,_Kentucky",0.26294556,0.52581363,437,562,125
"Graves_County,_Kentucky",0.26294556,0.52581363,438,563,125
"Grayson_County,_Kentucky",0.26294556,0.52581363,439,564,125
"Green_County,_Kentucky",0.26294556,0.52581363,440,565,125
"Greenup_County,_Kentucky",0.26294556,0.52581363,441,566,125
"Hancock_County,_Kentucky",0.26294556,0.52581363,442,567,125
"Hardin_County,_Kentucky",0.26294556,0.52581363,443,568,125
"Harlan_County,_Kentucky",0.26294556,0.52581363,444,569,125
"Harrison_County,_Kentucky",0.26294556,0.52581363,445,570,125
"Hart_County,_Kentucky",0.26294556,0.52581363,446,571,125
"Henderson_County,_Kentucky",0.26294556,0.52581363,447,572,125
"Henry_County,_Kentucky",0.26294556,0.52581363,448,573,125
"Hickman_County,_Kentucky",0.26294556,0.52581363,449,574,125
"Hopkins_County,_Kentucky",0.26294556,0.52581363,450,575,125
"Jackson_County,_Kentucky",0.26294556,0.52581363,451,576,125
"Jefferson_County,_Kentucky",0.26294556,0.52581363,452,577,125
"Jessamine_County,_Kentucky",0.26294556,0.52581363,453,578,125
"Johnson_County,_Kentucky",0.26294556,0.52581363,454,579,125
"Kenton_County,_Kentucky",0.26294556,0.52581363,455,580,125
"Knott_County,_Kentucky",0.26294556,0.52581363,456,581,125
"Knox_County,_Kentucky",0.26294556,0.52581363,457,582,125
"LaRue_County,_Kentucky",0.26294556,0.52581363,458,583,125
"Laurel_County,_Kentucky",0.26294556,0.52581363,459,584,125
"Lawrence_County,_Kentucky",0.26294556,0.52581363,460,585,125
"Lee_County,_Kentucky",0.26294556,0.52581363,461,586,125
"Leslie_County,_Kentucky",0.26294556,0.52581363,462,587,125
"Letcher_County,_Kentucky",0.26294556,0.52581363,463,588,125
"Lewis_County,_Kentucky",0.26294556,0.52581363,464,589,125
"Lincoln_County,_Kentucky",0.26294556,0.52581363,465,590,125
"Livingston_County,_Kentucky",0.26294556,0.52581363,466,591,125
"Logan_County,_Kentucky",0.26294556,0.52581363,467,592,125
"Lyon_County,_Kentucky",0.26294556,0.52581363,468,593,125
"Madison_County,_Kentucky",0.26294556,0.52581363,469,594,125
"Magoffin_County,_Kentucky",0.26294556,0.52581363,470,595,125
"Marion_County,_Kentucky",0.26294556,0.52581363,471,596,125
"Marshall_County,_Kentucky",0.26294556,0.52581363,472,597,125
"Martin_County,_Kentucky",0.26294556,0.52581363,473,598,125
"Mason_County,_Kentucky",0.26294556,0.52581363,474,599,125
"McCracken_County,_Kentucky",0.26294556,0.52581363,475,600,125
"McCreary_County,_Kentucky",0.26294556,0.52581363,476,601,125
"McLean_County,_Kentucky",0.26294556,0.52581363,477,602,125
"Meade_County,_Kentucky",0.26294556,0.52581363,478,603,125
"Menifee_County,_Kentucky",0.26294556,0.52581363,479,604,125
"Mercer_County,_Kentucky",0.26294556,0.52581363,480,605,125
"Metcalfe_County,_Kentucky",0.26294556,0.52581363,481,606,125
"Monroe_County,_Kentucky",0.26294556,0.52581363,482,607,125
"Montgomery_County,_Kentucky",0.26294556,0.52581363,483,608,125
"Morgan_County,_Kentucky",0.26294556,0.52581363,484,609,125
"Muhlenberg_County,_Kentucky",0.26294556,0.52581363,485,610,125
"Nelson_County,_Kentucky",0.26294556,0.52581363,486,611,125
"Nicholas_County,_Kentucky",0.26294556,0.52581363,487,612,125
"Ohio_County,_Kentucky",0.26294556,0.52581363,488,613,125
"Oldham_County,_Kentucky",0.26294556,0.52581363,489,614,125
"Owen_County,_Kentucky",0.26294556,0.52581363,490,615,125
"Owsley_County,_Kentucky",0.26294556,0.52581363,491,616,125
"Pendleton_County,_Kentucky",0.26294556,0.52581363,492,617,125
"Perry_County,_Kentucky",0.26294556,0.52581363,493,618,125
"Pike_County,_Kentucky",0.26294556,0.52581363,494,619,125
"Powell_County,_Kentucky",0.26294556,0.52581363,495,620,125
"Pulaski_County,_Kentucky",0.26294556,0.52581363,496,621,125
"Robertson_County,_Kentucky",0.26294556,0.52581363,497,622,125
"Rockcastle_County,_Kentucky",0.26294556,0.52581363,498,623,125
"Rowan_County,_Kentucky",0.26294556,0.52581363,499,624,125
"Russell_County,_Kentucky",0.26294556,0.52581363,500,625,125
"Scott_County,_Kentucky",0.26294556,0.52581363,501,626,125
"Shelby_County,_Kentucky",0.26294556,0.52581363,502,627,125
"Simpson_County,_Kentucky",0.26294556,0.52581363,503,628,125
"Spencer_County,_Kentucky",0.26294556,0.52581363,504,629,125
"Taylor_County,_Kentucky",0.26294556,0.52581363,505,630,125
"Todd_County,_Kentucky",0.26294556,0.52581363,506,631,125
"Trigg_County,_Kentucky",0.26294556,0.52581363,507,632,125
"Trimble_County,_Kentucky",0.26294556,0.52581363,508,633,125
"Union_County,_Kentucky",0.26294556,0.52581363,509,634,125
"Warren_County,_Kentucky",0.26294556,0.52581363,510,635,125
"Washington_County,_Kentucky",0.26294556,0.52581363,511,636,125
"Wayne_County,_Kentucky",0.26294556,0.52581363,512,637,125
"Webster_County,_Kentucky",0.26294556,0.52581363,513,638,125
"Whitley_County,_Kentucky",0.26294556,0.52581363,514,639,125
"Wolfe_County,_Kentucky",0.26294556,0.52581363,515,640,125
"Woodford_County,_Kentucky",0.26294556,0.52581363,516,641,125
"geo:46.316666666667594,8.816666666666842",0.26291692,0.31357369,517,4475,3958
"geo:46.217999922000004,6.165999907200001",0.26286445,0.48298877,518,3211,2693
"Anderson_County,_Texas",0.26283538,0.52815160,519,266,-253
"Andrews_County,_Texas",0.26283538,0.52815160,520,267,-253
"Angelina_County,_Texas",0.26283538,0.52815160,521,268,-253
"Aransas_County,_Texas",0.26283538,0.52815160,522,269,-253
"Archer_County,_Texas",0.26283538,0.52815160,523,270,-253
"Armstrong_County,_Texas",0.26283538,0.52815160,524,271,-253
"Atascosa_County,_Texas",0.26283538,0.52815160,525,272,-253
"Austin_County,_Texas",0.26283538,0.52815160,526,273,-253
"Bailey_County,_Texas",0.26283538,0.52815160,527,274,-253
"Bandera_County,_Texas",0.26283538,0.52815160,528,275,-253
"Bastrop_County,_Texas",0.26283538,0.52815160,529,276,-253
"Baylor_County,_Texas",0.26283538,0.52815160,530,277,-253
"Bee_County,_Texas",0.26283538,0.52815160,531,278,-253
"Bell_County,_Texas",0.26283538,0.52815160,532,279,-253
"Bexar_County,_Texas",0.26283538,0.52815160,533,280,-253
"Blanco_County,_Texas",0.26283538,0.52815160,534,281,-253
"Borden_County,_Texas",0.26283538,0.52815160,535,282,-253
"Bosque_County,_Texas",0.26283538,0.52815160,536,283,-253
"Bowie_County,_Texas",0.26283538,0.52815160,537,284,-253
"Brazoria_County,_Texas",0.26283538,0.52815160,538,285,-253
"Brazos_County,_Texas",0.26283538,0.52815160,539,286,-253
"Brewster_County,_Texas",0.26283538,0.52815160,540,287,-253
"Briscoe_County,_Texas",0.26283538,0.52815160,541,288,-253
"Brooks_County,_Texas",0.26283538,0.52815160,542,289,-253
"Brown_County,_Texas",0.26283538,0.52815160,543,290,-253
"Burleson_County,_Texas",0.26283538,0.52815160,544,291,-253
"Burnet_County,_Texas",0.26283538,0.52815160,545,292,-253
"Caldwell_County,_Texas",0.26283538,0.52815160,546,293,-253
"Calhoun_County,_Texas",0.26283538,0.52815160,547,294,-253
"Callahan_County,_Texas",0.26283538,0.52815160,548,295,-253
"Cameron_County,_Texas",0.26283538,0.52815160,549,296,-253
"Camp_County,_Texas",0.26283538,0.52815160,550,297,-253
"Carson_County,_Texas",0.26283538,0.52815160,551,298,-253
"Cass_County,_Texas",0.26283538,0.52815160,552,299,-253
"Castro_County,_Texas",0.26283538,0.52815160,553,300,-253
"Chambers_County,_Texas",0.26283538,0.52815160,554,301,-253
"Cherokee_County,_Texas",0.26283538,0.52815160,555,302,-253
"Childress_County,_Texas",0.26283538,0.52815160,556,303,-253
"Clay_County,_Texas",0.26283538,0.52815160,557,304,-253
"Cochran_County,_Texas",0.26283538,0.52815160,558,305,-253
"Coke_County,_Texas",0.26283538,0.52815160,559,306,-253
"Coleman_County,_Texas",0.26283538,0.52815160,560,307,-253
"Collin_County,_Texas",0.26283538,0.52815160,561,308,-253
"Collingsworth_County,_Texas",0.26283538,0.52815160,562,309,-253
"Colorado_County,_Texas",0.26283538,0.52815160,563,310,-253
"Comal_County,_Texas",0.26283538,0.52815160,564,311,-253
"Comanche_County,_Texas",0.26283538,0.52815160,565,312,-253
"Concho_County,_Texas",0.26283538,0.52815160,566,313,-253
"Cooke_County,_Texas",0.26283538,0.52815160,567,314,-253
"Coryell_County,_Texas",0.26283538,0.52815160,568,315,-253
"Cottle_County,_Texas",0.26283538,0.52815160,569,316,-253
"Crane_County,_Texas",0.26283538,0.52815160,570,317,-253
"Crockett_County,_Texas",0.26283538,0.52815160,571,318,-253
"Crosby_County,_Texas",0.26283538,0.52815160,572,319,-253
"Culberson_County,_Texas",0.26283538,0.52815160,573,320,-253
"Dallam_County,_Texas",0.26283538,0.52815160,574,321,-253
"Dallas_County,_Texas",0.26283538,0.52815160,575,322,-253
"Dawson_County,_Texas",0.26283538,0.52815160,576,323,-253
"DeWitt_County,_Texas",0.26283538,0.52815160,577,324,-253
"Deaf_Smith_County,_Texas",0.26283538,0.52815160,578,325,-253
"Delta_County,_Texas",0.26283538,0.52815160,579,326,-253
"Denton_County,_Texas",0.26283538,0.52815160,580,327,-253
"Dickens_County,_Texas",0.26283538,0.52815160,581,328,-253
"Dimmit_County,_Texas",0.26283538,0.52815160,582,329,-253
"Donley_County,_Texas",0.26283538,0.52815160,583,330,-253
"Duval_County,_Texas",0.26283538,0.52815160,584,331,-253
"Eastland_County,_Texas",0.26283538,0.52815160,585,332,-253
"Ector_County,_Texas",0.26283538,0.52815160,586,333,-253
"Edwards_County,_Texas",0.26283538,0.52815160,587,334,-253
"El_Paso_County,_Texas",0.26283538,0.52815160,588,335,-253
"Ellis_County,_Texas",0.26283538,0.52815160,589,336,-253
"Erath_County,_Texas",0.26283538,0.52815160,590,337,-253
"Falls_County,_Texas",0.26283538,0.52815160,591,338,-253
"Fannin_County,_Texas",0.26283538,0.52815160,592,339,-253
"Fayette_County,_Texas",0.26283538,0.52815160,593,340,-253
"Fisher_County,_Texas",0.26283538,0.52815160,594,341,-253
"Floyd_County,_Texas",0.26283538,0.52815160,595,342,-253
"Foard_County,_Texas",0.26283538,0.52815160,596,343,-253
"Fort_Bend_County,_Texas",0.26283538,0.52815160,597,344,-253
"Franklin_County,_Texas",0.26283538,0.52815160,598,345,-253
"Freestone_County,_Texas",0.26283538,0.52815160,599,346,-253
"Frio_County,_Texas",0.26283538,0.52815160,600,347,-253
"Gaines_County,_Texas",0.26283538,0.52815160,601,348,-253
"Galveston_County,_Texas",0.26283538,0.52815160,602,349,-253
"Garza_County,_Texas",0.26283538,0.52815160,603,350,-253
"Gillespie_County,_Texas",0.26283538,0.52815160,604,351,-253
"Glasscock_County,_Texas",0.26283538,0.52815160,605,352,-253
"Goliad_County,_Texas",0.26283538,0.52815160,606,353,-253
"Gonzales_County,_Texas",0.26283538,0.52815160,607,354,-253
"Gray_County,_Texas",0.26283538,0.52815160,608,355,-253
"Grayson_County,_Texas",0.26283538,0.52815160,609,356,-253
"Gregg_County,_Texas",0.26283538,0.52815160,610,357,-253
"Grimes_County,_Texas",0.26283538,0.52815160,611,358,-253
"Guadalupe_County,_Texas",0.26283538,0.52815160,612,359,-253
"Hale_County,_Texas",0.26283538,0.52815160,613,360,-253
"Hall_County,_Texas",0.26283538,0.52815160,614,361,-253
"Hamilton_County,_Texas",0.26283538,0.52815160,615,362,-253
"Hansford_County,_Texas",0.26283538,0.52815160,616,363,-253
"Hardeman_County,_Texas",0.26283538,0.52815160,617,364,-253
"Hardin_County,_Texas",0.26283538,0.52815160,618,365,-253
"Harris_County,_Texas",0.26283538,0.52815160,619,366,-253
"Harrison_County,_Texas",0.26283538,0.52815160,620,367,-253
"Hartley_County,_Texas",0.26283538,0.52815160,621,368,-253
"Haskell_County,_Texas",0.26283538,0.52815160,622,369,-253
"Hays_County,_Texas",0.26283538,0.52815160,623,370,-253
"Hemphill_County,_Texas",0.26283538,0.52815160,624,371,-253
"Henderson_County,_Texas",0.26283538,0.52815160,625,372,-253
"Hidalgo_County,_Texas",0.26283538,0.52815160,626,373,-253
"Hill_County,_Texas",0.26283538,0.52815160,627,374,-253
"Hockley_County,_Texas",0.26283538,0.52815160,628,375,-253
"Hood_County,_Texas",0.26283538,0.52815160,629,376,-253
"Hopkins_County,_Texas",0.26283538,0.52815160,630,377,-253
"Houston_County,_Texas",0.26283538,0.52815160,631,378,-253
"Howard_County,_Texas",0.26283538,0.52815160,632,379,-253
"Hudspeth_County,_Texas",0.26283538,0.52815160,633,380,-253
"Hunt_County,_Texas",0.26283538,0.52815160,634,381,-253
"Hutchinson_County,_Texas",0.26283538,0.52815160,635,382,-253
"Irion_County,_Texas",0.26283538,0.52815160,636,383,-253
"Jack_County,_Texas",0.26283538,0.52815160,637,384,-253
"Jackson_County,_Texas",0.26283538,0.52815160,638,385,-253
"Jasper_County,_Texas",0.26283538,0.52815160,639,386,-253
"Jeff_Davis_County,_Texas",0.26283538,0.52815160,640,387,-253
"Jefferson_County,_Texas",0.26283538,0.52815160,641,388,-253
"Jim_Hogg_County,_Texas",0.26283538,0.52815160,642,389,-253
"Jim_Wells_County,_Texas",0.26283538,0.52815160,643,390,-253
"Johnson_County,_Texas",0.26283538,0.52815160,644,391,-253
"Jones_County,_Texas",0.26283538,0.52815160,645,392,-253
"Karnes_County,_Texas",0.26283538,0.52815160,646,393,-253
"Kaufman_County,_Texas",0.26283538,0.52815160,647,394,-253
"Kendall_County,_Texas",0.26283538,0.52815160,648,395,-253
"Kenedy_County,_Texas",0.26283538,0.52815160,649,396,-253
"Kent_County,_Texas",0.26283538,0.52815160,650,397,-253
"Kerr_County,_Texas",0.26283538,0.52815160,651,398,-253
"Kimble_County,_Texas",0.26283538,0.52815160,652,399,-253
"King_County,_Texas",0.26283538,0.52815160,653,400,-253
"Kinney_County,_Texas",0.26283538,0.52815160,654,401,-253
"Kleberg_County,_Texas",0.26283538,0.52815160,655,402,-253
"Knox_County,_Texas",0.26283538,0.52815160,656,403,-253
"La_Salle_County,_Texas",0.26283538,0.52815160,657,404,-253
"Lamar_County,_Texas",0.26283538,0.52815160,658,405,-253
"Lamb_County,_Texas",0.26283538,0.52815160,659,406,-253
"Lampasas_County,_Texas",0.26283538,0.52815160,660,407,-253
"Lavaca_County,_Texas",0.26283538,0.52815160,661,408,-253
"Lee_County,_Texas",0.26283538,0.52815160,662,409,-253
"Leon_County,_Texas",0.26283538,0.52815160,663,410,-253
"Liberty_County,_Texas",0.26283538,0.52815160,664,411,-253
"Limestone_County,_Texas",0.26283538,0.52815160,665,412,-253
"Lipscomb_County,_Texas",0.26283538,0.52815160,666,413,-253
"Live_Oak_County,_Texas",0.26283538,0.52815160,667,414,-253
"Llano_County,_Texas",0.26283538,0.52815160,668,415,-253
"Loving_County,_Texas",0.26283538,0.52815160,669,416,-253
"Lubbock_County,_Texas",0.26283538,0.52815160,670,417,-253
"Lynn_County,_Texas",0.26283538,0.52815160,671,418,-253
"Madison_County,_Texas",0.26283538,0.52815160,672,419,-253
"Marion_County,_Texas",0.26283538,0.52815160,673,420,-253
"Martin_County,_Texas",0.26283538,0.52815160,674,421,-253
"Mason_County,_Texas",0.26283538,0.52815160,675,422,-253
"Matagorda_County,_Texas",0.26283538,0.52815160,676,423,-253
"Maverick_County,_Texas",0.26283538,0.52815160,677,424,-253
"McCulloch_County,_Texas",0.26283538,0.52815160,678,425,-253
"McLennan_County,_Texas",0.26283538,0.52815160,679,426,-253
"McMullen_County,_Texas",0.26283538,0.52815160,680,427,-253
"Medina_County,_Texas",0.26283538,0.52815160,681,428,-253
"Menard_County,_Texas",0.26283538,0.52815160,682,429,-253
"Midland_County,_Texas",0.26283538,0.52815160,683,430,-253
"Milam_County,_Texas",0.26283538,0.52815160,684,431,-253
"Mills_County,_Texas",0.26283538,0.52815160,685,432,-253
"Mitchell_County,_Texas",0.26283538,0.52815160,686,433,-253
"Montague_County,_Texas",0.26283538,0.52815160,687,434,-253
"Montgomery_County,_Texas",0.26283538,0.52815160,688,435,-253
"Moore_County,_Texas",0.26283538,0.52815160,689,436,-253
"Morris_County,_Texas",0.26283538,0.52815160,690,437,-253
"Motley_County,_Texas",0.26283538,0.52815160,691,438,-253
"Nacogdoches_County,_Texas",0.26283538,0.52815160,692,439,-253
"Navarro_County,_Texas",0.26283538,0.52815160,693,440,-253
"Newton_County,_Texas",0.26283538,0.52815160,694,441,-253
"Nolan_County,_Texas",0.26283538,0.52815160,695,442,-253
"Nueces_County,_Texas",0.26283538,0.52815160,696,443,-253
"Ochiltree_County,_Texas",0.26283538,0.52815160,697,444,-253
"Oldham_County,_Texas",0.26283538,0.52815160,698,445,-253
"Orange_County,_Texas",0.26283538,0.52815160,699,446,-253
"Palo_Pinto_County,_Texas",0.26283538,0.52815160,700,447,-253
"Panola_County,_Texas",0.26283538,0.52815160,701,448,-253
"Parker_County,_Texas",0.26283538,0.52815160,702,449,-253
"Parmer_County,_Texas",0.26283538,0.52815160,703,450,-253
"Pecos_County,_Texas",0.26283538,0.52815160,704,451,-253
"Polk_County,_Texas",0.26283538,0.52815160,705,452,-253
"Potter_County,_Texas",0.26283538,0.52815160,706,453,-253
"Presidio_County,_Texas",0.26283538,0.52815160,707,454,-253
"Rains_County,_Texas",0.26283538,0.52815160,708,455,-253
"Randall_County,_Texas",0.26283538,0.52815160,709,456,-253
"Reagan_County,_Texas",0.26283538,0.52815160,710,457,-253
"Real_County,_Texas",0.26283538,0.52815160,711,458,-253
"Red_River_County,_Texas",0.26283538,0.52815160,712,459,-253
"Reeves_County,_Texas",0.26283538,0.52815160,713,460,-253
"Refugio_County,_Texas",0.26283538,0.52815160,714,461,-253
"Roberts_County,_Texas",0.26283538,0.52815160,715,462,-253
"Robertson_County,_Texas",0.26283538,0.52815160,716,463,-253
"Rockwall_County,_Texas",0.26283538,0.52815160,717,464,-253
"Runnels_County,_Texas",0.26283538,0.52815160,718,465,-253
"Rusk_County,_Texas",0.26283538,0.52815160,719,466,-253
"Sabine_County,_Texas",0.26283538,0.52815160,720,467,-253
"San_Augustine_County,_Texas",0.26283538,0.52815160,721,468,-253
"San_Jacinto_County,_Texas",0.26283538,0.52815160,722,469,-253
"San_Patricio_County,_Texas",0.26283538,0.52815160,723,470,-253
"San_Saba_County,_Texas",0.26283538,0.52815160,724,471,-253
"Schleicher_County,_Texas",0.26283538,0.52815160,725,472,-253
"Scurry_County,_Texas",0.26283538,0.52815160,726,473,-253
"Shackelford_County,_Texas",0.26283538,0.52815160,727,474,-253
"Shelby_County,_Texas",0.26283538,0.52815160,728,475,-253
"Sherman_County,_Texas",0.26283538,0.52815160,729,476,-253
"Smith_County,_Texas",0.26283538,0.52815160,730,477,-253
"Somervell_County,_Texas",0.26283538,0.52815160,731,478,-253
"Starr_County,_Texas",0.26283538,0.52815160,732,479,-253
"Stephens_County,_Texas",0.26283538,0.52815160,733,480,-253
"Sterling_County,_Texas",0.26283538,0.52815160,734,481,-253
"Stonewall_County,_Texas",0.26283538,0.52815160,735,482,-253
"Sutton_County,_Texas",0.26283538,0.52815160,736,483,-253
"Swisher_County,_Texas",0.26283538,0.52815160,737,484,-253
"Tarrant_County,_Texas",0.26283538,0.52815160,738,485,-253
"Taylor_County,_Texas",0.26283538,0.52815160,739,486,-253
"Terrell_County,_Texas",0.26283538,0.52815160,740,487,-253
"Terry_County,_Texas",0.26283538,0.52815160,741,488,-253
"Throckmorton_County,_Texas",0.26283538,0.52815160,742,489,-253
"Titus_County,_Texas",0.26283538,0.52815160,743,490,-253
"Tom_Green_County,_Texas",0.26283538,0.52815160,744,491,-253
"Travis_County,_Texas",0.26283538,0.52815160,745,492,-253
"Trinity_County,_Texas",0.26283538,0.52815160,746,493,-253
"Tyler_County,_Texas",0.26283538,0.52815160,747,494,-253
"Upshur_County,_Texas",0.26283538,0.52815160,748,495,-253
"Upton_County,_Texas",0.26283538,0.52815160,749,496,-253
"Uvalde_County,_Texas",0.26283538,0.52815160,750,497,-253
"Val_Verde_County,_Texas",0.26283538,0.52815160,751,498,-253
"Van_Zandt_County,_Texas",0.26283538,0.52815160,752,499,-253
"Victoria_County,_Texas",0.26283538,0.52815160,753,500,-253
"Walker_County,_Texas",0.26283538,0.52815160,754,501,-253
"Waller_County,_Texas",0.26283538,0.52815160,755,502,-253
"Ward_County,_Texas",0.26283538,0.52815160,756,503,-253
"Washington_County,_Texas",0.26283538,0.52815160,757,504,-253
"Webb_County,_Texas",0.26283538,0.52815160,758,505,-253
"Wharton_County,_Texas",0.26283538,0.52815160,759,506,-253
"Wheeler_County,_Texas",0.26283538,0.52815160,760,507,-253
"Wichita_County,_Texas",0.26283538,0.52815160,761,508,-253
"Wilbarger_County,_Texas",0.26283538,0.52815160,762,509,-253
"Willacy_County,_Texas",0.26283538,0.52815160,763,510,-253
"Williamson_County,_Texas",0.26283538,0.52815160,764,511,-253
"Wilson_County,_Texas",0.26283538,0.52815160,765,512,-253
"Winkler_County,_Texas",0.26283538,0.52815160,766,513,-253
"Wise_County,_Texas",0.26283538,0.52815160,767,514,-253
"Wood_County,_Texas",0.26283538,0.52815160,768,515,-253
"Yoakum_County,_Texas",0.26283538,0.52815160,769,516,-253
"Young_County,_Texas",0.26283538,0.52815160,770,517,-253
"Zapata_County,_Texas",0.26283538,0.52815160,771,518,-253
"Zavala_County,_Texas",0.26283538,0.52815160,772,519,-253
"Adair_County,_Missouri",0.26281739,0.52521109,773,644,-129
"Andrew_County,_Missouri",0.26281739,0.52521109,774,645,-129
"Atchison_County,_Missouri",0.26281739,0.52521109,775,646,-129
"Audrain_County,_Missouri",0.26281739,0.52521109,776,647,-129
"Barry_County,_Missouri",0.26281739,0.52521109,777,648,-129
"Barton_County,_Missouri",0.26281739,0.52521109,778,649,-129
"Bates_County,_Missouri",0.26281739,0.52521109,779,650,-129
"Benton_County,_Missouri",0.26281739,0.52521109,780,651,-129
"Bollinger_County,_Missouri",0.26281739,0.52521109,781,652,-129
"Boone_County,_Missouri",0.26281739,0.52521109,782,653,-129
"Buchanan_County,_Missouri",0.26281739,0.52521109,783,654,-129
"Butler_County,_Missouri",0.26281739,0.52521109,784,655,-129
"Caldwell_County,_Missouri",0.26281739,0.52521109,785,656,-129
"Callaway_County,_Missouri",0.26281739,0.52521109,786,657,-129
"Camden_County,_Missouri",0.26281739,0.52521109,787,658,-129
"Cape_Girardeau_County,_Missouri",0.26281739,0.52521109,788,659,-129
"Carroll_County,_Missouri",0.26281739,0.52521109,789,660,-129
"Carter_County,_Missouri",0.26281739,0.52521109,790,661,-129
"Cass_County,_Missouri",0.26281739,0.52521109,791,662,-129
"Cedar_County,_Missouri",0.26281739,0.52521109,792,663,-129
"Chariton_County,_Missouri",0.26281739,0.52521109,793,664,-129
"Christian_County,_Missouri",0.26281739,0.52521109,794,665,-129
"Clark_County,_Missouri",0.26281739,0.52521109,795,666,-129
"Clay_County,_Missouri",0.26281739,0.52521109,796,667,-129
"Clinton_County,_Missouri",0.26281739,0.52521109,797,668,-129
"Cole_County,_Missouri",0.26281739,0.52521109,798,669,-129
"Cooper_County,_Missouri",0.26281739,0.52521109,799,670,-129
"Crawford_County,_Missouri",0.26281739,0.52521109,800,671,-129
"Dade_County,_Missouri",0.26281739,0.52521109,801,672,-129
"Dallas_County,_Missouri",0.26281739,0.52521109,802,673,-129
"Daviess_County,_Missouri",0.26281739,0.52521109,803,674,-129
"DeKalb_County,_Missouri",0.26281739,0.52521109,804,675,-129
"Dent_County,_Missouri",0.26281739,0.52521109,805,676,-129
"Douglas_County,_Missouri",0.26281739,0.52521109,806,677,-129
"Dunklin_County,_Missouri",0.26281739,0.52521109,807,678,-129
"Franklin_County,_Missouri",0.26281739,0.52521109,808,679,-129
"Gasconade_County,_Missouri",0.26281739,0.52521109,809,680,-129
"Gentry_County,_Missouri",0.26281739,0.52521109,810,681,-129
"Greene_County,_Missouri",0.26281739,0.52521109,811,682,-129
"Grundy_County,_Missouri",0.26281739,0.52521109,812,683,-129
"Harrison_County,_Missouri",0.26281739,0.52521109,813,684,-129
"Henry_County,_Missouri",0.26281739,0.52521109,814,685,-129
"Hickory_County,_Missouri",0.26281739,0.52521109,815,686,-129
"Holt_County,_Missouri",0.26281739,0.52521109,816,687,-129
"Howard_County,_Missouri",0.26281739,0.52521109,817,688,-129
"Howell_County,_Missouri",0.26281739,0.52521109,818,689,-129
"Iron_County,_Missouri",0.26281739,0.52521109,819,690,-129
"Jackson_County,_Missouri",0.26281739,0.52521109,820,691,-129
"Jasper_County,_Missouri",0.26281739,0.52521109,821,692,-129
"Jefferson_County,_Missouri",0.26281739,0.52521109,822,693,-129
"Johnson_County,_Missouri",0.26281739,0.52521109,823,694,-129
"Knox_County,_Missouri",0.26281739,0.52521109,824,695,-129
"Laclede_County,_Missouri",0.26281739,0.52521109,825,696,-129
"Lafayette_County,_Missouri",0.26281739,0.52521109,826,697,-129
"Lawrence_County,_Missouri",0.26281739,0.52521109,827,698,-129
"Lewis_County,_Missouri",0.26281739,0.52521109,828,699,-129
"Lincoln_County,_Missouri",0.26281739,0.52521109,829,700,-129
"Linn_County,_Missouri",0.26281739,0.52521109,830,701,-129
"Livingston_County,_Missouri",0.26281739,0.52521109,831,702,-129
"Macon_County,_Missouri",0.26281739,0.52521109,832,703,-129
"Madison_County,_Missouri",0.26281739,0.52521109,833,704,-129
"Maries_County,_Missouri",0.26281739,0.52521109,834,705,-129
"Marion_County,_Missouri",0.26281739,0.52521109,835,706,-129
"McDonald_County,_Missouri",0.26281739,0.52521109,836,707,-129
"Mercer_County,_Missouri",0.26281739,0.52521109,837,708,-129
"Miller_County,_Missouri",0.26281739,0.52521109,838,709,-129
"Mississippi_County,_Missouri",0.26281739,0.52521109,839,710,-129
"Moniteau_County,_Missouri",0.26281739,0.52521109,840,711,-129
"Monroe_County,_Missouri",0.26281739,0.52521109,841,712,-129
"Montgomery_County,_Missouri",0.26281739,0.52521109,842,713,-129
"Morgan_County,_Missouri",0.26281739,0.52521109,843,714,-129
"New_Madrid_County,_Missouri",0.26281739,0.52521109,844,715,-129
"Newton_County,_Missouri",0.26281739,0.52521109,845,716,-129
"Nodaway_County,_Missouri",0.26281739,0.52521109,846,717,-129
"Oregon_County,_Missouri",0.26281739,0.52521109,847,718,-129
"Osage_County,_Missouri",0.26281739,0.52521109,848,719,-129
"Ozark_County,_Missouri",0.26281739,0.52521109,849,720,-129
"Pemiscot_County,_Missouri",0.26281739,0.52521109,850,721,-129
"Perry_County,_Missouri",0.26281739,0.52521109,851,722,-129
"Pettis_County,_Missouri",0.26281739,0.52521109,852,723,-129
"Phelps_County,_Missouri",0.26281739,0.52521109,853,724,-129
"Pike_County,_Missouri",0.26281739,0.52521109,854,725,-129
"Platte_County,_Missouri",0.26281739,0.52521109,855,726,-129
"Polk_County,_Missouri",0.26281739,0.52521109,856,727,-129
"Pulaski_County,_Missouri",0.26281739,0.52521109,857,728,-129
"Putnam_County,_Missouri",0.26281739,0.52521109,858,729,-129
"Ralls_County,_Missouri",0.26281739,0.52521109,859,730,-129
"Randolph_County,_Missouri",0.26281739,0.52521109,860,731,-129
"Ray_County,_Missouri",0.26281739,0.52521109,861,732,-129
"Reynolds_County,_Missouri",0.26281739,0.52521109,862,733,-129
"Ripley_County,_Missouri",0.26281739,0.52521109,863,734,-129
"Saline_County,_Missouri",0.26281739,0.52521109,864,735,-129
"Schuyler_County,_Missouri",0.26281739,0.52521109,865,736,-129
"Scotland_County,_Missouri",0.26281739,0.52521109,866,737,-129
"Scott_County,_Missouri",0.26281739,0.52521109,867,738,-129
"Shannon_County,_Missouri",0.26281739,0.52521109,868,739,-129
"Shelby_County,_Missouri",0.26281739,0.52521109,869,740,-129
"St._Charles_County,_Missouri",0.26281739,0.52521109,870,741,-129
"St._Clair_County,_Missouri",0.26281739,0.52521109,871,742,-129
"St._Francois_County,_Missouri",0.26281739,0.52521109,872,743,-129
St._Louis,0.26281739,0.52521109,873,744,-129
"St._Louis_County,_Missouri",0.26281739,0.52521109,874,745,-129
"Ste._Genevieve_County,_Missouri",0.26281739,0.52521109,875,746,-129
"Stoddard_County,_Missouri",0.26281739,0.52521109,876,747,-129
"Stone_County,_Missouri",0.26281739,0.52521109,877,748,-129
"Sullivan_County,_Missouri",0.26281739,0.52521109,878,749,-129
"Taney_County,_Missouri",0.26281739,0.52521109,879,750,-129
"Texas_County,_Missouri",0.26281739,0.52521109,880,751,-129
"Vernon_County,_Missouri",0.26281739,0.52521109,881,752,-129
"Warren_County,_Missouri",0.26281739,0.52521109,882,753,-129
"Washington_County,_Missouri",0.26281739,0.52521109,883,754,-129
"Wayne_County,_Missouri",0.26281739,0.52521109,884,755,-129
"Webster_County,_Missouri",0.26281739,0.52521109,885,756,-129
"Worth_County,_Missouri",0.26281739,0.52521109,886,757,-129
"Wright_County,_Missouri",0.26281739,0.52521109,887,758,-129
"Allen_County,_Kansas",0.26276981,0.52384492,888,760,-128
"Anderson_County,_Kansas",0.26276981,0.52384492,889,761,-128
"Atchison_County,_Kansas",0.26276981,0.52384492,890,762,-128
"Barber_County,_Kansas",0.26276981,0.52384492,891,763,-128
"Barton_County,_Kansas",0.26276981,0.52384492,892,764,-128
"Bourbon_County,_Kansas",0.26276981,0.52384492,893,765,-128
"Brown_County,_Kansas",0.26276981,0.52384492,894,766,-128
"Butler_County,_Kansas",0.26276981,0.52384492,895,767,-128
"Chase_County,_Kansas",0.26276981,0.52384492,896,768,-128
"Chautauqua_County,_Kansas",0.26276981,0.52384492,897,769,-128
"Cherokee_County,_Kansas",0.26276981,0.52384492,898,770,-128
"Cheyenne_County,_Kansas",0.26276981,0.52384492,899,771,-128
"Clark_County,_Kansas",0.26276981,0.52384492,900,772,-128
"Clay_County,_Kansas",0.26276981,0.52384492,901,773,-128
"Cloud_County,_Kansas",0.26276981,0.52384492,902,774,-128
"Coffey_County,_Kansas",0.26276981,0.52384492,903,775,-128
"Comanche_County,_Kansas",0.26276981,0.52384492,904,776,-128
"Cowley_County,_Kansas",0.26276981,0.52384492,905,777,-128
"Crawford_County,_Kansas",0.26276981,0.52384492,906,778,-128
"Decatur_County,_Kansas",0.26276981,0.52384492,907,779,-128
"Dickinson_County,_Kansas",0.26276981,0.52384492,908,780,-128
"Doniphan_County,_Kansas",0.26276981,0.52384492,909,781,-128
"Douglas_County,_Kansas",0.26276981,0.52384492,910,782,-128
"Edwards_County,_Kansas",0.26276981,0.52384492,911,783,-128
"Elk_County,_Kansas",0.26276981,0.52384492,912,784,-128
"Ellis_County,_Kansas",0.26276981,0.52384492,913,785,-128
"Ellsworth_County,_Kansas",0.26276981,0.52384492,914,786,-128
"Finney_County,_Kansas",0.26276981,0.52384492,915,787,-128
"Ford_County,_Kansas",0.26276981,0.52384492,916,788,-128
"Franklin_County,_Kansas",0.26276981,0.52384492,917,789,-128
"Geary_County,_Kansas",0.26276981,0.52384492,918,790,-128
"Gove_County,_Kansas",0.26276981,0.52384492,919,791,-128
"Graham_County,_Kansas",0.26276981,0.52384492,920,792,-128
"Grant_County,_Kansas",0.26276981,0.52384492,921,793,-128
"Gray_County,_Kansas",0.26276981,0.52384492,922,794,-128
"Greeley_County,_Kansas",0.26276981,0.52384492,923,795,-128
"Greenwood_County,_Kansas",0.26276981,0.52384492,924,796,-128
"Hamilton_County,_Kansas",0.26276981,0.52384492,925,797,-128
"Harper_County,_Kansas",0.26276981,0.52384492,926,798,-128
"Harvey_County,_Kansas",0.26276981,0.52384492,927,799,-128
"Haskell_County,_Kansas",0.26276981,0.52384492,928,800,-128
"Hodgeman_County,_Kansas",0.26276981,0.52384492,929,801,-128
"Jackson_County,_Kansas",0.26276981,0.52384492,930,802,-128
"Jefferson_County,_Kansas",0.26276981,0.52384492,931,803,-128
"Jewell_County,_Kansas",0.26276981,0.52384492,932,804,-128
"Johnson_County,_Kansas",0.26276981,0.52384492,933,805,-128
"Kearny_County,_Kansas",0.26276981,0.52384492,934,806,-128
"Kingman_County,_Kansas",0.26276981,0.52384492,935,807,-128
"Kiowa_County,_Kansas",0.26276981,0.52384492,936,808,-128
"Labette_County,_Kansas",0.26276981,0.52384492,937,809,-128
"Lane_County,_Kansas",0.26276981,0.52384492,938,810,-128
"Leavenworth_County,_Kansas",0.26276981,0.52384492,939,811,-128
"Lincoln_County,_Kansas",0.26276981,0.52384492,940,812,-128
"Linn_County,_Kansas",0.26276981,0.52384492,941,813,-128
"Logan_County,_Kansas",0.26276981,0.52384492,942,814,-128
"Lyon_County,_Kansas",0.26276981,0.52384492,943,815,-128
"Marion_County,_Kansas",0.26276981,0.52384492,944,816,-128
"Marshall_County,_Kansas",0.26276981,0.52384492,945,817,-128
"McPherson_County,_Kansas",0.26276981,0.52384492,946,818,-128
"Meade_County,_Kansas",0.26276981,0.52384492,947,819,-128
"Miami_County,_Kansas",0.26276981,0.52384492,948,820,-128
"Mitchell_County,_Kansas",0.26276981,0.52384492,949,821,-128
"Montgomery_County,_Kansas",0.26276981,0.52384492,950,822,-128
"Morris_County,_Kansas",0.26276981,0.52384492,951,823,-128
"Morton_County,_Kansas",0.26276981,0.52384492,952,824,-128
"Nemaha_County,_Kansas",0.26276981,0.52384492,953,825,-128
"Neosho_County,_Kansas",0.26276981,0.52384492,954,826,-128
"Ness_County,_Kansas",0.26276981,0.52384492,955,827,-128
"Norton_County,_Kansas",0.26276981,0.52384492,956,828,-128
"Osage_County,_Kansas",0.26276981,0.52384492,957,829,-128
"Osborne_County,_Kansas",0.26276981,0.52384492,958,830,-128
"Ottawa_County,_Kansas",0.26276981,0.52384492,959,831,-128
"Pawnee_County,_Kansas",0.26276981,0.52384492,960,832,-128
"Phillips_County,_Kansas",0.26276981,0.52384492,961,833,-128
"Pottawatomie_County,_Kansas",0.26276981,0.52384492,962,834,-128
"Pratt_County,_Kansas",0.26276981,0.52384492,963,835,-128
"Rawlins_County,_Kansas",0.26276981,0.52384492,964,836,-128
"Reno_County,_Kansas",0.26276981,0.52384492,965,837,-128
"Republic_County,_Kansas",0.26276981,0.52384492,966,838,-128
"Rice_County,_Kansas",0.26276981,0.52384492,967,839,-128
"Riley_County,_Kansas",0.26276981,0.52384492,968,840,-128
"Rooks_County,_Kansas",0.26276981,0.52384492,969,841,-128
"Rush_County,_Kansas",0.26276981,0.52384492,970,842,-128
"Russell_County,_Kansas",0.26276981,0.52384492,971,843,-128
"Saline_County,_Kansas",0.26276981,0.52384492,972,844,-128
"Scott_County,_Kansas",0.26276981,0.52384492,973,845,-128
"Sedgwick_County,_Kansas",0.26276981,0.52384492,974,846,-128
"Seward_County,_Kansas",0.26276981,0.52384492,975,847,-128
"Shawnee_County,_Kansas",0.26276981,0.52384492,976,848,-128
"Sheridan_County,_Kansas",0.26276981,0.52384492,977,849,-128
"Sherman_County,_Kansas",0.26276981,0.52384492,978,850,-128
"Smith_County,_Kansas",0.26276981,0.52384492,979,851,-128
"Stafford_County,_Kansas",0.26276981,0.52384492,980,852,-128
"Stanton_County,_Kansas",0.26276981,0.52384492,981,853,-128
"Stevens_County,_Kansas",0.26276981,0.52384492,982,854,-128
"Sumner_County,_Kansas",0.26276981,0.52384492,983,855,-128
"Thomas_County,_Kansas",0.26276981,0.52384492,984,856,-128
"Trego_County,_Kansas",0.26276981,0.52384492,985,857,-128
"Wabaunsee_County,_Kansas",0.26276981,0.52384492,986,858,-128
"Wallace_County,_Kansas",0.26276981,0.52384492,987,859,-128
"Washington_County,_Kansas",0.26276981,0.52384492,988,860,-128
"Wichita_County,_Kansas",0.26276981,0.52384492,989,861,-128
"Wilson_County,_Kansas",0.26276981,0.52384492,990,862,-128
"Woodson_County,_Kansas",0.26276981,0.52384492,991,863,-128
"Wyandotte_County,_Kansas",0.26276981,0.52384492,992,864,-128
"geo:47.7,8.6",0.26274180,0.46715507,993,3675,2682
"Adams_County,_Illinois",0.26272867,0.52338628,994,866,-128
"Alexander_County,_Illinois",0.26272867,0.52338628,995,867,-128
"Bond_County,_Illinois",0.26272867,0.52338628,996,868,-128
"Boone_County,_Illinois",0.26272867,0.52338628,997,869,-128
"Brown_County,_Illinois",0.26272867,0.52338628,998,870,-128
"Bureau_County,_Illinois",0.26272867,0.52338628,999,871,-128
"Calhoun_County,_Illinois",0.26272867,0.52338628,1000,872,-128
"Carroll_County,_Illinois",0.26272867,0.52338628,1001,873,-128
"Cass_County,_Illinois",0.26272867,0.52338628,1002,874,-128
"Champaign_County,_Illinois",0.26272867,0.52338628,1003,875,-128
"Christian_County,_Illinois",0.26272867,0.52338628,1004,876,-128
"Clark_County,_Illinois",0.26272867,0.52338628,1005,877,-128
"Clay_County,_Illinois",0.26272867,0.52338628,1006,878,-128
"Clinton_County,_Illinois",0.26272867,0.52338628,1007,879,-128
"Coles_County,_Illinois",0.26272867,0.52338628,1008,880,-128
"Cook_County,_Illinois",0.26272867,0.52338628,1009,881,-128
"Crawford_County,_Illinois",0.26272867,0.52338628,1010,882,-128
"Cumberland_County,_Illinois",0.26272867,0.52338628,1011,883,-128
"DeKalb_County,_Illinois",0.26272867,0.52338628,1012,884,-128
"DeWitt_County,_Illinois",0.26272867,0.52338628,1013,885,-128
"Douglas_County,_Illinois",0.26272867,0.52338628,1014,886,-128
"DuPage_County,_Illinois",0.26272867,0.52338628,1015,887,-128
"Edgar_County,_Illinois",0.26272867,0.52338628,1016,888,-128
"Edwards_County,_Illinois",0.26272867,0.52338628,1017,889,-128
"Effingham_County,_Illinois",0.26272867,0.52338628,1018,890,-128
"Fayette_County,_Illinois",0.26272867,0.52338628,1019,891,-128
"Ford_County,_Illinois",0.26272867,0.52338628,1020,892,-128
"Franklin_County,_Illinois",0.26272867,0.52338628,1021,893,-128
"Fulton_County,_Illinois",0.26272867,0.52338628,1022,894,-128
"Gallatin_County,_Illinois",0.26272867,0.52338628,1023,895,-128
"Greene_County,_Illinois",0.26272867,0.52338628,1024,896,-128
"Grundy_County,_Illinois",0.26272867,0.52338628,1025,897,-128
"Hamilton_County,_Illinois",0.26272867,0.52338628,1026,898,-128
"Hancock_County,_Illinois",0.26272867,0.52338628,1027,899,-128
"Hardin_County,_Illinois",0.26272867,0.52338628,1028,900,-128
"Henderson_County,_Illinois",0.26272867,0.52338628,1029,901,-128
"Henry_County,_Illinois",0.26272867,0.52338628,1030,902,-128
"Iroquois_County,_Illinois",0.26272867,0.52338628,1031,903,-128
"Jackson_County,_Illinois",0.26272867,0.52338628,1032,904,-128
"Jasper_County,_Illinois",0.26272867,0.52338628,1033,905,-128
"Jefferson_County,_Illinois",0.26272867,0.52338628,1034,906,-128
"Jersey_County,_Illinois",0.26272867,0.52338628,1035,907,-128
"Jo_Daviess_County,_Illinois",0.26272867,0.52338628,1036,908,-128
"Johnson_County,_Illinois",0.26272867,0.52338628,1037,909,-128
"Kane_County,_Illinois",0.26272867,0.52338628,1038,910,-128
"Kankakee_County,_Illinois",0.26272867,0.52338628,1039,911,-128
"Kendall_County,_Illinois",0.26272867,0.52338628,1040,912,-128
"Knox_County,_Illinois",0.26272867,0.52338628,1041,913,-128
"LaSalle_County,_Illinois",0.26272867,0.52338628,1042,914,-128
"Lake_County,_Illinois",0.26272867,0.52338628,1043,915,-128
"Lawrence_County,_Illinois",0.26272867,0.52338628,1044,916,-128
"Lee_County,_Illinois",0.26272867,0.52338628,1045,917,-128
"Livingston_County,_Illinois",0.26272867,0.52338628,1046,918,-128
"Logan_County,_Illinois",0.26272867,0.52338628,1047,919,-128
"Macon_County,_Illinois",0.26272867,0.52338628,1048,920,-128
"Macoupin_County,_Illinois",0.26272867,0.52338628,1049,921,-128
"Madison_County,_Illinois",0.26272867,0.52338628,1050,922,-128
"Marion_County,_Illinois",0.26272867,0.52338628,1051,923,-128
"Marshall_County,_Illinois",0.26272867,0.52338628,1052,924,-128
"Mason_County,_Illinois",0.26272867,0.52338628,1053,925,-128
"Massac_County,_Illinois",0.26272867,0.52338628,1054,926,-128
"McDonough_County,_Illinois",0.26272867,0.52338628,1055,927,-128
"McHenry_County,_Illinois",0.26272867,0.52338628,1056,928,-128
"McLean_County,_Illinois",0.26272867,0.52338628,1057,929,-128
"Menard_County,_Illinois",0.26272867,0.52338628,1058,930,-128
"Mercer_County,_Illinois",0.26272867,0.52338628,1059,931,-128
"Monroe_County,_Illinois",0.26272867,0.52338628,1060,932,-128
"Montgomery_County,_Illinois",0.26272867,0.52338628,1061,933,-128
"Morgan_County,_Illinois",0.26272867,0.52338628,1062,934,-128
"Moultrie_County,_Illinois",0.26272867,0.52338628,1063,935,-128
"Ogle_County,_Illinois",0.26272867,0.52338628,1064,936,-128
"Peoria_County,_Illinois",0.26272867,0.52338628,1065,937,-128
"Perry_County,_Illinois",0.26272867,0.52338628,1066,938,-128
"Piatt_County,_Illinois",0.26272867,0.52338628,1067,939,-128
"Pike_County,_Illinois",0.26272867,0.52338628,1068,940,-128
"Pope_County,_Illinois",0.26272867,0.52338628,1069,941,-128
"Pulaski_County,_Illinois",0.26272867,0.52338628,1070,942,-128
"Putnam_County,_Illinois",0.26272867,0.52338628,1071,943,-128
"Randolph_County,_Illinois",0.26272867,0.52338628,1072,944,-128
"Richland_County,_Illinois",0.26272867,0.52338628,1073,945,-128
"Rock_Island_County,_Illinois",0.26272867,0.52338628,1074,946,-128
"Saline_County,_Illinois",0.26272867,0.52338628,1075,947,-128
"Sangamon_County,_Illinois",0.26272867,0.52338628,1076,948,-128
"Schuyler_County,_Illinois",0.26272867,0.52338628,1077,949,-128
"Scott_County,_Illinois",0.26272867,0.52338628,1078,950,-128
"Shelby_County,_Illinois",0.26272867,0.52338628,1079,951,-128
"St._Clair_County,_Illinois",0.26272867,0.52338628,1080,952,-128
"Stark_County,_Illinois",0.26272867,0.52338628,1081,953,-128
"Stephenson_County,_Illinois",0.26272867,0.52338628,1082,954,-128
"Tazewell_County,_Illinois",0.26272867,0.52338628,1083,955,-128
"Union_County,_Illinois",0.26272867,0.52338628,1084,956,-128
"Vermilion_County,_Illinois",0.26272867,0.52338628,1085,957,-128
"Wabash_County,_Illinois",0.26272867,0.52338628,1086,958,-128
"Warren_County,_Illinois",0.26272867,0.52338628,1087,959,-128
"Washington_County,_Illinois",0.26272867,0.52338628,1088,960,-128
"Wayne_County,_Illinois",0.26272867,0.52338628,1089,961,-128
"White_County,_Illinois",0.26272867,0.52338628,1090,962,-128
"Whiteside_County,_Illinois",0.26272867,0.52338628,1091,963,-128
"Will_County,_Illinois",0.26272867,0.52338628,1092,964,-128
"Williamson_County,_Illinois",0.26272867,0.52338628,1093,965,-128
"Winnebago_County,_Illinois",0.26272867,0.52338628,1094,966,-128
"Woodford_County,_Illinois",0.26272867,0.52338628,1095,967,-128
"Adair_County,_Iowa",0.26268512,0.52290173,1096,969,-127
"Adams_County,_Iowa",0.26268512,0.52290173,1097,970,-127
"Allamakee_County,_Iowa",0.26268512,0.52290173,1098,971,-127
"Appanoose_County,_Iowa",0.26268512,0.52290173,1099,972,-127
"Audubon_County,_Iowa",0.26268512,0.52290173,1100,973,-127
"Benton_County,_Iowa",0.26268512,0.52290173,1101,974,-127
"Black_Hawk_County,_Iowa",0.26268512,0.52290173,1102,975,-127
"Boone_County,_Iowa",0.26268512,0.52290173,1103,976,-127
"Bremer_County,_Iowa",0.26268512,0.52290173,1104,977,-127
"Buchanan_County,_Iowa",0.26268512,0.52290173,1105,978,-127
"Buena_Vista_County,_Iowa",0.26268512,0.52290173,1106,979,-127
"Butler_County,_Iowa",0.26268512,0.52290173,1107,980,-127
"Calhoun_County,_Iowa",0.26268512,0.52290173,1108,981,-127
"Carroll_County,_Iowa",0.26268512,0.52290173,1109,982,-127
"Cass_County,_Iowa",0.26268512,0.52290173,1110,983,-127
"Cedar_County,_Iowa",0.26268512,0.52290173,1111,984,-127
"Cerro_Gordo_County,_Iowa",0.26268512,0.52290173,1112,985,-127
"Cherokee_County,_Iowa",0.26268512,0.52290173,1113,986,-127
"Chickasaw_County,_Iowa",0.26268512,0.52290173,1114,987,-127
"Clarke_County,_Iowa",0.26268512,0.52290173,1115,988,-127
"Clay_County,_Iowa",0.26268512,0.52290173,1116,989,-127
"Clayton_County,_Iowa",0.26268512,0.52290173,1117,990,-127
"Clinton_County,_Iowa",0.26268512,0.52290173,1118,991,-127
"Crawford_County,_Iowa",0.26268512,0.52290173,1119,992,-127
"Dallas_County,_Iowa",0.26268512,0.52290173,1120,993,-127
"Davis_County,_Iowa",0.26268512,0.52290173,1121,994,-127
"Decatur_County,_Iowa",0.26268512,0.52290173,1122,995,-127
"Delaware_County,_Iowa",0.26268512,0.52290173,1123,996,-127
"Des_Moines_County,_Iowa",0.26268512,0.52290173,1124,997,-127
"Dickinson_County,_Iowa",0.26268512,0.52290173,1125,998,-127
"Dubuque_County,_Iowa",0.26268512,0.52290173,1126,999,-127
"Emmet_County,_Iowa",0.26268512,0.52290173,1127,1000,-127
"Fayette_County,_Iowa",0.26268512,0.52290173,1128,1001,-127
"Floyd_County,_Iowa",0.26268512,0.52290173,1129,1002,-127
"Franklin_County,_Iowa",0.26268512,0.52290173,1130,1003,-127
"Fremont_County,_Iowa",0.26268512,0.52290173,1131,1004,-127
"Greene_County,_Iowa",0.26268512,0.52290173,1132,1005,-127
"Grundy_County,_Iowa",0.26268512,0.52290173,1133,1006,-127
"Guthrie_County,_Iowa",0.26268512,0.52290173,1134,1007,-127
"Hamilton_County,_Iowa",0.26268512,0.52290173,1135,1008,-127
"Hancock_County,_Iowa",0.26268512,0.52290173,1136,1009,-127
"Hardin_County,_Iowa",0.26268512,0.52290173,1137,1010,-127
"Harrison_County,_Iowa",0.26268512,0.52290173,1138,1011,-127
"Henry_County,_Iowa",0.26268512,0.52290173,1139,1012,-127
"Howard_County,_Iowa",0.26268512,0.52290173,1140,1013,-127
"Humboldt_County,_Iowa",0.26268512,0.52290173,1141,1014,-127
"Ida_County,_Iowa",0.26268512,0.52290173,1142,1015,-127
"Iowa_County,_Iowa",0.26268512,0.52290173,1143,1016,-127
"Jackson_County,_Iowa",0.26268512,0.52290173,1144,1017,-127
"Jasper_County,_Iowa",0.26268512,0.52290173,1145,1018,-127
"Jefferson_County,_Iowa",0.26268512,0.52290173,1146,1019,-127
"Johnson_County,_Iowa",0.26268512,0.52290173,1147,1020,-127
"Jones_County,_Iowa",0.26268512,0.52290173,1148,1021,-127
"Keokuk_County,_Iowa",0.26268512,0.52290173,1149,1022,-127
"Kossuth_County,_Iowa",0.26268512,0.52290173,1150,1023,-127
"Lee_County,_Iowa",0.26268512,0.52290173,1151,1024,-127
"Linn_County,_Iowa",0.26268512,0.52290173,1152,1025,-127
"Louisa_County,_Iowa",0.26268512,0.52290173,1153,1026,-127
"Lucas_County,_Iowa",0.26268512,0.52290173,1154,1027,-127
"Lyon_County,_Iowa",0.26268512,0.52290173,1155,1028,-127
"Madison_County,_Iowa",0.26268512,0.52290173,1156,1029,-127
"Mahaska_County,_Iowa",0.26268512,0.52290173,1157,1030,-127
"Marion_County,_Iowa",0.26268512,0.52290173,1158,1031,-127
"Marshall_County,_Iowa",0.26268512,0.52290173,1159,1032,-127
"Mills_County,_Iowa",0.26268512,0.52290173,1160,1033,-127
"Mitchell_County,_Iowa",0.26268512,0.52290173,1161,1034,-127
"Monona_County,_Iowa",0.26268512,0.52290173,1162,1035,-127
"Monroe_County,_Iowa",0.26268512,0.52290173,1163,1036,-127
"Montgomery_County,_Iowa",0.26268512,0.52290173,1164,1037,-127
"Muscatine_County,_Iowa",0.26268512,0.52290173,1165,1038,-127
"O'Brien_County,_Iowa",0.26268512,0.52290173,1166,1039,-127
"Osceola_County,_Iowa",0.26268512,0.52290173,1167,1040,-127
"Page_County,_Iowa",0.26268512,0.52290173,1168,1041,-127
"Palo_Alto_County,_Iowa",0.26268512,0.52290173,1169,1042,-127
"Plymouth_County,_Iowa",0.26268512,0.52290173,1170,1043,-127
"Pocahontas_County,_Iowa",0.26268512,0.52290173,1171,1044,-127
"Polk_County,_Iowa",0.26268512,0.52290173,1172,1045,-127
"Pottawattamie_County,_Iowa",0.26268512,0.52290173,1173,1046,-127
"Poweshiek_County,_Iowa",0.26268512,0.52290173,1174,1047,-127
"Ringgold_County,_Iowa",0.26268512,0.52290173,1175,1048,-127
"Sac_County,_Iowa",0.26268512,0.52290173,1176,1049,-127
"Scott_County,_Iowa",0.26268512,0.52290173,1177,1050,-127
"Shelby_County,_Iowa",0.26268512,0.52290173,1178,1051,-127
"Sioux_County,_Iowa",0.26268512,0.52290173,1179,1052,-127
"Story_County,_Iowa",0.26268512,0.52290173,1180,1053,-127
"Tama_County,_Iowa",0.26268512,0.52290173,1181,1054,-127
"Taylor_County,_Iowa",0.26268512,0.52290173,1182,1055,-127
"Union_County,_Iowa",0.26268512,0.52290173,1183,1056,-127
"Van_Buren_County,_Iowa",0.26268512,0.52290173,1184,1057,-127
"Wapello_County,_Iowa",0.26268512,0.52290173,1185,1058,-127
"Warren_County,_Iowa",0.26268512,0.52290173,1186,1059,-127
"Washington_County,_Iowa",0.26268512,0.52290173,1187,1060,-127
"Wayne_County,_Iowa",0.26268512,0.52290173,1188,1061,-127
"Webster_County,_Iowa",0.26268512,0.52290173,1189,1062,-127
"Winnebago_County,_Iowa",0.26268512,0.52290173,1190,1063,-127
"Winneshiek_County,_Iowa",0.26268512,0.52290173,1191,1064,-127
"Woodbury_County,_Iowa",0.26268512,0.52290173,1192,1065,-127
"Worth_County,_Iowa",0.26268512,0.52290173,1193,1066,-127
"Wright_County,_Iowa",0.26268512,0.52290173,1194,1067,-127
"Anderson_County,_Tennessee",0.26262292,0.52221142,1195,1229,34
"Bedford_County,_Tennessee",0.26262292,0.52221142,1196,1230,34
"Benton_County,_Tennessee",0.26262292,0.52221142,1197,1231,34
"Bledsoe_County,_Tennessee",0.26262292,0.52221142,1198,1232,34
"Blount_County,_Tennessee",0.26262292,0.52221142,1199,1233,34
"Bradley_County,_Tennessee",0.26262292,0.52221142,1200,1234,34
"Campbell_County,_Tennessee",0.26262292,0.52221142,1201,1235,34
"Cannon_County,_Tennessee",0.26262292,0.52221142,1202,1236,34
"Carroll_County,_Tennessee",0.26262292,0.52221142,1203,1237,34
"Carter_County,_Tennessee",0.26262292,0.52221142,1204,1238,34
"Cheatham_County,_Tennessee",0.26262292,0.52221142,1205,1239,34
"Chester_County,_Tennessee",0.26262292,0.52221142,1206,1240,34
"Claiborne_County,_Tennessee",0.26262292,0.52221142,1207,1241,34
"Clay_County,_Tennessee",0.26262292,0.52221142,1208,1242,34
"Cocke_County,_Tennessee",0.26262292,0.52221142,1209,1243,34
"Coffee_County,_Tennessee",0.26262292,0.52221142,1210,1244,34
"Crockett_County,_Tennessee",0.26262292,0.52221142,1211,1245,34
"Cumberland_County,_Tennessee",0.26262292,0.52221142,1212,1246,34
"Davidson_County,_Tennessee",0.26262292,0.52221142,1213,1247,34
"DeKalb_County,_Tennessee",0.26262292,0.52221142,1214,1248,34
"Decatur_County,_Tennessee",0.26262292,0.52221142,1215,1249,34
"Dickson_County,_Tennessee",0.26262292,0.52221142,1216,1250,34
"Dyer_County,_Tennessee",0.26262292,0.52221142,1217,1251,34
"Fayette_County,_Tennessee",0.26262292,0.52221142,1218,1252,34
"Fentress_County,_Tennessee",0.26262292,0.52221142,1219,1253,34
"Franklin_County,_Tennessee",0.26262292,0.52221142,1220,1254,34
"Gibson_County,_Tennessee",0.26262292,0.52221142,1221,1255,34
"Giles_County,_Tennessee",0.26262292,0.52221142,1222,1256,34
"Grainger_County,_Tennessee",0.26262292,0.52221142,1223,1257,34
"Greene_County,_Tennessee",0.26262292,0.52221142,1224,1258,34
"Grundy_County,_Tennessee",0.26262292,0.52221142,1225,1259,34
"Hamblen_County,_Tennessee",0.26262292,0.52221142,1226,1260,34
"Hamilton_County,_Tennessee",0.26262292,0.52221142,1227,1261,34
"Hancock_County,_Tennessee",0.26262292,0.52221142,1228,1262,34
"Hardeman_County,_Tennessee",0.26262292,0.52221142,1229,1263,34
"Hardin_County,_Tennessee",0.26262292,0.52221142,1230,1264,34
"Hawkins_County,_Tennessee",0.26262292,0.52221142,1231,1265,34
"Haywood_County,_Tennessee",0.26262292,0.52221142,1232,1266,34
"Henderson_County,_Tennessee",0.26262292,0.52221142,1233,1267,34
"Henry_County,_Tennessee",0.26262292,0.52221142,1234,1268,34
"Hickman_County,_Tennessee",0.26262292,0.52221142,1235,1269,34
"Houston_County,_Tennessee",0.26262292,0.52221142,1236,1270,34
"Humphreys_County,_Tennessee",0.26262292,0.52221142,1237,1271,34
"Jackson_County,_Tennessee",0.26262292,0.52221142,1238,1272,34
"Jefferson_County,_Tennessee",0.26262292,0.52221142,1239,1273,34
"Johnson_County,_Tennessee",0.26262292,0.52221142,1240,1274,34
"Knox_County,_Tennessee",0.26262292,0.52221142,1241,1275,34
"Lake_County,_Tennessee",0.26262292,0.52221142,1242,1276,34
"Lauderdale_County,_Tennessee",0.26262292,0.52221142,1243,1277,34
"Lawrence_County,_Tennessee",0.26262292,0.52221142,1244,1278,34
"Lewis_County,_Tennessee",0.26262292,0.52221142,1245,1279,34
"Lincoln_County,_Tennessee",0.26262292,0.52221142,1246,1280,34
"Loudon_County,_Tennessee",0.26262292,0.52221142,1247,1281,34
"Macon_County,_Tennessee",0.26262292,0.52221142,1248,1282,34
"Madison_County,_Tennessee",0.26262292,0.52221142,1249,1283,34
"Marion_County,_Tennessee",0.26262292,0.52221142,1250,1284,34
"Marshall_County,_Tennessee",0.26262292,0.52221142,1251,1285,34
"Maury_County,_Tennessee",0.26262292,0.52221142,1252,1286,34
"McMinn_County,_Tennessee",0.26262292,0.52221142,1253,1287,34
"McNairy_County,_Tennessee",0.26262292,0.52221142,1254,1288,34
"Meigs_County,_Tennessee",0.26262292,0.52221142,1255,1289,34
"Monroe_County,_Tennessee",0.26262292,0.52221142,1256,1290,34
"Montgomery_County,_Tennessee",0.26262292,0.52221142,1257,1291,34
"Moore_County,_Tennessee",0.26262292,0.52221142,1258,1292,34
"Morgan_County,_Tennessee",0.26262292,0.52221142,1259,1293,34
"Obion_County,_Tennessee",0.26262292,0.52221142,1260,1294,34
"Overton_County,_Tennessee",0.26262292,0.52221142,1261,1295,34
"Perry_County,_Tennessee",0.26262292,0.52221142,1262,1296,34
"Pickett_County,_Tennessee",0.26262292,0.52221142,1263,1297,34
"Polk_County,_Tennessee",0.26262292,0.52221142,1264,1298,34
"Putnam_County,_Tennessee",0.26262292,0.52221142,1265,1299,34
"Rhea_County,_Tennessee",0.26262292,0.52221142,1266,1300,34
"Roane_County,_Tennessee",0.26262292,0.52221142,1267,1301,34
"Robertson_County,_Tennessee",0.26262292,0.52221142,1268,1302,34
"Rutherford_County,_Tennessee",0.26262292,0.52221142,1269,1303,34
"Scott_County,_Tennessee",0.26262292,0.52221142,1270,1304,34
"Sequatchie_County,_Tennessee",0.26262292,0.52221142,1271,1305,34
"Sevier_County,_Tennessee",0.26262292,0.52221142,1272,1306,34
"Shelby_County,_Tennessee",0.26262292,0.52221142,1273,1307,34
"Smith_County,_Tennessee",0.26262292,0.52221142,1274,1308,34
"Stewart_County,_Tennessee",0.26262292,0.52221142,1275,1309,34
"Sullivan_County,_Tennessee",0.26262292,0.52221142,1276,1310,34
"Sumner_County,_Tennessee",0.26262292,0.52221142,1277,1311,34
"Tipton_County,_Tennessee",0.26262292,0.52221142,1278,1312,34
"Trousdale_County,_Tennessee",0.26262292,0.52221142,1279,1313,34
"Unicoi_County,_Tennessee",0.26262292,0.52221142,1280,1314,34
"Union_County,_Tennessee",0.26262292,0.52221142,1281,1315,34
"Van_Buren_County,_Tennessee",0.26262292,0.52221142,1282,1316,34
"Warren_County,_Tennessee",0.26262292,0.52221142,1283,1317,34
"Washington_County,_Tennessee",0.26262292,0.52221142,1284,1318,34
"Wayne_County,_Tennessee",0.26262292,0.52221142,1285,1319,34
"Weakley_County,_Tennessee",0.26262292,0.52221142,1286,1320,34
"White_County,_Tennessee",0.26262292,0.52221142,1287,1321,34
"Williamson_County,_Tennessee",0.26262292,0.52221142,1288,1322,34
"Wilson_County,_Tennessee",0.26262292,0.52221142,1289,1323,34
"Adams_County,_Indiana",0.26257285,0.52165715,1290,1325,35
"Allen_County,_Indiana",0.26257285,0.52165715,1291,1326,35
"Bartholomew_County,_Indiana",0.26257285,0.52165715,1292,1327,35
"Benton_County,_Indiana",0.26257285,0.52165715,1293,1328,35
"Blackford_County,_Indiana",0.26257285,0.52165715,1294,1329,35
"Boone_County,_Indiana",0.26257285,0.52165715,1295,1330,35
"Brown_County,_Indiana",0.26257285,0.52165715,1296,1331,35
"Carroll_County,_Indiana",0.26257285,0.52165715,1297,1332,35
"Cass_County,_Indiana",0.26257285,0.52165715,1298,1333,35
"Clark_County,_Indiana",0.26257285,0.52165715,1299,1334,35
"Clay_County,_Indiana",0.26257285,0.52165715,1300,1335,35
"Clinton_County,_Indiana",0.26257285,0.52165715,1301,1336,35
"Crawford_County,_Indiana",0.26257285,0.52165715,1302,1337,35
"Daviess_County,_Indiana",0.26257285,0.52165715,1303,1338,35
"DeKalb_County,_Indiana",0.26257285,0.52165715,1304,1339,35
"Dearborn_County,_Indiana",0.26257285,0.52165715,1305,1340,35
"Decatur_County,_Indiana",0.26257285,0.52165715,1306,1341,35
"Delaware_County,_Indiana",0.26257285,0.52165715,1307,1342,35
"Dubois_County,_Indiana",0.26257285,0.52165715,1308,1343,35
"Elkhart_County,_Indiana",0.26257285,0.52165715,1309,1344,35
"Fayette_County,_Indiana",0.26257285,0.52165715,1310,1345,35
"Floyd_County,_Indiana",0.26257285,0.52165715,1311,1346,35
"Fountain_County,_Indiana",0.26257285,0.52165715,1312,1347,35
"Franklin_County,_Indiana",0.26257285,0.52165715,1313,1348,35
"Fulton_County,_Indiana",0.26257285,0.52165715,1314,1349,35
"Gibson_County,_Indiana",0.26257285,0.52165715,1315,1350,35
"Grant_County,_Indiana",0.26257285,0.52165715,1316,1351,35
"Greene_County,_Indiana",0.26257285,0.52165715,1317,1352,35
"Hamilton_County,_Indiana",0.26257285,0.52165715,1318,1353,35
"Hancock_County,_Indiana",0.26257285,0.52165715,1319,1354,35
"Harrison_County,_Indiana",0.26257285,0.52165715,1320,1355,35
"Hendricks_County,_Indiana",0.26257285,0.52165715,1321,1356,35
"Henry_County,_Indiana",0.26257285,0.52165715,1322,1357,35
"Howard_County,_Indiana",0.26257285,0.52165715,1323,1358,35
"Huntington_County,_Indiana",0.26257285,0.52165715,1324,1359,35
"Jackson_County,_Indiana",0.26257285,0.52165715,1325,1360,35
"Jasper_County,_Indiana",0.26257285,0.52165715,1326,1361,35
"Jay_County,_Indiana",0.26257285,0.52165715,1327,1362,35
"Jefferson_County,_Indiana",0.26257285,0.52165715,1328,1363,35
"Jennings_County,_Indiana",0.26257285,0.52165715,1329,1364,35
"Johnson_County,_Indiana",0.26257285,0.52165715,1330,1365,35
"Knox_County,_Indiana",0.26257285,0.52165715,1331,1366,35
"Kosciusko_County,_Indiana",0.26257285,0.52165715,1332,1367,35
"LaGrange_County,_Indiana",0.26257285,0.52165715,1333,1368,35
"LaPorte_County,_Indiana",0.26257285,0.52165715,1334,1369,35
"Lake_County,_Indiana",0.26257285,0.52165715,1335,1370,35
"Lawrence_County,_Indiana",0.26257285,0.52165715,1336,1371,35
"Madison_County,_Indiana",0.26257285,0.52165715,1337,1372,35
"Marion_County,_Indiana",0.26257285,0.52165715,1338,1373,35
"Marshall_County,_Indiana",0.26257285,0.52165715,1339,1374,35
"Martin_County,_Indiana",0.26257285,0.52165715,1340,1375,35
"Miami_County,_Indiana",0.26257285,0.52165715,1341,1376,35
"Monroe_County,_Indiana",0.26257285,0.52165715,1342,1377,35
"Montgomery_County,_Indiana",0.26257285,0.52165715,1343,1378,35
"Morgan_County,_Indiana",0.26257285,0.52165715,1344,1379,35
"Newton_County,_Indiana",0.26257285,0.52165715,1345,1380,35
"Noble_County,_Indiana",0.26257285,0.52165715,1346,1381,35
"Ohio_County,_Indiana",0.26257285,0.52165715,1347,1382,35
"Orange_County,_Indiana",0.26257285,0.52165715,1348,1383,35
"Owen_County,_Indiana",0.26257285,0.52165715,1349,1384,35
"Parke_County,_Indiana",0.26257285,0.52165715,1350,1385,35
"Perry_County,_Indiana",0.26257285,0.52165715,1351,1386,35
"Pike_County,_Indiana",0.26257285,0.52165715,1352,1387,35
"Porter_County,_Indiana",0.26257285,0.52165715,1353,1388,35
"Posey_County,_Indiana",0.26257285,0.52165715,1354,1389,35
"Pulaski_County,_Indiana",0.26257285,0.52165715,1355,1390,35
"Putnam_County,_Indiana",0.26257285,0.52165715,1356,1391,35
"Randolph_County,_Indiana",0.26257285,0.52165715,1357,1392,35
"Ripley_County,_Indiana",0.26257285,0.52165715,1358,1393,35
"Rush_County,_Indiana",0.26257285,0.52165715,1359,1394,35
"Scott_County,_Indiana",0.26257285,0.52165715,1360,1395,35
"Shelby_County,_Indiana",0.26257285,0.52165715,1361,1396,35
"Spencer_County,_Indiana",0.26257285,0.52165715,1362,1397,35
"St._Joseph_County,_Indiana",0.26257285,0.52165715,1363,1398,35
"Starke_County,_Indiana",0.26257285,0.52165715,1364,1399,35
"Steuben_County,_Indiana",0.26257285,0.52165715,1365,1400,35
"Sullivan_County,_Indiana",0.26257285,0.52165715,1366,1401,35
"Switzerland_County,_Indiana",0.26257285,0.52165715,1367,1402,35
"Tippecanoe_County,_Indiana",0.26257285,0.52165715,1368,1403,35
"Tipton_County,_Indiana",0.26257285,0.52165715,1369,1404,35
"Union_County,_Indiana",0.26257285,0.52165715,1370,1405,35
"Vanderburgh_County,_Indiana",0.26257285,0.52165715,1371,1406,35
"Vermillion_County,_Indiana",0.26257285,0.52165715,1372,1407,35
"Vigo_County,_Indiana",0.26257285,0.52165715,1373,1408,35
"Wabash_County,_Indiana",0.26257285,0.52165715,1374,1409,35
"Warren_County,_Indiana",0.26257285,0.52165715,1375,1410,35
"Warrick_County,_Indiana",0.26257285,0.52165715,1376,1411,35
"Washington_County,_Indiana",0.26257285,0.52165715,1377,1412,35
"Wayne_County,_Indiana",0.26257285,0.52165715,1378,1413,35
"Wells_County,_Indiana",0.26257285,0.52165715,1379,1414,35
"White_County,_Indiana",0.26257285,0.52165715,1380,1415,35
"Whitley_County,_Indiana",0.26257285,0.52165715,1381,1416,35
"Aitkin_County,_Minnesota",0.26248204,0.52065492,1382,1418,36
"Anoka_County,_Minnesota",0.26248204,0.52065492,1383,1419,36
"Becker_County,_Minnesota",0.26248204,0.52065492,1384,1420,36
"Beltrami_County,_Minnesota",0.26248204,0.52065492,1385,1421,36
"Benton_County,_Minnesota",0.26248204,0.52065492,1386,1422,36
"Big_Stone_County,_Minnesota",0.26248204,0.52065492,1387,1423,36
"Blue_Earth_County,_Minnesota",0.26248204,0.52065492,1388,1424,36
"Brown_County,_Minnesota",0.26248204,0.52065492,1389,1425,36
"Carlton_County,_Minnesota",0.26248204,0.52065492,1390,1426,36
"Carver_County,_Minnesota",0.26248204,0.52065492,1391,1427,36
"Cass_County,_Minnesota",0.26248204,0.52065492,1392,1428,36
"Chippewa_County,_Minnesota",0.26248204,0.52065492,1393,1429,36
"Chisago_County,_Minnesota",0.26248204,0.52065492,1394,1430,36
"Clay_County,_Minnesota",0.26248204,0.52065492,1395,1431,36
"Clearwater_County,_Minnesota",0.26248204,0.52065492,1396,1432,36
"Cook_County,_Minnesota",0.26248204,0.52065492,1397,1433,36
"Cottonwood_County,_Minnesota",0.26248204,0.52065492,1398,1434,36
"Crow_Wing_County,_Minnesota",0.26248204,0.52065492,1399,1435,36
"Dakota_County,_Minnesota",0.26248204,0.52065492,1400,1436,36
"Dodge_County,_Minnesota",0.26248204,0.52065492,1401,1437,36
"Douglas_County,_Minnesota",0.26248204,0.52065492,1402,1438,36
"Faribault_County,_Minnesota",0.26248204,0.52065492,1403,1439,36
"Fillmore_County,_Minnesota",0.26248204,0.52065492,1404,1440,36
"Freeborn_County,_Minnesota",0.26248204,0.52065492,1405,1441,36
"Goodhue_County,_Minnesota",0.26248204,0.52065492,1406,1442,36
"Grant_County,_Minnesota",0.26248204,0.52065492,1407,1443,36
"Hennepin_County,_Minnesota",0.26248204,0.52065492,1408,1444,36
"Houston_County,_Minnesota",0.26248204,0.52065492,1409,1445,36
"Hubbard_County,_Minnesota",0.26248204,0.52065492,1410,1446,36
"Isanti_County,_Minnesota",0.26248204,0.52065492,1411,1447,36
"Itasca_County,_Minnesota",0.26248204,0.52065492,1412,1448,36
"Jackson_County,_Minnesota",0.26248204,0.52065492,1413,1449,36
"Kanabec_County,_Minnesota",0.26248204,0.52065492,1414,1450,36
"Kandiyohi_County,_Minnesota",0.26248204,0.52065492,1415,1451,36
"Kittson_County,_Minnesota",0.26248204,0.52065492,1416,1452,36
"Koochiching_County,_Minnesota",0.26248204,0.52065492,1417,1453,36
"Lac_qui_Parle_County,_Minnesota",0.26248204,0.52065492,1418,1454,36
"Lake_County,_Minnesota",0.26248204,0.52065492,1419,1455,36
"Lake_of_the_Woods_County,_Minnesota",0.26248204,0.52065492,1420,1456,36
"Le_Sueur_County,_Minnesota",0.26248204,0.52065492,1421,1457,36
"Lincoln_County,_Minnesota",0.26248204,0.52065492,1422,1458,36
"Lyon_County,_Minnesota",0.26248204,0.52065492,1423,1459,36
"Mahnomen_County,_Minnesota",0.26248204,0.52065492,1424,1460,36
"Marshall_County,_Minnesota",0.26248204,0.52065492,1425,1461,36
"Martin_County,_Minnesota",0.26248204,0.52065492,1426,1462,36
"McLeod_County,_Minnesota",0.26248204,0.52065492,1427,1463,36
"Meeker_County,_Minnesota",0.26248204,0.52065492,1428,1464,36
"Mille_Lacs_County,_Minnesota",0.26248204,0.52065492,1429,1465,36
"Morrison_County,_Minnesota",0.26248204,0.52065492,1430,1466,36
"Mower_County,_Minnesota",0.26248204,0.52065492,1431,1467,36
"Murray_County,_Minnesota",0.26248204,0.52065492,1432,1468,36
"Nicollet_County,_Minnesota",0.26248204,0.52065492,1433,1469,36
"Nobles_County,_Minnesota",0.26248204,0.52065492,1434,1470,36
"Norman_County,_Minnesota",0.26248204,0.52065492,1435,1471,36
"Olmsted_County,_Minnesota",0.26248204,0.52065492,1436,1472,36
"Otter_Tail_County,_Minnesota",0.26248204,0.52065492,1437,1473,36
"Pennington_County,_Minnesota",0.26248204,0.52065492,1438,1474,36
"Pine_County,_Minnesota",0.26248204,0.52065492,1439,1475,36
"Pipestone_County,_Minnesota",0.26248204,0.52065492,1440,1476,36
"Polk_County,_Minnesota",0.26248204,0.52065492,1441,1477,36
"Pope_County,_Minnesota",0.26248204,0.52065492,1442,1478,36
"Ramsey_County,_Minnesota",0.26248204,0.52065492,1443,1479,36
"Red_Lake_County,_Minnesota",0.26248204,0.52065492,1444,1480,36
"Redwood_County,_Minnesota",0.26248204,0.52065492,1445,1481,36
"Renville_County,_Minnesota",0.26248204,0.52065492,1446,1482,36
"Rice_County,_Minnesota",0.26248204,0.52065492,1447,1483,36
"Rock_County,_Minnesota",0.26248204,0.52065492,1448,1484,36
"Roseau_County,_Minnesota",0.26248204,0.52065492,1449,1485,36
"Scott_County,_Minnesota",0.26248204,0.52065492,1450,1486,36
"Sherburne_County,_Minnesota",0.26248204,0.52065492,1451,1487,36
"Sibley_County,_Minnesota",0.26248204,0.52065492,1452,1488,36
"St._Louis_County,_Minnesota",0.26248204,0.52065492,1453,1489,36
"Stearns_County,_Minnesota",0.26248204,0.52065492,1454,1490,36
"Steele_County,_Minnesota",0.26248204,0.52065492,1455,1491,36
"Stevens_County,_Minnesota",0.26248204,0.52065492,1456,1492,36
"Swift_County,_Minnesota",0.26248204,0.52065492,1457,1493,36
"Todd_County,_Minnesota",0.26248204,0.52065492,1458,1494,36
"Traverse_County,_Minnesota",0.26248204,0.52065492,1459,1495,36
"Wabasha_County,_Minnesota",0.26248204,0.52065492,1460,1496,36
"Wadena_County,_Minnesota",0.26248204,0.52065492,1461,1497,36
"Waseca_County,_Minnesota",0.26248204,0.52065492,1462,1498,36
"Washington_County,_Minnesota",0.26248204,0.52065492,1463,1499,36
"Watonwan_County,_Minnesota",0.26248204,0.52065492,1464,1500,36
"Wilkin_County,_Minnesota",0.26248204,0.52065492,1465,1501,36
"Winona_County,_Minnesota",0.26248204,0.52065492,1466,1502,36
"Wright_County,_Minnesota",0.26248204,0.52065492,1467,1503,36
"Yellow_Medicine_County,_Minnesota",0.26248204,0.52065492,1468,1504,36
"Adams_County,_Mississippi",0.26238060,0.51954035,1469,1507,38
"Alcorn_County,_Mississippi",0.26238060,0.51954035,1470,1508,38
"Amite_County,_Mississippi",0.26238060,0.51954035,1471,1509,38
"Attala_County,_Mississippi",0.26238060,0.51954035,1472,1510,38
"Benton_County,_Mississippi",0.26238060,0.51954035,1473,1511,38
"Bolivar_County,_Mississippi",0.26238060,0.51954035,1474,1512,38
"Calhoun_County,_Mississippi",0.26238060,0.51954035,1475,1513,38
"Carroll_County,_Mississippi",0.26238060,0.51954035,1476,1514,38
"Chickasaw_County,_Mississippi",0.26238060,0.51954035,1477,1515,38
"Choctaw_County,_Mississippi",0.26238060,0.51954035,1478,1516,38
"Claiborne_County,_Mississippi",0.26238060,0.51954035,1479,1517,38
"Clarke_County,_Mississippi",0.26238060,0.51954035,1480,1518,38
"Clay_County,_Mississippi",0.26238060,0.51954035,1481,1519,38
"Coahoma_County,_Mississippi",0.26238060,0.51954035,1482,1520,38
"Copiah_County,_Mississippi",0.26238060,0.51954035,1483,1521,38
"Covington_County,_Mississippi",0.26238060,0.51954035,1484,1522,38
"DeSoto_County,_Mississippi",0.26238060,0.51954035,1485,1523,38
"Forrest_County,_Mississippi",0.26238060,0.51954035,1486,1524,38
"Franklin_County,_Mississippi",0.26238060,0.51954035,1487,1525,38
"George_County,_Mississippi",0.26238060,0.51954035,1488,1526,38
"Greene_County,_Mississippi",0.26238060,0.51954035,1489,1527,38
"Grenada_County,_Mississippi",0.26238060,0.51954035,1490,1528,38
"Hancock_County,_Mississippi",0.26238060,0.51954035,1491,1529,38
"Harrison_County,_Mississippi",0.26238060,0.51954035,1492,1530,38
"Hinds_County,_Mississippi",0.26238060,0.51954035,1493,1531,38
"Holmes_County,_Mississippi",0.26238060,0.51954035,1494,1532,38
"Humphreys_County,_Mississippi",0.26238060,0.51954035,1495,1533,38
"Issaquena_County,_Mississippi",0.26238060,0.51954035,1496,1534,38
"Itawamba_County,_Mississippi",0.26238060,0.51954035,1497,1535,38
"Jackson_County,_Mississippi",0.26238060,0.51954035,1498,1536,38
"Jasper_County,_Mississippi",0.26238060,0.51954035,1499,1537,38
"Jefferson_County,_Mississippi",0.26238060,0.51954035,1500,1538,38
"Jefferson_Davis_County,_Mississippi",0.26238060,0.51954035,1501,1539,38
"Jones_County,_Mississippi",0.26238060,0.51954035,1502,1540,38
"Kemper_County,_Mississippi",0.26238060,0.51954035,1503,1541,38
"Lafayette_County,_Mississippi",0.26238060,0.51954035,1504,1542,38
"Lamar_County,_Mississippi",0.26238060,0.51954035,1505,1543,38
"Lauderdale_County,_Mississippi",0.26238060,0.51954035,1506,1544,38
"Lawrence_County,_Mississippi",0.26238060,0.51954035,1507,1545,38
"Leake_County,_Mississippi",0.26238060,0.51954035,1508,1546,38
"Lee_County,_Mississippi",0.26238060,0.51954035,1509,1547,38
"Leflore_County,_Mississippi",0.26238060,0.51954035,1510,1548,38
"Lincoln_County,_Mississippi",0.26238060,0.51954035,1511,1549,38
"Lowndes_County,_Mississippi",0.26238060,0.51954035,1512,1550,38
"Madison_County,_Mississippi",0.26238060,0.51954035,1513,1551,38
"Marion_County,_Mississippi",0.26238060,0.51954035,1514,1552,38
"Marshall_County,_Mississippi",0.26238060,0.51954035,1515,1553,38
"Monroe_County,_Mississippi",0.26238060,0.51954035,1516,1554,38
"Montgomery_County,_Mississippi",0.26238060,0.51954035,1517,1555,38
"Neshoba_County,_Mississippi",0.26238060,0.51954035,1518,1556,38
"Newton_County,_Mississippi",0.26238060,0.51954035,1519,1557,38
"Noxubee_County,_Mississippi",0.26238060,0.51954035,1520,1558,38
"Oktibbeha_County,_Mississippi",0.26238060,0.51954035,1521,1559,38
"Panola_County,_Mississippi",0.26238060,0.51954035,1522,1560,38
"Pearl_River_County,_Mississippi",0.26238060,0.51954035,1523,1561,38
"Perry_County,_Mississippi",0.26238060,0.51954035,1524,1562,38
"Pike_County,_Mississippi",0.26238060,0.51954035,1525,1563,38
"Pontotoc_County,_Mississippi",0.26238060,0.51954035,1526,1564,38
"Prentiss_County,_Mississippi",0.26238060,0.51954035,1527,1565,38
"Quitman_County,_Mississippi",0.26238060,0.51954035,1528,1566,38
"Rankin_County,_Mississippi",0.26238060,0.51954035,1529,1567,38
"Scott_County,_Mississippi",0.26238060,0.51954035,1530,1568,38
"Sharkey_County,_Mississippi",0.26238060,0.51954035,1531,1569,38
"Simpson_County,_Mississippi",0.26238060,0.51954035,1532,1570,38
"Smith_County,_Mississippi",0.26238060,0.51954035,1533,1571,38
"Stone_County,_Mississippi",0.26238060,0.51954035,1534,1572,38
"Sunflower_County,_Mississippi",0.26238060,0.51954035,1535,1573,38
"Tallahatchie_County,_Mississippi",0.26238060,0.51954035,1536,1574,38
"Tate_County,_Mississippi",0.26238060,0.51954035,1537,1575,38
"Tippah_County,_Mississippi",0.26238060,0.51954035,1538,1576,38
"Tishomingo_County,_Mississippi",0.26238060,0.51954035,1539,1577,38
"Tunica_County,_Mississippi",0.26238060,0.51954035,1540,1578,38
"Union_County,_Mississippi",0.26238060,0.51954035,1541,1579,38
"Walthall_County,_Mississippi",0.26238060,0.51954035,1542,1580,38
"Warren_County,_Mississippi",0.26238060,0.51954035,1543,1581,38
"Washington_County,_Mississippi",0.26238060,0.51954035,1544,1582,38
"Wayne_County,_Mississippi",0.26238060,0.51954035,1545,1583,38
"Webster_County,_Mississippi",0.26238060,0.51954035,1546,1584,38
"Wilkinson_County,_Mississippi",0.26238060,0.51954035,1547,1585,38
"Winston_County,_Mississippi",0.26238060,0.51954035,1548,1586,38
"Yalobusha_County,_Mississippi",0.26238060,0.51954035,1549,1587,38
"Yazoo_County,_Mississippi",0.26238060,0.51954035,1550,1588,38
"Adair_County,_Oklahoma",0.26226657,0.51829342,1551,1591,40
"Alfalfa_County,_Oklahoma",0.26226657,0.51829342,1552,1592,40
"Atoka_County,_Oklahoma",0.26226657,0.51829342,1553,1593,40
"Beaver_County,_Oklahoma",0.26226657,0.51829342,1554,1594,40
"Beckham_County,_Oklahoma",0.26226657,0.51829342,1555,1595,40
"Blaine_County,_Oklahoma",0.26226657,0.51829342,1556,1596,40
"Bryan_County,_Oklahoma",0.26226657,0.51829342,1557,1597,40
"Caddo_County,_Oklahoma",0.26226657,0.51829342,1558,1598,40
"Canadian_County,_Oklahoma",0.26226657,0.51829342,1559,1599,40
"Carter_County,_Oklahoma",0.26226657,0.51829342,1560,1600,40
"Cherokee_County,_Oklahoma",0.26226657,0.51829342,1561,1601,40
"Choctaw_County,_Oklahoma",0.26226657,0.51829342,1562,1602,40
"Cimarron_County,_Oklahoma",0.26226657,0.51829342,1563,1603,40
"Cleveland_County,_Oklahoma",0.26226657,0.51829342,1564,1604,40
"Coal_County,_Oklahoma",0.26226657,0.51829342,1565,1605,40
"Comanche_County,_Oklahoma",0.26226657,0.51829342,1566,1606,40
"Cotton_County,_Oklahoma",0.26226657,0.51829342,1567,1607,40
"Craig_County,_Oklahoma",0.26226657,0.51829342,1568,1608,40
"Creek_County,_Oklahoma",0.26226657,0.51829342,1569,1609,40
"Custer_County,_Oklahoma",0.26226657,0.51829342,1570,1610,40
"Delaware_County,_Oklahoma",0.26226657,0.51829342,1571,1611,40
"Dewey_County,_Oklahoma",0.26226657,0.51829342,1572,1612,40
"Ellis_County,_Oklahoma",0.26226657,0.51829342,1573,1613,40
"Garfield_County,_Oklahoma",0.26226657,0.51829342,1574,1614,40
"Garvin_County,_Oklahoma",0.26226657,0.51829342,1575,1615,40
"Grady_County,_Oklahoma",0.26226657,0.51829342,1576,1616,40
"Grant_County,_Oklahoma",0.26226657,0.51829342,1577,1617,40
"Greer_County,_Oklahoma",0.26226657,0.51829342,1578,1618,40
"Harmon_County,_Oklahoma",0.26226657,0.51829342,1579,1619,40
"Harper_County,_Oklahoma",0.26226657,0.51829342,1580,1620,40
"Haskell_County,_Oklahoma",0.26226657,0.51829342,1581,1621,40
"Hughes_County,_Oklahoma",0.26226657,0.51829342,1582,1622,40
"Jackson_County,_Oklahoma",0.26226657,0.51829342,1583,1623,40
"Jefferson_County,_Oklahoma",0.26226657,0.51829342,1584,1624,40
"Johnston_County,_Oklahoma",0.26226657,0.51829342,1585,1625,40
"Kay_County,_Oklahoma",0.26226657,0.51829342,1586,1626,40
"Kingfisher_County,_Oklahoma",0.26226657,0.51829342,1587,1627,40
"Kiowa_County,_Oklahoma",0.26226657,0.51829342,1588,1628,40
"Latimer_County,_Oklahoma",0.26226657,0.51829342,1589,1629,40
"Le_Flore_County,_Oklahoma",0.26226657,0.51829342,1590,1630,40
"Lincoln_County,_Oklahoma",0.26226657,0.51829342,1591,1631,40
"Logan_County,_Oklahoma",0.26226657,0.51829342,1592,1632,40
"Love_County,_Oklahoma",0.26226657,0.51829342,1593,1633,40
"Major_County,_Oklahoma",0.26226657,0.51829342,1594,1634,40
"Marshall_County,_Oklahoma",0.26226657,0.51829342,1595,1635,40
"Mayes_County,_Oklahoma",0.26226657,0.51829342,1596,1636,40
"McClain_County,_Oklahoma",0.26226657,0.51829342,1597,1637,40
"McCurtain_County,_Oklahoma",0.26226657,0.51829342,1598,1638,40
"McIntosh_County,_Oklahoma",0.26226657,0.51829342,1599,1639,40
"Murray_County,_Oklahoma",0.26226657,0.51829342,1600,1640,40
"Muskogee_County,_Oklahoma",0.26226657,0.51829342,1601,1641,40
"Noble_County,_Oklahoma",0.26226657,0.51829342,1602,1642,40
"Nowata_County,_Oklahoma",0.26226657,0.51829342,1603,1643,40
"Okfuskee_County,_Oklahoma",0.26226657,0.51829342,1604,1644,40
"Oklahoma_County,_Oklahoma",0.26226657,0.51829342,1605,1645,40
"Okmulgee_County,_Oklahoma",0.26226657,0.51829342,1606,1646,40
"Osage_County,_Oklahoma",0.26226657,0.51829342,1607,1647,40
"Ottawa_County,_Oklahoma",0.26226657,0.51829342,1608,1648,40
"Pawnee_County,_Oklahoma",0.26226657,0.51829342,1609,1649,40
"Payne_County,_Oklahoma",0.26226657,0.51829342,1610,1650,40
"Pittsburg_County,_Oklahoma",0.26226657,0.51829342,1611,1651,40
"Pontotoc_County,_Oklahoma",0.26226657,0.51829342,1612,1652,40
"Pottawatomie_County,_Oklahoma",0.26226657,0.51829342,1613,1653,40
"Pushmataha_County,_Oklahoma",0.26226657,0.51829342,1614,1654,40
"Roger_Mills_County,_Oklahoma",0.26226657,0.51829342,1615,1655,40
"Rogers_County,_Oklahoma",0.26226657,0.51829342,1616,1656,40
"Seminole_County,_Oklahoma",0.26226657,0.51829342,1617,1657,40
"Sequoyah_County,_Oklahoma",0.26226657,0.51829342,1618,1658,40
"Stephens_County,_Oklahoma",0.26226657,0.51829342,1619,1659,40
"Texas_County,_Oklahoma",0.26226657,0.51829342,1620,1660,40
"Tillman_County,_Oklahoma",0.26226657,0.51829342,1621,1661,40
"Tulsa_County,_Oklahoma",0.26226657,0.51829342,1622,1662,40
"Wagoner_County,_Oklahoma",0.26226657,0.51829342,1623,1663,40
"Washington_County,_Oklahoma",0.26226657,0.51829342,1624,1664,40
"Washita_County,_Oklahoma",0.26226657,0.51829342,1625,1665,40
"Woods_County,_Oklahoma",0.26226657,0.51829342,1626,1666,40
"Woodward_County,_Oklahoma",0.26226657,0.51829342,1627,1667,40
"Arkansas_County,_Arkansas",0.26221689,0.51775217,1628,1669,41
"Ashley_County,_Arkansas",0.26221689,0.51775217,1629,1670,41
"Baxter_County,_Arkansas",0.26221689,0.51775217,1630,1671,41
"Benton_County,_Arkansas",0.26221689,0.51775217,1631,1672,41
"Boone_County,_Arkansas",0.26221689,0.51775217,1632,1673,41
"Bradley_County,_Arkansas",0.26221689,0.51775217,1633,1674,41
"Calhoun_County,_Arkansas",0.26221689,0.51775217,1634,1675,41
"Carroll_County,_Arkansas",0.26221689,0.51775217,1635,1676,41
"Chicot_County,_Arkansas",0.26221689,0.51775217,1636,1677,41
"Clark_County,_Arkansas",0.26221689,0.51775217,1637,1678,41
"Clay_County,_Arkansas",0.26221689,0.51775217,1638,1679,41
"Cleburne_County,_Arkansas",0.26221689,0.51775217,1639,1680,41
"Cleveland_County,_Arkansas",0.26221689,0.51775217,1640,1681,41
"Columbia_County,_Arkansas",0.26221689,0.51775217,1641,1682,41
"Conway_County,_Arkansas",0.26221689,0.51775217,1642,1683,41
"Craighead_County,_Arkansas",0.26221689,0.51775217,1643,1684,41
"Crawford_County,_Arkansas",0.26221689,0.51775217,1644,1685,41
"Crittenden_County,_Arkansas",0.26221689,0.51775217,1645,1686,41
"Cross_County,_Arkansas",0.26221689,0.51775217,1646,1687,41
"Dallas_County,_Arkansas",0.26221689,0.51775217,1647,1688,41
"Desha_County,_Arkansas",0.26221689,0.51775217,1648,1689,41
"Drew_County,_Arkansas",0.26221689,0.51775217,1649,1690,41
"Faulkner_County,_Arkansas",0.26221689,0.51775217,1650,1691,41
"Franklin_County,_Arkansas",0.26221689,0.51775217,1651,1692,41
"Fulton_County,_Arkansas",0.26221689,0.51775217,1652,1693,41
"Garland_County,_Arkansas",0.26221689,0.51775217,1653,1694,41
"Grant_County,_Arkansas",0.26221689,0.51775217,1654,1695,41
"Greene_County,_Arkansas",0.26221689,0.51775217,1655,1696,41
"Hempstead_County,_Arkansas",0.26221689,0.51775217,1656,1697,41
"Hot_Spring_County,_Arkansas",0.26221689,0.51775217,1657,1698,41
"Howard_County,_Arkansas",0.26221689,0.51775217,1658,1699,41
"Independence_County,_Arkansas",0.26221689,0.51775217,1659,1700,41
"Izard_County,_Arkansas",0.26221689,0.51775217,1660,1701,41
"Jackson_County,_Arkansas",0.26221689,0.51775217,1661,1702,41
"Jefferson_County,_Arkansas",0.26221689,0.51775217,1662,1703,41
"Johnson_County,_Arkansas",0.26221689,0.51775217,1663,1704,41
"Lafayette_County,_Arkansas",0.26221689,0.51775217,1664,1705,41
"Lawrence_County,_Arkansas",0.26221689,0.51775217,1665,1706,41
"Lee_County,_Arkansas",0.26221689,0.51775217,1666,1707,41
"Lincoln_County,_Arkansas",0.26221689,0.51775217,1667,1708,41
"Little_River_County,_Arkansas",0.26221689,0.51775217,1668,1709,41
"Logan_County,_Arkansas",0.26221689,0.51775217,1669,1710,41
"Lonoke_County,_Arkansas",0.26221689,0.51775217,1670,1711,41
"Madison_County,_Arkansas",0.26221689,0.51775217,1671,1712,41
"Marion_County,_Arkansas",0.26221689,0.51775217,1672,1713,41
"Miller_County,_Arkansas",0.26221689,0.51775217,1673,1714,41
"Mississippi_County,_Arkansas",0.26221689,0.51775217,1674,1715,41
"Monroe_County,_Arkansas",0.26221689,0.51775217,1675,1716,41
"Montgomery_County,_Arkansas",0.26221689,0.51775217,1676,1717,41
"Nevada_County,_Arkansas",0.26221689,0.51775217,1677,1718,41
"Newton_County,_Arkansas",0.26221689,0.51775217,1678,1719,41
"Ouachita_County,_Arkansas",0.26221689,0.51775217,1679,1720,41
"Perry_County,_Arkansas",0.26221689,0.51775217,1680,1721,41
"Phillips_County,_Arkansas",0.26221689,0.51775217,1681,1722,41
"Pike_County,_Arkansas",0.26221689,0.51775217,1682,1723,41
"Poinsett_County,_Arkansas",0.26221689,0.51775217,1683,1724,41
"Polk_County,_Arkansas",0.26221689,0.51775217,1684,1725,41
"Pope_County,_Arkansas",0.26221689,0.51775217,1685,1726,41
"Prairie_County,_Arkansas",0.26221689,0.51775217,1686,1727,41
"Pulaski_County,_Arkansas",0.26221689,0.51775217,1687,1728,41
"Randolph_County,_Arkansas",0.26221689,0.51775217,1688,1729,41
"Saline_County,_Arkansas",0.26221689,0.51775217,1689,1730,41
"Scott_County,_Arkansas",0.26221689,0.51775217,1690,1731,41
"Searcy_County,_Arkansas",0.26221689,0.51775217,1691,1732,41
"Sebastian_County,_Arkansas",0.26221689,0.51775217,1692,1733,41
"Sevier_County,_Arkansas",0.26221689,0.51775217,1693,1734,41
"Sharp_County,_Arkansas",0.26221689,0.51775217,1694,1735,41
"St._Francis_County,_Arkansas",0.26221689,0.51775217,1695,1736,41
"Stone_County,_Arkansas",0.26221689,0.51775217,1696,1737,41
"Union_County,_Arkansas",0.26221689,0.51775217,1697,1738,41
"Van_Buren_County,_Arkansas",0.26221689,0.51775217,1698,1739,41
"Washington_County,_Arkansas",0.26221689,0.51775217,1699,1740,41
"White_County,_Arkansas",0.26221689,0.51775217,1700,1741,41
"Woodruff_County,_Arkansas",0.26221689,0.51775217,1701,1742,41
"Yell_County,_Arkansas",0.26221689,0.51775217,1702,1743,41
"Adams_County,_Wisconsin",0.26213744,0.51688906,1703,1745,42
"Ashland_County,_Wisconsin",0.26213744,0.51688906,1704,1746,42
"Barron_County,_Wisconsin",0.26213744,0.51688906,1705,1747,42
"Bayfield_County,_Wisconsin",0.26213744,0.51688906,1706,1748,42
"Brown_County,_Wisconsin",0.26213744,0.51688906,1707,1749,42
"Buffalo_County,_Wisconsin",0.26213744,0.51688906,1708,1750,42
"Burnett_County,_Wisconsin",0.26213744,0.51688906,1709,1751,42
"Calumet_County,_Wisconsin",0.26213744,0.51688906,1710,1752,42
"Chippewa_County,_Wisconsin",0.26213744,0.51688906,1711,1753,42
"Clark_County,_Wisconsin",0.26213744,0.51688906,1712,1754,42
"Columbia_County,_Wisconsin",0.26213744,0.51688906,1713,1755,42
"Crawford_County,_Wisconsin",0.26213744,0.51688906,1714,1756,42
"Dane_County,_Wisconsin",0.26213744,0.51688906,1715,1757,42
"Dodge_County,_Wisconsin",0.26213744,0.51688906,1716,1758,42
"Door_County,_Wisconsin",0.26213744,0.51688906,1717,1759,42
"Douglas_County,_Wisconsin",0.26213744,0.51688906,1718,1760,42
"Dunn_County,_Wisconsin",0.26213744,0.51688906,1719,1761,42
"Eau_Claire_County,_Wisconsin",0.26213744,0.51688906,1720,1762,42
"Florence_County,_Wisconsin",0.26213744,0.51688906,1721,1763,42
"Fond_du_Lac_County,_Wisconsin",0.26213744,0.51688906,1722,1764,42
"Forest_County,_Wisconsin",0.26213744,0.51688906,1723,1765,42
"Grant_County,_Wisconsin",0.26213744,0.51688906,1724,1766,42
"Green_County,_Wisconsin",0.26213744,0.51688906,1725,1767,42
"Green_Lake_County,_Wisconsin",0.26213744,0.51688906,1726,1768,42
"Iowa_County,_Wisconsin",0.26213744,0.51688906,1727,1769,42
"Iron_County,_Wisconsin",0.26213744,0.51688906,1728,1770,42
"Jackson_County,_Wisconsin",0.26213744,0.51688906,1729,1771,42
"Jefferson_County,_Wisconsin",0.26213744,0.51688906,1730,1772,42
"Juneau_County,_Wisconsin",0.26213744,0.51688906,1731,1773,42
"Kenosha_County,_Wisconsin",0.26213744,0.51688906,1732,1774,42
"Kewaunee_County,_Wisconsin",0.26213744,0.51688906,1733,1775,42
"La_Crosse_County,_Wisconsin",0.26213744,0.51688906,1734,1776,42
"Lafayette_County,_Wisconsin",0.26213744,0.51688906,1735,1777,42
"Langlade_County,_Wisconsin",0.26213744,0.51688906,1736,1778,42
"Lincoln_County,_Wisconsin",0.26213744,0.51688906,1737,1779,42
"Manitowoc_County,_Wisconsin",0.26213744,0.51688906,1738,1780,42
"Marathon_County,_Wisconsin",0.26213744,0.51688906,1739,1781,42
"Marinette_County,_Wisconsin",0.26213744,0.51688906,1740,1782,42
"Marquette_County,_Wisconsin",0.26213744,0.51688906,1741,1783,42
"Menominee_County,_Wisconsin",0.26213744,0.51688906,1742,1784,42
"Milwaukee_County,_Wisconsin",0.26213744,0.51688906,1743,1785,42
"Monroe_County,_Wisconsin",0.26213744,0.51688906,1744,1786,42
"Oconto_County,_Wisconsin",0.26213744,0.51688906,1745,1787,42
"Oneida_County,_Wisconsin",0.26213744,0.51688906,1746,1788,42
"Outagamie_County,_Wisconsin",0.26213744,0.51688906,1747,1789,42
"Ozaukee_County,_Wisconsin",0.26213744,0.51688906,1748,1790,42
"Pepin_County,_Wisconsin",0.26213744,0.51688906,1749,1791,42
"Pierce_County,_Wisconsin",0.26213744,0.51688906,1750,1792,42
"Polk_County,_Wisconsin",0.26213744,0.51688906,1751,1793,42
"Portage_County,_Wisconsin",0.26213744,0.51688906,1752,1794,42
"Price_County,_Wisconsin",0.26213744,0.51688906,1753,1795,42
"Racine_County,_Wisconsin",0.26213744,0.51688906,1754,1796,42
"Richland_County,_Wisconsin",0.26213744,0.51688906,1755,1797,42
"Rock_County,_Wisconsin",0.26213744,0.51688906,1756,1798,42
"Rusk_County,_Wisconsin",0.26213744,0.51688906,1757,1799,42
"Sauk_County,_Wisconsin",0.26213744,0.51688906,1758,1800,42
"Sawyer_County,_Wisconsin",0.26213744,0.51688906,1759,1801,42
"Shawano_County,_Wisconsin",0.26213744,0.51688906,1760,1802,42
"Sheboygan_County,_Wisconsin",0.26213744,0.51688906,1761,1803,42
"St._Croix_County,_Wisconsin",0.26213744,0.51688906,1762,1804,42
"Taylor_County,_Wisconsin",0.26213744,0.51688906,1763,1805,42
"Trempealeau_County,_Wisconsin",0.26213744,0.51688906,1764,1806,42
"Vernon_County,_Wisconsin",0.26213744,0.51688906,1765,1807,42
"Vilas_County,_Wisconsin",0.26213744,0.51688906,1766,1808,42
"Walworth_County,_Wisconsin",0.26213744,0.51688906,1767,1809,42
"Washburn_County,_Wisconsin",0.26213744,0.51688906,1768,1810,42
"Washington_County,_Wisconsin",0.26213744,0.51688906,1769,1811,42
"Waukesha_County,_Wisconsin",0.26213744,0.51688906,1770,1812,42
"Waupaca_County,_Wisconsin",0.26213744,0.51688906,1771,1813,42
"Waushara_County,_Wisconsin",0.26213744,0.51688906,1772,1814,42
"Winnebago_County,_Wisconsin",0.26213744,0.51688906,1773,1815,42
"Wood_County,_Wisconsin",0.26213744,0.51688906,1774,1816,42
"Appling_County,_Georgia",0.26207481,0.52226202,1775,1069,-706
"Atkinson_County,_Georgia",0.26207481,0.52226202,1776,1070,-706
"Bacon_County,_Georgia",0.26207481,0.52226202,1777,1071,-706
"Baker_County,_Georgia",0.26207481,0.52226202,1778,1072,-706
"Baldwin_County,_Georgia",0.26207481,0.52226202,1779,1073,-706
"Banks_County,_Georgia",0.26207481,0.52226202,1780,1074,-706
"Barrow_County,_Georgia",0.26207481,0.52226202,1781,1075,-706
"Bartow_County,_Georgia",0.26207481,0.52226202,1782,1076,-706
"Ben_Hill_County,_Georgia",0.26207481,0.52226202,1783,1077,-706
"Berrien_County,_Georgia",0.26207481,0.52226202,1784,1078,-706
"Bibb_County,_Georgia",0.26207481,0.52226202,1785,1079,-706
"Bleckley_County,_Georgia",0.26207481,0.52226202,1786,1080,-706
"Brantley_County,_Georgia",0.26207481,0.52226202,1787,1081,-706
"Brooks_County,_Georgia",0.26207481,0.52226202,1788,1082,-706
"Bryan_County,_Georgia",0.26207481,0.52226202,1789,1083,-706
"Bulloch_County,_Georgia",0.26207481,0.52226202,1790,1084,-706
"Burke_County,_Georgia",0.26207481,0.52226202,1791,1085,-706
"Butts_County,_Georgia",0.26207481,0.52226202,1792,1086,-706
"Calhoun_County,_Georgia",0.26207481,0.52226202,1793,1087,-706
"Camden_County,_Georgia",0.26207481,0.52226202,1794,1088,-706
"Candler_County,_Georgia",0.26207481,0.52226202,1795,1089,-706
"Carroll_County,_Georgia",0.26207481,0.52226202,1796,1090,-706
"Catoosa_County,_Georgia",0.26207481,0.52226202,1797,1091,-706
"Charlton_County,_Georgia",0.26207481,0.52226202,1798,1092,-706
"Chattahoochee_County,_Georgia",0.26207481,0.52226202,1799,1093,-706
"Chattooga_County,_Georgia",0.26207481,0.52226202,1800,1094,-706
"Cherokee_County,_Georgia",0.26207481,0.52226202,1801,1095,-706
"Clarke_County,_Georgia",0.26207481,0.52226202,1802,1096,-706
"Clay_County,_Georgia",0.26207481,0.52226202,1803,1097,-706
"Clayton_County,_Georgia",0.26207481,0.52226202,1804,1098,-706
"Clinch_County,_Georgia",0.26207481,0.52226202,1805,1099,-706
"Cobb_County,_Georgia",0.26207481,0.52226202,1806,1100,-706
"Coffee_County,_Georgia",0.26207481,0.52226202,1807,1101,-706
"Colquitt_County,_Georgia",0.26207481,0.52226202,1808,1102,-706
"Columbia_County,_Georgia",0.26207481,0.52226202,1809,1103,-706
"Cook_County,_Georgia",0.26207481,0.52226202,1810,1104,-706
"Coweta_County,_Georgia",0.26207481,0.52226202,1811,1105,-706
"Crawford_County,_Georgia",0.26207481,0.52226202,1812,1106,-706
"Crisp_County,_Georgia",0.26207481,0.52226202,1813,1107,-706
"Dade_County,_Georgia",0.26207481,0.52226202,1814,1108,-706
"Dawson_County,_Georgia",0.26207481,0.52226202,1815,1109,-706
"DeKalb_County,_Georgia",0.26207481,0.52226202,1816,1110,-706
"Decatur_County,_Georgia",0.26207481,0.52226202,1817,1111,-706
"Dodge_County,_Georgia",0.26207481,0.52226202,1818,1112,-706
"Dooly_County,_Georgia",0.26207481,0.52226202,1819,1113,-706
"Dougherty_County,_Georgia",0.26207481,0.52226202,1820,1114,-706
"Douglas_County,_Georgia",0.26207481,0.52226202,1821,1115,-706
"Early_County,_Georgia",0.26207481,0.52226202,1822,1116,-706
"Echols_County,_Georgia",0.26207481,0.52226202,1823,1117,-706
"Effingham_County,_Georgia",0.26207481,0.52226202,1824,1118,-706
"Elbert_County,_Georgia",0.26207481,0.52226202,1825,1119,-706
"Emanuel_County,_Georgia",0.26207481,0.52226202,1826,1120,-706
"Evans_County,_Georgia",0.26207481,0.52226202,1827,1121,-706
"Fannin_County,_Georgia",0.26207481,0.52226202,1828,1122,-706
"Fayette_County,_Georgia",0.26207481,0.52226202,1829,1123,-706
"Floyd_County,_Georgia",0.26207481,0.52226202,1830,1124,-706
"Forsyth_County,_Georgia",0.26207481,0.52226202,1831,1125,-706
"Franklin_County,_Georgia",0.26207481,0.52226202,1832,1126,-706
"Fulton_County,_Georgia",0.26207481,0.52226202,1833,1127,-706
"Gilmer_County,_Georgia",0.26207481,0.52226202,1834,1128,-706
"Glascock_County,_Georgia",0.26207481,0.52226202,1835,1129,-706
"Glynn_County,_Georgia",0.26207481,0.52226202,1836,1130,-706
"Gordon_County,_Georgia",0.26207481,0.52226202,1837,1131,-706
"Grady_County,_Georgia",0.26207481,0.52226202,1838,1132,-706
"Greene_County,_Georgia",0.26207481,0.52226202,1839,1133,-706
"Gwinnett_County,_Georgia",0.26207481,0.52226202,1840,1134,-706
"Habersham_County,_Georgia",0.26207481,0.52226202,1841,1135,-706
"Hall_County,_Georgia",0.26207481,0.52226202,1842,1136,-706
"Hancock_County,_Georgia",0.26207481,0.52226202,1843,1137,-706
"Haralson_County,_Georgia",0.26207481,0.52226202,1844,1138,-706
"Harris_County,_Georgia",0.26207481,0.52226202,1845,1139,-706
"Hart_County,_Georgia",0.26207481,0.52226202,1846,1140,-706
"Heard_County,_Georgia",0.26207481,0.52226202,1847,1141,-706
"Henry_County,_Georgia",0.26207481,0.52226202,1848,1142,-706
"Houston_County,_Georgia",0.26207481,0.52226202,1849,1143,-706
"Irwin_County,_Georgia",0.26207481,0.52226202,1850,1144,-706
"Jackson_County,_Georgia",0.26207481,0.52226202,1851,1145,-706
"Jasper_County,_Georgia",0.26207481,0.52226202,1852,1146,-706
"Jeff_Davis_County,_Georgia",0.26207481,0.52226202,1853,1147,-706
"Jefferson_County,_Georgia",0.26207481,0.52226202,1854,1148,-706
"Jenkins_County,_Georgia",0.26207481,0.52226202,1855,1149,-706
"Johnson_County,_Georgia",0.26207481,0.52226202,1856,1150,-706
"Jones_County,_Georgia",0.26207481,0.52226202,1857,1151,-706
"Lamar_County,_Georgia",0.26207481,0.52226202,1858,1152,-706
"Lanier_County,_Georgia",0.26207481,0.52226202,1859,1153,-706
"Laurens_County,_Georgia",0.26207481,0.52226202,1860,1154,-706
"Lee_County,_Georgia",0.26207481,0.52226202,1861,1155,-706
"Liberty_County,_Georgia",0.26207481,0.52226202,1862,1156,-706
"Lincoln_County,_Georgia",0.26207481,0.52226202,1863,1157,-706
"Long_County,_Georgia",0.26207481,0.52226202,1864,1158,-706
"Lowndes_County,_Georgia",0.26207481,0.52226202,1865,1159,-706
"Lumpkin_County,_Georgia",0.26207481,0.52226202,1866,1160,-706
"Macon_County,_Georgia",0.26207481,0.52226202,1867,1161,-706
"Madison_County,_Georgia",0.26207481,0.52226202,1868,1162,-706
"Marion_County,_Georgia",0.26207481,0.52226202,1869,1163,-706
"McDuffie_County,_Georgia",0.26207481,0.52226202,1870,1164,-706
"McIntosh_County,_Georgia",0.26207481,0.52226202,1871,1165,-706
"Meriwether_County,_Georgia",0.26207481,0.52226202,1872,1166,-706
"Miller_County,_Georgia",0.26207481,0.52226202,1873,1167,-706
"Mitchell_County,_Georgia",0.26207481,0.52226202,1874,1168,-706
"Monroe_County,_Georgia",0.26207481,0.52226202,1875,1169,-706
"Montgomery_County,_Georgia",0.26207481,0.52226202,1876,1170,-706
"Morgan_County,_Georgia",0.26207481,0.52226202,1877,1171,-706
"Murray_County,_Georgia",0.26207481,0.52226202,1878,1172,-706
"Muscogee_County,_Georgia",0.26207481,0.52226202,1879,1173,-706
"Newton_County,_Georgia",0.26207481,0.52226202,1880,1174,-706
"Oconee_County,_Georgia",0.26207481,0.52226202,1881,1175,-706
"Oglethorpe_County,_Georgia",0.26207481,0.52226202,1882,1176,-706
"Paulding_County,_Georgia",0.26207481,0.52226202,1883,1177,-706
"Peach_County,_Georgia",0.26207481,0.52226202,1884,1178,-706
"Pickens_County,_Georgia",0.26207481,0.52226202,1885,1179,-706
"Pierce_County,_Georgia",0.26207481,0.52226202,1886,1180,-706
"Pike_County,_Georgia",0.26207481,0.52226202,1887,1181,-706
"Polk_County,_Georgia",0.26207481,0.52226202,1888,1182,-706
"Pulaski_County,_Georgia",0.26207481,0.52226202,1889,1183,-706
"Putnam_County,_Georgia",0.26207481,0.52226202,1890,1184,-706
"Quitman_County,_Georgia",0.26207481,0.52226202,1891,1185,-706
"Rabun_County,_Georgia",0.26207481,0.52226202,1892,1186,-706
"Randolph_County,_Georgia",0.26207481,0.52226202,1893,1187,-706
"Richmond_County,_Georgia",0.26207481,0.52226202,1894,1188,-706
"Rockdale_County,_Georgia",0.26207481,0.52226202,1895,1189,-706
"Schley_County,_Georgia",0.26207481,0.52226202,1896,1190,-706
"Screven_County,_Georgia",0.26207481,0.52226202,1897,1191,-706
"Seminole_County,_Georgia",0.26207481,0.52226202,1898,1192,-706
"Spalding_County,_Georgia",0.26207481,0.52226202,1899,1193,-706
"Stephens_County,_Georgia",0.26207481,0.52226202,1900,1194,-706
"Stewart_County,_Georgia",0.26207481,0.52226202,1901,1195,-706
"Sumter_County,_Georgia",0.26207481,0.52226202,1902,1196,-706
"Talbot_County,_Georgia",0.26207481,0.52226202,1903,1197,-706
"Taliaferro_County,_Georgia",0.26207481,0.52226202,1904,1198,-706
"Tattnall_County,_Georgia",0.26207481,0.52226202,1905,1199,-706
"Taylor_County,_Georgia",0.26207481,0.52226202,1906,1200,-706
"Telfair_County,_Georgia",0.26207481,0.52226202,1907,1201,-706
"Terrell_County,_Georgia",0.26207481,0.52226202,1908,1202,-706
"Thomas_County,_Georgia",0.26207481,0.52226202,1909,1203,-706
"Tift_County,_Georgia",0.26207481,0.52226202,1910,1204,-706
"Toombs_County,_Georgia",0.26207481,0.52226202,1911,1205,-706
"Towns_County,_Georgia",0.26207481,0.52226202,1912,1206,-706
"Treutlen_County,_Georgia",0.26207481,0.52226202,1913,1207,-706
"Troup_County,_Georgia",0.26207481,0.52226202,1914,1208,-706
"Turner_County,_Georgia",0.26207481,0.52226202,1915,1209,-706
"Twiggs_County,_Georgia",0.26207481,0.52226202,1916,1210,-706
"Union_County,_Georgia",0.26207481,0.52226202,1917,1211,-706
"Upson_County,_Georgia",0.26207481,0.52226202,1918,1212,-706
"Walker_County,_Georgia",0.26207481,0.52226202,1919,1213,-706
"Walton_County,_Georgia",0.26207481,0.52226202,1920,1214,-706
"Ware_County,_Georgia",0.26207481,0.52226202,1921,1215,-706
"Warren_County,_Georgia",0.26207481,0.52226202,1922,1216,-706
"Washington_County,_Georgia",0.26207481,0.52226202,1923,1217,-706
"Wayne_County,_Georgia",0.26207481,0.52226202,1924,1218,-706
"Webster_County,_Georgia",0.26207481,0.52226202,1925,1219,-706
"Wheeler_County,_Georgia",0.26207481,0.52226202,1926,1220,-706
"White_County,_Georgia",0.26207481,0.52226202,1927,1221,-706
"Whitfield_County,_Georgia",0.26207481,0.52226202,1928,1222,-706
"Wilcox_County,_Georgia",0.26207481,0.52226202,1929,1223,-706
"Wilkes_County,_Georgia",0.26207481,0.52226202,1930,1224,-706
"Wilkinson_County,_Georgia",0.26207481,0.52226202,1931,1225,-706
"Worth_County,_Georgia",0.26207481,0.52226202,1932,1226,-706
"Adams_County,_Pennsylvania",0.26199000,0.51529545,1933,1820,-113
"Allegheny_County,_Pennsylvania",0.26199000,0.51529545,1934,1821,-113
"Armstrong_County,_Pennsylvania",0.26199000,0.51529545,1935,1822,-113
"Beaver_County,_Pennsylvania",0.26199000,0.51529545,1936,1823,-113
"Bedford_County,_Pennsylvania",0.26199000,0.51529545,1937,1824,-113
"Berks_County,_Pennsylvania",0.26199000,0.51529545,1938,1825,-113
"Blair_County,_Pennsylvania",0.26199000,0.51529545,1939,1826,-113
"Bradford_County,_Pennsylvania",0.26199000,0.51529545,1940,1827,-113
"Bucks_County,_Pennsylvania",0.26199000,0.51529545,1941,1828,-113
"Butler_County,_Pennsylvania",0.26199000,0.51529545,1942,1829,-113
"Cambria_County,_Pennsylvania",0.26199000,0.51529545,1943,1830,-113
"Cameron_County,_Pennsylvania",0.26199000,0.51529545,1944,1831,-113
"Carbon_County,_Pennsylvania",0.26199000,0.51529545,1945,1832,-113
"Centre_County,_Pennsylvania",0.26199000,0.51529545,1946,1833,-113
"Chester_County,_Pennsylvania",0.26199000,0.51529545,1947,1834,-113
"Clarion_County,_Pennsylvania",0.26199000,0.51529545,1948,1835,-113
"Clearfield_County,_Pennsylvania",0.26199000,0.51529545,1949,1836,-113
"Clinton_County,_Pennsylvania",0.26199000,0.51529545,1950,1837,-113
"Columbia_County,_Pennsylvania",0.26199000,0.51529545,1951,1838,-113
"Crawford_County,_Pennsylvania",0.26199000,0.51529545,1952,1839,-113
"Cumberland_County,_Pennsylvania",0.26199000,0.51529545,1953,1840,-113
"Dauphin_County,_Pennsylvania",0.26199000,0.51529545,1954,1841,-113
"Delaware_County,_Pennsylvania",0.26199000,0.51529545,1955,1842,-113
"Elk_County,_Pennsylvania",0.26199000,0.51529545,1956,1843,-113
"Erie_County,_Pennsylvania",0.26199000,0.51529545,1957,1844,-113
"Fayette_County,_Pennsylvania",0.26199000,0.51529545,1958,1845,-113
"Forest_County,_Pennsylvania",0.26199000,0.51529545,1959,1846,-113
"Franklin_County,_Pennsylvania",0.26199000,0.51529545,1960,1847,-113
"Fulton_County,_Pennsylvania",0.26199000,0.51529545,1961,1848,-113
"Greene_County,_Pennsylvania",0.26199000,0.51529545,1962,1849,-113
"Huntingdon_County,_Pennsylvania",0.26199000,0.51529545,1963,1850,-113
"Indiana_County,_Pennsylvania",0.26199000,0.51529545,1964,1851,-113
"Jefferson_County,_Pennsylvania",0.26199000,0.51529545,1965,1852,-113
"Juniata_County,_Pennsylvania",0.26199000,0.51529545,1966,1853,-113
"Lackawanna_County,_Pennsylvania",0.26199000,0.51529545,1967,1854,-113
"Lancaster_County,_Pennsylvania",0.26199000,0.51529545,1968,1855,-113
"Lawrence_County,_Pennsylvania",0.26199000,0.51529545,1969,1856,-113
"Lebanon_County,_Pennsylvania",0.26199000,0.51529545,1970,1857,-113
"Lehigh_County,_Pennsylvania",0.26199000,0.51529545,1971,1858,-113
"Luzerne_County,_Pennsylvania",0.26199000,0.51529545,1972,1859,-113
"Lycoming_County,_Pennsylvania",0.26199000,0.51529545,1973,1860,-113
"McKean_County,_Pennsylvania",0.26199000,0.51529545,1974,1861,-113
"Mercer_County,_Pennsylvania",0.26199000,0.51529545,1975,1862,-113
"Mifflin_County,_Pennsylvania",0.26199000,0.51529545,1976,1863,-113
"Monroe_County,_Pennsylvania",0.26199000,0.51529545,1977,1864,-113
"Montgomery_County,_Pennsylvania",0.26199000,0.51529545,1978,1865,-113
"Montour_County,_Pennsylvania",0.26199000,0.51529545,1979,1866,-113
"Northampton_County,_Pennsylvania",0.26199000,0.51529545,1980,1867,-113
"Northumberland_County,_Pennsylvania",0.26199000,0.51529545,1981,1868,-113
"Perry_County,_Pennsylvania",0.26199000,0.51529545,1982,1869,-113
"Philadelphia_County,_Pennsylvania",0.26199000,0.51529545,1983,1870,-113
"Pike_County,_Pennsylvania",0.26199000,0.51529545,1984,1871,-113
"Potter_County,_Pennsylvania",0.26199000,0.51529545,1985,1872,-113
"Schuylkill_County,_Pennsylvania",0.26199000,0.51529545,1986,1873,-113
"Snyder_County,_Pennsylvania",0.26199000,0.51529545,1987,1874,-113
"Somerset_County,_Pennsylvania",0.26199000,0.51529545,1988,1875,-113
"Sullivan_County,_Pennsylvania",0.26199000,0.51529545,1989,1876,-113
"Susquehanna_County,_Pennsylvania",0.26199000,0.51529545,1990,1877,-113
"Tioga_County,_Pennsylvania",0.26199000,0.51529545,1991,1878,-113
"Union_County,_Pennsylvania",0.26199000,0.51529545,1992,1879,-113
"Venango_County,_Pennsylvania",0.26199000,0.51529545,1993,1880,-113
"Warren_County,_Pennsylvania",0.26199000,0.51529545,1994,1881,-113
"Washington_County,_Pennsylvania",0.26199000,0.51529545,1995,1882,-113
"Wayne_County,_Pennsylvania",0.26199000,0.51529545,1996,1883,-113
"Westmoreland_County,_Pennsylvania",0.26199000,0.51529545,1997,1884,-113
"Wyoming_County,_Pennsylvania",0.26199000,0.51529545,1998,1885,-113
"York_County,_Pennsylvania",0.26199000,0.51529545,1999,1886,-113
"geo:-1.600000000000032,-79.00000000000158",0.26179509,0.39592989,2000,4090,2090
"Beaverhead_County,_Montana",0.26157843,0.51090203,2001,2074,73
"Big_Horn_County,_Montana",0.26157843,0.51090203,2002,2075,73
"Blaine_County,_Montana",0.26157843,0.51090203,2003,2076,73
"Broadwater_County,_Montana",0.26157843,0.51090203,2004,2077,73
"Carbon_County,_Montana",0.26157843,0.51090203,2005,2078,73
"Carter_County,_Montana",0.26157843,0.51090203,2006,2079,73
"Cascade_County,_Montana",0.26157843,0.51090203,2007,2080,73
"Chouteau_County,_Montana",0.26157843,0.51090203,2008,2081,73
"Custer_County,_Montana",0.26157843,0.51090203,2009,2082,73
"Daniels_County,_Montana",0.26157843,0.51090203,2010,2083,73
"Dawson_County,_Montana",0.26157843,0.51090203,2011,2084,73
"Deer_Lodge_County,_Montana",0.26157843,0.51090203,2012,2085,73
"Fallon_County,_Montana",0.26157843,0.51090203,2013,2086,73
"Fergus_County,_Montana",0.26157843,0.51090203,2014,2087,73
"Flathead_County,_Montana",0.26157843,0.51090203,2015,2088,73
"Gallatin_County,_Montana",0.26157843,0.51090203,2016,2089,73
"Garfield_County,_Montana",0.26157843,0.51090203,2017,2090,73
"Glacier_County,_Montana",0.26157843,0.51090203,2018,2091,73
"Golden_Valley_County,_Montana",0.26157843,0.51090203,2019,2092,73
"Granite_County,_Montana",0.26157843,0.51090203,2020,2093,73
"Hill_County,_Montana",0.26157843,0.51090203,2021,2094,73
"Jefferson_County,_Montana",0.26157843,0.51090203,2022,2095,73
"Judith_Basin_County,_Montana",0.26157843,0.51090203,2023,2096,73
"Lake_County,_Montana",0.26157843,0.51090203,2024,2097,73
"Lewis_and_Clark_County,_Montana",0.26157843,0.51090203,2025,2098,73
"Liberty_County,_Montana",0.26157843,0.51090203,2026,2099,73
"Lincoln_County,_Montana",0.26157843,0.51090203,2027,2100,73
"Madison_County,_Montana",0.26157843,0.51090203,2028,2101,73
"McCone_County,_Montana",0.26157843,0.51090203,2029,2102,73
"Meagher_County,_Montana",0.26157843,0.51090203,2030,2103,73
"Mineral_County,_Montana",0.26157843,0.51090203,2031,2104,73
"Missoula_County,_Montana",0.26157843,0.51090203,2032,2105,73
"Musselshell_County,_Montana",0.26157843,0.51090203,2033,2106,73
"Park_County,_Montana",0.26157843,0.51090203,2034,2107,73
"Petroleum_County,_Montana",0.26157843,0.51090203,2035,2108,73
"Phillips_County,_Montana",0.26157843,0.51090203,2036,2109,73
"Pondera_County,_Montana",0.26157843,0.51090203,2037,2110,73
"Powder_River_County,_Montana",0.26157843,0.51090203,2038,2111,73
"Powell_County,_Montana",0.26157843,0.51090203,2039,2112,73
"Prairie_County,_Montana",0.26157843,0.51090203,2040,2113,73
"Ravalli_County,_Montana",0.26157843,0.51090203,2041,2114,73
"Richland_County,_Montana",0.26157843,0.51090203,2042,2115,73
"Roosevelt_County,_Montana",0.26157843,0.51090203,2043,2116,73
"Rosebud_County,_Montana",0.26157843,0.51090203,2044,2117,73
"Sanders_County,_Montana",0.26157843,0.51090203,2045,2118,73
"Sheridan_County,_Montana",0.26157843,0.51090203,2046,2119,73
"Silver_Bow_County,_Montana",0.26157843,0.51090203,2047,2120,73
"Stillwater_County,_Montana",0.26157843,0.51090203,2048,2121,73
"Sweet_Grass_County,_Montana",0.26157843,0.51090203,2049,2122,73
"Teton_County,_Montana",0.26157843,0.51090203,2050,2123,73
"Toole_County,_Montana",0.26157843,0.51090203,2051,2124,73
"Treasure_County,_Montana",0.26157843,0.51090203,2052,2125,73
"Valley_County,_Montana",0.26157843,0.51090203,2053,2126,73
"Wheatland_County,_Montana",0.26157843,0.51090203,2054,2127,73
"Wibaux_County,_Montana",0.26157843,0.51090203,2055,2128,73
"Yellowstone_County,_Montana",0.26157843,0.51090203,2056,2129,73
League_of_Nations,0.26157422,0.45882354,2057,3780,1723
"Barbour_County,_West_Virginia",0.26153334,0.51042558,2058,2131,73
"Berkeley_County,_West_Virginia",0.26153334,0.51042558,2059,2132,73
"Boone_County,_West_Virginia",0.26153334,0.51042558,2060,2133,73
"Braxton_County,_West_Virginia",0.26153334,0.51042558,2061,2134,73
"Brooke_County,_West_Virginia",0.26153334,0.51042558,2062,2135,73
"Cabell_County,_West_Virginia",0.26153334,0.51042558,2063,2136,73
"Calhoun_County,_West_Virginia",0.26153334,0.51042558,2064,2137,73
"Clay_County,_West_Virginia",0.26153334,0.51042558,2065,2138,73
"Doddridge_County,_West_Virginia",0.26153334,0.51042558,2066,2139,73
"Fayette_County,_West_Virginia",0.26153334,0.51042558,2067,2140,73
"Gilmer_County,_West_Virginia",0.26153334,0.51042558,2068,2141,73
"Grant_County,_West_Virginia",0.26153334,0.51042558,2069,2142,73
"Greenbrier_County,_West_Virginia",0.26153334,0.51042558,2070,2143,73
"Hampshire_County,_West_Virginia",0.26153334,0.51042558,2071,2144,73
"Hancock_County,_West_Virginia",0.26153334,0.51042558,2072,2145,73
"Hardy_County,_West_Virginia",0.26153334,0.51042558,2073,2146,73
"Harrison_County,_West_Virginia",0.26153334,0.51042558,2074,2147,73
"Jackson_County,_West_Virginia",0.26153334,0.51042558,2075,2148,73
"Jefferson_County,_West_Virginia",0.26153334,0.51042558,2076,2149,73
"Kanawha_County,_West_Virginia",0.26153334,0.51042558,2077,2150,73
"Lewis_County,_West_Virginia",0.26153334,0.51042558,2078,2151,73
"Lincoln_County,_West_Virginia",0.26153334,0.51042558,2079,2152,73
"Logan_County,_West_Virginia",0.26153334,0.51042558,2080,2153,73
"Marion_County,_West_Virginia",0.26153334,0.51042558,2081,2154,73
"Marshall_County,_West_Virginia",0.26153334,0.51042558,2082,2155,73
"Mason_County,_West_Virginia",0.26153334,0.51042558,2083,2156,73
"McDowell_County,_West_Virginia",0.26153334,0.51042558,2084,2157,73
"Mercer_County,_West_Virginia",0.26153334,0.51042558,2085,2158,73
"Mineral_County,_West_Virginia",0.26153334,0.51042558,2086,2159,73
"Mingo_County,_West_Virginia",0.26153334,0.51042558,2087,2160,73
"Monongalia_County,_West_Virginia",0.26153334,0.51042558,2088,2161,73
"Monroe_County,_West_Virginia",0.26153334,0.51042558,2089,2162,73
"Morgan_County,_West_Virginia",0.26153334,0.51042558,2090,2163,73
"Nicholas_County,_West_Virginia",0.26153334,0.51042558,2091,2164,73
"Ohio_County,_West_Virginia",0.26153334,0.51042558,2092,2165,73
"Pendleton_County,_West_Virginia",0.26153334,0.51042558,2093,2166,73
"Pleasants_County,_West_Virginia",0.26153334,0.51042558,2094,2167,73
"Pocahontas_County,_West_Virginia",0.26153334,0.51042558,2095,2168,73
"Preston_County,_West_Virginia",0.26153334,0.51042558,2096,2169,73
"Putnam_County,_West_Virginia",0.26153334,0.51042558,2097,2170,73
"Raleigh_County,_West_Virginia",0.26153334,0.51042558,2098,2171,73
"Randolph_County,_West_Virginia",0.26153334,0.51042558,2099,2172,73
"Ritchie_County,_West_Virginia",0.26153334,0.51042558,2100,2173,73
"Roane_County,_West_Virginia",0.26153334,0.51042558,2101,2174,73
"Summers_County,_West_Virginia",0.26153334,0.51042558,2102,2175,73
"Taylor_County,_West_Virginia",0.26153334,0.51042558,2103,2176,73
"Tucker_County,_West_Virginia",0.26153334,0.51042558,2104,2177,73
"Tyler_County,_West_Virginia",0.26153334,0.51042558,2105,2178,73
"Upshur_County,_West_Virginia",0.26153334,0.51042558,2106,2179,73
"Wayne_County,_West_Virginia",0.26153334,0.51042558,2107,2180,73
"Webster_County,_West_Virginia",0.26153334,0.51042558,2108,2181,73
"Wetzel_County,_West_Virginia",0.26153334,0.51042558,2109,2182,73
"Wirt_County,_West_Virginia",0.26153334,0.51042558,2110,2183,73
"Wood_County,_West_Virginia",0.26153334,0.51042558,2111,2184,73
"Wyoming_County,_West_Virginia",0.26153334,0.51042558,2112,2185,73
"Adams_County,_North_Dakota",0.26143838,0.50942520,2113,2188,75
"Barnes_County,_North_Dakota",0.26143838,0.50942520,2114,2189,75
"Benson_County,_North_Dakota",0.26143838,0.50942520,2115,2190,75
"Billings_County,_North_Dakota",0.26143838,0.50942520,2116,2191,75
"Bottineau_County,_North_Dakota",0.26143838,0.50942520,2117,2192,75
"Bowman_County,_North_Dakota",0.26143838,0.50942520,2118,2193,75
"Burke_County,_North_Dakota",0.26143838,0.50942520,2119,2194,75
"Burleigh_County,_North_Dakota",0.26143838,0.50942520,2120,2195,75
"Cass_County,_North_Dakota",0.26143838,0.50942520,2121,2196,75
"Cavalier_County,_North_Dakota",0.26143838,0.50942520,2122,2197,75
"Dickey_County,_North_Dakota",0.26143838,0.50942520,2123,2198,75
"Divide_County,_North_Dakota",0.26143838,0.50942520,2124,2199,75
"Dunn_County,_North_Dakota",0.26143838,0.50942520,2125,2200,75
"Eddy_County,_North_Dakota",0.26143838,0.50942520,2126,2201,75
"Emmons_County,_North_Dakota",0.26143838,0.50942520,2127,2202,75
"Foster_County,_North_Dakota",0.26143838,0.50942520,2128,2203,75
"Golden_Valley_County,_North_Dakota",0.26143838,0.50942520,2129,2204,75
"Grand_Forks_County,_North_Dakota",0.26143838,0.50942520,2130,2205,75
"Grant_County,_North_Dakota",0.26143838,0.50942520,2131,2206,75
"Griggs_County,_North_Dakota",0.26143838,0.50942520,2132,2207,75
"Hettinger_County,_North_Dakota",0.26143838,0.50942520,2133,2208,75
"Kidder_County,_North_Dakota",0.26143838,0.50942520,2134,2209,75
"LaMoure_County,_North_Dakota",0.26143838,0.50942520,2135,2210,75
"Logan_County,_North_Dakota",0.26143838,0.50942520,2136,2211,75
"McHenry_County,_North_Dakota",0.26143838,0.50942520,2137,2212,75
"McIntosh_County,_North_Dakota",0.26143838,0.50942520,2138,2213,75
"McKenzie_County,_North_Dakota",0.26143838,0.50942520,2139,2214,75
"McLean_County,_North_Dakota",0.26143838,0.50942520,2140,2215,75
"Mercer_County,_North_Dakota",0.26143838,0.50942520,2141,2216,75
"Morton_County,_North_Dakota",0.26143838,0.50942520,2142,2217,75
"Mountrail_County,_North_Dakota",0.26143838,0.50942520,2143,2218,75
"Nelson_County,_North_Dakota",0.26143838,0.50942520,2144,2219,75
"Oliver_County,_North_Dakota",0.26143838,0.50942520,2145,2220,75
"Pembina_County,_North_Dakota",0.26143838,0.50942520,2146,2221,75
"Pierce_County,_North_Dakota",0.26143838,0.50942520,2147,2222,75
"Ramsey_County,_North_Dakota",0.26143838,0.50942520,2148,2223,75
"Ransom_County,_North_Dakota",0.26143838,0.50942520,2149,2224,75
"Renville_County,_North_Dakota",0.26143838,0.50942520,2150,2225,75
"Richland_County,_North_Dakota",0.26143838,0.50942520,2151,2226,75
"Rolette_County,_North_Dakota",0.26143838,0.50942520,2152,2227,75
"Sargent_County,_North_Dakota",0.26143838,0.50942520,2153,2228,75
"Sheridan_County,_North_Dakota",0.26143838,0.50942520,2154,2229,75
"Sioux_County,_North_Dakota",0.26143838,0.50942520,2155,2230,75
"Slope_County,_North_Dakota",0.26143838,0.50942520,2156,2231,75
"Stark_County,_North_Dakota",0.26143838,0.50942520,2157,2232,75
"Steele_County,_North_Dakota",0.26143838,0.50942520,2158,2233,75
"Stutsman_County,_North_Dakota",0.26143838,0.50942520,2159,2234,75
"Towner_County,_North_Dakota",0.26143838,0.50942520,2160,2235,75
"Traill_County,_North_Dakota",0.26143838,0.50942520,2161,2236,75
"Walsh_County,_North_Dakota",0.26143838,0.50942520,2162,2237,75
"Ward_County,_North_Dakota",0.26143838,0.50942520,2163,2238,75
"Wells_County,_North_Dakota",0.26143838,0.50942520,2164,2239,75
"Williams_County,_North_Dakota",0.26143838,0.50942520,2165,2240,75
"Alcona_County,_Michigan",0.26125225,0.51237889,2166,1889,-277
"Alger_County,_Michigan",0.26125225,0.51237889,2167,1890,-277
"Allegan_County,_Michigan",0.26125225,0.51237889,2168,1891,-277
"Alpena_County,_Michigan",0.26125225,0.51237889,2169,1892,-277
"Antrim_County,_Michigan",0.26125225,0.51237889,2170,1893,-277
"Arenac_County,_Michigan",0.26125225,0.51237889,2171,1894,-277
"Baraga_County,_Michigan",0.26125225,0.51237889,2172,1895,-277
"Barry_County,_Michigan",0.26125225,0.51237889,2173,1896,-277
"Bay_County,_Michigan",0.26125225,0.51237889,2174,1897,-277
"Benzie_County,_Michigan",0.26125225,0.51237889,2175,1898,-277
"Berrien_County,_Michigan",0.26125225,0.51237889,2176,1899,-277
"Branch_County,_Michigan",0.26125225,0.51237889,2177,1900,-277
"Calhoun_County,_Michigan",0.26125225,0.51237889,2178,1901,-277
"Cass_County,_Michigan",0.26125225,0.51237889,2179,1902,-277
"Charlevoix_County,_Michigan",0.26125225,0.51237889,2180,1903,-277
"Cheboygan_County,_Michigan",0.26125225,0.51237889,2181,1904,-277
"Chippewa_County,_Michigan",0.26125225,0.51237889,2182,1905,-277
"Clare_County,_Michigan",0.26125225,0.51237889,2183,1906,-277
"Clinton_County,_Michigan",0.26125225,0.51237889,2184,1907,-277
"Crawford_County,_Michigan",0.26125225,0.51237889,2185,1908,-277
"Delta_County,_Michigan",0.26125225,0.51237889,2186,1909,-277
"Dickinson_County,_Michigan",0.26125225,0.51237889,2187,1910,-277
"Eaton_County,_Michigan",0.26125225,0.51237889,2188,1911,-277
"Emmet_County,_Michigan",0.26125225,0.51237889,2189,1912,-277
"Genesee_County,_Michigan",0.26125225,0.51237889,2190,1913,-277
"Gladwin_County,_Michigan",0.26125225,0.51237889,2191,1914,-277
"Gogebic_County,_Michigan",0.26125225,0.51237889,2192,1915,-277
"Grand_Traverse_County,_Michigan",0.26125225,0.51237889,2193,1916,-277
"Gratiot_County,_Michigan",0.26125225,0.51237889,2194,1917,-277
"Hillsdale_County,_Michigan",0.26125225,0.51237889,2195,1918,-277
"Houghton_County,_Michigan",0.26125225,0.51237889,2196,1919,-277
"Huron_County,_Michigan",0.26125225,0.51237889,2197,1920,-277
"Ingham_County,_Michigan",0.26125225,0.51237889,2198,1921,-277
"Ionia_County,_Michigan",0.26125225,0.51237889,2199,1922,-277
"Iosco_County,_Michigan",0.26125225,0.51237889,2200,1923,-277
"Iron_County,_Michigan",0.26125225,0.51237889,2201,1924,-277
"Isabella_County,_Michigan",0.26125225,0.51237889,2202,1925,-277
"Jackson_County,_Michigan",0.26125225,0.51237889,2203,1926,-277
"Kalamazoo_County,_Michigan",0.26125225,0.51237889,2204,1927,-277
"Kalkaska_County,_Michigan",0.26125225,0.51237889,2205,1928,-277
"Kent_County,_Michigan",0.26125225,0.51237889,2206,1929,-277
"Keweenaw_County,_Michigan",0.26125225,0.51237889,2207,1930,-277
"Lake_County,_Michigan",0.26125225,0.51237889,2208,1931,-277
"Lapeer_County,_Michigan",0.26125225,0.51237889,2209,1932,-277
"Leelanau_County,_Michigan",0.26125225,0.51237889,2210,1933,-277
"Lenawee_County,_Michigan",0.26125225,0.51237889,2211,1934,-277
"Livingston_County,_Michigan",0.26125225,0.51237889,2212,1935,-277
"Luce_County,_Michigan",0.26125225,0.51237889,2213,1936,-277
"Mackinac_County,_Michigan",0.26125225,0.51237889,2214,1937,-277
"Macomb_County,_Michigan",0.26125225,0.51237889,2215,1938,-277
"Manistee_County,_Michigan",0.26125225,0.51237889,2216,1939,-277
"Marquette_County,_Michigan",0.26125225,0.51237889,2217,1940,-277
"Mason_County,_Michigan",0.26125225,0.51237889,2218,1941,-277
"Mecosta_County,_Michigan",0.26125225,0.51237889,2219,1942,-277
"Menominee_County,_Michigan",0.26125225,0.51237889,2220,1943,-277
"Midland_County,_Michigan",0.26125225,0.51237889,2221,1944,-277
"Missaukee_County,_Michigan",0.26125225,0.51237889,2222,1945,-277
"Monroe_County,_Michigan",0.26125225,0.51237889,2223,1946,-277
"Montcalm_County,_Michigan",0.26125225,0.51237889,2224,1947,-277
"Montmorency_County,_Michigan",0.26125225,0.51237889,2225,1948,-277
"Muskegon_County,_Michigan",0.26125225,0.51237889,2226,1949,-277
"Newaygo_County,_Michigan",0.26125225,0.51237889,2227,1950,-277
"Oakland_County,_Michigan",0.26125225,0.51237889,2228,1951,-277
"Oceana_County,_Michigan",0.26125225,0.51237889,2229,1952,-277
"Ogemaw_County,_Michigan",0.26125225,0.51237889,2230,1953,-277
"Ontonagon_County,_Michigan",0.26125225,0.51237889,2231,1954,-277
"Osceola_County,_Michigan",0.26125225,0.51237889,2232,1955,-277
"Oscoda_County,_Michigan",0.26125225,0.51237889,2233,1956,-277
"Otsego_County,_Michigan",0.26125225,0.51237889,2234,1957,-277
"Ottawa_County,_Michigan",0.26125225,0.51237889,2235,1958,-277
"Presque_Isle_County,_Michigan",0.26125225,0.51237889,2236,1959,-277
"Roscommon_County,_Michigan",0.26125225,0.51237889,2237,1960,-277
"Saginaw_County,_Michigan",0.26125225,0.51237889,2238,1961,-277
"Sanilac_County,_Michigan",0.26125225,0.51237889,2239,1962,-277
"Schoolcraft_County,_Michigan",0.26125225,0.51237889,2240,1963,-277
"Shiawassee_County,_Michigan",0.26125225,0.51237889,2241,1964,-277
"St._Clair_County,_Michigan",0.26125225,0.51237889,2242,1965,-277
"St._Joseph_County,_Michigan",0.26125225,0.51237889,2243,1966,-277
"Tuscola_County,_Michigan",0.26125225,0.51237889,2244,1967,-277
"Van_Buren_County,_Michigan",0.26125225,0.51237889,2245,1968,-277
"Washtenaw_County,_Michigan",0.26125225,0.51237889,2246,1969,-277
"Wayne_County,_Michigan",0.26125225,0.51237889,2247,1970,-277
"Wexford_County,_Michigan",0.26125225,0.51237889,2248,1971,-277
Planungsregion_München_Q1117899,0.26105856,0.51947770,2249,1590,-659
"Alamance_County,_North_Carolina",0.26081440,0.51093403,2250,1972,-278
"Alexander_County,_North_Carolina",0.26081440,0.51093403,2251,1973,-278
"Alleghany_County,_North_Carolina",0.26081440,0.51093403,2252,1974,-278
"Anson_County,_North_Carolina",0.26081440,0.51093403,2253,1975,-278
"Ashe_County,_North_Carolina",0.26081440,0.51093403,2254,1976,-278
"Avery_County,_North_Carolina",0.26081440,0.51093403,2255,1977,-278
"Beaufort_County,_North_Carolina",0.26081440,0.51093403,2256,1978,-278
"Bertie_County,_North_Carolina",0.26081440,0.51093403,2257,1979,-278
"Bladen_County,_North_Carolina",0.26081440,0.51093403,2258,1980,-278
"Brunswick_County,_North_Carolina",0.26081440,0.51093403,2259,1981,-278
"Buncombe_County,_North_Carolina",0.26081440,0.51093403,2260,1982,-278
"Burke_County,_North_Carolina",0.26081440,0.51093403,2261,1983,-278
"Cabarrus_County,_North_Carolina",0.26081440,0.51093403,2262,1984,-278
"Caldwell_County,_North_Carolina",0.26081440,0.51093403,2263,1985,-278
"Camden_County,_North_Carolina",0.26081440,0.51093403,2264,1986,-278
"Carteret_County,_North_Carolina",0.26081440,0.51093403,2265,1987,-278
"Caswell_County,_North_Carolina",0.26081440,0.51093403,2266,1988,-278
"Catawba_County,_North_Carolina",0.26081440,0.51093403,2267,1989,-278
"Chatham_County,_North_Carolina",0.26081440,0.51093403,2268,1990,-278
"Cherokee_County,_North_Carolina",0.26081440,0.51093403,2269,1991,-278
"Chowan_County,_North_Carolina",0.26081440,0.51093403,2270,1992,-278
"Clay_County,_North_Carolina",0.26081440,0.51093403,2271,1993,-278
"Cleveland_County,_North_Carolina",0.26081440,0.51093403,2272,1994,-278
"Columbus_County,_North_Carolina",0.26081440,0.51093403,2273,1995,-278
"Craven_County,_North_Carolina",0.26081440,0.51093403,2274,1996,-278
"Cumberland_County,_North_Carolina",0.26081440,0.51093403,2275,1997,-278
"Currituck_County,_North_Carolina",0.26081440,0.51093403,2276,1998,-278
"Dare_County,_North_Carolina",0.26081440,0.51093403,2277,1999,-278
"Davidson_County,_North_Carolina",0.26081440,0.51093403,2278,2000,-278
"Davie_County,_North_Carolina",0.26081440,0.51093403,2279,2001,-278
"Duplin_County,_North_Carolina",0.26081440,0.51093403,2280,2002,-278
"Durham_County,_North_Carolina",0.26081440,0.51093403,2281,2003,-278
"Edgecombe_County,_North_Carolina",0.26081440,0.51093403,2282,2004,-278
"Forsyth_County,_North_Carolina",0.26081440,0.51093403,2283,2005,-278
"Franklin_County,_North_Carolina",0.26081440,0.51093403,2284,2006,-278
"Gaston_County,_North_Carolina",0.26081440,0.51093403,2285,2007,-278
"Gates_County,_North_Carolina",0.26081440,0.51093403,2286,2008,-278
"Graham_County,_North_Carolina",0.26081440,0.51093403,2287,2009,-278
"Granville_County,_North_Carolina",0.26081440,0.51093403,2288,2010,-278
"Greene_County,_North_Carolina",0.26081440,0.51093403,2289,2011,-278
"Guilford_County,_North_Carolina",0.26081440,0.51093403,2290,2012,-278
"Halifax_County,_North_Carolina",0.26081440,0.51093403,2291,2013,-278
"Harnett_County,_North_Carolina",0.26081440,0.51093403,2292,2014,-278
"Haywood_County,_North_Carolina",0.26081440,0.51093403,2293,2015,-278
"Henderson_County,_North_Carolina",0.26081440,0.51093403,2294,2016,-278
"Hertford_County,_North_Carolina",0.26081440,0.51093403,2295,2017,-278
"Hoke_County,_North_Carolina",0.26081440,0.51093403,2296,2018,-278
"Hyde_County,_North_Carolina",0.26081440,0.51093403,2297,2019,-278
"Iredell_County,_North_Carolina",0.26081440,0.51093403,2298,2020,-278
"Jackson_County,_North_Carolina",0.26081440,0.51093403,2299,2021,-278
"Johnston_County,_North_Carolina",0.26081440,0.51093403,2300,2022,-278
"Jones_County,_North_Carolina",0.26081440,0.51093403,2301,2023,-278
"Lee_County,_North_Carolina",0.26081440,0.51093403,2302,2024,-278
"Lenoir_County,_North_Carolina",0.26081440,0.51093403,2303,2025,-278
"Lincoln_County,_North_Carolina",0.26081440,0.51093403,2304,2026,-278
"Macon_County,_North_Carolina",0.26081440,0.51093403,2305,2027,-278
"Madison_County,_North_Carolina",0.26081440,0.51093403,2306,2028,-278
"Martin_County,_North_Carolina",0.26081440,0.51093403,2307,2029,-278
"McDowell_County,_North_Carolina",0.26081440,0.51093403,2308,2030,-278
"Mecklenburg_County,_North_Carolina",0.26081440,0.51093403,2309,2031,-278
"Mitchell_County,_North_Carolina",0.26081440,0.51093403,2310,2032,-278
"Montgomery_County,_North_Carolina",0.26081440,0.51093403,2311,2033,-278
"Moore_County,_North_Carolina",0.26081440,0.51093403,2312,2034,-278
"Nash_County,_North_Carolina",0.26081440,0.51093403,2313,2035,-278
"New_Hanover_County,_North_Carolina",0.26081440,0.51093403,2314,2036,-278
"Northampton_County,_North_Carolina",0.26081440,0.51093403,2315,2037,-278
"Onslow_County,_North_Carolina",0.26081440,0.51093403,2316,2038,-278
"Orange_County,_North_Carolina",0.26081440,0.51093403,2317,2039,-278
"Pamlico_County,_North_Carolina",0.26081440,0.51093403,2318,2040,-278
"Pasquotank_County,_North_Carolina",0.26081440,0.51093403,2319,2041,-278
"Pender_County,_North_Carolina",0.26081440,0.51093403,2320,2042,-278
"Perquimans_County,_North_Carolina",0.26081440,0.51093403,2321,2043,-278
"Person_County,_North_Carolina",0.26081440,0.51093403,2322,2044,-278
"Pitt_County,_North_Carolina",0.26081440,0.51093403,2323,2045,-278
"Polk_County,_North_Carolina",0.26081440,0.51093403,2324,2046,-278
"Randolph_County,_North_Carolina",0.26081440,0.51093403,2325,2047,-278
"Richmond_County,_North_Carolina",0.26081440,0.51093403,2326,2048,-278
"Robeson_County,_North_Carolina",0.26081440,0.51093403,2327,2049,-278
"Rockingham_County,_North_Carolina",0.26081440,0.51093403,2328,2050,-278
"Rowan_County,_North_Carolina",0.26081440,0.51093403,2329,2051,-278
"Rutherford_County,_North_Carolina",0.26081440,0.51093403,2330,2052,-278
"Sampson_County,_North_Carolina",0.26081440,0.51093403,2331,2053,-278
"Scotland_County,_North_Carolina",0.26081440,0.51093403,2332,2054,-278
"Stanly_County,_North_Carolina",0.26081440,0.51093403,2333,2055,-278
"Stokes_County,_North_Carolina",0.26081440,0.51093403,2334,2056,-278
"Surry_County,_North_Carolina",0.26081440,0.51093403,2335,2057,-278
"Swain_County,_North_Carolina",0.26081440,0.51093403,2336,2058,-278
"Transylvania_County,_North_Carolina",0.26081440,0.51093403,2337,2059,-278
"Tyrrell_County,_North_Carolina",0.26081440,0.51093403,2338,2060,-278
"Union_County,_North_Carolina",0.26081440,0.51093403,2339,2061,-278
"Vance_County,_North_Carolina",0.26081440,0.51093403,2340,2062,-278
"Wake_County,_North_Carolina",0.26081440,0.51093403,2341,2063,-278
"Warren_County,_North_Carolina",0.26081440,0.51093403,2342,2064,-278
"Washington_County,_North_Carolina",0.26081440,0.51093403,2343,2065,-278
"Watauga_County,_North_Carolina",0.26081440,0.51093403,2344,2066,-278
"Wayne_County,_North_Carolina",0.26081440,0.51093403,2345,2067,-278
"Wilkes_County,_North_Carolina",0.26081440,0.51093403,2346,2068,-278
"Wilson_County,_North_Carolina",0.26081440,0.51093403,2347,2069,-278
"Yadkin_County,_North_Carolina",0.26081440,0.51093403,2348,2070,-278
"Yancey_County,_North_Carolina",0.26081440,0.51093403,2349,2071,-278
"Adams_County,_Nebraska",0.26057206,0.50893765,2350,2242,-108
"Antelope_County,_Nebraska",0.26057206,0.50893765,2351,2243,-108
"Arthur_County,_Nebraska",0.26057206,0.50893765,2352,2244,-108
"Banner_County,_Nebraska",0.26057206,0.50893765,2353,2245,-108
"Blaine_County,_Nebraska",0.26057206,0.50893765,2354,2246,-108
"Boone_County,_Nebraska",0.26057206,0.50893765,2355,2247,-108
"Box_Butte_County,_Nebraska",0.26057206,0.50893765,2356,2248,-108
"Boyd_County,_Nebraska",0.26057206,0.50893765,2357,2249,-108
"Brown_County,_Nebraska",0.26057206,0.50893765,2358,2250,-108
"Buffalo_County,_Nebraska",0.26057206,0.50893765,2359,2251,-108
"Burt_County,_Nebraska",0.26057206,0.50893765,2360,2252,-108
"Butler_County,_Nebraska",0.26057206,0.50893765,2361,2253,-108
"Cass_County,_Nebraska",0.26057206,0.50893765,2362,2254,-108
"Cedar_County,_Nebraska",0.26057206,0.50893765,2363,2255,-108
"Chase_County,_Nebraska",0.26057206,0.50893765,2364,2256,-108
"Cherry_County,_Nebraska",0.26057206,0.50893765,2365,2257,-108
"Cheyenne_County,_Nebraska",0.26057206,0.50893765,2366,2258,-108
"Clay_County,_Nebraska",0.26057206,0.50893765,2367,2259,-108
"Colfax_County,_Nebraska",0.26057206,0.50893765,2368,2260,-108
"Cuming_County,_Nebraska",0.26057206,0.50893765,2369,2261,-108
"Custer_County,_Nebraska",0.26057206,0.50893765,2370,2262,-108
"Dakota_County,_Nebraska",0.26057206,0.50893765,2371,2263,-108
"Dawes_County,_Nebraska",0.26057206,0.50893765,2372,2264,-108
"Dawson_County,_Nebraska",0.26057206,0.50893765,2373,2265,-108
"Deuel_County,_Nebraska",0.26057206,0.50893765,2374,2266,-108
"Dixon_County,_Nebraska",0.26057206,0.50893765,2375,2267,-108
"Dodge_County,_Nebraska",0.26057206,0.50893765,2376,2268,-108
"Douglas_County,_Nebraska",0.26057206,0.50893765,2377,2269,-108
"Dundy_County,_Nebraska",0.26057206,0.50893765,2378,2270,-108
"Fillmore_County,_Nebraska",0.26057206,0.50893765,2379,2271,-108
"Franklin_County,_Nebraska",0.26057206,0.50893765,2380,2272,-108
"Frontier_County,_Nebraska",0.26057206,0.50893765,2381,2273,-108
"Furnas_County,_Nebraska",0.26057206,0.50893765,2382,2274,-108
"Gage_County,_Nebraska",0.26057206,0.50893765,2383,2275,-108
"Garden_County,_Nebraska",0.26057206,0.50893765,2384,2276,-108
"Garfield_County,_Nebraska",0.26057206,0.50893765,2385,2277,-108
"Gosper_County,_Nebraska",0.26057206,0.50893765,2386,2278,-108
"Grant_County,_Nebraska",0.26057206,0.50893765,2387,2279,-108
"Greeley_County,_Nebraska",0.26057206,0.50893765,2388,2280,-108
"Hall_County,_Nebraska",0.26057206,0.50893765,2389,2281,-108
"Hamilton_County,_Nebraska",0.26057206,0.50893765,2390,2282,-108
"Harlan_County,_Nebraska",0.26057206,0.50893765,2391,2283,-108
"Hayes_County,_Nebraska",0.26057206,0.50893765,2392,2284,-108
"Hitchcock_County,_Nebraska",0.26057206,0.50893765,2393,2285,-108
"Holt_County,_Nebraska",0.26057206,0.50893765,2394,2286,-108
"Hooker_County,_Nebraska",0.26057206,0.50893765,2395,2287,-108
"Howard_County,_Nebraska",0.26057206,0.50893765,2396,2288,-108
"Jefferson_County,_Nebraska",0.26057206,0.50893765,2397,2289,-108
"Johnson_County,_Nebraska",0.26057206,0.50893765,2398,2290,-108
"Kearney_County,_Nebraska",0.26057206,0.50893765,2399,2291,-108
"Keith_County,_Nebraska",0.26057206,0.50893765,2400,2292,-108
"Keya_Paha_County,_Nebraska",0.26057206,0.50893765,2401,2293,-108
"Kimball_County,_Nebraska",0.26057206,0.50893765,2402,2294,-108
"Knox_County,_Nebraska",0.26057206,0.50893765,2403,2295,-108
"Lancaster_County,_Nebraska",0.26057206,0.50893765,2404,2296,-108
"Lincoln_County,_Nebraska",0.26057206,0.50893765,2405,2297,-108
"Logan_County,_Nebraska",0.26057206,0.50893765,2406,2298,-108
"Loup_County,_Nebraska",0.26057206,0.50893765,2407,2299,-108
"Madison_County,_Nebraska",0.26057206,0.50893765,2408,2300,-108
"McPherson_County,_Nebraska",0.26057206,0.50893765,2409,2301,-108
"Merrick_County,_Nebraska",0.26057206,0.50893765,2410,2302,-108
"Morrill_County,_Nebraska",0.26057206,0.50893765,2411,2303,-108
"Nance_County,_Nebraska",0.26057206,0.50893765,2412,2304,-108
"Nemaha_County,_Nebraska",0.26057206,0.50893765,2413,2305,-108
"Nuckolls_County,_Nebraska",0.26057206,0.50893765,2414,2306,-108
"Otoe_County,_Nebraska",0.26057206,0.50893765,2415,2307,-108
"Pawnee_County,_Nebraska",0.26057206,0.50893765,2416,2308,-108
"Perkins_County,_Nebraska",0.26057206,0.50893765,2417,2309,-108
"Phelps_County,_Nebraska",0.26057206,0.50893765,2418,2310,-108
"Pierce_County,_Nebraska",0.26057206,0.50893765,2419,2311,-108
"Platte_County,_Nebraska",0.26057206,0.50893765,2420,2312,-108
"Polk_County,_Nebraska",0.26057206,0.50893765,2421,2313,-108
"Red_Willow_County,_Nebraska",0.26057206,0.50893765,2422,2314,-108
"Richardson_County,_Nebraska",0.26057206,0.50893765,2423,2315,-108
"Rock_County,_Nebraska",0.26057206,0.50893765,2424,2316,-108
"Saline_County,_Nebraska",0.26057206,0.50893765,2425,2317,-108
"Sarpy_County,_Nebraska",0.26057206,0.50893765,2426,2318,-108
"Saunders_County,_Nebraska",0.26057206,0.50893765,2427,2319,-108
"Scotts_Bluff_County,_Nebraska",0.26057206,0.50893765,2428,2320,-108
"Seward_County,_Nebraska",0.26057206,0.50893765,2429,2321,-108
"Sheridan_County,_Nebraska",0.26057206,0.50893765,2430,2322,-108
"Sherman_County,_Nebraska",0.26057206,0.50893765,2431,2323,-108
"Sioux_County,_Nebraska",0.26057206,0.50893765,2432,2324,-108
"Stanton_County,_Nebraska",0.26057206,0.50893765,2433,2325,-108
"Thayer_County,_Nebraska",0.26057206,0.50893765,2434,2326,-108
"Thomas_County,_Nebraska",0.26057206,0.50893765,2435,2327,-108
"Thurston_County,_Nebraska",0.26057206,0.50893765,2436,2328,-108
"Valley_County,_Nebraska",0.26057206,0.50893765,2437,2329,-108
"Washington_County,_Nebraska",0.26057206,0.50893765,2438,2330,-108
"Wayne_County,_Nebraska",0.26057206,0.50893765,2439,2331,-108
"Webster_County,_Nebraska",0.26057206,0.50893765,2440,2332,-108
"Wheeler_County,_Nebraska",0.26057206,0.50893765,2441,2333,-108
"York_County,_Nebraska",0.26057206,0.50893765,2442,2334,-108
"Adams_County,_Ohio",0.26037669,0.50733849,2443,2337,-106
"Allen_County,_Ohio",0.26037669,0.50733849,2444,2338,-106
"Ashland_County,_Ohio",0.26037669,0.50733849,2445,2339,-106
"Ashtabula_County,_Ohio",0.26037669,0.50733849,2446,2340,-106
"Athens_County,_Ohio",0.26037669,0.50733849,2447,2341,-106
"Auglaize_County,_Ohio",0.26037669,0.50733849,2448,2342,-106
"Belmont_County,_Ohio",0.26037669,0.50733849,2449,2343,-106
"Brown_County,_Ohio",0.26037669,0.50733849,2450,2344,-106
"Butler_County,_Ohio",0.26037669,0.50733849,2451,2345,-106
"Carroll_County,_Ohio",0.26037669,0.50733849,2452,2346,-106
"Champaign_County,_Ohio",0.26037669,0.50733849,2453,2347,-106
"Clark_County,_Ohio",0.26037669,0.50733849,2454,2348,-106
"Clermont_County,_Ohio",0.26037669,0.50733849,2455,2349,-106
"Clinton_County,_Ohio",0.26037669,0.50733849,2456,2350,-106
"Columbiana_County,_Ohio",0.26037669,0.50733849,2457,2351,-106
"Coshocton_County,_Ohio",0.26037669,0.50733849,2458,2352,-106
"Crawford_County,_Ohio",0.26037669,0.50733849,2459,2353,-106
"Cuyahoga_County,_Ohio",0.26037669,0.50733849,2460,2354,-106
"Darke_County,_Ohio",0.26037669,0.50733849,2461,2355,-106
"Defiance_County,_Ohio",0.26037669,0.50733849,2462,2356,-106
"Delaware_County,_Ohio",0.26037669,0.50733849,2463,2357,-106
"Erie_County,_Ohio",0.26037669,0.50733849,2464,2358,-106
"Fairfield_County,_Ohio",0.26037669,0.50733849,2465,2359,-106
"Fayette_County,_Ohio",0.26037669,0.50733849,2466,2360,-106
"Franklin_County,_Ohio",0.26037669,0.50733849,2467,2361,-106
"Fulton_County,_Ohio",0.26037669,0.50733849,2468,2362,-106
"Gallia_County,_Ohio",0.26037669,0.50733849,2469,2363,-106
"Geauga_County,_Ohio",0.26037669,0.50733849,2470,2364,-106
"Greene_County,_Ohio",0.26037669,0.50733849,2471,2365,-106
"Guernsey_County,_Ohio",0.26037669,0.50733849,2472,2366,-106
"Hamilton_County,_Ohio",0.26037669,0.50733849,2473,2367,-106
"Hancock_County,_Ohio",0.26037669,0.50733849,2474,2368,-106
"Hardin_County,_Ohio",0.26037669,0.50733849,2475,2369,-106
"Harrison_County,_Ohio",0.26037669,0.50733849,2476,2370,-106
"Henry_County,_Ohio",0.26037669,0.50733849,2477,2371,-106
"Highland_County,_Ohio",0.26037669,0.50733849,2478,2372,-106
"Hocking_County,_Ohio",0.26037669,0.50733849,2479,2373,-106
"Holmes_County,_Ohio",0.26037669,0.50733849,2480,2374,-106
"Huron_County,_Ohio",0.26037669,0.50733849,2481,2375,-106
"Jackson_County,_Ohio",0.26037669,0.50733849,2482,2376,-106
"Jefferson_County,_Ohio",0.26037669,0.50733849,2483,2377,-106
"Knox_County,_Ohio",0.26037669,0.50733849,2484,2378,-106
"Lake_County,_Ohio",0.26037669,0.50733849,2485,2379,-106
"Lawrence_County,_Ohio",0.26037669,0.50733849,2486,2380,-106
"Licking_County,_Ohio",0.26037669,0.50733849,2487,2381,-106
"Logan_County,_Ohio",0.26037669,0.50733849,2488,2382,-106
"Lorain_County,_Ohio",0.26037669,0.50733849,2489,2383,-106
"Lucas_County,_Ohio",0.26037669,0.50733849,2490,2384,-106
"Madison_County,_Ohio",0.26037669,0.50733849,2491,2385,-106
"Mahoning_County,_Ohio",0.26037669,0.50733849,2492,2386,-106
"Marion_County,_Ohio",0.26037669,0.50733849,2493,2387,-106
"Medina_County,_Ohio",0.26037669,0.50733849,2494,2388,-106
"Meigs_County,_Ohio",0.26037669,0.50733849,2495,2389,-106
"Mercer_County,_Ohio",0.26037669,0.50733849,2496,2390,-106
"Miami_County,_Ohio",0.26037669,0.50733849,2497,2391,-106
"Monroe_County,_Ohio",0.26037669,0.50733849,2498,2392,-106
"Montgomery_County,_Ohio",0.26037669,0.50733849,2499,2393,-106
"Morgan_County,_Ohio",0.26037669,0.50733849,2500,2394,-106
"Morrow_County,_Ohio",0.26037669,0.50733849,2501,2395,-106
"Muskingum_County,_Ohio",0.26037669,0.50733849,2502,2396,-106
"Noble_County,_Ohio",0.26037669,0.50733849,2503,2397,-106
"Ottawa_County,_Ohio",0.26037669,0.50733849,2504,2398,-106
"Paulding_County,_Ohio",0.26037669,0.50733849,2505,2399,-106
"Perry_County,_Ohio",0.26037669,0.50733849,2506,2400,-106
"Pickaway_County,_Ohio",0.26037669,0.50733849,2507,2401,-106
"Pike_County,_Ohio",0.26037669,0.50733849,2508,2402,-106
"Portage_County,_Ohio",0.26037669,0.50733849,2509,2403,-106
"Preble_County,_Ohio",0.26037669,0.50733849,2510,2404,-106
"Putnam_County,_Ohio",0.26037669,0.50733849,2511,2405,-106
"Richland_County,_Ohio",0.26037669,0.50733849,2512,2406,-106
"Ross_County,_Ohio",0.26037669,0.50733849,2513,2407,-106
"Sandusky_County,_Ohio",0.26037669,0.50733849,2514,2408,-106
"Scioto_County,_Ohio",0.26037669,0.50733849,2515,2409,-106
"Seneca_County,_Ohio",0.26037669,0.50733849,2516,2410,-106
"Shelby_County,_Ohio",0.26037669,0.50733849,2517,2411,-106
"Stark_County,_Ohio",0.26037669,0.50733849,2518,2412,-106
"Summit_County,_Ohio",0.26037669,0.50733849,2519,2413,-106
"Trumbull_County,_Ohio",0.26037669,0.50733849,2520,2414,-106
"Tuscarawas_County,_Ohio",0.26037669,0.50733849,2521,2415,-106
"Union_County,_Ohio",0.26037669,0.50733849,2522,2416,-106
"Van_Wert_County,_Ohio",0.26037669,0.50733849,2523,2417,-106
"Vinton_County,_Ohio",0.26037669,0.50733849,2524,2418,-106
"Warren_County,_Ohio",0.26037669,0.50733849,2525,2419,-106
"Washington_County,_Ohio",0.26037669,0.50733849,2526,2420,-106
"Wayne_County,_Ohio",0.26037669,0.50733849,2527,2421,-106
"Williams_County,_Ohio",0.26037669,0.50733849,2528,2422,-106
"Wood_County,_Ohio",0.26037669,0.50733849,2529,2423,-106
"Wyandot_County,_Ohio",0.26037669,0.50733849,2530,2424,-106
"Baker_County,_Oregon",0.26024319,0.49718279,2531,2700,169
"Benton_County,_Oregon",0.26024319,0.49718279,2532,2701,169
"Clackamas_County,_Oregon",0.26024319,0.49718279,2533,2702,169
"Clatsop_County,_Oregon",0.26024319,0.49718279,2534,2703,169
"Columbia_County,_Oregon",0.26024319,0.49718279,2535,2704,169
"Coos_County,_Oregon",0.26024319,0.49718279,2536,2705,169
"Crook_County,_Oregon",0.26024319,0.49718279,2537,2706,169
"Curry_County,_Oregon",0.26024319,0.49718279,2538,2707,169
"Deschutes_County,_Oregon",0.26024319,0.49718279,2539,2708,169
"Douglas_County,_Oregon",0.26024319,0.49718279,2540,2709,169
"Gilliam_County,_Oregon",0.26024319,0.49718279,2541,2710,169
"Grant_County,_Oregon",0.26024319,0.49718279,2542,2711,169
"Harney_County,_Oregon",0.26024319,0.49718279,2543,2712,169
"Hood_River_County,_Oregon",0.26024319,0.49718279,2544,2713,169
"Jackson_County,_Oregon",0.26024319,0.49718279,2545,2714,169
"Jefferson_County,_Oregon",0.26024319,0.49718279,2546,2715,169
"Josephine_County,_Oregon",0.26024319,0.49718279,2547,2716,169
"Klamath_County,_Oregon",0.26024319,0.49718279,2548,2717,169
"Lake_County,_Oregon",0.26024319,0.49718279,2549,2718,169
"Lane_County,_Oregon",0.26024319,0.49718279,2550,2719,169
"Lincoln_County,_Oregon",0.26024319,0.49718279,2551,2720,169
"Linn_County,_Oregon",0.26024319,0.49718279,2552,2721,169
"Malheur_County,_Oregon",0.26024319,0.49718279,2553,2722,169
"Marion_County,_Oregon",0.26024319,0.49718279,2554,2723,169
"Morrow_County,_Oregon",0.26024319,0.49718279,2555,2724,169
"Multnomah_County,_Oregon",0.26024319,0.49718279,2556,2725,169
"Polk_County,_Oregon",0.26024319,0.49718279,2557,2726,169
"Sherman_County,_Oregon",0.26024319,0.49718279,2558,2727,169
"Tillamook_County,_Oregon",0.26024319,0.49718279,2559,2728,169
"Umatilla_County,_Oregon",0.26024319,0.49718279,2560,2729,169
"Union_County,_Oregon",0.26024319,0.49718279,2561,2730,169
"Wallowa_County,_Oregon",0.26024319,0.49718279,2562,2731,169
"Wasco_County,_Oregon",0.26024319,0.49718279,2563,2732,169
"Washington_County,_Oregon",0.26024319,0.49718279,2564,2733,169
"Wheeler_County,_Oregon",0.26024319,0.49718279,2565,2734,169
"Yamhill_County,_Oregon",0.26024319,0.49718279,2566,2735,169
447beebbfbb19dde55ddbedee9b4cf8f,0.26005915,0.55925685,2567,254,-2313
"geo:0.75015,-78.08228",0.25992661,0.38498051,2568,4151,1583
"geo:0.35000000000000697,-78.13333333333489",0.25992661,0.38498051,2569,4157,1588
"geo:34.28667,-111.65694",0.25955040,0.41343409,2570,3982,1412
Bielsko-Biała,0.25953826,0.49211121,2571,2994,423
Bielsko_County,0.25953826,0.49211121,2572,2995,423
Bieruń-Lędziny_County,0.25953826,0.49211121,2573,2996,423
Bytom,0.25953826,0.49211121,2574,2997,423
Będzin_County,0.25953826,0.49211121,2575,2998,423
Chorzów,0.25953826,0.49211121,2576,2999,423
Cieszyn_County,0.25953826,0.49211121,2577,3000,423
Częstochowa,0.25953826,0.49211121,2578,3001,423
Częstochowa_County,0.25953826,0.49211121,2579,3002,423
Dąbrowa_Górnicza,0.25953826,0.49211121,2580,3003,423
Gliwice,0.25953826,0.49211121,2581,3004,423
Gliwice_County,0.25953826,0.49211121,2582,3005,423
Jastrzębie-Zdrój,0.25953826,0.49211121,2583,3006,423
Jaworzno,0.25953826,0.49211121,2584,3007,423
Katowice,0.25953826,0.49211121,2585,3008,423
Kłobuck_County,0.25953826,0.49211121,2586,3009,423
Lubliniec_County,0.25953826,0.49211121,2587,3010,423
Mikołów_County,0.25953826,0.49211121,2588,3011,423
Myszków_County,0.25953826,0.49211121,2589,3012,423
Mysłowice,0.25953826,0.49211121,2590,3013,423
Piekary_Śląskie,0.25953826,0.49211121,2591,3014,423
Pszczyna_County,0.25953826,0.49211121,2592,3015,423
Racibórz_County,0.25953826,0.49211121,2593,3016,423
Ruda_Śląska,0.25953826,0.49211121,2594,3017,423
Rybnik,0.25953826,0.49211121,2595,3018,423
Rybnik_County,0.25953826,0.49211121,2596,3019,423
Siemianowice_Śląskie,0.25953826,0.49211121,2597,3020,423
Sosnowiec,0.25953826,0.49211121,2598,3021,423
Tarnowskie_Góry_County,0.25953826,0.49211121,2599,3022,423
Tychy,0.25953826,0.49211121,2600,3023,423
Wodzisław_County,0.25953826,0.49211121,2601,3024,423
Zabrze,0.25953826,0.49211121,2602,3025,423
Zawiercie_County,0.25953826,0.49211121,2603,3026,423
Świętochłowice,0.25953826,0.49211121,2604,3027,423
Żory,0.25953826,0.49211121,2605,3028,423
Żywiec_County,0.25953826,0.49211121,2606,3029,423
Chodzież_County,0.25941691,0.49096379,2607,3032,425
Czarnków-Trzcianka_County,0.25941691,0.49096379,2608,3033,425
Gniezno_County,0.25941691,0.49096379,2609,3034,425
Gostyń_County,0.25941691,0.49096379,2610,3035,425
Grodzisk_Wielkopolski_County,0.25941691,0.49096379,2611,3036,425
Jarocin_County,0.25941691,0.49096379,2612,3037,425
Kalisz,0.25941691,0.49096379,2613,3038,425
Kalisz_County,0.25941691,0.49096379,2614,3039,425
Konin,0.25941691,0.49096379,2615,3040,425
Konin_County,0.25941691,0.49096379,2616,3041,425
Koło_County,0.25941691,0.49096379,2617,3042,425
Kościan_County,0.25941691,0.49096379,2618,3043,425
Krotoszyn_County,0.25941691,0.49096379,2619,3044,425
Kępno_County,0.25941691,0.49096379,2620,3045,425
Leszno,0.25941691,0.49096379,2621,3046,425
Leszno_County,0.25941691,0.49096379,2622,3047,425
Międzychód_County,0.25941691,0.49096379,2623,3048,425
Nowy_Tomyśl_County,0.25941691,0.49096379,2624,3049,425
Oborniki_County,0.25941691,0.49096379,2625,3050,425
Ostrzeszów_County,0.25941691,0.49096379,2626,3051,425
Ostrów_Wielkopolski_County,0.25941691,0.49096379,2627,3052,425
Piła_County,0.25941691,0.49096379,2628,3053,425
Pleszew_County,0.25941691,0.49096379,2629,3054,425
Poznań,0.25941691,0.49096379,2630,3055,425
Poznań_County,0.25941691,0.49096379,2631,3056,425
Rawicz_County,0.25941691,0.49096379,2632,3057,425
Szamotuły_County,0.25941691,0.49096379,2633,3058,425
Słupca_County,0.25941691,0.49096379,2634,3059,425
Turek_County,0.25941691,0.49096379,2635,3060,425
Wolsztyn_County,0.25941691,0.49096379,2636,3061,425
Września_County,0.25941691,0.49096379,2637,3062,425
Wągrowiec_County,0.25941691,0.49096379,2638,3063,425
Złotów_County,0.25941691,0.49096379,2639,3064,425
Śrem_County,0.25941691,0.49096379,2640,3065,425
Środa_Wielkopolska_County,0.25941691,0.49096379,2641,3066,425
"Beaver_County,_Utah",0.25938789,0.48880036,2642,3068,426
"Box_Elder_County,_Utah",0.25938789,0.48880036,2643,3069,426
"Cache_County,_Utah",0.25938789,0.48880036,2644,3070,426
"Carbon_County,_Utah",0.25938789,0.48880036,2645,3071,426
"Daggett_County,_Utah",0.25938789,0.48880036,2646,3072,426
"Davis_County,_Utah",0.25938789,0.48880036,2647,3073,426
"Duchesne_County,_Utah",0.25938789,0.48880036,2648,3074,426
"Emery_County,_Utah",0.25938789,0.48880036,2649,3075,426
"Garfield_County,_Utah",0.25938789,0.48880036,2650,3076,426
"Grand_County,_Utah",0.25938789,0.48880036,2651,3077,426
"Iron_County,_Utah",0.25938789,0.48880036,2652,3078,426
"Juab_County,_Utah",0.25938789,0.48880036,2653,3079,426
"Kane_County,_Utah",0.25938789,0.48880036,2654,3080,426
"Millard_County,_Utah",0.25938789,0.48880036,2655,3081,426
"Morgan_County,_Utah",0.25938789,0.48880036,2656,3082,426
"Piute_County,_Utah",0.25938789,0.48880036,2657,3083,426
"Rich_County,_Utah",0.25938789,0.48880036,2658,3084,426
"Salt_Lake_County,_Utah",0.25938789,0.48880036,2659,3085,426
"San_Juan_County,_Utah",0.25938789,0.48880036,2660,3086,426
"Sanpete_County,_Utah",0.25938789,0.48880036,2661,3087,426
"Sevier_County,_Utah",0.25938789,0.48880036,2662,3088,426
"Summit_County,_Utah",0.25938789,0.48880036,2663,3089,426
"Tooele_County,_Utah",0.25938789,0.48880036,2664,3090,426
"Uintah_County,_Utah",0.25938789,0.48880036,2665,3091,426
"Utah_County,_Utah",0.25938789,0.48880036,2666,3092,426
"Wasatch_County,_Utah",0.25938789,0.48880036,2667,3093,426
"Washington_County,_Utah",0.25938789,0.48880036,2668,3094,426
"Wayne_County,_Utah",0.25938789,0.48880036,2669,3095,426
"Weber_County,_Utah",0.25938789,0.48880036,2670,3096,426
"Autauga_County,_Alabama",0.25926099,0.49837775,2671,2564,-107
"Baldwin_County,_Alabama",0.25926099,0.49837775,2672,2565,-107
"Barbour_County,_Alabama",0.25926099,0.49837775,2673,2566,-107
"Bibb_County,_Alabama",0.25926099,0.49837775,2674,2567,-107
"Blount_County,_Alabama",0.25926099,0.49837775,2675,2568,-107
"Bullock_County,_Alabama",0.25926099,0.49837775,2676,2569,-107
"Butler_County,_Alabama",0.25926099,0.49837775,2677,2570,-107
"Calhoun_County,_Alabama",0.25926099,0.49837775,2678,2571,-107
"Chambers_County,_Alabama",0.25926099,0.49837775,2679,2572,-107
"Cherokee_County,_Alabama",0.25926099,0.49837775,2680,2573,-107
"Chilton_County,_Alabama",0.25926099,0.49837775,2681,2574,-107
"Choctaw_County,_Alabama",0.25926099,0.49837775,2682,2575,-107
"Clarke_County,_Alabama",0.25926099,0.49837775,2683,2576,-107
"Clay_County,_Alabama",0.25926099,0.49837775,2684,2577,-107
"Cleburne_County,_Alabama",0.25926099,0.49837775,2685,2578,-107
"Coffee_County,_Alabama",0.25926099,0.49837775,2686,2579,-107
"Colbert_County,_Alabama",0.25926099,0.49837775,2687,2580,-107
"Conecuh_County,_Alabama",0.25926099,0.49837775,2688,2581,-107
"Coosa_County,_Alabama",0.25926099,0.49837775,2689,2582,-107
"Covington_County,_Alabama",0.25926099,0.49837775,2690,2583,-107
"Crenshaw_County,_Alabama",0.25926099,0.49837775,2691,2584,-107
"Cullman_County,_Alabama",0.25926099,0.49837775,2692,2585,-107
"Dale_County,_Alabama",0.25926099,0.49837775,2693,2586,-107
"Dallas_County,_Alabama",0.25926099,0.49837775,2694,2587,-107
"DeKalb_County,_Alabama",0.25926099,0.49837775,2695,2588,-107
"Elmore_County,_Alabama",0.25926099,0.49837775,2696,2589,-107
"Escambia_County,_Alabama",0.25926099,0.49837775,2697,2590,-107
"Etowah_County,_Alabama",0.25926099,0.49837775,2698,2591,-107
"Fayette_County,_Alabama",0.25926099,0.49837775,2699,2592,-107
"Franklin_County,_Alabama",0.25926099,0.49837775,2700,2593,-107
"Geneva_County,_Alabama",0.25926099,0.49837775,2701,2594,-107
"Greene_County,_Alabama",0.25926099,0.49837775,2702,2595,-107
"Hale_County,_Alabama",0.25926099,0.49837775,2703,2596,-107
"Henry_County,_Alabama",0.25926099,0.49837775,2704,2597,-107
"Houston_County,_Alabama",0.25926099,0.49837775,2705,2598,-107
"Jackson_County,_Alabama",0.25926099,0.49837775,2706,2599,-107
"Jefferson_County,_Alabama",0.25926099,0.49837775,2707,2600,-107
"Lamar_County,_Alabama",0.25926099,0.49837775,2708,2601,-107
"Lauderdale_County,_Alabama",0.25926099,0.49837775,2709,2602,-107
"Lawrence_County,_Alabama",0.25926099,0.49837775,2710,2603,-107
"Lee_County,_Alabama",0.25926099,0.49837775,2711,2604,-107
"Limestone_County,_Alabama",0.25926099,0.49837775,2712,2605,-107
"Lowndes_County,_Alabama",0.25926099,0.49837775,2713,2606,-107
"Macon_County,_Alabama",0.25926099,0.49837775,2714,2607,-107
"Madison_County,_Alabama",0.25926099,0.49837775,2715,2608,-107
"Marengo_County,_Alabama",0.25926099,0.49837775,2716,2609,-107
"Marion_County,_Alabama",0.25926099,0.49837775,2717,2610,-107
"Marshall_County,_Alabama",0.25926099,0.49837775,2718,2611,-107
"Mobile_County,_Alabama",0.25926099,0.49837775,2719,2612,-107
"Monroe_County,_Alabama",0.25926099,0.49837775,2720,2613,-107
"Montgomery_County,_Alabama",0.25926099,0.49837775,2721,2614,-107
"Morgan_County,_Alabama",0.25926099,0.49837775,2722,2615,-107
"Perry_County,_Alabama",0.25926099,0.49837775,2723,2616,-107
"Pickens_County,_Alabama",0.25926099,0.49837775,2724,2617,-107
"Pike_County,_Alabama",0.25926099,0.49837775,2725,2618,-107
"Randolph_County,_Alabama",0.25926099,0.49837775,2726,2619,-107
"Russell_County,_Alabama",0.25926099,0.49837775,2727,2620,-107
"Shelby_County,_Alabama",0.25926099,0.49837775,2728,2621,-107
"St._Clair_County,_Alabama",0.25926099,0.49837775,2729,2622,-107
"Sumter_County,_Alabama",0.25926099,0.49837775,2730,2623,-107
"Talladega_County,_Alabama",0.25926099,0.49837775,2731,2624,-107
"Tallapoosa_County,_Alabama",0.25926099,0.49837775,2732,2625,-107
"Tuscaloosa_County,_Alabama",0.25926099,0.49837775,2733,2626,-107
"Walker_County,_Alabama",0.25926099,0.49837775,2734,2627,-107
"Washington_County,_Alabama",0.25926099,0.49837775,2735,2628,-107
"Wilcox_County,_Alabama",0.25926099,0.49837775,2736,2629,-107
"Winston_County,_Alabama",0.25926099,0.49837775,2737,2630,-107
From%20Chittenden%20Road%2C%20Mt.%20Washburn%2C%20Yellowstone%20NP%20-%20panoramio%20-%20Aaron%20Zhu.jpg,0.25922858,0.44350884,2738,3838,1100
"Aurora_County,_South_Dakota",0.25911996,0.49726543,2739,2633,-106
"Beadle_County,_South_Dakota",0.25911996,0.49726543,2740,2634,-106
"Bennett_County,_South_Dakota",0.25911996,0.49726543,2741,2635,-106
"Bon_Homme_County,_South_Dakota",0.25911996,0.49726543,2742,2636,-106
"Brookings_County,_South_Dakota",0.25911996,0.49726543,2743,2637,-106
"Brown_County,_South_Dakota",0.25911996,0.49726543,2744,2638,-106
"Brule_County,_South_Dakota",0.25911996,0.49726543,2745,2639,-106
"Buffalo_County,_South_Dakota",0.25911996,0.49726543,2746,2640,-106
"Butte_County,_South_Dakota",0.25911996,0.49726543,2747,2641,-106
"Campbell_County,_South_Dakota",0.25911996,0.49726543,2748,2642,-106
"Charles_Mix_County,_South_Dakota",0.25911996,0.49726543,2749,2643,-106
"Clark_County,_South_Dakota",0.25911996,0.49726543,2750,2644,-106
"Clay_County,_South_Dakota",0.25911996,0.49726543,2751,2645,-106
"Codington_County,_South_Dakota",0.25911996,0.49726543,2752,2646,-106
"Corson_County,_South_Dakota",0.25911996,0.49726543,2753,2647,-106
"Custer_County,_South_Dakota",0.25911996,0.49726543,2754,2648,-106
"Davison_County,_South_Dakota",0.25911996,0.49726543,2755,2649,-106
"Day_County,_South_Dakota",0.25911996,0.49726543,2756,2650,-106
"Deuel_County,_South_Dakota",0.25911996,0.49726543,2757,2651,-106
"Dewey_County,_South_Dakota",0.25911996,0.49726543,2758,2652,-106
"Douglas_County,_South_Dakota",0.25911996,0.49726543,2759,2653,-106
"Edmunds_County,_South_Dakota",0.25911996,0.49726543,2760,2654,-106
"Fall_River_County,_South_Dakota",0.25911996,0.49726543,2761,2655,-106
"Faulk_County,_South_Dakota",0.25911996,0.49726543,2762,2656,-106
"Grant_County,_South_Dakota",0.25911996,0.49726543,2763,2657,-106
"Gregory_County,_South_Dakota",0.25911996,0.49726543,2764,2658,-106
"Haakon_County,_South_Dakota",0.25911996,0.49726543,2765,2659,-106
"Hamlin_County,_South_Dakota",0.25911996,0.49726543,2766,2660,-106
"Hand_County,_South_Dakota",0.25911996,0.49726543,2767,2661,-106
"Hanson_County,_South_Dakota",0.25911996,0.49726543,2768,2662,-106
"Harding_County,_South_Dakota",0.25911996,0.49726543,2769,2663,-106
"Hughes_County,_South_Dakota",0.25911996,0.49726543,2770,2664,-106
"Hutchinson_County,_South_Dakota",0.25911996,0.49726543,2771,2665,-106
"Hyde_County,_South_Dakota",0.25911996,0.49726543,2772,2666,-106
"Jackson_County,_South_Dakota",0.25911996,0.49726543,2773,2667,-106
"Jerauld_County,_South_Dakota",0.25911996,0.49726543,2774,2668,-106
"Jones_County,_South_Dakota",0.25911996,0.49726543,2775,2669,-106
"Kingsbury_County,_South_Dakota",0.25911996,0.49726543,2776,2670,-106
"Lake_County,_South_Dakota",0.25911996,0.49726543,2777,2671,-106
"Lawrence_County,_South_Dakota",0.25911996,0.49726543,2778,2672,-106
"Lincoln_County,_South_Dakota",0.25911996,0.49726543,2779,2673,-106
"Lyman_County,_South_Dakota",0.25911996,0.49726543,2780,2674,-106
"Marshall_County,_South_Dakota",0.25911996,0.49726543,2781,2675,-106
"McCook_County,_South_Dakota",0.25911996,0.49726543,2782,2676,-106
"McPherson_County,_South_Dakota",0.25911996,0.49726543,2783,2677,-106
"Meade_County,_South_Dakota",0.25911996,0.49726543,2784,2678,-106
"Mellette_County,_South_Dakota",0.25911996,0.49726543,2785,2679,-106
"Miner_County,_South_Dakota",0.25911996,0.49726543,2786,2680,-106
"Minnehaha_County,_South_Dakota",0.25911996,0.49726543,2787,2681,-106
"Moody_County,_South_Dakota",0.25911996,0.49726543,2788,2682,-106
"Pennington_County,_South_Dakota",0.25911996,0.49726543,2789,2683,-106
"Perkins_County,_South_Dakota",0.25911996,0.49726543,2790,2684,-106
"Potter_County,_South_Dakota",0.25911996,0.49726543,2791,2685,-106
"Roberts_County,_South_Dakota",0.25911996,0.49726543,2792,2686,-106
"Sanborn_County,_South_Dakota",0.25911996,0.49726543,2793,2687,-106
"Oglala_Lakota_County,_South_Dakota",0.25911996,0.49726543,2794,2688,-106
"Spink_County,_South_Dakota",0.25911996,0.49726543,2795,2689,-106
"Stanley_County,_South_Dakota",0.25911996,0.49726543,2796,2690,-106
"Sully_County,_South_Dakota",0.25911996,0.49726543,2797,2691,-106
"Todd_County,_South_Dakota",0.25911996,0.49726543,2798,2692,-106
"Tripp_County,_South_Dakota",0.25911996,0.49726543,2799,2693,-106
"Turner_County,_South_Dakota",0.25911996,0.49726543,2800,2694,-106
"Union_County,_South_Dakota",0.25911996,0.49726543,2801,2695,-106
"Walworth_County,_South_Dakota",0.25911996,0.49726543,2802,2696,-106
"Yankton_County,_South_Dakota",0.25911996,0.49726543,2803,2697,-106
"Ziebach_County,_South_Dakota",0.25911996,0.49726543,2804,2698,-106
"geo:46.95000000000037,8.400000000000068",0.25903844,0.42493978,2805,3931,1126
"Acadia_Parish,_Louisiana",0.25897067,0.49609284,2806,2737,-69
"Allen_Parish,_Louisiana",0.25897067,0.49609284,2807,2740,-67
"Ascension_Parish,_Louisiana",0.25897067,0.49609284,2808,2743,-65
"Assumption_Parish,_Louisiana",0.25897067,0.49609284,2809,2744,-65
"Avoyelles_Parish,_Louisiana",0.25897067,0.49609284,2810,2745,-65
"Beauregard_Parish,_Louisiana",0.25897067,0.49609284,2811,2747,-64
"Bienville_Parish,_Louisiana",0.25897067,0.49609284,2812,2749,-63
"Caddo_Parish,_Louisiana",0.25897067,0.49609284,2813,2751,-62
"Calcasieu_Parish,_Louisiana",0.25897067,0.49609284,2814,2752,-62
"Caldwell_Parish,_Louisiana",0.25897067,0.49609284,2815,2753,-62
"Cameron_Parish,_Louisiana",0.25897067,0.49609284,2816,2754,-62
"Catahoula_Parish,_Louisiana",0.25897067,0.49609284,2817,2755,-62
"Claiborne_Parish,_Louisiana",0.25897067,0.49609284,2818,2758,-60
"Concordia_Parish,_Louisiana",0.25897067,0.49609284,2819,2815,-4
"DeSoto_Parish,_Louisiana",0.25897067,0.49609284,2820,2816,-4
"East_Baton_Rouge_Parish,_Louisiana",0.25897067,0.49609284,2821,2817,-4
"East_Carroll_Parish,_Louisiana",0.25897067,0.49609284,2822,2818,-4
"East_Feliciana_Parish,_Louisiana",0.25897067,0.49609284,2823,2819,-4
"Evangeline_Parish,_Louisiana",0.25897067,0.49609284,2824,2820,-4
"Franklin_Parish,_Louisiana",0.25897067,0.49609284,2825,2821,-4
"Grant_Parish,_Louisiana",0.25897067,0.49609284,2826,2822,-4
"Iberia_Parish,_Louisiana",0.25897067,0.49609284,2827,2823,-4
"Iberville_Parish,_Louisiana",0.25897067,0.49609284,2828,2824,-4
"Jackson_Parish,_Louisiana",0.25897067,0.49609284,2829,2825,-4
"Jefferson_Davis_Parish,_Louisiana",0.25897067,0.49609284,2830,2826,-4
"Jefferson_Parish,_Louisiana",0.25897067,0.49609284,2831,2827,-4
"LaSalle_Parish,_Louisiana",0.25897067,0.49609284,2832,2828,-4
"Lafayette_Parish,_Louisiana",0.25897067,0.49609284,2833,2829,-4
"Lafourche_Parish,_Louisiana",0.25897067,0.49609284,2834,2830,-4
"Lincoln_Parish,_Louisiana",0.25897067,0.49609284,2835,2831,-4
"Livingston_Parish,_Louisiana",0.25897067,0.49609284,2836,2832,-4
"Bossier_Parish,_Louisiana",0.25897067,0.49609284,2837,2833,-4
"Madison_Parish,_Louisiana",0.25897067,0.49609284,2838,2834,-4
"Morehouse_Parish,_Louisiana",0.25897067,0.49609284,2839,2835,-4
"Natchitoches_Parish,_Louisiana",0.25897067,0.49609284,2840,2836,-4
Orleans_Parish_Q486231,0.25897067,0.49609284,2841,2837,-4
"Ouachita_Parish,_Louisiana",0.25897067,0.49609284,2842,2838,-4
"Plaquemines_Parish,_Louisiana",0.25897067,0.49609284,2843,2839,-4
"Pointe_Coupee_Parish,_Louisiana",0.25897067,0.49609284,2844,2840,-4
"Rapides_Parish,_Louisiana",0.25897067,0.49609284,2845,2841,-4
"Red_River_Parish,_Louisiana",0.25897067,0.49609284,2846,2842,-4
"Richland_Parish,_Louisiana",0.25897067,0.49609284,2847,2843,-4
"Sabine_Parish,_Louisiana",0.25897067,0.49609284,2848,2844,-4
"St._Bernard_Parish,_Louisiana",0.25897067,0.49609284,2849,2845,-4
"St._Charles_Parish,_Louisiana",0.25897067,0.49609284,2850,2846,-4
"St._Helena_Parish,_Louisiana",0.25897067,0.49609284,2851,2847,-4
"St._James_Parish,_Louisiana",0.25897067,0.49609284,2852,2848,-4
"St._John_the_Baptist_Parish,_Louisiana",0.25897067,0.49609284,2853,2849,-4
"St._Landry_Parish,_Louisiana",0.25897067,0.49609284,2854,2850,-4
"St._Martin_Parish,_Louisiana",0.25897067,0.49609284,2855,2851,-4
"St._Mary_Parish,_Louisiana",0.25897067,0.49609284,2856,2852,-4
"St._Tammany_Parish,_Louisiana",0.25897067,0.49609284,2857,2853,-4
"Tangipahoa_Parish,_Louisiana",0.25897067,0.49609284,2858,2854,-4
"Tensas_Parish,_Louisiana",0.25897067,0.49609284,2859,2855,-4
"Terrebonne_Parish,_Louisiana",0.25897067,0.49609284,2860,2856,-4
"Union_Parish,_Louisiana",0.25897067,0.49609284,2861,2857,-4
"Vermilion_Parish,_Louisiana",0.25897067,0.49609284,2862,2858,-4
"Vernon_Parish,_Louisiana",0.25897067,0.49609284,2863,2859,-4
"Washington_Parish,_Louisiana",0.25897067,0.49609284,2864,2860,-4
"Webster_Parish,_Louisiana",0.25897067,0.49609284,2865,2861,-4
"West_Baton_Rouge_Parish,_Louisiana",0.25897067,0.49609284,2866,2862,-4
"West_Carroll_Parish,_Louisiana",0.25897067,0.49609284,2867,2863,-4
"West_Feliciana_Parish,_Louisiana",0.25897067,0.49609284,2868,2864,-4
"Winn_Parish,_Louisiana",0.25897067,0.49609284,2869,2865,-4
"Albany_County,_New_York",0.25889270,0.49548239,2870,2868,-2
"Allegany_County,_New_York",0.25889270,0.49548239,2871,2869,-2
Bronx_County_Q855974,0.25889270,0.49548239,2872,2870,-2
"Broome_County,_New_York",0.25889270,0.49548239,2873,2871,-2
"Cattaraugus_County,_New_York",0.25889270,0.49548239,2874,2872,-2
"Cayuga_County,_New_York",0.25889270,0.49548239,2875,2873,-2
"Chautauqua_County,_New_York",0.25889270,0.49548239,2876,2874,-2
"Chemung_County,_New_York",0.25889270,0.49548239,2877,2875,-2
"Chenango_County,_New_York",0.25889270,0.49548239,2878,2876,-2
"Clinton_County,_New_York",0.25889270,0.49548239,2879,2877,-2
"Columbia_County,_New_York",0.25889270,0.49548239,2880,2878,-2
"Cortland_County,_New_York",0.25889270,0.49548239,2881,2879,-2
"Delaware_County,_New_York",0.25889270,0.49548239,2882,2880,-2
"Dutchess_County,_New_York",0.25889270,0.49548239,2883,2881,-2
"Erie_County,_New_York",0.25889270,0.49548239,2884,2882,-2
"Essex_County,_New_York",0.25889270,0.49548239,2885,2883,-2
"Franklin_County,_New_York",0.25889270,0.49548239,2886,2884,-2
"Fulton_County,_New_York",0.25889270,0.49548239,2887,2885,-2
"Genesee_County,_New_York",0.25889270,0.49548239,2888,2886,-2
"Greene_County,_New_York",0.25889270,0.49548239,2889,2887,-2
"Hamilton_County,_New_York",0.25889270,0.49548239,2890,2888,-2
"Herkimer_County,_New_York",0.25889270,0.49548239,2891,2889,-2
"Jefferson_County,_New_York",0.25889270,0.49548239,2892,2890,-2
Kings_County_Q11980692,0.25889270,0.49548239,2893,2891,-2
"Lewis_County,_New_York",0.25889270,0.49548239,2894,2892,-2
"Livingston_County,_New_York",0.25889270,0.49548239,2895,2893,-2
"Madison_County,_New_York",0.25889270,0.49548239,2896,2894,-2
"Monroe_County,_New_York",0.25889270,0.49548239,2897,2895,-2
"Montgomery_County,_New_York",0.25889270,0.49548239,2898,2896,-2
"Nassau_County,_New_York",0.25889270,0.49548239,2899,2897,-2
New_York_County_Q500416,0.25889270,0.49548239,2900,2898,-2
"Niagara_County,_New_York",0.25889270,0.49548239,2901,2899,-2
"Oneida_County,_New_York",0.25889270,0.49548239,2902,2900,-2
"Onondaga_County,_New_York",0.25889270,0.49548239,2903,2901,-2
"Ontario_County,_New_York",0.25889270,0.49548239,2904,2902,-2
"Orange_County,_New_York",0.25889270,0.49548239,2905,2903,-2
"Orleans_County,_New_York",0.25889270,0.49548239,2906,2904,-2
"Oswego_County,_New_York",0.25889270,0.49548239,2907,2905,-2
"Otsego_County,_New_York",0.25889270,0.49548239,2908,2906,-2
"Putnam_County,_New_York",0.25889270,0.49548239,2909,2907,-2
Queens_County_Q5142559,0.25889270,0.49548239,2910,2908,-2
"Rensselaer_County,_New_York",0.25889270,0.49548239,2911,2909,-2
Richmond_County_Q11997784,0.25889270,0.49548239,2912,2910,-2
"Rockland_County,_New_York",0.25889270,0.49548239,2913,2911,-2
"Saratoga_County,_New_York",0.25889270,0.49548239,2914,2912,-2
"Schenectady_County,_New_York",0.25889270,0.49548239,2915,2913,-2
"Schoharie_County,_New_York",0.25889270,0.49548239,2916,2914,-2
"Schuyler_County,_New_York",0.25889270,0.49548239,2917,2915,-2
"Seneca_County,_New_York",0.25889270,0.49548239,2918,2916,-2
"St._Lawrence_County,_New_York",0.25889270,0.49548239,2919,2917,-2
"Steuben_County,_New_York",0.25889270,0.49548239,2920,2918,-2
"Suffolk_County,_New_York",0.25889270,0.49548239,2921,2919,-2
"Sullivan_County,_New_York",0.25889270,0.49548239,2922,2920,-2
"Tioga_County,_New_York",0.25889270,0.49548239,2923,2921,-2
"Tompkins_County,_New_York",0.25889270,0.49548239,2924,2922,-2
"Ulster_County,_New_York",0.25889270,0.49548239,2925,2923,-2
"Warren_County,_New_York",0.25889270,0.49548239,2926,2924,-2
"Washington_County,_New_York",0.25889270,0.49548239,2927,2925,-2
"Wayne_County,_New_York",0.25889270,0.49548239,2928,2926,-2
"Westchester_County,_New_York",0.25889270,0.49548239,2929,2927,-2
"Wyoming_County,_New_York",0.25889270,0.49548239,2930,2928,-2
"Yates_County,_New_York",0.25889270,0.49548239,2931,2929,-2
"Adams_County,_Colorado",0.25884326,0.49609284,2932,2738,-194
"Alamosa_County,_Colorado",0.25884326,0.49609284,2933,2739,-194
"Arapahoe_County,_Colorado",0.25884326,0.49609284,2934,2741,-193
"Archuleta_County,_Colorado",0.25884326,0.49609284,2935,2742,-193
"Baca_County,_Colorado",0.25884326,0.49609284,2936,2746,-190
"Bent_County,_Colorado",0.25884326,0.49609284,2937,2748,-189
"Boulder_County,_Colorado",0.25884326,0.49609284,2938,2750,-188
"Chaffee_County,_Colorado",0.25884326,0.49609284,2939,2756,-183
"Cheyenne_County,_Colorado",0.25884326,0.49609284,2940,2757,-183
"Clear_Creek_County,_Colorado",0.25884326,0.49609284,2941,2759,-182
"Broomfield,_Colorado",0.25884326,0.49609284,2942,2760,-182
"Conejos_County,_Colorado",0.25884326,0.49609284,2943,2761,-182
"Costilla_County,_Colorado",0.25884326,0.49609284,2944,2762,-182
"Crowley_County,_Colorado",0.25884326,0.49609284,2945,2763,-182
"Custer_County,_Colorado",0.25884326,0.49609284,2946,2764,-182
"Delta_County,_Colorado",0.25884326,0.49609284,2947,2765,-182
Denver,0.25884326,0.49609284,2948,2766,-182
"Dolores_County,_Colorado",0.25884326,0.49609284,2949,2767,-182
"Douglas_County,_Colorado",0.25884326,0.49609284,2950,2768,-182
"Eagle_County,_Colorado",0.25884326,0.49609284,2951,2769,-182
"El_Paso_County,_Colorado",0.25884326,0.49609284,2952,2770,-182
"Elbert_County,_Colorado",0.25884326,0.49609284,2953,2771,-182
"Fremont_County,_Colorado",0.25884326,0.49609284,2954,2772,-182
"Garfield_County,_Colorado",0.25884326,0.49609284,2955,2773,-182
"Gilpin_County,_Colorado",0.25884326,0.49609284,2956,2774,-182
"Grand_County,_Colorado",0.25884326,0.49609284,2957,2775,-182
"Gunnison_County,_Colorado",0.25884326,0.49609284,2958,2776,-182
"Hinsdale_County,_Colorado",0.25884326,0.49609284,2959,2777,-182
"Huerfano_County,_Colorado",0.25884326,0.49609284,2960,2778,-182
"Jackson_County,_Colorado",0.25884326,0.49609284,2961,2779,-182
"Jefferson_County,_Colorado",0.25884326,0.49609284,2962,2780,-182
"Kiowa_County,_Colorado",0.25884326,0.49609284,2963,2781,-182
"Kit_Carson_County,_Colorado",0.25884326,0.49609284,2964,2782,-182
"La_Plata_County,_Colorado",0.25884326,0.49609284,2965,2783,-182
"Lake_County,_Colorado",0.25884326,0.49609284,2966,2784,-182
"Larimer_County,_Colorado",0.25884326,0.49609284,2967,2785,-182
"Las_Animas_County,_Colorado",0.25884326,0.49609284,2968,2786,-182
"Lincoln_County,_Colorado",0.25884326,0.49609284,2969,2787,-182
"Logan_County,_Colorado",0.25884326,0.49609284,2970,2788,-182
"Mesa_County,_Colorado",0.25884326,0.49609284,2971,2789,-182
"Mineral_County,_Colorado",0.25884326,0.49609284,2972,2790,-182
"Moffat_County,_Colorado",0.25884326,0.49609284,2973,2791,-182
"Montezuma_County,_Colorado",0.25884326,0.49609284,2974,2792,-182
"Montrose_County,_Colorado",0.25884326,0.49609284,2975,2793,-182
"Morgan_County,_Colorado",0.25884326,0.49609284,2976,2794,-182
"Otero_County,_Colorado",0.25884326,0.49609284,2977,2795,-182
"Ouray_County,_Colorado",0.25884326,0.49609284,2978,2796,-182
"Park_County,_Colorado",0.25884326,0.49609284,2979,2797,-182
"Phillips_County,_Colorado",0.25884326,0.49609284,2980,2798,-182
"Pitkin_County,_Colorado",0.25884326,0.49609284,2981,2799,-182
"Prowers_County,_Colorado",0.25884326,0.49609284,2982,2800,-182
"Pueblo_County,_Colorado",0.25884326,0.49609284,2983,2801,-182
"Rio_Blanco_County,_Colorado",0.25884326,0.49609284,2984,2802,-182
"Rio_Grande_County,_Colorado",0.25884326,0.49609284,2985,2803,-182
"Routt_County,_Colorado",0.25884326,0.49609284,2986,2804,-182
"Saguache_County,_Colorado",0.25884326,0.49609284,2987,2805,-182
"San_Juan_County,_Colorado",0.25884326,0.49609284,2988,2806,-182
"San_Miguel_County,_Colorado",0.25884326,0.49609284,2989,2807,-182
"Sedgwick_County,_Colorado",0.25884326,0.49609284,2990,2808,-182
"Summit_County,_Colorado",0.25884326,0.49609284,2991,2809,-182
"Teller_County,_Colorado",0.25884326,0.49609284,2992,2810,-182
"Washington_County,_Colorado",0.25884326,0.49609284,2993,2811,-182
"Weld_County,_Colorado",0.25884326,0.49609284,2994,2812,-182
"Yuma_County,_Colorado",0.25884326,0.49609284,2995,2813,-182
"Alameda_County,_California",0.25855616,0.49286314,2996,2934,-62
"Alpine_County,_California",0.25855616,0.49286314,2997,2935,-62
"Amador_County,_California",0.25855616,0.49286314,2998,2936,-62
"Butte_County,_California",0.25855616,0.49286314,2999,2937,-62
"Calaveras_County,_California",0.25855616,0.49286314,3000,2938,-62
"Colusa_County,_California",0.25855616,0.49286314,3001,2939,-62
"Contra_Costa_County,_California",0.25855616,0.49286314,3002,2940,-62
"Del_Norte_County,_California",0.25855616,0.49286314,3003,2941,-62
"El_Dorado_County,_California",0.25855616,0.49286314,3004,2942,-62
"Fresno_County,_California",0.25855616,0.49286314,3005,2943,-62
"Glenn_County,_California",0.25855616,0.49286314,3006,2944,-62
"Humboldt_County,_California",0.25855616,0.49286314,3007,2945,-62
"Imperial_County,_California",0.25855616,0.49286314,3008,2946,-62
"Inyo_County,_California",0.25855616,0.49286314,3009,2947,-62
"Kern_County,_California",0.25855616,0.49286314,3010,2948,-62
"Kings_County,_California",0.25855616,0.49286314,3011,2949,-62
"Lake_County,_California",0.25855616,0.49286314,3012,2950,-62
"Lassen_County,_California",0.25855616,0.49286314,3013,2951,-62
"Los_Angeles_County,_California",0.25855616,0.49286314,3014,2952,-62
"Madera_County,_California",0.25855616,0.49286314,3015,2953,-62
"Marin_County,_California",0.25855616,0.49286314,3016,2954,-62
"Mariposa_County,_California",0.25855616,0.49286314,3017,2955,-62
"Mendocino_County,_California",0.25855616,0.49286314,3018,2956,-62
"Merced_County,_California",0.25855616,0.49286314,3019,2957,-62
"Modoc_County,_California",0.25855616,0.49286314,3020,2958,-62
"Mono_County,_California",0.25855616,0.49286314,3021,2959,-62
"Monterey_County,_California",0.25855616,0.49286314,3022,2960,-62
"Napa_County,_California",0.25855616,0.49286314,3023,2961,-62
"Nevada_County,_California",0.25855616,0.49286314,3024,2962,-62
"Orange_County,_California",0.25855616,0.49286314,3025,2963,-62
"Placer_County,_California",0.25855616,0.49286314,3026,2964,-62
"Plumas_County,_California",0.25855616,0.49286314,3027,2965,-62
"Riverside_County,_California",0.25855616,0.49286314,3028,2966,-62
"Sacramento_County,_California",0.25855616,0.49286314,3029,2967,-62
"San_Benito_County,_California",0.25855616,0.49286314,3030,2968,-62
"San_Bernardino_County,_California",0.25855616,0.49286314,3031,2969,-62
"San_Diego_County,_California",0.25855616,0.49286314,3032,2970,-62
San_Francisco_County_Q13188841,0.25855616,0.49286314,3033,2971,-62
"San_Joaquin_County,_California",0.25855616,0.49286314,3034,2972,-62
"San_Luis_Obispo_County,_California",0.25855616,0.49286314,3035,2973,-62
"San_Mateo_County,_California",0.25855616,0.49286314,3036,2974,-62
"Santa_Barbara_County,_California",0.25855616,0.49286314,3037,2975,-62
"Santa_Clara_County,_California",0.25855616,0.49286314,3038,2976,-62
"Santa_Cruz_County,_California",0.25855616,0.49286314,3039,2977,-62
"Shasta_County,_California",0.25855616,0.49286314,3040,2978,-62
"Sierra_County,_California",0.25855616,0.49286314,3041,2979,-62
"Siskiyou_County,_California",0.25855616,0.49286314,3042,2980,-62
"Solano_County,_California",0.25855616,0.49286314,3043,2981,-62
"Sonoma_County,_California",0.25855616,0.49286314,3044,2982,-62
"Stanislaus_County,_California",0.25855616,0.49286314,3045,2983,-62
"Sutter_County,_California",0.25855616,0.49286314,3046,2984,-62
"Tehama_County,_California",0.25855616,0.49286314,3047,2985,-62
"Trinity_County,_California",0.25855616,0.49286314,3048,2986,-62
"Tulare_County,_California",0.25855616,0.49286314,3049,2987,-62
"Tuolumne_County,_California",0.25855616,0.49286314,3050,2988,-62
"Ventura_County,_California",0.25855616,0.49286314,3051,2989,-62
"Yolo_County,_California",0.25855616,0.49286314,3052,2990,-62
"Yuba_County,_California",0.25855616,0.49286314,3053,2991,-62
"geo:44.000088,-72.7001454",0.25851132,0.40831107,3054,4012,958
Alfredo_Baquerizo_Moreno_Canton,0.25822102,0.47470596,3055,3406,351
Balao_Canton,0.25822102,0.47470596,3056,3407,351
Balzar_Canton,0.25822102,0.47470596,3057,3408,351
Colimes_Canton,0.25822102,0.47470596,3058,3409,351
Coronel_Marcelino_Maridueña_Canton,0.25822102,0.47470596,3059,3410,351
Daule_Canton,0.25822102,0.47470596,3060,3411,351
Durán_Canton,0.25822102,0.47470596,3061,3412,351
El_Empalme_Canton,0.25822102,0.47470596,3062,3413,351
El_Triunfo_Canton,0.25822102,0.47470596,3063,3414,351
General_Antonio_Elizalde_Canton,0.25822102,0.47470596,3064,3415,351
Isidro_Ayora_Canton,0.25822102,0.47470596,3065,3416,351
Lomas_de_Sargentillo_Canton,0.25822102,0.47470596,3066,3417,351
Milagro_Canton,0.25822102,0.47470596,3067,3418,351
Naranjal_Canton,0.25822102,0.47470596,3068,3419,351
Naranjito_Canton,0.25822102,0.47470596,3069,3420,351
Nobol_Canton,0.25822102,0.47470596,3070,3421,351
Palestina_Canton,0.25822102,0.47470596,3071,3422,351
Pedro_Carbo_Canton,0.25822102,0.47470596,3072,3423,351
Playas_Canton,0.25822102,0.47470596,3073,3424,351
Salitre_Canton,0.25822102,0.47470596,3074,3425,351
Samborondón_Canton,0.25822102,0.47470596,3075,3426,351
Santa_Lucía_Canton,0.25822102,0.47470596,3076,3427,351
Simón_Bolívar_Canton,0.25822102,0.47470596,3077,3428,351
Yaguachi_Canton,0.25822102,0.47470596,3078,3429,351
Białobrzegi_County,0.25818726,0.48518066,3079,3099,20
Ciechanów_County,0.25818726,0.48518066,3080,3100,20
Garwolin_County,0.25818726,0.48518066,3081,3101,20
Gostynin_County,0.25818726,0.48518066,3082,3102,20
Grodzisk_Mazowiecki_County,0.25818726,0.48518066,3083,3103,20
Grójec_County,0.25818726,0.48518066,3084,3104,20
Kozienice_County,0.25818726,0.48518066,3085,3105,20
Legionowo_County,0.25818726,0.48518066,3086,3106,20
Lipsko_County,0.25818726,0.48518066,3087,3107,20
Maków_County,0.25818726,0.48518066,3088,3108,20
Mińsk_County,0.25818726,0.48518066,3089,3109,20
Mława_County,0.25818726,0.48518066,3090,3110,20
Nowy_Dwór_Mazowiecki_County,0.25818726,0.48518066,3091,3111,20
Ostrołęka,0.25818726,0.48518066,3092,3112,20
Ostrołęka_County,0.25818726,0.48518066,3093,3113,20
Ostrów_Mazowiecka_County,0.25818726,0.48518066,3094,3114,20
Otwock_County,0.25818726,0.48518066,3095,3115,20
Piaseczno_County,0.25818726,0.48518066,3096,3116,20
Pruszków_County,0.25818726,0.48518066,3097,3117,20
Przasnysz_County,0.25818726,0.48518066,3098,3118,20
Przysucha_County,0.25818726,0.48518066,3099,3119,20
Pułtusk_County,0.25818726,0.48518066,3100,3120,20
Płock,0.25818726,0.48518066,3101,3121,20
Płock_County,0.25818726,0.48518066,3102,3122,20
Płońsk_County,0.25818726,0.48518066,3103,3123,20
Radom,0.25818726,0.48518066,3104,3124,20
Radom_County,0.25818726,0.48518066,3105,3125,20
Siedlce,0.25818726,0.48518066,3106,3126,20
Siedlce_County,0.25818726,0.48518066,3107,3127,20
Sierpc_County,0.25818726,0.48518066,3108,3128,20
Sochaczew_County,0.25818726,0.48518066,3109,3129,20
Sokołów_County,0.25818726,0.48518066,3110,3130,20
Szydłowiec_County,0.25818726,0.48518066,3111,3131,20
Warsaw,0.25818726,0.48518066,3112,3132,20
Warsaw_West_County,0.25818726,0.48518066,3113,3133,20
Wołomin_County,0.25818726,0.48518066,3114,3134,20
Wyszków_County,0.25818726,0.48518066,3115,3135,20
Węgrów_County,0.25818726,0.48518066,3116,3136,20
Zwoleń_County,0.25818726,0.48518066,3117,3137,20
Łosice_County,0.25818726,0.48518066,3118,3138,20
Żuromin_County,0.25818726,0.48518066,3119,3139,20
Żyrardów_County,0.25818726,0.48518066,3120,3140,20
Biała_Podlaska,0.25810265,0.47513802,3121,3382,261
Biała_Podlaska_County,0.25810265,0.47513802,3122,3383,261
Biłgoraj_County,0.25810265,0.47513802,3123,3384,261
Chełm,0.25810265,0.47513802,3124,3385,261
Chełm_County,0.25810265,0.47513802,3125,3386,261
Hrubieszów_County,0.25810265,0.47513802,3126,3387,261
Janów_Lubelski_County,0.25810265,0.47513802,3127,3388,261
Krasnystaw_County,0.25810265,0.47513802,3128,3389,261
Kraśnik_County,0.25810265,0.47513802,3129,3390,261
Lubartów_County,0.25810265,0.47513802,3130,3391,261
Lublin,0.25810265,0.47513802,3131,3392,261
Lublin_County,0.25810265,0.47513802,3132,3393,261
Opole_Lubelskie_County,0.25810265,0.47513802,3133,3394,261
Parczew_County,0.25810265,0.47513802,3134,3395,261
Puławy_County,0.25810265,0.47513802,3135,3396,261
Radzyń_Podlaski_County,0.25810265,0.47513802,3136,3397,261
Ryki_County,0.25810265,0.47513802,3137,3398,261
Tomaszów_Lubelski_County,0.25810265,0.47513802,3138,3399,261
Włodawa_County,0.25810265,0.47513802,3139,3400,261
Zamość_County,0.25810265,0.47513802,3140,3401,261
Łuków_County,0.25810265,0.47513802,3141,3402,261
Łęczna_County,0.25810265,0.47513802,3142,3403,261
Świdnik_County,0.25810265,0.47513802,3143,3404,261
Bełchatów_County,0.25781527,0.47348885,3144,3495,351
Brzeziny_County,0.25781527,0.47348885,3145,3496,351
Kutno_County,0.25781527,0.47348885,3146,3497,351
Opoczno_County,0.25781527,0.47348885,3147,3498,351
Pabianice_County,0.25781527,0.47348885,3148,3499,351
Pajęczno_County,0.25781527,0.47348885,3149,3500,351
Piotrków_County,0.25781527,0.47348885,3150,3501,351
Piotrków_Trybunalski,0.25781527,0.47348885,3151,3502,351
Poddębice_County,0.25781527,0.47348885,3152,3503,351
Radomsko_County,0.25781527,0.47348885,3153,3504,351
Rawa_County,0.25781527,0.47348885,3154,3505,351
Sieradz_County,0.25781527,0.47348885,3155,3506,351
Skierniewice,0.25781527,0.47348885,3156,3507,351
Skierniewice_County,0.25781527,0.47348885,3157,3508,351
Tomaszów_Mazowiecki_County,0.25781527,0.47348885,3158,3509,351
Wieluń_County,0.25781527,0.47348885,3159,3510,351
Wieruszów_County,0.25781527,0.47348885,3160,3511,351
Zduńska_Wola_County,0.25781527,0.47348885,3161,3512,351
Zgierz_County,0.25781527,0.47348885,3162,3513,351
Łask_County,0.25781527,0.47348885,3163,3514,351
Łowicz_County,0.25781527,0.47348885,3164,3515,351
Łódź,0.25781527,0.47348885,3165,3516,351
Łódź_East_County,0.25781527,0.47348885,3166,3517,351
Łęczyca_County,0.25781527,0.47348885,3167,3518,351
"Bolívar_Canton,_Manabí",0.25775117,0.47019785,3168,3545,377
Chone_Canton,0.25775117,0.47019785,3169,3546,377
El_Carmen_Canton,0.25775117,0.47019785,3170,3547,377
Flavio_Alfaro_Canton,0.25775117,0.47019785,3171,3548,377
Jama_Canton,0.25775117,0.47019785,3172,3549,377
Jaramijó_Canton,0.25775117,0.47019785,3173,3550,377
Jipijapa_Canton,0.25775117,0.47019785,3174,3551,377
Junín_Canton,0.25775117,0.47019785,3175,3552,377
Manta_Canton,0.25775117,0.47019785,3176,3553,377
Montecristi_Canton,0.25775117,0.47019785,3177,3554,377
"Olmedo_Canton,_Manabí",0.25775117,0.47019785,3178,3555,377
Paján_Canton,0.25775117,0.47019785,3179,3556,377
Pedernales_Canton,0.25775117,0.47019785,3180,3557,377
Pichincha_Canton,0.25775117,0.47019785,3181,3558,377
Portoviejo_Canton,0.25775117,0.47019785,3182,3559,377
Puerto_López,0.25775117,0.47019785,3183,3560,377
Puerto_López_Canton,0.25775117,0.47019785,3184,3561,377
"San_Vicente_Canton,_Ecuador",0.25775117,0.47019785,3185,3562,377
"Santa_Ana_Canton,_Ecuador",0.25775117,0.47019785,3186,3563,377
Sucre_Canton,0.25775117,0.47019785,3187,3564,377
Tosagua_Canton,0.25775117,0.47019785,3188,3565,377
Veinticuatro_de_Mayo_Canton,0.25775117,0.47019785,3189,3566,377
"geo:46.06666666666759,7.6000000000001515",0.25762918,0.39898450,3190,4078,888
"geo:-0.67,-77.94",0.25761967,0.37223722,3191,4253,1062
Aleksandrów_County,0.25757390,0.47126913,3192,3520,328
Brodnica_County,0.25757390,0.47126913,3193,3521,328
Bydgoszcz,0.25757390,0.47126913,3194,3522,328
Bydgoszcz_County,0.25757390,0.47126913,3195,3523,328
Chełmno_County,0.25757390,0.47126913,3196,3524,328
Golub-Dobrzyń_County,0.25757390,0.47126913,3197,3525,328
Grudziądz,0.25757390,0.47126913,3198,3526,328
Grudziądz_County,0.25757390,0.47126913,3199,3527,328
Inowrocław_County,0.25757390,0.47126913,3200,3528,328
Lipno_County,0.25757390,0.47126913,3201,3529,328
Mogilno_County,0.25757390,0.47126913,3202,3530,328
Nakło_County,0.25757390,0.47126913,3203,3531,328
Radziejów_County,0.25757390,0.47126913,3204,3532,328
Rypin_County,0.25757390,0.47126913,3205,3533,328
Sępólno_County,0.25757390,0.47126913,3206,3534,328
Toruń,0.25757390,0.47126913,3207,3535,328
Toruń_County,0.25757390,0.47126913,3208,3536,328
Tuchola_County,0.25757390,0.47126913,3209,3537,328
Wąbrzeźno_County,0.25757390,0.47126913,3210,3538,328
Włocławek,0.25757390,0.47126913,3211,3539,328
Włocławek_County,0.25757390,0.47126913,3212,3540,328
Świecie_County,0.25757390,0.47126913,3213,3541,328
Żnin_County,0.25757390,0.47126913,3214,3542,328
"geo:42.30000000000084,-71.80000000000143",0.25735857,0.40275773,3215,4039,824
Bochnia_County,0.25731362,0.46889740,3216,3593,377
Brzesko_County,0.25731362,0.46889740,3217,3594,377
Chrzanów_County,0.25731362,0.46889740,3218,3595,377
Dąbrowa_County,0.25731362,0.46889740,3219,3596,377
Gorlice_County,0.25731362,0.46889740,3220,3597,377
Kraków,0.25731362,0.46889740,3221,3598,377
Kraków_County,0.25731362,0.46889740,3222,3599,377
Limanowa_County,0.25731362,0.46889740,3223,3600,377
Miechów_County,0.25731362,0.46889740,3224,3601,377
Myślenice_County,0.25731362,0.46889740,3225,3602,377
Nowy_Sącz,0.25731362,0.46889740,3226,3603,377
Nowy_Sącz_County,0.25731362,0.46889740,3227,3604,377
Nowy_Targ_County,0.25731362,0.46889740,3228,3605,377
Olkusz_County,0.25731362,0.46889740,3229,3606,377
Oświęcim_County,0.25731362,0.46889740,3230,3607,377
Proszowice_County,0.25731362,0.46889740,3231,3608,377
Sucha_County,0.25731362,0.46889740,3232,3609,377
Tarnów,0.25731362,0.46889740,3233,3610,377
Tarnów_County,0.25731362,0.46889740,3234,3611,377
Tatra_County,0.25731362,0.46889740,3235,3612,377
Wadowice_County,0.25731362,0.46889740,3236,3613,377
Wieliczka_County,0.25731362,0.46889740,3237,3614,377
"Abbeville_County,_South_Carolina",0.25723157,0.48279237,3238,3283,45
"Aiken_County,_South_Carolina",0.25723157,0.48279237,3239,3284,45
"Allendale_County,_South_Carolina",0.25723157,0.48279237,3240,3285,45
"Anderson_County,_South_Carolina",0.25723157,0.48279237,3241,3286,45
"Bamberg_County,_South_Carolina",0.25723157,0.48279237,3242,3287,45
"Barnwell_County,_South_Carolina",0.25723157,0.48279237,3243,3288,45
"Beaufort_County,_South_Carolina",0.25723157,0.48279237,3244,3289,45
"Berkeley_County,_South_Carolina",0.25723157,0.48279237,3245,3290,45
"Calhoun_County,_South_Carolina",0.25723157,0.48279237,3246,3291,45
"Charleston_County,_South_Carolina",0.25723157,0.48279237,3247,3292,45
"Cherokee_County,_South_Carolina",0.25723157,0.48279237,3248,3293,45
"Chester_County,_South_Carolina",0.25723157,0.48279237,3249,3294,45
"Chesterfield_County,_South_Carolina",0.25723157,0.48279237,3250,3295,45
"Clarendon_County,_South_Carolina",0.25723157,0.48279237,3251,3296,45
"Colleton_County,_South_Carolina",0.25723157,0.48279237,3252,3297,45
"Darlington_County,_South_Carolina",0.25723157,0.48279237,3253,3298,45
"Dillon_County,_South_Carolina",0.25723157,0.48279237,3254,3299,45
"Dorchester_County,_South_Carolina",0.25723157,0.48279237,3255,3300,45
"Edgefield_County,_South_Carolina",0.25723157,0.48279237,3256,3301,45
"Fairfield_County,_South_Carolina",0.25723157,0.48279237,3257,3302,45
"Florence_County,_South_Carolina",0.25723157,0.48279237,3258,3303,45
"Georgetown_County,_South_Carolina",0.25723157,0.48279237,3259,3304,45
"Greenville_County,_South_Carolina",0.25723157,0.48279237,3260,3305,45
"Greenwood_County,_South_Carolina",0.25723157,0.48279237,3261,3306,45
"Hampton_County,_South_Carolina",0.25723157,0.48279237,3262,3307,45
"Horry_County,_South_Carolina",0.25723157,0.48279237,3263,3308,45
"Jasper_County,_South_Carolina",0.25723157,0.48279237,3264,3309,45
"Kershaw_County,_South_Carolina",0.25723157,0.48279237,3265,3310,45
"Lancaster_County,_South_Carolina",0.25723157,0.48279237,3266,3311,45
"Laurens_County,_South_Carolina",0.25723157,0.48279237,3267,3312,45
"Lee_County,_South_Carolina",0.25723157,0.48279237,3268,3313,45
"Lexington_County,_South_Carolina",0.25723157,0.48279237,3269,3314,45
"Marion_County,_South_Carolina",0.25723157,0.48279237,3270,3315,45
"Marlboro_County,_South_Carolina",0.25723157,0.48279237,3271,3316,45
"McCormick_County,_South_Carolina",0.25723157,0.48279237,3272,3317,45
"Newberry_County,_South_Carolina",0.25723157,0.48279237,3273,3318,45
"Oconee_County,_South_Carolina",0.25723157,0.48279237,3274,3319,45
"Orangeburg_County,_South_Carolina",0.25723157,0.48279237,3275,3320,45
"Pickens_County,_South_Carolina",0.25723157,0.48279237,3276,3321,45
"Richland_County,_South_Carolina",0.25723157,0.48279237,3277,3322,45
"Saluda_County,_South_Carolina",0.25723157,0.48279237,3278,3323,45
"Spartanburg_County,_South_Carolina",0.25723157,0.48279237,3279,3324,45
"Sumter_County,_South_Carolina",0.25723157,0.48279237,3280,3325,45
"Union_County,_South_Carolina",0.25723157,0.48279237,3281,3326,45
"Williamsburg_County,_South_Carolina",0.25723157,0.48279237,3282,3327,45
"York_County,_South_Carolina",0.25723157,0.48279237,3283,3328,45
"geo:47.418,8.11",0.25708965,0.39398052,3284,4104,820
Bartoszyce_County,0.25703211,0.46635751,3285,3676,391
Białogard_County,0.25703211,0.46635751,3286,3698,412
Braniewo_County,0.25703211,0.46635751,3287,3677,390
Choszczno_County,0.25703211,0.46635751,3288,3699,411
Drawsko_County,0.25703211,0.46635751,3289,3700,411
Działdowo_County,0.25703211,0.46635751,3290,3678,388
Elbląg,0.25703211,0.46635751,3291,3679,388
Elbląg_County,0.25703211,0.46635751,3292,3680,388
Ełk_County,0.25703211,0.46635751,3293,3681,388
Giżycko_County,0.25703211,0.46635751,3294,3682,388
Goleniów_County,0.25703211,0.46635751,3295,3701,406
Gołdap_County,0.25703211,0.46635751,3296,3683,387
Gryfice_County,0.25703211,0.46635751,3297,3702,405
Gryfino_County,0.25703211,0.46635751,3298,3703,405
Iława_County,0.25703211,0.46635751,3299,3684,385
Kamień_County,0.25703211,0.46635751,3300,3704,404
Koszalin,0.25703211,0.46635751,3301,3705,404
Koszalin_County,0.25703211,0.46635751,3302,3706,404
Kołobrzeg_County,0.25703211,0.46635751,3303,3707,404
Kętrzyn_County,0.25703211,0.46635751,3304,3685,381
Lidzbark_County,0.25703211,0.46635751,3305,3686,381
Mrągowo_County,0.25703211,0.46635751,3306,3687,381
Myślibórz_County,0.25703211,0.46635751,3307,3708,401
Nidzica_County,0.25703211,0.46635751,3308,3688,380
Nowe_Miasto_County,0.25703211,0.46635751,3309,3689,380
Olecko_County,0.25703211,0.46635751,3310,3690,380
Olsztyn,0.25703211,0.46635751,3311,3691,380
Olsztyn_County,0.25703211,0.46635751,3312,3692,380
Ostróda_County,0.25703211,0.46635751,3313,3693,380
Pisz_County,0.25703211,0.46635751,3314,3694,380
Police_County,0.25703211,0.46635751,3315,3709,394
Pyrzyce_County,0.25703211,0.46635751,3316,3710,394
Stargard_County,0.25703211,0.46635751,3317,3711,394
Szczecin,0.25703211,0.46635751,3318,3712,394
Szczecinek_County,0.25703211,0.46635751,3319,3713,394
Szczytno_County,0.25703211,0.46635751,3320,3695,375
Sławno_County,0.25703211,0.46635751,3321,3714,393
Węgorzewo_County,0.25703211,0.46635751,3322,3696,374
Wałcz_County,0.25703211,0.46635751,3323,3715,392
Łobez_County,0.25703211,0.46635751,3324,3716,392
Świdwin_County,0.25703211,0.46635751,3325,3717,392
Świnoujście,0.25703211,0.46635751,3326,3718,392
Canton%20de%20Geneve.jpeg,0.25699737,0.48298877,3327,3212,-115
"Ada_County,_Idaho",0.25694810,0.48068518,3328,3331,3
"Adams_County,_Idaho",0.25694810,0.48068518,3329,3332,3
"Bannock_County,_Idaho",0.25694810,0.48068518,3330,3333,3
"Bear_Lake_County,_Idaho",0.25694810,0.48068518,3331,3334,3
"Benewah_County,_Idaho",0.25694810,0.48068518,3332,3335,3
"Bingham_County,_Idaho",0.25694810,0.48068518,3333,3336,3
"Blaine_County,_Idaho",0.25694810,0.48068518,3334,3337,3
"Boise_County,_Idaho",0.25694810,0.48068518,3335,3338,3
"Bonner_County,_Idaho",0.25694810,0.48068518,3336,3339,3
"Bonneville_County,_Idaho",0.25694810,0.48068518,3337,3340,3
"Boundary_County,_Idaho",0.25694810,0.48068518,3338,3341,3
"Butte_County,_Idaho",0.25694810,0.48068518,3339,3342,3
"Camas_County,_Idaho",0.25694810,0.48068518,3340,3343,3
"Canyon_County,_Idaho",0.25694810,0.48068518,3341,3344,3
"Caribou_County,_Idaho",0.25694810,0.48068518,3342,3345,3
"Cassia_County,_Idaho",0.25694810,0.48068518,3343,3346,3
"Clark_County,_Idaho",0.25694810,0.48068518,3344,3347,3
"Clearwater_County,_Idaho",0.25694810,0.48068518,3345,3348,3
"Custer_County,_Idaho",0.25694810,0.48068518,3346,3349,3
"Elmore_County,_Idaho",0.25694810,0.48068518,3347,3350,3
"Franklin_County,_Idaho",0.25694810,0.48068518,3348,3351,3
"Fremont_County,_Idaho",0.25694810,0.48068518,3349,3352,3
"Gem_County,_Idaho",0.25694810,0.48068518,3350,3353,3
"Gooding_County,_Idaho",0.25694810,0.48068518,3351,3354,3
"Idaho_County,_Idaho",0.25694810,0.48068518,3352,3355,3
"Jefferson_County,_Idaho",0.25694810,0.48068518,3353,3356,3
"Jerome_County,_Idaho",0.25694810,0.48068518,3354,3357,3
"Kootenai_County,_Idaho",0.25694810,0.48068518,3355,3358,3
"Latah_County,_Idaho",0.25694810,0.48068518,3356,3359,3
"Lemhi_County,_Idaho",0.25694810,0.48068518,3357,3360,3
"Lewis_County,_Idaho",0.25694810,0.48068518,3358,3361,3
"Lincoln_County,_Idaho",0.25694810,0.48068518,3359,3362,3
"Madison_County,_Idaho",0.25694810,0.48068518,3360,3363,3
"Minidoka_County,_Idaho",0.25694810,0.48068518,3361,3364,3
"Nez_Perce_County,_Idaho",0.25694810,0.48068518,3362,3365,3
"Oneida_County,_Idaho",0.25694810,0.48068518,3363,3366,3
"Owyhee_County,_Idaho",0.25694810,0.48068518,3364,3367,3
"Payette_County,_Idaho",0.25694810,0.48068518,3365,3368,3
"Power_County,_Idaho",0.25694810,0.48068518,3366,3369,3
"Shoshone_County,_Idaho",0.25694810,0.48068518,3367,3370,3
"Teton_County,_Idaho",0.25694810,0.48068518,3368,3371,3
"Twin_Falls_County,_Idaho",0.25694810,0.48068518,3369,3372,3
"Valley_County,_Idaho",0.25694810,0.48068518,3370,3373,3
"Washington_County,_Idaho",0.25694810,0.48068518,3371,3374,3
Bytów_County,0.25672666,0.46363092,3372,3722,350
Chojnice_County,0.25672666,0.46363092,3373,3723,350
Człuchów_County,0.25672666,0.46363092,3374,3724,350
Gdańsk,0.25672666,0.46363092,3375,3725,350
Gdańsk_County,0.25672666,0.46363092,3376,3726,350
Gdynia,0.25672666,0.46363092,3377,3727,350
Kartuzy_County,0.25672666,0.46363092,3378,3728,350
Kościerzyna_County,0.25672666,0.46363092,3379,3729,350
Kwidzyn_County,0.25672666,0.46363092,3380,3730,350
Lębork_County,0.25672666,0.46363092,3381,3731,350
Malbork_County,0.25672666,0.46363092,3382,3732,350
Nowy_Dwór_Gdański_County,0.25672666,0.46363092,3383,3733,350
Puck_County,0.25672666,0.46363092,3384,3734,350
Sopot,0.25672666,0.46363092,3385,3735,350
Starogard_County,0.25672666,0.46363092,3386,3736,350
Sztum_County,0.25672666,0.46363092,3387,3737,350
Słupsk,0.25672666,0.46363092,3388,3738,350
Słupsk_County,0.25672666,0.46363092,3389,3739,350
Tczew_County,0.25672666,0.46363092,3390,3740,350
Wejherowo_County,0.25672666,0.46363092,3391,3741,350
Hannover-Nordstadt,0.25660038,0.36213103,3392,4318,926
"Alachua_County,_Florida",0.25654537,0.48295769,3393,3213,-180
"Baker_County,_Florida",0.25654537,0.48295769,3394,3214,-180
"Bay_County,_Florida",0.25654537,0.48295769,3395,3215,-180
"Bradford_County,_Florida",0.25654537,0.48295769,3396,3216,-180
"Brevard_County,_Florida",0.25654537,0.48295769,3397,3217,-180
"Broward_County,_Florida",0.25654537,0.48295769,3398,3218,-180
"Calhoun_County,_Florida",0.25654537,0.48295769,3399,3219,-180
"Charlotte_County,_Florida",0.25654537,0.48295769,3400,3220,-180
"Citrus_County,_Florida",0.25654537,0.48295769,3401,3221,-180
"Clay_County,_Florida",0.25654537,0.48295769,3402,3222,-180
"Collier_County,_Florida",0.25654537,0.48295769,3403,3223,-180
"Columbia_County,_Florida",0.25654537,0.48295769,3404,3224,-180
"DeSoto_County,_Florida",0.25654537,0.48295769,3405,3225,-180
"Dixie_County,_Florida",0.25654537,0.48295769,3406,3226,-180
"Duval_County,_Florida",0.25654537,0.48295769,3407,3227,-180
"Escambia_County,_Florida",0.25654537,0.48295769,3408,3228,-180
"Flagler_County,_Florida",0.25654537,0.48295769,3409,3229,-180
"Franklin_County,_Florida",0.25654537,0.48295769,3410,3231,-179
"Gadsden_County,_Florida",0.25654537,0.48295769,3411,3232,-179
"Gilchrist_County,_Florida",0.25654537,0.48295769,3412,3233,-179
"Glades_County,_Florida",0.25654537,0.48295769,3413,3234,-179
"Gulf_County,_Florida",0.25654537,0.48295769,3414,3235,-179
"Hamilton_County,_Florida",0.25654537,0.48295769,3415,3236,-179
"Hardee_County,_Florida",0.25654537,0.48295769,3416,3237,-179
"Hendry_County,_Florida",0.25654537,0.48295769,3417,3238,-179
"Hernando_County,_Florida",0.25654537,0.48295769,3418,3239,-179
"Highlands_County,_Florida",0.25654537,0.48295769,3419,3240,-179
"Hillsborough_County,_Florida",0.25654537,0.48295769,3420,3241,-179
"Holmes_County,_Florida",0.25654537,0.48295769,3421,3242,-179
"Indian_River_County,_Florida",0.25654537,0.48295769,3422,3243,-179
"Jackson_County,_Florida",0.25654537,0.48295769,3423,3244,-179
"Jefferson_County,_Florida",0.25654537,0.48295769,3424,3245,-179
"Lafayette_County,_Florida",0.25654537,0.48295769,3425,3246,-179
"Lake_County,_Florida",0.25654537,0.48295769,3426,3247,-179
"Lee_County,_Florida",0.25654537,0.48295769,3427,3248,-179
"Leon_County,_Florida",0.25654537,0.48295769,3428,3249,-179
"Levy_County,_Florida",0.25654537,0.48295769,3429,3250,-179
"Liberty_County,_Florida",0.25654537,0.48295769,3430,3251,-179
"Madison_County,_Florida",0.25654537,0.48295769,3431,3252,-179
"Manatee_County,_Florida",0.25654537,0.48295769,3432,3253,-179
"Marion_County,_Florida",0.25654537,0.48295769,3433,3254,-179
"Martin_County,_Florida",0.25654537,0.48295769,3434,3255,-179
"Miami-Dade_County,_Florida",0.25654537,0.48295769,3435,3256,-179
"Monroe_County,_Florida",0.25654537,0.48295769,3436,3257,-179
"Nassau_County,_Florida",0.25654537,0.48295769,3437,3258,-179
"Okaloosa_County,_Florida",0.25654537,0.48295769,3438,3259,-179
"Okeechobee_County,_Florida",0.25654537,0.48295769,3439,3260,-179
"Orange_County,_Florida",0.25654537,0.48295769,3440,3261,-179
"Osceola_County,_Florida",0.25654537,0.48295769,3441,3262,-179
"Palm_Beach_County,_Florida",0.25654537,0.48295769,3442,3263,-179
"Pasco_County,_Florida",0.25654537,0.48295769,3443,3264,-179
"Pinellas_County,_Florida",0.25654537,0.48295769,3444,3265,-179
"Polk_County,_Florida",0.25654537,0.48295769,3445,3266,-179
"Putnam_County,_Florida",0.25654537,0.48295769,3446,3267,-179
"Santa_Rosa_County,_Florida",0.25654537,0.48295769,3447,3268,-179
"Sarasota_County,_Florida",0.25654537,0.48295769,3448,3269,-179
"Seminole_County,_Florida",0.25654537,0.48295769,3449,3270,-179
"St._Johns_County,_Florida",0.25654537,0.48295769,3450,3271,-179
"St._Lucie_County,_Florida",0.25654537,0.48295769,3451,3272,-179
"Sumter_County,_Florida",0.25654537,0.48295769,3452,3273,-179
"Suwannee_County,_Florida",0.25654537,0.48295769,3453,3274,-179
"Taylor_County,_Florida",0.25654537,0.48295769,3454,3275,-179
"Union_County,_Florida",0.25654537,0.48295769,3455,3276,-179
"Volusia_County,_Florida",0.25654537,0.48295769,3456,3277,-179
"Wakulla_County,_Florida",0.25654537,0.48295769,3457,3278,-179
"Walton_County,_Florida",0.25654537,0.48295769,3458,3279,-179
"Washington_County,_Florida",0.25654537,0.48295769,3459,3280,-179
"Allegany_County,_Maryland",0.25640089,0.48302724,3460,3142,-318
"Anne_Arundel_County,_Maryland",0.25640089,0.48302724,3461,3143,-318
Baltimore,0.25640089,0.48302724,3462,3144,-318
"Baltimore_County,_Maryland",0.25640089,0.48302724,3463,3145,-318
"Calvert_County,_Maryland",0.25640089,0.48302724,3464,3146,-318
"Caroline_County,_Maryland",0.25640089,0.48302724,3465,3147,-318
"Carroll_County,_Maryland",0.25640089,0.48302724,3466,3148,-318
"Cecil_County,_Maryland",0.25640089,0.48302724,3467,3149,-318
"Charles_County,_Maryland",0.25640089,0.48302724,3468,3150,-318
"Dorchester_County,_Maryland",0.25640089,0.48302724,3469,3151,-318
"Frederick_County,_Maryland",0.25640089,0.48302724,3470,3152,-318
"Garrett_County,_Maryland",0.25640089,0.48302724,3471,3153,-318
"Harford_County,_Maryland",0.25640089,0.48302724,3472,3154,-318
"Howard_County,_Maryland",0.25640089,0.48302724,3473,3155,-318
"Kent_County,_Maryland",0.25640089,0.48302724,3474,3156,-318
"Prince_George's_County,_Maryland",0.25640089,0.48302724,3475,3157,-318
"Queen_Anne's_County,_Maryland",0.25640089,0.48302724,3476,3158,-318
"Somerset_County,_Maryland",0.25640089,0.48302724,3477,3159,-318
"St._Mary's_County,_Maryland",0.25640089,0.48302724,3478,3160,-318
"Talbot_County,_Maryland",0.25640089,0.48302724,3479,3161,-318
"Washington_County,_Maryland",0.25640089,0.48302724,3480,3162,-318
"Wicomico_County,_Maryland",0.25640089,0.48302724,3481,3163,-318
"Worcester_County,_Maryland",0.25640089,0.48302724,3482,3164,-318
"geo:47.36666666666761,7.1500000000001425",0.25630780,0.35807057,3483,4323,840
"Androscoggin_County,_Maine",0.25617222,0.45981703,3484,3763,279
"Aroostook_County,_Maine",0.25617222,0.45981703,3485,3764,279
"Cumberland_County,_Maine",0.25617222,0.45981703,3486,3765,279
"Franklin_County,_Maine",0.25617222,0.45981703,3487,3766,279
"Hancock_County,_Maine",0.25617222,0.45981703,3488,3767,279
"Kennebec_County,_Maine",0.25617222,0.45981703,3489,3768,279
"Knox_County,_Maine",0.25617222,0.45981703,3490,3769,279
"Lincoln_County,_Maine",0.25617222,0.45981703,3491,3770,279
"Oxford_County,_Maine",0.25617222,0.45981703,3492,3771,279
"Penobscot_County,_Maine",0.25617222,0.45981703,3493,3772,279
"Piscataquis_County,_Maine",0.25617222,0.45981703,3494,3773,279
"Sagadahoc_County,_Maine",0.25617222,0.45981703,3495,3774,279
"Somerset_County,_Maine",0.25617222,0.45981703,3496,3775,279
"Waldo_County,_Maine",0.25617222,0.45981703,3497,3776,279
"Washington_County,_Maine",0.25617222,0.45981703,3498,3777,279
"York_County,_Maine",0.25617222,0.45981703,3499,3778,279
"Carson_City,_Nevada",0.25614470,0.46315172,3500,3743,243
"Churchill_County,_Nevada",0.25614470,0.46315172,3501,3744,243
"Clark_County,_Nevada",0.25614470,0.46315172,3502,3745,243
"Douglas_County,_Nevada",0.25614470,0.46315172,3503,3746,243
"Elko_County,_Nevada",0.25614470,0.46315172,3504,3747,243
"Esmeralda_County,_Nevada",0.25614470,0.46315172,3505,3748,243
"Eureka_County,_Nevada",0.25614470,0.46315172,3506,3749,243
"Humboldt_County,_Nevada",0.25614470,0.46315172,3507,3750,243
"Lander_County,_Nevada",0.25614470,0.46315172,3508,3751,243
"Lincoln_County,_Nevada",0.25614470,0.46315172,3509,3752,243
"Lyon_County,_Nevada",0.25614470,0.46315172,3510,3753,243
"Mineral_County,_Nevada",0.25614470,0.46315172,3511,3754,243
"Nye_County,_Nevada",0.25614470,0.46315172,3512,3755,243
"Pershing_County,_Nevada",0.25614470,0.46315172,3513,3756,243
"Storey_County,_Nevada",0.25614470,0.46315172,3514,3757,243
"Washoe_County,_Nevada",0.25614470,0.46315172,3515,3758,243
"White_Pine_County,_Nevada",0.25614470,0.46315172,3516,3759,243
"Adams_County,_Washington",0.25612738,0.47467692,3517,3431,-86
"Asotin_County,_Washington",0.25612738,0.47467692,3518,3432,-86
"Benton_County,_Washington",0.25612738,0.47467692,3519,3433,-86
"Chelan_County,_Washington",0.25612738,0.47467692,3520,3434,-86
"Clallam_County,_Washington",0.25612738,0.47467692,3521,3435,-86
"Clark_County,_Washington",0.25612738,0.47467692,3522,3436,-86
"Columbia_County,_Washington",0.25612738,0.47467692,3523,3437,-86
"Cowlitz_County,_Washington",0.25612738,0.47467692,3524,3438,-86
"Douglas_County,_Washington",0.25612738,0.47467692,3525,3439,-86
"Ferry_County,_Washington",0.25612738,0.47467692,3526,3440,-86
"Franklin_County,_Washington",0.25612738,0.47467692,3527,3441,-86
"Garfield_County,_Washington",0.25612738,0.47467692,3528,3442,-86
"Grant_County,_Washington",0.25612738,0.47467692,3529,3443,-86
"Grays_Harbor_County,_Washington",0.25612738,0.47467692,3530,3444,-86
"Island_County,_Washington",0.25612738,0.47467692,3531,3445,-86
"Jefferson_County,_Washington",0.25612738,0.47467692,3532,3446,-86
"King_County,_Washington",0.25612738,0.47467692,3533,3447,-86
"Kitsap_County,_Washington",0.25612738,0.47467692,3534,3448,-86
"Kittitas_County,_Washington",0.25612738,0.47467692,3535,3449,-86
"Klickitat_County,_Washington",0.25612738,0.47467692,3536,3450,-86
"Lewis_County,_Washington",0.25612738,0.47467692,3537,3451,-86
"Lincoln_County,_Washington",0.25612738,0.47467692,3538,3452,-86
"Mason_County,_Washington",0.25612738,0.47467692,3539,3453,-86
"Okanogan_County,_Washington",0.25612738,0.47467692,3540,3454,-86
"Pacific_County,_Washington",0.25612738,0.47467692,3541,3455,-86
"Pend_Oreille_County,_Washington",0.25612738,0.47467692,3542,3456,-86
"Pierce_County,_Washington",0.25612738,0.47467692,3543,3457,-86
"San_Juan_County,_Washington",0.25612738,0.47467692,3544,3458,-86
"Skagit_County,_Washington",0.25612738,0.47467692,3545,3459,-86
"Skamania_County,_Washington",0.25612738,0.47467692,3546,3460,-86
"Snohomish_County,_Washington",0.25612738,0.47467692,3547,3461,-86
"Spokane_County,_Washington",0.25612738,0.47467692,3548,3462,-86
"Stevens_County,_Washington",0.25612738,0.47467692,3549,3463,-86
"Thurston_County,_Washington",0.25612738,0.47467692,3550,3464,-86
"Wahkiakum_County,_Washington",0.25612738,0.47467692,3551,3465,-86
"Walla_Walla_County,_Washington",0.25612738,0.47467692,3552,3466,-86
"Whatcom_County,_Washington",0.25612738,0.47467692,3553,3467,-86
"Whitman_County,_Washington",0.25612738,0.47467692,3554,3468,-86
"Yakima_County,_Washington",0.25612738,0.47467692,3555,3469,-86
Bolesławiec_County,0.25605305,0.46792967,3556,3616,60
Dzierżoniów_County,0.25605305,0.46792967,3557,3617,60
Góra_County,0.25605305,0.46792967,3558,3618,60
Głogów_County,0.25605305,0.46792967,3559,3619,60
Jawor_County,0.25605305,0.46792967,3560,3620,60
Jelenia_Góra,0.25605305,0.46792967,3561,3621,60
Jelenia_Góra_County,0.25605305,0.46792967,3562,3622,60
Kamienna_Góra_County,0.25605305,0.46792967,3563,3623,60
Kłodzko_County,0.25605305,0.46792967,3564,3624,60
Legnica,0.25605305,0.46792967,3565,3625,60
Legnica_County,0.25605305,0.46792967,3566,3626,60
Lubań_County,0.25605305,0.46792967,3567,3627,60
Lubin_County,0.25605305,0.46792967,3568,3628,60
Lwówek_Śląski_County,0.25605305,0.46792967,3569,3629,60
Milicz_County,0.25605305,0.46792967,3570,3630,60
Oleśnica_County,0.25605305,0.46792967,3571,3631,60
Oława_County,0.25605305,0.46792967,3572,3632,60
Polkowice_County,0.25605305,0.46792967,3573,3633,60
Strzelin_County,0.25605305,0.46792967,3574,3634,60
Trzebnica_County,0.25605305,0.46792967,3575,3635,60
Wałbrzych,0.25605305,0.46792967,3576,3636,60
Wałbrzych_County,0.25605305,0.46792967,3577,3637,60
Wołów_County,0.25605305,0.46792967,3578,3638,60
Wrocław,0.25605305,0.46792967,3579,3639,60
Wrocław_County,0.25605305,0.46792967,3580,3640,60
Zgorzelec_County,0.25605305,0.46792967,3581,3641,60
Ząbkowice_Śląskie_County,0.25605305,0.46792967,3582,3642,60
Złotoryja_County,0.25605305,0.46792967,3583,3643,60
Środa_Śląska_County,0.25605305,0.46792967,3584,3644,60
Świdnica_County,0.25605305,0.46792967,3585,3645,60
Niedersächsischer_Städtetag_Q1988624,0.25593809,0.42938613,3586,3879,293
"geo:47.4130556,8.6563889",0.25588331,0.38978522,3587,4126,539
"geo:-1.7666666666666808,-79.45000000000064",0.25554931,0.38877624,3588,4143,555
"geo:46.78333333333427,8.61666666666684",0.25551011,0.42655067,3589,3918,329
"geo:47.164800000000376,8.548000000000068",0.25547053,0.40944719,3590,3997,407
"Accomack_County,_Virginia",0.25537520,0.49944754,3591,2428,-1163
"Albemarle_County,_Virginia",0.25537520,0.49944754,3592,2429,-1163
"Alexandria,_Virginia",0.25537520,0.49944754,3593,2430,-1163
"Alleghany_County,_Virginia",0.25537520,0.49944754,3594,2431,-1163
"Amelia_County,_Virginia",0.25537520,0.49944754,3595,2432,-1163
"Amherst_County,_Virginia",0.25537520,0.49944754,3596,2433,-1163
"Appomattox_County,_Virginia",0.25537520,0.49944754,3597,2434,-1163
"Arlington_County,_Virginia",0.25537520,0.49944754,3598,2435,-1163
"Bath_County,_Virginia",0.25537520,0.49944754,3599,2436,-1163
"Bedford_County,_Virginia",0.25537520,0.49944754,3600,2437,-1163
"Bland_County,_Virginia",0.25537520,0.49944754,3601,2438,-1163
"Botetourt_County,_Virginia",0.25537520,0.49944754,3602,2439,-1163
"Bristol,_Virginia",0.25537520,0.49944754,3603,2440,-1163
"Brunswick_County,_Virginia",0.25537520,0.49944754,3604,2441,-1163
"Buchanan_County,_Virginia",0.25537520,0.49944754,3605,2442,-1163
"Buckingham_County,_Virginia",0.25537520,0.49944754,3606,2443,-1163
"Buena_Vista,_Virginia",0.25537520,0.49944754,3607,2444,-1163
"Campbell_County,_Virginia",0.25537520,0.49944754,3608,2445,-1163
"Caroline_County,_Virginia",0.25537520,0.49944754,3609,2446,-1163
"Carroll_County,_Virginia",0.25537520,0.49944754,3610,2447,-1163
"Charles_City_County,_Virginia",0.25537520,0.49944754,3611,2448,-1163
"Charlotte_County,_Virginia",0.25537520,0.49944754,3612,2449,-1163
"Chesapeake,_Virginia",0.25537520,0.49944754,3613,2450,-1163
"Chesterfield_County,_Virginia",0.25537520,0.49944754,3614,2451,-1163
"Clarke_County,_Virginia",0.25537520,0.49944754,3615,2452,-1163
"Colonial_Heights,_Virginia",0.25537520,0.49944754,3616,2453,-1163
"Craig_County,_Virginia",0.25537520,0.49944754,3617,2454,-1163
"Culpeper_County,_Virginia",0.25537520,0.49944754,3618,2455,-1163
"Cumberland_County,_Virginia",0.25537520,0.49944754,3619,2456,-1163
"Danville,_Virginia",0.25537520,0.49944754,3620,2457,-1163
"Dickenson_County,_Virginia",0.25537520,0.49944754,3621,2458,-1163
"Dinwiddie_County,_Virginia",0.25537520,0.49944754,3622,2459,-1163
"Emporia,_Virginia",0.25537520,0.49944754,3623,2460,-1163
"Essex_County,_Virginia",0.25537520,0.49944754,3624,2461,-1163
"Fairfax,_Virginia",0.25537520,0.49944754,3625,2462,-1163
"Fairfax_County,_Virginia",0.25537520,0.49944754,3626,2463,-1163
"Falls_Church,_Virginia",0.25537520,0.49944754,3627,2464,-1163
"Fauquier_County,_Virginia",0.25537520,0.49944754,3628,2465,-1163
"Floyd_County,_Virginia",0.25537520,0.49944754,3629,2466,-1163
"Fluvanna_County,_Virginia",0.25537520,0.49944754,3630,2467,-1163
"Franklin,_Virginia",0.25537520,0.49944754,3631,2468,-1163
"Franklin_County,_Virginia",0.25537520,0.49944754,3632,2469,-1163
"Frederick_County,_Virginia",0.25537520,0.49944754,3633,2470,-1163
"Galax,_Virginia",0.25537520,0.49944754,3634,2471,-1163
"Giles_County,_Virginia",0.25537520,0.49944754,3635,2472,-1163
"Gloucester_County,_Virginia",0.25537520,0.49944754,3636,2473,-1163
"Goochland_County,_Virginia",0.25537520,0.49944754,3637,2474,-1163
"Grayson_County,_Virginia",0.25537520,0.49944754,3638,2475,-1163
"Greene_County,_Virginia",0.25537520,0.49944754,3639,2476,-1163
"Greensville_County,_Virginia",0.25537520,0.49944754,3640,2477,-1163
"Halifax_County,_Virginia",0.25537520,0.49944754,3641,2478,-1163
"Hampton,_Virginia",0.25537520,0.49944754,3642,2479,-1163
"Hanover_County,_Virginia",0.25537520,0.49944754,3643,2480,-1163
"Henrico_County,_Virginia",0.25537520,0.49944754,3644,2481,-1163
"Henry_County,_Virginia",0.25537520,0.49944754,3645,2482,-1163
"Highland_County,_Virginia",0.25537520,0.49944754,3646,2483,-1163
"Hopewell,_Virginia",0.25537520,0.49944754,3647,2484,-1163
"Isle_of_Wight_County,_Virginia",0.25537520,0.49944754,3648,2485,-1163
"James_City_County,_Virginia",0.25537520,0.49944754,3649,2486,-1163
"King_George_County,_Virginia",0.25537520,0.49944754,3650,2487,-1163
"King_William_County,_Virginia",0.25537520,0.49944754,3651,2488,-1163
"King_and_Queen_County,_Virginia",0.25537520,0.49944754,3652,2489,-1163
"Lancaster_County,_Virginia",0.25537520,0.49944754,3653,2490,-1163
"Lee_County,_Virginia",0.25537520,0.49944754,3654,2491,-1163
"Lexington,_Virginia",0.25537520,0.49944754,3655,2492,-1163
"Loudoun_County,_Virginia",0.25537520,0.49944754,3656,2493,-1163
"Louisa_County,_Virginia",0.25537520,0.49944754,3657,2494,-1163
"Lunenburg_County,_Virginia",0.25537520,0.49944754,3658,2495,-1163
"Lynchburg,_Virginia",0.25537520,0.49944754,3659,2496,-1163
"Madison_County,_Virginia",0.25537520,0.49944754,3660,2497,-1163
"Manassas_Park,_Virginia",0.25537520,0.49944754,3661,2498,-1163
"Mathews_County,_Virginia",0.25537520,0.49944754,3662,2499,-1163
"Mecklenburg_County,_Virginia",0.25537520,0.49944754,3663,2500,-1163
"Middlesex_County,_Virginia",0.25537520,0.49944754,3664,2501,-1163
"Montgomery_County,_Virginia",0.25537520,0.49944754,3665,2502,-1163
"Nelson_County,_Virginia",0.25537520,0.49944754,3666,2503,-1163
"New_Kent_County,_Virginia",0.25537520,0.49944754,3667,2504,-1163
"Newport_News,_Virginia",0.25537520,0.49944754,3668,2505,-1163
"Norfolk,_Virginia",0.25537520,0.49944754,3669,2506,-1163
"Northampton_County,_Virginia",0.25537520,0.49944754,3670,2507,-1163
"Northumberland_County,_Virginia",0.25537520,0.49944754,3671,2508,-1163
"Norton,_Virginia",0.25537520,0.49944754,3672,2509,-1163
"Nottoway_County,_Virginia",0.25537520,0.49944754,3673,2510,-1163
"Orange_County,_Virginia",0.25537520,0.49944754,3674,2511,-1163
"Page_County,_Virginia",0.25537520,0.49944754,3675,2512,-1163
"Patrick_County,_Virginia",0.25537520,0.49944754,3676,2513,-1163
"Petersburg,_Virginia",0.25537520,0.49944754,3677,2514,-1163
"Pittsylvania_County,_Virginia",0.25537520,0.49944754,3678,2515,-1163
"Poquoson,_Virginia",0.25537520,0.49944754,3679,2516,-1163
"Portsmouth,_Virginia",0.25537520,0.49944754,3680,2517,-1163
"Powhatan_County,_Virginia",0.25537520,0.49944754,3681,2518,-1163
"Prince_Edward_County,_Virginia",0.25537520,0.49944754,3682,2519,-1163
"Prince_George_County,_Virginia",0.25537520,0.49944754,3683,2520,-1163
"Prince_William_County,_Virginia",0.25537520,0.49944754,3684,2521,-1163
"Pulaski_County,_Virginia",0.25537520,0.49944754,3685,2522,-1163
"Radford,_Virginia",0.25537520,0.49944754,3686,2523,-1163
"Rappahannock_County,_Virginia",0.25537520,0.49944754,3687,2524,-1163
"Richmond_County,_Virginia",0.25537520,0.49944754,3688,2525,-1163
"Roanoke,_Virginia",0.25537520,0.49944754,3689,2526,-1163
"Roanoke_County,_Virginia",0.25537520,0.49944754,3690,2527,-1163
"Rockbridge_County,_Virginia",0.25537520,0.49944754,3691,2528,-1163
"Russell_County,_Virginia",0.25537520,0.49944754,3692,2529,-1163
"Salem,_Virginia",0.25537520,0.49944754,3693,2530,-1163
"Scott_County,_Virginia",0.25537520,0.49944754,3694,2531,-1163
"Shenandoah_County,_Virginia",0.25537520,0.49944754,3695,2532,-1163
"Smyth_County,_Virginia",0.25537520,0.49944754,3696,2533,-1163
"Southampton_County,_Virginia",0.25537520,0.49944754,3697,2534,-1163
"Spotsylvania_County,_Virginia",0.25537520,0.49944754,3698,2535,-1163
"Stafford_County,_Virginia",0.25537520,0.49944754,3699,2536,-1163
"Staunton,_Virginia",0.25537520,0.49944754,3700,2537,-1163
"Suffolk,_Virginia",0.25537520,0.49944754,3701,2538,-1163
"Surry_County,_Virginia",0.25537520,0.49944754,3702,2539,-1163
"Sussex_County,_Virginia",0.25537520,0.49944754,3703,2540,-1163
"Tazewell_County,_Virginia",0.25537520,0.49944754,3704,2541,-1163
"Fredericksburg,_Virginia",0.25537520,0.49944754,3705,2542,-1163
"Virginia_Beach,_Virginia",0.25537520,0.49944754,3706,2543,-1163
"Warren_County,_Virginia",0.25537520,0.49944754,3707,2544,-1163
"Washington_County,_Virginia",0.25537520,0.49944754,3708,2545,-1163
"Waynesboro,_Virginia",0.25537520,0.49944754,3709,2546,-1163
"Westmoreland_County,_Virginia",0.25537520,0.49944754,3710,2547,-1163
"Williamsburg,_Virginia",0.25537520,0.49944754,3711,2548,-1163
"Winchester,_Virginia",0.25537520,0.49944754,3712,2549,-1163
"Wise_County,_Virginia",0.25537520,0.49944754,3713,2550,-1163
"Wythe_County,_Virginia",0.25537520,0.49944754,3714,2551,-1163
"York_County,_Virginia",0.25537520,0.49944754,3715,2552,-1163
African_Development_Bank,0.25527804,0.59031005,3716,225,-3491
Bieszczady_County,0.25515846,0.46987311,3717,3568,-149
Brzozów_County,0.25515846,0.46987311,3718,3569,-149
Dębica_County,0.25515846,0.46987311,3719,3570,-149
Jarosław_County,0.25515846,0.46987311,3720,3571,-149
Jasło_County,0.25515846,0.46987311,3721,3572,-149
Kolbuszowa_County,0.25515846,0.46987311,3722,3573,-149
Krosno,0.25515846,0.46987311,3723,3574,-149
Krosno_County,0.25515846,0.46987311,3724,3575,-149
Lesko_County,0.25515846,0.46987311,3725,3576,-149
Leżajsk_County,0.25515846,0.46987311,3726,3577,-149
Lubaczów_County,0.25515846,0.46987311,3727,3578,-149
Mielec_County,0.25515846,0.46987311,3728,3579,-149
Nisko_County,0.25515846,0.46987311,3729,3580,-149
Przemyśl,0.25515846,0.46987311,3730,3581,-149
Przeworsk_County,0.25515846,0.46987311,3731,3582,-149
Ropczyce-Sędziszów_County,0.25515846,0.46987311,3732,3583,-149
Rzeszów,0.25515846,0.46987311,3733,3584,-149
Rzeszów_County,0.25515846,0.46987311,3734,3585,-149
Sanok_County,0.25515846,0.46987311,3735,3586,-149
Stalowa_Wola_County,0.25515846,0.46987311,3736,3587,-149
Strzyżów_County,0.25515846,0.46987311,3737,3588,-149
Tarnobrzeg,0.25515846,0.46987311,3738,3589,-149
Tarnobrzeg_County,0.25515846,0.46987311,3739,3590,-149
Łańcut_County,0.25515846,0.46987311,3740,3591,-149
"geo:46.866666666667605,8.033333333333493",0.25488730,0.39239271,3741,4113,372
Arenillas_Canton,0.25479920,0.44366246,3742,3799,57
Atahualpa_Canton,0.25479920,0.44366246,3743,3800,57
Balsas_Canton,0.25479920,0.44366246,3744,3801,57
Chilla_Canton,0.25479920,0.44366246,3745,3802,57
El_Guabo_Canton,0.25479920,0.44366246,3746,3803,57
Huaquillas_Canton,0.25479920,0.44366246,3747,3804,57
Las_Lajas_Canton,0.25479920,0.44366246,3748,3805,57
Machala_Canton,0.25479920,0.44366246,3749,3806,57
Marcabelí_Canton,0.25479920,0.44366246,3750,3807,57
Pasaje_Canton,0.25479920,0.44366246,3751,3808,57
Piñas_Canton,0.25479920,0.44366246,3752,3809,57
Portovelo_Canton,0.25479920,0.44366246,3753,3810,57
Santa_Rosa_Canton,0.25479920,0.44366246,3754,3811,57
Zaruma_Canton,0.25479920,0.44366246,3755,3812,57
"geo:-1.4902777777777898,-78.00222222222284",0.25469941,0.35721980,3756,4328,572
"geo:47.150000000000944,7.633333333333486",0.25458075,0.34621022,3757,4356,599
Busko_County,0.25416188,0.44187144,3758,3855,97
Gorzów_County,0.25416188,0.44187144,3759,3840,81
Gorzów_Wielkopolski,0.25416188,0.44187144,3760,3841,81
Jędrzejów_County,0.25416188,0.44187144,3761,3856,95
Kazimierza_County,0.25416188,0.44187144,3762,3857,95
Kielce,0.25416188,0.44187144,3763,3858,95
Kielce_County,0.25416188,0.44187144,3764,3859,95
Końskie_County,0.25416188,0.44187144,3765,3860,95
Krosno_Odrzańskie_County,0.25416188,0.44187144,3766,3842,76
Międzyrzecz_County,0.25416188,0.44187144,3767,3843,76
Nowa_Sól_County,0.25416188,0.44187144,3768,3844,76
Strzelce-Drezdenko_County,0.25416188,0.44187144,3769,3845,76
Sulęcin_County,0.25416188,0.44187144,3770,3846,76
Słubice_County,0.25416188,0.44187144,3771,3847,76
Wschowa_County,0.25416188,0.44187144,3772,3848,76
Zielona_Góra,0.25416188,0.44187144,3773,3849,76
Zielona_Góra_County,0.25416188,0.44187144,3774,3850,76
Świebodzin_County,0.25416188,0.44187144,3775,3851,76
Żagań_County,0.25416188,0.44187144,3776,3852,76
Żary_County,0.25416188,0.44187144,3777,3853,76
Opatów_County,0.25416188,0.44187144,3778,3861,83
Ostrowiec_County,0.25416188,0.44187144,3779,3862,83
Pińczów_County,0.25416188,0.44187144,3780,3863,83
Sandomierz_County,0.25416188,0.44187144,3781,3864,83
Skarżysko_County,0.25416188,0.44187144,3782,3865,83
Starachowice_County,0.25416188,0.44187144,3783,3866,83
Staszów_County,0.25416188,0.44187144,3784,3867,83
Włoszczowa_County,0.25416188,0.44187144,3785,3868,83
Colorado%20River%20from%20Desert%20View-1000px.jpeg,0.25385560,0.41343409,3786,3983,197
"geo:46.75000000000093,9.50000000000019",0.25358371,0.37951396,3787,4193,406
"geo:47.30000000000094,9.400000000000187",0.25329799,0.38117551,3788,4181,393
"geo:64,-150",0.25310291,0.40023960,3789,4061,272
NATO,0.25301699,0.55189687,3790,258,-3532
"geo:47.06666666666761,8.750000000000174",0.25301565,0.29863351,3791,4522,731
"geo:44.000088,-71.500143",0.25299531,0.38289553,3792,4170,378
"geo:47.378400000000376,9.312800000000074",0.25295708,0.41486491,3793,3965,172
Congregational%20Church%2C%20East%20Brookfield%20VT.jpg,0.25287053,0.40831107,3794,4013,219
"geo:46.6166666666676,6.55000000000013",0.25278142,0.37529705,3795,4240,445
Unasul%2012.jpg,0.25209285,0.49866718,3796,2557,-1239
Sion%20valere.jpg,0.25203425,0.39898450,3797,4079,282
Alausí_Canton,0.25201345,0.42114211,3798,3934,136
Chambo_Canton,0.25201345,0.42114211,3799,3935,136
Chunchi_Canton,0.25201345,0.42114211,3800,3936,136
Colta_Canton,0.25201345,0.42114211,3801,3937,136
Cumandá_Canton,0.25201345,0.42114211,3802,3938,136
Guamote_Canton,0.25201345,0.42114211,3803,3939,136
Guano_Canton,0.25201345,0.42114211,3804,3940,136
Pallatanga_Canton,0.25201345,0.42114211,3805,3941,136
Penipe_Canton,0.25201345,0.42114211,3806,3942,136
Riobamba_Canton,0.25201345,0.42114211,3807,3943,136
Augustów_County,0.25168190,0.44688973,3808,3782,-26
Białystok,0.25168190,0.44688973,3809,3783,-26
Białystok_County,0.25168190,0.44688973,3810,3784,-26
Bielsk_County,0.25168190,0.44688973,3811,3785,-26
Grajewo_County,0.25168190,0.44688973,3812,3786,-26
Hajnówka_County,0.25168190,0.44688973,3813,3787,-26
Kolno_County,0.25168190,0.44688973,3814,3788,-26
Mońki_County,0.25168190,0.44688973,3815,3789,-26
Sejny_County,0.25168190,0.44688973,3816,3790,-26
Siemiatycze_County,0.25168190,0.44688973,3817,3791,-26
Sokółka_County,0.25168190,0.44688973,3818,3792,-26
Suwałki,0.25168190,0.44688973,3819,3793,-26
Wysokie_Mazowieckie_County,0.25168190,0.44688973,3820,3794,-26
Zambrów_County,0.25168190,0.44688973,3821,3795,-26
Łomża,0.25168190,0.44688973,3822,3796,-26
Łomża_County,0.25168190,0.44688973,3823,3797,-26
"Albany_County,_Wyoming",0.25155118,0.44350884,3824,3814,-10
"Big_Horn_County,_Wyoming",0.25155118,0.44350884,3825,3815,-10
"Campbell_County,_Wyoming",0.25155118,0.44350884,3826,3816,-10
"Carbon_County,_Wyoming",0.25155118,0.44350884,3827,3817,-10
"Converse_County,_Wyoming",0.25155118,0.44350884,3828,3818,-10
"Crook_County,_Wyoming",0.25155118,0.44350884,3829,3819,-10
"Fremont_County,_Wyoming",0.25155118,0.44350884,3830,3820,-10
"Goshen_County,_Wyoming",0.25155118,0.44350884,3831,3821,-10
"Hot_Springs_County,_Wyoming",0.25155118,0.44350884,3832,3822,-10
"Johnson_County,_Wyoming",0.25155118,0.44350884,3833,3823,-10
"Laramie_County,_Wyoming",0.25155118,0.44350884,3834,3824,-10
"Lincoln_County,_Wyoming",0.25155118,0.44350884,3835,3825,-10
"Natrona_County,_Wyoming",0.25155118,0.44350884,3836,3826,-10
"Niobrara_County,_Wyoming",0.25155118,0.44350884,3837,3827,-10
"Park_County,_Wyoming",0.25155118,0.44350884,3838,3828,-10
"Platte_County,_Wyoming",0.25155118,0.44350884,3839,3829,-10
"Sheridan_County,_Wyoming",0.25155118,0.44350884,3840,3830,-10
"Sublette_County,_Wyoming",0.25155118,0.44350884,3841,3831,-10
"Sweetwater_County,_Wyoming",0.25155118,0.44350884,3842,3832,-10
"Teton_County,_Wyoming",0.25155118,0.44350884,3843,3833,-10
"Uinta_County,_Wyoming",0.25155118,0.44350884,3844,3834,-10
"Washakie_County,_Wyoming",0.25155118,0.44350884,3845,3835,-10
"Weston_County,_Wyoming",0.25155118,0.44350884,3846,3836,-10
Deutsches_Forschungsnetz,0.25124105,0.38909712,3847,4129,282
Breisgau,0.25088862,0.46523624,3848,3720,-128
Upper_Rhine_Trinational_Metropolitan_Region_Q606944,0.25088862,0.46523624,3849,3721,-128
"geo:-0.5602777777777823,-91.04083333333406",0.25088377,0.33925987,3850,4380,530
Calvas_Canton,0.25087166,0.42800273,3851,3881,30
Catamayo_Canton,0.25087166,0.42800273,3852,3882,30
Celica_Canton,0.25087166,0.42800273,3853,3883,30
Chaguarpamba_Canton,0.25087166,0.42800273,3854,3884,30
Espíndola_Canton,0.25087166,0.42800273,3855,3885,30
Gonzanamá_Canton,0.25087166,0.42800273,3856,3886,30
Loja_Canton,0.25087166,0.42800273,3857,3887,30
Macará_Canton,0.25087166,0.42800273,3858,3888,30
"Olmedo_Canton,_Loja",0.25087166,0.42800273,3859,3889,30
Paltas_Canton,0.25087166,0.42800273,3860,3890,30
Pindal_Canton,0.25087166,0.42800273,3861,3891,30
Puyango_Canton,0.25087166,0.42800273,3862,3892,30
Quilanga_Canton,0.25087166,0.42800273,3863,3893,30
Saraguro_Canton,0.25087166,0.42800273,3864,3894,30
Sozoranga_Canton,0.25087166,0.42800273,3865,3895,30
Zapotillo_Canton,0.25087166,0.42800273,3866,3896,30
"Atlantic_County,_New_Jersey",0.25059938,0.47412605,3867,3473,-394
"Bergen_County,_New_Jersey",0.25059938,0.47412605,3868,3474,-394
"Burlington_County,_New_Jersey",0.25059938,0.47412605,3869,3475,-394
"Camden_County,_New_Jersey",0.25059938,0.47412605,3870,3476,-394
"Cape_May_County,_New_Jersey",0.25059938,0.47412605,3871,3477,-394
"Cumberland_County,_New_Jersey",0.25059938,0.47412605,3872,3478,-394
"Essex_County,_New_Jersey",0.25059938,0.47412605,3873,3479,-394
"Gloucester_County,_New_Jersey",0.25059938,0.47412605,3874,3480,-394
"Hudson_County,_New_Jersey",0.25059938,0.47412605,3875,3481,-394
"Hunterdon_County,_New_Jersey",0.25059938,0.47412605,3876,3482,-394
"Mercer_County,_New_Jersey",0.25059938,0.47412605,3877,3483,-394
"Middlesex_County,_New_Jersey",0.25059938,0.47412605,3878,3484,-394
"Monmouth_County,_New_Jersey",0.25059938,0.47412605,3879,3485,-394
"Morris_County,_New_Jersey",0.25059938,0.47412605,3880,3486,-394
"Ocean_County,_New_Jersey",0.25059938,0.47412605,3881,3487,-394
"Passaic_County,_New_Jersey",0.25059938,0.47412605,3882,3488,-394
"Salem_County,_New_Jersey",0.25059938,0.47412605,3883,3489,-394
"Somerset_County,_New_Jersey",0.25059938,0.47412605,3884,3490,-394
"Sussex_County,_New_Jersey",0.25059938,0.47412605,3885,3491,-394
"Union_County,_New_Jersey",0.25059938,0.47412605,3886,3492,-394
"Warren_County,_New_Jersey",0.25059938,0.47412605,3887,3493,-394
"geo:-4.069166666666699,-78.9566666666673",0.25050060,0.36579419,3888,4300,412
Z%C3%BCrichsee%20-%20Uetliberg%20IMG%200833.JPG,0.25037913,0.38978522,3889,4127,238
Hessischer_Städte-_und_Gemeindebund_Q1615955,0.25011479,0.34681641,3890,4353,463
Arnisee%20Lake.JPG,0.25002533,0.42655067,3891,3919,28
Cayambe_Canton,0.24989530,0.40543924,3892,4015,123
Los_Bancos_Canton,0.24989530,0.40543924,3893,4016,123
Mejía_Canton,0.24989530,0.40543924,3894,4017,123
Pedro_Moncayo_Canton,0.24989530,0.40543924,3895,4018,123
Pedro_Vicente_Maldonado_Canton,0.24989530,0.40543924,3896,4019,123
Puerto_Quito_Canton,0.24989530,0.40543924,3897,4020,123
Quito_Canton,0.24989530,0.40543924,3898,4021,123
Rumiñahui_Canton,0.24989530,0.40543924,3899,4022,123
Brandenburg,0.24977055,0.35197153,3900,4345,445
Aire-la-Ville,0.24947680,0.48298877,3901,3167,-734
Anières,0.24947680,0.48298877,3902,3168,-734
Avully,0.24947680,0.48298877,3903,3169,-734
Avusy,0.24947680,0.48298877,3904,3170,-734
Bardonnex,0.24947680,0.48298877,3905,3171,-734
"Bellevue,_Switzerland",0.24947680,0.48298877,3906,3172,-734
"Bernex,_Switzerland",0.24947680,0.48298877,3907,3173,-734
Carouge,0.24947680,0.48298877,3908,3174,-734
"Cartigny,_Switzerland",0.24947680,0.48298877,3909,3175,-734
Chancy,0.24947680,0.48298877,3910,3176,-734
Choulex,0.24947680,0.48298877,3911,3177,-734
Chêne-Bougeries,0.24947680,0.48298877,3912,3178,-734
Chêne-Bourg,0.24947680,0.48298877,3913,3179,-734
Collex-Bossy,0.24947680,0.48298877,3914,3180,-734
Collonge-Bellerive,0.24947680,0.48298877,3915,3181,-734
Cologny,0.24947680,0.48298877,3916,3182,-734
Confignon,0.24947680,0.48298877,3917,3183,-734
Corsier,0.24947680,0.48298877,3918,3184,-734
Céligny,0.24947680,0.48298877,3919,3185,-734
Dardagny,0.24947680,0.48298877,3920,3186,-734
Genthod,0.24947680,0.48298877,3921,3187,-734
"Gy,_Switzerland",0.24947680,0.48298877,3922,3188,-734
Hermance,0.24947680,0.48298877,3923,3189,-734
"Jussy,_Switzerland",0.24947680,0.48298877,3924,3190,-734
Laconnex,0.24947680,0.48298877,3925,3191,-734
Lancy,0.24947680,0.48298877,3926,3192,-734
Le_Grand-Saconnex,0.24947680,0.48298877,3927,3193,-734
Meinier,0.24947680,0.48298877,3928,3194,-734
Meyrin,0.24947680,0.48298877,3929,3195,-734
"Onex,_Switzerland",0.24947680,0.48298877,3930,3196,-734
Perly-Certoux,0.24947680,0.48298877,3931,3197,-734
Plan-les-Ouates,0.24947680,0.48298877,3932,3198,-734
Pregny-Chambésy,0.24947680,0.48298877,3933,3199,-734
Presinge,0.24947680,0.48298877,3934,3200,-734
Puplinge,0.24947680,0.48298877,3935,3201,-734
Russin,0.24947680,0.48298877,3936,3202,-734
Satigny,0.24947680,0.48298877,3937,3203,-734
Soral,0.24947680,0.48298877,3938,3204,-734
Thônex,0.24947680,0.48298877,3939,3205,-734
Troinex,0.24947680,0.48298877,3940,3206,-734
Vandœuvres,0.24947680,0.48298877,3941,3207,-734
"Vernier,_Switzerland",0.24947680,0.48298877,3942,3208,-734
Versoix,0.24947680,0.48298877,3943,3209,-734
Veyrier,0.24947680,0.48298877,3944,3210,-734
"Bargen,_Schaffhausen",0.24936871,0.46715507,3945,3649,-296
Beggingen,0.24936871,0.46715507,3946,3650,-296
"Beringen,_Switzerland",0.24936871,0.46715507,3947,3651,-296
"Buch,_Schaffhausen",0.24936871,0.46715507,3948,3652,-296
"Buchberg,_Schaffhausen",0.24936871,0.46715507,3949,3653,-296
Büttenhardt,0.24936871,0.46715507,3950,3654,-296
Dörflingen,0.24936871,0.46715507,3951,3655,-296
Gächlingen,0.24936871,0.46715507,3952,3656,-296
Hallau,0.24936871,0.46715507,3953,3657,-296
Hemishofen,0.24936871,0.46715507,3954,3658,-296
"Lohn,_Schaffhausen",0.24936871,0.46715507,3955,3659,-296
Löhningen,0.24936871,0.46715507,3956,3660,-296
Merishausen,0.24936871,0.46715507,3957,3661,-296
Neuhausen_am_Rheinfall,0.24936871,0.46715507,3958,3662,-296
Neunkirch,0.24936871,0.46715507,3959,3663,-296
Oberhallau,0.24936871,0.46715507,3960,3664,-296
"Ramsen,_Schaffhausen",0.24936871,0.46715507,3961,3665,-296
Rüdlingen,0.24936871,0.46715507,3962,3666,-296
Schaffhausen,0.24936871,0.46715507,3963,3667,-296
Schleitheim,0.24936871,0.46715507,3964,3668,-296
Siblingen,0.24936871,0.46715507,3965,3669,-296
Stein_am_Rhein,0.24936871,0.46715507,3966,3670,-296
"Stetten,_Schaffhausen",0.24936871,0.46715507,3967,3671,-296
Thayngen,0.24936871,0.46715507,3968,3672,-296
Trasadingen,0.24936871,0.46715507,3969,3673,-296
Wilchingen,0.24936871,0.46715507,3970,3674,-296
Caluma_Canton,0.24853429,0.39592989,3971,4083,112
Chillanes_Canton,0.24853429,0.39592989,3972,4084,112
Chimbo_Canton,0.24853429,0.39592989,3973,4085,112
Echeandía_Canton,0.24853429,0.39592989,3974,4086,112
Guaranda_Canton,0.24853429,0.39592989,3975,4087,112
Las_Naves_Canton,0.24853429,0.39592989,3976,4088,112
San_Miguel_Canton,0.24853429,0.39592989,3977,4089,112
Chur.jpg,0.24819907,0.37951396,3978,4194,216
European_Air_Transport_Command,0.24799026,0.49838251,3979,2563,-1416
Anchorage%20from%20Earthquake%20Park.jpg,0.24774327,0.40023960,3980,4062,82
"geo:34,-106",0.24766231,0.37622341,3981,4228,247
New%20Hampshire%20in%20United%20States%20%28US48%29.svg,0.24764126,0.38289553,3982,4171,189
Lavaux%2BL%C3%A9man%201.jpeg,0.24743849,0.37529705,3983,4241,258
"geo:54.470040000000004,9.51416",0.24733989,0.36602612,3984,4289,305
Antonio_Ante_Canton,0.24688744,0.38498051,3985,4144,159
"Bolívar_Canton,_Carchi",0.24688744,0.38498051,3986,4145,159
Espejo_Canton,0.24688744,0.38498051,3987,4146,159
Mira_Canton,0.24688744,0.38498051,3988,4147,159
Montúfar_Canton,0.24688744,0.38498051,3989,4148,159
San_Pedro_de_Huaca_Canton,0.24688744,0.38498051,3990,4149,159
Tulcán_Canton,0.24688744,0.38498051,3991,4150,159
Cotacachi_Canton,0.24688744,0.38498051,3992,4152,160
Ibarra_Canton,0.24688744,0.38498051,3993,4153,160
Otavalo_Canton,0.24688744,0.38498051,3994,4154,160
Pimampiro_Canton,0.24688744,0.38498051,3995,4155,160
San_Miguel_de_Urcuquí_Canton,0.24688744,0.38498051,3996,4156,160
"Apache_County,_Arizona",0.24655586,0.41343409,3997,3967,-30
"Cochise_County,_Arizona",0.24655586,0.41343409,3998,3968,-30
"Coconino_County,_Arizona",0.24655586,0.41343409,3999,3969,-30
"Gila_County,_Arizona",0.24655586,0.41343409,4000,3970,-30
"Graham_County,_Arizona",0.24655586,0.41343409,4001,3971,-30
"Greenlee_County,_Arizona",0.24655586,0.41343409,4002,3972,-30
"La_Paz_County,_Arizona",0.24655586,0.41343409,4003,3973,-30
"Maricopa_County,_Arizona",0.24655586,0.41343409,4004,3974,-30
"Mohave_County,_Arizona",0.24655586,0.41343409,4005,3975,-30
"Navajo_County,_Arizona",0.24655586,0.41343409,4006,3976,-30
"Pima_County,_Arizona",0.24655586,0.41343409,4007,3977,-30
"Pinal_County,_Arizona",0.24655586,0.41343409,4008,3978,-30
"Santa_Cruz_County,_Arizona",0.24655586,0.41343409,4009,3979,-30
"Yavapai_County,_Arizona",0.24655586,0.41343409,4010,3980,-30
"Yuma_County,_Arizona",0.24655586,0.41343409,4011,3981,-30
International_Atomic_Energy_Agency,0.24632302,0.55287961,4012,257,-3755
Beckenried,0.24610462,0.42493978,4013,3920,-93
Buochs,0.24610462,0.42493978,4014,3921,-93
Dallenwil,0.24610462,0.42493978,4015,3922,-93
Emmetten,0.24610462,0.42493978,4016,3923,-93
Ennetbürgen,0.24610462,0.42493978,4017,3924,-93
Ennetmoos,0.24610462,0.42493978,4018,3925,-93
Hergiswil,0.24610462,0.42493978,4019,3926,-93
"Oberdorf,_Nidwalden",0.24610462,0.42493978,4020,3927,-93
Stans,0.24610462,0.42493978,4021,3928,-93
Stansstad,0.24610462,0.42493978,4022,3929,-93
Wolfenschiessen,0.24610462,0.42493978,4023,3930,-93
"geo:-2.2266666666666843,-80.85833333333397",0.24568637,0.31739866,4024,4473,449
"Addison_County,_Vermont",0.24564003,0.40831107,4025,3998,-27
"Bennington_County,_Vermont",0.24564003,0.40831107,4026,3999,-27
"Caledonia_County,_Vermont",0.24564003,0.40831107,4027,4000,-27
"Chittenden_County,_Vermont",0.24564003,0.40831107,4028,4001,-27
"Essex_County,_Vermont",0.24564003,0.40831107,4029,4002,-27
"Franklin_County,_Vermont",0.24564003,0.40831107,4030,4003,-27
"Grand_Isle_County,_Vermont",0.24564003,0.40831107,4031,4004,-27
"Lamoille_County,_Vermont",0.24564003,0.40831107,4032,4005,-27
"Orange_County,_Vermont",0.24564003,0.40831107,4033,4006,-27
"Orleans_County,_Vermont",0.24564003,0.40831107,4034,4007,-27
"Rutland_County,_Vermont",0.24564003,0.40831107,4035,4008,-27
"Washington_County,_Vermont",0.24564003,0.40831107,4036,4009,-27
"Windham_County,_Vermont",0.24564003,0.40831107,4037,4010,-27
"Windsor_County,_Vermont",0.24564003,0.40831107,4038,4011,-27
"geo:46.98333333333427,9.066666666666848",0.24555398,0.33433654,4039,4423,384
SAN%20CARLOS%20DE%20LAS%20MINAS%20-%20ZAMORA%20CH.jpg,0.24527624,0.36579419,4040,4301,261
"geo:50.63333333333434,17.900000000000357",0.24512232,0.35476309,4041,4341,300
European_Space_Agency,0.24497019,0.50157921,4042,2427,-1615
Brig_District,0.24486252,0.39898450,4043,4064,21
Conthey_District,0.24486252,0.39898450,4044,4065,21
Entremont_District,0.24486252,0.39898450,4045,4066,21
Goms_District,0.24486252,0.39898450,4046,4067,21
Hérens_District,0.24486252,0.39898450,4047,4068,21
Leuk_District,0.24486252,0.39898450,4048,4069,21
Martigny_District,0.24486252,0.39898450,4049,4070,21
Monthey_District,0.24486252,0.39898450,4050,4071,21
Saint-Maurice_District,0.24486252,0.39898450,4051,4072,21
Sierre_District,0.24486252,0.39898450,4052,4073,21
Sion_District,0.24486252,0.39898450,4053,4074,21
Visp_District,0.24486252,0.39898450,4054,4075,21
Westlich_Raron,0.24486252,0.39898450,4055,4076,21
Östlich_Raron,0.24486252,0.39898450,4056,4077,21
Archidona_Canton,0.24485414,0.37223722,4057,4248,191
Carlos_Julio_Arosemena_Tola_Canton,0.24485414,0.37223722,4058,4249,191
El_Chaco_Canton,0.24485414,0.37223722,4059,4250,191
Quijos_Canton,0.24485414,0.37223722,4060,4251,191
Tena_Canton,0.24485414,0.37223722,4061,4252,191
"Barnstable_County,_Massachusetts",0.24462402,0.40275773,4062,4025,-37
"Berkshire_County,_Massachusetts",0.24462402,0.40275773,4063,4026,-37
"Bristol_County,_Massachusetts",0.24462402,0.40275773,4064,4027,-37
"Dukes_County,_Massachusetts",0.24462402,0.40275773,4065,4028,-37
"Essex_County,_Massachusetts",0.24462402,0.40275773,4066,4029,-37
"Franklin_County,_Massachusetts",0.24462402,0.40275773,4067,4030,-37
"Hampden_County,_Massachusetts",0.24462402,0.40275773,4068,4031,-37
"Hampshire_County,_Massachusetts",0.24462402,0.40275773,4069,4032,-37
"Middlesex_County,_Massachusetts",0.24462402,0.40275773,4070,4033,-37
Nantucket,0.24462402,0.40275773,4071,4034,-37
"Norfolk_County,_Massachusetts",0.24462402,0.40275773,4072,4035,-37
"Plymouth_County,_Massachusetts",0.24462402,0.40275773,4073,4036,-37
"Suffolk_County,_Massachusetts",0.24462402,0.40275773,4074,4037,-37
"Worcester_County,_Massachusetts",0.24462402,0.40275773,4075,4038,-37
Aarau_District,0.24438700,0.39398052,4076,4092,16
"Baden_District,_Aargau",0.24438700,0.39398052,4077,4093,16
Bremgarten_District,0.24438700,0.39398052,4078,4094,16
Brugg_District,0.24438700,0.39398052,4079,4095,16
Kulm_District,0.24438700,0.39398052,4080,4097,17
Laufenburg_District,0.24438700,0.39398052,4081,4098,17
Lenzburg_District,0.24438700,0.39398052,4082,4099,17
Muri_District,0.24438700,0.39398052,4083,4100,17
Rheinfelden_District,0.24438700,0.39398052,4084,4101,17
Zofingen_District,0.24438700,0.39398052,4085,4102,17
Zurzach_District,0.24438700,0.39398052,4086,4103,17
"geo:47.58333333333428,9.066666666666848",0.24415883,0.34741242,4087,4351,264
Delémont_District,0.24369788,0.35807057,4088,4320,232
Franches-Montagnes_District,0.24369788,0.35807057,4089,4321,232
Porrentruy_District,0.24369788,0.35807057,4090,4322,232
Affoltern_District,0.24332374,0.38978522,4091,4114,23
Andelfingen_District,0.24332374,0.38978522,4092,4115,23
Bülach_District,0.24332374,0.38978522,4093,4116,23
Dielsdorf_District,0.24332374,0.38978522,4094,4117,23
Dietikon_District,0.24332374,0.38978522,4095,4118,23
Hinwil_District,0.24332374,0.38978522,4096,4119,23
Horgen_District,0.24332374,0.38978522,4097,4120,23
Meilen_District,0.24332374,0.38978522,4098,4121,23
Pfäffikon_District,0.24332374,0.38978522,4099,4122,23
Uster_District,0.24332374,0.38978522,4100,4123,23
Winterthur_District,0.24332374,0.38978522,4101,4124,23
Zürich_District,0.24332374,0.38978522,4102,4125,23
Baba_Canton,0.24302936,0.38877624,4103,4130,27
Babahoyo_Canton,0.24302936,0.38877624,4104,4131,27
Buena_Fe_Canton,0.24302936,0.38877624,4105,4132,27
Mocache_Canton,0.24302936,0.38877624,4106,4133,27
Montalvo_Canton,0.24302936,0.38877624,4107,4134,27
Palenque_Canton,0.24302936,0.38877624,4108,4135,27
Pueblo_Viejo_Canton,0.24302936,0.38877624,4109,4136,27
Quevedo_Canton,0.24302936,0.38877624,4110,4137,27
Quinsaloma_Canton,0.24302936,0.38877624,4111,4138,27
Urdaneta_Canton,0.24302936,0.38877624,4112,4139,27
Valencia_Canton,0.24302936,0.38877624,4113,4140,27
Ventanas_Canton,0.24302936,0.38877624,4114,4141,27
Vinces_Canton,0.24302936,0.38877624,4115,4142,27
"Altdorf,_Uri",0.24299481,0.42655067,4116,3898,-218
Andermatt,0.24299481,0.42655067,4117,3899,-218
Attinghausen,0.24299481,0.42655067,4118,3900,-218
Bauen,0.24299481,0.42655067,4119,3901,-218
"Bürglen,_Uri",0.24299481,0.42655067,4120,3902,-218
Erstfeld,0.24299481,0.42655067,4121,3903,-218
Flüelen,0.24299481,0.42655067,4122,3904,-218
Gurtnellen,0.24299481,0.42655067,4123,3905,-218
Göschenen,0.24299481,0.42655067,4124,3906,-218
Hospental,0.24299481,0.42655067,4125,3907,-218
Isenthal,0.24299481,0.42655067,4126,3908,-218
Realp,0.24299481,0.42655067,4127,3909,-218
Schattdorf,0.24299481,0.42655067,4128,3910,-218
"Seedorf,_Uri",0.24299481,0.42655067,4129,3911,-218
Seelisberg,0.24299481,0.42655067,4130,3912,-218
Silenen,0.24299481,0.42655067,4131,3913,-218
Sisikon,0.24299481,0.42655067,4132,3914,-218
Spiringen,0.24299481,0.42655067,4133,3915,-218
Unterschächen,0.24299481,0.42655067,4134,3916,-218
Wassen,0.24299481,0.42655067,4135,3917,-218
"Baar,_Switzerland",0.24295993,0.40944719,4136,3986,-150
"Cham,_Switzerland",0.24295993,0.40944719,4137,3987,-150
Hünenberg,0.24295993,0.40944719,4138,3988,-150
Menzingen,0.24295993,0.40944719,4139,3989,-150
Neuheim,0.24295993,0.40944719,4140,3990,-150
Oberägeri,0.24295993,0.40944719,4141,3991,-150
Risch-Rotkreuz,0.24295993,0.40944719,4142,3992,-150
"Steinhausen,_Switzerland",0.24295993,0.40944719,4143,3993,-150
Unterägeri,0.24295993,0.40944719,4144,3994,-150
Walchwil,0.24295993,0.40944719,4145,3995,-150
Zug,0.24295993,0.40944719,4146,3996,-150
"geo:0.74,-79.16",0.24276744,0.33460956,4147,4419,272
"geo:47.46305555555593,7.7558333333333955",0.24262736,0.33372875,4148,4429,281
ABQ%20Petroglyph%202.jpg,0.24258549,0.37622341,4149,4229,80
Alpnach,0.24244588,0.39239271,4150,4106,-44
Engelberg,0.24244588,0.39239271,4151,4107,-44
Giswil,0.24244588,0.39239271,4152,4108,-44
Kerns,0.24244588,0.39239271,4153,4109,-44
Lungern,0.24244588,0.39239271,4154,4110,-44
Sachseln,0.24244588,0.39239271,4155,4111,-44
Sarnen,0.24244588,0.39239271,4156,4112,-44
Canton_of_Schwyz,0.24238977,0.34972591,4157,4347,190
World_Intellectual_Property_Organization,0.24230182,0.57250607,4158,235,-3923
Arajuno_Canton,0.24228028,0.35721980,4159,4324,165
Mera_Canton,0.24228028,0.35721980,4160,4325,165
Pastaza_Canton,0.24228028,0.35721980,4161,4326,165
Santa_Clara_Canton,0.24228028,0.35721980,4162,4327,165
Holstentor04.jpg,0.24227984,0.36602612,4163,4290,127
Dorneck-Thierstein_Q1245681,0.24217569,0.34621022,4164,4354,190
Thal-Gäu_Q2408658,0.24217569,0.34621022,4165,4355,190
Albula_District,0.24129691,0.37951396,4166,4182,16
Bernina_District,0.24129691,0.37951396,4167,4183,16
Hinterrhein_District,0.24129691,0.37951396,4168,4184,16
Imboden_District,0.24129691,0.37951396,4169,4185,16
"Inn_District,_Switzerland",0.24129691,0.37951396,4170,4186,16
Landquart_District,0.24129691,0.37951396,4171,4187,16
Maloja_District,0.24129691,0.37951396,4172,4188,16
Moesa_District,0.24129691,0.37951396,4173,4189,16
Plessur_District,0.24129691,0.37951396,4174,4190,16
Prättigau%2FDavos_District,0.24129691,0.37951396,4175,4191,16
Surselva_District,0.24129691,0.37951396,4176,4192,16
Appenzell_District,0.24104509,0.38117551,4177,4175,-2
Gonten,0.24104509,0.38117551,4178,4176,-2
Oberegg_District,0.24104509,0.38117551,4179,4177,-2
Rüte,0.24104509,0.38117551,4180,4178,-2
Schlatt-Haslen,0.24104509,0.38117551,4181,4179,-2
Schwende_District,0.24104509,0.38117551,4182,4180,-2
"Aleutians_East_Borough,_Alaska",0.24087315,0.40023960,4183,4041,-142
"Anchorage,_Alaska",0.24087315,0.40023960,4184,4042,-142
"Bristol_Bay_Borough,_Alaska",0.24087315,0.40023960,4185,4043,-142
"Denali_Borough,_Alaska",0.24087315,0.40023960,4186,4044,-142
"Fairbanks_North_Star_Borough,_Alaska",0.24087315,0.40023960,4187,4045,-142
"Haines_Borough,_Alaska",0.24087315,0.40023960,4188,4046,-142
"Juneau,_Alaska",0.24087315,0.40023960,4189,4047,-142
"Kenai_Peninsula_Borough,_Alaska",0.24087315,0.40023960,4190,4048,-142
"Ketchikan_Gateway_Borough,_Alaska",0.24087315,0.40023960,4191,4049,-142
"Kodiak_Island_Borough,_Alaska",0.24087315,0.40023960,4192,4050,-142
"Lake_and_Peninsula_Borough,_Alaska",0.24087315,0.40023960,4193,4051,-142
"Matanuska-Susitna_Borough,_Alaska",0.24087315,0.40023960,4194,4052,-142
"North_Slope_Borough,_Alaska",0.24087315,0.40023960,4195,4053,-142
"Northwest_Arctic_Borough,_Alaska",0.24087315,0.40023960,4196,4054,-142
"Petersburg,_Alaska",0.24087315,0.40023960,4197,4055,-142
"Sitka,_Alaska",0.24087315,0.40023960,4198,4056,-142
"Skagway,_Alaska",0.24087315,0.40023960,4199,4057,-142
"Unorganized_Borough,_Alaska",0.24087315,0.40023960,4200,4058,-142
"Wrangell,_Alaska",0.24087315,0.40023960,4201,4059,-142
"Yakutat,_Alaska",0.24087315,0.40023960,4202,4060,-142
"Belknap_County,_New_Hampshire",0.24077831,0.38289553,4203,4160,-43
"Carroll_County,_New_Hampshire",0.24077831,0.38289553,4204,4161,-43
"Cheshire_County,_New_Hampshire",0.24077831,0.38289553,4205,4162,-43
"Coös_County,_New_Hampshire",0.24077831,0.38289553,4206,4163,-43
"Grafton_County,_New_Hampshire",0.24077831,0.38289553,4207,4164,-43
"Hillsborough_County,_New_Hampshire",0.24077831,0.38289553,4208,4165,-43
"Merrimack_County,_New_Hampshire",0.24077831,0.38289553,4209,4166,-43
"Rockingham_County,_New_Hampshire",0.24077831,0.38289553,4210,4167,-43
"Strafford_County,_New_Hampshire",0.24077831,0.38289553,4211,4168,-43
"Sullivan_County,_New_Hampshire",0.24077831,0.38289553,4212,4169,-43
Bühler,0.24074461,0.41486491,4213,3945,-268
Gais,0.24074461,0.41486491,4214,3946,-268
"Grub,_Appenzell_Ausserrhoden",0.24074461,0.41486491,4215,3947,-268
"Heiden,_Switzerland",0.24074461,0.41486491,4216,3948,-268
Herisau,0.24074461,0.41486491,4217,3949,-268
Hundwil,0.24074461,0.41486491,4218,3950,-268
"Lutzenberg,_Switzerland",0.24074461,0.41486491,4219,3951,-268
Rehetobel,0.24074461,0.41486491,4220,3952,-268
Reute,0.24074461,0.41486491,4221,3953,-268
Schwellbrunn,0.24074461,0.41486491,4222,3954,-268
Schönengrund,0.24074461,0.41486491,4223,3955,-268
"Speicher,_Switzerland",0.24074461,0.41486491,4224,3956,-268
"Stein,_Appenzell",0.24074461,0.41486491,4225,3957,-268
"Teufen,_Appenzell_Ausserrhoden",0.24074461,0.41486491,4226,3958,-268
Trogen,0.24074461,0.41486491,4227,3959,-268
Urnäsch,0.24074461,0.41486491,4228,3960,-268
"Wald,_Appenzell_Ausserrhoden",0.24074461,0.41486491,4229,3961,-268
Waldstatt,0.24074461,0.41486491,4230,3962,-268
Walzenhausen,0.24074461,0.41486491,4231,3963,-268
Wolfhalden,0.24074461,0.41486491,4232,3964,-268
Aigle_District,0.24058979,0.37529705,4233,4230,-3
Broye-Vully_District,0.24058979,0.37529705,4234,4231,-3
Gros-de-Vaud_District,0.24058979,0.37529705,4235,4232,-3
Jura-Nord_vaudois_District,0.24058979,0.37529705,4236,4233,-3
Lausanne_District,0.24058979,0.37529705,4237,4234,-3
Lavaux-Oron_District,0.24058979,0.37529705,4238,4235,-3
Morges_District,0.24058979,0.37529705,4239,4236,-3
Nyon_District,0.24058979,0.37529705,4240,4237,-3
Ouest_Lausannois_District,0.24058979,0.37529705,4241,4238,-3
Riviera-Pays-d'Enhaut_District,0.24058979,0.37529705,4242,4239,-3
International%20Energy%20Agency%20logo.svg,0.24024878,0.47569254,4243,3380,-863
Opole%20Voivodeship%20Castle%20Moszna.jpg,0.24017754,0.35476309,4244,4342,98
Azogues_Canton,0.23985618,0.36269616,4245,4304,59
Biblián_Canton,0.23985618,0.36269616,4246,4305,59
Cañar_Canton,0.23985618,0.36269616,4247,4306,59
Déleg_Canton,0.23985618,0.36269616,4248,4307,59
El_Tambo_Canton,0.23985618,0.36269616,4249,4308,59
La_Troncal_Canton,0.23985618,0.36269616,4250,4309,59
Suscal_Canton,0.23985618,0.36269616,4251,4310,59
La_Maná_Canton,0.23985618,0.36269616,4252,4311,59
Latacunga_Canton,0.23985618,0.36269616,4253,4312,59
Pangua_Canton,0.23985618,0.36269616,4254,4313,59
Pujilí_Canton,0.23985618,0.36269616,4255,4314,59
Salcedo_Canton,0.23985618,0.36269616,4256,4315,59
Saquisilí_Canton,0.23985618,0.36269616,4257,4316,59
Sigchos_Canton,0.23985618,0.36269616,4258,4317,59
Turkey,0.23967153,0.28780819,4259,4576,317
StMargaretenKapelle.JPG,0.23926413,0.34741242,4260,4352,92
Isabela_Canton,0.23891723,0.33925987,4261,4377,116
San_Cristóbal_Canton,0.23891723,0.33925987,4262,4378,116
"Santa_Cruz_Canton,_Ecuador",0.23891723,0.33925987,4263,4379,116
Centinela_del_Cóndor_Canton,0.23857952,0.36579419,4264,4291,27
Chinchipe_Canton,0.23857952,0.36579419,4265,4292,27
El_Pangui_Canton,0.23857952,0.36579419,4266,4293,27
Nangaritza_Canton,0.23857952,0.36579419,4267,4294,27
Palanda_Canton,0.23857952,0.36579419,4268,4295,27
Paquisha_Canton,0.23857952,0.36579419,4269,4296,27
Yacuambi_Canton,0.23857952,0.36579419,4270,4297,27
Yantzaza_Canton,0.23857952,0.36579419,4271,4298,27
Zamora_Canton,0.23857952,0.36579419,4272,4299,27
Municipio_I,0.23851969,0.36888645,4273,4255,-18
Municipio_II,0.23851969,0.36888645,4274,4256,-18
Municipio_III,0.23851969,0.36888645,4275,4257,-18
Municipio_VIII,0.23851969,0.36888645,4276,4258,-18
Municipio_XII,0.23851969,0.36888645,4277,4259,-18
Municipio_XIII,0.23851969,0.36888645,4278,4260,-18
Municipio_XIV,0.23851969,0.36888645,4279,4261,-18
municipio_IV_Q16003516,0.23851969,0.36888645,4280,4262,-18
municipio_IX_Q16481947,0.23851969,0.36888645,4281,4263,-18
municipio_VII_Q16481966,0.23851969,0.36888645,4282,4264,-18
municipio_VI_Q16481961,0.23851969,0.36888645,4283,4265,-18
municipio_V_Q16481953,0.23851969,0.36888645,4284,4266,-18
municipio_XI_Q16481986,0.23851969,0.36888645,4285,4267,-18
municipio_XV_Q16482005,0.23851969,0.36888645,4286,4268,-18
municipio_X_Q16481977,0.23851969,0.36888645,4287,4269,-18
"geo:52.51666666666772,13.383333333333601",0.23819048,0.34346474,4288,4367,79
Langenbruck-Dorf.jpg,0.23781228,0.33372875,4289,4430,141
Leverkusen,0.23685854,0.29751688,4290,4524,234
Imperial_College_London,0.23684818,0.30418856,4291,4518,227
English_language,0.23627987,0.66579283,4292,205,-4087
"geo:52.37444444444486,9.738611111111188",0.23622040,0.32564282,4293,4448,155
"Bernalillo_County,_New_Mexico",0.23607790,0.37622341,4294,4195,-99
"Catron_County,_New_Mexico",0.23607790,0.37622341,4295,4196,-99
"Chaves_County,_New_Mexico",0.23607790,0.37622341,4296,4197,-99
"Colfax_County,_New_Mexico",0.23607790,0.37622341,4297,4198,-99
"Curry_County,_New_Mexico",0.23607790,0.37622341,4298,4199,-99
"De_Baca_County,_New_Mexico",0.23607790,0.37622341,4299,4200,-99
"Doña_Ana_County,_New_Mexico",0.23607790,0.37622341,4300,4201,-99
"Eddy_County,_New_Mexico",0.23607790,0.37622341,4301,4202,-99
"Grant_County,_New_Mexico",0.23607790,0.37622341,4302,4203,-99
"Guadalupe_County,_New_Mexico",0.23607790,0.37622341,4303,4204,-99
"Harding_County,_New_Mexico",0.23607790,0.37622341,4304,4205,-99
"Hidalgo_County,_New_Mexico",0.23607790,0.37622341,4305,4206,-99
"Lea_County,_New_Mexico",0.23607790,0.37622341,4306,4207,-99
"Lincoln_County,_New_Mexico",0.23607790,0.37622341,4307,4208,-99
"Luna_County,_New_Mexico",0.23607790,0.37622341,4308,4209,-99
"McKinley_County,_New_Mexico",0.23607790,0.37622341,4309,4210,-99
"Mora_County,_New_Mexico",0.23607790,0.37622341,4310,4211,-99
"Cibola_County,_New_Mexico",0.23607790,0.37622341,4311,4212,-99
"Los_Alamos_County,_New_Mexico",0.23607790,0.37622341,4312,4213,-99
"Otero_County,_New_Mexico",0.23607790,0.37622341,4313,4214,-99
"Quay_County,_New_Mexico",0.23607790,0.37622341,4314,4215,-99
"Rio_Arriba_County,_New_Mexico",0.23607790,0.37622341,4315,4216,-99
"Roosevelt_County,_New_Mexico",0.23607790,0.37622341,4316,4217,-99
"San_Juan_County,_New_Mexico",0.23607790,0.37622341,4317,4218,-99
"San_Miguel_County,_New_Mexico",0.23607790,0.37622341,4318,4219,-99
"Sandoval_County,_New_Mexico",0.23607790,0.37622341,4319,4220,-99
"Santa_Fe_County,_New_Mexico",0.23607790,0.37622341,4320,4221,-99
"Sierra_County,_New_Mexico",0.23607790,0.37622341,4321,4222,-99
"Socorro_County,_New_Mexico",0.23607790,0.37622341,4322,4223,-99
"Taos_County,_New_Mexico",0.23607790,0.37622341,4323,4224,-99
"Torrance_County,_New_Mexico",0.23607790,0.37622341,4324,4225,-99
"Union_County,_New_Mexico",0.23607790,0.37622341,4325,4226,-99
"Valencia_County,_New_Mexico",0.23607790,0.37622341,4326,4227,-99
Dithmarschen,0.23579372,0.36602612,4327,4272,-55
Flensburg,0.23579372,0.36602612,4328,4273,-55
Herzogtum_Lauenburg,0.23579372,0.36602612,4329,4274,-55
Kiel,0.23579372,0.36602612,4330,4275,-55
Lübeck,0.23579372,0.36602612,4331,4276,-55
Neumünster,0.23579372,0.36602612,4332,4277,-55
Nordfriesland_(district),0.23579372,0.36602612,4333,4278,-55
Ostholstein,0.23579372,0.36602612,4334,4279,-55
Pinneberg_(district),0.23579372,0.36602612,4335,4280,-55
Plön_(district),0.23579372,0.36602612,4336,4281,-55
Rendsburg-Eckernförde,0.23579372,0.36602612,4337,4282,-55
Schleswig-Flensburg,0.23579372,0.36602612,4338,4283,-55
Segeberg,0.23579372,0.36602612,4339,4284,-55
Steinburg,0.23579372,0.36602612,4340,4285,-55
Stormarn_(district),0.23579372,0.36602612,4341,4286,-55
Süderdithmarschen_District_Q881890,0.23579372,0.36602612,4342,4287,-55
_Q1699508,0.23579372,0.36602612,4343,4288,-55
"geo:48.13719444444483,11.575500000000092",0.23557782,0.33473885,4344,4410,66
Cbsslogo.jpg,0.23441507,0.30888360,4345,4480,135
Salinas_Canton,0.23433634,0.31739866,4346,4471,125
Santa_Elena_Canton,0.23433634,0.31739866,4347,4472,125
Glarus,0.23421965,0.33433654,4348,4420,72
Glarus_Nord,0.23421965,0.33433654,4349,4421,72
Glarus_Süd,0.23421965,0.33433654,4350,4422,72
Brzeg_County,0.23383920,0.35476309,4351,4329,-22
Głubczyce_County,0.23383920,0.35476309,4352,4330,-22
Kluczbork_County,0.23383920,0.35476309,4353,4331,-22
Krapkowice_County,0.23383920,0.35476309,4354,4332,-22
Kędzierzyn-Koźle_County,0.23383920,0.35476309,4355,4333,-22
Namysłów_County,0.23383920,0.35476309,4356,4334,-22
Nysa_County,0.23383920,0.35476309,4357,4335,-22
Olesno_County,0.23383920,0.35476309,4358,4336,-22
Opole,0.23383920,0.35476309,4359,4337,-22
Opole_County,0.23383920,0.35476309,4360,4338,-22
Prudnik_County,0.23383920,0.35476309,4361,4339,-22
Strzelce_County,0.23383920,0.35476309,4362,4340,-22
Cityscape%20Berlin.jpg,0.23360604,0.34346474,4363,4368,5
Arbon_District,0.23298999,0.34741242,4364,4348,-16
Kreuzlingen_District,0.23298999,0.34741242,4365,4349,-16
Weinfelden_District,0.23298999,0.34741242,4366,4350,-16
"geo:52.050000000000004,12.39",0.23223068,0.32143185,4367,4467,100
G20.svg,0.23211201,0.32349524,4368,4451,83
Florida_Peninsula_Q2661894,0.23206113,0.48295769,4369,3230,-1139
Atacames_Canton,0.23176365,0.33460956,4370,4412,42
Eloy_Alfaro_Canton,0.23176365,0.33460956,4371,4413,42
Esmeraldas_Canton,0.23176365,0.33460956,4372,4414,42
Muisne_Canton,0.23176365,0.33460956,4373,4415,42
Quinindé_Canton,0.23176365,0.33460956,4374,4416,42
Río_Verde_Canton,0.23176365,0.33460956,4375,4417,42
San_Lorenzo_Canton,0.23176365,0.33460956,4376,4418,42
Neues%20Rathaus%20Hannover%20M%C3%A4rz%202010.jpg,0.23173837,0.32564282,4377,4449,72
Arlesheim_District,0.23164018,0.33372875,4378,4424,46
Laufen_District,0.23164018,0.33372875,4379,4425,46
Liestal_District,0.23164018,0.33372875,4380,4426,46
Sissach_District,0.23164018,0.33372875,4381,4427,46
Waldenburg_District,0.23164018,0.33372875,4382,4428,46
Stadtbild%20M%C3%BCnchen.jpg,0.23112919,0.33473885,4383,4411,28
Canberra,0.23072272,0.28266071,4384,4596,212
IT-Planungsrat_Q1654951,0.22997932,0.43061540,4385,3878,-507
"geo:39,-75.5",0.22900633,0.28061085,4386,4598,212
"geo:46.7166666666676,7.083333333333475",0.22807836,0.25867023,4387,4617,230
"geo:46.98333333333427,6.783333333333469",0.22807836,0.25867023,4388,4618,230
"geo:47.33333333333428,9.166666666666849",0.22807836,0.25867023,4389,4619,230
"geo:47.994722222222606,7.849722222222285",0.22774122,0.30761812,4390,4508,118
Eurocontrol%20hoofdkwartier%202.jpg,0.22773544,0.32133124,4391,4468,77
Friedrichshain-Kreuzberg,0.22772959,0.34346474,4392,4357,-35
Lichtenberg,0.22772959,0.34346474,4393,4358,-35
Marzahn-Hellersdorf,0.22772959,0.34346474,4394,4359,-35
Neukölln,0.22772959,0.34346474,4395,4360,-35
Reinickendorf,0.22772959,0.34346474,4396,4361,-35
Spandau,0.22772959,0.34346474,4397,4362,-35
Steglitz-Zehlendorf,0.22772959,0.34346474,4398,4363,-35
Tempelhof-Schöneberg,0.22772959,0.34346474,4399,4364,-35
Treptow-Köpenick,0.22772959,0.34346474,4400,4365,-35
"geo:-2.366666666666686,-78.13333333333397",0.22643965,0.25547679,4401,4641,240
"geo:-0.933333333333352,-75.66666666666818",0.22643965,0.25547679,4402,4642,240
"geo:-0.083333333333335,-76.88333333333487",0.22643965,0.25547679,4403,4643,240
Council_of_South_American_Defense,0.22634091,0.49866718,4404,2555,-1849
South_American_Energy_Council,0.22634091,0.49866718,4405,2556,-1849
_Q5577321,0.22634091,0.49866718,4406,2558,-1848
_Q5783966,0.22634091,0.49866718,4407,2559,-1848
_Q5783973,0.22634091,0.49866718,4408,2560,-1848
_Q5783975,0.22634091,0.49866718,4409,2561,-1848
Ahlem-Badenstedt-Davenstedt_Q400430,0.22599319,0.32564282,4410,4436,26
Bothfeld-Vahrenheide_(Hanover)_Q894709,0.22599319,0.32564282,4411,4437,26
Buchholz-Kleefeld_Q998471,0.22599319,0.32564282,4412,4438,26
Döhren-Wülfel_Q1271022,0.22599319,0.32564282,4413,4439,26
Hanover-Mitte,0.22599319,0.32564282,4414,4440,26
Herrenhausen,0.22599319,0.32564282,4415,4441,26
Kirchrode-Bemerode-Wülferode,0.22599319,0.32564282,4416,4442,26
Linden-Limmer,0.22599319,0.32564282,4417,4443,26
Misburg-Anderten_Q1938597,0.22599319,0.32564282,4418,4444,26
Ricklingen,0.22599319,0.32564282,4419,4445,26
Südstadt-Bult_Q2381488,0.22599319,0.32564282,4420,4446,26
Vahrenwald-List,0.22599319,0.32564282,4421,4447,26
Allach-Untermenzing,0.22542683,0.33473885,4422,4384,-38
Altstadt-Lehel,0.22542683,0.33473885,4423,4385,-38
Au-Haidhausen,0.22542683,0.33473885,4424,4386,-38
Aubing-Lochhausen-Langwied,0.22542683,0.33473885,4425,4387,-38
Berg_am_Laim,0.22542683,0.33473885,4426,4388,-38
Bogenhausen,0.22542683,0.33473885,4427,4389,-38
Feldmoching-Hasenbergl,0.22542683,0.33473885,4428,4390,-38
Hadern,0.22542683,0.33473885,4429,4391,-38
Laim,0.22542683,0.33473885,4430,4392,-38
Ludwigsvorstadt-Isarvorstadt,0.22542683,0.33473885,4431,4393,-38
Maxvorstadt,0.22542683,0.33473885,4432,4394,-38
Milbertshofen-Am_Hart,0.22542683,0.33473885,4433,4395,-38
Moosach_(Munich),0.22542683,0.33473885,4434,4396,-38
Neuhausen-Nymphenburg,0.22542683,0.33473885,4435,4397,-38
Obergiesing,0.22542683,0.33473885,4436,4398,-38
Pasing-Obermenzing,0.22542683,0.33473885,4437,4399,-38
Ramersdorf-Perlach,0.22542683,0.33473885,4438,4400,-38
Schwabing-Freimann_Q252679,0.22542683,0.33473885,4439,4401,-38
Schwabing-West_Q252910,0.22542683,0.33473885,4440,4402,-38
Schwanthalerhöhe,0.22542683,0.33473885,4441,4403,-38
Sendling,0.22542683,0.33473885,4442,4404,-38
Sendling-Westpark,0.22542683,0.33473885,4443,4405,-38
Thalkirchen-Obersendling-Forstenried-Fürstenried-Solln,0.22542683,0.33473885,4444,4406,-38
Trudering-Riem,0.22542683,0.33473885,4445,4407,-38
Untergiesing-Harlaching,0.22542683,0.33473885,4446,4408,-38
Asian%20Development%20Bank%20headquarters.jpg,0.22538499,0.33601488,4447,4381,-66
AFDB%20Logo.png,0.22509301,0.40088177,4448,4040,-408
European_Southern_Observatory,0.22475310,0.41366408,4449,3966,-483
NATO%20OTAN%20landscape%20logo.svg,0.22442790,0.38455617,4450,4159,-291
Central_Europe,0.22422858,0.42659868,4451,3897,-554
Freiburger%20M%C3%BCnster.jpg,0.22369997,0.30761812,4452,4509,57
Ottawa,0.22369417,0.47423008,4453,3472,-981
"geo:47.566666666667615,7.6000000000001515",0.22359755,0.28581871,4454,4582,128
Swiss_Plateau,0.22269677,0.39398052,4455,4096,-359
"geo:-0.33333333333334,-79.25000000000158",0.22254818,0.27031043,4456,4611,155
Bezirk_Cottbus,0.22247672,0.32143185,4457,4452,-5
Bezirk_Dresden,0.22247672,0.32143185,4458,4453,-5
Bezirk_Erfurt,0.22247672,0.32143185,4459,4454,-5
Bezirk_Frankfurt,0.22247672,0.32143185,4460,4455,-5
Bezirk_Gera,0.22247672,0.32143185,4461,4456,-5
Bezirk_Halle,0.22247672,0.32143185,4462,4457,-5
Bezirk_Karl-Marx-Stadt,0.22247672,0.32143185,4463,4458,-5
Bezirk_Leipzig,0.22247672,0.32143185,4464,4459,-5
Bezirk_Magdeburg,0.22247672,0.32143185,4465,4460,-5
Bezirk_Neubrandenburg,0.22247672,0.32143185,4466,4461,-5
Bezirk_Potsdam,0.22247672,0.32143185,4467,4462,-5
Bezirk_Rostock,0.22247672,0.32143185,4468,4463,-5
Bezirk_Schwerin,0.22247672,0.32143185,4469,4464,-5
Bezirk_Suhl,0.22247672,0.32143185,4470,4465,-5
"geo:32,53",0.22212671,0.29293181,4471,4557,86
"geo:56.658387999999995,12.900364999999999",0.22184760,0.24815926,4472,4658,186
"geo:25.269722222222423,55.309444444444885",0.22145522,0.22907740,4473,4706,233
"geo:21.31138888888906,-157.79638888889016",0.22097186,0.28445055,4474,4589,115
Bayerischer_Städtetag_Q812378,0.22043768,0.39326811,4475,4105,-370
European_Payments_Union,0.21994360,0.40019870,4476,4063,-413
Basel%2C%20straatzicht%20Steinenberg%20foto1%202013-07-27%2009.53.jpg,0.21977170,0.28581871,4477,4583,106
Au%C3%9Fenministerin%20Karin%20Kneissl%20nimmt%20am%20Ministerial%20Council%20Meeting%20der%20OECD%20in%20Paris%20teil.%20%2827619529467%29.jpg,0.21955339,0.34154212,4478,4371,-107
Comecon,0.21899856,0.42334960,4479,3932,-547
Warsaw_Pact,0.21899856,0.42334960,4480,3933,-547
Santo%20Domingo%2C%20Ecuador.jpg,0.21877688,0.27031043,4481,4612,131
Organization_of_American_States,0.21874249,0.48549380,4482,3098,-1384
Betzenhausen,0.21851979,0.30761812,4483,4481,-2
Brühl_Q996913,0.21851979,0.30761812,4484,4482,-2
Ebnet_Q1279951,0.21851979,0.30761812,4485,4483,-2
Freiburg_Stühlinger,0.21851979,0.30761812,4486,4484,-2
Günterstal_Q1561278,0.21851979,0.30761812,4487,4485,-2
Haslach_(Freiburg),0.21851979,0.30761812,4488,4486,-2
Hochdorf_Q885057,0.21851979,0.30761812,4489,4487,-2
Kappel_Q1728696,0.21851979,0.30761812,4490,4488,-2
Landwasser_Q1567584,0.21851979,0.30761812,4491,4489,-2
Lehen_Q1813051,0.21851979,0.30761812,4492,4490,-2
Littenweiler,0.21851979,0.30761812,4493,4491,-2
Mooswald_(Freiburg_im_Breisgau),0.21851979,0.30761812,4494,4492,-2
Mundenhof,0.21851979,0.30761812,4495,4493,-2
Munzingen_Q259852,0.21851979,0.30761812,4496,4494,-2
Neuburg_(Freiburg_im_Breisgau),0.21851979,0.30761812,4497,4495,-2
Oberau_Q2009100,0.21851979,0.30761812,4498,4496,-2
Old_City_of_Freiburg,0.21851979,0.30761812,4499,4497,-2
Opfingen,0.21851979,0.30761812,4500,4498,-2
Rieselfeld,0.21851979,0.30761812,4501,4499,-2
Sankt_Georgen_(Freiburg),0.21851979,0.30761812,4502,4500,-2
Tiengen_Q1307671,0.21851979,0.30761812,4503,4501,-2
"Vauban,_Freiburg",0.21851979,0.30761812,4504,4502,-2
Waldsee_Q2541892,0.21851979,0.30761812,4505,4503,-2
Waltershofen_(Freiburg_im_Breisgau),0.21851979,0.30761812,4506,4504,-2
Weingarten_(Freiburg_im_Breisgau),0.21851979,0.30761812,4507,4505,-2
Wiehre,0.21851979,0.30761812,4508,4506,-2
Zähringen_(Freiburg),0.21851979,0.30761812,4509,4507,-2
Halmstad%20Nissan01.JPG,0.21811272,0.24815926,4510,4659,149
0a6e39f898b1d5cd1e52fc138bd8bb68,0.21800293,0.38966940,4511,4128,-383
German_Commission_for_UNESCO,0.21790344,0.30103104,4512,4520,8
Dubai%20seen%20from%20USS%20Anzio%20%28CG%2068%29.jpg,0.21774073,0.22907740,4513,4707,194
Hawai%27i.jpg,0.21728250,0.28445055,4514,4590,76
Arco%20Sisto%20V%20targa%20M.jpg,0.21660612,0.24834091,4515,4650,135
Latin%20dictionary.jpg,0.21660612,0.24834091,4516,4651,135
Stirling_(council_area),0.21616289,0.25190438,4517,4644,127
Stirlingshire,0.21616289,0.25190438,4518,4645,127
International_Court_of_Justice,0.21595199,0.43786179,4519,3870,-649
United_Nations_General_Assembly,0.21595199,0.43786179,4520,3873,-647
United_Nations_Postal_Administration,0.21595199,0.43786179,4521,3874,-647
United_Nations_Research_Institute_for_Social_Development,0.21595199,0.43786179,4522,3875,-647
World_Food_Programme,0.21595199,0.43786179,4523,3876,-647
"geo:57.15111111111157,-2.1230555555555726",0.21592092,0.21736250,4524,4749,225
Opolskie%20logo.png,0.21583845,0.35476309,4525,4343,-182
Coalition_for_Networked_Information,0.21564997,0.27360887,4526,4607,81
"geo:52.572803077473324,13.143200769368331",0.21557571,0.21731553,4527,4752,225
Francis%20Gurry%202015.jpg,0.21508341,0.31221005,4528,4476,-52
WIPO3.JPG,0.21508341,0.31221005,4529,4477,-52
The%20World%20Bank%20logo.svg,0.21489167,0.60846840,4530,220,-4310
World%20Bank%20logo.svg,0.21489167,0.60846840,4531,221,-4310
Basel,0.21486762,0.28581871,4532,4579,47
Bettingen,0.21486762,0.28581871,4533,4580,47
Riehen,0.21486762,0.28581871,4534,4581,47
Emblem%20of%20the%20United%20Nations.svg,0.21439425,0.43786179,4535,3872,-663
"geo:46.83333333333427,7.616666666666819",0.21439024,0.24937924,4536,4649,113
"geo:38.60000000000077,27.066666666667206",0.21400623,0.22464133,4537,4713,176
La_Concordia_Canton,0.21394273,0.27031043,4538,4609,71
Santo_Domingo_Canton_(Ecuador),0.21394273,0.27031043,4539,4610,71
Alborz_Province,0.21357125,0.29293181,4540,4526,-14
Ardabil_Province,0.21357125,0.29293181,4541,4527,-14
Bushehr_Province,0.21357125,0.29293181,4542,4528,-14
Chaharmahal_and_Bakhtiari_Province,0.21357125,0.29293181,4543,4529,-14
East_Azerbaijan_Province,0.21357125,0.29293181,4544,4530,-14
Fars_Province,0.21357125,0.29293181,4545,4531,-14
Gilan_Province,0.21357125,0.29293181,4546,4532,-14
Golestan_Province,0.21357125,0.29293181,4547,4533,-14
Hamadan_Province,0.21357125,0.29293181,4548,4534,-14
Hormozgan_Province,0.21357125,0.29293181,4549,4535,-14
Ilam_Province,0.21357125,0.29293181,4550,4536,-14
Isfahan_Province,0.21357125,0.29293181,4551,4537,-14
Kerman_Province,0.21357125,0.29293181,4552,4538,-14
Kermanshah_Province,0.21357125,0.29293181,4553,4539,-14
Khuzestan_Province,0.21357125,0.29293181,4554,4540,-14
Kohgiluyeh_and_Boyer-Ahmad_Province,0.21357125,0.29293181,4555,4541,-14
Kurdistan_Province,0.21357125,0.29293181,4556,4542,-14
Lorestan_Province,0.21357125,0.29293181,4557,4543,-14
Markazi_Province,0.21357125,0.29293181,4558,4544,-14
Mazandaran_Province,0.21357125,0.29293181,4559,4545,-14
North_Khorasan_Province,0.21357125,0.29293181,4560,4546,-14
Qazvin_Province,0.21357125,0.29293181,4561,4547,-14
Qom_Province,0.21357125,0.29293181,4562,4548,-14
Razavi_Khorasan_Province,0.21357125,0.29293181,4563,4549,-14
Semnan_Province,0.21357125,0.29293181,4564,4550,-14
Sistan_and_Baluchestan_Province,0.21357125,0.29293181,4565,4551,-14
South_Khorasan_Province,0.21357125,0.29293181,4566,4552,-14
Tehran_Province,0.21357125,0.29293181,4567,4553,-14
West_Azerbaijan_Province,0.21357125,0.29293181,4568,4554,-14
Yazd_Province,0.21357125,0.29293181,4569,4555,-14
Zanjan_Province,0.21357125,0.29293181,4570,4556,-14
"Honolulu_County,_Hawaii",0.21255339,0.28445055,4571,4588,17
View%20NE%20from%20summit%20of%20B976%20-%20geograph.org.uk%20-%20443153.jpg,0.21249412,0.21736250,4572,4750,178
Bundesarchiv%20Bild%20173-1282%2C%20Berlin%2C%20Brandenburger%20Tor%2C%20Wasserwerfer.jpg,0.21216686,0.21731553,4573,4753,180
Kattegattgymnasiet.jpg,0.21216532,0.21758753,4574,4747,173
United_Kingdom,0.21192264,0.39580574,4575,4091,-484
Kommunale_Informationsverarbeitung_Baden-Franken_Q1780328,0.21129396,0.34068553,4576,4374,-202
Kommunalverband_für_Jugend_und_Soziales_Baden-Württemberg_Q1691932,0.21129396,0.34068553,4577,4375,-202
Menemen%2C%20%C4%B0zmir%2C%20Turkey.jpg,0.21067897,0.22464133,4578,4714,136
German_Rectors'_Conference,0.21048878,0.25975626,4579,4616,37
ESO%20member%20states.svg,0.21036974,0.26720482,4580,4614,34
Council_of_the_Baltic_Sea_States,0.20951501,0.37384376,4581,4247,-334
Gunhild_Altberg_Q51757952,0.20897639,0.22740582,4582,4710,128
"geo:52.08416666666708,4.3175000000000345",0.20847910,0.23720112,4583,4673,90
Gemeinde-_und_Städtebund_Thüringen_Q67174081,0.20769549,0.33119505,4584,4431,-153
Hessischer_Städtetag_Q26882604,0.20758296,0.28952807,4585,4566,-19
Basshunter,0.20711174,0.22308107,4586,4716,130
Eurocontrol%20logo%202010.svg,0.20675450,0.32133124,4587,4469,-118
Bern-Mittelland_(administrative_district),0.20675246,0.24937924,4588,4647,59
Thun_(administrative_district),0.20675246,0.24937924,4589,4648,59
Paul_Martin,0.20591950,0.32349524,4590,4450,-140
Het%20Plein%202012.jpg,0.20543916,0.23720112,4591,4674,83
Asian%20Development%20Bank%20logo.svg,0.20503844,0.33601488,4592,4382,-210
Altberg_Q41661849,0.20501457,0.24673532,4593,4661,68
Auckland_Region,0.20480735,0.23981763,4594,4665,71
"geo:50.583434499999996,8.666684",0.20419155,0.23939898,4595,4671,76
G20,0.20379889,0.40822409,4596,4014,-582
Göran_Altberg_Q51758893,0.20362792,0.22001875,4597,4744,147
Headquarters%20of%20the%20International%20Monetary%20Fund%20%28Washington%2C%20DC%29.jpg,0.20346678,0.30508796,4598,4516,-82
Great_Britain,0.20316007,0.27111317,4599,4608,9
"geo:41.6000832,-72.7001454",0.20267089,0.23707390,4600,4675,75
"geo:41.7000834,-71.500143",0.20267089,0.23707390,4601,4678,77
"geo:47.083333333334274,8.116666666666829",0.20205224,0.22244682,4602,4717,115
Nuclear_Energy_Agency,0.20200921,0.34154212,4603,4370,-233
OECD_Development_Centre,0.20200921,0.34154212,4604,4373,-231
Giessen%20innenstadt%2028082005.jpg,0.20137449,0.23939898,4605,4672,67
"geo:-1.233333333333358,-78.61666666666824",0.20095977,0.22031786,4606,4742,136
OECD%20Logo.svg,0.20078079,0.34154212,4607,4372,-235
"geo:52.371528,4.899722",0.20059858,0.25859352,4608,4633,25
Southeast_Asia_Treaty_Organization,0.20027230,0.38259194,4609,4173,-436
Connecticut%20in%20United%20States.svg,0.19993288,0.23707390,4610,4676,66
IMG%200169%20-%20Wien%20-%20Hofburg.JPG,0.19936614,0.27610253,4611,4603,-8
Lake%20Lucerne%20Weggis.jpg,0.19934639,0.22244682,4612,4718,106
Ecuador%20landscapenear%20Banos.JPG,0.19831070,0.22031786,4613,4743,130
Louis_VII_of_France,0.19828173,0.21693755,4614,4754,140
Arctic_Council,0.19825171,0.38144715,4615,4174,-441
Hawaiian_Islands,0.19817856,0.28445055,4616,4587,-29
Trippenhuis.jpg,0.19796829,0.25859352,4617,4634,17
Allendorf_Q2648414,0.19776351,0.23939898,4618,4666,48
Kleinlinden_Q1571834,0.19776351,0.23939898,4619,4667,48
Lützellinden_Q1880499,0.19776351,0.23939898,4620,4668,48
Rödgen_Q2179359,0.19776351,0.23939898,4621,4669,48
Wieseck_Q1522977,0.19776351,0.23939898,4622,4670,48
ABCANZ_Armies,0.19767221,0.37490202,4623,4242,-381
AUSCANNZUKUS,0.19767221,0.37490202,4624,4243,-381
Combined_Communications-Electronics_Board,0.19767221,0.37490202,4625,4244,-381
Five_Eyes_Air_Force_Interoperability_Council,0.19767221,0.37490202,4626,4245,-381
The_Technical_Cooperation_Program,0.19767221,0.37490202,4627,4246,-381
"geo:-25.300000000000203,-57.633333333333795",0.19755422,0.20153125,4628,4805,177
"geo:46.21994444444481,6.13873611111116",0.19697403,0.21566942,4629,4756,127
"geo:-23.5,-58",0.19658064,0.22999347,4630,4704,74
Single_European_Sky_ATM_Research,0.19651345,0.32133124,4631,4470,-161
Kalmar_Union,0.19635180,0.27987542,4632,4599,-33
Union_between_Sweden_and_Norway,0.19635180,0.27987542,4633,4600,-33
Hamburg,0.19612145,0.24224103,4634,4663,29
AAAS%20exterior%201%20-%20Cambridge%2C%20MA.JPG,0.19598020,0.20363187,4635,4801,166
Andean_Community,0.19563930,0.32817416,4636,4433,-203
OPANAL,0.19563930,0.32817416,4637,4434,-203
Asia-Pacific_Economic_Cooperation,0.19562858,0.36817332,4638,4270,-368
Princess_of_Asturias_Award_for_Concord_Q3323440,0.19549061,0.36370328,4639,4302,-337
Asuncion%20Montage.jpg,0.19508219,0.20153125,4640,4806,166
"geo:50.58333333333374,8.633333333333402",0.19507172,0.21174900,4641,4779,138
İzmir_Province,0.19501136,0.22676861,4642,4711,69
"geo:50.596527099999996,12.685015",0.19447476,0.19701563,4643,4820,177
"geo:53.31666666666773,-4.633333333333426",0.19437433,0.19571573,4644,4837,193
Istanbul_Province_Q534799,0.19415085,0.21948978,4645,4745,100
France,0.19413127,0.32569052,4646,4435,-211
European%20Southern%20Observatory%20%28ESO%29%20logo.svg,0.19407583,0.26720482,4647,4615,-32
"geo:39.61666666666699,2.9833333333333574",0.19373114,0.19505835,4648,4857,209
"geo:-36.85000000000029,174.78333333333472",0.19353377,0.19422024,4649,4867,218
American_Council_of_Learned_Societies,0.19340773,0.23381259,4650,4682,32
Philip_II_of_France,0.19322009,0.20933355,4651,4785,134
6651%20-%20Arth%20-%20View%20from%20Rigi%20Kulm.JPG,0.19286329,0.19701563,4652,4819,167
Drehhaus%20Erste%20Generation.jpg,0.19272874,0.21174900,4653,4780,127
Sakharov_Prize,0.19270147,0.43786179,4654,3871,-783
Douai,0.19256587,0.21736250,4655,4751,96
Holyhead%2C%20Isle%20of%20Anglesea.jpeg,0.19206760,0.19571573,4656,4838,182
Organisation_of_Islamic_Cooperation,0.19191884,0.29505908,4657,4525,-132
Couperin_(consortium),0.19161767,0.34154212,4658,4369,-289
34b94fca88842db024701167de0c7ce7,0.19158841,0.34346474,4659,4366,-293
Mallorca.jpg,0.19145784,0.19505835,4660,4858,198
Sturegymnasiet.jpg,0.19144355,0.19505835,4661,4859,198
Sturegymnasiet2.jpg,0.19144355,0.19505835,4662,4860,198
Auckland%20CBD.jpg,0.19127074,0.19422024,4663,4868,205
Schiller-Oberschule%20Berlin-Charlottenburg%20Feb%202015.jpg,0.19126045,0.19451416,4664,4866,202
Alto_Paraguay_Department,0.19105538,0.22999347,4665,4688,23
Alto_Paraná_Department,0.19105538,0.22999347,4666,4689,23
Amambay_Department,0.19105538,0.22999347,4667,4690,23
Boquerón_department,0.19105538,0.22999347,4668,4691,23
Caaguazú_Department,0.19105538,0.22999347,4669,4692,23
Caazapá_Department,0.19105538,0.22999347,4670,4693,23
Canindeyú_Department,0.19105538,0.22999347,4671,4694,23
Central_Department,0.19105538,0.22999347,4672,4695,23
"Concepción_Department,_Paraguay",0.19105538,0.22999347,4673,4696,23
Cordillera_Department,0.19105538,0.22999347,4674,4697,23
Guairá_Department,0.19105538,0.22999347,4675,4698,23
Itapúa_Department,0.19105538,0.22999347,4676,4699,23
Paraguarí_Department,0.19105538,0.22999347,4677,4700,23
Presidente_Hayes_Department,0.19105538,0.22999347,4678,4701,23
"San_Pedro_Department,_Paraguay",0.19105538,0.22999347,4679,4702,23
Ñeembucú_Department,0.19105538,0.22999347,4680,4703,23
Non-Aligned_Movement,0.19091396,0.29293181,4681,4558,-123
OPEC,0.19091396,0.29293181,4682,4559,-123
Combined%20nordic.png,0.19088713,0.19611250,4683,4822,139
Fixation%20ski%20de%20fond.jpg,0.19088713,0.19611250,4684,4823,139
Skipcxc.JPG,0.19088713,0.19611250,4685,4824,139
"geo:38.89500000000031,-77.03666666666729",0.19072833,0.30731965,4686,4513,-173
Greek%20alphabet%20alpha-omega.svg,0.19066539,0.19465533,4687,4861,174
Greek%20alphabet%20variants.png,0.19066539,0.19465533,4688,4862,174
Modern%20Greek%20dialects%20en.svg,0.19066539,0.19465533,4689,4863,174
b5ea49caa403894310c2548c2b0ab924,0.19035634,0.33473885,4690,4409,-281
Group_of_Eight,0.19032687,0.37060200,4691,4254,-437
Russell_Group,0.18957976,0.26800013,4692,4613,-79
Writer,0.18956524,0.29758801,4693,4523,-170
"Trinity_College,_Cambridge",0.18940384,0.24969071,4694,4646,-48
IMF%20logo.png,0.18903599,0.30508796,4695,4517,-178
Copenhagen,0.18894048,0.30888360,4696,4479,-217
Eleni-Alexandra_Amburger_Q20800727,0.18879288,0.19688809,4697,4821,124
German_University_Sports_Federation_Q1618604,0.18877305,0.22039569,4698,4741,43
WhiteHouseSouthFacade.JPG,0.18861113,0.30731965,4699,4514,-185
"geo:47.50000000000038,11.083333333333423",0.18859588,0.20852926,4700,4790,90
"geo:51.50722222222264,-0.12750000000000103",0.18736060,0.20382789,4701,4798,97
German_language,0.18689583,0.35292976,4702,4344,-358
Joakim_Altberg_Q51759069,0.18668443,0.19604606,4703,4825,122
Garmisch-Partenkirchen%20%28Luftbild%29.jpg,0.18658954,0.20852926,4704,4791,87
American_Philosophical_Society_Hall_Q20643652,0.18636484,0.21036145,4705,4784,79
OSCE%20logo-ru.svg,0.18604213,0.27610253,4706,4604,-102
OSCE%20logo.svg,0.18604213,0.27610253,4707,4605,-102
Balearic_Islands,0.18603469,0.20527813,4708,4793,85
Detlev-Rohwedder-Haus,0.18596095,0.32143185,4709,4466,-243
"geo:52.20527777777819,0.11722222222222316",0.18594100,0.22080954,4710,4737,27
Connecticut,0.18589726,0.30731965,4711,4510,-201
Delaware,0.18589726,0.30731965,4712,4511,-201
Rhode_Island,0.18589726,0.30731965,4713,4512,-201
Fryske_Akademy,0.18586875,0.25859352,4714,4620,-94
Hubrecht_Institute_Q2512544,0.18586875,0.25859352,4715,4621,-94
Huygens_Institute_for_the_History_of_the_Netherlands,0.18586875,0.25859352,4716,4622,-94
International_Institute_of_Social_History,0.18586875,0.25859352,4717,4623,-94
Meertens_Institute,0.18586875,0.25859352,4718,4625,-93
"NIOD_Institute_for_War,_Holocaust_and_Genocide_Studies",0.18586875,0.25859352,4719,4626,-93
Netherlands_Institute_for_Advanced_Study,0.18586875,0.25859352,4720,4627,-93
Netherlands_Institute_for_Neuroscience,0.18586875,0.25859352,4721,4628,-93
Netherlands_Institute_of_Ecology_Q2524002,0.18586875,0.25859352,4722,4629,-93
Netherlands_Interdisciplinary_Demographic_Institute_Q3012158,0.18586875,0.25859352,4723,4630,-93
Rathenau_Institute,0.18586875,0.25859352,4724,4631,-93
Royal_Netherlands_Institute_of_Southeast_Asian_and_Caribbean_Studies,0.18586875,0.25859352,4725,4635,-90
Westerdijk_Institute,0.18586875,0.25859352,4726,4636,-90
New_England,0.18575512,0.23707390,4727,4677,-50
"geo:61,15",0.18571706,0.21493771,4728,4776,48
London%20Montage%20L.jpg,0.18541847,0.20382789,4729,4799,70
Kommunistische%20Partei%20Deutschlands%2C%20Logo%20um%201920.svg,0.18540214,0.20930001,4730,4788,58
TrinityCollegeCamGreatCourt.jpg,0.18407267,0.22080954,4731,4738,7
Metropolitan_City_of_Bologna,0.18407159,0.20389000,4732,4796,64
"geo:-1,-78",0.18387630,0.24818069,4733,4656,-77
Redswedenred.sommar.jpg,0.18386037,0.21493771,4734,4777,43
Canton_of_Fribourg,0.18371379,0.25569466,4735,4637,-98
Canton_of_Lucerne,0.18371379,0.25569466,4736,4638,-98
Canton_of_Neuchâtel,0.18371379,0.25569466,4737,4639,-98
Canton_of_St._Gallen,0.18371379,0.25569466,4738,4640,-98
American%20Academy%20of%20Arts%20and%20Sciences.png,0.18357005,0.20363187,4739,4802,63
male_Q6581097,0.18322715,1.23659954,4740,140,-4600
"geo:32.05083333333359,-81.10388888888954",0.18312745,0.18395913,4741,4889,148
Karl_Liebknecht,0.18302211,0.20930001,4742,4786,44
Rosa_Luxemburg,0.18302211,0.20930001,4743,4787,44
"geo:51.63305555555597,13.716666666666777",0.18297656,0.18373763,4744,4891,147
"geo:41.010000000000325,28.96027777777801",0.18281796,0.18368125,4745,4892,147
"geo:50.38,3.08",0.18279976,0.18368125,4746,4895,149
Louis_Bonaparte,0.18266712,0.25859352,4747,4624,-123
"geo:52.38333333333438,4.900000000000098",0.18261944,0.18330099,4748,4896,148
EFTA%20logo.svg,0.18251285,0.21566942,4749,4757,8
Ecuador%20Blue%20Marble.png,0.18211530,0.24818069,4750,4657,-93
Commonwealth_of_Nations,0.18173253,0.23105038,4751,4687,-64
Blekinge_County,0.18148041,0.21493771,4752,4758,6
Dalarna_County,0.18148041,0.21493771,4753,4759,6
Gotland_County,0.18148041,0.21493771,4754,4760,6
Gävleborg_County,0.18148041,0.21493771,4755,4761,6
Jämtland_County,0.18148041,0.21493771,4756,4762,6
Jönköping_County,0.18148041,0.21493771,4757,4763,6
Kalmar_County,0.18148041,0.21493771,4758,4764,6
Kronoberg_County,0.18148041,0.21493771,4759,4765,6
Norrbotten_County,0.18148041,0.21493771,4760,4766,6
Södermanland_County,0.18148041,0.21493771,4761,4767,6
Uppsala_County,0.18148041,0.21493771,4762,4768,6
Värmland_County,0.18148041,0.21493771,4763,4769,6
Västerbotten_County,0.18148041,0.21493771,4764,4770,6
Västernorrland_County,0.18148041,0.21493771,4765,4771,6
Västmanland_County,0.18148041,0.21493771,4766,4772,6
Västra_Götaland_County,0.18148041,0.21493771,4767,4773,6
Örebro_County,0.18148041,0.21493771,4768,4774,6
Östergötland_County,0.18148041,0.21493771,4769,4775,6
SavannahRooftopViewNW20140422.jpg,0.18140537,0.18395913,4770,4890,120
Sozialistische%20Einheitspartei%20Deutschlands%20Logo.svg,0.18131604,0.19739849,4771,4817,46
Istanbul2010.jpg,0.18111197,0.18368125,4772,4893,121
AmsterdamLuchtfotoBmz.jpg,0.18092377,0.18330099,4773,4897,124
United_Kingdom_of_Great_Britain_and_Ireland,0.18090959,0.27490123,4774,4606,-168
Jisc,0.18079518,0.24811088,4775,4660,-115
Communist_Party_of_Germany,0.18052389,0.20929414,4776,4789,13
9d82877542a6f199bf26c74ac19f4a8b,0.18018373,0.22464133,4777,4712,-65
Holyhead_Community_Q24674792,0.18012308,0.19571573,4778,4836,58
Morona-Santiago_Province,0.17985799,0.24818069,4779,4652,-127
Orellana_Province,0.17985799,0.24818069,4780,4653,-127
Sucumbíos_Province,0.17985799,0.24818069,4781,4654,-127
Tungurahua_Province,0.17985799,0.24818069,4782,4655,-127
"geo:-37.695,145.064",0.17982338,0.18312068,4783,4905,122
"geo:51.033333333333744,6.983333333333389",0.17876139,0.18612705,4784,4883,99
university_teacher_Q1622272,0.17868350,0.24337851,4785,4662,-123
"geo:-41.2,174",0.17865369,0.19559739,4786,4855,69
"geo:52.518055999999994,13.393333",0.17836011,0.18163159,4787,4910,123
Heidelberg,0.17831258,0.19451416,4788,4865,77
"Marlborough,_Wiltshire",0.17828312,0.19462500,4789,4864,75
classical_archaeologist_Q15983985,0.17789039,0.24057578,4790,4664,-126
"geo:46.798562,8.231973",0.17783725,0.23177442,4791,4684,-107
Leverkusen-Schloss-Morsbroich%20Hauptgeb%C3%A4ude.jpg,0.17726628,0.18612705,4792,4884,92
Social_Democratic_Party_of_Germany,0.17705194,0.20307114,4793,4803,10
"geo:51.5064,-0.1313",0.17695643,0.17812002,4794,4920,126
Berlin%20Universitaet%20um%201850.jpg,0.17688585,0.18163159,4795,4911,116
American%20Philosophical%20Society%20%2820864173941%29.jpg,0.17656482,0.18018072,4796,4913,117
Mercosur,0.17642292,0.22999347,4797,4705,-92
Handball,0.17631822,0.30698438,4798,4515,-283
"geo:44.493888888889245,11.342777777777869",0.17625437,0.17694500,4799,4935,136
"geo:56.116600000000005,-3.9369",0.17616562,0.17677500,4800,4941,141
Cominform,0.17566522,0.19739849,4801,4818,17
British%20Academy%20front.jpg,0.17555514,0.17812002,4802,4921,119
Cambridge–MIT_Institute,0.17547816,0.22080954,4803,4719,-84
Centre_for_Family_Research_Q56033657,0.17547816,0.22080954,4804,4720,-84
Centre_of_South_Asian_Studies_Q59605122,0.17547816,0.22080954,4805,4721,-84
"Department_of_Anglo-Saxon,_Norse_and_Celtic,_University_of_Cambridge",0.17547816,0.22080954,4806,4722,-84
"Department_of_Biochemistry,_University_of_Cambridge_Q45131702",0.17547816,0.22080954,4807,4723,-84
"Department_of_Clinical_Veterinary_Medicine,_University_of_Cambridge_Q45132872",0.17547816,0.22080954,4808,4724,-84
"Department_of_Genetics,_Cambridge_University_Q57981176",0.17547816,0.22080954,4809,4725,-84
"Department_of_Materials_Science_and_Metallurgy,_University_of_Cambridge",0.17547816,0.22080954,4810,4726,-84
"Department_of_Psychology,_University_of_Cambridge_Q50842564",0.17547816,0.22080954,4811,4727,-84
"Department_of_Veterinary_Medicine,_Cambridge_Veterinary_School_Q45135697",0.17547816,0.22080954,4812,4728,-84
"Department_of_Zoology,_Cambridge_University_Q55934861",0.17547816,0.22080954,4813,4729,-84
"Institute_of_Astronomy,_Cambridge",0.17547816,0.22080954,4814,4730,-84
Institute_of_Metabolic_Science_Q30265836,0.17547816,0.22080954,4815,4731,-84
"James_Baird_Fund,_University_of_Cambridge_Q45133543",0.17547816,0.22080954,4816,4732,-84
Kavli_Institute_for_Cosmology,0.17547816,0.22080954,4817,4733,-84
"School_of_Clinical_Medicine,_University_of_Cambridge",0.17547816,0.22080954,4818,4734,-84
"School_of_the_Biological_Sciences,_University_of_Cambridge_Q45133764",0.17547816,0.22080954,4819,4735,-84
"Smuts_Memorial_Fund,_University_of_Cambridge_Q45132565",0.17547816,0.22080954,4820,4736,-84
Bay_of_Plenty_Region_Q2192924,0.17525488,0.19559739,4821,4839,18
"Canterbury,_New_Zealand",0.17525488,0.19559739,4822,4840,18
Gisborne_District,0.17525488,0.19559739,4823,4841,18
Hawke's_Bay_Region,0.17525488,0.19559739,4824,4842,18
Manawatū-Whanganui,0.17525488,0.19559739,4825,4843,18
Nelson_Region,0.17525488,0.19559739,4826,4844,18
Chatham_Islands_Council_Q26882619,0.17525488,0.19559739,4827,4845,18
Marlborough_Region,0.17525488,0.19559739,4828,4846,18
Northland_Region,0.17525488,0.19559739,4829,4847,18
Otago,0.17525488,0.19559739,4830,4848,18
"Southland,_New_Zealand",0.17525488,0.19559739,4831,4849,18
Taranaki,0.17525488,0.19559739,4832,4850,18
Tasman_District,0.17525488,0.19559739,4833,4851,18
Waikato,0.17525488,0.19559739,4834,4852,18
Wellington_Region,0.17525488,0.19559739,4835,4853,18
"West_Coast,_New_Zealand",0.17525488,0.19559739,4836,4854,18
Gisela_Richter,0.17524774,0.18012336,4837,4914,77
Irma_A._Richter_Q18908008,0.17524774,0.18012336,4838,4915,77
"geo:52.46,13.3",0.17515985,0.18757396,4839,4877,38
Nordic_Council,0.17514851,0.22412750,4840,4715,-125
Richter_(surname),0.17496149,0.19225794,4841,4870,29
Collage%20Bologna.jpg,0.17488958,0.17694500,4842,4936,94
University%20of%20Cambridge%20coat%20of%20arms.svg,0.17487639,0.22080954,4843,4739,-104
Weimar_Triangle,0.17481051,0.28175022,4844,4597,-247
Stirling%28DonaldMacDonald%29Dec2005.jpg,0.17480544,0.17677500,4845,4942,97
ANZUK,0.17456902,0.21758237,4846,4748,-98
"geo:52,19",0.17427473,0.23578053,4847,4680,-167
Ewald_von_Kleist_award_Q20990972,0.17390045,0.27610253,4848,4601,-247
emperor_Otto_award_Q1356642,0.17390045,0.27610253,4849,4602,-247
Wiegand-Haus.jpg,0.17385195,0.18757396,4850,4878,28
Bloomsbury,0.17381038,0.20460268,4851,4794,-57
Organisation_for_Joint_Armament_Cooperation,0.17357306,0.22775810,4852,4709,-143
Gouden_Ganzenveer,0.17322369,0.25859352,4853,4632,-221
Polish%20Ensign.JPG,0.17301285,0.23578053,4854,4681,-173
Philosopher,0.17253140,0.22833665,4855,4708,-147
9e7cd4289d4930584736be9a7018fe03,0.17242537,0.20153125,4856,4804,-52
Jean_Paul_Richter,0.17201681,0.17719626,4857,4931,74
Louise_Marie_Richter_Q19754018,0.17201681,0.17719626,4858,4932,74
"geo:51.333406,12.367835999999999",0.17187565,0.17249176,4859,4961,102
"geo:52.20166666666709,0.11916666666666761",0.17186651,0.17245417,4860,4964,104
"geo:48.8486111111115,2.343333333333352",0.17186651,0.17245417,4861,4967,106
"geo:55.593188999999995,13.021422999999999",0.17186557,0.17252918,4862,4959,97
"geo:49.411908999999994,8.712879",0.17181668,0.17225708,4863,4972,109
"geo:51.41611111111152,-1.7369444444444584",0.17179398,0.17231250,4864,4970,106
"Girton_College,_Cambridge",0.17135635,0.19342692,4865,4869,4
American_Academy_of_Arts_and_Sciences,0.17118165,0.18928894,4866,4873,7
Philip_II_of_Spain,0.17117597,0.18368125,4867,4894,27
Heda_Segvic_Q28099613,0.17113292,0.17842820,4868,4919,51
HGB%20FotoG%C3%BCntherBeutner.jpg,0.17073848,0.17249176,4869,4962,93
Pembroke%20College%20Fa%C3%A7ade%20and%20Chapel.jpg,0.17072981,0.17245417,4870,4965,95
Louis-le-Grand--cour-honneur.jpg,0.17072981,0.17245417,4871,4968,97
Centrala%20Malm%C3%B6.jpg,0.17072892,0.17252918,4872,4960,88
Akademie%20der%20Wissenschaften%20Heidelberg.jpg,0.17068257,0.17225708,4873,4973,100
Marlborough%20College%20from%20St%20Peter%27s%20church%20roof%20-%20geograph.org.uk%20-%20460663.jpg,0.17066105,0.17231250,4874,4971,97
Stockholm,0.17054259,0.21566942,4875,4755,-120
International_Alliance_of_Research_Universities,0.17038757,0.22080954,4876,4740,-136
City_of_Banyule,0.17024531,0.18312068,4877,4898,21
City_of_Darebin,0.17024531,0.18312068,4878,4899,21
City_of_Whittlesea,0.17024531,0.18312068,4879,4900,21
Division_of_Batman,0.17024531,0.18312068,4880,4901,21
Division_of_Jagajaga,0.17024531,0.18312068,4881,4902,21
Division_of_Scullin,0.17024531,0.18312068,4882,4903,21
Electoral_district_of_Bundoora,0.17024531,0.18312068,4883,4904,21
Silwood_Park,0.17009724,0.18977850,4884,4872,-12
Myles_Burnyeat,0.16995127,0.17685359,4885,4938,53
Georg_Q1985538,0.16982422,0.19141097,4886,4871,-15
Admiralspalast,0.16978641,0.19739849,4887,4816,-71
Hugh_Brogan,0.16975955,0.17358249,4888,4946,58
Jess_Wade,0.16932337,0.17263588,4889,4954,65
Logo%20der%20Schweizerischen%20Eidgenossenschaft.svg,0.16926741,0.23177442,4890,4685,-205
"geo:52.204166666667085,0.1166666666666676",0.16915323,0.17008573,4891,5004,113
Blandford_Forum,0.16886188,0.17982780,4892,4917,25
Food_and_Agriculture_Organization,0.16885152,0.21412002,4893,4778,-115
British%20Academy%20blue%20Clio%20logo.jpg,0.16865776,0.17812002,4894,4922,28
Braniborsk%C3%A1%20br%C3%A1na.jpg,0.16845164,0.19596968,4895,4832,-63
Olwen_Brogan,0.16835933,0.17358249,4896,4947,51
Frederick_William_III_of_Prussia,0.16830967,0.18163159,4897,4909,12
Greece,0.16828243,0.20373003,4898,4800,-98
King%27s%20College%2C%20Cambridge2.jpg,0.16815758,0.17008573,4899,5005,106
Kings%20dining%20hall.JPG,0.16815758,0.17008573,4900,5006,106
Dubai,0.16812992,0.18606448,4901,4888,-13
Benjamin_Franklin,0.16809104,0.18018072,4902,4912,10
Asunción,0.16783842,0.18187500,4903,4907,4
German_Archaeological_Institute_at_Athens,0.16783553,0.18757396,4904,4881,-23
German_Archaeological_Institute_at_Rome_Q1205550,0.16783553,0.18757396,4905,4882,-23
Stirling_Q68816571,0.16776228,0.17677500,4906,4940,34
Denis_William_Brogan,0.16769108,0.17269925,4907,4952,45
e98d1721e91d342a0c94a27c3881f061,0.16761832,0.20382789,4908,4797,-111
European_Coal_and_Steel_Community,0.16744376,0.21080962,4909,4783,-126
Lange%20Nacht%20der%20Wissenschaften%20DAI%20Berlin%2007.JPG,0.16741426,0.18757396,4910,4879,-31
Wilkins%20Building%201%2C%20UCL%2C%20London%20-%20Diliff.jpg,0.16739368,0.17730134,4911,4927,16
Bremen_(state),0.16715472,0.19596968,4912,4826,-86
Hesse,0.16715472,0.19596968,4913,4827,-86
Mecklenburg-Vorpommern,0.16715472,0.19596968,4914,4828,-86
Rhineland-Palatinate,0.16715472,0.19596968,4915,4829,-86
Saarland,0.16715472,0.19596968,4916,4830,-86
Saxony-Anhalt,0.16715472,0.19596968,4917,4831,-86
Carl_(name),0.16711568,0.18817563,4918,4874,-44
Frankfurt,0.16701436,0.17692621,4919,4937,18
Pornographic_film_actor,0.16696036,0.20443269,4920,4795,-125
Frederick_William_University,0.16682417,0.18606816,4921,4887,-34
"geo:52.5581,13.439300000000001",0.16640674,0.16686882,4922,5030,108
female_Q6581072,0.16632360,0.64829060,4923,211,-4712
Städtetag_Nordrhein-Westfalen_Q52144567,0.16631493,0.18612705,4924,4885,-39
_Q627637,0.16631493,0.18612705,4925,4886,-39
European_Free_Trade_Association,0.16579071,0.23177442,4926,4683,-243
B%C3%BChringstr%20Wei%C3%9Fensee%20110523%20AMA%20fec%20%2870%29.JPG,0.16555386,0.16686882,4927,5031,104
"geo:51.49833333333375,-0.17694444444444585",0.16548623,0.16988925,4928,5009,81
Mandy_(name),0.16541850,0.18187500,4929,4908,-21
Latin,0.16531386,0.23139038,4930,4686,-244
Lugano,0.16526638,0.18012336,4931,4916,-15
Pembroke%20College%20%28Cambridge%29%20shield.svg,0.16513480,0.17245417,4932,4966,34
art_historian_Q1792450,0.16491333,0.19926147,4933,4807,-126
"geo:50.68722222222263,10.914166666666754",0.16491194,0.16537083,4934,5060,126
American_Philosophical_Society,0.16483217,0.17753367,4935,4923,-12
Main%20entrance%2C%20Imperial%20College%2C%20London%20%28geograph%205751173%29.jpg,0.16468120,0.16988925,4936,5010,74
Caribbean_Development_Bank,0.16462359,0.20559244,4937,4792,-145
"geo:52.228611111111526,0.08388888888888955",0.16456529,0.16644129,4938,5036,98
"geo:50.86583333333374,-2.185277777777795",0.16453430,0.16491390,4939,5085,146
"geo:52.36833333333375,4.890277777777817",0.16449114,0.16480044,4940,5087,147
Deutsche_Forschungsgemeinschaft,0.16427195,0.18757396,4941,4875,-66
Working_Group_of_the_German_Federal_Departmental_Research__Establishments_Q627618,0.16427195,0.18757396,4942,4880,-62
Bahnhof%20Ilmenau2.JPG,0.16413676,0.16537083,4943,5061,118
Ilmenau%20Lindenberg.JPG,0.16413676,0.16537083,4944,5062,118
Ilmenau%2C%20Lindenstra%C3%9Fe%2C%20Westen.jpg,0.16413676,0.16537083,4945,5063,118
Marie_de_St_Pol,0.16411731,0.17245417,4946,4963,17
Raymond_Geuss,0.16396625,0.16895800,4947,5023,76
Sinn_Q17370938,0.16386464,0.17319286,4948,4950,2
Girton%20College%2C%20Cambridge%2C%20England%2C%201890s.jpg,0.16380814,0.16644129,4949,5037,88
Bryanston%20School%20-%20geograph.org.uk%20-%201741983.jpg,0.16377876,0.16491390,4950,5086,136
University%20of%20Amsterdam%20235%202094.jpg,0.16373785,0.16480044,4951,5088,137
Feinmann_Q56690155,0.16359891,0.17263588,4952,4955,3
Brogan,0.16343287,0.17269925,4953,4953,0
Göttingen,0.16341798,0.17170921,4954,4975,21
Kingscollegearms-alternative.svg,0.16325681,0.17008573,4955,5007,52
"geo:50.119444444444845,8.651388888888958",0.16311067,0.16346311,4956,5094,138
UCLH%2FUCL_Biomedical_Research_Centre,0.16300629,0.17730134,4957,4925,-32
"UCL_Institute_of_Ophthalmology,_University_College_London_Q45132131",0.16300629,0.17730134,4958,4926,-32
University_College_London_Qatar_Q30296031,0.16300629,0.17730134,4959,4930,-29
Tina_(given_name),0.16286430,0.17703501,4960,4933,-27
Economist,0.16285775,0.19513442,4961,4856,-105
UCL%20Crest.svg,0.16269909,0.17730134,4962,4928,-34
International_Civil_Aviation_Organization,0.16257997,0.19886374,4963,4808,-155
International_Fund_for_Agricultural_Development,0.16257997,0.19886374,4964,4809,-155
International_Labour_Organization,0.16257997,0.19886374,4965,4810,-155
International_Maritime_Organization,0.16257997,0.19886374,4966,4811,-155
United_Nations_Industrial_Development_Organization,0.16257997,0.19886374,4967,4812,-155
Western_European_Union,0.16257997,0.19886374,4968,4813,-155
World_Meteorological_Organization,0.16257997,0.19886374,4969,4814,-155
World_Tourism_Organization,0.16257997,0.19886374,4970,4815,-155
Amburger_Q20800760,0.16246843,0.17100364,4971,4977,6
Campus-bockenheim-2010-ffm-027.jpg,0.16242913,0.16346311,4972,5095,123
5f291ccbe11c6a12a14a185f516669e2,0.16238090,0.17694500,4973,4934,-39
Union_of_German_Academies_of_Sciences_and_Humanities,0.16237554,0.17225708,4974,4974,0
Evelyn_Hartnick-Geismeier_Q1381751,0.16237301,0.16499450,4975,5075,100
Henry_VI_of_England,0.16236558,0.17008573,4976,5003,27
Spanish_language,0.16232292,0.21798052,4977,4746,-231
Brigitte%20Maier%201976.jpg,0.16208721,0.16275000,4978,5104,126
Göran,0.16196053,0.17671656,4979,4943,-36
"Henry_Brougham,_1st_Baron_Brougham_and_Vaux",0.16184535,0.17730134,4980,4924,-56
Ancient_Greek,0.16158316,0.21154075,4981,4782,-199
Italian_Medal_of_Merit_for_Culture_and_Art,0.16154784,0.18757396,4982,4876,-106
Benelux,0.16153118,0.17681438,4983,4939,-44
Ulrich_Sinn,0.16133087,0.16494558,4984,5083,99
Ireland,0.16119694,0.17417612,4985,4945,-40
Thomas_Merton_Award,0.16114159,0.23578053,4986,4679,-307
"geo:-28,137",0.16105604,0.16525628,4987,5069,82
Comprehensive_Nuclear-Test-Ban_Treaty_Organization,0.16104064,0.19596968,4988,4833,-155
European_Atomic_Energy_Community,0.16104064,0.19596968,4989,4834,-155
International_Commission_for_the_Protection_of_the_Danube_River,0.16104064,0.19596968,4990,4835,-155
National_Heart_and_Lung_Institute_Q45137367,0.16097801,0.16988925,4991,5014,23
"Split,_Croatia",0.16092692,0.16895800,4992,5021,29
"geo:50.1,9.200000000000001",0.16092212,0.17023853,4993,5000,7
Charlotte_(given_name),0.16082610,0.17263588,4994,4956,-38
Imperial%20logo.svg,0.16071872,0.16988925,4995,5011,16
Royal_Society_of_Literature,0.16071632,0.16924522,4996,5020,24
European_Bank_for_Reconstruction_and_Development,0.16066147,0.17350970,4997,4949,-48
Erik_Q750186,0.16045281,0.17242607,4998,4969,-29
Aruba,0.16041332,0.16773499,4999,5025,26
Curaçao,0.16041332,0.16773499,5000,5026,26
Sint_Maarten,0.16041332,0.16773499,5001,5027,26
iRODS_Consortium_Q60535625,0.16040761,0.17730134,5002,4929,-73
"geo:51.533979833333746,9.937920000000078",0.16033942,0.16085461,5003,5132,129
Arms%20of%20Girton%20College%2C%20Cambridge.svg,0.16008129,0.16644129,5004,5038,34
Uva%C2%AEmerken%20ENG.png,0.16002997,0.16480044,5005,5089,84
Edward_VII,0.15999812,0.16988925,5006,5008,2
Organization_of_the_Black_Sea_Economic_Cooperation,0.15993929,0.16968847,5007,5015,8
historian_of_classical_antiquity_Q20873384,0.15990947,0.18268099,5008,4906,-102
G%C3%B6ttingen%20Aula%202005.jpg,0.15980195,0.16085461,5009,5133,124
Knauer,0.15978619,0.16630895,5010,5040,30
Christmas_Island,0.15974461,0.16525628,5011,5065,54
Cocos_(Keeling)_Islands,0.15974461,0.16525628,5012,5066,54
Coral_Sea_Islands,0.15974461,0.16525628,5013,5067,54
Heard_Island_and_McDonald_Islands,0.15974461,0.16525628,5014,5068,54
Fellow_of_the_British_Academy,0.15971866,0.17148330,5015,4976,-39
Socialist_Unity_Party_of_Germany,0.15968789,0.16728879,5016,5029,13
Weber,0.15968376,0.16593750,5017,5047,30
Schuchhardt_Q37571596,0.15965136,0.16601164,5018,5043,25
Belgium,0.15962657,0.17023853,5019,4978,-41
Bulgaria,0.15962657,0.17023853,5020,4979,-41
Croatia,0.15962657,0.17023853,5021,4980,-41
Cyprus,0.15962657,0.17023853,5022,4981,-41
Czech_Republic,0.15962657,0.17023853,5023,4982,-41
Denmark,0.15962657,0.17023853,5024,4983,-41
Estonia,0.15962657,0.17023853,5025,4984,-41
Finland,0.15962657,0.17023853,5026,4988,-38
Hungary,0.15962657,0.17023853,5027,4989,-38
Italy,0.15962657,0.17023853,5028,4990,-38
Latvia,0.15962657,0.17023853,5029,4991,-38
Lithuania,0.15962657,0.17023853,5030,4992,-38
Luxembourg,0.15962657,0.17023853,5031,4993,-38
Malta,0.15962657,0.17023853,5032,4994,-38
Portugal,0.15962657,0.17023853,5033,4995,-38
Republic_of_Ireland,0.15962657,0.17023853,5034,4996,-38
Romania,0.15962657,0.17023853,5035,4997,-38
Slovakia,0.15962657,0.17023853,5036,4998,-38
Slovenia,0.15962657,0.17023853,5037,4999,-38
Arth,0.15957757,0.16593750,5038,5044,6
Barbara_Bodichon,0.15940355,0.16644129,5039,5033,-6
Emily_Davies,0.15940355,0.16644129,5040,5034,-6
"Henrietta_Stanley,_Baroness_Stanley_of_Alderley",0.15940355,0.16644129,5041,5035,-6
J._G._Jeffreys,0.15938354,0.16491390,5042,5084,42
Kommunaler_Arbeitgeberverband_Berlin_Q1780343,0.15930674,0.16686882,5043,5032,-11
Jess%20Wade%20-%202017%20%28cropped%29.jpg,0.15909621,0.15978270,5044,5153,109
Logo-Goethe-University-Frankfurt-am-Main.svg,0.15907449,0.16346311,5045,5096,51
Paraguayan_national_junior_Beach_handball_team_Q62755253,0.15904057,0.16593750,5046,5050,4
Nitzsche_Q1994069,0.15903517,0.16499450,5047,5076,29
Henniger_Q56493336,0.15896334,0.16494558,5048,5081,33
Oak_Ridge_Associated_Universities,0.15878458,0.16988925,5049,5012,-37
World_Wide_Web_Consortium,0.15878458,0.16988925,5050,5013,-37
Dutch_language,0.15870658,0.21166165,5051,4781,-270
Fellow_of_the_Royal_Society_of_Literature_Q39477935,0.15867088,0.16924522,5052,5019,-33
Elisabet_Q16423275,0.15859228,0.16932949,5053,5016,-37
Gunhild,0.15859228,0.16932949,5054,5017,-37
British_Academy,0.15856724,0.16541187,5055,5058,3
Physicist,0.15855444,0.17892690,5056,4918,-138
Liselotte_Welskopf-Henrich,0.15841683,0.16106580,5057,5126,69
Carl%20Schuchhardt%201900.jpg,0.15837335,0.15890283,5058,5172,114
Stichting_Academisch_Erfgoed,0.15822012,0.16480044,5059,5090,31
Vereniging_van_Universiteiten,0.15822012,0.16480044,5060,5091,31
Evelyn%20Hartnick%20%281992%29.jpg,0.15817765,0.15876533,5061,5182,121
University_of_Göttingen,0.15813237,0.16601164,5062,5042,-20
Thomas%20dempster%2C%20de%20etruria%20regali%2C%20con%20ill.%20di%20thomas%20coke%2C%20firenze%201720-26%20%28scritto%20nel%201616-19%29%20%28bibl.%20sopr.%20archeol.%20della%20toscana%29.jpg,0.15805814,0.15850000,5063,5202,139
Charlotte_Feinmann_Q56611735,0.15798376,0.15978270,5064,5144,80
Saint_Petersburg,0.15794824,0.16339660,5065,5097,32
Basshunter%2C%2020%20april%202008%20in%20Halmstad.jpg,0.15794731,0.15902947,5066,5163,97
Ilmenau,0.15789109,0.16275000,5067,5108,41
Bank_for_International_Settlements,0.15781087,0.16815034,5068,5024,-44
Maier,0.15774701,0.16275000,5069,5101,32
European_Agency_for_Safety_and_Health_at_Work,0.15774257,0.17023853,5070,4985,-85
European_External_Action_Service,0.15774257,0.17023853,5071,4986,-85
European_Institute_of_Innovation_and_Technology,0.15774257,0.17023853,5072,4987,-85
"King's_College,_Cambridge",0.15773247,0.16541187,5073,5059,-14
Sofía_Q12375180,0.15770925,0.16593750,5074,5055,-19
Walter-Herwig_Schuchhardt,0.15762581,0.15890283,5075,5167,92
Teacher,0.15762556,0.17604002,5076,4944,-132
Jan-Pieter_Nitzsche_Q81621153,0.15744759,0.15876533,5077,5177,100
Ruth%20in%20Etz%20Hayyim%20B.jpg,0.15738694,0.15789559,5078,5235,157
Novelist,0.15720427,0.17356168,5079,4948,-131
Jan_Q12173670,0.15719291,0.16499450,5080,5077,-3
Pieter,0.15719291,0.16499450,5081,5078,-3
Poet,0.15716722,0.17310612,5082,4951,-131
Georg-August-Universit%C3%A4t%20G%C3%B6ttingen%20Logo.svg,0.15715638,0.16085461,5083,5134,51
Glasgow,0.15713810,0.16223286,5084,5115,31
Friederike,0.15713573,0.16494558,5085,5082,-3
Jean-Paul_Q16798217,0.15707265,0.16506168,5086,5072,-14
Louise_(given_name),0.15707265,0.16506168,5087,5073,-14
film_actor_Q10800557,0.15702862,0.17255769,5088,4958,-130
Psychiatrist,0.15697357,0.17263588,5089,4957,-132
Aue-Bad_Schlema,0.15696975,0.16593750,5090,5046,-44
Travel_Scholarship_of_the_German_Archaeological_Institute_Q1632037,0.15693895,0.16535609,5091,5064,-27
Netherlands-Indonesian_Union,0.15670193,0.16773499,5092,5028,-64
George_II_of_Great_Britain,0.15667527,0.16085461,5093,5131,38
Holyhead,0.15661527,0.16134962,5094,5117,23
Borstel_Q13188165,0.15658517,0.16106580,5095,5127,32
Tina_Mahkia_Khayatzadeh_Q64364570,0.15643905,0.15902947,5096,5165,69
Georg_Nicolaus_Knauer,0.15636583,0.15838947,5097,5207,110
C.m.%20Stibbe%20%281970%29.jpg,0.15636169,0.15671053,5098,5260,162
Association_of_Southeast_Asian_Nations,0.15627155,0.16525628,5099,5070,-29
Colombo_Plan,0.15627155,0.16525628,5100,5071,-29
Friederike_Sinn_Q20871698,0.15619590,0.15824728,5101,5209,108
European_Economic_Area,0.15619559,0.17023853,5102,5001,-101
Quartet_on_the_Middle_East,0.15619559,0.17023853,5103,5002,-101
Brigitte,0.15616740,0.16275000,5104,5102,-2
Harvard_University,0.15608135,0.16223286,5105,5113,8
Georg_Sfinis_Q20800730,0.15606939,0.15760704,5106,5242,136
Elfriede_Knauer,0.15600522,0.15791947,5107,5216,109
Cousteau_Q47531611,0.15595924,0.15980769,5108,5141,33
"Savannah,_Georgia",0.15589389,0.15980769,5109,5140,31
Carl_Schuchhardt,0.15586753,0.15710881,5110,5249,139
Coimbra_Group,0.15586505,0.16085461,5111,5135,24
Ruth_Padel,0.15583992,0.15791187,5112,5227,115
Wade_(surname),0.15583000,0.15978270,5113,5151,38
Denis_(given_name),0.15574566,0.16223286,5114,5116,2
Repton_School,0.15568280,0.16134962,5115,5118,3
"St_John's_College,_Cambridge",0.15568280,0.16134962,5116,5119,3
Erik_Amburger_Q110972,0.15560272,0.15760704,5117,5243,126
Head_teacher,0.15553467,0.16932949,5118,5018,-100
Benjamin_Franklin_Medal_(Royal_Society_of_Arts),0.15545181,0.16223286,5119,5114,-5
Women's_Engineering_Society,0.15544277,0.15978270,5120,5154,34
Hugh_(given_name),0.15536910,0.16134962,5121,5120,-1
Hugo_(name),0.15536910,0.16134962,5122,5121,-1
Olwen_Q2021381,0.15532482,0.16134962,5123,5124,1
Rudolf_Q18028491,0.15530058,0.16106580,5124,5128,4
Hartnick_Q1587625,0.15524127,0.15876533,5125,5178,53
Finsterwalde,0.15518380,0.15876533,5126,5176,50
İlhan_Q81767449,0.15516467,0.15850000,5127,5190,63
Dempster_Q28037769,0.15516467,0.15850000,5128,5198,70
Aberdeenshire,0.15510804,0.15850000,5129,5184,55
classical_philologist_Q16267607,0.15508452,0.16641947,5130,5039,-91
Officer_of_the_Order_of_the_British_Empire_Q10762848,0.15505249,0.16134962,5131,5123,-8
Overhoff_Q37472057,0.15503572,0.15838947,5132,5204,72
Prussian_Academy_of_Sciences,0.15501024,0.15890283,5133,5173,40
Combat_engineer,0.15496587,0.16593750,5134,5048,-86
handball_player_Q13365117,0.15496587,0.16593750,5135,5056,-79
classical_scholar_Q2468727,0.15495134,0.16630134,5136,5041,-95
Deutsche_Gesellschaft_für_Medaillenkunst_Q1202909,0.15489315,0.15876533,5137,5183,46
Bad_Bevensen,0.15484755,0.15824728,5138,5208,70
Yugoslavia,0.15474565,0.16895800,5139,5022,-117
Deborah_(given_name),0.15474416,0.15980769,5140,5142,2
Desiree_(given_name),0.15474416,0.15980769,5141,5143,2
Padel_Q37310840,0.15473448,0.15789559,5142,5232,90
Rudolf_Welskopf_Q2174085,0.15470127,0.15622300,5143,5270,127
Wimpole_Street,0.15468257,0.15789559,5144,5231,87
Jess,0.15464127,0.15978270,5145,5152,7
artist_blacksmith_Q1792618,0.15463327,0.16499450,5146,5079,-67
restorer_Q2145981,0.15463327,0.16499450,5147,5080,-67
Burnyeat,0.15461970,0.15791187,5148,5223,75
Bad_Arolsen,0.15461105,0.15890283,5149,5166,17
Mommsen_Society_Q1583587,0.15457576,0.15824728,5150,5213,63
Cook_(surname),0.15455706,0.15750000,5151,5246,95
Translator,0.15455581,0.16506168,5152,5074,-78
Curator,0.15453372,0.16476868,5153,5092,-61
Erotic_Film_Awards_Q15144094,0.15450153,0.15980769,5154,5137,-17
List_of_members_of_the_AVN_Hall_of_Fame,0.15450153,0.15980769,5155,5138,-17
List_of_members_of_the_XRCO_Hall_of_Fame,0.15450153,0.15980769,5156,5139,-17
Istanbul,0.15443747,0.15850000,5157,5189,32
Bologna,0.15443747,0.15850000,5158,5194,36
Sfinis_Q20800742,0.15443206,0.15760704,5159,5236,77
Hochschule_für_Grafik_und_Buchkunst_Leipzig,0.15441637,0.15876533,5160,5174,14
Weißensee_Academy_of_Art_Berlin,0.15441637,0.15876533,5161,5175,14
Daphne_Jackson_Medal_and_Prize_Q56252307,0.15440390,0.15978270,5162,5145,-17
Jocelyn_Bell_Burnell_Medal_and_Prize,0.15440390,0.15978270,5163,5146,-17
Julia_Higgins_Medal_Q65008324,0.15440390,0.15978270,5164,5147,-17
Nature's_10,0.15440390,0.15978270,5165,5148,-17
Robin_Perrin_Award_Q56692352,0.15440390,0.15978270,5166,5149,-17
Wikimedian_of_the_year_-_honorable_mention_Q56682963,0.15440390,0.15978270,5167,5150,-17
Istanbul_University_Faculty_of_Law_Q6099542,0.15435183,0.15850000,5168,5185,17
"Pembroke_College,_Cambridge",0.15435183,0.15850000,5169,5195,26
University_of_Douai,0.15435183,0.15850000,5170,5196,26
University_of_Paris_Q2845896,0.15435183,0.15850000,5171,5197,26
Mallorca,0.15434519,0.15902947,5172,5160,-12
Malmö,0.15434519,0.15902947,5173,5161,-12
Söndrum_Q18227824,0.15434519,0.15902947,5174,5162,-12
West_Berlin,0.15429578,0.15838947,5175,5206,31
Kattegattgymnasiet_Q10544437,0.15429197,0.15902947,5176,5155,-21
Sturegymnasiet_Q10682451,0.15429197,0.15902947,5177,5156,-21
Carl_Q2529610,0.15427243,0.15890283,5178,5168,-10
Goethe_University_Frankfurt,0.15424317,0.15838947,5179,5203,24
Evelyn_(name),0.15417258,0.15876533,5180,5179,-1
Archaeological_Society_of_Berlin_Q636676,0.15413768,0.15760704,5181,5241,60
Karlsruhe_Institute_of_Technology,0.15412991,0.15824728,5182,5210,28
Johanneum_Lüneburg_Q1698887,0.15412991,0.15824728,5183,5211,28
philologist_Q13418253,0.15412108,0.16339660,5184,5098,-86
Attila_(name),0.15411160,0.15850000,5185,5191,6
Thomas_(name),0.15411160,0.15850000,5186,5199,13
German_Reich,0.15409183,0.16587414,5187,5057,-130
Stibbe_(surname),0.15407737,0.15671053,5188,5258,70
Jonas_Q16646115,0.15405505,0.15902947,5189,5157,-32
Elfriede,0.15400895,0.15838947,5190,5205,15
University_of_Hamburg,0.15400281,0.15791947,5191,5217,26
Heidelberg_Academy_of_Sciences_and_Humanities,0.15400007,0.15710881,5192,5250,58
"Lady_Margaret_Hall,_Oxford",0.15398934,0.15789559,5193,5228,35
nude_model_Q161850,0.15397270,0.16275000,5194,5103,-91
Stirling,0.15391541,0.15750000,5195,5245,50
Ulrich,0.15390193,0.15824728,5196,5212,16
State_Artist_(Turkey),0.15390132,0.15850000,5197,5186,-11
Yunus_Nadi_Prize_Q2601911,0.15390132,0.15850000,5198,5187,-11
_Q6089371,0.15390132,0.15850000,5199,5188,-11
Bryanston_School,0.15389262,0.15791187,5200,5221,21
Marlborough_College,0.15383985,0.15750000,5201,5244,43
Gisela_(name),0.15379236,0.15805815,5202,5215,13
Nicolaus,0.15378185,0.15791947,5203,5220,17
Ruth_(given_name),0.15376913,0.15789559,5204,5233,29
Trendall_Q59348843,0.15368905,0.15607143,5205,5277,72
Fredric_Q33120605,0.15367775,0.15791187,5206,5224,18
Myles_Q20635317,0.15367775,0.15791187,5207,5225,18
Auckland,0.15364860,0.15607143,5208,5276,68
John_(given_name),0.15362788,0.15750000,5209,5247,38
Manuel_(name),0.15362788,0.15750000,5210,5248,38
Schiller_School_Q15127420,0.15361032,0.15710881,5211,5251,40
"geo:54.6,-2",0.15360268,0.15672870,5212,5254,42
Gold_Medal_Award_for_Distinguished_Archaeological_Achievement,0.15359841,0.15805815,5213,5214,1
Guggenheim_Fellowship,0.15358843,0.15791947,5214,5218,4
Rome_Prize,0.15358843,0.15791947,5215,5219,4
Cholmondeley_Award,0.15357636,0.15789559,5216,5229,13
Fellow_of_the_Zoological_Society_Q25513903,0.15357636,0.15789559,5217,5230,13
Alexandra,0.15352837,0.15760704,5218,5237,19
Eleni_(given_name),0.15352837,0.15760704,5219,5238,19
Elsa_(given_name),0.15352837,0.15760704,5220,5239,19
Amsterdam,0.15350326,0.15671053,5221,5256,35
Commander_of_the_Order_of_the_British_Empire_Q12201477,0.15348966,0.15791187,5222,5222,0
German_Academy_of_Sciences_at_Berlin,0.15347195,0.15622300,5223,5262,39
biographer_Q864380,0.15345848,0.16134962,5224,5122,-102
Australian_Academy_of_the_Humanities,0.15344402,0.15607143,5225,5280,55
University_of_Amsterdam,0.15343565,0.15671053,5226,5257,31
archaeologist_of_the_Roman_provinces_Q25915497,0.15342995,0.16134962,5227,5125,-102
London%20from%20a%20hot%20air%20balloon.jpg,0.15341541,0.15672870,5228,5255,27
carpenter_Q154549,0.15341434,0.16106580,5229,5129,-100
trade_unionist_Q15627169,0.15341434,0.16106580,5230,5130,-100
Walter_(name),0.15341102,0.15710881,5231,5252,21
Conrad_Q17436400,0.15324600,0.15671053,5232,5259,27
Wales,0.15317535,0.15672870,5233,5253,20
Actor,0.15305592,0.15980769,5234,5136,-98
Liselotte,0.15296067,0.15622300,5235,5267,32
Arthur,0.15293686,0.15607143,5236,5278,42
Dale_(given_name),0.15293686,0.15607143,5237,5279,42
Banner_of_Labor,0.15280925,0.15622300,5238,5261,23
Hervorragender_Wissenschaftler_des_Volkes_Q1614821,0.15280925,0.15622300,5239,5263,24
Friedrich-Gerstacquin_price_Q1457767,0.15280925,0.15622300,5240,5264,24
National_Prize_of_the_German_Democratic_Republic,0.15280925,0.15622300,5241,5265,24
Patriotic_Order_of_Merit_in_silver_Q18572598,0.15280925,0.15622300,5242,5266,24
Companion_of_the_Order_of_Australia_Q9680541,0.15278666,0.15607143,5243,5271,28
Companion_of_the_Order_of_St_Michael_and_St_George_Q12177413,0.15278666,0.15607143,5244,5272,28
Kenyon_Medal,0.15278666,0.15607143,5245,5273,28
Officer_of_the_Order_of_Merit_of_the_Italian_Republic_Q14539726,0.15278666,0.15607143,5246,5274,28
honorary_doctor_of_the_University_of_Sydney_Q85196951,0.15278666,0.15607143,5247,5275,28
Italian_language,0.15278263,0.16476868,5248,5093,-155
Association_football,0.15277555,0.16593750,5249,5045,-204
Kickboxing,0.15277555,0.16593750,5250,5049,-201
Ski_jumping,0.15277555,0.16593750,5251,5051,-200
Table_tennis,0.15277555,0.16593750,5252,5052,-200
Taekwondo,0.15277555,0.16593750,5253,5053,-200
Volleyball,0.15277555,0.16593750,5254,5054,-200
Anthropologist,0.15275206,0.15890283,5255,5169,-86
Archaeologist,0.15275206,0.15890283,5256,5170,-86
prehistorian_Q17488316,0.15275206,0.15890283,5257,5171,-86
Medalist,0.15268775,0.15876533,5258,5180,-78
sculptor_Q1281618,0.15268775,0.15876533,5259,5181,-78
Screenwriter,0.15264847,0.15850000,5260,5192,-68
etruscologist_Q20743624,0.15264847,0.15850000,5261,5200,-61
legal_historian_Q2135538,0.15264847,0.15850000,5262,5201,-61
Disc_jockey,0.15261204,0.15902947,5263,5158,-105
Songwriter,0.15261204,0.15902947,5264,5159,-105
literary_critic_Q4263842,0.15242786,0.15789559,5265,5234,-31
philosophy_historian_Q24265174,0.15236900,0.15791187,5266,5226,-40
Alpine_skiing,0.15222044,0.16275000,5267,5099,-168
Bobsleigh,0.15222044,0.16275000,5268,5100,-168
Cross_country_running,0.15222044,0.16275000,5269,5105,-164
Cycle_sport,0.15222044,0.16275000,5270,5106,-164
Ice_stock_sport,0.15222044,0.16275000,5271,5107,-164
Luge,0.15222044,0.16275000,5272,5109,-163
Mountain_running,0.15222044,0.16275000,5273,5110,-163
Nordic_skiing,0.15222044,0.16275000,5274,5111,-163
Triathlon,0.15222044,0.16275000,5275,5112,-163
children's_writer_Q4853732,0.15190710,0.15622300,5276,5268,-8
resistance_fighter_Q1397808,0.15190710,0.15622300,5277,5269,-8
"geo:39,36",0.15177149,0.15212728,5278,5359,81
Anatolia%20composite%20NASA.png,0.15167940,0.15212728,5279,5360,81
Turkish_language,0.15162553,0.15850000,5280,5193,-87
Swedish_language,0.15160317,0.15902947,5281,5164,-117
Antalya_Province,0.15156136,0.15212728,5282,5281,-1
Adana_Province,0.15156136,0.15212728,5283,5282,-1
Adıyaman_Province,0.15156136,0.15212728,5284,5283,-1
Afyonkarahisar_Province,0.15156136,0.15212728,5285,5284,-1
Aksaray_Province,0.15156136,0.15212728,5286,5285,-1
Amasya_Province,0.15156136,0.15212728,5287,5286,-1
Ankara_Province,0.15156136,0.15212728,5288,5287,-1
Ardahan_Province,0.15156136,0.15212728,5289,5288,-1
Artvin_Province,0.15156136,0.15212728,5290,5289,-1
Aydın_Province,0.15156136,0.15212728,5291,5290,-1
Ağrı_Province,0.15156136,0.15212728,5292,5291,-1
Balıkesir_Province,0.15156136,0.15212728,5293,5292,-1
Bartın_Province,0.15156136,0.15212728,5294,5293,-1
Batman_Province,0.15156136,0.15212728,5295,5294,-1
Bayburt_Province,0.15156136,0.15212728,5296,5295,-1
Bilecik_Province,0.15156136,0.15212728,5297,5296,-1
Bingöl_Province,0.15156136,0.15212728,5298,5297,-1
Bitlis_Province,0.15156136,0.15212728,5299,5298,-1
Bolu_Province,0.15156136,0.15212728,5300,5299,-1
Burdur_Province,0.15156136,0.15212728,5301,5300,-1
Denizli_Province,0.15156136,0.15212728,5302,5301,-1
Diyarbakır_Province,0.15156136,0.15212728,5303,5302,-1
Düzce_Province,0.15156136,0.15212728,5304,5303,-1
Edirne_Province,0.15156136,0.15212728,5305,5304,-1
Elazığ_Province,0.15156136,0.15212728,5306,5305,-1
Erzincan_Province,0.15156136,0.15212728,5307,5306,-1
Erzurum_Province,0.15156136,0.15212728,5308,5307,-1
Eskişehir_Province,0.15156136,0.15212728,5309,5308,-1
Gaziantep_Province,0.15156136,0.15212728,5310,5309,-1
Giresun_Province,0.15156136,0.15212728,5311,5310,-1
Gümüşhane_Province,0.15156136,0.15212728,5312,5311,-1
Hakkâri_Province,0.15156136,0.15212728,5313,5312,-1
Hatay_Province,0.15156136,0.15212728,5314,5313,-1
Isparta_Province,0.15156136,0.15212728,5315,5314,-1
Iğdır_Province,0.15156136,0.15212728,5316,5315,-1
Kahramanmaraş_Province,0.15156136,0.15212728,5317,5316,-1
Karabük_Province,0.15156136,0.15212728,5318,5317,-1
Karaman_Province,0.15156136,0.15212728,5319,5318,-1
Kars_Province,0.15156136,0.15212728,5320,5319,-1
Kastamonu_Province,0.15156136,0.15212728,5321,5320,-1
Kayseri_Province,0.15156136,0.15212728,5322,5321,-1
Kilis_Province,0.15156136,0.15212728,5323,5322,-1
Kocaeli_Province,0.15156136,0.15212728,5324,5323,-1
Konya_Province,0.15156136,0.15212728,5325,5324,-1
Kütahya_Province,0.15156136,0.15212728,5326,5325,-1
Kırklareli_Province,0.15156136,0.15212728,5327,5326,-1
Kırıkkale_Province,0.15156136,0.15212728,5328,5327,-1
Kırşehir_Province,0.15156136,0.15212728,5329,5328,-1
Malatya_Province,0.15156136,0.15212728,5330,5329,-1
Manisa_Province,0.15156136,0.15212728,5331,5330,-1
Mardin_Province,0.15156136,0.15212728,5332,5331,-1
Mersin_Province,0.15156136,0.15212728,5333,5332,-1
Muğla_Province,0.15156136,0.15212728,5334,5333,-1
Muş_Province,0.15156136,0.15212728,5335,5334,-1
Nevşehir_Province,0.15156136,0.15212728,5336,5335,-1
Niğde_Province,0.15156136,0.15212728,5337,5336,-1
Ordu_Province,0.15156136,0.15212728,5338,5337,-1
Osmaniye_Province,0.15156136,0.15212728,5339,5338,-1
Rize_Province,0.15156136,0.15212728,5340,5339,-1
Sakarya_Province,0.15156136,0.15212728,5341,5340,-1
Samsun_Province,0.15156136,0.15212728,5342,5341,-1
Siirt_Province,0.15156136,0.15212728,5343,5342,-1
Sinop_Province,0.15156136,0.15212728,5344,5343,-1
Sivas_Province,0.15156136,0.15212728,5345,5344,-1
Tekirdağ_Province,0.15156136,0.15212728,5346,5345,-1
Tokat_Province,0.15156136,0.15212728,5347,5346,-1
Trabzon_Province,0.15156136,0.15212728,5348,5347,-1
Tunceli_Province,0.15156136,0.15212728,5349,5348,-1
Uşak_Province,0.15156136,0.15212728,5350,5349,-1
Van_Province,0.15156136,0.15212728,5351,5350,-1
Yalova_Province,0.15156136,0.15212728,5352,5351,-1
Yozgat_Province,0.15156136,0.15212728,5353,5352,-1
Zonguldak_Province,0.15156136,0.15212728,5354,5353,-1
Çanakkale_Province,0.15156136,0.15212728,5355,5354,-1
Çankırı_Province,0.15156136,0.15212728,5356,5355,-1
Çorum_Province,0.15156136,0.15212728,5357,5356,-1
Şanlıurfa_Province,0.15156136,0.15212728,5358,5357,-1
Şırnak_Province,0.15156136,0.15212728,5359,5358,-1
Greek_language,0.15139495,0.15760704,5360,5240,-120
Arthur_Dale_Trendall,0.15000000,0.15000000,5361,5361,0
Attilâ_İlhan,0.15000000,0.15000000,5362,5362,0
Brigitte_Maier_Q536702,0.15000000,0.15000000,5363,5363,0
Conrad_M._Stibbe_Q1126891,0.15000000,0.15000000,5364,5364,0
Desireé_Cousteau,0.15000000,0.15000000,5365,5365,0
John_Manuel_Cook,0.15000000,0.15000000,5366,5366,0
Karl_Jakob_Weber,0.15000000,0.15000000,5367,5367,0
Mandy_Mystery_Q1889104,0.15000000,0.15000000,5368,5368,0
SG_Nickelhütte_Aue_Q60540266,0.15000000,0.15000000,5369,5369,0
Sofía_Ugarriza_Q62752201,0.15000000,0.15000000,5370,5370,0
Thomas_Dempster,0.15000000,0.15000000,5371,5371,0
WSV_Ilmenau_Q55170822,0.15000000,0.15000000,5372,5372,0
