class,predicate,distinct_objects,total_objects,uniqueness
Person,name,1979135,2371890,0.834413
Person,name,1856458,2046916,0.906954
Person,label,1270021,1270021,1.000000
Person,careerStation,890186,890186,1.000000
Species,label,293440,293440,1.000000
Species,synonym,227730,230944,0.986083
Species,binomial,214347,214595,0.998844
Person,description,192717,1188822,0.162108
Person,shortDescription,188166,1192306,0.157817
Species,species,179307,223103,0.803696
Person,placeOfBirth,171186,914965,0.187096
Person,caption,164828,176057,0.936220
Species,name,163538,165656,0.987214
Species,name,162900,165049,0.986980
Person,occupation,154934,312927,0.495112
Person,fullname,142936,145214,0.984313
Person,currentMember,141987,305576,0.464654
Person,birthPlace,140369,974909,0.143982
Person,termPeriod,128892,128892,1.000000
Person,alias,126837,130894,0.969005
Person,after,124296,178305,0.697098
Person,before,123068,178016,0.691331
Person,spouse,117177,142233,0.823838
Species,synonyms,109804,111127,0.988095
Person,dateOfBirth,104227,1029652,0.101225
Person,birthName,103153,103781,0.993949
Person,title,102539,321556,0.318884
Person,alternativeNames,101114,104138,0.970962
Person,birthDate,97780,875731,0.111655
Person,dateOfDeath,94802,478106,0.198287
Person,birthPlace,94168,1158164,0.081308
Person,deathDate,91847,367807,0.249715
Person,birthDate,88809,677462,0.131091
Person,predecessor,86881,115533,0.752002
Person,successor,79454,103979,0.764135
Person,occupation,77336,279090,0.277101
Species,genus,73853,277109,0.266512
Person,deathDate,73758,238965,0.308656
Person,placeOfDeath,67960,266353,0.255150
Person,birthName,67668,68021,0.994810
Person,successor,65319,84044,0.777200
Person,id,59413,65076,0.912979
Person,deathPlace,57707,251148,0.229773
Person,homepage,56313,57165,0.985096
Person,clubs,53496,630073,0.084904
Person,children,51375,80118,0.641242
Person,predecessor,50511,62462,0.808668
Species,binomialAuthority,47085,140425,0.335304
Person,website,44983,45922,0.979552
Person,knownFor,44936,52848,0.850288
Species,imageCaption,44625,52270,0.853740
Person,office,44401,86565,0.512921
Species,subdivision,43226,53581,0.806741
Person,deathPlace,39577,320732,0.123396
Person,associatedActs,39366,73198,0.537802
Person,office,39158,101448,0.385991
Person,team,35047,912060,0.038426
Person,associatedBand,34452,81973,0.420285
Person,associatedMusicalArtist,34444,81965,0.420228
Person,imdbId,31550,31630,0.997471
Person,spouse,31130,33824,0.920352
Species,genus,30886,212681,0.145222
Person,termStart,30470,144747,0.210505
AdministrativeRegion,name,30334,34387,0.882136
Person,givenName,30011,30335,0.989319
Person,youthclubs,29854,96068,0.310759
Person,termEnd,29502,118643,0.248662
Person,other,28441,49957,0.569310
Person,knownFor,28155,41397,0.680122
Person,awards,25873,86737,0.298293
Person,parents,25576,27680,0.923988
AdministrativeRegion,label,23913,23913,1.000000
Species,genusAuthority,23579,52841,0.446225
Person,source,22735,26216,0.867218
Person,militaryCommand,22718,35132,0.646647
Person,label,22340,50334,0.443835
Person,issue,21898,28366,0.771981
Person,almaMater,21693,122713,0.176778
Person,residence,20739,66131,0.313605
Person,orderInOffice,19558,44836,0.436212
Person,with,17907,21479,0.833698
Person,parent,17479,28443,0.614527
Person,years,16615,894214,0.018581
Person,managerclubs,16304,68208,0.239034
Person,alias,15930,16269,0.979163
AdministrativeRegion,name,15124,16092,0.939846
Person,teams,15123,27764,0.544698
Person,commands,14848,33309,0.445765
Person,education,14750,28102,0.524874
Person,title,14724,22683,0.649120
Person,relatives,14488,18440,0.785683
Person,highlights,14352,19701,0.728491
Person,nickname,13930,18876,0.737974
Person,birthname,13889,13950,0.995627
Person,activeYearsStartDate,13097,30598,0.428035
Person,br,13090,13099,0.999313
Person,residence,13035,62168,0.209674
Person,team,12627,74388,0.169745
Species,familia,12622,281339,0.044864
Person,preceded,12521,14838,0.843847
Person,activeYearsEndDate,12367,25221,0.490345
Person,child,12269,14143,0.867496
Person,currentclub,12135,73040,0.166142
Species,typeSpecies,12077,12239,0.986764
Person,otherNames,12022,12470,0.964074
Person,nick,11896,15766,0.754535
Person,brm,11800,11819,0.998392
Person,managerClub,11496,55396,0.207524
Person,succeeded,11393,14490,0.786266
Person,award,11101,79673,0.139332
Person,votes,10884,12996,0.837488
Person,notableworks,10793,11393,0.947336
Species,family,10714,376170,0.028482
Person,nfl,10539,11453,0.920196
Person,father,10412,16231,0.641489
Person,portrayer,10371,11994,0.864682
Person,genre,10303,110421,0.093307
Person,club,10252,47376,0.216396
ChemicalCompound,imagefile,10246,11221,0.913109
ChemicalCompound,label,9929,9929,1.000000
Person,battles,9648,67832,0.142234
Person,almaMater,9603,112231,0.085565
Species,binomialAuthority,9489,90790,0.104516
Person,relations,9339,10664,0.875750
Person,url,9318,9743,0.956379
Person,differentFrom,9307,9994,0.931259
Person,mother,9299,13951,0.666547
Person,notableWorks,9296,11014,0.844017
Person,alt,9214,9902,0.930519
Person,origin,9073,32986,0.275056
Person,doctoralStudents,9015,9366,0.962524
Person,p,8849,10003,0.884635
Person,relative,8774,12190,0.719770
Person,influencedBy,8717,21394,0.407451
Person,names,8716,9097,0.958118
Person,recordLabel,8476,45283,0.187178
Person,pastteams,8394,12201,0.687976
Person,influences,8204,18760,0.437313
Person,candidate,8199,8913,0.919892
Person,region,8133,26967,0.301591
Person,first,8098,15020,0.539148
ChemicalCompound,othernames,8074,9647,0.836944
Person,date,8007,32769,0.244347
AdministrativeRegion,populationTotal,7957,9822,0.810120
ChemicalCompound,iupacName,7903,7918,0.998106
Person,hometown,7625,38726,0.196896
Person,nativeName,7549,7578,0.996173
Person,party,7471,86160,0.086711
Person,last,7210,11870,0.607414
Person,influenced,7163,10258,0.698284
Person,family,7159,9261,0.773027
Person,cube,7152,7158,0.999162
Person,restingPlace,7051,21724,0.324572
Species,rangeMap,6972,7203,0.967930
ChemicalCompound,verifiedrevid,6943,7010,0.990442
Person,profession,6847,27386,0.250018
Person,quote,6834,6951,0.983168
Person,seeAlso,6821,11784,0.578836
Person,order,6744,28332,0.238035
Person,influenced,6714,10037,0.668925
Person,doctoralStudent,6691,6978,0.958871
Person,relation,6684,8265,0.808711
Person,s,6629,10339,0.641165
Person,restingPlace,6501,10876,0.597738
Person,coachTeam,6406,29058,0.220456
Person,battle,6357,72907,0.087193
Person,highschool,6342,11266,0.562933
Person,t,6299,6434,0.979018
Person,field,6268,29010,0.216063
Person,overallRecord,6248,6802,0.918553
Species,image,6224,6313,0.985902
Person,fangraphs,6140,6160,0.996753
Person,instrument,6130,49669,0.123417
Person,education,6106,22128,0.275940
Person,powers,6099,8866,0.687909
Person,notableWork,6040,6263,0.964394
Person,deliveries,6022,28820,0.208952
Person,debut,5900,8500,0.694118
Person,othername,5876,5929,0.991061
AdministrativeRegion,pop,5722,7289,0.785019
Person,alongside,5581,8560,0.651986
Person,signature,5563,5630,0.988099
Person,unit,5519,16919,0.326201
Person,pfr,5510,5526,0.997105
Person,workplaces,5423,16703,0.324672
Person,wstitle,5340,5679,0.940306
Person,employer,5286,7836,0.674579
Person,fullName,5248,5709,0.919250
Person,runs,5193,23806,0.218138
Person,placeofburial,5131,8955,0.572976
Person,personFunction,5130,5130,1.000000
Person,nflnew,5118,5139,0.995914
Person,doctoralAdvisor,5102,6973,0.731679
Person,constituency,5016,8926,0.561954
Species,rangeMapCaption,5014,5620,0.892171
AdministrativeRegion,caption,4996,6344,0.787516
Person,nationality,4936,156212,0.031598
Person,formerTeam,4883,97507,0.050078
AdministrativeRegion,homepage,4883,4927,0.991070
Species,typeSpeciesAuthority,4807,9867,0.487179
Person,militaryUnit,4656,15486,0.300659
Species,id,4619,4710,0.980679
Person,laterwork,4607,5934,0.776373
Species,race,4593,17507,0.262352
Person,number,4571,65661,0.069615
Person,highSchool,4565,6934,0.658350
Person,number,4542,27588,0.164637
Person,party,4524,77774,0.058169
Person,percentage,4447,11736,0.378920
Person,field,4430,38782,0.114228
Person,batAvg,4414,23631,0.186789
Person,soundRecording,4260,4260,1.000000
Person,portrayer,4235,5059,0.837122
Person,mlb,4162,4169,0.998321
Person,proteam,4078,8605,0.473911
AdministrativeRegion,areaTotal,4070,6157,0.661036
AdministrativeRegion,website,4060,4101,0.990002
Person,bowlAvg,4059,20784,0.195294
Person,credits,4039,5076,0.795705
Person,fields,4018,13705,0.293178
Person,coach,3993,5524,0.722846
ChemicalCompound,iupacname,3922,7765,0.505087
Person,characterName,3908,4146,0.942595
Person,doctoralAdvisor,3872,5810,0.666437
Person,image,3862,3994,0.966950
Person,espn,3829,3880,0.986856
Person,prizes,3798,8454,0.449255
Person,pcupdate,3794,47166,0.080439
Species,subfamilia,3770,49327,0.076429
Person,goals,3713,344767,0.010770
Person,formerTeams,3679,19995,0.183996
Person,works,3676,3785,0.971202
Person,employer,3664,6476,0.565781
Person,bbr,3654,3665,0.996999
Species,horsename,3631,3653,0.993978
Person,partner,3607,3699,0.975128
Person,data,3596,4983,0.721654
Person,statvalue,3591,31695,0.113299
Person,ntupdate,3589,19012,0.188776
Person,rank,3577,38510,0.092885
Person,databasefootball,3566,3578,0.996646
Person,genre,3560,107563,0.033097
AdministrativeRegion,population,3533,3952,0.893978
Person,cfbdwid,3516,3544,0.992099
Person,consecration,3483,4158,0.837662
Species,dam,3438,3686,0.932718
Person,training,3424,6807,0.503012
Person,c,3376,3432,0.983683
Person,careerprizemoney,3302,3318,0.995178
AdministrativeRegion,p,3296,3708,0.888889
Person,careerPrizeMoney,3287,3303,0.995156
Person,imageName,3265,3295,0.990895
Person,reign,3245,9866,0.328907
AdministrativeRegion,centre,3143,3151,0.997461
Person,constituencyMp,3139,6876,0.456515
Species,familiaAuthority,3126,4957,0.630623
Person,notableInstruments,3108,7117,0.436701
AdministrativeRegion,areaKm,3104,3846,0.807072
Species,taxon,3094,3103,0.997100
Person,pseudonym,3071,3103,0.989687
Person,college,3067,34515,0.088860
Person,workInstitutions,3057,7215,0.423701
Person,rr,3055,3178,0.961296
Person,pseudonym,3054,3071,0.994464
Person,mr,3038,3148,0.965057
AdministrativeRegion,countySeat,3015,3019,0.998675
Person,reason,3014,4978,0.605464
Person,originalteam,2992,9782,0.305868
AdministrativeRegion,largestCity,2992,3031,0.987133
Person,firstAppearance,2990,4870,0.613963
Person,nationalteam,2984,91361,0.032662
Person,stat2value,2983,20645,0.144490
Person,hangul,2967,3132,0.947318
AdministrativeRegion,bishop,2905,3342,0.869240
AdministrativeRegion,imageMap,2894,3569,0.810871
Person,updated,2893,19692,0.146912
AdministrativeRegion,demoCsd,2867,5069,0.565595
ChemicalCompound,name,2828,2834,0.997883
Species,earnings,2826,2935,0.962862
Species,worms,2823,2842,0.993315
Person,position,2802,216521,0.012941
Star,label,2797,2797,1.000000
Person,primeminister,2795,12732,0.219526
Person,votesmart,2793,2833,0.985881
Person,playedFor,2773,29407,0.094297
Person,ordination,2770,4005,0.691635
Person,school,2762,6439,0.428949
Person,movement,2759,8244,0.334668
Species,owner,2750,4564,0.602542
Person,titles,2746,5239,0.524146
Person,trainer,2727,5589,0.487923
AdministrativeRegion,latin,2726,2743,0.993802
AdministrativeRegion,east,2679,3017,0.887968
Person,workInstitution,2678,6702,0.399582
Person,irish,2660,2890,0.920415
Species,ordo,2652,258173,0.010272
AdministrativeRegion,west,2648,2980,0.888591
Person,significantBuildings,2646,2734,0.967813
Person,previousPost,2641,3803,0.694452
Person,realName,2635,2734,0.963789
AdministrativeRegion,north,2635,2996,0.879506
Person,pb,2633,5811,0.453106
AdministrativeRegion,area,2630,2887,0.910980
Person,sname,2622,2635,0.995066
AdministrativeRegion,cathedral,2609,2792,0.934456
Species,tribus,2597,23283,0.111541
AdministrativeRegion,south,2591,2946,0.879498
ChemicalCompound,name,2590,2861,0.905278
Person,horses,2588,3601,0.718689
Star,name,2586,2599,0.994998
AdministrativeRegion,repname,2576,2757,0.934349
Person,raceHorse,2570,3739,0.687350
Person,realname,2563,2569,0.997664
Person,race,2554,13417,0.190356
Person,homeTown,2509,4411,0.568805
Person,stat3value,2501,20449,0.122304
Person,television,2493,3791,0.657610
AdministrativeRegion,web,2479,2480,0.999597
AdministrativeRegion,area,2472,2854,0.866153
Person,hometown,2455,3757,0.653447
Person,as,2452,3579,0.685108
Species,breeder,2441,3592,0.679566
Person,deathYear,2410,485681,0.004962
Person,playerTeam,2385,6562,0.363456
Person,organization,2375,3004,0.790613
Person,currentTeam,2356,3680,0.640217
Person,subject,2341,4118,0.568480
ChemicalCompound,imagename,2328,2779,0.837711
Species,race,2327,16290,0.142848
Species,caption,2327,2534,0.918311
Person,creator,2325,11450,0.203057
Person,clubUpdate,2302,19554,0.117725
AdministrativeRegion,map,2298,2439,0.942189
Person,birthYear,2297,1047954,0.002192
Person,primeMinister,2295,12211,0.187945
AdministrativeRegion,catholics,2287,2677,0.854315
Person,significantBuilding,2282,2445,0.933333
Person,creators,2269,8081,0.280782
Person,restingplace,2251,3820,0.589267
AdministrativeRegion,largestCityWl,2244,2861,0.784341
Person,allegiance,2241,19406,0.115480
AdministrativeRegion,capital,2205,2472,0.891990
Person,stat1value,2196,20814,0.105506
AdministrativeRegion,nameLocal,2183,2433,0.897246
Species,m,2182,3468,0.629181
Person,majorwins,2179,4457,0.488894
Person,deathCause,2177,7901,0.275535
AdministrativeRegion,exImage,2169,2187,0.991770
Species,order,2166,335893,0.006448
AdministrativeRegion,seatWl,2164,2882,0.750867
Person,w,2149,2318,0.927092
Person,description,2142,2336,0.916952
Species,damsire,2128,3662,0.581103
Person,deputy,2118,2520,0.840476
Person,placeOfBurial,2118,3837,0.551994
AdministrativeRegion,exImageCap,2113,2192,0.963960
Person,otherPost,2102,2959,0.710375
Person,branch,2099,28528,0.073577
Person,thesisTitle,2099,2101,0.999048
Person,influencedBy,2086,3275,0.636947
Person,filename,2084,2208,0.943841
Person,careerhighlights,2080,2265,0.918322
Person,succession,2073,6333,0.327333
Person,governor,2067,4087,0.505750
Species,mm,2063,3427,0.601984
Person,sherdog,2035,2039,0.998038
Person,religion,2033,46943,0.043308
Person,president,2028,12033,0.168537
Person,ethnicity,2026,12090,0.167577
Person,activeYearsStartYear,2025,140746,0.014388
Person,instrument,2025,47650,0.042497
Species,sire,1999,3689,0.541881
Person,appointed,1998,2950,0.677288
Person,nationalteamUpdate,1993,6810,0.292658
Person,college,1981,13185,0.150246
Person,event,1980,11476,0.172534
Person,cteam,1955,4269,0.457953
Person,honorificSuffix,1940,15845,0.122436
Person,imdbId,1923,1938,0.992260
Person,aliases,1922,1973,0.974151
Person,activeYearsEndYear,1919,67896,0.028264
AdministrativeRegion,county,1918,4273,0.448865
Star,propMoRa,1915,1980,0.967172
Star,propMoDec,1911,1972,0.969067
AdministrativeRegion,areaLand,1908,3490,0.546705
Person,training,1904,5860,0.324915
AdministrativeRegion,established,1890,3266,0.578690
Person,formercoach,1880,3184,0.590452
Person,amateurteam,1879,2423,0.775485
AdministrativeRegion,southwest,1865,1985,0.939547
Person,associate,1859,2567,0.724192
AdministrativeRegion,northeast,1857,1962,0.946483
Person,dbf,1851,1851,1.000000
Person,serviceyears,1851,27092,0.068323
Person,lieutenant,1850,2174,0.850966
AdministrativeRegion,southeast,1846,1962,0.940877
AdministrativeRegion,northwest,1836,1954,0.939611
AdministrativeRegion,established,1829,2415,0.757350
Person,boards,1824,1985,0.918892
Person,mainInterests,1819,4808,0.378328
Person,governor,1815,3889,0.466701
Person,formerpartner,1812,1990,0.910553
Person,hanja,1809,1947,0.929122
AdministrativeRegion,nearS,1807,2263,0.798498
AdministrativeRegion,nearN,1806,2281,0.791758
Person,deputy,1800,2152,0.836431
Species,mmm,1796,2077,0.864709
AdministrativeRegion,location,1787,8632,0.207020
AdministrativeRegion,nearW,1773,2250,0.788000
ChemicalCompound,imagealt,1763,2020,0.872772
Person,change,1759,3120,0.563782
AdministrativeRegion,nearE,1743,2306,0.755854
Person,viafId,1737,1744,0.995986
Species,image2Caption,1724,2790,0.617921
Person,term,1723,14501,0.118819
Species,trainer,1716,4238,0.404908
Person,signature,1710,1724,0.991879
Person,majority,1701,1813,0.938224
Person,highschool,1697,2151,0.788935
Person,ended,1695,1948,0.870123
Person,reference,1695,1796,0.943764
Species,trinomial,1695,1712,0.990070
Person,postseason,1678,8490,0.197644
Person,allegiance,1661,19047,0.087205
Person,alliances,1660,6852,0.242265
Person,patronage,1660,1818,0.913091
Person,nationality,1650,116787,0.014128
Person,ballot,1650,1661,0.993377
AdministrativeRegion,nearSw,1643,2141,0.767398
Person,creator,1641,4958,0.330980
Star,parallax,1637,1991,0.822200
Person,born,1633,2102,0.776879
Person,yearsActive,1633,69780,0.023402
Person,d,1624,3401,0.477507
AdministrativeRegion,nearNw,1609,2156,0.746289
Person,club,1605,5445,0.294766
AdministrativeRegion,nearSe,1603,2166,0.740074
Species,mf,1601,3441,0.465272
Person,see,1600,3616,0.442478
AdministrativeRegion,namedFor,1599,2306,0.693408
AdministrativeRegion,nearNe,1599,2164,0.738909
Person,president,1598,11200,0.142679
Star,appmagV,1598,2522,0.633624
Person,lieutenant,1593,1839,0.866232
Species,mmmm,1591,1923,0.827353
Person,consecratedBy,1580,2363,0.668642
AdministrativeRegion,mapCaption,1572,2475,0.635152
Person,electionMajority,1559,1750,0.890857
AdministrativeRegion,postcode,1555,3644,0.426729
Species,fossilRange,1551,5602,0.276865
Species,subspecies,1541,1567,0.983408
AdministrativeRegion,conventionalLongName,1538,1558,0.987163
Person,race,1525,13353,0.114207
Person,notableRole,1516,1578,0.960710
Species,f,1509,3476,0.434120
Person,attendance,1506,1575,0.956190
Species,cultivar,1505,1575,0.955556
Person,ruAmateurclubs,1504,4446,0.338282
Species,superfamilia,1503,35894,0.041873
AdministrativeRegion,url,1496,1527,0.979699
Person,otherparty,1481,3495,0.423748
Person,regent,1477,1942,0.760556
Person,draftpick,1464,11402,0.128399
Person,voice,1459,2321,0.628608
AdministrativeRegion,areaTotalSqMi,1456,3001,0.485172
Person,school,1453,4658,0.311936
Species,title,1448,1533,0.944553
Person,notableStudents,1447,1533,0.943901
Person,honorificPrefix,1440,18101,0.079554
AdministrativeRegion,areaLandSqMi,1434,3001,0.477841
Person,ribbon,1429,17927,0.079712
Species,typeStrain,1429,1445,0.988927
Person,enthroned,1424,1604,0.887781
Person,movement,1418,6827,0.207705
Person,bowlname,1407,3224,0.436414
Person,cfl,1399,1478,0.946549
AdministrativeRegion,local,1395,1419,0.983087
Person,profession,1393,14980,0.092991
Person,report,1390,1595,0.871473
Person,prevSeries,1388,6153,0.225581
AdministrativeRegion,commonName,1386,1486,0.932705
Person,voice,1379,1853,0.744199
Species,fm,1378,3434,0.401281
Species,eol,1376,1378,0.998549
AdministrativeRegion,imageFlag,1376,1562,0.880922
Person,bishop,1374,1401,0.980728
Species,mmf,1370,2092,0.654876
Person,followthemoney,1367,1394,0.980631
Galaxy,name,1362,1364,0.998534
Person,board,1356,1616,0.839109
Person,significantProjects,1352,1416,0.954802
Star,class,1341,2233,0.600537
Person,footnotes,1338,1491,0.897384
Person,pinyinchinesename,1334,1340,0.995522
Person,championships,1318,5562,0.236965
AdministrativeRegion,nativeName,1317,1353,0.973392
Person,afl,1310,1314,0.996956
Person,partner,1304,1342,0.971684
Person,burialPlace,1289,2028,0.635602
Star,radialV,1277,1697,0.752504
AdministrativeRegion,territory,1277,1569,0.813894
AdministrativeRegion,emeritusBishops,1277,1332,0.958709
Person,formerPartner,1265,1592,0.794598
Person,coronation,1265,1524,0.830052
Person,aflstatvalue,1260,4138,0.304495
AdministrativeRegion,mayor,1253,1283,0.976617
Person,ruProclubs,1251,7100,0.176197
Species,mfm,1250,2078,0.601540
Person,militaryBranch,1249,26786,0.046629
Person,notableWork,1232,1393,0.884422
Person,romances,1228,1504,0.816489
Person,subject,1224,2239,0.546673
Species,foaled,1220,3689,0.330713
Species,mmmf,1220,1924,0.634096
Species,sire,1219,2832,0.430438
Person,house,1215,7636,0.159115
Person,sortkey,1210,1241,0.975020
Person,thesisUrl,1207,1253,0.963288
Person,location,1203,2251,0.534429
Person,billed,1200,2128,0.563910
Person,citizenship,1196,11209,0.106700
Person,majorShrine,1195,1323,0.903250
Person,notableIdeas,1192,1257,0.948290
Star,temperature,1189,1647,0.721919
Person,style,1188,6671,0.178084
Person,notableStudent,1183,1260,0.938889
Person,cousins,1182,2264,0.522085
AdministrativeRegion,seeAlso,1177,2146,0.548462
Person,note,1172,2301,0.509344
Person,text,1169,1208,0.967715
Person,significantProject,1163,1343,0.865972
Person,trainer,1148,3699,0.310354
AdministrativeRegion,pop2010census,1147,1165,0.984549
Person,siblings,1143,1462,0.781806
Person,fightingOutOf,1132,3004,0.376831
AdministrativeRegion,admCtrName,1131,1145,0.987773
AdministrativeRegion,s,1128,1843,0.612046
Species,mmfm,1126,1916,0.587683
Person,fec,1119,1135,0.985903
Person,significantother,1116,1300,0.858462
Species,grandsire,1112,3562,0.312184
Person,termstart,1107,1877,0.589771
Person,stat4value,1105,2537,0.435554
Person,otherParty,1104,3358,0.328767
Person,majorShrine,1102,1562,0.705506
AdministrativeRegion,ruName,1099,1169,0.940120
AdministrativeRegion,enName,1098,1169,0.939264
Species,species,1097,2550,0.430196
Species,fmm,1095,2079,0.526696
AdministrativeRegion,imageSkyline,1085,1205,0.900415
Person,highestsinglesranking,1079,3868,0.278956
Person,academicAdvisors,1077,1258,0.856121
AdministrativeRegion,province,1077,4176,0.257902
Species,mfmm,1071,1921,0.557522
Person,skatingClub,1068,1862,0.573577
Person,district,1061,26230,0.040450
Person,competitions,1059,2386,0.443839
AdministrativeRegion,capital,1055,1372,0.768950
Person,series,1050,5421,0.193691
AdministrativeRegion,populationDensity,1047,3553,0.294681
ChemicalCompound,imagefiler,1046,1164,0.898625
Person,highestdoublesranking,1043,3376,0.308945
Species,subgenus,1035,5039,0.205398
ChemicalCompound,imagefilel,1034,1172,0.882253
Species,diversityLink,1033,1741,0.593337
Species,ff,1026,3443,0.297996
AdministrativeRegion,munFormation,1019,1088,0.936581
Person,tradchinesename,1018,1018,1.000000
Person,stateOfOrigin,1014,33759,0.030036
AdministrativeRegion,dist,1014,8030,0.126276
Person,mainInterest,1006,3812,0.263903
Person,motto,1006,1146,0.877836
Person,article,1005,1050,0.957143
Person,simpchinesename,1005,1007,0.998014
Person,debutteam,1002,29229,0.034281
Person,nobleFamily,997,3906,0.255248
Star,mass,997,1949,0.511544
Species,trainer,992,3340,0.297006
Person,wife,990,1215,0.814815
Person,pastcoaching,989,1516,0.652375
Star,absmagV,982,1139,0.862160
Person,consecrationDate,980,1013,0.967423
Person,currentsinglesranking,979,1479,0.661934
Species,damsire,979,2275,0.430330
Person,ethnicity,977,7363,0.132690
Person,nationalcompetition,975,1937,0.503356
Person,sons,972,1468,0.662125
Species,fmmm,965,1923,0.501820
Species,owner,959,2517,0.381009
Person,notableIdea,957,1077,0.888579
Person,congbio,956,958,0.997912
Person,agent,954,2072,0.460425
AdministrativeRegion,votes,951,1103,0.862194
Person,academicAdvisor,948,1144,0.828671
Person,wickets,948,21040,0.045057
AdministrativeRegion,longd,943,7561,0.124719
AdministrativeRegion,lga,942,4200,0.224286
Person,playingTeam,939,15606,0.060169
Person,honors,931,1283,0.725643
Person,viaf,930,931,0.998926
Species,foalDate,930,1001,0.929071
Person,weight,929,19116,0.048598
Person,attributes,922,1322,0.697428
Star,appmag,922,984,0.936992
Species,fmf,921,2088,0.441092
AdministrativeRegion,popMunicunit,918,961,0.955255
Person,league,916,16008,0.057221
AdministrativeRegion,percentage,909,1040,0.874038
Person,weight,908,67412,0.013469
Person,fideid,906,906,1.000000
Person,imageCaption,906,936,0.967949
Person,combinedTotal,905,1037,0.872710
Person,finalteam,903,22418,0.040280
AdministrativeRegion,seat,903,1040,0.868269
Person,lastAppearance,901,1819,0.495327
Person,currentdoublesranking,901,1378,0.653846
Species,mff,900,2087,0.431241
Person,home,893,2076,0.430154
AdministrativeRegion,imageMapCaption,893,1094,0.816271
AdministrativeRegion,demoElectors,889,910,0.976923
Person,brothers,883,1235,0.714980
Person,j,883,883,1.000000
Person,debutdate,878,22379,0.039233
Person,fsScore,876,1031,0.849661
Species,mfmf,876,1923,0.455538
Person,husband,874,1132,0.772085
Person,students,874,962,0.908524
Person,coatOfArms,873,890,0.980899
Person,author,863,1431,0.603075
Species,trinomialAuthority,862,1095,0.787215
Person,spScore,859,1044,0.822797
Person,daughters,858,1215,0.706173
Person,termend,858,1426,0.601683
Person,buried,856,1389,0.616271
AdministrativeRegion,data,855,862,0.991879
AdministrativeRegion,latd,855,7561,0.113080
Person,youthyears,854,64513,0.013238
Person,nicknames,851,1071,0.794585
Person,opensecrets,851,855,0.995322
Person,points,850,12498,0.068011
Person,usopen,847,1946,0.435252
Person,placeOfBurial,846,1304,0.648773
Species,fmmf,845,1921,0.439875
AdministrativeRegion,demoPop,842,869,0.968930
Person,page,839,1143,0.734033
Species,mmff,828,1917,0.431925
Person,death,825,1486,0.555182
Person,open,823,1959,0.420112
Species,classis,822,234314,0.003508
Person,sport,818,32765,0.024966
AdministrativeRegion,title,818,949,0.861960
Person,sisters,816,1132,0.720848
AdministrativeRegion,catholicsPercent,816,2545,0.320629
Person,university,815,2405,0.338877
Person,religion,814,33564,0.024252
Person,institution,812,1991,0.407835
Person,diocese,811,2027,0.400099
Person,otherarticle,811,813,0.997540
Person,vicepresident,810,1043,0.776606
Star,luminosity,809,1118,0.723614
Person,currentRecord,808,894,0.903803
AdministrativeRegion,imageCoa,808,819,0.986569
Person,choreographer,807,1424,0.566713
Species,updated,805,1350,0.596296
Species,subordo,799,31988,0.024978
AdministrativeRegion,areaWater,799,3300,0.242121
Person,species,798,3273,0.243813
Person,govtrack,797,801,0.995006
Star,bV,795,1702,0.467098
AdministrativeRegion,longs,794,4542,0.174813
Person,record,793,958,0.827766
Person,ref,780,885,0.881356
Person,overallRecord,777,6784,0.114534
Person,currentteam,776,6756,0.114861
AdministrativeRegion,founded,775,2120,0.365566
Person,constituencyAm,774,1840,0.420652
Person,statlabel,769,34674,0.022178
Species,taxoname,763,767,0.994785
AdministrativeRegion,lats,763,4542,0.167988
AdministrativeRegion,seal,762,762,1.000000
AdministrativeRegion,popCommunity,760,978,0.777096
Species,awards,759,2625,0.289143
Person,totalcaps,757,12216,0.061968
Person,billed,753,1977,0.380880
Person,retired,752,8353,0.090028
Person,schoolTradition,752,2428,0.309720
Person,collegehof,751,755,0.994702
Species,ffm,750,2075,0.361446
Person,accessdate,747,1238,0.603393
Person,caps,746,487314,0.001531
Person,1namedata,745,1320,0.564394
Person,ontheissues,745,745,1.000000
Person,parliament,742,6136,0.120926
Star,uB,742,1336,0.555389
Person,height,740,7728,0.095756
Person,opencong,740,740,1.000000
Person,conviction,739,1597,0.462743
Person,resides,738,1329,0.555305
Species,hybrid,737,1483,0.496966
Person,time,736,1232,0.597403
Person,formerchoreographer,734,1335,0.549813
Species,speciesAuthority,726,891,0.814815
AdministrativeRegion,province,725,2268,0.319665
Star,radius,724,1364,0.530792
Species,fmfm,723,1921,0.376366
Person,vicePresident,721,891,0.809203
Person,alterEgo,721,764,0.943717
Person,careerHighlights,721,1677,0.429934
Person,monarch,720,6208,0.115979
Star,simbad,717,723,0.991701
Species,breeder,714,1760,0.405682
Star,period,713,723,0.986169
Species,origin,712,1808,0.393805
Person,patrons,708,785,0.901911
Person,referee,708,1388,0.510086
Species,honours,702,1156,0.607266
Person,country,700,23856,0.029343
Person,stadium,700,1223,0.572363
Person,video,697,737,0.945726
Species,mffm,697,1913,0.364349
Galaxy,label,690,690,1.000000
Person,voicedBy,689,1034,0.666344
AdministrativeRegion,elevation,688,1962,0.350663
Person,pga,687,1928,0.356328
Person,debut,686,751,0.913449
Person,artist,686,700,0.980000
Person,list,686,1521,0.451019
AdministrativeRegion,metropolitan,685,1812,0.378035
Person,legistorm,684,684,1.000000
Person,riding,684,1618,0.422744
Person,ordainedBy,682,871,0.783008
Person,teacher,682,1065,0.640376
Galaxy,name,682,692,0.985549
Person,partners,679,991,0.685166
Species,class,679,296343,0.002291
Person,hockeydb,677,677,1.000000
Person,charge,673,1242,0.541868
Person,spouses,672,699,0.961373
AdministrativeRegion,postalCode,668,1389,0.480922
Person,appointer,667,2965,0.224958
Person,period,667,5332,0.125094
Person,agency,666,1152,0.578125
Person,bowling,665,10868,0.061189
Person,jyutpingchinesename,665,667,0.997001
Person,institutions,664,1233,0.538524
Person,institution,663,1285,0.515953
Species,differentFrom,660,696,0.948276
Species,grandsire,659,2978,0.221289
Person,theywork,657,658,0.998480
Species,subfamiliaAuthority,656,860,0.762791
Person,coach,654,1626,0.402214
AdministrativeRegion,demoArea,654,777,0.841699
Person,networth,653,1330,0.490977
Person,committee,652,828,0.787440
Person,series,650,2436,0.266831
Person,tournamentRecord,649,793,0.818411
AdministrativeRegion,statPop,649,674,0.962908
Person,cardinalName,648,651,0.995392
Person,sign,648,658,0.984802
Person,coachingTeam,647,1334,0.485007
AdministrativeRegion,provRep,646,649,0.995378
Person,cname,644,644,1.000000
AdministrativeRegion,territory,642,699,0.918455
Person,collegeteam,640,2136,0.299625
Person,ruNtupdate,637,1759,0.362138
Person,link,636,670,0.949254
Person,masters,636,1941,0.327666
Person,nhl,636,2094,0.303725
Person,practice,636,689,0.923077
AdministrativeRegion,postalCode,629,1389,0.452844
Person,restaurants,625,658,0.949848
Person,beatifiedDate,624,859,0.726426
Person,billLink,624,642,0.971963
Person,billTitle,624,635,0.982677
Person,role,624,12290,0.050773
Person,billNumber,623,638,0.976489
Species,binomial,623,629,0.990461
Person,premier,622,1964,0.316701
AdministrativeRegion,densitySqMi,621,2843,0.218431
Person,publicwhip,619,619,1.000000
Person,serviceNumber,618,623,0.991974
Person,type,615,19184,0.032058
Species,ffmm,615,1915,0.321149
Person,posthumousName,614,652,0.941718
Person,length,613,3856,0.158973
Person,committees,612,821,0.745432
Person,debutTeam,609,28016,0.021738
Person,congress,607,615,0.986992
Person,country,605,51466,0.011755
Person,formerCoach,605,2393,0.252821
Person,headcoach,605,903,0.669989
Species,fmff,605,1922,0.314776
Person,overall,601,35168,0.017089
Person,hr,600,601,0.998336
Person,networth,599,1812,0.330574
AdministrativeRegion,yearStart,598,1443,0.414414
Person,aunts,594,905,0.656354
Person,matches,593,23552,0.025178
Person,ruClubupdate,592,1612,0.367246
Person,search,592,594,0.996633
Person,washpo,589,606,0.971947
Person,publisher,588,4776,0.123116
Galaxy,names,587,606,0.968647
Species,ffmf,581,1916,0.303236
Person,testcap,580,1453,0.399174
Species,fff,580,2087,0.277911
Person,pages,579,986,0.587221
AdministrativeRegion,statArea,578,628,0.920382
Person,aux,577,621,0.929147
Person,post,575,1823,0.315414
Person,allblackno,573,574,0.998258
Person,year,573,59026,0.009708
Species,ncbiTaxid,573,767,0.747066
Person,currentPartner,571,581,0.982788
Person,commons,571,984,0.580285
Species,authority,570,1154,0.493934
AdministrativeRegion,areaTotalKm,570,589,0.967742
AdministrativeRegion,density,568,763,0.744430
Person,next,562,579,0.970639
Person,rollcall,560,560,1.000000
Person,servicenumber,560,628,0.891720
Person,stumpings,559,22900,0.024410
Species,mfff,559,1914,0.292059
Person,allblackid,558,560,0.996429
Person,altname,558,594,0.939394
AdministrativeRegion,populationTotal,556,570,0.975439
AdministrativeRegion,areaCode,553,1490,0.371141
Person,deathCause,552,4551,0.121292
Person,serviceStartYear,550,23805,0.023104
Person,ruCoachclubs,550,994,0.553320
Person,adminTeam,549,1042,0.526871
Galaxy,z,548,563,0.973357
Person,uncles,547,956,0.572176
Species,itis,544,545,0.998165
Species,typeGenus,544,549,0.990893
AdministrativeRegion,differentFrom,544,1017,0.534907
Person,uncles,543,793,0.684741
Person,elected,542,622,0.871383
Person,electorate,538,2063,0.260785
Species,ordoAuthority,538,756,0.711640
Species,seeAlso,537,810,0.662963
Person,second,535,751,0.712383
Person,minister,533,1220,0.436885
Person,show,533,569,0.936731
Person,monarch,531,5905,0.089924
AdministrativeRegion,rainfall,531,652,0.814417
Person,cspan,527,528,0.998106
Person,width,527,9432,0.055874
Star,exoplanet,522,632,0.825949
AdministrativeRegion,captionSkyline,521,526,0.990494
AdministrativeRegion,demonym,521,535,0.973832
Species,diversity,518,2047,0.253053
Person,singlesrecord,517,3409,0.151657
AdministrativeRegion,imageCaption,517,519,0.996146
Person,imdb,515,518,0.994208
Person,language,515,4344,0.118554
Species,assessors,515,1278,0.402973
AdministrativeRegion,auxiliaryBishops,514,522,0.984674
Star,semimajor,513,598,0.857860
Person,convictionStatus,512,1135,0.451101
Person,draft,510,10080,0.050595
Person,serviceEndYear,506,19560,0.025869
AdministrativeRegion,areaWaterSqMi,506,3001,0.168610
Person,appearances,505,10132,0.049842
Person,imageSize,505,71211,0.007092
Person,team(s)_,504,1766,0.285391
AdministrativeRegion,region,499,2902,0.171950
Person,nephews,497,914,0.543764
AdministrativeRegion,populationVillage,497,698,0.712034
Person,philosophicalSchool,494,1744,0.283257
Person,career,492,4052,0.121422
Person,nba,490,490,1.000000
Person,music,489,585,0.835897
AdministrativeRegion,logo,489,490,0.997959
AdministrativeRegion,metroArchbishop,488,1527,0.319581
Species,hybrid,487,1904,0.255777
Galaxy,caption,486,510,0.952941
ChemicalCompound,systematicname,485,637,0.761381
Person,post1followed,484,777,0.622909
Person,nativeNameLang,483,5972,0.080877
Person,numberOfFilms,482,903,0.533776
Person,recruit,480,480,1.000000
Person,chinesename,479,480,0.997917
Person,post1preceded,479,772,0.620466
Person,yearsactive,478,25930,0.018434
Species,honours,474,1061,0.446748
Person,draftPick,472,9888,0.047735
Person,surname,471,504,0.934524
Person,grandparents,469,687,0.682678
Person,beatifiedDate,468,636,0.735849
Person,no,468,16316,0.028684
Person,station,468,610,0.767213
AdministrativeRegion,eventEnd,467,1032,0.452519
AdministrativeRegion,urbanPop2010census,466,1154,0.403813
Person,contributions,464,538,0.862454
Person,1pp,463,941,0.492030
AdministrativeRegion,lonMin,463,2422,0.191164
AdministrativeRegion,ruralPop2010census,463,1154,0.401213
Person,depictionDescription,462,463,0.997840
Person,winnerVotes,462,474,0.974684
Person,conference,461,21185,0.021761
Person,apprehended,458,531,0.862524
Person,careerNumber,458,681,0.672540
Person,homepage,458,462,0.991342
Person,canonizedDate,457,987,0.463019
Person,nieces,456,823,0.554070
Person,dynasty,455,1747,0.260446
AdministrativeRegion,latMin,455,2556,0.178013
Person,turnoutVotes,454,465,0.976344
Person,escutcheon,452,546,0.827839
Person,tournament,452,1145,0.394760
Person,netWorth,451,708,0.637006
Person,numberOfFilms,450,929,0.484392
Person,feastDay,450,3553,0.126654
Species,subtribus,450,3332,0.135054
Person,halfbrothers,448,763,0.587156
Person,repecId,447,457,0.978118
Species,fffm,447,1914,0.233542
AdministrativeRegion,flagS,447,1305,0.342529
Person,artikel,446,452,0.986726
Person,doublesrecord,446,3354,0.132976
Person,2pp,443,972,0.455761
ChemicalCompound,imagenamel,443,525,0.843810
Person,grandfathers,442,736,0.600543
Person,labelName,442,454,0.973568
Person,royalHouse,441,1366,0.322840
Person,award,440,1417,0.310515
Person,writer,440,467,0.942184
Person,st,439,910,0.482418
Person,teamLink,439,882,0.497732
Person,assets,437,437,1.000000
AdministrativeRegion,mr,437,444,0.984234
Person,bbc,436,440,0.990909
AdministrativeRegion,rr,436,444,0.981982
Person,league,435,14269,0.030486
Person,nat,435,11706,0.037160
Person,spouse(s)_,435,442,0.984163
Person,royalName,433,443,0.977427
AdministrativeRegion,stategov,433,4798,0.090246
Person,l,432,1605,0.269159
Person,peakrating,432,970,0.445361
AdministrativeRegion,areaLandKm,432,444,0.972973
Person,salary,431,465,0.926882
Person,cause,429,859,0.499418
Species,width,429,1102,0.389292
Person,grandmothers,427,733,0.582538
Person,content,426,436,0.977064
Person,eraDates,426,518,0.822394
Person,header,426,539,0.790353
Person,pinyin,426,428,0.995327
Species,imageName,426,544,0.783088
Person,timeInSpace,425,465,0.913978
Person,manageryears,425,72523,0.005860
AdministrativeRegion,replink,423,469,0.901919
Person,curlingClub,422,1022,0.412916
Species,ncbi,422,465,0.907527
Person,footer,421,428,0.983645
Person,medium,421,1836,0.229303
ChemicalCompound,imagenamer,420,509,0.825147
Person,height,419,172337,0.002431
Person,y,419,438,0.956621
AdministrativeRegion,idnumber,419,420,0.997619
AdministrativeRegion,munwebpage,419,420,0.997619
AdministrativeRegion,foundingDate,418,561,0.745098
AdministrativeRegion,leader,417,489,0.852761
AdministrativeRegion,utmEasting,417,419,0.995227
AdministrativeRegion,utmNorthing,417,419,0.995227
Person,games(goals)_,415,16596,0.025006
Person,nomen,414,506,0.818182
Person,guardian,413,414,0.997585
Person,legends,412,412,1.000000
Person,stat5value,412,608,0.677632
Star,component,412,485,0.849485
AdministrativeRegion,areaMunicunit,412,424,0.971698
Person,indivhonour,411,1348,0.304896
Person,area,409,1106,0.369801
Person,ci,409,896,0.456473
Species,ffff,409,1916,0.213466
Person,citizenship,408,6038,0.067572
AdministrativeRegion,areaRank,406,446,0.910314
Person,convictionPenalty,405,1226,0.330343
AdministrativeRegion,event,405,459,0.882353
Person,1p,404,1189,0.339781
AdministrativeRegion,areaCode,404,1369,0.295106
Person,birthplace,403,491,0.820774
Star,distPc,403,521,0.773512
Person,known,402,420,0.957143
AdministrativeRegion,nearestTownOrCity,400,668,0.598802
AdministrativeRegion,ukrainianName,399,408,0.977941
Person,appointer,398,1543,0.257939
Species,tribusAuthority,398,567,0.701940
AdministrativeRegion,patron,398,851,0.467685
Person,cabinet,396,1006,0.393638
Person,endyear,396,7922,0.049987
Person,nndb,396,492,0.804878
Star,distLy,396,463,0.855292
AdministrativeRegion,imageCoat,396,457,0.866521
Species,accessdate,395,1399,0.282345
Person,grandchildren,394,553,0.712477
Person,repupdate,394,754,0.522546
Species,subdivisionRanks,393,36178,0.010863
Person,year1end,392,4505,0.087014
Person,discipline,390,7399,0.052710
Person,givenname,390,442,0.882353
Person,ruClub,390,1003,0.388833
AdministrativeRegion,coatofarms,390,391,0.997442
AdministrativeRegion,foundedBy,388,691,0.561505
Person,trad,387,387,1.000000
Person,winnerPercent,387,469,0.825160
Person,draft,386,10092,0.038248
Person,mission,385,1118,0.344365
Person,prenomen,385,484,0.795455
Person,2p,384,1108,0.346570
Person,skip,384,526,0.730038
Person,simp,381,382,0.997382
Person,nationalyears,380,82693,0.004595
AdministrativeRegion,image,380,380,1.000000
Person,currentnumber,379,3677,0.103073
Species,imageAlt,379,394,0.961929
Person,1a,378,455,0.830769
Person,released,378,821,0.460414
Person,bwfId,377,446,0.845291
Person,topScore,376,23087,0.016286
Person,grandsons,375,575,0.652174
Species,depiction,375,441,0.850340
Person,cSpan,374,374,1.000000
Person,pastschools,374,959,0.389990
Person,authorAbbrevBot,373,373,1.000000
Galaxy,distLy,372,497,0.748491
Person,wg,371,375,0.989333
Person,dateOfHighestRanking,370,664,0.557229
Person,imagesize,370,31442,0.011768
Person,testdebutdate,369,3280,0.112500
Species,origin,369,1076,0.342937
Person,indivyear,368,1029,0.357629
Person,totalgoals,368,12232,0.030085
Species,dam,368,450,0.817778
Person,2a,367,438,0.837900
AdministrativeRegion,eventStart,367,524,0.700382
Person,halfsisters,366,605,0.604959
Person,church,365,3695,0.098782
Star,rotationalVelocity,365,818,0.446210
AdministrativeRegion,municunit,365,1217,0.299918
Person,commitdate,363,470,0.772340
Person,odidebutdate,361,1843,0.195876
Person,ruNationalteam,361,5251,0.068749
Person,timestamp,361,363,0.994490
Person,lasttestdate,360,3092,0.116429
Person,third,360,504,0.714286
Person,color,359,3242,0.110734
Person,smallimage,359,359,1.000000
Person,status,359,6087,0.058978
Person,debutagainst,357,2403,0.148564
Person,wcdebut,355,435,0.816092
Person,domesticpartner,354,355,0.997183
Star,name,354,400,0.885000
AdministrativeRegion,carsign,354,354,1.000000
Person,en,353,377,0.936340
Person,achievements,352,866,0.406467
Person,poj,351,351,1.000000
Person,prizeMoney,351,353,0.994334
AdministrativeRegion,percentageOfAreaWater,351,3179,0.110412
AdministrativeRegion,populationRank,351,436,0.805046
Person,introducer,350,2990,0.117057
Person,region,350,1812,0.193157
Person,crest,349,454,0.768722
AdministrativeRegion,district,349,4442,0.078568
AdministrativeRegion,imageShield,349,349,1.000000
Person,gross,348,352,0.988636
Person,criminalCharge,348,472,0.737288
Species,subclassis,348,9882,0.035216
Person,leader,347,1312,0.264482
Person,supporters,347,435,0.797701
AdministrativeRegion,suffragans,347,348,0.997126
AdministrativeRegion,yearEnd,347,1494,0.232262
Person,militaryRank,346,3760,0.092021
Person,position,345,213449,0.001616
Person,formertraininglocations,345,767,0.449804
Person,lead,345,529,0.652174
Person,university,344,1786,0.192609
Person,instruments,344,1110,0.309910
Person,spalten,344,385,0.893506
Person,debutfor,343,1945,0.176350
Person,nfldraftedpick,343,1285,0.266926
AdministrativeRegion,footnotes,343,478,0.717573
AdministrativeRegion,hangul,343,352,0.974432
Person,lastodidate,342,1741,0.196439
Person,proteams,341,486,0.701646
AdministrativeRegion,country,341,3254,0.104794
Person,nephews,339,612,0.553922
Person,relatedTo,339,411,0.824818
Person,wusopen,339,488,0.694672
Person,careerWins,338,560,0.603571
AdministrativeRegion,maximumElevation,338,729,0.463649
AdministrativeRegion,fedDistrictNumber,338,424,0.797170
Person,dateOfConsecration,336,366,0.918033
AdministrativeRegion,areaPercentage,336,2993,0.112262
Person,lastdate,335,1740,0.192529
AdministrativeRegion,demoCd,334,1410,0.236879
Person,nominator,333,1164,0.286082
Person,firstRace,332,796,0.417085
AdministrativeRegion,governor,332,341,0.973607
Person,brn,331,334,0.991018
Person,icupdate,331,997,0.331996
Person,lastRace,330,777,0.424710
Person,monuments,330,352,0.937500
Person,wins,328,1142,0.287215
Person,currentRecord,326,897,0.363434
Person,hansard,326,326,1.000000
Person,q,326,739,0.441137
Star,gravity,326,925,0.352432
Person,portfolio,325,330,0.984848
Person,lastagainst,325,1659,0.195901
Star,eccentricity,325,686,0.473761
Person,birth,324,935,0.346524
Person,teamyear,324,1102,0.294011
Person,salary,323,357,0.904762
AdministrativeRegion,popMunicipality,323,334,0.967066
Person,year1start,322,5227,0.061603
AdministrativeRegion,city,322,423,0.761229
Person,ruPosition,320,7273,0.043998
Star,metalFe,320,658,0.486322
Person,granddaughters,319,503,0.634195
Person,honours,319,593,0.537943
AdministrativeRegion,flagP,319,747,0.427041
ChemicalCompound,differentFrom,318,361,0.880886
AdministrativeRegion,areaMunicipality,317,322,0.984472
Person,cfbhofId,316,316,1.000000
Person,currenttraininglocations,316,808,0.391089
Person,candidate2Votes,315,329,0.957447
AdministrativeRegion,flag,315,357,0.882353
Person,officesHeld,314,333,0.942943
Person,confrecord,313,5232,0.059824
AdministrativeRegion,candidate,312,1072,0.291045
Person,beginyear,311,500,0.622000
Person,conf,309,4765,0.064848
Person,lpga,309,475,0.650526
Person,shortsummary,309,309,1.000000
Person,colour,307,1405,0.218505
Person,significantDesign,307,326,0.941718
Person,hansardcurr,306,307,0.996743
Person,autor,305,547,0.557587
Star,ra,304,317,0.958991
Person,archdiocese,303,643,0.471229
Person,veneratedIn,303,4581,0.066143
Person,endDate,302,479,0.630480
Person,year2end,302,2558,0.118061
Person,signatureAlt,301,426,0.706573
Person,weightLb,299,22583,0.013240
Species,typeGenusAuthority,299,464,0.644397
Star,dec,299,314,0.952229
Person,squadNumber,297,232655,0.001277
Person,lastfor,297,1423,0.208714
Person,tournamentRecord,297,774,0.383721
Person,bishopOf,296,412,0.718447
Person,retireddate,296,406,0.729064
Person,seam,296,298,0.993289
Person,bestFinish,295,319,0.924765
Person,notes,295,348,0.847701
Person,ruClubcaps,295,5100,0.057843
AdministrativeRegion,kreisschlüssel,295,295,1.000000
Person,startDate,294,622,0.472669
Person,choreographer,293,886,0.330700
Person,labels,293,446,0.656951
Person,profile,293,293,1.000000
Person,ancestry,292,1150,0.253913
Species,wikispecies,292,292,1.000000
Person,lieutenantGovernor,291,551,0.528131
Person,post2preceded,291,382,0.761780
Person,ridertype,291,1798,0.161846
AdministrativeRegion,dateEvent,291,348,0.836207
Person,post2followed,290,391,0.741688
Person,teamhonour,290,1364,0.212610
Species,soundRecording,290,290,1.000000
AdministrativeRegion,part,290,292,0.993151
Person,cardinal,289,774,0.373385
Person,o,289,1142,0.253065
Person,currentRanking,288,668,0.431138
Person,turnedpro,288,3338,0.086279
Person,worldMasters,288,361,0.797784
AdministrativeRegion,center,288,289,0.996540
AdministrativeRegion,parishes,288,1219,0.236259
Person,state,287,20964,0.013690
Person,producer,286,291,0.982818
Person,yearaend,286,2270,0.125991
Person,gpTotalPoints,285,393,0.725191
Person,styles,285,314,0.907643
Star,pError,285,1962,0.145260
Person,personalbest,284,457,0.621444
Person,worldcat,284,286,0.993007
Person,fieranking,283,283,1.000000
Person,lbl,283,1593,0.177652
Person,bgcolour,282,5792,0.048688
Person,3pp,281,439,0.640091
Person,playerYears,281,6522,0.043085
Person,species,280,647,0.432767
Person,coachYears,279,32489,0.008588
Person,currentTitle,279,2282,0.122261
Person,wnbaProfile,279,279,1.000000
AdministrativeRegion,fedRep,279,282,0.989362
Person,ruProvince,275,2515,0.109344
Person,year2start,275,3464,0.079388
Person,debutWorks,274,275,0.996364
Species,phylum,274,223606,0.001225
Species,sectio,274,1191,0.230059
Person,originalairdate,273,273,1.000000
Person,zi,273,290,0.941379
Galaxy,type,273,613,0.445351
AdministrativeRegion,elevationMax,273,657,0.415525
Person,bodyDiscovered,272,281,0.967972
Person,langTitle,272,295,0.922034
Person,hof,271,271,1.000000
Person,majorWorks,271,273,0.992674
Person,otherName,271,273,0.992674
Person,prevrests,271,293,0.924915
Person,statyear,271,2995,0.090484
AdministrativeRegion,noOfRuralLocalities,270,1081,0.249769
Person,coachTeams,268,288,0.930556
AdministrativeRegion,nation,268,1496,0.179144
Person,nationalcaps,267,80782,0.003305
AdministrativeRegion,municipality,267,2116,0.126181
AdministrativeRegion,est,266,1819,0.146234
AdministrativeRegion,areaCommunity,265,270,0.981481
Person,cflstatvalue,264,645,0.409302
Person,nabisco,264,443,0.595937
AdministrativeRegion,id,264,264,1.000000
Person,ruAmateuryears,263,1635,0.160856
Species,downloaded,263,1055,0.249289
Species,superfamiliaAuthority,262,374,0.700535
Person,dateOfBurial,260,267,0.973783
AdministrativeRegion,populationDensityKm,260,494,0.526316
Person,clubupdate,259,977,0.265097
Person,lcheading,259,259,1.000000
Person,formerSkatingClub,258,375,0.688000
AdministrativeRegion,foundedDate,257,933,0.275456
Person,3p,256,409,0.625917
Person,candidate2Percent,256,326,0.785276
Person,confstanding,256,19071,0.013424
Person,place,256,302,0.847682
Person,coachteams,255,289,0.882353
Person,ruProvinceupdate,255,654,0.389908
AdministrativeRegion,areaWaterKm,254,258,0.984496
Person,display,253,260,0.973077
Person,end,253,4983,0.050773
Person,nationalcaps(goals)_,253,1426,0.177419
Person,genres,252,357,0.705882
Person,finaldate,251,16152,0.015540
Person,politifact,251,251,1.000000
Person,rivalsOverall,250,374,0.668449
AdministrativeRegion,cocathedral,250,280,0.892857
AdministrativeRegion,decPrecipitationMm,250,280,0.892857
Person,opponent,249,280,0.889286
Person,portfolio,248,333,0.744745
Species,regions,248,340,0.729412
Star,inclination,248,290,0.855172
Person,formerChoreographer,247,1109,0.222723
AdministrativeRegion,octPrecipitationMm,247,280,0.882143
Person,currentSeries,246,1148,0.214286
Person,debutyear,246,29669,0.008291
Person,governorGeneral,246,1071,0.229692
Person,locations,246,291,0.845361
Person,odicap,246,1459,0.168609
Person,winner,246,442,0.556561
Star,epe,246,247,0.995951
AdministrativeRegion,postalIndex,246,257,0.957198
Person,bdoWorld,245,304,0.805921
Person,img,245,253,0.968379
Person,weapons,245,356,0.688202
Person,weightLbs,245,8129,0.030139
Star,rotation,244,303,0.805281
AdministrativeRegion,populationIncrease,244,418,0.583732
Person,language,243,2018,0.120416
Person,golden,243,258,0.941860
Person,yearastart,243,3672,0.066176
Species,infraordo,243,5325,0.045634
Person,kanji,242,242,1.000000
Person,canonizedDate,241,444,0.542793
Person,horus,241,256,0.941406
Person,n,241,2610,0.092337
Person,playingYears,241,12423,0.019400
ChemicalCompound,imagecaption,241,251,0.960159
AdministrativeRegion,febPrecipitationMm,241,280,0.860714
AdministrativeRegion,augPrecipitationMm,239,280,0.853571
AdministrativeRegion,decHighC,239,413,0.578692
AdministrativeRegion,janPrecipitationMm,239,280,0.853571
AdministrativeRegion,sepPrecipitationMm,239,280,0.853571
Person,highestRanking,238,812,0.293103
Person,repteam,238,1439,0.165393
Person,totalCupRaces,238,602,0.395349
Person,cbs,237,240,0.987500
Person,group,237,648,0.365741
AdministrativeRegion,areaSqmi,237,247,0.959514
AdministrativeRegion,yearPrecipitationMm,237,250,0.948000
Person,icposition,236,3245,0.072727
Person,tenure,235,278,0.845324
AdministrativeRegion,minimumElevation,235,750,0.313333
AdministrativeRegion,part,235,260,0.903846
AdministrativeRegion,marPrecipitationMm,234,280,0.835714
Person,province,233,4347,0.053600
AdministrativeRegion,novPrecipitationMm,233,280,0.832143
Person,coachclubs,232,646,0.359133
Galaxy,appmagV,232,587,0.395230
AdministrativeRegion,julPrecipitationMm,232,279,0.831541
Person,olympics,231,684,0.337719
Person,resultyears,231,978,0.236196
Person,assistcoach,230,323,0.712074
Person,disappearedPlace,230,253,0.909091
Person,total,230,3157,0.072854
Person,year3end,230,1520,0.151316
AdministrativeRegion,janHighC,230,413,0.556901
Person,aflstatlabel,229,4532,0.050530
AdministrativeRegion,junPrecipitationMm,229,280,0.817857
AdministrativeRegion,vicarGeneral,228,231,0.987013
Person,nyt,227,228,0.995614
Person,portal,226,10037,0.022517
Person,ruClubyears,226,7194,0.031415
Person,tries,226,9140,0.024726
Species,wineRegion,226,410,0.551220
AdministrativeRegion,marLowC,226,414,0.545894
AdministrativeRegion,novHighC,226,414,0.545894
Person,cfhof,225,226,0.995575
AdministrativeRegion,febHighC,225,411,0.547445
Person,nbaProfile,224,224,1.000000
Person,ontheissuespath,224,229,0.978166
Person,coachedTeam,223,242,0.921488
Person,extra,223,224,0.995536
Person,homeworld,223,512,0.435547
Star,names,223,226,0.986726
AdministrativeRegion,aprPrecipitationMm,223,280,0.796429
AdministrativeRegion,decLowC,223,413,0.539952
AdministrativeRegion,janLowC,223,411,0.542579
Person,lccnId,222,222,1.000000
Person,coachgames(wins)_,222,702,0.316239
Species,phylum,222,235392,0.000943
Person,espnId,221,222,0.995495
Person,module,221,342,0.646199
AdministrativeRegion,country,221,19786,0.011170
Person,prevSeriesYears,220,5021,0.043816
Person,birthdate,219,230,0.952174
Species,footer,219,225,0.973333
Person,significantAwards,218,516,0.422481
AdministrativeRegion,dateEnd,218,447,0.487696
AdministrativeRegion,febLowC,218,412,0.529126
AdministrativeRegion,licence,218,1920,0.113542
AdministrativeRegion,mayPrecipitationMm,218,280,0.778571
Person,bnfId,216,216,1.000000
Person,location,216,356,0.606742
AdministrativeRegion,marHighC,215,411,0.523114
Species,reason,214,228,0.938596
Person,statsend,213,10387,0.020506
Species,date,213,2930,0.072696
AdministrativeRegion,elevationMin,212,693,0.305916
Person,archbishopOf,211,547,0.385740
Person,ruNationalyears,210,6671,0.031480
Species,alsoCalled,209,306,0.683007
AdministrativeRegion,dateStart,209,337,0.620178
Person,mrborn,208,210,0.990476
Person,priorTerm,208,354,0.587571
Person,50s,207,18373,0.011267
Person,denomination,207,775,0.267097
Person,proyears,207,13687,0.015124
Person,yahoo,207,207,1.000000
Species,note,207,213,0.971831
Person,congregations,206,214,0.962617
Person,danceScore,206,350,0.588571
Person,gpLastRace,206,428,0.481308
Person,rrborn,206,209,0.985646
Person,records,205,206,0.995146
Species,lspnTaxoname,205,208,0.985577
Person,dateOfCurrentRanking,204,611,0.333879
Person,draftedpick,204,365,0.558904
Person,idNumber,204,205,0.995122
Person,bishopName,203,206,0.985437
Person,expiry,203,340,0.597059
Person,fdScore,203,355,0.571831
Person,gpFirstRace,203,430,0.472093
Person,web,203,211,0.962085
Person,wins,203,5919,0.034296
Species,p,203,210,0.966667
Person,col,202,204,0.990196
Person,ruProvinceyears,202,2549,0.079247
Person,teammates,202,226,0.893805
Person,yearbend,202,1144,0.176573
Species,carbs,202,231,0.874459
AdministrativeRegion,novLowC,202,413,0.489104
Person,ruYear1start,201,459,0.437908
Person,start,201,1723,0.116657
Person,super14update,201,642,0.313084
Person,year3start,201,2168,0.092712
AdministrativeRegion,administrativeCenter,201,201,1.000000
Person,ruYear1end,200,434,0.460829
Person,tennishofid,200,200,1.000000
AdministrativeRegion,maxtemp,200,635,0.314961
AdministrativeRegion,sepHighC,200,413,0.484262
Star,ageGyr,199,398,0.500000
AdministrativeRegion,aprHighC,199,411,0.484185
AdministrativeRegion,foundedYear,199,1409,0.141235
AdministrativeRegion,octHighC,199,411,0.484185
AdministrativeRegion,locationMap,198,199,0.994975
Person,givenName,196,214,0.915888
Person,ordained,196,212,0.924528
Person,user,196,198,0.989899
Person,opponent,195,210,0.928571
Person,starts,195,1078,0.180891
Person,beatifiedPlace,194,737,0.263229
Person,books,194,410,0.473171
Person,type,194,16584761,0.000012
Person,headline,193,207,0.932367
Person,icyears,193,3554,0.054305
Person,rrho,193,193,1.000000
AdministrativeRegion,adminCenter,193,195,0.989744
Person,mrho,192,192,1.000000
Species,alt,192,198,0.969697
Species,filename,192,201,0.955224
Person,hangulborn,191,195,0.979487
Person,playerPositions,191,3838,0.049766
Person,wsopMainEventBestFinishRank,191,598,0.319398
Star,metal,191,276,0.692029
AdministrativeRegion,politicalSubdiv,191,279,0.684588
Person,coneDrill,190,1306,0.145482
Person,draftTeam,190,10074,0.018860
Person,finalyear,190,21347,0.008901
AdministrativeRegion,aprLowC,190,414,0.458937
Person,tracks,189,224,0.843750
Species,extinct,189,268,0.705224
AdministrativeRegion,establishedDate,189,375,0.504000
AdministrativeRegion,junHighC,189,412,0.458738
Person,clposition,188,1940,0.096907
Person,coachteam,188,874,0.215103
Person,knesset(s)_,188,914,0.205689
AdministrativeRegion,foundingYear,188,1408,0.133523
AdministrativeRegion,julHighC,188,411,0.457421
Person,templeName,187,242,0.772727
Star,variable,187,933,0.200429
ChemicalCompound,pin,187,219,0.853881
AdministrativeRegion,julLowC,187,413,0.452785
Person,caps(points)_,186,947,0.196410
Person,clubnumber,186,45698,0.004070
Person,draftPick,186,3907,0.047607
Person,martialArt,186,669,0.278027
Person,ruProvincecaps,186,1960,0.094898
Species,family,186,212,0.877358
AdministrativeRegion,yearHighC,186,367,0.506812
Person,update,185,650,0.284615
Galaxy,sizeV,185,543,0.340700
AdministrativeRegion,imageView,185,185,1.000000
Person,careerStart,184,23827,0.007722
Person,totalBuschRaces,184,497,0.370221
Person,clyears,183,1904,0.096113
Person,stat6value,183,232,0.788793
Person,background,182,47096,0.003864
Person,hangulho,182,184,0.989130
Person,spinoffs,182,529,0.344045
AdministrativeRegion,augLowC,182,413,0.440678
AdministrativeRegion,mayHighC,182,412,0.441748
AdministrativeRegion,subdivision,182,1318,0.138088
Person,guernsey,181,1411,0.128278
Person,rating,181,235,0.770213
AdministrativeRegion,octLowC,181,414,0.437198
Person,penalty,180,423,0.425532
Person,queen,180,186,0.967742
Species,potassiumMg,180,215,0.837209
AdministrativeRegion,archdeacons,180,185,0.972973
AdministrativeRegion,percent,180,194,0.927835
Person,wbritopen,179,351,0.509972
AdministrativeRegion,mintemp,179,634,0.282334
Person,gpLastWin,178,268,0.664179
Person,t20idebutdate,178,513,0.346979
Person,veneratedIn,177,4541,0.038978
Person,bestwin,177,230,0.769565
Species,protein,177,238,0.743697
AdministrativeRegion,augHighC,177,412,0.429612
AdministrativeRegion,junLowC,177,414,0.427536
Person,nationalgoals,176,67164,0.002620
Person,states,176,513,0.343080
Star,nsted,176,176,1.000000
AdministrativeRegion,change,176,188,0.936170
AdministrativeRegion,value,176,523,0.336520
Person,manageteam,175,185,0.945946
Person,nebty,175,178,0.983146
Person,titleYears,175,1565,0.111821
Person,gpFirstWin,174,269,0.646840
Person,pastMembers,174,174,1.000000
Person,playerTeams,174,182,0.956044
Person,teama,174,4031,0.043165
AdministrativeRegion,densityKm,174,230,0.756522
Species,kj,173,226,0.765487
Galaxy,hRadialV,173,261,0.662835
Person,picture,172,208,0.826923
Person,blank,172,925,0.185946
Person,bgcolor,171,1210,0.141322
Person,burialDate,171,192,0.890625
Person,measurements,171,1776,0.096284
Person,nativeLang1Name,171,184,0.929348
Person,weightClass,171,4309,0.039684
ChemicalCompound,imagealtr,171,213,0.802817
AdministrativeRegion,yearLowC,171,369,0.463415
Person,canonizedBy,170,677,0.251108
Species,award,170,1996,0.085170
Species,rangeMapAlt,170,192,0.885417
AdministrativeRegion,sepLowC,170,414,0.410628
Person,rating,169,214,0.789720
Person,m,169,1128,0.149823
Person,prospectTeam,169,485,0.348454
Person,year4end,169,815,0.207362
AdministrativeRegion,fedgov,169,4488,0.037656
AdministrativeRegion,foundation,169,578,0.292388
AdministrativeRegion,largestCity,169,170,0.994118
AdministrativeRegion,yearLeader,169,311,0.543408
Person,era,168,1737,0.096718
Person,prevshow,168,181,0.928177
AdministrativeRegion,today,168,556,0.302158
Person,elite,167,167,1.000000
Person,fivefor,167,16786,0.009949
Person,hairColor,167,3364,0.049643
Person,rivalsRefTitle,167,407,0.410319
Person,worlds,167,359,0.465181
Species,superordo,167,2051,0.081424
AdministrativeRegion,janRecordLowC,167,299,0.558528
AdministrativeRegion,mayLowC,167,414,0.403382
AdministrativeRegion,subjectName,166,166,1.000000
Person,round,165,1271,0.129819
Person,tribe,165,225,0.733333
AdministrativeRegion,marRecordLowC,165,299,0.551839
Person,boxrec,164,164,1.000000
Person,chancellor,164,463,0.354212
ChemicalCompound,imagealtl,164,202,0.811881
AdministrativeRegion,div,164,164,1.000000
Person,stepfather,163,210,0.776190
Person,surge,163,164,0.993902
Species,record,163,3564,0.045735
Person,bodyDiscovered,162,192,0.843750
Person,careerEnd,162,11628,0.013932
Person,titel,162,165,0.981818
AdministrativeRegion,decRecordLowC,162,298,0.543624
AdministrativeRegion,ubigeo,162,162,1.000000
Person,1blankname,161,907,0.177508
Person,currentMembers,161,161,1.000000
Person,journalisted,161,161,1.000000
AdministrativeRegion,imageLocation,161,161,1.000000
Person,prospectTeam,160,478,0.334728
Person,eraName,160,187,0.855615
Person,lastyear,160,1561,0.102498
Person,specialism,160,237,0.675105
Species,conservationStatus,160,48284,0.003314
AdministrativeRegion,yearPrecipitationDays,160,167,0.958084
Person,otheroccupation,159,221,0.719457
Person,rrja,159,161,0.987578
AdministrativeRegion,febRecordLowC,159,298,0.533557
AdministrativeRegion,julRecordHighC,159,299,0.531773
AdministrativeRegion,meaning,159,164,0.969512
Person,mrja,158,160,0.987500
Person,pdcWorld,158,246,0.642276
Star,axis,158,164,0.963415
AdministrativeRegion,raionPhoneCode,158,163,0.969325
Person,stepsons,157,193,0.813472
Species,status,157,48381,0.003245
AdministrativeRegion,novRecordLowC,157,298,0.526846
Species,niacinMg,156,211,0.739336
AdministrativeRegion,augRecordHighC,156,299,0.521739
Person,co,155,717,0.216179
Person,dumaurier,155,262,0.591603
Person,ruCurrentclub,155,308,0.503247
Person,year4start,155,1255,0.123506
Species,ironMg,155,229,0.676856
Star,age,155,247,0.627530
Person,bloomberg,154,154,1.000000
Person,coachgames,154,446,0.345291
Person,espnOverall,154,208,0.740385
Person,hanjaborn,154,155,0.993548
Person,lastt20idate,154,453,0.339956
Person,motive,154,232,0.663793
Person,ukOpen,154,223,0.690583
Star,rI,154,241,0.639004
AdministrativeRegion,julRecordLowC,154,298,0.516779
Person,coachyears,153,1367,0.111924
Person,gpRaceStarts,153,424,0.360849
Person,network,153,221,0.692308
Person,races,153,1003,0.152542
Star,ageMyr,153,242,0.632231
AdministrativeRegion,augRecordLowC,153,298,0.513423
Person,beatifiedPlace,152,653,0.232772
Person,bowlRecord,152,633,0.240126
Person,post3preceded,152,177,0.858757
Person,thesisYear,152,2140,0.071028
AdministrativeRegion,aprRecordLowC,152,299,0.508361
AdministrativeRegion,junRecordLowC,152,299,0.508361
AdministrativeRegion,legislature,152,155,0.980645
AdministrativeRegion,priests,152,205,0.741463
Person,burial,151,170,0.888235
Person,post3followed,151,180,0.838889
Person,ruYearastart,151,319,0.473354
Person,scoutOverall,151,376,0.401596
AdministrativeRegion,junRecordHighC,151,299,0.505017
Person,active,150,1006,0.149105
Person,age,150,411,0.364964
Person,dateOfPriestlyOrdination,150,152,0.986842
Person,department,150,723,0.207469
Person,hangulja,150,152,0.986842
Person,major,150,263,0.570342
Person,stepdaughters,150,184,0.815217
Person,testdebutyear,150,3379,0.044392
AdministrativeRegion,febRecordHighC,149,300,0.496667
AdministrativeRegion,janRecordHighC,149,300,0.496667
Person,afldraftpick,148,246,0.601626
Species,vitcMg,148,212,0.698113
AdministrativeRegion,sepRecordLowC,148,299,0.494983
Person,emmyawards,147,210,0.700000
Species,subgenusAuthority,147,190,0.773684
Person,criminalPenalty,146,244,0.598361
AdministrativeRegion,commonscat,146,146,1.000000
AdministrativeRegion,lifeSpan,146,187,0.780749
Person,twitter,145,146,0.993151
AdministrativeRegion,decRecordHighC,145,300,0.483333
AdministrativeRegion,marRecordHighC,145,300,0.483333
AdministrativeRegion,mayRecordLowC,145,299,0.484950
AdministrativeRegion,octRecordLowC,145,299,0.484950
Person,whaDraft,144,355,0.405634
Person,coachyear1end,144,340,0.423529
Species,manganeseMg,144,171,0.842105
AdministrativeRegion,octRecordHighC,144,300,0.480000
Person,audio,143,183,0.781421
Person,bestBuschPos,143,486,0.294239
Person,currentConference,143,1225,0.116735
Person,dash,143,1477,0.096818
Person,placeofburialLabel,143,5876,0.024336
Person,super14caps,143,1488,0.096102
Person,whaDraft,143,355,0.402817
Person,yearcend,143,472,0.302966
Species,vitb6Mg,143,192,0.744792
Person,coConsecrators,142,149,0.953020
Person,shuttle,142,1319,0.107657
Species,classisAuthority,142,229,0.620087
Person,cupTopTens,141,585,0.241026
Species,unrankedSuperfamilia,141,75142,0.001876
Star,periastron,141,143,0.986014
AdministrativeRegion,novRecordHighC,141,299,0.471572
AdministrativeRegion,yearRecordLowC,141,283,0.498233
Person,city,140,261,0.536398
Person,coachingYears,140,1332,0.105105
Person,coachplayers,140,172,0.813953
Person,coachyear1start,140,437,0.320366
Person,comp,140,751,0.186418
Person,teamb,140,2031,0.068932
Person,victims,140,624,0.224359
Species,pantothenicMg,140,162,0.864198
AdministrativeRegion,next,140,141,0.992908
Person,alternate,139,229,0.606987
Person,season,139,23188,0.005994
Person,timeslot,139,283,0.491166
AdministrativeRegion,img,139,139,1.000000
Person,3a,138,156,0.884615
Person,startyear,138,8684,0.015891
Person,strokes,138,4946,0.027901
Person,altName,137,138,0.992754
Person,amateuryears,137,2565,0.053411
Person,lasttestyear,137,3194,0.042893
Species,description,137,142,0.964789
Person,adminYears,136,1097,0.123974
Person,imgCapt,136,137,0.992701
AdministrativeRegion,previous,136,140,0.971429
AdministrativeRegion,statusText,136,284,0.478873
Person,wikiPageRedirects,135,178,0.758427
Person,coa,135,588,0.229592
Person,games,135,233,0.579399
Person,nationals,135,205,0.658537
Person,stat2label,135,20681,0.006528
AdministrativeRegion,junRainMm,135,140,0.964286
AdministrativeRegion,mayRecordHighC,135,300,0.450000
Person,2namedata,134,172,0.779070
Person,amateurteams,134,141,0.950355
Person,apps,134,2908,0.046080
Person,yearbstart,134,1914,0.070010
AdministrativeRegion,districtMap,134,139,0.964029
AdministrativeRegion,toyr,134,6400,0.020938
Person,hofPlayer,133,134,0.992537
Person,kickboxWin,133,606,0.219472
Person,researchField,133,148,0.898649
AdministrativeRegion,leaderName,133,133,1.000000
Person,carNumber,132,994,0.132797
Person,lccn,132,132,1.000000
Species,unrankedFamilia,132,852,0.154930
AdministrativeRegion,aprRecordHighC,132,300,0.440000
AdministrativeRegion,fromyr,132,6574,0.020079
Person,rivalsSchool,131,333,0.393393
Person,writings,131,139,0.942446
AdministrativeRegion,janRainMm,131,140,0.935714
AdministrativeRegion,novRainMm,131,140,0.935714
Person,associatedact,130,196,0.663265
Person,coDriver,130,181,0.718232
Person,jersey,130,356,0.365169
Person,ruNationalcaps,130,6272,0.020727
Species,sugars,130,147,0.884354
AdministrativeRegion,decRainMm,130,140,0.928571
AdministrativeRegion,febRainMm,130,140,0.928571
Person,currentrank,129,269,0.479554
Person,pfrcoach,129,129,1.000000
Person,ruCurrentteam,129,389,0.331620
Person,stat3label,129,20421,0.006317
Person,work,129,166,0.777108
Species,c,129,135,0.955556
AdministrativeRegion,marRainMm,129,140,0.921429
Person,highestranking,128,292,0.438356
Person,stepmother,128,168,0.761905
Person,u,128,171,0.748538
Species,phosphorusMg,128,221,0.579186
AdministrativeRegion,aprRainMm,128,140,0.914286
AdministrativeRegion,sepRecordHighC,128,299,0.428094
Person,draftTeam,127,10049,0.012638
Person,died,127,134,0.947761
AdministrativeRegion,augRainMm,127,140,0.907143
AdministrativeRegion,octRainMm,127,140,0.907143
Person,affiliation,126,356,0.353933
Person,hanjaho,126,137,0.919708
Person,wghofid,126,126,1.000000
AdministrativeRegion,julRainMm,126,140,0.900000
Person,debutinformation,125,155,0.806452
Person,members,125,130,0.961538
Person,opponents,125,143,0.874126
Person,symbolism,125,135,0.925926
AdministrativeRegion,sepRainMm,125,140,0.892857
AdministrativeRegion,state,125,9573,0.013058
Person,honours,124,375,0.330667
Person,class,124,4491,0.027611
Person,criminalStatus,124,176,0.704545
Person,dharmaName,124,124,1.000000
Person,guru,124,163,0.760736
Person,ruNationalpoints,124,561,0.221034
Species,variety,124,127,0.976378
Person,status,123,4581,0.026850
Person,positionOrQuorum,123,557,0.220826
AdministrativeRegion,mayRainMm,123,140,0.878571
AdministrativeRegion,motto,123,124,0.991935
AdministrativeRegion,officialName,123,124,0.991935
Person,currentteammate,122,128,0.953125
Person,supports,122,292,0.417808
Person,yearpro,122,2365,0.051586
Species,fat,122,242,0.504132
Species,riboflavinMg,122,213,0.572770
Star,type,122,151,0.807947
AdministrativeRegion,date,122,1747,0.069834
Person,bestCupPos,121,574,0.210801
Person,bestFinish,121,1431,0.084556
Person,ruYearaend,121,175,0.691429
Person,si,121,121,1.000000
Person,sooyears,121,361,0.335180
Person,highestRank,120,364,0.329670
Person,races,120,775,0.154839
Person,coachdebutteam,120,150,0.800000
Person,incumbent,120,127,0.944882
Person,prevBuschPos,120,185,0.648649
Person,ruAmupdate,120,194,0.618557
AdministrativeRegion,julPrecipitationDays,120,185,0.648649
AdministrativeRegion,yearRecordHighC,120,287,0.418118
Person,founder,119,125,0.952000
Person,mawards,119,419,0.284010
Person,nativeLang,118,468,0.252137
Person,stat22value,118,132,0.893939
Person,weightKg,118,1036,0.113900
Species,imageWidth,118,35732,0.003302
AdministrativeRegion,width,118,246,0.479675
Person,academyawards,117,170,0.688235
Person,centuryBreak,117,318,0.367925
Person,firstproshow,117,216,0.541667
Person,stat23value,117,131,0.893130
Species,thiaminMg,117,210,0.557143
AdministrativeRegion,augPrecipitationDays,117,185,0.632432
AdministrativeRegion,statYear,117,687,0.170306
Person,cyears,116,3852,0.030114
Person,hanjaja,116,118,0.983051
Person,heightweight,116,8430,0.013760
Person,totalTruckRaces,116,401,0.289277
Person,year5end,116,406,0.285714
Species,subdivisions,116,124,0.935484
ChemicalCompound,seeAlso,116,125,0.928000
Person,centuryBreaks,115,317,0.362776
Person,bg,115,7514,0.015305
Person,hofvote,115,139,0.827338
Person,singles,115,181,0.635359
Species,header,115,121,0.950413
Star,massEarth,115,118,0.974576
AdministrativeRegion,sepPrecipitationDays,115,185,0.621622
AdministrativeRegion,titleLeader,115,253,0.454545
AdministrativeRegion,w,115,133,0.864662
Person,album,114,125,0.912000
Person,highRanking,114,355,0.321127
Person,totalLength,114,117,0.974359
Species,height,114,140,0.814286
Species,zincMg,114,196,0.581633
Person,plays,113,3565,0.031697
Person,hp,113,114,0.991228
Species,calciumMg,113,215,0.525581
Species,others,113,114,0.991228
AdministrativeRegion,administrator,113,113,1.000000
AdministrativeRegion,countyclerk,113,113,1.000000
AdministrativeRegion,decPrecipitationDays,113,185,0.610811
AdministrativeRegion,luxname,113,113,1.000000
AdministrativeRegion,octPrecipitationDays,113,184,0.614130
Person,canonizedBy,112,590,0.189831
Person,authorlink,112,260,0.430769
Person,classification,112,2164,0.051756
Person,kana,112,112,1.000000
Person,lat,112,125,0.896000
Person,otherTitles,112,240,0.466667
AdministrativeRegion,circuitclerk,112,112,1.000000
AdministrativeRegion,recorder,112,112,1.000000
AdministrativeRegion,sheriff,112,113,0.991150
AdministrativeRegion,treasurer,112,112,1.000000
Person,succeeding,111,112,0.991071
Species,subordoAuthority,111,139,0.798561
Star,constell,111,2681,0.041402
Star,node,111,111,1.000000
AdministrativeRegion,arms,111,111,1.000000
AdministrativeRegion,assessor,111,111,1.000000
AdministrativeRegion,presiding,111,111,1.000000
Person,administratingTeam,110,189,0.582011
Person,bestTruckPos,110,387,0.284238
Person,canonizedPlace,110,405,0.271605
Person,offices,110,141,0.780142
Person,post1note,110,129,0.852713
Species,series,110,344,0.319767
AdministrativeRegion,synonym,110,111,0.990991
AdministrativeRegion,collector,110,110,1.000000
AdministrativeRegion,prosecutor,110,110,1.000000
Person,crew,109,206,0.529126
Person,lastSeries,109,409,0.266504
Person,pointsa,109,2692,0.040490
Person,service,109,253,0.430830
Species,divisio,109,11792,0.009244
AdministrativeRegion,nickname,109,111,0.981982
Person,regType,108,390,0.276923
Person,sdScore,108,196,0.551020
Person,singlestitles,108,3574,0.030218
AdministrativeRegion,novPrecipitationDays,108,185,0.583784
Person,televisionSeries,107,2236,0.047853
Person,batting,107,13326,0.008029
Person,beatifiedBy,107,799,0.133917
Person,post1years,107,783,0.136654
Person,bikeNumber,106,323,0.328173
Person,cflstatlabel,106,731,0.145007
Person,ntlTeam,106,4800,0.022083
Person,verlag,106,109,0.972477
Person,year5start,106,698,0.151862
Person,yearcstart,106,760,0.139474
AdministrativeRegion,junPrecipitationDays,106,185,0.572973
AdministrativeRegion,lau,106,106,1.000000
AdministrativeRegion,mayPrecipitationDays,106,185,0.572973
Person,causeOfDeath,105,140,0.750000
Person,codename,105,106,0.990566
Person,format,105,760,0.138158
Person,otherInfo,105,127,0.826772
Person,rlProclubs,105,317,0.331230
Person,twentySplit,105,1157,0.090752
Galaxy,ngc,105,105,1.000000
AdministrativeRegion,aprPrecipitationDays,105,184,0.570652
Person,cflallstar,104,407,0.255528
Person,heir,104,106,0.981132
Person,ko,104,2939,0.035386
Species,division,104,62017,0.001677
Species,unrankedOrdo,104,40328,0.002579
AdministrativeRegion,e,104,119,0.873950
Person,4p,103,118,0.872881
Person,dipstyle,103,2494,0.041299
Person,magnumOpus,103,105,0.980952
Person,organizations,103,119,0.865546
Person,rlClubyears,103,268,0.384328
Person,stat1label,103,20848,0.004941
Species,revision,103,104,0.990385
AdministrativeRegion,janPrecipitationDays,103,185,0.556757
AdministrativeRegion,leaderTitle,103,163,0.631902
AdministrativeRegion,provCreated,103,938,0.109808
Person,event,102,164,0.621951
Person,gpActiveYears,102,438,0.232877
Star,periodUnitless,102,111,0.918919
AdministrativeRegion,coroner,102,102,1.000000
AdministrativeRegion,munDataAsOf,102,1082,0.094270
Person,chancellor,101,268,0.376866
Person,assembly,101,1554,0.064994
Person,cover,101,101,1.000000
Person,odScore,101,163,0.619632
Person,organisation,101,110,0.918182
Person,othernames,101,101,1.000000
Person,significantAdvance,101,113,0.893805
Person,authorAbbrevZoo,100,101,0.990099
Person,cis,100,545,0.183486
Person,heightIn,100,32276,0.003098
Person,previousTeam,100,143,0.699301
Person,reach,100,739,0.135318
Person,startpage,100,111,0.900901
Star,luminosityBolometric,100,107,0.934579
AdministrativeRegion,febPrecipitationDays,100,184,0.543478
AdministrativeRegion,janRainDays,100,142,0.704225
AdministrativeRegion,sepRainDays,100,142,0.704225
Person,coachwins,99,442,0.223982
Person,episodenumber,99,260,0.380769
Person,prevTruckPos,99,137,0.722628
Person,stat21value,99,134,0.738806
Person,statseason,99,3244,0.030518
Star,periarg,99,103,0.961165
AdministrativeRegion,julRainDays,99,142,0.697183
AdministrativeRegion,junRainDays,99,142,0.697183
AdministrativeRegion,marPrecipitationDays,99,185,0.535135
AdministrativeRegion,n,99,126,0.785714
Person,4pp,98,120,0.816667
Person,buschTopTens,98,495,0.197980
Person,cdScore,98,161,0.608696
Person,coaching,98,98,1.000000
Person,electionNote,98,164,0.597561
Person,nbaHistorical,98,98,1.000000
Person,heya,97,513,0.189084
Person,meet,97,177,0.548023
Person,prowins,97,2650,0.036604
Person,romaji,97,97,1.000000
Person,ruCoachyears,97,1023,0.094819
Person,shoesize,97,456,0.212719
Person,sponsors,97,110,0.881818
Person,titlestyle,97,797,0.121706
Species,folateUg,97,188,0.515957
Galaxy,notes,97,126,0.769841
AdministrativeRegion,dept,97,163,0.595092
AdministrativeRegion,deputy,97,100,0.970000
AdministrativeRegion,febRainDays,97,142,0.683099
AdministrativeRegion,senators,97,97,1.000000
AdministrativeRegion,totalarea,97,99,0.979798
Person,incumbent,96,102,0.941176
Person,odishirt,96,428,0.224299
AdministrativeRegion,clinton,96,99,0.969697
AdministrativeRegion,mayRainDays,96,142,0.676056
AdministrativeRegion,obama,96,99,0.969697
AdministrativeRegion,villages,96,335,0.286567
Person,currentposition,95,1970,0.048223
Person,goldenhorseawards,95,393,0.241730
Person,sourcepath,95,97,0.979381
Person,volume,95,4860,0.019547
Species,magnesiumMg,95,213,0.446009
AdministrativeRegion,augRainDays,95,142,0.669014
AdministrativeRegion,isocode,95,98,0.969388
AdministrativeRegion,mccain,95,99,0.959596
AdministrativeRegion,romney,95,99,0.959596
Person,fg,94,7330,0.012824
Person,issueLink,94,611,0.153846
Person,scoutS,94,326,0.288344
AdministrativeRegion,associationName,94,94,1.000000
AdministrativeRegion,governmentType,94,292,0.321918
AdministrativeRegion,huckabee,94,99,0.949495
AdministrativeRegion,provElectionFirst,94,886,0.106095
Person,firstWin,93,93,1.000000
Person,lastWin,93,93,1.000000
Person,began,93,122,0.762295
Person,doublestitles,93,3452,0.026941
Person,gpTeams,93,548,0.169708
Person,subcat,93,2244,0.041444
Person,umptestdebutyr,93,312,0.298077
Species,s,93,136,0.683824
Species,t,93,93,1.000000
AdministrativeRegion,marRainDays,93,142,0.654930
AdministrativeRegion,neighborhoodName,93,93,1.000000
AdministrativeRegion,portlandmapsX,93,93,1.000000
AdministrativeRegion,portlandmapsY,93,93,1.000000
Person,bowlgames,92,121,0.760331
Person,coachlosses,92,438,0.210046
Person,headercolor,92,4505,0.020422
Person,icapps(points)_,92,1908,0.048218
Person,offstyle,92,2502,0.036771
Person,pic,92,92,1.000000
Galaxy,pgc,92,92,1.000000
AdministrativeRegion,leaderName,92,92,1.000000
AdministrativeRegion,commonLanguages,92,242,0.380165
AdministrativeRegion,novRainDays,92,142,0.647887
AdministrativeRegion,octRainDays,92,142,0.647887
Person,governorGeneral,91,238,0.382353
Person,eyeColor,91,3031,0.030023
Person,justiceStart,91,96,0.947917
Person,languages,91,120,0.758333
Star,spectral,91,115,0.791304
AdministrativeRegion,archdeaconries,91,93,0.978495
AdministrativeRegion,members,91,97,0.938144
Person,block,90,133,0.676692
Person,spike,90,148,0.608108
Person,worldChampionTitleYear,90,90,1.000000
Person,contract,90,104,0.865385
Person,countryCode,90,411,0.218978
Person,disabilityClass,90,185,0.486486
Person,eva,90,172,0.523256
Person,justice,90,108,0.833333
Person,majorAchievements,90,106,0.849057
Person,probowls,90,405,0.222222
Person,vicegovernor,90,95,0.947368
AdministrativeRegion,novMeanC,90,111,0.810811
AdministrativeRegion,otherName,90,91,0.989011
Person,nationalTeam,89,517,0.172147
Person,adoptivefather,89,95,0.936842
Person,counties,89,3718,0.023938
Person,createdCardinalBy,89,490,0.181633
Person,enText,89,103,0.864078
Person,formerGroups,89,129,0.689922
Person,justiceEnd,89,93,0.956989
Person,othertitles,89,101,0.881188
Person,rlClubcaps,89,156,0.570513
Person,stat4label,89,2552,0.034875
AdministrativeRegion,carPlate,89,92,0.967391
AdministrativeRegion,code,89,133,0.669173
AdministrativeRegion,popdenKm,89,96,0.927083
AdministrativeRegion,source,89,322,0.276398
Person,coachingRecord,88,88,1.000000
Person,deputyfrom,88,133,0.661654
Person,disappearedDate,88,89,0.988764
Person,gym,88,136,0.647059
Person,subjects,88,90,0.977778
AdministrativeRegion,longm,88,6778,0.012983
AdministrativeRegion,popTotal,88,89,0.988764
Person,hongkongfilmwards,87,543,0.160221
Person,medaltemplates,87,162,0.537037
Person,warsAndBattles,87,108,0.805556
Person,year6end,87,197,0.441624
AdministrativeRegion,numberOfMembers,87,94,0.925532
AdministrativeRegion,decMeanC,87,111,0.783784
AdministrativeRegion,headquarters,87,118,0.737288
AdministrativeRegion,householdsOwned,87,88,0.988636
AdministrativeRegion,householdsTotal,87,88,0.988636
Person,alsoKnownAs,86,87,0.988506
Person,coachtournamentrecord,86,123,0.699187
Person,coachyear2start,86,203,0.423645
Person,matchplay,86,105,0.819048
Person,missions,86,125,0.688000
Person,serviceYears,86,115,0.747826
Person,yesorretiredyear,86,163,0.527607
AdministrativeRegion,aprRainDays,86,142,0.605634
AdministrativeRegion,ethnicity,86,120,0.716667
AdministrativeRegion,marMeanC,86,110,0.781818
Person,associatedAct,85,152,0.559211
Person,achievement,85,132,0.643939
Person,cy,85,85,1.000000
Person,homecountry,85,511,0.166341
Person,lineage,85,138,0.615942
Person,pointsb,85,1656,0.051329
Person,ruYear2end,85,109,0.779817
Person,ruYear2start,85,124,0.685484
Person,yearOfAliyah,85,455,0.186813
Species,notableWines,85,92,0.923913
Species,subphylum,85,10612,0.008010
AdministrativeRegion,churches,85,89,0.955056
AdministrativeRegion,janMeanC,85,111,0.765766
AdministrativeRegion,latm,85,6777,0.012542
AdministrativeRegion,parish,85,98,0.867347
Person,fcumpired,84,109,0.770642
Person,fontcolor,84,675,0.124444
Person,gr,84,84,1.000000
Person,oaux,84,91,0.923077
Person,orders,84,159,0.528302
Person,ruClubpoints,84,239,0.351464
Person,sourcearticle,84,94,0.893617
Person,umptestlastyr,84,214,0.392523
Person,worldranking,84,205,0.409756
Species,fiber,84,191,0.439791
ChemicalCompound,imagesize,84,6565,0.012795
AdministrativeRegion,coaCaption,84,84,1.000000
AdministrativeRegion,householdsRented,84,88,0.954545
Person,adoptivemother,83,88,0.943182
Person,amatteam,83,159,0.522013
Person,coachyear2end,83,152,0.546053
Person,ruAppearances,83,207,0.400966
Species,quote,83,85,0.976471
Species,url,83,86,0.965116
AdministrativeRegion,decRainDays,83,142,0.584507
AdministrativeRegion,managingAuthorities,83,993,0.083585
AdministrativeRegion,mapUrl,83,83,1.000000
AdministrativeRegion,popDensity,83,86,0.965116
Person,county,82,3651,0.022460
Person,eponymousskills,82,94,0.872340
Person,occupations,82,105,0.780952
Person,ordainedPriestBy,82,85,0.964706
Person,sbkRaceStarts,82,121,0.677686
Person,shoeSize,82,380,0.215789
Person,tonyawards,82,165,0.496970
Galaxy,constellationName,82,652,0.125767
Person,draftYear,81,22517,0.003597
Person,cbdbid,81,81,1.000000
Person,draftedyear,81,900,0.090000
Person,draftyear,81,9670,0.008376
Person,firstRace,81,1037,0.078110
Person,ranking,81,4651,0.017416
Person,ruTeama,81,361,0.224377
Person,tenfor,81,16859,0.004805
Person,zuiderduinMasters,81,102,0.794118
Species,page,81,94,0.861702
Species,vitkUg,81,101,0.801980
AdministrativeRegion,febMeanC,81,110,0.736364
AdministrativeRegion,flower,81,97,0.835052
AdministrativeRegion,symbol,81,86,0.941860
Person,significantDesign,80,87,0.919540
Person,afldraftedpick,80,103,0.776699
Person,classes,80,750,0.106667
Person,coachstatsend,80,139,0.575540
Person,grandPrix,80,93,0.860215
Person,long,80,93,0.860215
Person,philosophy,80,204,0.392157
Person,politicalParty,80,159,0.503145
Person,previous,80,80,1.000000
AdministrativeRegion,label,80,1468,0.054496
AdministrativeRegion,paul,80,99,0.808081
Person,ambassadorFrom,79,736,0.107337
Person,debut2team,79,150,0.526667
Person,kickboxKowin,79,497,0.158954
Person,nfldraftedyear,79,2052,0.038499
Person,pid,79,79,1.000000
Person,post2years,79,383,0.206266
Person,sentence,79,265,0.298113
Person,yeardstart,79,247,0.319838
AdministrativeRegion,aprMeanC,79,111,0.711712
AdministrativeRegion,mayMeanC,79,111,0.711712
AdministrativeRegion,octMeanC,79,111,0.711712
AdministrativeRegion,totalPopulation,79,79,1.000000
AdministrativeRegion,tree,79,95,0.831579
Person,undraftedYear,78,4719,0.016529
Person,baseOfOperations,78,131,0.595420
Person,collaborators,78,83,0.939759
Person,natlteam,78,265,0.294340
Person,playerNameLink,78,78,1.000000
Person,undraftedyear,78,4721,0.016522
Species,water,78,83,0.939759
AdministrativeRegion,congregations,78,110,0.709091
AdministrativeRegion,dir,78,5135,0.015190
AdministrativeRegion,junMeanC,78,111,0.702703
Person,adoptiveparents,77,83,0.927711
Person,calledBy,77,156,0.493590
Person,currentpositionplain,77,1962,0.039246
Person,domesticPartner,77,77,1.000000
Person,langcode,77,818,0.094132
Star,aricns,77,84,0.916667
AdministrativeRegion,motto,77,78,0.987179
AdministrativeRegion,turkname,77,77,1.000000
Person,appearancesa,76,3295,0.023065
Person,brother,76,78,0.974359
Person,darts,76,223,0.340807
Person,dressSize,76,715,0.106294
Person,highBreak,76,392,0.193878
Person,prevCupPos,76,106,0.716981
Person,reignType,76,828,0.091787
Person,stagewins,76,208,0.365385
Species,viteMg,76,112,0.678571
AdministrativeRegion,free,76,85,0.894118
Person,canonizedPlace,75,384,0.195312
Person,almaMatter,75,80,0.937500
Person,block,75,132,0.568182
Person,column,75,24075,0.003115
Person,grandSlam,75,88,0.852273
Person,hofdate,75,300,0.250000
Person,occupation(s)_,75,205,0.365854
Person,spike,75,148,0.506757
Person,teamc,75,817,0.091799
Person,year6start,75,358,0.209497
Star,caption,75,75,1.000000
AdministrativeRegion,flagCaption,75,75,1.000000
AdministrativeRegion,income,75,76,0.986842
AdministrativeRegion,iso,75,75,1.000000
AdministrativeRegion,periphunit,75,2433,0.030826
AdministrativeRegion,sepMeanC,75,111,0.675676
Person,debutstadium,74,810,0.091358
Person,firstCupRace,74,602,0.122924
Person,gender,74,5586,0.013247
Person,haircolor,74,826,0.089588
Person,lastRace,74,895,0.082682
Person,losses,74,3272,0.022616
Person,nationalteams,74,331,0.223565
Person,odisumpired,74,296,0.250000
Person,publishDate,74,86,0.860465
Person,rotoworld,74,74,1.000000
Person,sbkTotalPoints,74,90,0.822222
Person,vertical,74,1364,0.054252
Person,wcpodiums,74,433,0.170901
Star,radiusEarth,74,80,0.925000
AdministrativeRegion,logosize,74,337,0.219585
AdministrativeRegion,text,74,80,0.925000
AdministrativeRegion,yearDeputy,74,101,0.732673
Person,discipline,73,1399,0.052180
Person,125TotalPoints,73,146,0.500000
Person,1y,73,370,0.197297
Person,doctoralAdvisors,73,73,1.000000
Person,domesticteams,73,443,0.164786
Person,ga,73,167,0.437126
Person,gpPodiums,73,430,0.169767
Person,hrank,73,148,0.493243
Person,natlcoach,73,141,0.517730
Person,post4preceded,73,77,0.948052
Person,ruSevensnationalcomp,73,210,0.347619
Person,t20icap,73,386,0.189119
Person,tenSplit,73,1177,0.062022
Person,treasury,73,91,0.802198
Person,treasuryEnd,73,74,0.986486
Person,tvbanniversaryawards,73,348,0.209770
Species,colour,73,3678,0.019848
AdministrativeRegion,janHumidity,73,120,0.608333
AdministrativeRegion,populationAsOf,73,6248,0.011684
Person,above,72,73,0.986301
Person,facebook,72,72,1.000000
Person,goldenmelodyawards,72,123,0.585366
Person,heightM,72,1231,0.058489
Person,lastCupRace,72,516,0.139535
Person,notableRoles,72,72,1.000000
Person,otherRelatives,72,74,0.972973
Person,repcaps(points)_,72,369,0.195122
Person,ruCurrentposition,72,331,0.217523
Person,ruYouthclubs,72,84,0.857143
Person,stat5label,72,618,0.116505
Person,targets,72,86,0.837209
Person,treasuryStart,72,75,0.960000
AdministrativeRegion,bird,72,95,0.757895
AdministrativeRegion,edwards,72,99,0.727273
AdministrativeRegion,julMeanC,72,111,0.648649
Person,highestBreak,71,392,0.181122
Person,administratingYears,71,168,0.422619
Person,draftYear,71,12984,0.005468
Person,gf,71,163,0.435583
Star,k,71,73,0.972603
AdministrativeRegion,demonym,71,71,1.000000
AdministrativeRegion,novHumidity,71,120,0.591667
Person,nllDraft,70,251,0.278884
Person,post4followed,70,77,0.909091
Person,regionals,70,112,0.625000
Person,vicePresident,70,83,0.843373
Species,vitaUg,70,98,0.714286
AdministrativeRegion,decHumidity,70,120,0.583333
AdministrativeRegion,pushpinMapCaption,70,271,0.258303
Person,hallOfFame,69,294,0.234694
Person,almamater,69,88,0.784091
Person,b,69,1090,0.063303
Person,notableSongs,69,70,0.985714
Person,practiceName,69,79,0.873418
Person,professional,69,398,0.173367
Person,societies,69,94,0.734043
Person,stateEnd,69,72,0.958333
Person,stateStart,69,74,0.932432
Person,totalpodiums,69,545,0.126606
Person,units,69,80,0.862500
Person,worldDartsTrophy,69,119,0.579832
Species,group,69,115,0.600000
AdministrativeRegion,augMeanC,69,111,0.621622
AdministrativeRegion,popLatest,69,69,1.000000
Person,coachyearastart,68,143,0.475524
Person,dateOfRet,68,71,0.957746
Person,disappearedStatus,68,90,0.755556
Person,espnSchoolid,68,226,0.300885
Person,fatalities,68,272,0.250000
Person,nfldraftedteam,68,365,0.186301
Person,skis,68,479,0.141962
AdministrativeRegion,associationWebsite,68,68,1.000000
AdministrativeRegion,augHumidity,68,120,0.566667
AdministrativeRegion,licensePlates,68,68,1.000000
AdministrativeRegion,locName,68,68,1.000000
AdministrativeRegion,octHumidity,68,120,0.566667
AdministrativeRegion,subdivisionName,68,177,0.384181
Person,coachSport,67,2038,0.032875
Person,coachStart,67,561,0.119430
Person,electionDate,67,137,0.489051
Person,ort,67,97,0.690722
Person,repyears,67,1409,0.047551
Person,rlNationalyears,67,147,0.455782
Person,ruCoachupdate,67,75,0.893333
Person,spalte,67,68,0.985294
Person,synagogue,67,74,0.905405
Species,subclassisAuthority,67,120,0.558333
AdministrativeRegion,city,67,163,0.411043
AdministrativeRegion,districtsList,67,69,0.971014
AdministrativeRegion,junHumidity,67,119,0.563025
AdministrativeRegion,pop2010censusRank,67,67,1.000000
Person,archbishopName,66,66,1.000000
Person,baftaawards,66,79,0.835443
Person,cfbhofYear,66,350,0.188571
Person,coachpfr,66,66,1.000000
Person,issues,66,75,0.880000
Person,partyyears,66,1673,0.039450
Person,scoutRefTitle,66,400,0.165000
Person,traditionMovement,66,136,0.485294
AdministrativeRegion,areaWaterPercent,66,185,0.356757
AdministrativeRegion,dateCreated,66,312,0.211538
AdministrativeRegion,episcopalVicar,66,67,0.985075
AdministrativeRegion,febHumidity,66,120,0.550000
AdministrativeRegion,yearEvent,66,77,0.857143
Person,company,65,71,0.915493
Person,fedcupresult,65,393,0.165394
Person,firstWin,65,172,0.377907
Person,halloffame,65,294,0.221088
Person,heading,65,86,0.755814
Person,historicalProfile,65,70,0.928571
Person,moto2TotalPoints,65,113,0.575221
Person,mrstage,65,65,1.000000
Person,piccap,65,65,1.000000
Person,rrstage,65,65,1.000000
Person,starring,65,65,1.000000
Person,yeardend,65,116,0.560345
Person,yeshiva,65,103,0.631068
Species,sodiumMg,65,174,0.373563
Star,primary,65,87,0.747126
AdministrativeRegion,language,65,130,0.500000
AdministrativeRegion,state,65,3036,0.021410
AdministrativeRegion,areaKm2Rank,65,67,0.970149
AdministrativeRegion,householdSize,65,85,0.764706
AdministrativeRegion,sepHumidity,65,120,0.541667
AdministrativeRegion,yearMeanC,65,84,0.773810
Person,2y,64,354,0.180791
Person,adoptivesons,64,70,0.914286
Person,evian,64,173,0.369942
Person,officialWebsite,64,64,1.000000
Person,otherTeam,64,84,0.761905
Person,pharaoh,64,97,0.659794
Person,reppoints,64,629,0.101749
Person,season1LooseBalls,64,80,0.800000
Person,tl,64,64,1.000000
Person,wsopMoneyFinishes,64,641,0.099844
Species,col,64,64,1.000000
Species,infraclassis,64,1300,0.049231
Species,jockey,64,88,0.727273
Species,source,64,67,0.955224
Galaxy,credit,64,263,0.243346
AdministrativeRegion,aprHumidity,64,120,0.533333
AdministrativeRegion,marHumidity,64,120,0.533333
Person,year,63,3332,0.018908
Person,a,63,63,1.000000
Person,coachyearaend,63,96,0.656250
Person,currentGroup,63,100,0.630000
Person,dname,63,63,1.000000
Person,knownfor,63,70,0.900000
Person,literaryWorks,63,64,0.984375
Person,manageyears,63,294,0.214286
Person,metropolis,63,76,0.828947
Person,rose,63,63,1.000000
Person,shortSummary,63,63,1.000000
Person,umpfcdebutyr,63,107,0.588785
Person,won,63,176,0.357955
Species,notableWine,63,79,0.797468
Species,color,63,4251,0.014820
Person,coachdebutyear,62,148,0.418919
Person,commonsSearch,62,62,1.000000
Person,endReason,62,251,0.247012
Person,firstAlbum,62,62,1.000000
Person,internationalyears,62,496,0.125000
Person,lastWin,62,143,0.433566
Person,nameNonen,62,62,1.000000
Person,penalties,62,74,0.837838
Person,primeMinister,62,74,0.837838
AdministrativeRegion,gdp,62,63,0.984127
AdministrativeRegion,populationpercent,62,176,0.352273
AdministrativeRegion,provElectionLast,62,913,0.067908
AdministrativeRegion,years,62,67,0.925373
Person,coachrecord,61,87,0.701149
Person,corType,61,296,0.206081
Person,electionTitle,61,480,0.127083
Person,familyName,61,189,0.322751
Person,firstCupWin,61,160,0.381250
Person,gcdid,61,61,1.000000
Person,imageAlt,61,62,0.983871
Person,ministeryears,61,476,0.128151
Person,notablework,61,62,0.983871
Person,officialname,61,61,1.000000
Person,patternB,61,67,0.910448
Person,photo,61,61,1.000000
Person,revision,61,62,0.983871
Person,seasons,61,752,0.081117
Person,stateSenate,61,3994,0.015273
Person,yearAdopted,61,103,0.592233
AdministrativeRegion,demographics1Info,61,61,1.000000
AdministrativeRegion,era,61,328,0.185976
AdministrativeRegion,pcwater,61,98,0.622449
Person,125RaceStarts,60,150,0.400000
Person,250TotalPoints,60,77,0.779221
Person,awardYears,60,323,0.185759
Person,int.DartsLeague,60,77,0.779221
Person,level,60,671,0.089419
Person,mainWork,60,60,1.000000
Person,motogpTotalPoints,60,82,0.731707
Person,pointsc,60,655,0.091603
Person,size,60,637,0.094192
Person,truckTopTens,60,399,0.150376
Person,vie,60,60,1.000000
Person,war,60,69,0.869565
AdministrativeRegion,julHumidity,60,120,0.500000
Person,addedDate,59,61,0.967213
Person,billStatus,59,162,0.364198
Person,coachingRecords,59,62,0.951613
Person,coConsecrator,59,64,0.921875
Person,deathplace,59,68,0.867647
Person,formerNllTeams,59,578,0.102076
Person,imprisoned,59,81,0.728395
Person,listaumpired,59,70,0.842857
Person,placeofbirth,59,60,0.983333
Person,prev,59,61,0.967213
Person,racquet,59,342,0.172515
Person,repcaps,59,727,0.081155
Person,season3LooseBalls,59,79,0.746835
Person,t20ishirt,59,81,0.728395
Person,tennishofyear,59,203,0.290640
AdministrativeRegion,council,59,863,0.068366
AdministrativeRegion,mayHumidity,59,119,0.495798
AdministrativeRegion,nutsCode,59,85,0.694118
Person,assist,58,58,1.000000
Person,bestwinyear,58,194,0.298969
Person,cfldraftedpick,58,544,0.106618
Person,dances,58,105,0.552381
Person,eyecolor,58,813,0.071341
Person,nomenhiero,58,60,0.966667
Person,podiums,58,1007,0.057597
Person,rebounds,58,58,1.000000
Person,spaceTime,58,62,0.935484
Species,tribe,58,87,0.666667
Species,unrankedClassis,58,49057,0.001182
Star,axisUnitless,58,67,0.865672
AdministrativeRegion,cofarms,58,59,0.983051
AdministrativeRegion,householdsOwnedPct,58,88,0.659091
Person,beatifiedBy,57,687,0.082969
Person,adoptivedaughters,57,66,0.863636
Person,band,57,483,0.118012
Person,buschCarTeam,57,100,0.570000
Person,coachregrecord,57,73,0.780822
Person,interior,57,64,0.890625
Person,interiorEnd,57,57,1.000000
Person,interiorStart,57,58,0.982759
Person,mc,57,57,1.000000
Person,nominee,57,57,1.000000
Person,paux,57,84,0.678571
Person,ratings,57,302,0.188742
Person,relatedActs,57,65,0.876923
Person,season4LooseBalls,57,77,0.740260
Person,vegas,57,73,0.780822
Species,order,57,111,0.513514
AdministrativeRegion,isPartOf,57,113,0.504425
AdministrativeRegion,householdsRentedPct,57,88,0.647727
AdministrativeRegion,industry,57,288,0.197917
AdministrativeRegion,officialSite,57,83,0.686747
AdministrativeRegion,type,57,6348,0.008979
AdministrativeRegion,y,57,61,0.934426
Person,altstyle,56,601,0.093178
Person,cfldraftedyear,56,654,0.085627
Person,coachyear3start,56,105,0.533333
Person,deathdate,56,58,0.965517
Person,domesticcaps,56,97,0.577320
Person,hangulstage,56,56,1.000000
Person,horushiero,56,57,0.982456
Person,lastCupWin,56,143,0.391608
Person,militaryData,56,64,0.875000
Person,placeOfConsecration,56,89,0.629213
Person,pmoyYear,56,88,0.636364
Person,rd1Team,56,63,0.888889
Person,rNo,56,410,0.136585
Person,ruAmclubcaps,56,72,0.777778
Person,thisAlbum,56,56,1.000000
Person,v,56,1081,0.051804
Species,jockey,56,79,0.708861
Species,betacaroteneUg,56,61,0.918033
AdministrativeRegion,admDataAsOf,56,1079,0.051900
AdministrativeRegion,federalSubject,56,1101,0.050863
AdministrativeRegion,munFormation1LeaderName,56,56,1.000000
Person,alternativeName,55,55,1.000000
Person,bordercolor,55,2409,0.022831
Person,britamateur,55,63,0.873016
Person,coachyear3end,55,82,0.670732
Person,creation,55,453,0.121413
Person,disciple,55,55,1.000000
Person,espnRefTitle,55,241,0.228216
Person,for,55,60,0.916667
Person,founded,55,78,0.705128
Person,heightCm,55,249,0.220884
Person,letter,55,3448,0.015951
Person,motogpRaceStarts,55,84,0.654762
Person,pmoyPreceded,55,83,0.662651
Person,pmoySucceeded,55,83,0.662651
Person,positions,55,230,0.239130
Person,season2LooseBalls,55,80,0.687500
Person,season7LooseBalls,55,66,0.833333
Species,country,55,3690,0.014905
Species,label,55,57,0.964912
AdministrativeRegion,demographics2Info,55,55,1.000000
AdministrativeRegion,surveyor,55,56,0.982143
AdministrativeRegion,x,55,62,0.887097
Person,4a,54,61,0.885246
Person,body,54,104,0.519231
Person,boxWin,54,205,0.263415
Person,bust,54,583,0.092624
Person,firstproshowyear,54,179,0.301676
Person,goalsa,54,2630,0.020532
Person,moto2RaceStarts,54,113,0.477876
Person,natjournal,54,54,1.000000
Person,notableAlbums,54,55,0.981818
Person,post2note,54,64,0.843750
Person,presidentStart,54,56,0.964286
Person,ruYearbstart,54,84,0.642857
Person,season5LooseBalls,54,75,0.720000
Person,season6LooseBalls,54,68,0.794118
Person,shrine,54,55,0.981818
Person,teamd,54,259,0.208494
Person,warEnd,54,55,0.981818
Species,icd,54,61,0.885246
AdministrativeRegion,assembly%23_,54,6182,0.008735
AdministrativeRegion,hanja,54,57,0.947368
AdministrativeRegion,ne,54,54,1.000000
Person,type,53,638,0.083072
Person,appearancesb,53,1767,0.029994
Person,consort,53,1143,0.046369
Person,european,53,73,0.726027
Person,extour,53,2787,0.019017
Person,formercountry,53,166,0.319277
Person,legendsm,53,53,1.000000
Person,myr,53,54,0.981481
Person,otherYears,53,87,0.609195
Person,post3years,53,178,0.297753
Person,presidentEnd,53,54,0.981481
Person,ruPoints,53,139,0.381295
Person,sponsor,53,63,0.841270
Person,stateHouse,53,6665,0.007952
Person,stepchildren,53,59,0.898305
Person,vicePresidentStart,53,56,0.946429
Person,warStart,53,55,0.963636
Species,alliance,53,510,0.103922
Species,l,53,53,1.000000
Star,epoch,53,2601,0.020377
AdministrativeRegion,jurisdiction,53,3138,0.016890
Person,eyeColor,52,1845,0.028184
Person,authorAbbreviationBot,52,52,1.000000
Person,cfhofyear,52,213,0.244131
Person,chinese,52,78,0.666667
Person,cupCarTeam,52,72,0.722222
Person,databasefootballcoach,52,52,1.000000
Person,debutleague,52,19567,0.002658
Person,grid,52,52,1.000000
Person,international,52,5064,0.010269
Person,lyrics,52,52,1.000000
Person,moto2Manufacturers,52,177,0.293785
Person,placeOfArrest,52,79,0.658228
Person,placeOfPriestlyOrdination,52,63,0.825397
Person,polishleague,52,175,0.297143
Person,repstatsend,52,152,0.342105
Person,ruRefereecomps,52,212,0.245283
Person,vicePresidentEnd,52,55,0.945455
Species,colourName,52,3904,0.013320
ChemicalCompound,image,52,52,1.000000
AdministrativeRegion,fullname,52,52,1.000000
AdministrativeRegion,literacyRate,52,55,0.945455
AdministrativeRegion,yearHumidity,52,99,0.525253
Person,draftRound,51,9533,0.005350
Person,appeared,51,51,1.000000
Person,bestBowling,51,19242,0.002650
Person,fieldgoals,51,4685,0.010886
Person,formerPartner,51,53,0.962264
Person,jahr,51,137,0.372263
Person,lost,51,165,0.309091
Person,manager,51,52,0.980769
Person,patriarchOf,51,186,0.274194
Person,ruSevensnationalteam,51,391,0.130435
Person,ruSevensupdate,51,79,0.645570
Person,ssTotalPoints,51,67,0.761194
Person,testsumpired,51,312,0.163462
Galaxy,ugc,51,51,1.000000
AdministrativeRegion,governmentType,51,139,0.366906
AdministrativeRegion,admittanceorder,51,52,0.980769
AdministrativeRegion,highestelev,51,51,1.000000
AdministrativeRegion,highestelevus,51,51,1.000000
AdministrativeRegion,highestpoint,51,51,1.000000
AdministrativeRegion,municipalities,51,131,0.389313
AdministrativeRegion,poprank,51,113,0.451327
AdministrativeRegion,suffragan,51,51,1.000000
AdministrativeRegion,sw,51,53,0.962264
AdministrativeRegion,timezone,51,544,0.093750
AdministrativeRegion,totalareaus,51,51,1.000000
AdministrativeRegion,visitationNum,51,59,0.864407
Person,armSpan,50,536,0.093284
Person,bdo,50,418,0.119617
Person,bestYear,50,62,0.806452
Person,dateOfArrest,50,71,0.704225
Person,draws,50,3452,0.014484
Person,heightm,50,256,0.195312
Person,hex,50,78,0.641026
Person,lastodiagainst,50,1703,0.029360
Person,logo,50,60,0.833333
Person,partyColour,50,1183,0.042265
Person,plays,50,3804,0.013144
Person,season8LooseBalls,50,62,0.806452
Person,selection,50,593,0.084317
Person,super,50,1101,0.045413
Person,workplace,50,53,0.943396
Person,wrestling,50,118,0.423729
Person,x,50,71,0.704225
Person,year7start,50,162,0.308642
Person,youthrepteam,50,80,0.625000
Species,luteinUg,50,51,0.980392
Species,subtribusAuthority,50,69,0.724638
Species,synonym,50,50,1.000000
AdministrativeRegion,border,50,54,0.925926
AdministrativeRegion,febSun,50,54,0.925926
AdministrativeRegion,lowerhouse,50,50,1.000000
AdministrativeRegion,upperhouse,50,50,1.000000
Person,individualisedGnd,49,49,1.000000
Person,amatpoints,49,472,0.103814
Person,amWin,49,113,0.433628
Person,beganskating,49,1124,0.043594
Person,bench,49,1233,0.039740
Person,compartment,49,49,1.000000
Person,concern,49,51,0.960784
Person,detainedAt,49,299,0.163880
Person,ethnic,49,100,0.490000
Person,euro,49,49,1.000000
Person,kickboxLoss,49,601,0.081531
Person,memorials,49,49,1.000000
Person,navy,49,61,0.803279
Person,semicha,49,68,0.720588
Person,tour,49,1956,0.025051
Person,workPlaces,49,67,0.731343
Species,commons,49,53,0.924528
Star,vR,49,76,0.644737
AdministrativeRegion,2010pop,49,49,1.000000
AdministrativeRegion,arearank,49,99,0.494949
AdministrativeRegion,augSun,49,54,0.907407
AdministrativeRegion,junSun,49,54,0.907407
AdministrativeRegion,lieutenantGovernor,49,49,1.000000
AdministrativeRegion,postalabbreviation,49,49,1.000000
AdministrativeRegion,provAbolished,49,338,0.144970
AdministrativeRegion,representative,49,93,0.526882
AdministrativeRegion,song,49,49,1.000000
Person,era,48,1191,0.040302
Person,badge,48,49,0.979592
Person,birthYear,48,60,0.800000
Person,cflwestallstar,48,286,0.167832
Person,coachfinalteam,48,55,0.872727
Person,cupPoles,48,567,0.084656
Person,injuries,48,168,0.285714
Person,moto3TotalPoints,48,74,0.648649
Person,navyEnd,48,49,0.979592
Person,navyStart,48,49,0.979592
Person,poles,48,1703,0.028186
Person,postEnd,48,48,1.000000
Person,postStart,48,48,1.000000
Person,prayer,48,49,0.979592
Person,restingPlaceCoordinates,48,48,1.000000
Person,rev,48,69,0.695652
Person,speaker,48,64,0.750000
Person,statleague,48,19505,0.002461
Person,umpiregames,48,58,0.827586
Person,usOpen,48,77,0.623377
Person,wsopMainEventBestFinishYear,48,411,0.116788
Species,gbif,48,48,1.000000
Species,speciesGroup,48,136,0.352941
AdministrativeRegion,admittancedate,48,49,0.979592
AdministrativeRegion,bishopTitle,48,955,0.050262
AdministrativeRegion,decSun,48,54,0.888889
AdministrativeRegion,eventPre,48,58,0.827586
AdministrativeRegion,imageAlt,48,48,1.000000
AdministrativeRegion,janSun,48,54,0.888889
AdministrativeRegion,julSun,48,54,0.888889
AdministrativeRegion,longMin,48,134,0.358209
Person,2blankname,47,95,0.494737
Person,aflallstar,47,106,0.443396
Person,championshipList,47,53,0.886792
Person,crank,47,53,0.886792
Person,fastestLaps,47,1492,0.031501
Person,firstYear,47,1011,0.046489
Person,goldenroosterawards,47,130,0.361538
Person,nickName,47,47,1.000000
Person,odidebutagainst,47,1806,0.026024
Person,papalName,47,47,1.000000
Person,urlname,47,47,1.000000
AdministrativeRegion,densityrank,47,50,0.940000
AdministrativeRegion,gdpPerCapita,47,50,0.940000
AdministrativeRegion,languages,47,50,0.940000
AdministrativeRegion,largestmetro,47,47,1.000000
AdministrativeRegion,novSun,47,54,0.870370
Person,electionDate,46,106,0.433962
Person,hairColor,46,1975,0.023291
Person,arrestingAuthority,46,60,0.766667
Person,birthday,46,48,0.958333
Person,debut2date,46,111,0.414414
Person,latestAlbum,46,46,1.000000
Person,pastexecutive,46,54,0.851852
Person,ruAppearancesa,46,269,0.171004
Person,since,46,181,0.254144
Person,usamateur,46,54,0.851852
Person,wonderlic,46,327,0.140673
AdministrativeRegion,aprSun,46,54,0.851852
AdministrativeRegion,flaglink,46,46,1.000000
AdministrativeRegion,flagLink,46,47,0.978723
AdministrativeRegion,former,46,47,0.978723
AdministrativeRegion,length,46,54,0.851852
AdministrativeRegion,octSun,46,54,0.851852
AdministrativeRegion,rōmaji,46,49,0.938776
AdministrativeRegion,sepSun,46,54,0.851852
Person,podiums,45,768,0.058594
Person,champCarTeam,45,51,0.882353
Person,coachteama,45,153,0.294118
Person,cupWins,45,572,0.078671
Person,disciplines,45,1240,0.036290
Person,finals,45,209,0.215311
Person,fsDate,45,1031,0.043647
Person,goalsb,45,1636,0.027506
Person,odidebutyear,45,1843,0.024417
Person,player,45,100,0.450000
Person,published,45,46,0.978261
Person,rivals,45,47,0.957447
ChemicalCompound,imagecaptionl,45,49,0.918367
AdministrativeRegion,fish,45,58,0.775862
AdministrativeRegion,marSun,45,54,0.833333
AdministrativeRegion,munFormation1RepresentativeBody,45,48,0.937500
AdministrativeRegion,reason,45,47,0.957447
AdministrativeRegion,se,45,47,0.957447
AdministrativeRegion,subdivisionType,45,212,0.212264
Person,baskhofYear,44,87,0.505747
Person,bowloutcome,44,1411,0.031184
Person,britishleague,44,221,0.199095
Person,callsign,44,44,1.000000
Person,child,44,48,0.916667
Person,combinedDate,44,1037,0.042430
Person,congresses,44,265,0.166038
Person,currentcoachteam,44,45,0.977778
Person,currentPosition,44,63,0.698413
Person,currentResidence,44,52,0.846154
Person,favoriteWaves,44,47,0.936170
Person,journal,44,46,0.956522
Person,lastodiyear,44,1743,0.025244
Person,married,44,45,0.977778
Person,mrph,44,52,0.846154
Person,named,44,44,1.000000
Person,opposed,44,62,0.709677
Person,pcFinals,44,62,0.709677
Person,ridername,44,44,1.000000
Person,ruYear3start,44,58,0.758621
Person,season3Assists,44,89,0.494382
Person,season9LooseBalls,44,55,0.800000
Person,spDate,44,1044,0.042146
Person,subjectName,44,44,1.000000
Person,titleholders,44,70,0.628571
Person,ttFirstWin,44,54,0.814815
Person,ttLastWin,44,54,0.814815
Person,umpodidebutyr,44,296,0.148649
Person,wcrelayspodiums,44,95,0.463158
Person,wikt,44,1051,0.041865
Species,marketingNames,44,44,1.000000
Species,rangeMap2Caption,44,49,0.897959
AdministrativeRegion,code,44,82,0.536585
AdministrativeRegion,type,44,173,0.254335
AdministrativeRegion,coa,44,44,1.000000
AdministrativeRegion,japanesename,44,47,0.936170
AdministrativeRegion,maySun,44,54,0.814815
AdministrativeRegion,mps,44,44,1.000000
AdministrativeRegion,party,44,534,0.082397
AdministrativeRegion,popYear,44,1579,0.027866
Person,250RaceStarts,43,77,0.558442
Person,altTitle,43,43,1.000000
Person,caughtDate,43,43,1.000000
Person,draftPickPba,43,304,0.141447
Person,draftround,43,9612,0.004474
Person,espnGrade,43,254,0.169291
Person,gpRaceWins,43,434,0.099078
Person,leftarm,43,97,0.443299
Person,polltype,43,295,0.145763
Person,prenomenhiero,43,44,0.977273
Person,rightarm,43,99,0.434343
Person,season10LooseBalls,43,49,0.877551
Person,son,43,43,1.000000
Person,super14years,43,1608,0.026741
Person,umpfclastyr,43,103,0.417476
Person,umpireyears,43,63,0.682540
Person,wcwins,43,413,0.104116
Person,year7end,43,92,0.467391
Species,sectioAuthority,43,75,0.573333
ChemicalCompound,imagecaptionr,43,47,0.914894
AdministrativeRegion,2000density,43,43,1.000000
AdministrativeRegion,areaTotalRank,43,45,0.955556
AdministrativeRegion,footer,43,43,1.000000
AdministrativeRegion,isoRegion,43,46,0.934783
AdministrativeRegion,latDeg,43,2579,0.016673
AdministrativeRegion,lengthus,43,51,0.843137
Person,additionalpodiums,42,323,0.130031
Person,agricultureStart,42,43,0.976744
Person,appearancesc,42,688,0.061047
Person,cfleastallstar,42,257,0.163424
Person,championship,42,3579,0.011735
Person,chartPosition,42,42,1.000000
Person,composer,42,42,1.000000
Person,houseType,42,983,0.042726
Person,internationalspan,42,110,0.381818
Person,owner,42,42,1.000000
Person,pbrankings,42,204,0.205882
Person,playingstyle,42,184,0.228261
Person,refs,42,53,0.792453
Person,season4Assists,42,84,0.500000
Person,season5Assists,42,83,0.506024
Person,season6Assists,42,72,0.583333
Person,truckCarTeam,42,64,0.656250
Person,universityteam,42,48,0.875000
Species,article,42,44,0.954545
AdministrativeRegion,deaneries,42,76,0.552632
AdministrativeRegion,denomination,42,1722,0.024390
AdministrativeRegion,imgcaption,42,44,0.954545
AdministrativeRegion,landareaus,42,42,1.000000
AdministrativeRegion,provRepPartyLink,42,326,0.128834
Person,address,41,41,1.000000
Person,baskhofId,41,41,1.000000
Person,debut2year,41,146,0.280822
Person,herausgeber,41,41,1.000000
Person,maidenname,41,41,1.000000
Person,poll,41,4254,0.009638
Person,stance,41,707,0.057992
Person,swedishleague,41,125,0.328000
Person,venerated,41,344,0.119186
AdministrativeRegion,region,41,93,0.440860
AdministrativeRegion,canparty,41,1294,0.031685
AdministrativeRegion,isoCode,41,54,0.759259
AdministrativeRegion,landarea,41,41,1.000000
AdministrativeRegion,religion,41,96,0.427083
AdministrativeRegion,schools,41,57,0.719298
Person,callSign,40,40,1.000000
Person,boxKowin,40,177,0.225989
Person,coachEnd,40,109,0.366972
Person,collaborator,40,41,0.975610
Person,commerceEnd,40,40,1.000000
Person,debutopponent,40,713,0.056101
Person,discipleOf,40,49,0.816327
Person,equipment,40,54,0.740741
Person,ft,40,1494,0.026774
Person,harvid,40,40,1.000000
Person,highestrank,40,468,0.085470
Person,icpositionh,40,96,0.416667
Person,laborStart,40,43,0.930233
Person,motogpManufacturers,40,172,0.232558
Person,notability,40,228,0.175439
Person,postText,40,40,1.000000
Person,reachIn,40,301,0.132890
Person,rrph,40,52,0.769231
Person,ruSevensnationalyears,40,433,0.092379
Person,ruTries,40,172,0.232558
Person,ruYear3end,40,46,0.869565
Person,sbkPodiums,40,132,0.303030
Person,sibling,40,40,1.000000
Person,site,40,43,0.930233
Person,stat24value,40,42,0.952381
Person,subWins,40,2077,0.019259
Person,umpodilastyr,40,221,0.180995
Person,wghofyear,40,126,0.317460
Person,worldchampion,40,44,0.909091
ChemicalCompound,reason,40,41,0.975610
AdministrativeRegion,2000densityus,40,41,0.975610
AdministrativeRegion,altoffsp,40,40,1.000000
AdministrativeRegion,anthem,40,67,0.597015
AdministrativeRegion,citySeal,40,41,0.975610
AdministrativeRegion,currency,40,64,0.625000
AdministrativeRegion,titleDeputy,40,62,0.645161
AdministrativeRegion,waterarea,40,41,0.975610
Person,agricultureEnd,39,41,0.951220
Person,commerceStart,39,40,0.975000
Person,districtOrd,39,424,0.091981
Person,domesticyears,39,438,0.089041
Person,draftedround,39,859,0.045402
Person,englishName,39,39,1.000000
Person,firstBuschRace,39,514,0.075875
Person,formerMllTeams,39,230,0.169565
Person,icpositionf,39,95,0.410526
Person,imageWidth,39,271,0.143911
Person,isbn,39,118,0.330508
Person,kingdom,39,351,0.111111
Person,laborEnd,39,41,0.951220
Person,lastt20iagainst,39,451,0.086475
Person,lpgawins,39,310,0.125806
Person,moto3RaceStarts,39,74,0.527027
Person,nebtyhiero,39,39,1.000000
Person,nfldraftedround,39,2010,0.019403
Person,notableFilms,39,39,1.000000
Person,organisationposition,39,55,0.709091
Person,parent,39,39,1.000000
Person,percent,39,39,1.000000
Person,pos,39,2695,0.014471
Person,recorded,39,47,0.829787
Person,season5Goals,39,69,0.565217
Person,seiten,39,42,0.928571
Person,thdl,39,39,1.000000
Person,uflstatvalue,39,62,0.629032
Person,western,39,51,0.764706
Person,yearestart,39,67,0.582090
Species,kingdom,39,284532,0.000137
Species,reference,39,39,1.000000
Species,regnum,39,283447,0.000138
Species,type,39,2139891,0.000018
Galaxy,size,39,44,0.886364
AdministrativeRegion,leaderTitle,39,174,0.224138
AdministrativeRegion,adminHq,39,39,1.000000
AdministrativeRegion,countyCouncil,39,42,0.928571
AdministrativeRegion,eventPost,39,41,0.951220
AdministrativeRegion,nw,39,40,0.975000
AdministrativeRegion,waterareaus,39,39,1.000000
AdministrativeRegion,widthus,39,51,0.764706
AdministrativeRegion,yearRainDays,39,40,0.975000
AdministrativeRegion,yearRainMm,39,42,0.928571
Person,agriculture,38,44,0.863636
Person,firstascents,38,45,0.844444
Person,horusHiero,38,38,1.000000
Person,labor,38,44,0.863636
Person,locality,38,48,0.791667
Person,mmaSubwin,38,1789,0.021241
Person,nationalfilmawards,38,45,0.844444
Person,nomenHiero,38,38,1.000000
Person,notableAscents,38,38,1.000000
Person,oldid,38,39,0.974359
Person,pastadmin,38,43,0.883721
Person,perp,38,39,0.974359
Person,pojchinesename,38,38,1.000000
Person,sbkLastPosition,38,76,0.500000
Person,season1Assists,38,88,0.431818
Person,soogames(goals)_,38,502,0.075697
Person,stat6label,38,278,0.136691
Person,subscribers,38,39,0.974359
Species,amount,38,39,0.974359
Species,author,38,43,0.883721
ChemicalCompound,date,38,83,0.457831
AdministrativeRegion,datePre,38,43,0.883721
AdministrativeRegion,lonDeg,38,2444,0.015548
AdministrativeRegion,longitude,38,54,0.703704
AdministrativeRegion,mammal,38,47,0.808511
AdministrativeRegion,meanelev,38,51,0.745098
AdministrativeRegion,meanelevus,38,51,0.745098
AdministrativeRegion,villageCouncils,38,171,0.222222
Person,247Overall,37,41,0.902439
Person,afldraftedround,37,174,0.212644
Person,coachyear4start,37,52,0.711538
Person,commerce,37,41,0.902439
Person,crewchief,37,66,0.560606
Person,dateOfDiaconalOrdination,37,37,1.000000
Person,disciples,37,37,1.000000
Person,final2team,37,51,0.725490
Person,ground,37,52,0.711538
Person,hkfcsawards,37,150,0.246667
Person,imageFile,37,37,1.000000
Person,imagewidth,37,453,0.081678
Person,in,37,1523,0.024294
Person,industry,37,50,0.740000
Person,keyPeople,37,37,1.000000
Person,lastBuschRace,37,452,0.081858
Person,otop,37,85,0.435294
Person,pgawins,37,685,0.054015
Person,post5preceded,37,37,1.000000
Person,prospectLeague,37,727,0.050894
Person,question,37,37,1.000000
Person,result,37,357,0.103641
Person,ruPointsa,37,211,0.175355
Person,ruRefereeapps,37,56,0.660714
Person,scoreb,37,46,0.804348
Person,season2PenaltyMinutes,37,86,0.430233
Person,season3Goals,37,79,0.468354
Person,season5PenaltyMinutes,37,78,0.474359
Person,season8Assists,37,62,0.596774
Person,ssRaceStarts,37,70,0.528571
Species,country,37,2612,0.014165
Species,wikiPageRedirects,37,59,0.627119
Species,pedigree,37,48,0.770833
Species,subsectio,37,76,0.486842
Star,sn,37,173,0.213873
ChemicalCompound,imagesizel,37,443,0.083521
AdministrativeRegion,capitalLongM,37,55,0.672727
AdministrativeRegion,category,37,142,0.260563
Person,speaker,36,44,0.818182
Person,125LastPosition,36,102,0.352941
Person,3y,36,126,0.285714
Person,afldraftround,36,251,0.143426
Person,australianopenresult,36,2323,0.015497
Person,coachyearbstart,36,44,0.818182
Person,conducted,36,36,1.000000
Person,confederation,36,547,0.065814
Person,gpFastestLaps,36,425,0.084706
Person,grandSlamVictories,36,201,0.179104
Person,judge,36,36,1.000000
Person,mainCharTeam,36,36,1.000000
Person,moto3LastPosition,36,74,0.486486
Person,openparl,36,36,1.000000
Person,otherInterests,36,36,1.000000
Person,patternLa,36,42,0.857143
Person,post5followed,36,37,0.972973
Person,rlNationalteam,36,174,0.206897
Person,rlPosition,36,178,0.202247
Person,scorea,36,49,0.734694
Person,season11LooseBalls,36,42,0.857143
Person,season1TeamLink,36,97,0.371134
Person,season2Goals,36,82,0.439024
Person,season3PenaltyMinutes,36,85,0.423529
Person,season4Goals,36,76,0.473684
Person,season7Assists,36,69,0.521739
Person,shorts,36,86,0.418605
Person,tp,36,36,1.000000
Person,wikititle,36,36,1.000000
Person,worldsteams,36,525,0.068571
ChemicalCompound,caption,36,36,1.000000
AdministrativeRegion,capitalElevation,36,40,0.900000
AdministrativeRegion,leader,36,36,1.000000
AdministrativeRegion,capitalElevation,36,40,0.900000
AdministrativeRegion,line,36,159,0.226415
AdministrativeRegion,near,36,36,1.000000
AdministrativeRegion,rite,36,2991,0.012036
AdministrativeRegion,routeMarker,36,36,1.000000
Person,amatcaps,35,474,0.073840
Person,battlesLabel,35,243,0.144033
Person,careerFootnotes,35,403,0.086849
Person,careerTeams,35,45,0.777778
Person,coachfinalyear,35,56,0.625000
Person,daughter,35,35,1.000000
Person,draftYearPba,35,370,0.094595
Person,goldenglobeawards,35,39,0.897436
Person,gpChampionships,35,248,0.141129
Person,management,35,42,0.833333
Person,otherwins,35,1108,0.031588
Person,parlinfo,35,35,1.000000
Person,previousTeams,35,43,0.813953
Person,pupil,35,35,1.000000
Person,sammelwerk,35,35,1.000000
Person,sbkActiveYears,35,92,0.380435
Person,season2Assists,35,93,0.376344
Person,season4PenaltyMinutes,35,77,0.454545
Person,season6Goals,35,63,0.555556
Person,socks,35,85,0.411765
Person,spoken,35,105,0.333333
Person,sucType,35,618,0.056634
Person,universe,35,44,0.795455
Person,views,35,36,0.972222
Species,unrankedPhylum,35,260,0.134615
ChemicalCompound,imagesizer,35,453,0.077263
AdministrativeRegion,alt,35,35,1.000000
AdministrativeRegion,areaAsOf,35,143,0.244755
AdministrativeRegion,largestcity,35,51,0.686275
AdministrativeRegion,leaderParty,35,89,0.393258
AdministrativeRegion,mayorParty,35,409,0.085575
AdministrativeRegion,onsCode,35,42,0.833333
Person,prospectLeague,34,725,0.046897
Person,sportCountry,34,149,0.228188
Person,adoptivechildren,34,40,0.850000
Person,allies,34,63,0.539683
Person,associatedArtists,34,35,0.971429
Person,cfldraftpick,34,58,0.586207
Person,draftRound,34,3910,0.008696
Person,f,34,667,0.050975
Person,firstBuschWin,34,133,0.255639
Person,frenchopenresult,34,2598,0.013087
Person,hangulph,34,48,0.708333
Person,headquarters,34,36,0.944444
Person,issuePipe,34,334,0.101796
Person,job,34,38,0.894737
Person,label(s)_,34,36,0.944444
Person,marriedTo,34,34,1.000000
Person,notableAwards,34,34,1.000000
Person,oleft,34,86,0.395349
Person,operation,34,42,0.809524
Person,otherElements,34,41,0.829268
Person,post4years,34,78,0.435897
Person,prenomenHiero,34,35,0.971429
Person,saTotalPoints,34,34,1.000000
Person,season2TeamLink,34,94,0.361702
Person,season7Goals,34,59,0.576271
Person,sect,34,72,0.472222
Person,showName,34,34,1.000000
Person,signatureSize,34,122,0.278689
Person,stageName,34,34,1.000000
Person,swing,34,50,0.680000
Person,t20idebutagainst,34,511,0.066536
Person,triesa,34,2677,0.012701
Person,uniformNumber,34,43,0.790698
Person,yearsInCup,34,602,0.056478
Species,month,34,3431,0.009910
Species,polyfat,34,34,1.000000
Species,satfat,34,34,1.000000
Species,symbol,34,34,1.000000
AdministrativeRegion,escutcheon,34,34,1.000000
AdministrativeRegion,fedCreated,34,525,0.064762
AdministrativeRegion,lowestpoint,34,48,0.708333
AdministrativeRegion,officialLangList,34,38,0.894737
AdministrativeRegion,phoneCode,34,141,0.241135
Person,amateurTeam,33,87,0.379310
Person,boots,33,178,0.185393
Person,cesarawards,33,39,0.846154
Person,clubname,33,33,1.000000
Person,colleges,33,164,0.201220
Person,coronet,33,324,0.101852
Person,dateOfChristening,33,33,1.000000
Person,dateOfRelease,33,37,0.891892
Person,enemies,33,61,0.540984
Person,friends,33,33,1.000000
Person,grandChildren,33,34,0.970588
Person,hips,33,518,0.063707
Person,majorTitles,33,36,0.916667
Person,militaryBlank,33,55,0.600000
Person,patternRa,33,38,0.868421
Person,relative,33,33,1.000000
Person,rlClubpoints,33,37,0.891892
Person,ruProvincepoints,33,48,0.687500
Person,season10Assists,33,49,0.673469
Person,season12LooseBalls,33,36,0.916667
Person,season1Goals,33,78,0.423077
Person,season8Goals,33,52,0.634615
Person,teame,33,69,0.478261
Person,tours(points)_,33,65,0.507692
Person,waist,33,520,0.063462
Person,writers,33,34,0.970588
Species,monofat,33,33,1.000000
Species,phylumAuthority,33,90,0.366667
Star,luminosityVisual,33,33,1.000000
AdministrativeRegion,currency,33,47,0.702128
AdministrativeRegion,arname,33,33,1.000000
AdministrativeRegion,datePost,33,35,0.942857
AdministrativeRegion,districts,33,278,0.118705
AdministrativeRegion,govAsOf,33,66,0.500000
AdministrativeRegion,nuts,33,64,0.515625
AdministrativeRegion,officiallang,33,76,0.434211
AdministrativeRegion,popDate,33,68,0.485294
AdministrativeRegion,symbolism,33,33,1.000000
Person,airForce,32,46,0.695652
Person,bindings,32,170,0.188235
Person,character,32,33,0.969697
Person,coachyear4end,32,45,0.711111
Person,daviscupresult,32,343,0.093294
Person,defense,32,35,0.914286
Person,defenseStart,32,33,0.969697
Person,distributor,32,33,0.969697
Person,endpage,32,35,0.914286
Person,filmfareawards,32,35,0.914286
Person,goldenhiero,32,32,1.000000
Person,hanjaph,32,42,0.761905
Person,hundredflowersawards,32,70,0.457143
Person,lastBuschWin,32,110,0.290909
Person,lon,32,32,1.000000
Person,mmaWin,32,144,0.222222
Person,moto2LastPosition,32,95,0.336842
Person,partner(s)_,32,32,1.000000
Person,politicalOffice,32,33,0.969697
Person,refereeappearances,32,68,0.470588
Person,reincarnationOf,32,33,0.969697
Person,season1PenaltyMinutes,32,83,0.385542
Person,season9Assists,32,55,0.581818
Person,sister,32,32,1.000000
Person,stepparents,32,35,0.914286
Person,temple,32,38,0.842105
Person,totalyears,32,48,0.666667
Person,tsn,32,32,1.000000
Person,uflstatlabel,32,67,0.477612
Person,umplistadebutyr,32,70,0.457143
Person,usopenresult,32,2694,0.011878
Person,voicetype,32,124,0.258065
Person,year8start,32,74,0.432432
Species,cholineMg,32,43,0.744186
Species,text,32,33,0.969697
Species,wikt,32,49,0.653061
Star,credit,32,49,0.653061
Star,posang,32,32,1.000000
AdministrativeRegion,timeZone,32,199,0.160804
AdministrativeRegion,capitalLatM,32,55,0.581818
AdministrativeRegion,medianhouseholdincome,32,32,1.000000
AdministrativeRegion,populationDensity,32,93,0.344086
AdministrativeRegion,prefix,32,57,0.561404
AdministrativeRegion,yearSun,32,35,0.914286
Person,bnf,31,31,1.000000
Person,bowlList,31,34,0.911765
Person,broadFt,31,1381,0.022448
Person,broadIn,31,1374,0.022562
Person,buschWins,31,484,0.064050
Person,careerEarnings,31,31,1.000000
Person,clpositionf,31,62,0.500000
Person,clupdate,31,45,0.688889
Person,defenseEnd,31,32,0.968750
Person,director,31,31,1.000000
Person,firstminister,31,159,0.194969
Person,goldenbauhiniaawards,31,146,0.212329
Person,headerstyle,31,80,0.387500
Person,inches,31,1462,0.021204
Person,koWins,31,2053,0.015100
Person,lang,31,219,0.141553
Person,lastFinish,31,69,0.449275
Person,latinName,31,31,1.000000
Person,mmaKowin,31,1814,0.017089
Person,moto3Manufacturers,31,134,0.231343
Person,nllDraftTeam,31,251,0.123506
Person,promotions,31,38,0.815789
Person,pv,31,37,0.837838
Person,qn,31,31,1.000000
Person,rd2Team,31,34,0.911765
Person,ruYearbend,31,36,0.861111
Person,season6PenaltyMinutes,31,72,0.430556
Person,spouseType,31,816,0.037990
Person,wimbledonresult,31,2824,0.010977
Person,winningcounties,31,52,0.596154
Person,wsj,31,31,1.000000
Species,data,31,31,1.000000
Species,infraordoAuthority,31,37,0.837838
Species,size,31,34,0.911765
ChemicalCompound,id,31,32,0.968750
AdministrativeRegion,elevation,31,36,0.861111
AdministrativeRegion,apostolicAdmin,31,33,0.939394
AdministrativeRegion,areaCouncilKm,31,31,1.000000
AdministrativeRegion,electdistrict,31,31,1.000000
AdministrativeRegion,elevationM,31,36,0.861111
AdministrativeRegion,munFormation1NoOfRuralSettlements,31,1038,0.029865
AdministrativeRegion,nationalAnthem,31,33,0.939394
AdministrativeRegion,noOfSelsovietsType,31,834,0.037170
Person,abilities,30,32,0.937500
Person,afiawards,30,38,0.789474
Person,amKowin,30,65,0.461538
Person,australianopendoublesresult,30,1431,0.020964
Person,candidate3Percent,30,30,1.000000
Person,candidate3Votes,30,31,0.967742
Person,colourText,30,203,0.147783
Person,dateOfElevation,30,36,0.833333
Person,day,30,366,0.081967
Person,debutyr,30,33,0.909091
Person,draftteam,30,69,0.434783
Person,gnd,30,30,1.000000
Person,goalsc,30,649,0.046225
Person,initiation,30,31,0.967742
Person,knownAs,30,31,0.967742
Person,landscape,30,1937,0.015488
Person,nameTranscription,30,32,0.937500
Person,noContests,30,1940,0.015464
Person,saPodiums,30,34,0.882353
Person,saRaceStarts,30,30,1.000000
Person,season4TeamLink,30,86,0.348837
Person,talk,30,44,0.681818
Person,weapon,30,355,0.084507
Person,webSite,30,30,1.000000
Person,z,30,30,1.000000
Species,eolid,30,30,1.000000
Species,subdivisio,30,1307,0.022953
Species,unrankedDivisio,30,48969,0.000613
Species,year,30,5020,0.005976
Star,galLat,30,30,1.000000
Star,galLon,30,30,1.000000
Star,differentFrom,30,31,0.967742
AdministrativeRegion,populationAsOf,30,100,0.300000
AdministrativeRegion,flagType,30,66,0.454545
AdministrativeRegion,lowestelev,30,51,0.588235
AdministrativeRegion,lowestelevus,30,51,0.588235
AdministrativeRegion,populationDemonym,30,30,1.000000
AdministrativeRegion,yearAdopted,30,34,0.882353
Person,appearancesd,29,211,0.137441
Person,capacity,29,50,0.580000
Person,caste,29,40,0.725000
Person,chairman,29,29,1.000000
Person,championshipLeague,29,37,0.783784
Person,designation,29,29,1.000000
Person,famousFlights,29,30,0.966667
Person,genre(s)_,29,34,0.852941
Person,gpPoles,29,426,0.068075
Person,handSpan,29,515,0.056311
Person,insignia,29,515,0.056311
Person,lonDeg,29,31,0.935484
Person,maritalStatus,29,115,0.252174
Person,mayor,29,29,1.000000
Person,nationalUpdate,29,34,0.852941
Person,nativeLang2Name,29,30,0.966667
Person,officialStatus,29,46,0.630435
Person,otherParty,29,30,0.966667
Person,paralympics,29,167,0.173653
Person,peakranking,29,37,0.783784
Person,placeofdeath,29,29,1.000000
Person,season3TeamLink,29,91,0.318681
Person,season7PenaltyMinutes,29,60,0.483333
Person,season8PenaltyMinutes,29,58,0.500000
Person,season9Goals,29,45,0.644444
Person,shapers,29,35,0.828571
Person,specialty,29,42,0.690476
Person,year8end,29,42,0.690476
Species,class,29,463,0.062635
Species,rangeMapWidth,29,2389,0.012139
Species,subfamily,29,65,0.446154
Species,vitaIu,29,32,0.906250
Galaxy,type,29,74,0.391892
ChemicalCompound,title,29,30,0.966667
AdministrativeRegion,affiliation,29,649,0.044684
AdministrativeRegion,popdate,29,49,0.591837
AdministrativeRegion,pushpinMap,29,944,0.030720
AdministrativeRegion,regierungsbezirk,29,183,0.158470
Person,sport,28,2302,0.012163
Person,vicePrimeMinister,28,29,0.965517
Person,allstars,28,1764,0.015873
Person,bats,28,21372,0.001310
Person,buschPoles,28,486,0.057613
Person,channelName,28,28,1.000000
Person,chiefminister,28,78,0.358974
Person,crewChief,28,28,1.000000
Person,decWins,28,2007,0.013951
Person,disability,28,57,0.491228
Person,dramadeskawards,28,35,0.800000
Person,fibaHofPlayer,28,28,1.000000
Person,finalleague,28,16238,0.001724
Person,frenchopendoublesresult,28,1468,0.019074
Person,horse,28,28,1.000000
Person,i,28,37,0.756757
Person,imagealt,28,28,1.000000
Person,lastAlbum,28,28,1.000000
Person,majorascents,28,35,0.800000
Person,motogpLastPosition,28,71,0.394366
Person,mpg,28,29,0.965517
Person,nebtyHiero,28,28,1.000000
Person,officialName,28,28,1.000000
Person,otherrolesyears,28,43,0.651163
Person,otherTitle,28,66,0.424242
Person,pfhof,28,28,1.000000
Person,realm,28,109,0.256881
Person,refereecomp,28,85,0.329412
Person,ruRefereeyears,28,143,0.195804
Person,season13LooseBalls,28,31,0.903226
Person,testdebutagainst,28,1791,0.015634
Person,topCcaRanking,28,191,0.146597
Person,triesb,28,1650,0.016970
Person,usopendoublesresult,28,1509,0.018555
Person,viceprimeminister,28,29,0.965517
Person,yearsInBusch,28,499,0.056112
Species,colour,28,3472,0.008065
Species,sex,28,3689,0.007590
Species,otherarticle,28,28,1.000000
Species,sex,28,3688,0.007592
Species,subclass,28,127,0.220472
Species,video,28,31,0.903226
AdministrativeRegion,areaCouncilRank,28,31,0.903226
AdministrativeRegion,col,28,28,1.000000
AdministrativeRegion,imageSize,28,1471,0.019035
AdministrativeRegion,route,28,33,0.848485
AdministrativeRegion,symbolType,28,52,0.538462
Person,250LastPosition,27,52,0.519231
Person,3namedata,27,27,1.000000
Person,alumnus,27,28,0.964286
Person,bestCanadaPos,27,36,0.750000
Person,blog,27,28,0.964286
Person,clcounty,27,2007,0.013453
Person,collegehofyear,27,42,0.642857
Person,duration,27,28,0.964286
Person,fatherName,27,27,1.000000
Person,final2year,27,49,0.551020
Person,formerteams,27,28,0.964286
Person,haircolour,27,128,0.210938
Person,heightFt,27,32241,0.000837
Person,heightinch,27,883,0.030578
Person,sr,27,1542,0.017510
Person,srAndState,27,80,0.337500
Person,material,27,29,0.931034
Person,mmaDecwin,27,1694,0.015939
Person,mncRom,27,27,1.000000
Person,nameExplanation,27,27,1.000000
Person,perps,27,28,0.964286
Person,playerName,27,27,1.000000
Person,pointsd,27,202,0.133663
Person,principalIdeas,27,28,0.964286
Person,relationship,27,34,0.794118
Person,relationships,27,27,1.000000
Person,relstyle,27,1238,0.021809
Person,saintTitle,27,109,0.247706
Person,saLastPoints,27,34,0.794118
Person,saManufacturers,27,69,0.391304
Person,sbkFastestLaps,27,132,0.204545
Person,season11Assists,27,40,0.675000
Person,sooteams,27,556,0.048561
Person,sort,27,30,0.900000
Person,strikeRate,27,32,0.843750
Person,superbowls,27,32,0.843750
Person,target,27,27,1.000000
Person,twenty20sumpired,27,84,0.321429
Person,typeofclimber,27,93,0.290323
Person,wimbledondoublesresult,27,1829,0.014762
Species,titel,27,29,0.931034
AdministrativeRegion,coordinatesType,27,45,0.600000
AdministrativeRegion,elecref,27,43,0.627907
AdministrativeRegion,food,27,31,0.870968
AdministrativeRegion,gdpPerCapitaUs$_,27,27,1.000000
AdministrativeRegion,gdpUs$_,27,27,1.000000
AdministrativeRegion,highSheriffName,27,27,1.000000
AdministrativeRegion,highSheriffOffice,27,27,1.000000
AdministrativeRegion,imagesize,27,809,0.033375
AdministrativeRegion,language,27,495,0.054545
AdministrativeRegion,latitude,27,53,0.509434
AdministrativeRegion,lordLieutenantName,27,27,1.000000
AdministrativeRegion,lordLieutenantOffice,27,27,1.000000
AdministrativeRegion,police,27,44,0.613636
AdministrativeRegion,settlementType,27,94,0.287234
AdministrativeRegion,nick,27,27,1.000000
Person,feastDay,26,27,0.962963
Person,archivedate,26,27,0.962963
Person,artists,26,27,0.962963
Person,bpmf,26,26,1.000000
Person,category,26,206,0.126214
Person,champwins,26,203,0.128079
Person,coachgamesa,26,92,0.282609
Person,currentCity,26,31,0.838710
Person,currentClub,26,30,0.866667
Person,fontsize,26,310,0.083871
Person,japwins,26,314,0.082803
Person,licenseDate,26,27,0.962963
Person,ocBs,26,41,0.634146
Person,ordainedDeaconBy,26,29,0.896552
Person,overseasCareerTeams,26,27,0.962963
Person,pdc,26,331,0.078550
Person,placeOfChristening,26,49,0.530612
Person,sbkRaceWins,26,119,0.218487
Person,studio,26,100,0.260000
Person,topic,26,29,0.896552
Person,wcseasons,26,446,0.058296
Person,websites,26,26,1.000000
Person,wsopFinalTables,26,179,0.145251
Species,gbifid,26,26,1.000000
Species,hazards,26,26,1.000000
Species,image2Width,26,684,0.038012
Species,imageSize,26,951,0.027340
Species,suborder,26,88,0.295455
Species,synonymsRef,26,45,0.577778
Species,type,26,1050,0.024762
ChemicalCompound,alt,26,28,0.928571
AdministrativeRegion,aprLowF,26,26,1.000000
AdministrativeRegion,fedElectionLast,26,414,0.062802
AdministrativeRegion,gssCode,26,26,1.000000
AdministrativeRegion,subregion,26,80,0.325000
Person,fastestLap,25,765,0.032680
Person,winsAtMajors,25,26,0.961538
Person,5a,25,26,0.961538
Person,aga,25,44,0.568182
Person,aux1Name,25,54,0.462963
Person,captionLeft,25,25,1.000000
Person,captionRight,25,25,1.000000
Person,cj,25,264,0.094697
Person,colyears,25,30,0.833333
Person,doctoralGraduates,25,25,1.000000
Person,draftTeamPba,25,370,0.067568
Person,gs,25,35,0.714286
Person,heightMetric,25,25,1.000000
Person,hiragana,25,25,1.000000
Person,lived,25,25,1.000000
Person,mnc,25,25,1.000000
Person,nextAlbum,25,25,1.000000
Person,nllTeam,25,210,0.119048
Person,nominations,25,34,0.735294
Person,otherWins,25,204,0.122549
Person,placeOfResidence,25,27,0.925926
Person,products,25,37,0.675676
Person,refereeyear1start,25,34,0.735294
Person,releaseDate,25,33,0.757576
Person,rlAmateurclubs,25,25,1.000000
Person,rpg,25,29,0.862069
Person,ruTeamb,25,89,0.280899
Person,sbkManufacturers,25,190,0.131579
Person,season10Goals,25,39,0.641026
Person,season12Assists,25,36,0.694444
Person,season5TeamLink,25,84,0.297619
Person,significantOther,25,25,1.000000
Person,wars,25,46,0.543478
Person,wcrelayswins,25,85,0.294118
Person,widthMetric,25,25,1.000000
Person,world,25,31,0.806452
Person,worldChamp,25,28,0.892857
Person,yearActive,25,29,0.862069
Person,yeshivaposition,25,86,0.290698
Person,yushos,25,513,0.048733
ChemicalCompound,highPh,25,26,0.961538
ChemicalCompound,indicatorName,25,25,1.000000
AdministrativeRegion,areaShare,25,32,0.781250
AdministrativeRegion,decHighF,25,26,0.961538
AdministrativeRegion,divs,25,36,0.694444
AdministrativeRegion,fossil,25,26,0.961538
AdministrativeRegion,gdpRank,25,25,1.000000
AdministrativeRegion,incomerank,25,31,0.806452
AdministrativeRegion,janHighF,25,26,0.961538
AdministrativeRegion,junHighF,25,26,0.961538
AdministrativeRegion,junLowF,25,26,0.961538
AdministrativeRegion,mapcaption,25,25,1.000000
AdministrativeRegion,marLowF,25,26,0.961538
AdministrativeRegion,mayLowF,25,26,0.961538
AdministrativeRegion,provname,25,25,1.000000
AdministrativeRegion,sortkey,25,25,1.000000
Person,isniId,24,24,1.000000
Person,att,24,212,0.113208
Person,auswins,24,118,0.203390
Person,badgenumber,24,26,0.923077
Person,banner,24,26,0.923077
Person,bsize,24,86,0.279070
Person,characters,24,26,0.923077
Person,cheight,24,85,0.282353
Person,coachteamb,24,48,0.500000
Person,colwidth,24,1407,0.017058
Person,countryRepresented,24,36,0.666667
Person,danishleague,24,43,0.558140
Person,dateofbirth,24,26,0.923077
Person,e,24,24,1.000000
Person,educationStart,24,25,0.960000
Person,findagrave,24,24,1.000000
Person,firstname,24,24,1.000000
Person,fourth,24,31,0.774194
Person,h,24,24,1.000000
Person,icprovince,24,2767,0.008674
Person,languagesSpoken,24,32,0.750000
Person,lastname,24,24,1.000000
Person,latDeg,24,30,0.800000
Person,livesIn,24,24,1.000000
Person,month,24,375,0.064000
Person,nllDraftYear,24,250,0.096000
Person,othername(s)_,24,24,1.000000
Person,presentPost,24,24,1.000000
Person,rd,24,36,0.666667
Person,saRaceWins,24,34,0.705882
Person,score,24,410,0.058537
Person,stat2year,24,66,0.363636
Person,ttPodiums,24,97,0.247423
Person,voiceType,24,63,0.380952
Person,worldchamp,24,27,0.888889
Person,wptMoneyFinishes,24,432,0.055556
Person,wuu,24,24,1.000000
Person,yearOfBirth,24,29,0.827586
Species,autor,24,27,0.888889
Species,link,24,24,1.000000
Species,superordoAuthority,24,25,0.960000
Species,superphylum,24,558,0.043011
Species,zoosectio,24,2290,0.010480
Star,data,24,24,1.000000
Galaxy,appmagB,24,24,1.000000
AdministrativeRegion,coordinatesRegion,24,47,0.510638
AdministrativeRegion,febLowF,24,26,0.923077
AdministrativeRegion,janLowF,24,26,0.923077
AdministrativeRegion,locLang,24,69,0.347826
AdministrativeRegion,longDeg,24,136,0.176471
AdministrativeRegion,mapAlt,24,28,0.857143
AdministrativeRegion,newspaper,24,24,1.000000
AdministrativeRegion,novHighF,24,26,0.923077
AdministrativeRegion,octLowF,24,26,0.923077
AdministrativeRegion,river,24,26,0.923077
AdministrativeRegion,sepHighF,24,26,0.923077
AdministrativeRegion,sepLowF,24,26,0.923077
AdministrativeRegion,size,24,135,0.177778
AdministrativeRegion,slogan,24,25,0.960000
AdministrativeRegion,soil,24,24,1.000000
AdministrativeRegion,suiIurisChurch,24,374,0.064171
Person,nominee,23,37,0.621622
Person,poles,23,763,0.030144
Person,supplementalDraftYear,23,54,0.425926
Person,4y,23,53,0.433962
Person,archiveurl,23,23,1.000000
Person,beehive,23,23,1.000000
Person,bodystyle,23,48,0.479167
Person,bowlopp,23,23,1.000000
Person,cfldraftedteam,23,554,0.041516
Person,clpositionh,23,62,0.370968
Person,course,23,62,0.370968
Person,cposition,23,57,0.403509
Person,currentLocation,23,25,0.920000
Person,dynastyname,23,40,0.575000
Person,fdDate,23,355,0.064789
Person,firstAired,23,23,1.000000
Person,hgf,23,46,0.500000
Person,isni,23,23,1.000000
Person,jlpgawins,23,59,0.389831
Person,leagues,23,52,0.442308
Person,more,23,527,0.043643
Person,oclc,23,23,1.000000
Person,patternSh,23,24,0.958333
Person,ppg,23,27,0.851852
Person,regnalName,23,23,1.000000
Person,regularrecord,23,26,0.884615
Person,ruYear4start,23,28,0.821429
Person,season10PenaltyMinutes,23,44,0.522727
Person,season1Year,23,93,0.247312
Person,season5PlayoffLooseBalls,23,57,0.403509
Person,season6PlayoffLooseBalls,23,49,0.469388
Person,season6TeamLink,23,76,0.302632
Person,statsUpdate,23,25,0.920000
Person,suppdraftyear,23,54,0.425926
Person,t20umpired,23,25,0.920000
Person,thesis1Title,23,23,1.000000
Person,tournamentList,23,23,1.000000
Person,ttContested,23,99,0.232323
Person,uslaxhof,23,24,0.958333
Person,ward,23,29,0.793103
Person,yearsAsAnNhlCoach,23,28,0.821429
Species,conservationStatusSystem,23,47294,0.000486
Species,causalAgents,23,24,0.958333
Species,statusSystem,23,47397,0.000485
Species,subregnum,23,743,0.030956
Species,superclassis,23,1148,0.020035
Species,virusGroup,23,1270,0.018110
ChemicalCompound,lowPh,23,26,0.884615
AdministrativeRegion,aprHighF,23,25,0.920000
AdministrativeRegion,augHighF,23,25,0.920000
AdministrativeRegion,augLowF,23,26,0.884615
AdministrativeRegion,commons,23,23,1.000000
AdministrativeRegion,decLowF,23,26,0.884615
AdministrativeRegion,febHighF,23,25,0.920000
AdministrativeRegion,fedAbolished,23,143,0.160839
AdministrativeRegion,government,23,66,0.348485
AdministrativeRegion,marHighF,23,26,0.884615
AdministrativeRegion,mayHighF,23,26,0.884615
AdministrativeRegion,novLowF,23,26,0.884615
AdministrativeRegion,octHighF,23,25,0.920000
AdministrativeRegion,tradabbreviation,23,23,1.000000
AdministrativeRegion,unitaryCouncil,23,23,1.000000
AdministrativeRegion,visitationYear,23,51,0.450980
Person,otherWins,22,119,0.184874
Person,whaDraftTeam,22,345,0.063768
Person,125Podiums,22,149,0.147651
Person,250Podiums,22,78,0.282051
Person,adopted,22,23,0.956522
Person,cfldraftedround,22,649,0.033898
Person,channel,22,23,0.956522
Person,coachyearbend,22,24,0.916667
Person,debutWork,22,23,0.956522
Person,educationEnd,22,23,0.956522
Person,energy,22,22,1.000000
Person,engine,22,30,0.733333
Person,final2date,22,22,1.000000
Person,financeStart,22,26,0.846154
Person,foundation,22,25,0.880000
Person,heExplains,22,22,1.000000
Person,memberships,22,22,1.000000
Person,missWorldAfrica,22,35,0.628571
Person,nation,22,65,0.338462
Person,originalreldate,22,22,1.000000
Person,originaltitle,22,22,1.000000
Person,post5years,22,38,0.578947
Person,prayerAttrib,22,22,1.000000
Person,previousVersions,22,29,0.758621
Person,quiver,22,33,0.666667
Person,residences,22,22,1.000000
Person,rlCoachyears,22,22,1.000000
Person,ruCoachteam,22,22,1.000000
Person,ruYear4end,22,24,0.916667
Person,saActiveYears,22,38,0.578947
Person,sc,22,658,0.033435
Person,season2Year,22,91,0.241758
Person,season7TeamLink,22,69,0.318841
Person,season9PenaltyMinutes,22,47,0.468085
Person,ssLastPosition,22,31,0.709677
Person,teampodiums,22,91,0.241758
Person,throws,22,21368,0.001030
Person,titleDate,22,39,0.564103
Person,transportation,22,24,0.916667
Person,uciregistration,22,77,0.285714
Person,uid,22,22,1.000000
Person,umplistalastyr,22,68,0.323529
Person,whaDraftTeam,22,345,0.063768
Person,worldsmedals,22,467,0.047109
Person,writtenby,22,22,1.000000
Person,year9start,22,31,0.709677
Species,copperMg,22,23,0.956522
Species,namebank,22,28,0.785714
Species,opt1v,22,23,0.956522
Species,section,22,1847,0.011911
Species,wines,22,22,1.000000
Star,periapsis,22,25,0.880000
AdministrativeRegion,color,22,606,0.036304
AdministrativeRegion,gemstone,22,26,0.846154
AdministrativeRegion,julLowF,22,26,0.846154
AdministrativeRegion,lat,22,22,1.000000
AdministrativeRegion,long,22,22,1.000000
AdministrativeRegion,popRank,22,26,0.846154
AdministrativeRegion,status,22,43,0.511628
AdministrativeRegion,utcOffset,22,153,0.143791
Person,aka,21,22,0.954545
Person,arrestPlace,21,25,0.840000
Person,associate,21,21,1.000000
Person,bannerimage,21,22,0.954545
Person,boxLoss,21,193,0.108808
Person,commander,21,21,1.000000
Person,current,21,32,0.656250
Person,danceDate,21,349,0.060172
Person,editor,21,22,0.954545
Person,energyEnd,21,22,0.954545
Person,energyStart,21,23,0.913043
Person,eptMoneyFinishes,21,238,0.088235
Person,eurowins,21,404,0.051980
Person,eyecolour,21,129,0.162791
Person,finance,21,26,0.807692
Person,financeEnd,21,25,0.840000
Person,firstFlightDate,21,22,0.954545
Person,firstTruckRace,21,413,0.050847
Person,firstTruckWin,21,88,0.238636
Person,function,21,21,1.000000
Person,innings,21,26,0.807692
Person,inventor,21,21,1.000000
Person,king,21,26,0.807692
Person,languagesspoken,21,52,0.403846
Person,lastodifor,21,34,0.617647
Person,lastTruckRace,21,354,0.059322
Person,lastTruckWin,21,62,0.338710
Person,missWorldAmericas,21,35,0.600000
Person,missWorldEurope,21,35,0.600000
Person,mllTeam,21,144,0.145833
Person,nb,21,33,0.636364
Person,nickname(s)_,21,21,1.000000
Person,nom,21,21,1.000000
Person,olivierawards,21,28,0.750000
Person,playerSport,21,727,0.028886
Person,portaldisp,21,254,0.082677
Person,premierLeague,21,27,0.777778
Person,pvPct,21,29,0.724138
Person,refereeyear1end,21,26,0.807692
Person,retired%23s,21,33,0.636364
Person,sbkLastSeason,21,77,0.272727
Person,season3PlayoffLooseBalls,21,50,0.420000
Person,season3Year,21,91,0.230769
Person,season4PlayoffLooseBalls,21,55,0.381818
Person,showMedals,21,19847,0.001058
Person,subLosses,21,1826,0.011501
Person,sunwins,21,124,0.169355
Person,super14points,21,39,0.538462
Person,translittitle,21,21,1.000000
Person,transportationEnd,21,25,0.840000
Person,transportationStart,21,25,0.840000
Person,triesc,21,651,0.032258
Person,vpName,21,24,0.875000
Person,winningclubs,21,21,1.000000
Species,j,21,21,1.000000
Species,meshid,21,22,0.954545
Species,pages,21,24,0.875000
Species,ref,21,52,0.403846
Species,sporeprintcolor,21,801,0.026217
Species,statusRef,21,21,1.000000
Species,totalWidth,21,40,0.525000
AdministrativeRegion,fedElectionFirst,21,526,0.039924
AdministrativeRegion,insect,21,33,0.636364
AdministrativeRegion,list,21,21,1.000000
AdministrativeRegion,votes%25_,21,21,1.000000
AdministrativeRegion,yearLowF,21,22,0.954545
Person,247RefTitle,20,26,0.769231
Person,allWriting,20,20,1.000000
Person,alttitle,20,20,1.000000
Person,amatyears,20,562,0.035587
Person,apg,20,27,0.740741
Person,arenafan,20,20,1.000000
Person,basedAt,20,27,0.740741
Person,bestChampPos,20,23,0.869565
Person,boxWidth,20,92,0.217391
Person,callnumber,20,20,1.000000
Person,captureStatus,20,32,0.625000
Person,chiefOfStaff,20,21,0.952381
Person,coachwinsa,20,91,0.219780
Person,colorText,20,214,0.093458
Person,crossover,20,88,0.227273
Person,degree,20,20,1.000000
Person,events,20,21,0.952381
Person,eventsort,20,152,0.131579
Person,explain,20,20,1.000000
Person,extraColumn,20,36,0.555556
Person,fname,20,20,1.000000
Person,formerTeam,20,23,0.869565
Person,goldenHiero,20,20,1.000000
Person,gp,20,26,0.769231
Person,grandslamsdoublesresults,20,1038,0.019268
Person,hga,20,43,0.465116
Person,ideology,20,21,0.952381
Person,ingredients,20,20,1.000000
Person,k,20,24,0.833333
Person,lasttestagainst,20,1599,0.012508
Person,letwins,20,119,0.168067
Person,lives,20,20,1.000000
Person,mccunereischauer,20,20,1.000000
Person,missUniverseChile,20,22,0.909091
Person,missWorldChile,20,23,0.869565
Person,mixedrecord,20,29,0.689655
Person,mmaSubloss,20,1392,0.014368
Person,moto2Podiums,20,113,0.176991
Person,motogpPodiums,20,82,0.243902
Person,movements,20,25,0.800000
Person,mtvasiaawards,20,37,0.540541
Person,museum,20,23,0.869565
Person,pfhofyear,20,28,0.714286
Person,post3note,20,22,0.909091
Person,quashed,20,21,0.952381
Person,rlNationalcaps,20,147,0.136054
Person,season11Goals,20,32,0.625000
Person,season14LooseBalls,20,25,0.800000
Person,season4Year,20,86,0.232558
Person,season7PlayoffLooseBalls,20,43,0.465116
Person,season8TeamLink,20,64,0.312500
Person,shoots,20,12738,0.001570
Person,ssActiveYears,20,53,0.377358
Person,timezone,20,42,0.476190
Person,truckWins,20,387,0.051680
Person,vicepremier,20,22,0.909091
Person,weburl,20,21,0.952381
Person,yeareend,20,25,0.800000
Person,youthcaps,20,21,0.952381
Person,youthrepyears,20,49,0.408163
Person,familyName,20,20,1.000000
Species,b,20,54,0.370370
Species,honors,20,26,0.769231
Species,lspnLetter,20,208,0.096154
Species,subject,20,20,1.000000
Star,apoapsis,20,20,1.000000
AdministrativeRegion,jurisdiction,20,2213,0.009038
AdministrativeRegion,altunosp,20,20,1.000000
AdministrativeRegion,areaImperial,20,20,1.000000
AdministrativeRegion,borderingstates,20,23,0.869565
AdministrativeRegion,coat,20,20,1.000000
AdministrativeRegion,divLink,20,21,0.952381
AdministrativeRegion,height,20,26,0.769231
AdministrativeRegion,regionMap,20,140,0.142857
AdministrativeRegion,tz2where,20,22,0.909091
AdministrativeRegion,yearHighF,20,22,0.909091
Person,about,19,111,0.171171
Person,agencies,19,20,0.950000
Person,agf,19,45,0.422222
Person,align,19,5960,0.003188
Person,amLoss,19,87,0.218391
Person,bc,19,44,0.431818
Person,bowlRecord,19,637,0.029827
Person,cat,19,602,0.031561
Person,charges,19,28,0.678571
Person,chiefOfStaffStart,19,21,0.904762
Person,cityofbirth,19,20,0.950000
Person,coachdraws,19,373,0.050938
Person,coachwin%25_,19,20,0.950000
Person,coatOfArmsAlt,19,22,0.863636
Person,currentstatus,19,29,0.655172
Person,deathstyle,19,743,0.025572
Person,decLosses,19,1905,0.009974
Person,evaTime,19,19,1.000000
Person,films,19,19,1.000000
Person,heightin,19,8585,0.002213
Person,hth,19,19,1.000000
Person,imgSize,19,80,0.237500
Person,interests,19,19,1.000000
Person,kickboxKoloss,19,265,0.071698
Person,koLosses,19,1871,0.010155
Person,lastPosition,19,23,0.826087
Person,linktext,19,24,0.791667
Person,locationCity,19,22,0.863636
Person,lonMin,19,21,0.904762
Person,maddhab,19,113,0.168142
Person,mmaDecloss,19,1553,0.012234
Person,mmaKoloss,19,1460,0.013014
Person,placeOfDiaconalOrdination,19,20,0.950000
Person,placeOfRelease,19,22,0.863636
Person,positionplain,19,48,0.395833
Person,postNoms,19,30,0.633333
Person,pretendFrom,19,20,0.950000
Person,r1votes,19,19,1.000000
Person,residency,19,22,0.863636
Person,rewardAmount,19,30,0.633333
Person,rlCoachclubs,19,21,0.904762
Person,ruGoals,19,93,0.204301
Person,runningmate,19,19,1.000000
Person,saChampionships,19,32,0.593750
Person,sbkPoles,19,131,0.145038
Person,season12Goals,19,27,0.703704
Person,season13Assists,19,29,0.655172
Person,season14Assists,19,25,0.760000
Person,season1PlayoffLooseBalls,19,36,0.527778
Person,season2GamesPlayed,19,93,0.204301
Person,season5Year,19,84,0.226190
Person,statweek,19,1569,0.012110
Person,survey,19,20,0.950000
Person,synagogueposition,19,57,0.333333
Person,tablewidth,19,198,0.095960
Person,thesis1Year,19,20,0.950000
Person,thesis2Title,19,19,1.000000
Person,totalCanadaRaces,19,38,0.500000
Person,totalChampRaces,19,23,0.826087
Person,truckPoles,19,387,0.049096
Person,umpirecrew,19,66,0.287879
Person,value,19,36,0.527778
Person,voices,19,19,1.000000
Person,vorgänger,19,19,1.000000
Person,yearsAsACoach,19,30,0.633333
Person,zeit,19,19,1.000000
Species,biolibid,19,19,1.000000
Species,diseasesdb,19,19,1.000000
Species,seriesAuthority,19,95,0.200000
Species,unrankedFamiliaAuthority,19,20,0.950000
Species,unrankedSubclassis,19,1342,0.014158
Galaxy,groupCluster,19,24,0.791667
ChemicalCompound,width,19,29,0.655172
AdministrativeRegion,congressionalDistrict,19,19,1.000000
AdministrativeRegion,grossDomesticProduct,19,20,0.950000
AdministrativeRegion,blankInfoSec,19,39,0.487179
AdministrativeRegion,cityType,19,546,0.034799
AdministrativeRegion,districtsMap,19,45,0.422222
AdministrativeRegion,establishedEvent,19,32,0.593750
AdministrativeRegion,julHighF,19,25,0.760000
AdministrativeRegion,mayorAsOf,19,420,0.045238
AdministrativeRegion,regionCoa,19,19,1.000000
AdministrativeRegion,rulingParty,19,40,0.475000
Person,shoots,18,13913,0.001294
Person,abovestyle,18,34,0.529412
Person,absent,18,324,0.055556
Person,almaMaters,18,19,0.947368
Person,alternateName,18,18,1.000000
Person,border,18,356,0.050562
Person,chapter,18,18,1.000000
Person,chiefMinister,18,22,0.818182
Person,clprovince,18,611,0.029460
Person,coachyear5start,18,27,0.666667
Person,conferenceTournament,18,29,0.620690
Person,dleague,18,18,1.000000
Person,educationalBackground,18,18,1.000000
Person,educationalQualifications,18,21,0.857143
Person,father'sName,18,18,1.000000
Person,favoriteManeuvers,18,29,0.620690
Person,firstAppearance,18,20,0.900000
Person,firstChampRace,18,24,0.750000
Person,formerSchool(s)_,18,19,0.947368
Person,geminiawards,18,21,0.857143
Person,headerimage,18,159,0.113208
Person,hobbies,18,19,0.947368
Person,icallireland,18,2700,0.006667
Person,instrument(s)_,18,27,0.666667
Person,labelX,18,18,1.000000
Person,linecolor,18,21,0.857143
Person,motogpActiveYears,18,61,0.295082
Person,nachfolger,18,18,1.000000
Person,ntUpdate,18,19,0.947368
Person,odidebutfor,18,32,0.562500
Person,partof,18,19,0.947368
Person,penname,18,18,1.000000
Person,penName,18,18,1.000000
Person,query,18,18,1.000000
Person,r,18,46,0.391304
Person,recordLabels,18,18,1.000000
Person,relative(s)_,18,18,1.000000
Person,rlAmateuryears,18,19,0.947368
Person,ruAppearancesb,18,71,0.253521
Person,saLastSeason,18,34,0.529412
Person,season10PlayoffLooseBalls,18,30,0.600000
Person,season1GamesPlayed,18,94,0.191489
Person,season6Year,18,76,0.236842
Person,season8PlayoffLooseBalls,18,33,0.545455
Person,season9PlayoffLooseBalls,18,43,0.418605
Person,skinColor,18,93,0.193548
Person,stateabb,18,34,0.529412
Person,suit,18,47,0.382979
Person,trans,18,18,1.000000
Person,volumenumber,18,18,1.000000
Person,womenshof,18,18,1.000000
Person,worldChampionshipAppearances,18,323,0.055728
Person,worldcup,18,31,0.580645
Person,wylie,18,19,0.947368
Species,alanine,18,18,1.000000
Species,arginine,18,18,1.000000
Species,asparticAcid,18,18,1.000000
Species,died,18,20,0.900000
Species,glutamicAcid,18,18,1.000000
Species,glycine,18,18,1.000000
Species,isoleucine,18,18,1.000000
Species,leucine,18,18,1.000000
Species,lysine,18,18,1.000000
Species,methionine,18,18,1.000000
Species,phenylalanine,18,18,1.000000
Species,proline,18,18,1.000000
Species,serine,18,18,1.000000
Species,threonine,18,18,1.000000
Species,tyrosine,18,18,1.000000
Species,unrankedTribus,18,48,0.375000
Species,valine,18,18,1.000000
Species,verlag,18,21,0.857143
Star,image,18,19,0.947368
Star,jK,18,18,1.000000
Galaxy,absmagV,18,19,0.947368
Galaxy,dec,18,23,0.782609
AdministrativeRegion,highestPlace,18,18,1.000000
AdministrativeRegion,areaPercent,18,19,0.947368
AdministrativeRegion,ethnicGroups,18,18,1.000000
AdministrativeRegion,longD,18,30,0.600000
AdministrativeRegion,nationalMotto,18,18,1.000000
AdministrativeRegion,periph,18,2453,0.007338
AdministrativeRegion,popPercent,18,18,1.000000
AdministrativeRegion,provRepLink,18,19,0.947368
AdministrativeRegion,rock,18,23,0.782609
AdministrativeRegion,see,18,22,0.818182
AdministrativeRegion,stdheb,18,18,1.000000
AdministrativeRegion,subdivisions,18,21,0.857143
Person,lastPosition,17,19,0.894737
Person,alternatemodes,17,17,1.000000
Person,arrestDate,17,22,0.772727
Person,wars,17,26,0.653846
Person,birthPlac,17,18,0.944444
Person,cfldraftyear,17,58,0.293103
Person,chiefOfStaffEnd,17,19,0.894737
Person,chruch,17,17,1.000000
Person,clapps(points)_,17,268,0.063433
Person,coachyearcstart,17,19,0.894737
Person,codriver,17,17,1.000000
Person,conferenceSeason,17,27,0.629630
Person,countryofbirth,17,35,0.485714
Person,currentyears,17,82,0.207317
Person,dated,17,42,0.404762
Person,debut2league,17,154,0.110390
Person,elevatedBy,17,33,0.515152
Person,europeanChampionshipAppearances,17,138,0.123188
Person,firstSeries,17,21,0.809524
Person,formation,17,20,0.850000
Person,grandfather,17,18,0.944444
Person,groups,17,18,0.944444
Person,hairColour,17,52,0.326923
Person,heartsAppearances,17,150,0.113333
Person,hofCoach,17,17,1.000000
Person,iccfworldchampion,17,17,1.000000
Person,inspiredBy,17,23,0.739130
Person,judges,17,17,1.000000
Person,kickboxingwins,17,19,0.894737
Person,latMin,17,21,0.809524
Person,loss,17,334,0.050898
Person,mmaLoss,17,136,0.125000
Person,musicVideos,17,56,0.303571
Person,nbaHistoricalProfile,17,17,1.000000
Person,notablerole,17,17,1.000000
Person,otherroles,17,41,0.414634
Person,participants,17,17,1.000000
Person,patternSo,17,19,0.894737
Person,pseudonyms,17,17,1.000000
Person,rthktop10goldsongsawards,17,24,0.708333
Person,runtime,17,27,0.629630
Person,season2PlayoffLooseBalls,17,43,0.395349
Person,season3GamesPlayed,17,90,0.188889
Person,season5GamesPlayed,17,84,0.202381
Person,season6GamesPlayed,17,75,0.226667
Person,season7Year,17,69,0.246377
Person,spg,17,26,0.653846
Person,statsLeague,17,1224,0.013889
Person,teachers,17,17,1.000000
Person,torse,17,23,0.739130
Person,totalapps,17,18,0.944444
Person,trainers,17,17,1.000000
Person,ttWins,17,96,0.177083
Person,turnedPro,17,27,0.629630
Person,warNavyEnd,17,21,0.809524
Person,warNavyStart,17,21,0.809524
Person,womensworldchampion,17,17,1.000000
Person,yearsInTruck,17,402,0.042289
Person,youthteams,17,18,0.944444
Species,eppoCodes,17,17,1.000000
Species,genera,17,17,1.000000
Species,histidine,17,18,0.944444
Species,hosts,17,26,0.653846
Species,jahr,17,27,0.629630
Species,parvordo,17,96,0.177083
Species,seiten,17,18,0.944444
Species,supertribus,17,290,0.058621
Species,taxid,17,17,1.000000
Species,trend,17,1156,0.014706
Species,unrankedGenus,17,22,0.772727
Star,absmagBol,17,18,0.944444
ChemicalCompound,section,17,17,1.000000
AdministrativeRegion,anthem,17,22,0.772727
AdministrativeRegion,border,17,17,1.000000
AdministrativeRegion,district,17,27,0.629630
AdministrativeRegion,agencyname,17,23,0.739130
AdministrativeRegion,armsLink,17,17,1.000000
AdministrativeRegion,chief1name,17,17,1.000000
AdministrativeRegion,demoElectorsDate,17,800,0.021250
AdministrativeRegion,longM,17,28,0.607143
AdministrativeRegion,popyear,17,573,0.029668
AdministrativeRegion,seallink,17,17,1.000000
AdministrativeRegion,selsovietType,17,834,0.020384
Person,hipSize,16,384,0.041667
Person,125Manufacturers,16,237,0.067511
Person,approval,16,18,0.888889
Person,associated,16,17,0.941176
Person,associatedActsBloodOfAbraham,16,16,1.000000
Person,bonusTracks,16,16,1.000000
Person,book,16,17,0.941176
Person,buchid,16,16,1.000000
Person,cflstatseason,16,78,0.205128
Person,civilpartner,16,16,1.000000
Person,clcountyh,16,155,0.103226
Person,coachlossesa,16,90,0.177778
Person,coachplayoffrecord,16,70,0.228571
Person,coachsinglestitles,16,24,0.666667
Person,coachyear5end,16,19,0.842105
Person,convictions,16,18,0.888889
Person,currentOccupation,16,17,0.941176
Person,edition,16,26,0.615385
Person,employers,16,16,1.000000
Person,g,16,21,0.761905
Person,goalsd,16,199,0.080402
Person,goldenbellawards,16,19,0.842105
Person,goyaawards,16,20,0.800000
Person,hofmethod,16,156,0.102564
Person,hofyear,16,28,0.571429
Person,housingAndUrbanDevelopment,16,17,0.941176
Person,initiator,16,16,1.000000
Person,instagram,16,16,1.000000
Person,itfName,16,16,1.000000
Person,lastAired,16,18,0.888889
Person,legend,16,1501,0.010660
Person,locationCountry,16,22,0.727273
Person,martyredBy,16,22,0.727273
Person,missPanamáUniverse,16,25,0.640000
Person,nationalgames(goals)_,16,156,0.102564
Person,objno,16,16,1.000000
Person,olympicsresult,16,388,0.041237
Person,optionName,16,32,0.500000
Person,ordinationReason,16,18,0.888889
Person,partyElection,16,28,0.571429
Person,patron,16,16,1.000000
Person,piste,16,16,1.000000
Person,postdoctoralFellows,16,16,1.000000
Person,prevCanadaPos,16,16,1.000000
Person,rd3Team,16,16,1.000000
Person,refereeyear2start,16,23,0.695652
Person,refnum,16,16,1.000000
Person,regularRecord,16,18,0.888889
Person,results,16,50,0.320000
Person,retirement,16,16,1.000000
Person,revisedromanization,16,16,1.000000
Person,s01v,16,16,1.000000
Person,saLastPosition,16,34,0.470588
Person,season10TeamLink,16,50,0.320000
Person,season11PenaltyMinutes,16,39,0.410256
Person,season12PenaltyMinutes,16,29,0.551724
Person,season13Goals,16,22,0.727273
Person,season4GamesPlayed,16,86,0.186047
Person,season8Year,16,64,0.250000
Person,section,16,75,0.213333
Person,sgpStarts,16,17,0.941176
Person,ssManufacturers,16,103,0.155340
Person,ssPodiums,16,68,0.235294
Person,subheader,16,16,1.000000
Person,sufiOrder,16,42,0.380952
Person,super14currentclub,16,21,0.761905
Person,thesis2Year,16,16,1.000000
Person,throne,16,22,0.727273
Person,totalWidth,16,33,0.484848
Person,transTitle,16,16,1.000000
Person,verdict,16,19,0.842105
Person,wctitles,16,386,0.041451
Person,year9end,16,17,0.941176
Person,youthgoals,16,21,0.761905
Species,audio,16,16,1.000000
Species,cystine,16,17,0.941176
Species,image2Alt,16,17,0.941176
Species,last,16,18,0.888889
Species,sign,16,16,1.000000
Species,superfamily,16,19,0.842105
Species,tryptophan,16,17,0.941176
Species,version,16,417,0.038369
Star,angdistsec,16,16,1.000000
Star,disk,16,26,0.615385
Star,jH,16,16,1.000000
Galaxy,galV,16,16,1.000000
Galaxy,mass,16,16,1.000000
Galaxy,ra,16,21,0.761905
Galaxy,differentFrom,16,17,0.941176
AdministrativeRegion,aprPrecipitationInch,16,16,1.000000
AdministrativeRegion,areaDunam,16,16,1.000000
AdministrativeRegion,capitalLatS,16,49,0.326531
AdministrativeRegion,capitalLongS,16,49,0.326531
AdministrativeRegion,continent,16,289,0.055363
AdministrativeRegion,decPrecipitationInch,16,16,1.000000
AdministrativeRegion,etymology,16,16,1.000000
AdministrativeRegion,exImageSize,16,617,0.025932
AdministrativeRegion,highestLocation,16,16,1.000000
AdministrativeRegion,julPrecipitationInch,16,16,1.000000
AdministrativeRegion,junPrecipitationInch,16,16,1.000000
AdministrativeRegion,latD,16,30,0.533333
AdministrativeRegion,latM,16,28,0.571429
AdministrativeRegion,mineral,16,20,0.800000
AdministrativeRegion,novPrecipitationInch,16,16,1.000000
AdministrativeRegion,octPrecipitationInch,16,16,1.000000
AdministrativeRegion,sepPrecipitationInch,16,16,1.000000
AdministrativeRegion,settlements,16,103,0.155340
AdministrativeRegion,t,16,16,1.000000
AdministrativeRegion,uncommitted,16,27,0.592593
Person,bustSize,15,316,0.047468
Person,formerHighschool,15,15,1.000000
Person,selection,15,583,0.025729
Person,sudocId,15,15,1.000000
Person,waistSize,15,394,0.038071
Person,125LastSeason,15,101,0.148515
Person,250RaceWins,15,77,0.194805
Person,3blankname,15,21,0.714286
Person,added,15,15,1.000000
Person,backgroundColor,15,15,1.000000
Person,bestResult,15,16,0.937500
Person,bishopconsecrated,15,243,0.061728
Person,brierAppearances,15,167,0.089820
Person,casualties,15,16,0.937500
Person,childrens,15,15,1.000000
Person,clcountyf,15,163,0.092025
Person,clubteam,15,23,0.652174
Person,competition,15,17,0.882353
Person,completeOrder,15,15,1.000000
Person,conferenceShort,15,34,0.441176
Person,currentPlace,15,18,0.833333
Person,dead,15,761,0.019711
Person,earnings,15,15,1.000000
Person,eraNames,15,15,1.000000
Person,facebookPage,15,15,1.000000
Person,firstComic,15,15,1.000000
Person,firstFlightAircraft,15,15,1.000000
Person,fr,15,721,0.020804
Person,goldstars,15,219,0.068493
Person,grandFather,15,18,0.833333
Person,height(inch)_,15,109,0.137615
Person,heightcm,15,20,0.750000
Person,helm,15,19,0.789474
Person,hero,15,409,0.036675
Person,homescore,15,15,1.000000
Person,housingAndUrbanDevelopmentEnd,15,17,0.882353
Person,housingAndUrbanDevelopmentStart,15,17,0.882353
Person,indic,15,15,1.000000
Person,internationalrole,15,494,0.030364
Person,keywords,15,15,1.000000
Person,kommentar,15,15,1.000000
Person,labelstyle,15,50,0.300000
Person,lasttestfor,15,56,0.267857
Person,latSeconds,15,15,1.000000
Person,living,15,107,0.140187
Person,longSeconds,15,15,1.000000
Person,loser,15,105,0.142857
Person,missEarthPanamá,15,25,0.600000
Person,missInternationalPanamá,15,25,0.600000
Person,missPhilippinesEarth,15,26,0.576923
Person,missUniverse,15,22,0.681818
Person,missWorldPanamá,15,25,0.600000
Person,motherTongue,15,27,0.555556
Person,moto3Podiums,15,74,0.202703
Person,motogpPoles,15,82,0.182927
Person,nameDecoration,15,15,1.000000
Person,ncaaeliteeight,15,18,0.833333
Person,notableWork(s)_,15,15,1.000000
Person,olympicteams,15,495,0.030303
Person,otherAppearances,15,20,0.750000
Person,post6preceded,15,15,1.000000
Person,previousOccupation,15,31,0.483871
Person,pubDate,15,15,1.000000
Person,recordLabel,15,15,1.000000
Person,relation,15,17,0.882353
Person,ruYouthyears,15,17,0.882353
Person,season11PlayoffLooseBalls,15,27,0.555556
Person,season13PenaltyMinutes,15,26,0.576923
Person,season15LooseBalls,15,15,1.000000
Person,season5PlayoffAssists,15,56,0.267857
Person,season6PlayoffAssists,15,45,0.333333
Person,season7GamesPlayed,15,69,0.217391
Person,season8GamesPlayed,15,64,0.234375
Person,season9Year,15,56,0.267857
Person,speciality,15,18,0.833333
Person,stat2league,15,133,0.112782
Person,supervisoryExperience,15,15,1.000000
Person,suspects,15,15,1.000000
Person,teamHomepage,15,18,0.833333
Person,titelerg,15,15,1.000000
Person,totalpoints,15,18,0.833333
Person,weightclass,15,21,0.714286
Species,1a,15,17,0.882353
Species,2a,15,17,0.882353
Species,at,15,19,0.789474
Species,division,15,111,0.135135
Species,parentAuthority,15,15,1.000000
Species,subphylumAuthority,15,19,0.789474
Species,upper,15,101,0.148515
Species,w,15,15,1.000000
AdministrativeRegion,isoCodeRegion,15,15,1.000000
AdministrativeRegion,officialLanguage,15,37,0.405405
AdministrativeRegion,utcOffset,15,91,0.164835
AdministrativeRegion,arbeiderpartiet,15,63,0.238095
AdministrativeRegion,augPrecipitationInch,15,16,0.937500
AdministrativeRegion,coadjutor,15,15,1.000000
AdministrativeRegion,dissolved,15,59,0.254237
AdministrativeRegion,febPrecipitationInch,15,16,0.937500
AdministrativeRegion,flagImage,15,39,0.384615
AdministrativeRegion,gazetted,15,58,0.258621
AdministrativeRegion,highest,15,15,1.000000
AdministrativeRegion,highestElevation,15,16,0.937500
AdministrativeRegion,janPrecipitationInch,15,16,0.937500
AdministrativeRegion,mapSize,15,181,0.082873
AdministrativeRegion,marPrecipitationInch,15,16,0.937500
AdministrativeRegion,mayPrecipitationInch,15,16,0.937500
AdministrativeRegion,nativeNameLang,15,81,0.185185
AdministrativeRegion,occupancy,15,85,0.176471
AdministrativeRegion,palgrid,15,18,0.833333
AdministrativeRegion,reptile,15,20,0.750000
AdministrativeRegion,stateanthem,15,15,1.000000
AdministrativeRegion,stateCoa,15,15,1.000000
AdministrativeRegion,subdivname,15,16,0.937500
AdministrativeRegion,timezoneDst,15,258,0.058140
AdministrativeRegion,year,15,17,0.882353
Person,rankingWins,14,54,0.259259
Person,seniority,14,377,0.037135
Person,125Poles,14,149,0.093960
Person,247School,14,24,0.583333
Person,250FastestLaps,14,78,0.179487
Person,250Manufacturers,14,104,0.134615
Person,250Poles,14,78,0.179487
Person,5p,14,15,0.933333
Person,abbr,14,28,0.500000
Person,actresses,14,14,1.000000
Person,al,14,45,0.311111
Person,almaeMatres,14,16,0.875000
Person,alternative,14,62,0.225806
Person,australianopenjuniorresult,14,156,0.089744
Person,awayscore,14,14,1.000000
Person,bestGneastPos,14,17,0.823529
Person,build,14,14,1.000000
Person,built,14,14,1.000000
Person,canadaTopTens,14,38,0.368421
Person,careerHighlight,14,14,1.000000
Person,christeningPlace,14,14,1.000000
Person,coachgamesb,14,33,0.424242
Person,code,14,3504,0.003995
Person,consecrated,14,14,1.000000
Person,creed,14,75,0.186667
Person,cwidth,14,86,0.162791
Person,doi,14,20,0.700000
Person,ev,14,22,0.636364
Person,famousWorks,14,14,1.000000
Person,firstCanadaRace,14,38,0.368421
Person,footnote,14,14,1.000000
Person,from,14,14,1.000000
Person,gridRef,14,14,1.000000
Person,hanjastage,14,14,1.000000
Person,"health,Education,AndWelfareEnd",14,14,1.000000
Person,"health,Education,AndWelfareStart",14,14,1.000000
Person,installed,14,14,1.000000
Person,kunya,14,14,1.000000
Person,lastChampRace,14,24,0.583333
Person,lawSchool,14,16,0.875000
Person,minister1Termend,14,18,0.777778
Person,missPhilippinesAir,14,26,0.538462
Person,missPhilippinesEcoTourism,14,26,0.538462
Person,missPhilippinesFire,14,26,0.538462
Person,missPhilippinesWater,14,26,0.538462
Person,mixedtitles,14,105,0.133333
Person,motogpRaceWins,14,83,0.168675
Person,newNameGiven,14,14,1.000000
Person,num,14,81,0.172840
Person,numEpisodes,14,18,0.777778
Person,originalName,14,14,1.000000
Person,os,14,14,1.000000
Person,perscoach,14,16,0.875000
Person,placeofburialCoordinates,14,14,1.000000
Person,played,14,15,0.933333
Person,politicalAffiliation,14,16,0.875000
Person,portrayed,14,14,1.000000
Person,presenter,14,26,0.538462
Person,quotation,14,15,0.933333
Person,r1votespercent,14,14,1.000000
Person,racingAircraft,14,28,0.500000
Person,rankingWins,14,54,0.259259
Person,retrieved,14,19,0.736842
Person,rows,14,6212,0.002254
Person,ruGoalsa,14,196,0.071429
Person,sales,14,14,1.000000
Person,season10Year,14,50,0.280000
Person,season11TeamLink,14,44,0.318182
Person,season13PlayoffLooseBalls,14,19,0.736842
Person,season14Goals,14,19,0.736842
Person,season14PenaltyMinutes,14,22,0.636364
Person,season3PlayoffAssists,14,53,0.264151
Person,season4PlayoffAssists,14,56,0.250000
Person,seneurowins,14,99,0.141414
Person,sgpFinals,14,16,0.875000
Person,sgpNo,14,15,0.933333
Person,significantBuilding,14,14,1.000000
Person,specimensonline,14,14,1.000000
Person,stat7value,14,14,1.000000
Person,sultanName,14,14,1.000000
Person,suppressedDate,14,16,0.875000
Person,symbol,14,15,0.933333
Person,testdebutfor,14,70,0.200000
Person,title(s)_,14,14,1.000000
Person,totalGneastRaces,14,27,0.518519
Person,tradition,14,23,0.608696
Person,uploadDesc,14,14,1.000000
Person,wantedBy,14,16,0.875000
Person,worldsgolds,14,312,0.044872
Person,wsopBraceletCount,14,639,0.021909
Person,xej,14,14,1.000000
Species,assessmentYear,14,307,0.045603
Species,interpro,14,14,1.000000
Species,langcode,14,28,0.500000
Species,pfam,14,14,1.000000
Species,unrankedSubordo,14,42,0.333333
Star,angdist,14,14,1.000000
Star,appmag1Passband,14,240,0.058333
Star,appmag2Passband,14,208,0.067308
Star,massMj,14,21,0.666667
Star,periargPrimary,14,14,1.000000
Star,seeAlso,14,16,0.875000
Galaxy,gc,14,14,1.000000
ChemicalCompound,highPhColor,14,25,0.560000
AdministrativeRegion,amphibian,14,16,0.875000
AdministrativeRegion,empire,14,31,0.451613
AdministrativeRegion,establishedType,14,47,0.297872
AdministrativeRegion,iucnCategory,14,926,0.015119
AdministrativeRegion,key,14,14,1.000000
AdministrativeRegion,longS,14,15,0.933333
AdministrativeRegion,popLatestDate,14,68,0.205882
AdministrativeRegion,provRepParty,14,646,0.021672
AdministrativeRegion,shield,14,14,1.000000
AdministrativeRegion,total,14,65,0.215385
AdministrativeRegion,urbanTypeSettlementOfDistrictSignificanceType,14,358,0.039106
AdministrativeRegion,urbanTypeSettlements,14,162,0.086420
Person,125RaceWins,13,149,0.087248
Person,1optionName,13,23,0.565217
Person,2015Team,13,37,0.351351
Person,4namedata,13,13,1.000000
Person,allMusic,13,13,1.000000
Person,art,13,480,0.027083
Person,authorAbbreviationZoo,13,13,1.000000
Person,aux2Name,13,31,0.419355
Person,boxKoloss,13,103,0.126214
Person,champPodiums,13,24,0.541667
Person,christeningDate,13,13,1.000000
Person,clubyears,13,25,0.520000
Person,collaborations,13,13,1.000000
Person,commondraftedround,13,21,0.619048
Person,convener,13,13,1.000000
Person,currenttours(currentpoints)_,13,21,0.619048
Person,debutDate,13,13,1.000000
Person,debutmo,13,16,0.812500
Person,eptFinalTables,13,222,0.058559
Person,eyes,13,27,0.481481
Person,fate,13,14,0.928571
Person,frenchopenmixedresult,13,357,0.036415
Person,icprovinceh,13,97,0.134021
Person,imageText,13,13,1.000000
Person,jurisprudence,13,77,0.168831
Person,kickboxDraw,13,382,0.034031
Person,kickboxinglosses,13,19,0.684211
Person,kids,13,13,1.000000
Person,klpgawins,13,32,0.406250
Person,lastupdate,13,17,0.764706
Person,laurenceolivierawards,13,15,0.866667
Person,license,13,15,0.866667
Person,licensePlace,13,15,0.866667
Person,longMinutes,13,15,0.866667
Person,majoritypercent,13,13,1.000000
Person,marrieddate,13,13,1.000000
Person,meansOfMartyrdom,13,18,0.722222
Person,missWorldCaribbean,13,24,0.541667
Person,mmaDraw,13,595,0.021849
Person,motogpFastestLaps,13,82,0.158537
Person,nasab,13,13,1.000000
Person,nativePlace,13,13,1.000000
Person,ncaasweetsixteen,13,18,0.722222
Person,ocupation,13,13,1.000000
Person,pacificChampionshipAppearances,13,30,0.433333
Person,partnerships,13,13,1.000000
Person,playoffRecord,13,43,0.302326
Person,pointse,13,52,0.250000
Person,post6followed,13,14,0.928571
Person,precededBy,13,13,1.000000
Person,prep,13,14,0.928571
Person,qualification,13,16,0.812500
Person,realHeight,13,14,0.928571
Person,refereeyear2end,13,17,0.764706
Person,romance,13,13,1.000000
Person,royalAnthem,13,27,0.481481
Person,ruPointsb,13,56,0.232143
Person,ruTriesa,13,200,0.065000
Person,ruYear5end,13,13,1.000000
Person,ruYearcstart,13,14,0.928571
Person,schools,13,13,1.000000
Person,season10GamesPlayed,13,50,0.260000
Person,season11GamesPlayed,13,44,0.295455
Person,season11Year,13,44,0.295455
Person,season15Assists,13,15,0.866667
Person,season2Team,13,19,0.684211
Person,season3PlayoffPenaltyMinutes,13,43,0.302326
Person,season4PlayoffGoals,13,44,0.295455
Person,season9GamesPlayed,13,56,0.232143
Person,season9TeamLink,13,56,0.232143
Person,secretary,13,15,0.866667
Person,showflag,13,138,0.094203
Person,sportCountry,13,23,0.565217
Person,ssRaceWins,13,68,0.191176
Person,stat22label,13,132,0.098485
Person,stat23label,13,132,0.098485
Person,summary,13,13,1.000000
Person,thisSingle,13,13,1.000000
Person,titletext,13,16,0.812500
Person,transprc,13,13,1.000000
Person,triesd,13,200,0.065000
Person,tsnallafl,13,23,0.565217
Person,ufl,13,13,1.000000
Person,uslaxhofYear,13,16,0.812500
Person,usopenmixedresult,13,381,0.034121
Person,vpState,13,21,0.619048
Person,wealth,13,13,1.000000
Person,wimbledonmixedresult,13,620,0.020968
Person,year10start,13,18,0.722222
Person,yearsInChamp,13,23,0.565217
Species,capshape,13,1241,0.010475
Species,commonNames,13,13,1.000000
Species,crossingYear,13,16,0.812500
Species,imageDescription,13,13,1.000000
Species,kcal,13,13,1.000000
Species,poj,13,13,1.000000
Species,pop,13,16,0.812500
Species,unrankedSuperordo,13,53,0.245283
Star,appmag3Passband,13,198,0.065657
Star,p,13,15,0.866667
AdministrativeRegion,areaNote,13,13,1.000000
AdministrativeRegion,capitalLongD,13,55,0.236364
AdministrativeRegion,coalitionWebsite,13,87,0.149425
AdministrativeRegion,codeType,13,81,0.160494
AdministrativeRegion,combatant,13,13,1.000000
AdministrativeRegion,coordinates,13,69,0.188406
AdministrativeRegion,demographics1Title,13,61,0.213115
AdministrativeRegion,economicRegion,13,68,0.191176
AdministrativeRegion,imgsize,13,365,0.035616
AdministrativeRegion,latS,13,15,0.866667
AdministrativeRegion,officialLanguages,13,31,0.419355
AdministrativeRegion,ontparty,13,228,0.057018
AdministrativeRegion,populationDensityImperial,13,13,1.000000
AdministrativeRegion,voy,13,16,0.812500
Person,dateOfBurial,12,12,1.000000
Person,gender,12,217,0.055300
Person,runningMate,12,12,1.000000
Person,supplementalDraftRound,12,55,0.218182
Person,5pp,12,13,0.923077
Person,aflstatseason,12,132,0.090909
Person,albums,12,12,1.000000
Person,amt,12,19,0.631579
Person,asiantvawards,12,17,0.705882
Person,asiawins,12,156,0.076923
Person,baptised,12,12,1.000000
Person,bornIn,12,14,0.857143
Person,bot,12,1338,0.008969
Person,careerPosition,12,1184,0.010135
Person,cartoonist,12,463,0.025918
Person,cdDate,12,161,0.074534
Person,coachyear6start,12,15,0.800000
Person,coachyearcend,12,14,0.857143
Person,collections,12,12,1.000000
Person,combatant,12,12,1.000000
Person,conflict,12,12,1.000000
Person,czechleague,12,15,0.800000
Person,dateofdeath,12,12,1.000000
Person,economy,12,12,1.000000
Person,enteredservice,12,12,1.000000
Person,ethnicOrigin,12,25,0.480000
Person,executiveProducer,12,12,1.000000
Person,eyeColour,12,54,0.222222
Person,fc,12,12,1.000000
Person,fightingoutof,12,12,1.000000
Person,flag,12,17,0.705882
Person,formerMembers,12,12,1.000000
Person,frenchopenjuniorresult,12,173,0.069364
Person,girlfriend,12,12,1.000000
Person,gneastTopTens,12,27,0.444444
Person,goldeneagleawards,12,15,0.800000
Person,gpDebut,12,15,0.800000
Person,grandmother,12,12,1.000000
Person,"health,Education,AndWelfare",12,14,0.857143
Person,iccounty,12,18,0.666667
Person,imagecaption,12,12,1.000000
Person,kickboxingkowins,12,13,0.923077
Person,laqab,12,12,1.000000
Person,latMinutes,12,15,0.800000
Person,latSec,12,15,0.800000
Person,line,12,50,0.240000
Person,locmapin,12,14,0.857143
Person,lords,12,13,0.923077
Person,managementAndBudget,12,12,1.000000
Person,managementAndBudgetEnd,12,12,1.000000
Person,managementAndBudgetStart,12,12,1.000000
Person,mapCaption,12,12,1.000000
Person,marvelwiki,12,12,1.000000
Person,minister2Termstart,12,19,0.631579
Person,missUsa,12,12,1.000000
Person,missWorldAsiaPacific,12,23,0.521739
Person,moto2ActiveYears,12,76,0.157895
Person,moto2RaceWins,12,113,0.106195
Person,nationalTeam,12,13,0.923077
Person,nisba,12,12,1.000000
Person,online,12,12,1.000000
Person,optionColor,12,33,0.363636
Person,otherDevice,12,504,0.023810
Person,peak1a,12,12,1.000000
Person,peak3a,12,12,1.000000
Person,photos,12,16,0.750000
Person,picture,12,12,1.000000
Person,placeOfOrigin,12,12,1.000000
Person,post4note,12,13,0.923077
Person,preText,12,14,0.857143
Person,prevBuschYear,12,180,0.066667
Person,realWeight,12,12,1.000000
Person,religious,12,31,0.387097
Person,requiredElementsScore,12,12,1.000000
Person,resided,12,14,0.857143
Person,rtitle,12,12,1.000000
Person,ruNationalupdate,12,12,1.000000
Person,ruYear5start,12,18,0.666667
Person,season12GamesPlayed,12,37,0.324324
Person,season1PlayoffAssists,12,36,0.333333
Person,season1PlayoffPenaltyMinutes,12,26,0.461538
Person,season1Team,12,19,0.631579
Person,season3PlayoffGamesPlayed,12,64,0.187500
Person,season3PlayoffGoals,12,44,0.272727
Person,season5PlayoffGamesPlayed,12,67,0.179104
Person,season5PlayoffGoals,12,42,0.285714
Person,season6PlayoffGamesPlayed,12,56,0.214286
Person,season6PlayoffGoals,12,39,0.307692
Person,seite,12,12,1.000000
Person,sgpPodium,12,14,0.857143
Person,siteCityst,12,13,0.923077
Person,soocaps,12,32,0.375000
Person,stat21label,12,134,0.089552
Person,stat7label,12,21,0.571429
Person,subgroup,12,12,1.000000
Person,subscriberDate,12,27,0.444444
Person,sudoc,12,12,1.000000
Person,t20idebutyear,12,511,0.023483
Person,tc,12,12,1.000000
Person,teamf,12,15,0.800000
Person,templateDocDemo,12,12,1.000000
Person,tibetan,12,12,1.000000
Person,umptwenty20lastyr,12,74,0.162162
Person,undraftyear,12,16,0.750000
Person,usopenjuniorresult,12,163,0.073620
Person,viewDate,12,27,0.444444
Person,villain,12,238,0.050420
Person,wantedSince,12,12,1.000000
Person,warNavy,12,18,0.666667
Person,wptFinalTables,12,417,0.028777
Person,zugriff,12,12,1.000000
Species,also,12,12,1.000000
Species,d,12,21,0.571429
Species,domain,12,3230,0.003715
Species,en,12,12,1.000000
Species,familyAuthority,12,21,0.571429
Species,first,12,18,0.666667
Species,lower,12,102,0.117647
Species,unrankedRegnum,12,452,0.026549
Star,appmag4Passband,12,172,0.069767
Star,constellation,12,14,0.857143
Star,projsep,12,12,1.000000
ChemicalCompound,number,12,12,1.000000
AdministrativeRegion,mayor,12,13,0.923077
AdministrativeRegion,2010densityus,12,12,1.000000
AdministrativeRegion,abolished,12,21,0.571429
AdministrativeRegion,canton,12,117,0.102564
AdministrativeRegion,departments,12,36,0.333333
AdministrativeRegion,establishedTitle,12,42,0.285714
AdministrativeRegion,germanName,12,12,1.000000
AdministrativeRegion,høyre,12,64,0.187500
AdministrativeRegion,italianName,12,12,1.000000
AdministrativeRegion,latSec,12,13,0.923077
AdministrativeRegion,net,12,13,0.923077
AdministrativeRegion,owner,12,12,1.000000
AdministrativeRegion,partyterms%23_,12,1536,0.007812
AdministrativeRegion,quarter,12,36,0.333333
AdministrativeRegion,seats%25_,12,13,0.923077
AdministrativeRegion,seats,12,16,0.750000
AdministrativeRegion,tartan,12,12,1.000000
AdministrativeRegion,yearRepresentative,12,15,0.800000
AdministrativeRegion,type,12,246132,0.000049
Person,shoeNumber,11,21,0.523810
Person,voiceType,11,88,0.125000
Person,accessed,11,18,0.611111
Person,addcharcat,11,24,0.458333
Person,affiliations,11,11,1.000000
Person,aflstats,11,13,0.846154
Person,alternativemap,11,37,0.297297
Person,alumni,11,12,0.916667
Person,appearancese,11,54,0.203704
Person,australianopenmixedresult,11,299,0.036789
Person,bcsbowl,11,129,0.085271
Person,boyfriend,11,11,1.000000
Person,bsbRaceStarts,11,11,1.000000
Person,canlaxhof,11,11,1.000000
Person,caps(goals)_,11,16,0.687500
Person,charta,11,26,0.423077
Person,chineseName,11,11,1.000000
Person,coachteamc,11,19,0.578947
Person,collegeTeam,11,11,1.000000
Person,court,11,74,0.148649
Person,creature,11,11,1.000000
Person,dates,11,13,0.846154
Person,descendants,11,11,1.000000
Person,doctoralAdviser,11,11,1.000000
Person,draftRoundPba,11,266,0.041353
Person,et,11,377,0.029178
Person,evas,11,20,0.550000
Person,extraHdr,11,26,0.423077
Person,firstEpisode,11,13,0.846154
Person,geburtsort,11,11,1.000000
Person,godina,11,11,1.000000
Person,grandchild,11,11,1.000000
Person,hair,11,27,0.407407
Person,health,11,12,0.916667
Person,healthStart,11,12,0.916667
Person,influence,11,11,1.000000
Person,initiationPlace,11,11,1.000000
Person,interiorForeignAffairsStart,11,14,0.785714
Person,logogramname,11,11,1.000000
Person,longDegrees,11,15,0.733333
Person,lonSec,11,15,0.733333
Person,majorWins,11,12,0.916667
Person,mf,11,22,0.500000
Person,militaryService,11,13,0.846154
Person,missDominicanRepublicUniverse,11,11,1.000000
Person,missEarthChile,11,15,0.733333
Person,monasticName,11,11,1.000000
Person,my,11,11,1.000000
Person,nationalCompetition,11,18,0.611111
Person,native,11,12,0.916667
Person,notableCredits,11,11,1.000000
Person,odDate,11,163,0.067485
Person,officeSuccessor,11,11,1.000000
Person,olympicsdoublesresult,11,195,0.056410
Person,otherPrizes,11,11,1.000000
Person,otherWork,11,12,0.916667
Person,peak2a,11,12,0.916667
Person,pencillers,11,11,1.000000
Person,perpetrators,11,12,0.916667
Person,posthumous,11,21,0.523810
Person,preType,11,120,0.091667
Person,previousYear,11,119,0.092437
Person,racingBest,11,23,0.478261
Person,rd1Seed,11,25,0.440000
Person,related,11,11,1.000000
Person,relatedArtists,11,11,1.000000
Person,repcoachteams,11,12,0.916667
Person,repcoachyears,11,15,0.733333
Person,rlClubupdate,11,15,0.733333
Person,ruTeamc,11,15,0.733333
Person,sdDate,11,196,0.056122
Person,season12PlayoffLooseBalls,11,23,0.478261
Person,season12TeamLink,11,37,0.297297
Person,season12Year,11,37,0.297297
Person,season13Year,11,32,0.343750
Person,season2PlayoffAssists,11,45,0.244444
Person,season2PlayoffGamesPlayed,11,59,0.186441
Person,season2PlayoffPenaltyMinutes,11,40,0.275000
Person,season4PlayoffGamesPlayed,11,66,0.166667
Person,season5PlayoffPenaltyMinutes,11,38,0.289474
Person,season7PlayoffAssists,11,39,0.282051
Person,season7PlayoffGoals,11,33,0.333333
Person,season7PlayoffPenaltyMinutes,11,27,0.407407
Person,season8PlayoffAssists,11,28,0.392857
Person,sgpWin,11,12,0.916667
Person,spaced,11,11,1.000000
Person,sportsillustrated,11,11,1.000000
Person,ssFastestLaps,11,68,0.161765
Person,ssLastSeason,11,33,0.333333
Person,ssPoles,11,68,0.161765
Person,stepsisters,11,13,0.846154
Person,subdistrict,11,28,0.392857
Person,suppdraftround,11,54,0.203704
Person,swornSiblings,11,11,1.000000
Person,teamwins,11,69,0.159420
Person,tomb,11,11,1.000000
Person,umpt20debutyr,11,25,0.440000
Person,umptwenty20debutyr,11,84,0.130952
Person,wimbledonjuniorresult,11,182,0.060440
Person,win,11,333,0.033033
Person,worldopenresult,11,59,0.186441
Person,yaksha,11,11,1.000000
Person,yakshini,11,11,1.000000
Person,youtube,11,11,1.000000
Species,2p,11,12,0.916667
Species,ash,11,11,1.000000
Species,bgcolor,11,24,0.458333
Species,catSuffix,11,34,0.323529
Species,divisioAuthority,11,12,0.916667
Species,fibre,11,12,0.916667
Species,iucnid,11,11,1.000000
Species,rangeMap3Caption,11,12,0.916667
Species,starch,11,12,0.916667
Species,superorder,11,69,0.159420
Species,unrankedSubphylum,11,13,0.846154
Star,appmag5Passband,11,112,0.098214
Star,discovery,11,11,1.000000
ChemicalCompound,b,11,53,0.207547
ChemicalCompound,forwardEnzyme,11,14,0.785714
ChemicalCompound,product,11,12,0.916667
ChemicalCompound,productImage,11,12,0.916667
AdministrativeRegion,populationTotalRanking,11,11,1.000000
AdministrativeRegion,auditor,11,11,1.000000
AdministrativeRegion,butterfly,11,15,0.733333
AdministrativeRegion,capitalLatD,11,55,0.200000
AdministrativeRegion,coatOfArms,11,11,1.000000
AdministrativeRegion,header,11,11,1.000000
AdministrativeRegion,imageP,11,87,0.126437
AdministrativeRegion,link,11,12,0.916667
AdministrativeRegion,lonSec,11,13,0.846154
AdministrativeRegion,map1Caption,11,12,0.916667
AdministrativeRegion,mottoenglish,11,11,1.000000
AdministrativeRegion,partType,11,31,0.354839
AdministrativeRegion,patronTitle,11,14,0.785714
AdministrativeRegion,popdens,11,11,1.000000
AdministrativeRegion,postalCodeType,11,54,0.203704
AdministrativeRegion,r1votes,11,11,1.000000
AdministrativeRegion,r1votespercent,11,11,1.000000
AdministrativeRegion,repterms%23_,11,1552,0.007088
AdministrativeRegion,rte,11,13,0.846154
AdministrativeRegion,since,11,31,0.354839
AdministrativeRegion,strength,11,11,1.000000
AdministrativeRegion,whs,11,11,1.000000
Person,nlaId,10,10,1.000000
Person,royalAnthem,10,18,0.555556
Person,250LastSeason,10,52,0.192308
Person,5namedata,10,10,1.000000
Person,5y,10,20,0.500000
Person,afldraftedyear,10,201,0.049751
Person,allLyrics,10,10,1.000000
Person,almaMata,10,10,1.000000
Person,altdate,10,10,1.000000
Person,alternativNames,10,10,1.000000
Person,amLabel,10,23,0.434783
Person,arabicName,10,10,1.000000
Person,architect,10,10,1.000000
Person,architects,10,10,1.000000
Person,australianopendoublesjuniorresult,10,143,0.069930
Person,breed,10,12,0.833333
Person,bsbTotalPoints,10,10,1.000000
Person,candidate3Party,10,29,0.344828
Person,capital,10,10,1.000000
Person,cbbaskhofYear,10,106,0.094340
Person,coachingteams,10,10,1.000000
Person,coachlossesb,10,32,0.312500
Person,collar,10,29,0.344828
Person,command,10,10,1.000000
Person,commandsHeld,10,10,1.000000
Person,commonscat,10,16,0.625000
Person,completed,10,10,1.000000
Person,debut3team,10,10,1.000000
Person,debut3year,10,12,0.833333
Person,directedby,10,10,1.000000
Person,division,10,12,0.833333
Person,dob,10,10,1.000000
Person,draftLeague,10,513,0.019493
Person,draftnumber,10,144,0.069444
Person,employment,10,10,1.000000
Person,episode,10,10,1.000000
Person,escaped,10,10,1.000000
Person,ff,10,12,0.833333
Person,final,10,11,0.909091
Person,foundingYear,10,16,0.625000
Person,fox,10,10,1.000000
Person,frenchopendoublesjuniorresult,10,157,0.063694
Person,fromAlbum,10,10,1.000000
Person,futwins,10,85,0.117647
Person,gov'tRoles,10,13,0.769231
Person,hand,10,378,0.026455
Person,headercss,10,14,0.714286
Person,heirType,10,56,0.178571
Person,hoflink,10,439,0.022779
Person,hometeam,10,10,1.000000
Person,hw,10,44,0.227273
Person,inaugural,10,10,1.000000
Person,institutes,10,10,1.000000
Person,interiorForeignAffairs,10,14,0.714286
Person,interiorForeignAffairsEnd,10,13,0.769231
Person,it20debutdate,10,12,0.833333
Person,lastt20iyear,10,453,0.022075
Person,logoSize,10,32,0.312500
Person,majorWork,10,11,0.909091
Person,managerclub,10,10,1.000000
Person,managerwins,10,10,1.000000
Person,mbid,10,10,1.000000
Person,medals,10,10,1.000000
Person,missMundoDominicana,10,11,0.909091
Person,motogpLastSeason,10,71,0.140845
Person,ncaarunnerup,10,11,0.909091
Person,ncaatourneys,10,31,0.322581
Person,nickNames,10,10,1.000000
Person,ntsawards,10,15,0.666667
Person,officialSite,10,10,1.000000
Person,only,10,1453,0.006882
Person,organizationposition,10,12,0.833333
Person,otherOccupation,10,10,1.000000
Person,outcome,10,12,0.833333
Person,peak4a,10,13,0.769231
Person,picsize,10,36,0.277778
Person,playerPosition,10,17,0.588235
Person,pmid,10,10,1.000000
Person,post6years,10,14,0.714286
Person,postdocs,10,10,1.000000
Person,prevTruckYear,10,133,0.075188
Person,prodcode,10,10,1.000000
Person,qualifications,10,10,1.000000
Person,refereeyear3start,10,11,0.909091
Person,represented,10,28,0.357143
Person,ruAmateurcaps,10,11,0.909091
Person,russianleague,10,12,0.833333
Person,ruTriesb,10,59,0.169492
Person,season10PlayoffAssists,10,23,0.434783
Person,season13GamesPlayed,10,32,0.312500
Person,season14PlayoffLooseBalls,10,17,0.588235
Person,season14Year,10,25,0.400000
Person,season16Assists,10,10,1.000000
Person,season1PlayoffGamesPlayed,10,50,0.200000
Person,season1PlayoffGoals,10,38,0.263158
Person,season3Team,10,16,0.625000
Person,season4PlayoffPenaltyMinutes,10,37,0.270270
Person,season9PlayoffAssists,10,38,0.263158
Person,season9PlayoffGoals,10,28,0.357143
Person,sex,10,566,0.017668
Person,stanleyCupWinsAsACoach,10,15,0.666667
Person,stat24label,10,42,0.238095
Person,stat31value,10,10,1.000000
Person,stepbrothers,10,11,0.909091
Person,strength,10,10,1.000000
Person,superBowls,10,10,1.000000
Person,timeAtLarge,10,10,1.000000
Person,tools,10,19,0.526316
Person,treasuryDate,10,15,0.666667
Person,vicePresidentDate,10,10,1.000000
Person,viewers,10,10,1.000000
Person,yearfstart,10,15,0.666667
Person,yearsAsTrainer,10,10,1.000000
Person,yearsInCanada,10,38,0.263158
Person,youthclub,10,12,0.833333
Species,classificationStatus,10,39,0.256410
Species,howedible,10,795,0.012579
Species,institute,10,14,0.714286
Species,opt1n,10,23,0.434783
Species,ort,10,13,0.769231
Species,q,10,49,0.204082
Species,refs,10,10,1.000000
Species,rfam,10,10,1.000000
Species,style,10,15,0.666667
Species,subspeciesAuthority,10,10,1.000000
Species,whichgills,10,1239,0.008071
Species,y,10,10,1.000000
Species,zoosubsectio,10,1738,0.005754
Star,width,10,15,0.666667
Galaxy,distPc,10,10,1.000000
ChemicalCompound,symbol,10,10,1.000000
ChemicalCompound,year,10,14,0.714286
AdministrativeRegion,cityType,10,534,0.018727
AdministrativeRegion,accessdate,10,25,0.400000
AdministrativeRegion,admCtrType,10,1145,0.008734
AdministrativeRegion,beverage,10,18,0.555556
AdministrativeRegion,coordType,10,58,0.172414
AdministrativeRegion,criteria,10,12,0.833333
AdministrativeRegion,densityMi,10,10,1.000000
AdministrativeRegion,electoralvotes,10,12,0.833333
AdministrativeRegion,flagAlt,10,19,0.526316
AdministrativeRegion,gdpPercent,10,11,0.909091
AdministrativeRegion,leaderType,10,60,0.166667
AdministrativeRegion,partCount,10,14,0.714286
AdministrativeRegion,parts,10,18,0.555556
AdministrativeRegion,popFootnotes,10,10,1.000000
AdministrativeRegion,pushpinLabelPosition,10,2249,0.004446
AdministrativeRegion,quarterreleasedate,10,36,0.277778
AdministrativeRegion,seatType,10,25,0.400000
AdministrativeRegion,titleRepresentative,10,10,1.000000
AdministrativeRegion,tz1where,10,18,0.555556
AdministrativeRegion,tzNote,10,10,1.000000
AdministrativeRegion,yearPrecipitationInch,10,10,1.000000
Person,winsAtAsia,9,12,0.750000
Person,winsAtPGA,9,11,0.818182
Person,125ActiveYears,9,106,0.084906
Person,125FastestLaps,9,148,0.060811
Person,accused,9,9,1.000000
Person,activeYears,9,13,0.692308
Person,afldraftedteam,9,17,0.529412
Person,afldraftyear,9,252,0.035714
Person,alliedWith,9,9,1.000000
Person,alpgwins,9,36,0.250000
Person,alternateNames,9,9,1.000000
Person,appearance,9,9,1.000000
Person,architecture,9,9,1.000000
Person,arielaward,9,10,0.900000
Person,associateActs,9,9,1.000000
Person,aw,9,42,0.214286
Person,award1n,9,23,0.391304
Person,award2n,9,23,0.391304
Person,awardssection,9,17,0.529412
Person,bands,9,10,0.900000
Person,baptismDate,9,9,1.000000
Person,base,9,9,1.000000
Person,batSr,9,9,1.000000
Person,bf1Points,9,9,1.000000
Person,builder,9,9,1.000000
Person,canadaPoles,9,38,0.236842
Person,canadaWins,9,38,0.236842
Person,candidate2Party,9,170,0.052941
Person,cap,9,14,0.642857
Person,careerRecord,9,9,1.000000
Person,cars,9,9,1.000000
Person,causeDeath,9,12,0.750000
Person,certification,9,9,1.000000
Person,clallireland,9,390,0.023077
Person,coachgamesc,9,15,0.600000
Person,coachingrecords,9,9,1.000000
Person,coachlossesc,9,15,0.600000
Person,coachwinsb,9,32,0.281250
Person,coachwinsc,9,15,0.600000
Person,columns,9,13307,0.000676
Person,comments,9,9,1.000000
Person,companies,9,9,1.000000
Person,compilation,9,27,0.333333
Person,compLink,9,19,0.473684
Person,consorts,9,9,1.000000
Person,criminalActivities,9,10,0.900000
Person,currentTeams,9,11,0.818182
Person,dateCreatedCardinal,9,9,1.000000
Person,datum,9,9,1.000000
Person,deathcause,9,11,0.818182
Person,deathYear,9,9,1.000000
Person,debut3league,9,12,0.750000
Person,debutworks,9,9,1.000000
Person,destination,9,9,1.000000
Person,fieldgoalsa,9,2596,0.003467
Person,film,9,9,1.000000
Person,firstChampWin,9,10,0.900000
Person,germanleague,9,9,1.000000
Person,goldencalfawards,9,9,1.000000
Person,gymnastname,9,9,1.000000
Person,hd,9,40,0.225000
Person,healthEnd,9,10,0.900000
Person,height(m)_,9,11,0.818182
Person,heightImperial,9,10,0.900000
Person,hl,9,41,0.219512
Person,icprovincef,9,99,0.090909
Person,imgCaption,9,9,1.000000
Person,imgwidth,9,25,0.360000
Person,incumbentsince,9,9,1.000000
Person,inicio,9,9,1.000000
Person,initiationDate,9,9,1.000000
Person,inquest,9,9,1.000000
Person,jaName,9,9,1.000000
Person,jaNameTrans,9,9,1.000000
Person,jumpsFs,9,9,1.000000
Person,justiceDate,9,11,0.818182
Person,knowFor,9,9,1.000000
Person,language(s)_,9,9,1.000000
Person,languagesKnown,9,24,0.375000
Person,lastCanadaRace,9,20,0.450000
Person,lastSingle,9,9,1.000000
Person,lastUpdated,9,22,0.409091
Person,latest,9,9,1.000000
Person,lifePartner,9,9,1.000000
Person,listOfWorks,9,9,1.000000
Person,live,9,19,0.473684
Person,majorityVotes,9,9,1.000000
Person,managerlosses,9,9,1.000000
Person,marriageDate,9,9,1.000000
Person,marriedName,9,9,1.000000
Person,masterscupresult,9,130,0.069231
Person,micyears,9,11,0.818182
Person,military,9,11,0.818182
Person,missWorld,9,15,0.600000
Person,missWorldAsia,9,12,0.750000
Person,missWorldOceania,9,12,0.750000
Person,mlcts,9,9,1.000000
Person,mm,9,12,0.750000
Person,moto2FastestLaps,9,113,0.079646
Person,moto2Poles,9,113,0.079646
Person,moto3Poles,9,74,0.121622
Person,moto3RaceWins,9,74,0.121622
Person,nacionality,9,9,1.000000
Person,name2Explanation,9,9,1.000000
Person,nc,9,353,0.025496
Person,ncaachampion,9,11,0.818182
Person,ncaacollegecup,9,12,0.750000
Person,new,9,3345,0.002691
Person,nfldraftyear,9,10,0.900000
Person,nonus,9,177,0.050847
Person,"notableWorksDecember,1960,%22theWesterner%22HePlayedAMexicanWranglerAndPalOfBrianKeith(theStarOfTheShortLivedSeriesCreatedBySamPeckinpaugh",9,9,1.000000
Person,officePredecessor,9,9,1.000000
Person,olympicmedals,9,440,0.020455
Person,olympicTeam,9,15,0.600000
Person,option,9,27,0.333333
Person,otherNamess,9,9,1.000000
Person,others,9,22,0.409091
Person,peak4b,9,9,1.000000
Person,pets,9,9,1.000000
Person,pf,9,9,1.000000
Person,pictureFormat,9,13,0.692308
Person,politics,9,10,0.900000
Person,purpose,9,11,0.818182
Person,r2votes,9,9,1.000000
Person,raised,9,10,0.900000
Person,recordinfo,9,31,0.290323
Person,ruClubs,9,9,1.000000
Person,ruYear6end,9,9,1.000000
Person,ruYear6start,9,10,0.900000
Person,season10PlayoffGoals,9,20,0.450000
Person,season13PlayoffAssists,9,12,0.750000
Person,season13TeamLink,9,32,0.281250
Person,season14GamesPlayed,9,25,0.360000
Person,season15Goals,9,10,0.900000
Person,season15PenaltyMinutes,9,13,0.692308
Person,season16LooseBalls,9,11,0.818182
Person,season17Assists,9,9,1.000000
Person,season17LooseBalls,9,9,1.000000
Person,season1GoalsAgainst,9,9,1.000000
Person,season1Saves,9,9,1.000000
Person,season8PlayoffGoals,9,25,0.360000
Person,segegob,9,9,1.000000
Person,segegobStart,9,9,1.000000
Person,serviceNumber,9,9,1.000000
Person,significantOther(s)_,9,9,1.000000
Person,significantOthers,9,9,1.000000
Person,spotter,9,9,1.000000
Person,spouce,9,9,1.000000
Person,stat25value,9,9,1.000000
Person,stat32value,9,9,1.000000
Person,stateAssembly,9,902,0.009978
Person,subdivisionType,9,10,0.900000
Person,t20idebutfor,9,13,0.692308
Person,tailNumber,9,9,1.000000
Person,technicalMeritScore,9,9,1.000000
Person,textcolor,9,130,0.069231
Person,tradchi,9,9,1.000000
Person,upright,9,18,0.500000
Person,usopendoublesjuniorresult,9,147,0.061224
Person,voiceType(s)_,9,13,0.692308
Person,warDate,9,10,0.900000
Person,webpage,9,9,1.000000
Person,weight(lb)_,9,26,0.346154
Person,weight(st)_,9,28,0.321429
Person,widthImperial,9,11,0.818182
Person,witness,9,10,0.900000
Person,write,9,831,0.010830
Person,year10end,9,10,0.900000
Person,yearsWithCurrentTeam,9,14,0.642857
Person,youthrepcaps(points)_,9,14,0.642857
Person,заглавие,9,9,1.000000
Person,страниц,9,9,1.000000
Species,domain,9,3216,0.002799
Species,binomialName,9,9,1.000000
Species,chromosomes,9,13,0.692308
Species,display,9,9,1.000000
Species,hangul,9,9,1.000000
Species,heading,9,10,0.900000
Species,langTitle,9,9,1.000000
Species,rr,9,9,1.000000
Species,speciesSubgroup,9,17,0.529412
Species,unrankedClassisAuthority,9,9,1.000000
Species,years,9,12,0.750000
Star,appmag6Passband,9,53,0.169811
Star,date,9,19,0.473684
Star,metal2Fe,9,9,1.000000
Star,notes,9,9,1.000000
Star,separation,9,9,1.000000
Star,years,9,10,0.900000
Galaxy,stars,9,12,0.750000
Galaxy,years,9,12,0.750000
ChemicalCompound,footer,9,9,1.000000
ChemicalCompound,p,9,52,0.173077
ChemicalCompound,substrate,9,9,1.000000
AdministrativeRegion,address,9,9,1.000000
AdministrativeRegion,aprSnowDays,9,9,1.000000
AdministrativeRegion,areaLandImperial,9,9,1.000000
AdministrativeRegion,branch,9,18,0.500000
AdministrativeRegion,capitalCity,9,9,1.000000
AdministrativeRegion,colors,9,10,0.900000
AdministrativeRegion,colours,9,9,1.000000
AdministrativeRegion,d,9,13,0.692308
AdministrativeRegion,decRecordLowF,9,9,1.000000
AdministrativeRegion,elevationImperial,9,9,1.000000
AdministrativeRegion,federalDistrict,9,68,0.132353
AdministrativeRegion,freeType,9,46,0.195652
AdministrativeRegion,fremskrittspartiet,9,46,0.195652
AdministrativeRegion,grass,9,14,0.642857
AdministrativeRegion,holiday,9,9,1.000000
AdministrativeRegion,mapScale,9,50,0.180000
AdministrativeRegion,mapsize,9,212,0.042453
AdministrativeRegion,marSnowDays,9,9,1.000000
AdministrativeRegion,mrshort,9,9,1.000000
AdministrativeRegion,munFormation1NoOfUrbanSettlements,9,1038,0.008671
AdministrativeRegion,notes,9,35,0.257143
AdministrativeRegion,novRecordHighF,9,9,1.000000
AdministrativeRegion,novSnowDays,9,9,1.000000
AdministrativeRegion,otherNames,9,9,1.000000
AdministrativeRegion,parent,9,10,0.900000
AdministrativeRegion,patriarch,9,45,0.200000
AdministrativeRegion,minus,9,9,1.000000
AdministrativeRegion,prevName,9,9,1.000000
AdministrativeRegion,pushpinMapsize,9,909,0.009901
AdministrativeRegion,rrshort,9,9,1.000000
AdministrativeRegion,senterpartiet,9,60,0.150000
AdministrativeRegion,session,9,11,0.818182
AdministrativeRegion,slovakRegion,9,78,0.115385
AdministrativeRegion,suffragants,9,9,1.000000
AdministrativeRegion,timeZone,9,2939,0.003062
AdministrativeRegion,townCouncils,9,193,0.046632
AdministrativeRegion,utcOffsetDst,9,54,0.166667
AdministrativeRegion,wstitle,9,9,1.000000
AdministrativeRegion,yearRecordHighF,9,9,1.000000
Person,championships,8,789,0.010139
Person,winsAtOtherTournaments,8,8,1.000000
Person,'''name'''_,8,8,1.000000
Person,1optionColor,8,23,0.347826
Person,2optionName,8,24,0.333333
Person,academicAdvisor,8,8,1.000000
Person,ad,8,43,0.186047
Person,adminTeams,8,8,1.000000
Person,alamaMater,8,8,1.000000
Person,asianfilmawards,8,9,0.888889
Person,aux3Name,8,22,0.363636
Person,bandMembers,8,8,1.000000
Person,bestKnownFor,8,8,1.000000
Person,bornPlace,8,8,1.000000
Person,bpg,8,23,0.347826
Person,bsbActiveYears,8,10,0.800000
Person,bsbLastPosition,8,10,0.800000
Person,bsbManufacturers,8,20,0.400000
Person,bsbPodiums,8,10,0.800000
Person,candidate4Percent,8,8,1.000000
Person,candidate4Votes,8,8,1.000000
Person,cargo,8,8,1.000000
Person,catches,8,1445,0.005536
Person,causeofdeath,8,8,1.000000
Person,chalwins,8,288,0.027778
Person,champPoles,8,22,0.363636
Person,champWins,8,23,0.347826
Person,chartb,8,14,0.571429
Person,clubcaps,8,8,1.000000
Person,coachyear6end,8,8,1.000000
Person,coLeader,8,8,1.000000
Person,contentstyle,8,17,0.470588
Person,context,8,279,0.028674
Person,convocation,8,147,0.054422
Person,coroner,8,8,1.000000
Person,dateListed,8,8,1.000000
Person,deaths,8,8,1.000000
Person,debutFronton,8,10,0.800000
Person,diedAtAgeOf,8,8,1.000000
Person,discuss,8,10,0.800000
Person,domipubli,8,8,1.000000
Person,email,8,8,1.000000
Person,ensembles,8,8,1.000000
Person,environmentalProtection,8,8,1.000000
Person,environmentalProtectionEnd,8,8,1.000000
Person,environmentalProtectionStart,8,8,1.000000
Person,established,8,8,1.000000
Person,extrafootnotes,8,8,1.000000
Person,fieldgoalsb,8,1612,0.004963
Person,filmIndustry,8,30,0.266667
Person,fitz,8,67,0.119403
Person,geburtsdatum,8,9,0.888889
Person,goldenraspberryawards,8,8,1.000000
Person,headCoach,8,8,1.000000
Person,healthAndHumanServices,8,8,1.000000
Person,healthAndHumanServicesEnd,8,8,1.000000
Person,healthAndHumanServicesStart,8,8,1.000000
Person,hoftype,8,439,0.018223
Person,honorifixSuffix,8,11,0.727273
Person,image1Description,8,8,1.000000
Person,imdbid,8,8,1.000000
Person,import,8,2293,0.003489
Person,institute,8,9,0.888889
Person,investiture,8,8,1.000000
Person,it20debutagainst,8,12,0.666667
Person,knownRelatives,8,8,1.000000
Person,lastit20date,8,11,0.727273
Person,latDegrees,8,15,0.533333
Person,lovers,8,8,1.000000
Person,majorityPercent,8,8,1.000000
Person,map,8,8,1.000000
Person,mark,8,21,0.380952
Person,mediaType,8,27,0.296296
Person,membership,8,8,1.000000
Person,minister1Termstart,8,10,0.800000
Person,minister2Termend,8,14,0.571429
Person,missInternational,8,14,0.571429
Person,missRep.Dom.Tierra,8,10,0.800000
Person,mixed,8,449,0.017817
Person,mon,8,8,1.000000
Person,moto3FastestLaps,8,74,0.108108
Person,musicalBands,8,8,1.000000
Person,musicFs,8,8,1.000000
Person,musicSp,8,8,1.000000
Person,nationalupdate,8,9,0.888889
Person,nephew,8,8,1.000000
Person,nextSingle,8,8,1.000000
Person,nfldraftpick,8,9,0.888889
Person,nla,8,8,1.000000
Person,noimage,8,94,0.085106
Person,nombre,8,8,1.000000
Person,notable,8,9,0.888889
Person,nt,8,10,0.800000
Person,nummer,8,8,1.000000
Person,nwidewins,8,428,0.018692
Person,offspring,8,8,1.000000
Person,olympicmixeddoublesresult,8,45,0.177778
Person,onetype,8,192,0.041667
Person,otherName(s)_,8,8,1.000000
Person,nickname,8,8,1.000000
Person,pa,8,8,1.000000
Person,paux1Name,8,40,0.200000
Person,pixels,8,18,0.444444
Person,playedBy,8,8,1.000000
Person,pnd,8,8,1.000000
Person,politicalParties,8,10,0.800000
Person,portrayedBy,8,8,1.000000
Person,postDate,8,11,0.727273
Person,presentationScore3Fs,8,8,1.000000
Person,presentationScore4Fs,8,8,1.000000
Person,production,8,9,0.888889
Person,project,8,44,0.181818
Person,rabbi,8,8,1.000000
Person,rd1Score,8,29,0.275862
Person,refereeyear4start,8,11,0.727273
Person,remarks,8,8,1.000000
Person,reportedDeath(s)_,8,8,1.000000
Person,resident,8,8,1.000000
Person,restingplacecoordinates,8,8,1.000000
Person,rlNtupdate,8,14,0.571429
Person,rookieyear,8,11,0.727273
Person,ruAmclubpoints,8,13,0.615385
Person,ruCoachyear1start,8,10,0.800000
Person,ruYearcend,8,8,1.000000
Person,season10GoalsAgainst,8,8,1.000000
Person,season10Minutes,8,8,1.000000
Person,season10Saves,8,8,1.000000
Person,season10Seconds,8,8,1.000000
Person,season15GamesPlayed,8,15,0.533333
Person,season15PlayoffLooseBalls,8,11,0.727273
Person,season15Year,8,15,0.533333
Person,season1Minutes,8,9,0.888889
Person,season2GoalsAgainst,8,8,1.000000
Person,season2Minutes,8,8,1.000000
Person,season2Saves,8,8,1.000000
Person,season3GoalsAgainst,8,8,1.000000
Person,season3Minutes,8,8,1.000000
Person,season3Saves,8,8,1.000000
Person,season4GoalsAgainst,8,8,1.000000
Person,season4Minutes,8,8,1.000000
Person,season4Saves,8,8,1.000000
Person,season5Minutes,8,8,1.000000
Person,season5Saves,8,8,1.000000
Person,season6GoalsAgainst,8,8,1.000000
Person,season6Minutes,8,8,1.000000
Person,season6PlayoffPenaltyMinutes,8,29,0.275862
Person,season6Saves,8,8,1.000000
Person,season7GoalsAgainst,8,8,1.000000
Person,season7Minutes,8,8,1.000000
Person,season7Saves,8,8,1.000000
Person,season8GoalsAgainst,8,8,1.000000
Person,season8Minutes,8,8,1.000000
Person,season8Saves,8,8,1.000000
Person,season9GoalsAgainst,8,8,1.000000
Person,season9Minutes,8,8,1.000000
Person,season9Saves,8,8,1.000000
Person,segegobEnd,8,8,1.000000
Person,sibling(s)_,8,8,1.000000
Person,sSearch,8,8,1.000000
Person,stat33value,8,8,1.000000
Person,stat3league,8,10,0.800000
Person,stateDate,8,9,0.888889
Person,stats,8,578,0.013841
Person,sterbedatum,8,8,1.000000
Person,sterbeort,8,8,1.000000
Person,studioAlbums,8,8,1.000000
Person,subdivisionName,8,8,1.000000
Person,sunSign,8,11,0.727273
Person,tab,8,54,0.148148
Person,term2Start,8,8,1.000000
Person,territory,8,12,0.666667
Person,titleFnt,8,24,0.333333
Person,tpb,8,8,1.000000
Person,trade,8,8,1.000000
Person,tradeEnd,8,8,1.000000
Person,tradeStart,8,8,1.000000
Person,tstyle,8,23,0.347826
Person,tvbAnniversaryAwards,8,8,1.000000
Person,umpireleague,8,58,0.137931
Person,umpirerole,8,56,0.142857
Person,universities,8,8,1.000000
Person,veteransAffairs,8,8,1.000000
Person,veteransAffairsEnd,8,9,0.888889
Person,veteransAffairsStart,8,9,0.888889
Person,victim,8,8,1.000000
Person,wcoveralls,8,291,0.027491
Person,whccresult,8,62,0.129032
Person,wimbledondoublesjuniorresult,8,163,0.049080
Person,год,8,8,1.000000
Species,cultivatedVariety,8,18,0.444444
Species,1p,8,8,1.000000
Species,1y,8,11,0.727273
Species,2y,8,10,0.800000
Species,3a,8,8,1.000000
Species,align,8,684,0.011696
Species,band,8,9,0.888889
Species,clade,8,10,0.800000
Species,emedicinetopic,8,8,1.000000
Species,expiry,8,8,1.000000
Species,infraclassisAuthority,8,8,1.000000
Species,infraphylum,8,922,0.008677
Species,kingdom,8,20,0.400000
Species,period,8,8,1.000000
Species,portal,8,14,0.571429
Species,superclass,8,72,0.111111
Species,synonims,8,9,0.888889
Species,wineMedium,8,8,1.000000
Star,c,8,8,1.000000
Galaxy,references,8,10,0.800000
ChemicalCompound,author,8,12,0.666667
ChemicalCompound,minorForwardSubstrate(s)_,8,9,0.888889
ChemicalCompound,substrateImage,8,9,0.888889
AdministrativeRegion,highestMountain,8,8,1.000000
AdministrativeRegion,leaderParty,8,17,0.470588
AdministrativeRegion,owner,8,8,1.000000
AdministrativeRegion,owningOrganisation,8,8,1.000000
AdministrativeRegion,2010density,8,8,1.000000
AdministrativeRegion,alternativeLocationMap,8,97,0.082474
AdministrativeRegion,animalEmblem,8,8,1.000000
AdministrativeRegion,areaVillage,8,8,1.000000
AdministrativeRegion,augRecordHighF,8,9,0.888889
AdministrativeRegion,augRecordLowF,8,8,1.000000
AdministrativeRegion,bgcolour,8,10,0.800000
AdministrativeRegion,birdEmblem,8,8,1.000000
AdministrativeRegion,chief,8,8,1.000000
AdministrativeRegion,coalitionName,8,89,0.089888
AdministrativeRegion,commander,8,8,1.000000
AdministrativeRegion,commonLanguage,8,14,0.571429
AdministrativeRegion,decSnowDays,8,9,0.888889
AdministrativeRegion,dedication,8,8,1.000000
AdministrativeRegion,demoCensusDate,8,947,0.008448
AdministrativeRegion,densityRank,8,8,1.000000
AdministrativeRegion,dialect,8,35,0.228571
AdministrativeRegion,display,8,14,0.571429
AdministrativeRegion,divisionName,8,61,0.131148
AdministrativeRegion,febRecordLowF,8,8,1.000000
AdministrativeRegion,febSnowDays,8,9,0.888889
AdministrativeRegion,fedRepPartyLink,8,221,0.036199
AdministrativeRegion,floralEmblem,8,8,1.000000
AdministrativeRegion,gsp,8,8,1.000000
AdministrativeRegion,gspPerCapita,8,8,1.000000
AdministrativeRegion,gspRank,8,8,1.000000
AdministrativeRegion,highestElev,8,8,1.000000
AdministrativeRegion,highestPoint,8,8,1.000000
AdministrativeRegion,image2size,8,45,0.177778
AdministrativeRegion,janSnowDays,8,9,0.888889
AdministrativeRegion,julRecordHighF,8,9,0.888889
AdministrativeRegion,junRecordHighF,8,9,0.888889
AdministrativeRegion,landArea,8,8,1.000000
AdministrativeRegion,largestcounty,8,8,1.000000
AdministrativeRegion,localLists,8,22,0.363636
AdministrativeRegion,marRecordHighF,8,8,1.000000
AdministrativeRegion,mayRecordHighF,8,9,0.888889
AdministrativeRegion,percentWater,8,8,1.000000
AdministrativeRegion,sealSize,8,38,0.210526
AdministrativeRegion,sepRecordLowF,8,8,1.000000
AdministrativeRegion,shieldLink,8,8,1.000000
AdministrativeRegion,totalArea,8,8,1.000000
AdministrativeRegion,townOfDistrictSignificanceType,8,243,0.032922
AdministrativeRegion,volume,8,8,1.000000
AdministrativeRegion,waterArea,8,8,1.000000
AdministrativeRegion,yearRecordLowF,8,8,1.000000
Person,battingSide,7,643,0.010886
Person,winsAtJapan,7,15,0.466667
Person,winsAtNWIDE,7,7,1.000000
Person,1option,7,16,0.437500
Person,1sthand,7,7,1.000000
Person,1sthanddoubles,7,7,1.000000
Person,250ActiveYears,7,61,0.114754
Person,afltablesref,7,7,1.000000
Person,aircraftType,7,7,1.000000
Person,albumspan,7,43,0.162791
Person,allstarsh,7,61,0.114754
Person,almaMate,7,7,1.000000
Person,alsoKnown,7,7,1.000000
Person,altText,7,7,1.000000
Person,amateurTitle,7,84,0.083333
Person,appearancesf,7,13,0.538462
Person,appointedBy,7,7,1.000000
Person,associatedLabel,7,7,1.000000
Person,attended,7,7,1.000000
Person,award2w,7,23,0.304348
Person,award4n,7,15,0.466667
Person,award4w,7,15,0.466667
Person,award6n,7,11,0.636364
Person,bankingStart,7,7,1.000000
Person,based,7,7,1.000000
Person,below,7,8,0.875000
Person,bestFriend,7,7,1.000000
Person,bestIrlPos,7,7,1.000000
Person,bf1Races,7,9,0.777778
Person,birthDay,7,7,1.000000
Person,birthPlace.,7,7,1.000000
Person,blogurl,7,8,0.875000
Person,bowl,7,140,0.050000
Person,boxDraw,7,108,0.064815
Person,bracket,7,157,0.044586
Person,bsbLastSeason,7,10,0.700000
Person,certyear,7,9,0.777778
Person,cfldraftround,7,58,0.120690
Person,cflstatus,7,233,0.030043
Person,chiefJustice,7,8,0.875000
Person,classno,7,11,0.636364
Person,classWins,7,155,0.045161
Person,clubpoints,7,7,1.000000
Person,coachchamps,7,7,1.000000
Person,ufc,7,7,1.000000
Person,coachteamd,7,7,1.000000
Person,coachyeardstart,7,7,1.000000
Person,commonLanguages,7,7,1.000000
Person,constituencyMla,7,7,1.000000
Person,contemporaries,7,8,0.875000
Person,cookingStyle,7,9,0.777778
Person,createdBy,7,7,1.000000
Person,culture,7,9,0.777778
Person,cupdate,7,7,1.000000
Person,currentAwards,7,7,1.000000
Person,currentRank,7,8,0.875000
Person,dat,7,7,1.000000
Person,deathPlac,7,7,1.000000
Person,degrees,7,9,0.777778
Person,designer,7,7,1.000000
Person,dominiopu,7,7,1.000000
Person,drafteam,7,7,1.000000
Person,economyStart,7,7,1.000000
Person,edit,7,229,0.030568
Person,engvoice,7,7,1.000000
Person,ep,7,31,0.225806
Person,famasAwards,7,7,1.000000
Person,finalRank,7,7,1.000000
Person,firstIrlRace,7,8,0.875000
Person,fm,7,13,0.538462
Person,footerBackground,7,12,0.583333
Person,fourfor,7,8,0.875000
Person,halfBrothers,7,7,1.000000
Person,homeDistrict,7,7,1.000000
Person,icallirelandf,7,94,0.074468
Person,icallirelandh,7,92,0.076087
Person,icleinster,7,22,0.318182
Person,image1Width,7,10,0.700000
Person,importantWorks,7,7,1.000000
Person,interiorDate,7,7,1.000000
Person,ism,7,13,0.538462
Person,issiue,7,7,1.000000
Person,it20cap,7,7,1.000000
Person,justiceClergyInstructionEnd,7,7,1.000000
Person,lastChampWin,7,7,1.000000
Person,lastt20ifor,7,9,0.777778
Person,laterality,7,376,0.018617
Person,laterWork,7,8,0.875000
Person,longd,7,7,1.000000
Person,lugarnac,7,7,1.000000
Person,maidenName,7,7,1.000000
Person,mainDiscipline,7,17,0.411765
Person,managerteams,7,7,1.000000
Person,marksize,7,29,0.241379
Person,marriage,7,7,1.000000
Person,member,7,7,1.000000
Person,mil,7,8,0.875000
Person,militaryAwards,7,7,1.000000
Person,minister3Termstart,7,12,0.583333
Person,ministry,7,7,1.000000
Person,misc,7,7,1.000000
Person,mmaOtherwin,7,62,0.112903
Person,moretext,7,23,0.304348
Person,mothertounge,7,12,0.583333
Person,movies,7,7,1.000000
Person,nationalclubs,7,7,1.000000
Person,navyDate,7,10,0.700000
Person,niece,7,7,1.000000
Person,nllhof,7,13,0.538462
Person,noinfo,7,94,0.074468
Person,olympicgolds,7,240,0.029167
Person,ordinal5Fs,7,7,1.000000
Person,otherPosts,7,7,1.000000
Person,paralympicsresult,7,27,0.259259
Person,peak2b,7,7,1.000000
Person,peak3b,7,7,1.000000
Person,peak5a,7,8,0.875000
Person,peak5b,7,7,1.000000
Person,peak6a,7,8,0.875000
Person,peak8a,7,7,1.000000
Person,perpetrator,7,7,1.000000
Person,pname,7,7,1.000000
Person,politicalViews,7,9,0.777778
Person,presentationScore1Sp,7,7,1.000000
Person,presentationScore2Fs,7,7,1.000000
Person,presentationScore7Fs,7,7,1.000000
Person,presentationScore8Fs,7,7,1.000000
Person,presentlyLivingIn,7,10,0.700000
Person,previousclubs,7,7,1.000000
Person,proTeams,7,7,1.000000
Person,publish,7,119,0.058824
Person,radio,7,8,0.875000
Person,rankFs,7,7,1.000000
Person,rankSp,7,7,1.000000
Person,refereeyear4end,7,8,0.875000
Person,regions,7,7,1.000000
Person,releasePlace,7,7,1.000000
Person,religiousViews,7,7,1.000000
Person,representativeProjects,7,7,1.000000
Person,residencePlace,7,7,1.000000
Person,rivalsStars,7,474,0.014768
Person,rlAmupdate,7,10,0.700000
Person,rlNationalpoints,7,8,0.875000
Person,rna.N.DeBellezaMissRep.Dom.,7,10,0.700000
Person,ruAppearancesc,7,10,0.700000
Person,ruFieldgoalsa,7,194,0.036082
Person,runtimeSp,7,7,1.000000
Person,ruRefereeupdate,7,14,0.500000
Person,ruYear7start,7,7,1.000000
Person,scoutStars,7,460,0.015217
Person,season11PlayoffAssists,7,17,0.411765
Person,season14PlayoffAssists,7,13,0.538462
Person,season14TeamLink,7,25,0.280000
Person,season16GamesPlayed,7,11,0.636364
Person,season16PenaltyMinutes,7,9,0.777778
Person,season16PlayoffLooseBalls,7,7,1.000000
Person,season16Year,7,11,0.636364
Person,season17Year,7,9,0.777778
Person,season2PlayoffGoals,7,39,0.179487
Person,season4Seconds,7,7,1.000000
Person,season4Team,7,13,0.538462
Person,season5Seconds,7,8,0.875000
Person,season6Seconds,7,7,1.000000
Person,season9Seconds,7,8,0.875000
Person,season9Wins,7,8,0.875000
Person,segpres,7,7,1.000000
Person,segpresStart,7,7,1.000000
Person,sexuality,7,7,1.000000
Person,shortName,7,7,1.000000
Person,significanother,7,7,1.000000
Person,simpchi,7,7,1.000000
Person,socialdev,7,7,1.000000
Person,socialdevStart,7,7,1.000000
Person,soundtrack,7,10,0.700000
Person,sources,7,20,0.350000
Person,sports,7,7,1.000000
Person,sprouse,7,7,1.000000
Person,succeededBy,7,7,1.000000
Person,supranational,7,11,0.636364
Person,thesis1Url,7,7,1.000000
Person,tib,7,7,1.000000
Person,titleBg,7,17,0.411765
Person,totalIrlRaces,7,8,0.875000
Person,tribalAffiliation,7,8,0.875000
Person,triese,7,51,0.137255
Person,uig,7,7,1.000000
Person,umpire,7,522,0.013410
Person,vocalType,7,10,0.700000
Person,voiceActor,7,7,1.000000
Person,wcccresult,7,31,0.225806
Person,wcraceswithrelays,7,7,1.000000
Person,wembleyproresult,7,42,0.166667
Person,wikicommons,7,7,1.000000
Person,wtachampionshipsresult,7,48,0.145833
Person,yob,7,9,0.777778
Person,издательство,7,7,1.000000
Person,主な作品,7,7,1.000000
Species,bsize,7,7,1.000000
Species,commonName,7,7,1.000000
Species,distribution,7,7,1.000000
Species,hymeniumtype,7,981,0.007136
Species,issn,7,7,1.000000
Species,iucnYear,7,15,0.466667
Species,lat,7,7,1.000000
Species,long,7,7,1.000000
Species,omega3fat,7,7,1.000000
Species,rangeMap2Alt,7,7,1.000000
Species,rangeMap2Width,7,19,0.368421
Species,sammelwerk,7,7,1.000000
Species,soil,7,7,1.000000
Species,speciesComplex,7,7,1.000000
Species,statusText,7,25,0.280000
Species,taxonAuthority,7,7,1.000000
Species,teleomorph,7,7,1.000000
Species,total,7,8,0.875000
Species,unranked,7,23,0.304348
Species,unrankedSuperphylum,7,73,0.095890
Species,wineHot,7,7,1.000000
Species,wins,7,7,1.000000
Star,appmag7Passband,7,33,0.212121
Star,colwidth,7,213,0.032864
Star,group,7,51,0.137255
Star,l,7,7,1.000000
Star,title,7,14,0.500000
Galaxy,arp,7,7,1.000000
Galaxy,epoch,7,599,0.011686
Galaxy,type,7,4830,0.001449
ChemicalCompound,lowPhColor,7,23,0.304348
ChemicalCompound,minorForwardProduct(s)_,7,8,0.875000
AdministrativeRegion,censusYear,7,3001,0.002333
AdministrativeRegion,party,7,21,0.333333
AdministrativeRegion,aprRecordHighF,7,9,0.777778
AdministrativeRegion,aprRecordLowF,7,8,0.875000
AdministrativeRegion,blankNameSec,7,21,0.333333
AdministrativeRegion,c,7,7,1.000000
AdministrativeRegion,casualties,7,7,1.000000
AdministrativeRegion,dance,7,21,0.333333
AdministrativeRegion,decRecordHighF,7,8,0.875000
AdministrativeRegion,decSnowCm,7,7,1.000000
AdministrativeRegion,description,7,7,1.000000
AdministrativeRegion,election,7,36,0.194444
AdministrativeRegion,febSnowCm,7,7,1.000000
AdministrativeRegion,fedRepParty,7,276,0.025362
AdministrativeRegion,formerHundred,7,21,0.333333
AdministrativeRegion,gdpYear,7,63,0.111111
AdministrativeRegion,gspPerCapitaRank,7,8,0.875000
AdministrativeRegion,hebname,7,8,0.875000
AdministrativeRegion,house,7,8,0.875000
AdministrativeRegion,houseSeats,7,8,0.875000
AdministrativeRegion,janRecordHighF,7,8,0.875000
AdministrativeRegion,janRecordLowF,7,8,0.875000
AdministrativeRegion,janSnowCm,7,7,1.000000
AdministrativeRegion,julRecordLowF,7,8,0.875000
AdministrativeRegion,junRecordLowF,7,8,0.875000
AdministrativeRegion,landmark,7,8,0.875000
AdministrativeRegion,landrat,7,7,1.000000
AdministrativeRegion,logoSize,7,11,0.636364
AdministrativeRegion,loss,7,8,0.875000
AdministrativeRegion,majorArchbishop,7,56,0.125000
AdministrativeRegion,marSnowCm,7,7,1.000000
AdministrativeRegion,municMap,7,7,1.000000
AdministrativeRegion,myr,7,7,1.000000
AdministrativeRegion,nbparty,7,199,0.035176
AdministrativeRegion,noOfUrbanTypeSettlements,7,497,0.014085
AdministrativeRegion,novRecordLowF,7,8,0.875000
AdministrativeRegion,octRecordHighF,7,9,0.777778
AdministrativeRegion,octRecordLowF,7,8,0.875000
AdministrativeRegion,octSnowDays,7,9,0.777778
AdministrativeRegion,office,7,7,1.000000
AdministrativeRegion,oleft,7,7,1.000000
AdministrativeRegion,parti,7,7,1.000000
AdministrativeRegion,partsType,7,36,0.194444
AdministrativeRegion,popdensRank,7,7,1.000000
AdministrativeRegion,populationDate,7,14,0.500000
AdministrativeRegion,prevName1Date,7,7,1.000000
AdministrativeRegion,sepRecordHighF,7,9,0.777778
AdministrativeRegion,shell,7,8,0.875000
AdministrativeRegion,ships,7,7,1.000000
AdministrativeRegion,sport,7,8,0.875000
AdministrativeRegion,system,7,143,0.048951
AdministrativeRegion,utc,7,239,0.029289
AdministrativeRegion,venstre,7,51,0.137255
AdministrativeRegion,viceroy,7,7,1.000000
Person,background,6,46030,0.000130
Person,2optionColor,6,23,0.260870
Person,4blankname,6,13,0.461538
Person,abode,6,6,1.000000
Person,activity,6,6,1.000000
Person,advisor,6,6,1.000000
Person,almaMaster,6,6,1.000000
Person,alUsa,6,10,0.600000
Person,amDraw,6,22,0.272727
Person,amSubwin,6,32,0.187500
Person,areaServed,6,7,0.857143
Person,arms,6,7,0.857143
Person,articleName,6,6,1.000000
Person,artistName,6,6,1.000000
Person,assists,6,7,0.857143
Person,associates,6,6,1.000000
Person,attygen,6,7,0.857143
Person,auflage,6,8,0.750000
Person,award3n,6,20,0.300000
Person,award3w,6,20,0.300000
Person,award5n,6,13,0.461538
Person,banking,6,7,0.857143
Person,bankingEnd,6,6,1.000000
Person,bestCoronaPos,6,7,0.857143
Person,birthDat,6,6,1.000000
Person,boxstyle,6,18,0.333333
Person,brithPlace,6,6,1.000000
Person,bsbFastestLaps,6,9,0.666667
Person,bsbPoles,6,9,0.666667
Person,bsbRaceWins,6,10,0.600000
Person,bSide,6,6,1.000000
Person,campaign,6,6,1.000000
Person,citiesWorkedIn,6,6,1.000000
Person,clprovinceh,6,38,0.157895
Person,clubapps,6,6,1.000000
Person,coachab,6,11,0.545455
Person,coachdoublestitles,6,15,0.400000
Person,coachdrawsa,6,90,0.066667
Person,coachpremierships,6,25,0.240000
Person,coachyear7start,6,7,0.857143
Person,comment,6,6,1.000000
Person,commondraftedpick,6,6,1.000000
Person,commonName,6,6,1.000000
Person,communicationsDirector,6,6,1.000000
Person,composers,6,6,1.000000
Person,contentcss,6,12,0.500000
Person,coregency,6,6,1.000000
Person,coronaTopTens,6,7,0.857143
Person,crew(s)_,6,6,1.000000
Person,currentlyResides,6,6,1.000000
Person,debut3date,6,6,1.000000
Person,decStart,6,6,1.000000
Person,desc,6,6,1.000000
Person,divider,6,31,0.193548
Person,dmv,6,7,0.857143
Person,dmvEnd,6,6,1.000000
Person,dmvStart,6,7,0.857143
Person,documentName,6,11,0.545455
Person,dupe,6,6,1.000000
Person,economyEnd,6,6,1.000000
Person,editors,6,6,1.000000
Person,educated,6,6,1.000000
Person,election,6,6,1.000000
Person,employees,6,6,1.000000
Person,endorsedBrands,6,6,1.000000
Person,endorsements,6,6,1.000000
Person,englishname,6,6,1.000000
Person,enthronement,6,6,1.000000
Person,entourage,6,6,1.000000
Person,eptTitles,6,218,0.027523
Person,escudo,6,6,1.000000
Person,exSpouse,6,6,1.000000
Person,factcheck,6,6,1.000000
Person,faction,6,7,0.857143
Person,familyname,6,6,1.000000
Person,father’sName,6,6,1.000000
Person,feast,6,6,1.000000
Person,final2league,6,51,0.117647
Person,firstCanadaWin,6,10,0.600000
Person,firstGpWin,6,7,0.857143
Person,fmh,6,8,0.750000
Person,foundedBy,6,6,1.000000
Person,foundingLocation,6,7,0.857143
Person,frenchproresult,6,35,0.171429
Person,gChildren,6,6,1.000000
Person,gneastPoles,6,27,0.222222
Person,gneastWins,6,27,0.222222
Person,goalse,6,51,0.117647
Person,goldYear,6,19,0.315789
Person,governmentForeignAffairs,6,8,0.750000
Person,governmentForeignAffairsEnd,6,8,0.750000
Person,governmentForeignAffairsStart,6,8,0.750000
Person,grades,6,6,1.000000
Person,grammyawards,6,6,1.000000
Person,grandson,6,6,1.000000
Person,greatGrandchildren,6,6,1.000000
Person,hanaiParents,6,6,1.000000
Person,headerAlign,6,180,0.033333
Person,heritage,6,6,1.000000
Person,host,6,6,1.000000
Person,icmunster,6,23,0.260870
Person,iculster,6,7,0.857143
Person,imageHeight,6,6,1.000000
Person,imagen,6,6,1.000000
Person,images,6,6,1.000000
Person,inOffice,6,6,1.000000
Person,inquiries,6,6,1.000000
Person,insuranceStart,6,6,1.000000
Person,interest,6,6,1.000000
Person,issn,6,6,1.000000
Person,it20debutyear,6,13,0.461538
Person,jefe,6,6,1.000000
Person,justiceClergyInstruction,6,7,0.857143
Person,justiceClergyInstructionStart,6,7,0.857143
Person,labelSize,6,14,0.428571
Person,languageSpoken,6,6,1.000000
Person,lastCanadaWin,6,9,0.666667
Person,lastit20year,6,11,0.545455
Person,lastSeason,6,24,0.250000
Person,lastStopover,6,6,1.000000
Person,lat2Deg,6,6,1.000000
Person,latd,6,6,1.000000
Person,liststyle,6,38,0.157895
Person,lon2Deg,6,6,1.000000
Person,loserParty,6,84,0.071429
Person,magnoliaawards,6,9,0.666667
Person,mainInterest,6,6,1.000000
Person,managerclusb,6,6,1.000000
Person,match,6,6,1.000000
Person,mcounty,6,9,0.666667
Person,mfh,6,8,0.750000
Person,mi,6,6,1.000000
Person,milEnd,6,6,1.000000
Person,milStart,6,7,0.857143
Person,minister3Termend,6,10,0.600000
Person,minorWins,6,32,0.187500
Person,missInternationalChile,6,15,0.400000
Person,mmh,6,9,0.666667
Person,motherName,6,6,1.000000
Person,mothertongue,6,9,0.666667
Person,mrgye,6,6,1.000000
Person,msUsa,6,10,0.600000
Person,nativeLang3Name,6,6,1.000000
Person,nativeNameLanguage,6,6,1.000000
Person,naturalBust,6,22,0.272727
Person,ncaaChampionships,6,10,0.600000
Person,nfldraftround,6,9,0.666667
Person,nobleHouse,6,6,1.000000
Person,notableBroadcasts,6,6,1.000000
Person,notablevictories,6,6,1.000000
Person,numberOfShows,6,6,1.000000
Person,numbers,6,6,1.000000
Person,oaux1Name,6,41,0.146341
Person,operator,6,8,0.750000
Person,optionLink,6,7,0.857143
Person,ordinal1Fs,6,6,1.000000
Person,ordinal1Sp,6,6,1.000000
Person,ordinal2Fs,6,6,1.000000
Person,ordinal3Fs,6,6,1.000000
Person,ordinal5Sp,6,6,1.000000
Person,ordinal6Fs,6,6,1.000000
Person,ordinal7Fs,6,6,1.000000
Person,ordinal9Fs,6,6,1.000000
Person,ordinal9Sp,6,6,1.000000
Person,otherDiscipline,6,8,0.750000
Person,otherFamily,6,6,1.000000
Person,otherwork,6,6,1.000000
Person,parent(s)_,6,6,1.000000
Person,part,6,10,0.600000
Person,partyAffiliation,6,6,1.000000
Person,partyPosition,6,7,0.857143
Person,peak1b,6,6,1.000000
Person,peak6b,6,6,1.000000
Person,placeOfCremation,6,6,1.000000
Person,placeOfWork,6,16,0.375000
Person,ploys,6,6,1.000000
Person,postdoctoralAdvisor,6,7,0.857143
Person,premios,6,6,1.000000
Person,presentationScore2Sp,6,6,1.000000
Person,presentationScore4Sp,6,6,1.000000
Person,presentationScore5Fs,6,6,1.000000
Person,presentationScore7Sp,6,6,1.000000
Person,presentationScore8Sp,6,6,1.000000
Person,presentationScore9Fs,6,6,1.000000
Person,presidents,6,12,0.500000
Person,primeministers,6,6,1.000000
Person,publicService,6,8,0.750000
Person,publicServiceStart,6,8,0.750000
Person,publicWorks,6,6,1.000000
Person,publicWorksStart,6,6,1.000000
Person,rd2Score,6,25,0.240000
Person,rd2Seed,6,12,0.500000
Person,rd3Score,6,11,0.545455
Person,relationshipStatus,6,6,1.000000
Person,religiousBeliefs,6,8,0.750000
Person,residesIn,6,6,1.000000
Person,rev1score,6,8,0.750000
Person,ringNames,6,6,1.000000
Person,row,6,34,0.176471
Person,rrgye,6,6,1.000000
Person,ruCoachyear1end,6,7,0.857143
Person,ruFieldgoals,6,82,0.073171
Person,runtimeFs,6,6,1.000000
Person,ruPointsc,6,7,0.857143
Person,ruProclubupdate,6,6,1.000000
Person,sagawards,6,6,1.000000
Person,salign,6,763,0.007864
Person,sbkChampionships,6,65,0.092308
Person,schedule,6,14,0.428571
Person,schoolAttended,6,7,0.857143
Person,season10Loss,6,8,0.750000
Person,season10Wins,6,7,0.857143
Person,season11GoalsAgainst,6,6,1.000000
Person,season11Loss,6,6,1.000000
Person,season11Minutes,6,6,1.000000
Person,season11PlayoffGoals,6,17,0.352941
Person,season11Saves,6,6,1.000000
Person,season11Seconds,6,6,1.000000
Person,season11Wins,6,6,1.000000
Person,season12GoalsAgainst,6,6,1.000000
Person,season12Minutes,6,6,1.000000
Person,season12PlayoffAssists,6,17,0.352941
Person,season12Saves,6,6,1.000000
Person,season12Seconds,6,6,1.000000
Person,season13GoalsAgainst,6,6,1.000000
Person,season13Minutes,6,6,1.000000
Person,season13PlayoffGoals,6,14,0.428571
Person,season13Saves,6,6,1.000000
Person,season13Seconds,6,6,1.000000
Person,season15TeamLink,6,15,0.400000
Person,season16Goals,6,9,0.666667
Person,season17Goals,6,7,0.857143
Person,season17PenaltyMinutes,6,7,0.857143
Person,season18LooseBalls,6,6,1.000000
Person,season1Seconds,6,7,0.857143
Person,season2Loss,6,6,1.000000
Person,season2Seconds,6,6,1.000000
Person,season2Wins,6,7,0.857143
Person,season3Seconds,6,6,1.000000
Person,season4Loss,6,7,0.857143
Person,season4PlayoffGoalsAgainst,6,6,1.000000
Person,season4PlayoffMinutes,6,6,1.000000
Person,season4PlayoffSaves,6,6,1.000000
Person,season5GoalsAgainst,6,8,0.750000
Person,season5Loss,6,8,0.750000
Person,season5Team,6,12,0.500000
Person,season5Wins,6,7,0.857143
Person,season6Loss,6,8,0.750000
Person,season6Team,6,10,0.600000
Person,season7Loss,6,8,0.750000
Person,season7PlayoffGamesPlayed,6,48,0.125000
Person,season7Seconds,6,6,1.000000
Person,season7Team,6,8,0.750000
Person,season8PlayoffGamesPlayed,6,39,0.153846
Person,season8Seconds,6,8,0.750000
Person,season8Wins,6,7,0.857143
Person,season9Loss,6,8,0.750000
Person,season9PlayoffGamesPlayed,6,46,0.130435
Person,season9PlayoffPenaltyMinutes,6,17,0.352941
Person,secretaryGeneral,6,6,1.000000
Person,segpresEnd,6,6,1.000000
Person,branch,6,6,1.000000
Person,signatureType,6,49,0.122449
Person,silverYear,6,18,0.333333
Person,skills,6,6,1.000000
Person,socialdevEnd,6,6,1.000000
Person,spouses.,6,6,1.000000
Person,spousesType,6,38,0.157895
Person,sstyle,6,7,0.857143
Person,starSign,6,7,0.857143
Person,startAge,6,6,1.000000
Person,startmo,6,6,1.000000
Person,startyr,6,6,1.000000
Person,stat32label,6,10,0.600000
Person,stepdaughter,6,6,1.000000
Person,studios,6,6,1.000000
Person,study,6,6,1.000000
Person,term2End,6,6,1.000000
Person,termBegin,6,7,0.857143
Person,titolo,6,6,1.000000
Person,totalCoronaRaces,6,7,0.857143
Person,tourism,6,13,0.461538
Person,uly,6,6,1.000000
Person,umpt20lastyr,6,23,0.260870
Person,usproresult,6,53,0.113208
Person,venue,6,6,1.000000
Person,vocalRange,6,6,1.000000
Person,voiceactor,6,6,1.000000
Person,weight(kg)_,6,6,1.000000
Person,whaDraftYear,6,343,0.017493
Person,wives,6,6,1.000000
Person,workedOn,6,6,1.000000
Person,wptTitles,6,415,0.014458
Person,xgames,6,6,1.000000
Person,yahrtzeit,6,6,1.000000
Person,year11start,6,8,0.750000
Person,yearOfDeath,6,7,0.857143
Person,yearsAsPlayer,6,6,1.000000
Person,yearsInIrl,6,8,0.750000
Person,yearspan,6,39,0.153846
Person,youthClubs,6,6,1.000000
Species,altname,6,6,1.000000
Species,bot,6,63,0.095238
Species,colwidth,6,603,0.009950
Species,course,6,12,0.500000
Species,discuss,6,6,1.000000
Species,infraclass,6,681,0.008811
Species,infraorder,6,6,1.000000
Species,isbn,6,15,0.400000
Species,magnordo,6,17,0.352941
Species,map,6,6,1.000000
Species,mapCaption,6,6,1.000000
Species,mr,6,6,1.000000
Species,oleft,6,6,1.000000
Species,otop,6,6,1.000000
Species,owners,6,6,1.000000
Species,seleniumUg,6,6,1.000000
Species,speciesSearch,6,6,1.000000
Species,stipecharacter,6,729,0.008230
Species,subOrdo,6,43,0.139535
Species,superregnum,6,19,0.315789
Species,synoyms,6,6,1.000000
Species,temporalRange,6,6,1.000000
Species,term,6,12,0.500000
Species,topic,6,15,0.400000
Species,unrankedSuperclassis,6,10,0.600000
Species,wineGeneral,6,7,0.857143
Species,zoosectioAuthority,6,6,1.000000
Star,appmag8Passband,6,14,0.428571
Star,density,6,6,1.000000
Star,gal,6,6,1.000000
Star,host,6,8,0.750000
Star,letter,6,14,0.428571
Star,magV,6,6,1.000000
Star,radiusRj,6,7,0.857143
Star,refs,6,8,0.750000
Star,type,6,16800,0.000357
Galaxy,constellation,6,7,0.857143
Galaxy,m,6,6,1.000000
Galaxy,title,6,17,0.352941
ChemicalCompound,prep,6,6,1.000000
ChemicalCompound,uniprot,6,6,1.000000
ChemicalCompound,volume,6,7,0.857143
ChemicalCompound,watchedfields,6,5151,0.001165
AdministrativeRegion,daylightSavingTimeZone,6,37,0.162162
AdministrativeRegion,after,6,6,1.000000
AdministrativeRegion,aprSnowCm,6,7,0.857143
AdministrativeRegion,aprSnowInch,6,6,1.000000
AdministrativeRegion,archdeacon,6,6,1.000000
AdministrativeRegion,areaType,6,6,1.000000
AdministrativeRegion,areaWaterImperial,6,9,0.666667
AdministrativeRegion,before,6,6,1.000000
AdministrativeRegion,censusYr,6,2402,0.002498
AdministrativeRegion,cheight,6,6,1.000000
AdministrativeRegion,cities,6,154,0.038961
AdministrativeRegion,citizenshipIt,6,6,1.000000
AdministrativeRegion,coaSize,6,24,0.250000
AdministrativeRegion,coatSize,6,15,0.400000
AdministrativeRegion,code1Type,6,45,0.133333
AdministrativeRegion,coordinatesDisplay,6,147,0.040816
AdministrativeRegion,decSnowInch,6,6,1.000000
AdministrativeRegion,febRecordHighF,6,9,0.666667
AdministrativeRegion,febSnowInch,6,6,1.000000
AdministrativeRegion,formerRegierungsbezirk,6,46,0.130435
AdministrativeRegion,fullheight,6,7,0.857143
AdministrativeRegion,fullwidth,6,7,0.857143
AdministrativeRegion,gain,6,7,0.857143
AdministrativeRegion,hangulshort,6,6,1.000000
AdministrativeRegion,imageS,6,57,0.105263
AdministrativeRegion,j,6,6,1.000000
AdministrativeRegion,janSnowInch,6,6,1.000000
AdministrativeRegion,kfz,6,6,1.000000
AdministrativeRegion,marRecordLowF,6,8,0.750000
AdministrativeRegion,marSnowInch,6,6,1.000000
AdministrativeRegion,mayortitle,6,22,0.272727
AdministrativeRegion,mayRecordLowF,6,8,0.750000
AdministrativeRegion,metricFirst,6,443,0.013544
AdministrativeRegion,municip,6,7,0.857143
AdministrativeRegion,nativeCategory,6,6,1.000000
AdministrativeRegion,noOfUrbanTypeSettlementsOfDistrictSignificance,6,359,0.016713
AdministrativeRegion,novSnowCm,6,7,0.857143
AdministrativeRegion,novSnowInch,6,6,1.000000
AdministrativeRegion,otop,6,6,1.000000
AdministrativeRegion,politicalStatus,6,68,0.088235
AdministrativeRegion,populationRef,6,47,0.127660
AdministrativeRegion,populationYear,6,8,0.750000
AdministrativeRegion,provinces,6,7,0.857143
AdministrativeRegion,range,6,9,0.666667
AdministrativeRegion,regionType,6,18,0.333333
AdministrativeRegion,regLogo,6,6,1.000000
AdministrativeRegion,singleLine,6,455,0.013187
AdministrativeRegion,stateType,6,10,0.600000
AdministrativeRegion,typeHouse,6,6,1.000000
AdministrativeRegion,yearPre,6,6,1.000000
Person,currentRank,5,6,0.833333
Person,throwingSide,5,633,0.007899
Person,winsAtChallenges,5,14,0.357143
Person,250Championships,5,55,0.090909
Person,3option,5,10,0.500000
Person,500Manufacturers,5,5,1.000000
Person,a.k.a,5,5,1.000000
Person,academyAwards,5,5,1.000000
Person,aflrookieyear,5,6,0.833333
Person,allstarsf,5,62,0.080645
Person,almaeMatre,5,5,1.000000
Person,almaMatar,5,5,1.000000
Person,almaMeter,5,5,1.000000
Person,alTusa,5,10,0.500000
Person,an,5,5,1.000000
Person,anainspiration,5,5,1.000000
Person,ancestor,5,5,1.000000
Person,arUsa,5,9,0.555556
Person,assiocatedActs,5,5,1.000000
Person,assistant,5,7,0.714286
Person,attygenEnd,5,6,0.833333
Person,attygenStart,5,6,0.833333
Person,award1w,5,23,0.217391
Person,award5w,5,13,0.384615
Person,award7n,5,11,0.454545
Person,award8n,5,10,0.500000
Person,award9n,5,7,0.714286
Person,away,5,6,0.833333
Person,awayteam,5,5,1.000000
Person,baptismPlace,5,6,0.833333
Person,bestKnown,5,5,1.000000
Person,bestSeason,5,5,1.000000
Person,bf1Podiums,5,9,0.555556
Person,birthNames,5,5,1.000000
Person,birthPalce,5,5,1.000000
Person,blood,5,7,0.714286
Person,bowlGames,5,37,0.135135
Person,brithName,5,5,1.000000
Person,business,5,5,1.000000
Person,canadaCarTeam,5,5,1.000000
Person,capabilities,5,5,1.000000
Person,captain,5,5,1.000000
Person,capture,5,5,1.000000
Person,careerOrigin,5,5,1.000000
Person,cast,5,6,0.833333
Person,cbasehofYear,5,8,0.625000
Person,child(ren)_,5,5,1.000000
Person,children.,5,5,1.000000
Person,cinematography,5,5,1.000000
Person,cite,5,13,0.384615
Person,cityOfResidence,5,6,0.833333
Person,clallirelandf,5,29,0.172414
Person,clallirelandh,5,27,0.185185
Person,clanName,5,48,0.104167
Person,clprovincef,5,43,0.116279
Person,coachingawards,5,5,1.000000
Person,coachingdebutteam,5,5,1.000000
Person,coachingdebutyear,5,5,1.000000
Person,coachwin%25a,5,7,0.714286
Person,coachyear7end,5,5,1.000000
Person,coachyeardend,5,5,1.000000
Person,coat,5,5,1.000000
Person,codeName,5,5,1.000000
Person,colorcode,5,7,0.714286
Person,committee,5,5,1.000000
Person,communicationsDirectorStart,5,5,1.000000
Person,compilations,5,5,1.000000
Person,convicted,5,5,1.000000
Person,cooperation,5,5,1.000000
Person,coronaPoles,5,7,0.714286
Person,countryOfOrigin,5,5,1.000000
Person,coverArtist,5,5,1.000000
Person,cultureStart,5,5,1.000000
Person,currentBandMembers,5,5,1.000000
Person,currentGeneralManager,5,5,1.000000
Person,currentStatus,5,5,1.000000
Person,dateCreated,5,8,0.625000
Person,dateDecided,5,5,1.000000
Person,dateOfMarriage,5,5,1.000000
Person,dayofbirth,5,6,0.833333
Person,debutYear,5,5,1.000000
Person,dec,5,6,0.833333
Person,decEnd,5,5,1.000000
Person,defenseParty,5,5,1.000000
Person,dewey,5,5,1.000000
Person,dfm,5,5,1.000000
Person,discography,5,5,1.000000
Person,dissolved,5,5,1.000000
Person,distinctions,5,5,1.000000
Person,dlm,5,5,1.000000
Person,doctoralSupervisor,5,5,1.000000
Person,draftPba,5,48,0.104167
Person,drinkware,5,5,1.000000
Person,educationalQualification,5,5,1.000000
Person,educationParty,5,5,1.000000
Person,endmo,5,6,0.833333
Person,endyr,5,6,0.833333
Person,energyParty,5,6,0.833333
Person,enforcers,5,5,1.000000
Person,episodes,5,5,1.000000
Person,escapeEnd,5,5,1.000000
Person,espnStars,5,63,0.079365
Person,ethinicity,5,6,0.833333
Person,ethnicGroup,5,11,0.454545
Person,fansite,5,5,1.000000
Person,fathername,5,5,1.000000
Person,feet,5,1466,0.003411
Person,ffh,5,8,0.625000
Person,fiance,5,6,0.833333
Person,firstCoronaRace,5,7,0.714286
Person,font,5,13,0.384615
Person,footerAlign,5,170,0.029412
Person,formerBands,5,7,0.714286
Person,formerNllTeam,5,5,1.000000
Person,formerskatingClub,5,5,1.000000
Person,formerSpouse,5,5,1.000000
Person,formerTitle,5,5,1.000000
Person,generalCounsel,5,5,1.000000
Person,generalCounselStart,5,5,1.000000
Person,generalSecretary,5,6,0.833333
Person,genere,5,5,1.000000
Person,gharana,5,15,0.333333
Person,gutenberg,5,5,1.000000
Person,handedness,5,503,0.009940
Person,hangulgye,5,5,1.000000
Person,hanjab,5,5,1.000000
Person,heightft,5,9463,0.000528
Person,heightIns,5,8,0.625000
Person,help,5,181,0.027624
Person,hijos,5,5,1.000000
Person,homeStation,5,5,1.000000
Person,honoredIn,5,8,0.625000
Person,horoscope,5,5,1.000000
Person,hrsg,5,5,1.000000
Person,imageLeft,5,5,1.000000
Person,imageMap,5,5,1.000000
Person,imagestyle,5,5,1.000000
Person,imgsize,5,11,0.454545
Person,inageSize,5,5,1.000000
Person,incarnation,5,5,1.000000
Person,inceptdate,5,5,1.000000
Person,inspgen,5,5,1.000000
Person,insurance,5,6,0.833333
Person,insuranceEnd,5,5,1.000000
Person,interred,5,5,1.000000
Person,iomAlterEgo,5,5,1.000000
Person,japanesename,5,5,1.000000
Person,jersey%23_,5,5,1.000000
Person,jerseyNumber,5,5,1.000000
Person,juniorClub,5,5,1.000000
Person,juniorworldchamp,5,5,1.000000
Person,katakana,5,5,1.000000
Person,kickboxDecwin,5,5,1.000000
Person,kickboxingdraws,5,15,0.333333
Person,kurzbeschreibung,5,5,1.000000
Person,label2Size,5,10,0.500000
Person,laborParty,5,6,0.833333
Person,lang1Content,5,5,1.000000
Person,lastIrlRace,5,5,1.000000
Person,lastit20against,5,11,0.454545
Person,lineColor,5,12,0.416667
Person,litigation,5,5,1.000000
Person,mainwidth,5,16,0.312500
Person,mainWorks,5,5,1.000000
Person,mame,5,5,1.000000
Person,manga,5,126,0.039683
Person,marathon,5,11,0.454545
Person,margin,5,32,0.156250
Person,mark2size,5,10,0.500000
Person,martialStatus,5,6,0.833333
Person,medalTemplates,5,6,0.833333
Person,media,5,10,0.500000
Person,mentor,5,5,1.000000
Person,mining,5,5,1.000000
Person,miningStart,5,5,1.000000
Person,minister4Termend,5,5,1.000000
Person,minister4Termstart,5,7,0.714286
Person,missTqiRepúblicaDominicana,5,7,0.714286
Person,mmaNc,5,302,0.016556
Person,mmawins,5,5,1.000000
Person,mo,5,5,1.000000
Person,mob,5,5,1.000000
Person,monthofbirth,5,5,1.000000
Person,mother'sName,5,5,1.000000
Person,moto2LastSeason,5,95,0.052632
Person,moto3ActiveYears,5,54,0.092593
Person,motogpChampionships,5,60,0.083333
Person,musicalStyle,5,5,1.000000
Person,musicEx,5,5,1.000000
Person,nam,5,10,0.500000
Person,namedroutes,5,5,1.000000
Person,nationalAssets,5,5,1.000000
Person,nationalAssetsStart,5,5,1.000000
Person,nationalCaps,5,5,1.000000
Person,nationalDrugControl,5,5,1.000000
Person,nationalDrugControlEnd,5,5,1.000000
Person,nationalDrugControlStart,5,5,1.000000
Person,nationateamUpdate,5,5,1.000000
Person,nativeLang5Name,5,5,1.000000
Person,ncaaTeam,5,5,1.000000
Person,nflstatlabel,5,6,0.833333
Person,notableCredit,5,5,1.000000
Person,notableInstrument,5,6,0.833333
Person,notableMembers,5,5,1.000000
Person,notableOpponents,5,5,1.000000
Person,notableroles,5,5,1.000000
Person,notableShows,5,5,1.000000
Person,notableWorksAndRoles,5,5,1.000000
Person,notOut,5,5,1.000000
Person,numSeasons,5,9,0.555556
Person,olympicAppearances,5,97,0.051546
Person,operations,5,5,1.000000
Person,ordinal2Sp,5,5,1.000000
Person,ordinal4Fs,5,5,1.000000
Person,ordinal8Fs,5,5,1.000000
Person,organisations,5,5,1.000000
Person,orientation,5,5,1.000000
Person,otherPlaces,5,5,1.000000
Person,othertournaments,5,546,0.009158
Person,our,5,5,1.000000
Person,owners,5,5,1.000000
Person,parentHouse,5,5,1.000000
Person,passengers,5,6,0.833333
Person,past,5,5,1.000000
Person,peak10a,5,6,0.833333
Person,peak13b,5,5,1.000000
Person,peak7a,5,6,0.833333
Person,peak7b,5,6,0.833333
Person,peak8b,5,5,1.000000
Person,peak9a,5,5,1.000000
Person,penaltyscore,5,11,0.454545
Person,pencil,5,662,0.007553
Person,personalLife,5,5,1.000000
Person,placeDeath,5,5,1.000000
Person,positionn,5,5,1.000000
Person,post7followed,5,5,1.000000
Person,post7preceded,5,5,1.000000
Person,preaflprobowls,5,6,0.833333
Person,preceding,5,5,1.000000
Person,presentationScore1Fs,5,5,1.000000
Person,presentationScore3Sp,5,5,1.000000
Person,presentationScore5Sp,5,5,1.000000
Person,presentationScore6Fs,5,5,1.000000
Person,presentationScore6Sp,5,5,1.000000
Person,professionalCertifications,5,5,1.000000
Person,professions,5,5,1.000000
Person,promoter,5,5,1.000000
Person,ptupdate,5,5,1.000000
Person,publicServiceEnd,5,6,0.833333
Person,publicWorksEnd,5,5,1.000000
Person,qstyle,5,6,0.833333
Person,quoted,5,547,0.009141
Person,reachCm,5,5,1.000000
Person,refereeyear3end,5,5,1.000000
Person,reign1Type,5,25,0.200000
Person,relatedNames,5,5,1.000000
Person,relief,5,35,0.142857
Person,relyear,5,9,0.555556
Person,revenue,5,5,1.000000
Person,rival,5,5,1.000000
Person,rra,5,5,1.000000
Person,rrb,5,5,1.000000
Person,ruAmateurclubcaps,5,5,1.000000
Person,ruCurrentClub,5,6,0.833333
Person,ruGoalsb,5,54,0.092593
Person,ruSevensnationalcaps,5,6,0.833333
Person,s02v,5,5,1.000000
Person,saison,5,5,1.000000
Person,schoolBackground,5,5,1.000000
Person,schooling,5,5,1.000000
Person,season10PlayoffGamesPlayed,5,32,0.156250
Person,season12Loss,5,5,1.000000
Person,season12PlayoffGoals,5,15,0.333333
Person,season13PlayoffGamesPlayed,5,24,0.208333
Person,season14GoalsAgainst,5,5,1.000000
Person,season14Loss,5,5,1.000000
Person,season14Minutes,5,5,1.000000
Person,season14PlayoffGamesPlayed,5,19,0.263158
Person,season14Saves,5,5,1.000000
Person,season16TeamLink,5,11,0.454545
Person,season17PlayoffLooseBalls,5,5,1.000000
Person,season18GamesPlayed,5,6,0.833333
Person,season18Year,5,6,0.833333
Person,season4Wins,5,7,0.714286
Person,season5PlayoffMinutes,5,5,1.000000
Person,season5PlayoffSaves,5,5,1.000000
Person,season6PlayoffSaves,5,5,1.000000
Person,season6Wins,5,7,0.714286
Person,season7Wins,5,7,0.714286
Person,season8Loss,5,7,0.714286
Person,season8PlayoffGoalsAgainst,5,5,1.000000
Person,season8PlayoffMinutes,5,5,1.000000
Person,season8PlayoffSaves,5,5,1.000000
Person,season9PlayoffGoalsAgainst,5,5,1.000000
Person,season9PlayoffSaves,5,5,1.000000
Person,segpresParty,5,5,1.000000
Person,selected,5,17,0.294118
Person,sernam,5,5,1.000000
Person,sernamParty,5,5,1.000000
Person,sernamStart,5,5,1.000000
Person,services,5,5,1.000000
Person,settlementType,5,5,1.000000
Person,sig,5,72,0.069444
Person,signaturePhrase,5,5,1.000000
Person,slogan,5,5,1.000000
Person,smash,5,5,1.000000
Person,socialdevParty,5,5,1.000000
Person,sourceurl,5,5,1.000000
Person,special,5,6,0.833333
Person,spelling,5,662,0.007553
Person,spouseName,5,5,1.000000
Person,sr,5,5,1.000000
Person,ssChampionships,5,28,0.178571
Person,startDiscipline,5,5,1.000000
Person,stat25label,5,9,0.555556
Person,stat3lable,5,84,0.059524
Person,stateChampionships,5,14,0.357143
Person,stateLegislature,5,108,0.046296
Person,statesurge,5,6,0.833333
Person,stopover,5,5,1.000000
Person,studies,5,5,1.000000
Person,studioLink,5,12,0.416667
Person,subsect,5,6,0.833333
Person,subtitle,5,5,1.000000
Person,supp,5,30,0.166667
Person,suppdraftpick,5,6,0.833333
Person,syndicate,5,5,1.000000
Person,taxStart,5,5,1.000000
Person,termStar,5,5,1.000000
Person,thesis2Url,5,5,1.000000
Person,top,5,9,0.555556
Person,tours,5,5,1.000000
Person,tozai,5,418,0.011962
Person,traininglocations,5,5,1.000000
Person,transport,5,5,1.000000
Person,transportStart,5,5,1.000000
Person,uncle,5,5,1.000000
Person,usy,5,5,1.000000
Person,uyy,5,5,1.000000
Person,verse,5,5,1.000000
Person,viceGovernor,5,5,1.000000
Person,vicemayor,5,5,1.000000
Person,viceMayor,5,6,0.833333
Person,voiceTypes,5,8,0.625000
Person,wcraces,5,5,1.000000
Person,wctfinalsresult,5,62,0.080645
Person,wellKnownMovies,5,5,1.000000
Person,winnerParty,5,130,0.038462
Person,workPlace,5,5,1.000000
Person,yearactive,5,5,1.000000
Person,yearfend,5,7,0.714286
Person,yearofbirth,5,5,1.000000
Person,yearsAsNhlPlayer,5,5,1.000000
Species,basionym,5,5,1.000000
Species,binomial2Authority,5,5,1.000000
Species,cladus,5,27,0.185185
Species,commonsSearch,5,5,1.000000
Species,emedicinesubj,5,8,0.625000
Species,ex,5,5,1.000000
Species,homonyms,5,5,1.000000
Species,imageTop,5,8,0.625000
Species,lang,5,10,0.500000
Species,medlineplus,5,5,1.000000
Species,n,5,49,0.102041
Species,no,5,6,0.833333
Species,omega6fat,5,5,1.000000
Species,sci,5,5,1.000000
Species,spcode,5,5,1.000000
Species,subFamilia,5,9,0.555556
Species,subkingdom,5,6,0.833333
Species,subseries,5,5,1.000000
Species,supecies,5,5,1.000000
Species,superclassisAuthority,5,5,1.000000
Species,taxDomain,5,5,1.000000
Species,unrankedGenusAuthority,5,7,0.714286
Species,unrankedInfraclassis,5,14,0.357143
Species,unrankedSubregnum,5,5,1.000000
Species,unrankedSuperdivisio,5,118,0.042373
Species,unrankedSuperfamiliaAuthority,5,5,1.000000
Species,v,5,53,0.094340
Species,varietas,5,5,1.000000
Species,wineCool,5,5,1.000000
Species,world,5,5,1.000000
Species,zoodivisio,5,289,0.017301
Star,distance,5,5,1.000000
Star,equinox,5,301,0.016611
Star,reason,5,6,0.833333
Star,s,5,7,0.714286
Star,t,5,7,0.714286
Galaxy,date,5,5,1.000000
ChemicalCompound,entrezgene,5,5,1.000000
ChemicalCompound,iupacnames,5,5,1.000000
ChemicalCompound,minorReverseProduct(s)_,5,5,1.000000
ChemicalCompound,minorReverseSubstrate(s)_,5,5,1.000000
ChemicalCompound,pages,5,5,1.000000
ChemicalCompound,reverseEnzyme,5,5,1.000000
ChemicalCompound,url,5,5,1.000000
ChemicalCompound,type,5,49680,0.000101
AdministrativeRegion,nutsCode,5,20,0.250000
AdministrativeRegion,river,5,7,0.714286
AdministrativeRegion,aprRainInch,5,5,1.000000
AdministrativeRegion,areaFootnotes,5,5,1.000000
AdministrativeRegion,augRainInch,5,5,1.000000
AdministrativeRegion,borderType,5,6,0.833333
AdministrativeRegion,censusEstimateYr,5,598,0.008361
AdministrativeRegion,colwidth,5,10,0.500000
AdministrativeRegion,coordinatesDate,5,10,0.500000
AdministrativeRegion,cwidth,5,5,1.000000
AdministrativeRegion,decRainInch,5,5,1.000000
AdministrativeRegion,demographics2Title,5,55,0.090909
AdministrativeRegion,emeritusBishop,5,5,1.000000
AdministrativeRegion,febRainInch,5,5,1.000000
AdministrativeRegion,footerAlign,5,9,0.555556
AdministrativeRegion,free1Type,5,12,0.416667
AdministrativeRegion,geology,5,5,1.000000
AdministrativeRegion,highestLatD,5,5,1.000000
AdministrativeRegion,highestLongD,5,5,1.000000
AdministrativeRegion,highestLongM,5,5,1.000000
AdministrativeRegion,imageMapSize,5,76,0.065789
AdministrativeRegion,island,5,49,0.102041
AdministrativeRegion,janRainInch,5,5,1.000000
AdministrativeRegion,julRainInch,5,5,1.000000
AdministrativeRegion,kristeligFolkeparti,5,52,0.096154
AdministrativeRegion,locationType,5,7,0.714286
AdministrativeRegion,lowestLocation,5,13,0.384615
AdministrativeRegion,marineEmblem,5,5,1.000000
AdministrativeRegion,marRainInch,5,5,1.000000
AdministrativeRegion,mineralEmblem,5,5,1.000000
AdministrativeRegion,noOfCitiesTowns,5,321,0.015576
AdministrativeRegion,noOfTownsOfDistrictSignificance,5,242,0.020661
AdministrativeRegion,novRainInch,5,5,1.000000
AdministrativeRegion,octRainInch,5,5,1.000000
AdministrativeRegion,octSnowInch,5,6,0.833333
AdministrativeRegion,other,5,5,1.000000
AdministrativeRegion,patroness,5,5,1.000000
AdministrativeRegion,photo,5,5,1.000000
AdministrativeRegion,poj,5,5,1.000000
AdministrativeRegion,politicalStatusLink,5,67,0.074627
AdministrativeRegion,pope,5,17,0.294118
AdministrativeRegion,portal,5,5,1.000000
AdministrativeRegion,precededBy,5,5,1.000000
AdministrativeRegion,provStatus,5,988,0.005061
AdministrativeRegion,sepRainInch,5,5,1.000000
AdministrativeRegion,stateParty,5,12,0.416667
AdministrativeRegion,statRef,5,20,0.250000
AdministrativeRegion,town,5,5,1.000000
AdministrativeRegion,tpopAsOf,5,78,0.064103
AdministrativeRegion,unitPrecipitationDays,5,55,0.090909
AdministrativeRegion,utmZone,5,419,0.011933
AdministrativeRegion,yearRainInch,5,5,1.000000
AdministrativeRegion,yearSnowCm,5,5,1.000000
Person,ndlId,4,4,1.000000
Person,ulanId,4,4,1.000000
Person,winsAtAus,4,4,1.000000
Person,247Stars,4,98,0.040816
Person,2ndhand,4,4,1.000000
Person,300games,4,10,0.400000
Person,academicDegree,4,6,0.666667
Person,activeSince,4,4,1.000000
Person,activities,4,4,1.000000
Person,activityyears,4,4,1.000000
Person,agandmarkets,4,5,0.800000
Person,agandmarketsEnd,4,4,1.000000
Person,agandmarketsStart,4,4,1.000000
Person,agents,4,4,1.000000
Person,aggregatescore,4,10,0.400000
Person,agricultureParty,4,4,1.000000
Person,almamáter,4,4,1.000000
Person,altcat,4,8,0.500000
Person,alternativeNams,4,4,1.000000
Person,alumna,4,4,1.000000
Person,amKoloss,4,16,0.250000
Person,anthem,4,9,0.444444
Person,arena,4,4,1.000000
Person,arTusa,4,10,0.400000
Person,associate2End,4,4,1.000000
Person,associate2Start,4,4,1.000000
Person,associatedAct,4,4,1.000000
Person,associatedLabels,4,4,1.000000
Person,associateEnd,4,4,1.000000
Person,associateStart,4,4,1.000000
Person,assumedOffice,4,4,1.000000
Person,aunt,4,4,1.000000
Person,award10n,4,7,0.571429
Person,award6w,4,11,0.363636
Person,award7w,4,10,0.400000
Person,awardedby,4,38,0.105263
Person,awardedBy,4,4,1.000000
Person,awardname,4,35,0.114286
Person,honours,4,4,1.000000
Person,awardsAndHighlights,4,4,1.000000
Person,awardsAndRecognition,4,4,1.000000
Person,bcs,4,2551,0.001568
Person,belalAhmed,4,4,1.000000
Person,bestTruckPosition,4,4,1.000000
Person,bf1FastestLaps,4,9,0.444444
Person,bf1Wins,4,9,0.444444
Person,bf1Years,4,9,0.444444
Person,bfjaawards,4,4,1.000000
Person,billedFrom,4,4,1.000000
Person,biography,4,4,1.000000
Person,birthPlaxe,4,4,1.000000
Person,bloodType,4,7,0.571429
Person,board,4,4,1.000000
Person,bodyclass,4,48,0.083333
Person,bodyDiscoveredPlace,4,4,1.000000
Person,bornAndOrigin,4,4,1.000000
Person,by,4,1103,0.003626
Person,campaigns,4,4,1.000000
Person,candidate4Party,4,7,0.571429
Person,captured,4,6,0.666667
Person,cc,4,26,0.153846
Person,cervantes,4,4,1.000000
Person,championshipsAsPlayer,4,4,1.000000
Person,charte,4,6,0.666667
Person,charts,4,20,0.200000
Person,chest,4,4,1.000000
Person,children's,4,4,1.000000
Person,children(s)_,4,4,1.000000
Person,citizen,4,4,1.000000
Person,civilservice,4,5,0.800000
Person,civilserviceEnd,4,4,1.000000
Person,civilserviceStart,4,5,0.800000
Person,cl,4,4,1.000000
Person,clubNumber,4,4,1.000000
Person,coachedFor,4,4,1.000000
Person,coachingyears,4,4,1.000000
Person,collapsed,4,275,0.014545
Person,colle,4,4,1.000000
Person,collectives,4,4,1.000000
Person,collegehofid,4,4,1.000000
Person,colorSeries,4,5,0.800000
Person,colours,4,4,1.000000
Person,commercelabor,4,4,1.000000
Person,commercelaborEnd,4,4,1.000000
Person,commercelaborStart,4,4,1.000000
Person,communicationsDirectorEnd,4,5,0.800000
Person,compStart,4,4,1.000000
Person,constituencies,4,4,1.000000
Person,contact,4,5,0.800000
Person,convPoles,4,4,1.000000
Person,convTopTens,4,4,1.000000
Person,cónyuge,4,4,1.000000
Person,coordinates,4,5,0.800000
Person,coronaWins,4,6,0.666667
Person,corporation,4,4,1.000000
Person,correctionsStart,4,4,1.000000
Person,creationDate,4,16,0.250000
Person,cremationPlace,4,4,1.000000
Person,cuatroymedio,4,4,1.000000
Person,cultureEnd,4,4,1.000000
Person,currentAddress,4,6,0.666667
Person,currentHead,4,4,1.000000
Person,currently,4,5,0.800000
Person,currentlyLives,4,4,1.000000
Person,currentmembers,4,4,1.000000
Person,currentraininglocations,4,7,0.571429
Person,cyrillic,4,4,1.000000
Person,datebirth,4,4,1.000000
Person,dateRatified,4,7,0.571429
Person,deathLocation,4,4,1.000000
Person,deathManner,4,5,0.800000
Person,deathName,4,4,1.000000
Person,deathPl,4,4,1.000000
Person,deputyMayor,4,4,1.000000
Person,descendant,4,4,1.000000
Person,design,4,4,1.000000
Person,df,4,479,0.008351
Person,diedDate,4,4,1.000000
Person,díjak,4,4,1.000000
Person,dissolution,4,10,0.400000
Person,distribution,4,4,1.000000
Person,dqLosses,4,110,0.036364
Person,dqWins,4,118,0.033898
Person,draftedteam,4,9,0.444444
Person,economyParty,4,4,1.000000
Person,editing,4,4,1.000000
Person,editorFirst,4,5,0.800000
Person,editorialDuties,4,8,0.500000
Person,editorLast,4,5,0.800000
Person,endorsement,4,4,1.000000
Person,enlisted,4,5,0.800000
Person,expanded,4,4,1.000000
Person,experience,4,4,1.000000
Person,expertise,4,4,1.000000
Person,externalLinks,4,145,0.027586
Person,faith,4,5,0.800000
Person,famouswork,4,4,1.000000
Person,fathersName,4,4,1.000000
Person,favouriteWaves,4,5,0.800000
Person,fechaDeNacimiento,4,4,1.000000
Person,fhtitles,4,27,0.148148
Person,file,4,4,1.000000
Person,financeParty,4,4,1.000000
Person,finish,4,4,1.000000
Person,focus,4,4,1.000000
Person,foot,4,4,1.000000
Person,foreignAffairs,4,4,1.000000
Person,foreignAffairsStart,4,4,1.000000
Person,formerclub,4,4,1.000000
Person,formerClub,4,4,1.000000
Person,formerEmployer,4,4,1.000000
Person,formerEmployers,4,4,1.000000
Person,formerParties,4,4,1.000000
Person,frac,4,7,0.571429
Person,fraternity,4,4,1.000000
Person,ftitle,4,5,0.800000
Person,fullheight,4,4,1.000000
Person,fullTitle,4,4,1.000000
Person,fullwidth,4,4,1.000000
Person,fullwidthvotes,4,4,1.000000
Person,generalCounselEnd,4,4,1.000000
Person,genus,4,4,1.000000
Person,golas,4,6,0.666667
Person,governingBody,4,14,0.285714
Person,government,4,4,1.000000
Person,governorStart,4,4,1.000000
Person,govsec,4,4,1.000000
Person,govsecStart,4,4,1.000000
Person,graduatedFrom,4,4,1.000000
Person,granddaughter,4,4,1.000000
Person,halfSisters,4,4,1.000000
Person,hangulb,4,4,1.000000
Person,healthParty,4,5,0.800000
Person,heightInch,4,4,1.000000
Person,heights,4,4,1.000000
Person,hepburn,4,4,1.000000
Person,homes,4,4,1.000000
Person,homeState,4,4,1.000000
Person,honoraryDoctorate,4,4,1.000000
Person,honoraryDoctorates,4,4,1.000000
Person,honorsAndAwards,4,4,1.000000
Person,hosting,4,4,1.000000
Person,housing,4,4,1.000000
Person,housingParty,4,4,1.000000
Person,housingStart,4,4,1.000000
Person,hundredsflowersawards,4,4,1.000000
Person,iflstatlabel,4,4,1.000000
Person,image.,4,4,1.000000
Person,imagesite,4,14,0.285714
Person,imgcaption,4,4,1.000000
Person,imperialHouse,4,5,0.800000
Person,importantIn,4,4,1.000000
Person,incat,4,8,0.500000
Person,ink,4,508,0.007874
Person,inns,4,4,1.000000
Person,insigniacaption,4,4,1.000000
Person,inspgenEnd,4,4,1.000000
Person,inspgenStart,4,4,1.000000
Person,instructor,4,4,1.000000
Person,instrument&skills,4,4,1.000000
Person,interchange,4,4,1.000000
Person,interiorParty,4,4,1.000000
Person,inTheReignOf,4,4,1.000000
Person,iomAlliances,4,4,1.000000
Person,irishresult,4,15,0.266667
Person,irlPodiums,4,8,0.500000
Person,italicTitle,4,118,0.033898
Person,japanvoice,4,4,1.000000
Person,jumpsEx,4,4,1.000000
Person,jumpsSp,4,4,1.000000
Person,kickboxNc,4,73,0.054795
Person,knownLanguage,4,4,1.000000
Person,koreanname,4,6,0.666667
Person,label3Size,4,9,0.444444
Person,lagtwins,4,12,0.333333
Person,langInterwiki,4,4,1.000000
Person,lastCause,4,5,0.800000
Person,lastclub,4,4,1.000000
Person,lastName,4,4,1.000000
Person,lat2Min,4,4,1.000000
Person,lat3Deg,4,4,1.000000
Person,latitude,4,4,1.000000
Person,latm,4,4,1.000000
Person,leaderName,4,4,1.000000
Person,leaderTitle,4,4,1.000000
Person,legislature,4,4,1.000000
Person,législature,4,4,1.000000
Person,lieutenantGovernorStart,4,4,1.000000
Person,livingPlace,4,4,1.000000
Person,local,4,4,1.000000
Person,locationOfDocument,4,6,0.666667
Person,lon2Min,4,4,1.000000
Person,lon3Deg,4,4,1.000000
Person,longitude,4,4,1.000000
Person,longm,4,4,1.000000
Person,lord,4,4,1.000000
Person,madh'hab,4,20,0.200000
Person,maidens,4,4,1.000000
Person,majorAwards,4,4,1.000000
Person,majorShrines,4,4,1.000000
Person,managername,4,4,1.000000
Person,managerteam,4,4,1.000000
Person,mapSize,4,4,1.000000
Person,mark3size,4,9,0.444444
Person,mastersAdvisor,4,4,1.000000
Person,masterscupdoublesresult,4,51,0.078431
Person,membershipEst,4,4,1.000000
Person,mfiWorldMatchplay,4,4,1.000000
Person,militaryRank,4,4,1.000000
Person,miningEnd,4,4,1.000000
Person,minister5Termstart,4,4,1.000000
Person,ministère,4,4,1.000000
Person,mmaDqloss,4,65,0.061538
Person,mmaDqwin,4,63,0.063492
Person,mmalosses,4,4,1.000000
Person,mmaOtherloss,4,31,0.129032
Person,mokshaPlace,4,12,0.333333
Person,motherteam,4,6,0.666667
Person,moto3LastSeason,4,74,0.054054
Person,mra,4,4,1.000000
Person,mrb,4,4,1.000000
Person,msTusa,4,10,0.400000
Person,mtitle,4,6,0.666667
Person,musicLabels,4,4,1.000000
Person,na%23e,4,4,1.000000
Person,naacpimageawards,4,5,0.800000
Person,nacionalidad,4,4,1.000000
Person,name2Transcription,4,4,1.000000
Person,nameOrigin,4,4,1.000000
Person,nationalAssetsEnd,4,4,1.000000
Person,nationalAssetsParty,4,4,1.000000
Person,nationalteamupdate,4,4,1.000000
Person,nationalty,4,4,1.000000
Person,nationalYears,4,4,1.000000
Person,ncupdate,4,4,1.000000
Person,nearestCity,4,4,1.000000
Person,nflstatvalue,4,4,1.000000
Person,nhlTeam,4,4,1.000000
Person,nm,4,4,1.000000
Person,nominated,4,4,1.000000
Person,notableawards,4,4,1.000000
Person,notableEquipment,4,4,1.000000
Person,notableFor,4,4,1.000000
Person,notablePrizes,4,4,1.000000
Person,nSearch,4,4,1.000000
Person,occurrenceType,4,8,0.500000
Person,odiShirt,4,4,1.000000
Person,officesheld,4,4,1.000000
Person,olympicMedal,4,6,0.666667
Person,ordinal3Sp,4,4,1.000000
Person,ordinal4Sp,4,4,1.000000
Person,ordinal6Sp,4,4,1.000000
Person,ordinal7Sp,4,4,1.000000
Person,ordinal8Sp,4,4,1.000000
Person,otherAwards,4,4,1.000000
Person,otherLosses,4,55,0.072727
Person,othertournamentsdoubles,4,262,0.015267
Person,ou,4,5,0.800000
Person,overlay,4,4,1.000000
Person,overlayImage,4,4,1.000000
Person,paralympicmedals,4,5,0.800000
Person,paralympicsdoublesresult,4,26,0.153846
Person,pastteamsnote,4,4275,0.000936
Person,pcUpdate,4,5,0.800000
Person,peak10b,4,4,1.000000
Person,peak11a,4,4,1.000000
Person,peak11b,4,4,1.000000
Person,peak13a,4,4,1.000000
Person,peak9b,4,4,1.000000
Person,penNames,4,4,1.000000
Person,person,4,4,1.000000
Person,personality,4,4,1.000000
Person,pieimagen,4,4,1.000000
Person,pinyinbirthname,4,4,1.000000
Person,pix,4,5,0.800000
Person,placeOfDeathPlace,4,4,1.000000
Person,placeOfMarriage,4,4,1.000000
Person,playingPosition,4,4,1.000000
Person,pmc,4,4,1.000000
Person,podcast,4,4,1.000000
Person,points)_,4,4,1.000000
Person,pointsf,4,13,0.307692
Person,politicalOrientation,4,4,1.000000
Person,politicalparty,4,4,1.000000
Person,portals,4,282,0.014184
Person,portrait,4,11,0.363636
Person,post7years,4,5,0.800000
Person,prececessor,4,4,1.000000
Person,precessor,4,5,0.800000
Person,predecesor,4,4,1.000000
Person,predecessors,4,4,1.000000
Person,prefix,4,5,0.800000
Person,presentationScore9Sp,4,4,1.000000
Person,priorActions,4,4,1.000000
Person,prison,4,5,0.800000
Person,professsion,4,4,1.000000
Person,provider,4,6,0.666667
Person,publications,4,4,1.000000
Person,publishing,4,4,1.000000
Person,qalign,4,134,0.029851
Person,rawname,4,4,1.000000
Person,rd3Seed,4,4,1.000000
Person,record(s)_,4,4,1.000000
Person,references,4,29,0.137931
Person,regnal,4,4,1.000000
Person,reihe,4,4,1.000000
Person,religion.,4,4,1.000000
Person,religiousAffiliation,4,4,1.000000
Person,removeDate,4,4,1.000000
Person,representative,4,22,0.181818
Person,research,4,4,1.000000
Person,restaurant,4,4,1.000000
Person,reward,4,8,0.500000
Person,rname,4,4,1.000000
Person,royalMotto,4,4,1.000000
Person,ruAmatuerclubs,4,5,0.800000
Person,ruCoachteama,4,4,1.000000
Person,ruCoachyearastart,4,4,1.000000
Person,ruFieldgoalsb,4,54,0.074074
Person,runtimeEx,4,4,1.000000
Person,ruProcaps,4,4,1.000000
Person,ruProyears,4,4,1.000000
Person,ruTriesc,4,7,0.571429
Person,ruYeardstart,4,4,1.000000
Person,ruYearestart,4,4,1.000000
Person,ruYears,4,4,1.000000
Person,s03v,4,4,1.000000
Person,scale,4,9,0.444444
Person,season10PlayoffGoalsAgainst,4,4,1.000000
Person,season11PlayoffGamesPlayed,4,29,0.137931
Person,season11PlayoffPenaltyMinutes,4,11,0.363636
Person,season12Wins,4,5,0.800000
Person,season13Loss,4,5,0.800000
Person,season13PlayoffPenaltyMinutes,4,9,0.444444
Person,season13Wins,4,4,1.000000
Person,season14PlayoffGoals,4,10,0.400000
Person,season14PlayoffGoalsAgainst,4,4,1.000000
Person,season14PlayoffMinutes,4,4,1.000000
Person,season14PlayoffSaves,4,4,1.000000
Person,season14Seconds,4,4,1.000000
Person,season15GoalsAgainst,4,4,1.000000
Person,season15Loss,4,4,1.000000
Person,season15Minutes,4,4,1.000000
Person,season15PlayoffGoals,4,5,0.800000
Person,season15Saves,4,4,1.000000
Person,season15Seconds,4,4,1.000000
Person,season16PlayoffAssists,4,5,0.800000
Person,season17PlayoffAssists,4,5,0.800000
Person,season17PlayoffGamesPlayed,4,6,0.666667
Person,season18Assists,4,5,0.800000
Person,season18Goals,4,5,0.800000
Person,season18PlayoffGamesPlayed,4,4,1.000000
Person,season1League,4,13,0.307692
Person,season1Loss,4,6,0.666667
Person,season1Wins,4,5,0.800000
Person,season2League,4,11,0.363636
Person,season3Loss,4,7,0.571429
Person,season3PlayoffMinutes,4,4,1.000000
Person,season3PlayoffSaves,4,4,1.000000
Person,season4PlayoffSeconds,4,4,1.000000
Person,season5PlayoffGoalsAgainst,4,5,0.800000
Person,season6PlayoffGoalsAgainst,4,5,0.800000
Person,season6PlayoffMinutes,4,5,0.800000
Person,season7PlayoffGoalsAgainst,4,4,1.000000
Person,season7PlayoffMinutes,4,4,1.000000
Person,season7PlayoffSaves,4,4,1.000000
Person,season8PlayoffPenaltyMinutes,4,17,0.235294
Person,season8Team,4,5,0.800000
Person,season9PlayoffMinutes,4,5,0.800000
Person,seat,4,6,0.666667
Person,seealso,4,5,0.800000
Person,segegobParty,4,4,1.000000
Person,selectedAwards,4,4,1.000000
Person,sernamEnd,4,4,1.000000
Person,shortname,4,4,1.000000
Person,silver,4,5,0.800000
Person,similarArtists,4,4,1.000000
Person,talent,4,6,0.666667
Person,small,4,449,0.008909
Person,socialMedia,4,4,1.000000
Person,sonOf,4,4,1.000000
Person,sooteamPre,4,37,0.108108
Person,speacialJob,4,4,1.000000
Person,specialization,4,4,1.000000
Person,standardImg,4,6,0.666667
Person,stat31label,4,10,0.400000
Person,stat33label,4,8,0.500000
Person,statesAndProvinces,4,4,1.000000
Person,statlabe,4,6,0.666667
Person,streetAddress,4,4,1.000000
Person,studiedUnder,4,4,1.000000
Person,subject(s)_,4,4,1.000000
Person,successors,4,4,1.000000
Person,sucesor,4,4,1.000000
Person,surrenderedDate,4,4,1.000000
Person,susperp,4,4,1.000000
Person,tax,4,5,0.800000
Person,taxEnd,4,4,1.000000
Person,teamid,4,11,0.363636
Person,teamsCoached,4,4,1.000000
Person,teamsManaged,4,4,1.000000
Person,termEnds,4,6,0.666667
Person,termLabel,4,17,0.235294
Person,termlength,4,4,1.000000
Person,testshirt,4,4,1.000000
Person,theatre,4,5,0.800000
Person,titleOrig,4,4,1.000000
Person,titleyears,4,4,1.000000
Person,titre,4,4,1.000000
Person,tocresult,4,9,0.444444
Person,totalConvRaces,4,4,1.000000
Person,totalFights,4,4,1.000000
Person,trainedBy,4,4,1.000000
Person,translator,4,4,1.000000
Person,transportEnd,4,4,1.000000
Person,transportParty,4,4,1.000000
Person,tsurl,4,4,1.000000
Person,uflstatseason,4,8,0.500000
Person,undrafted,4,4,1.000000
Person,upc,4,4,1.000000
Person,veneratedDate,4,4,1.000000
Person,viceroy,4,4,1.000000
Person,victories,4,4,1.000000
Person,webPage,4,4,1.000000
Person,whccdoublesresult,4,18,0.222222
Person,wheelchairtennismastersresult,4,19,0.210526
Person,workAssociations,4,4,1.000000
Person,workInsitutions,4,4,1.000000
Person,worth,4,5,0.800000
Person,writingCredits,4,55,0.072727
Person,writingPeriod,4,4,1.000000
Person,wrongname,4,6,0.666667
Person,xheight,4,4,1.000000
Person,xwidth,4,4,1.000000
Person,yalechinesename,4,4,1.000000
Person,year11end,4,6,0.666667
Person,yearLeader,4,4,1.000000
Person,yearsInConv,4,4,1.000000
Person,yearsInCorona,4,7,0.571429
Person,yearsOfService,4,4,1.000000
Person,zodiac,4,5,0.800000
Person,zodiacSign,4,5,0.800000
Person,место,4,4,1.000000
Person,професија,4,4,1.000000
Person,գործիքներ,4,4,1.000000
Species,1pp,4,5,0.800000
Species,att,4,9,0.444444
Species,bar,4,4,1.000000
Species,buchid,4,4,1.000000
Species,carbohydrates,4,4,1.000000
Species,content,4,7,0.571429
Species,displayParents,4,42,0.095238
Species,footerAlign,4,20,0.200000
Species,heat,4,6,0.666667
Species,herausgeber,4,4,1.000000
Species,iamgeCaption,4,4,1.000000
Species,image2Size,4,45,0.088889
Species,imagesize,4,12,0.333333
Species,infraregnum,4,6,0.666667
Species,kanji,4,4,1.000000
Species,lat1Deg,4,4,1.000000
Species,lat2Deg,4,4,1.000000
Species,latD,4,4,1.000000
Species,latM,4,4,1.000000
Species,latS,4,4,1.000000
Species,lcheading,4,4,1.000000
Species,legend,4,4,1.000000
Species,lon1Deg,4,4,1.000000
Species,lon2Deg,4,4,1.000000
Species,longD,4,4,1.000000
Species,longS,4,4,1.000000
Species,pos,4,55,0.072727
Species,racewins,4,4,1.000000
Species,regnumAuthority,4,4,1.000000
Species,right,4,51,0.078431
Species,scoville,4,4,1.000000
Species,seite,4,4,1.000000
Species,servingSize,4,11,0.363636
Species,specie,4,4,1.000000
Species,state,4,9,0.444444
Species,subdivisionRank,4,9,0.444444
Species,subfamalia,4,205,0.019512
Species,subfamila,4,5,0.800000
Species,superfamila,4,4,1.000000
Species,suprafamilia,4,6,0.666667
Species,time,4,4,1.000000
Species,titlestyle,4,6,0.666667
Species,typeSoecies,4,4,1.000000
Species,unrankedOrdoAuthority,4,4,1.000000
Species,unrankedPhylumAuthority,4,4,1.000000
Species,vitb12Ug,4,19,0.210526
Species,vitdUg,4,11,0.363636
Species,volume,4,4,1.000000
Species,wuu,4,4,1.000000
Star,ageByr,4,4,1.000000
Star,angdistmas,4,4,1.000000
Star,designation,4,4,1.000000
Star,distKpc,4,4,1.000000
Star,header,4,12,0.333333
Star,metallicity,4,4,1.000000
Star,parallaxFootnote,4,4,1.000000
Star,spaceVU,4,4,1.000000
Star,spaceVV,4,4,1.000000
Star,spaceVW,4,4,1.000000
Star,year,4,4,1.000000
Galaxy,c,4,4,1.000000
Galaxy,colwidth,4,10,0.400000
Galaxy,massLightRatio,4,4,1.000000
Galaxy,radiusLy,4,6,0.666667
ChemicalCompound,c,4,4,1.000000
ChemicalCompound,chromosome,4,4,1.000000
ChemicalCompound,collvolpages,4,4,1.000000
ChemicalCompound,e,4,4,1.000000
ChemicalCompound,h,4,4,1.000000
ChemicalCompound,height,4,4,1.000000
ChemicalCompound,hgncid,4,4,1.000000
ChemicalCompound,productImageSize,4,4,1.000000
ChemicalCompound,r,4,4,1.000000
AdministrativeRegion,areaMetro,4,4,1.000000
AdministrativeRegion,government,4,64,0.062500
AdministrativeRegion,governmentCountry,4,4,1.000000
AdministrativeRegion,location,4,49,0.081633
AdministrativeRegion,lowest,4,14,0.285714
AdministrativeRegion,populationMetro,4,4,1.000000
AdministrativeRegion,aprPercentsun,4,4,1.000000
AdministrativeRegion,areaCodeType,4,27,0.148148
AdministrativeRegion,areaOfWhat,4,159,0.025157
AdministrativeRegion,augPercentsun,4,4,1.000000
AdministrativeRegion,b,4,17,0.235294
AdministrativeRegion,blank1InfoSec,4,5,0.800000
AdministrativeRegion,bsize,4,4,1.000000
AdministrativeRegion,capitalType,4,46,0.086957
AdministrativeRegion,captionLeft,4,4,1.000000
AdministrativeRegion,captionRight,4,4,1.000000
AdministrativeRegion,censusyear,4,90,0.044444
AdministrativeRegion,cityCouncils,4,187,0.021390
AdministrativeRegion,coatAlt,4,4,1.000000
AdministrativeRegion,coaWidth,4,4,1.000000
AdministrativeRegion,commun,4,6,0.666667
AdministrativeRegion,conflict,4,4,1.000000
AdministrativeRegion,context,4,21,0.190476
AdministrativeRegion,coordinatesCaption,4,9,0.444444
AdministrativeRegion,countryAdminDivisions,4,6,0.666667
AdministrativeRegion,dean,4,4,1.000000
AdministrativeRegion,decPercentsun,4,4,1.000000
AdministrativeRegion,demographicsType,4,26,0.153846
AdministrativeRegion,demoPopRef,4,5,0.800000
AdministrativeRegion,districtAdmin,4,4,1.000000
AdministrativeRegion,districtsKey,4,20,0.200000
AdministrativeRegion,divname,4,17,0.235294
AdministrativeRegion,en,4,4,1.000000
AdministrativeRegion,established1Type,4,6,0.666667
AdministrativeRegion,febPercentsun,4,4,1.000000
AdministrativeRegion,flagSize,4,13,0.307692
AdministrativeRegion,float,4,38,0.105263
AdministrativeRegion,footnoteA,4,4,1.000000
AdministrativeRegion,foundedTitle,4,19,0.210526
AdministrativeRegion,free5Type,4,9,0.444444
AdministrativeRegion,geoCat,4,419,0.009547
AdministrativeRegion,gov,4,30,0.133333
AdministrativeRegion,governmentCountry,4,4,1.000000
AdministrativeRegion,governmentLocation,4,4,1.000000
AdministrativeRegion,gspYear,4,8,0.500000
AdministrativeRegion,highestElevationImperial,4,4,1.000000
AdministrativeRegion,highestLatM,4,5,0.800000
AdministrativeRegion,highestRegion,4,4,1.000000
AdministrativeRegion,janPercentsun,4,4,1.000000
AdministrativeRegion,judicialVicar,4,4,1.000000
AdministrativeRegion,julPercentsun,4,4,1.000000
AdministrativeRegion,junPercentsun,4,4,1.000000
AdministrativeRegion,junRainInch,4,5,0.800000
AdministrativeRegion,landDistrict,4,28,0.142857
AdministrativeRegion,lang1Content,4,4,1.000000
AdministrativeRegion,langTitle,4,4,1.000000
AdministrativeRegion,latns,4,763,0.005242
AdministrativeRegion,lengthOrientation,4,7,0.571429
AdministrativeRegion,lifespan,4,4,1.000000
AdministrativeRegion,longew,4,768,0.005208
AdministrativeRegion,lowest,4,14,0.285714
AdministrativeRegion,management,4,4,1.000000
AdministrativeRegion,maplink,4,4,1.000000
AdministrativeRegion,marPercentsun,4,4,1.000000
AdministrativeRegion,mayPercentsun,4,4,1.000000
AdministrativeRegion,mayRainInch,4,5,0.800000
AdministrativeRegion,municipalityType,4,5,0.800000
AdministrativeRegion,novPercentsun,4,4,1.000000
AdministrativeRegion,octPercentsun,4,4,1.000000
AdministrativeRegion,otherarticle,4,4,1.000000
AdministrativeRegion,ownerType,4,4,1.000000
AdministrativeRegion,page,4,5,0.800000
AdministrativeRegion,pages,4,4,1.000000
AdministrativeRegion,photoCaption,4,4,1.000000
AdministrativeRegion,place,4,4,1.000000
AdministrativeRegion,poem,4,4,1.000000
AdministrativeRegion,populationMetro,4,4,1.000000
AdministrativeRegion,position,4,12,0.333333
AdministrativeRegion,quote,4,4,1.000000
AdministrativeRegion,r2votes,4,4,1.000000
AdministrativeRegion,rangeType,4,8,0.500000
AdministrativeRegion,registrationPlate,4,12,0.333333
AdministrativeRegion,relief,4,633,0.006319
AdministrativeRegion,result,4,4,1.000000
AdministrativeRegion,scale,4,4,1.000000
AdministrativeRegion,secondaryPatron,4,4,1.000000
AdministrativeRegion,sepPercentsun,4,4,1.000000
AdministrativeRegion,siteName,4,5,0.800000
AdministrativeRegion,siteRef,4,5,0.800000
AdministrativeRegion,tp,4,4,1.000000
AdministrativeRegion,unitRainDays,4,100,0.040000
AdministrativeRegion,useLgaMap,4,915,0.004372
AdministrativeRegion,yearSnowInch,4,4,1.000000
Person,mbaId,3,3,1.000000
Person,rkdArtistsId,3,3,1.000000
Person,selibrId,3,3,1.000000
Person,winsAtChampionships,3,7,0.428571
Person,winsAtProTournaments,3,3,1.000000
Person,_,3,3,1.000000
Person,''novels''_,3,3,1.000000
Person,''shortStories''_,3,3,1.000000
Person,125Championships,3,100,0.030000
Person,1optionLink,3,4,0.750000
Person,1stishmo,3,3,1.000000
Person,1stishyr,3,3,1.000000
Person,247sportsStars,3,4,0.750000
Person,2option,3,12,0.250000
Person,3optionColor,3,17,0.176471
Person,3optionName,3,17,0.176471
Person,4optionName,3,4,0.750000
Person,500FastestLaps,3,3,1.000000
Person,500Podiums,3,3,1.000000
Person,500Poles,3,3,1.000000
Person,500RaceStarts,3,3,1.000000
Person,500RaceWins,3,3,1.000000
Person,500TotalPoints,3,3,1.000000
Person,5blankname,3,7,0.428571
Person,4s,3,3,1.000000
Person,a.k.a.,3,3,1.000000
Person,abbreviation,3,3,1.000000
Person,accomplishments,3,3,1.000000
Person,activeYear,3,3,1.000000
Person,admittedToBar,3,4,0.750000
Person,adoptiveChildren,3,3,1.000000
Person,advisedAndCoAdvisedDoctoralStudents,3,3,1.000000
Person,advisoryBoards,3,3,1.000000
Person,aflAppearances,3,3,1.000000
Person,aflGoals,3,3,1.000000
Person,aflPosition,3,3,1.000000
Person,aircraftName,3,3,1.000000
Person,aliasName,3,3,1.000000
Person,alliance,3,4,0.750000
Person,allirelands,3,3,1.000000
Person,almaMater(s)_,3,3,1.000000
Person,almaMáter,3,3,1.000000
Person,almamatter,3,3,1.000000
Person,almameter,3,3,1.000000
Person,alternativenames,3,3,1.000000
Person,alternativnamen,3,3,1.000000
Person,amasbManufacturers,3,3,1.000000
Person,amateurClubs,3,3,1.000000
Person,amDecwin,3,9,0.333333
Person,amlaMater,3,3,1.000000
Person,amSubloss,3,9,0.333333
Person,apperances,3,3,1.000000
Person,appointedby,3,3,1.000000
Person,appointment,3,3,1.000000
Person,archivDatum,3,3,1.000000
Person,archivUrl,3,3,1.000000
Person,areas,3,3,1.000000
Person,areasOfInterests,3,3,1.000000
Person,areasOfOccupation,3,3,1.000000
Person,armLength,3,3,1.000000
Person,articleIndex,3,3,1.000000
Person,asOf,3,5,0.600000
Person,assistantreferees,3,3,1.000000
Person,associatedacts,3,4,0.750000
Person,associatedPeople&Acts,3,3,1.000000
Person,associetedActs,3,3,1.000000
Person,audioFormat,3,4,0.750000
Person,auntsAndUncles,3,3,1.000000
Person,author(s)_,3,3,1.000000
Person,authors(s)_,3,3,1.000000
Person,aux4Name,3,7,0.428571
Person,award11n,3,5,0.600000
Person,award13w,3,3,1.000000
Person,award14n,3,3,1.000000
Person,award15n,3,3,1.000000
Person,award8w,3,10,0.300000
Person,award9w,3,7,0.428571
Person,awarded,3,3,1.000000
Person,awayScore,3,3,1.000000
Person,bandName,3,3,1.000000
Person,basedOn,3,3,1.000000
Person,basicIdeas,3,3,1.000000
Person,battle,3,14,0.214286
Person,belowstyle,3,19,0.157895
Person,bestConvPos,3,3,1.000000
Person,bestE.t.,3,3,1.000000
Person,bestRoles,3,3,1.000000
Person,bf1Poles,3,9,0.333333
Person,bias,3,3,1.000000
Person,biejjjrthPlace,3,3,1.000000
Person,birhPlace,3,3,1.000000
Person,birth°place,3,3,1.000000
Person,birth+name,3,3,1.000000
Person,birthCity,3,3,1.000000
Person,birthDateAndAge,3,3,1.000000
Person,birthdplace,3,3,1.000000
Person,birthNam,3,3,1.000000
Person,birthnames,3,3,1.000000
Person,birthPlaceDeathSeptember,3,3,1.000000
Person,birthPlae,3,3,1.000000
Person,blankname,3,3,1.000000
Person,bloodtype,3,4,0.750000
Person,blp,3,741,0.004049
Person,bne,3,3,1.000000
Person,bornAs,3,3,1.000000
Person,bowlscore,3,3,1.000000
Person,boxNc,3,15,0.200000
Person,branchofservice,3,3,1.000000
Person,braSize,3,3,1.000000
Person,britishMatchplay,3,3,1.000000
Person,brothersAnd,3,3,1.000000
Person,brothersAndSisters,3,3,1.000000
Person,buriedPlace,3,3,1.000000
Person,cadetBranches,3,3,1.000000
Person,candId,3,3,1.000000
Person,canonisedDate,3,3,1.000000
Person,captio,3,3,1.000000
Person,captionstyle,3,4,0.750000
Person,capyion,3,3,1.000000
Person,car,3,3,1.000000
Person,careerMilestone,3,3,1.000000
Person,case,3,3,1.000000
Person,catchphrase,3,3,1.000000
Person,categories,3,9,0.333333
Person,causeIs,3,3,1.000000
Person,centre,3,3,1.000000
Person,ceo,3,4,0.750000
Person,cflstatweek,3,6,0.500000
Person,cflundraftedyear,3,3,1.000000
Person,ch,3,3,1.000000
Person,channels,3,3,1.000000
Person,charge(s)_,3,3,1.000000
Person,chart,3,11,0.272727
Person,chartd,3,3,1.000000
Person,chiefJusticeEnd,3,3,1.000000
Person,chiefJusticeStart,3,3,1.000000
Person,childern,3,3,1.000000
Person,childrenSarinaHarrison,3,3,1.000000
Person,chineseOrigin,3,3,1.000000
Person,churches,3,3,1.000000
Person,civilPartner,3,4,0.750000
Person,clerkedFor,3,5,0.600000
Person,clusb,3,3,1.000000
Person,cm,3,3,1.000000
Person,coaches,3,3,1.000000
Person,coachgamesd,3,3,1.000000
Person,coachingTeams,3,3,1.000000
Person,coachwinsd,3,3,1.000000
Person,coachyear8start,3,3,1.000000
Person,collegeclubs,3,3,1.000000
Person,collegeyears,3,3,1.000000
Person,colors,3,4,0.750000
Person,comaffairs,3,3,1.000000
Person,comaffairsEnd,3,3,1.000000
Person,comaffairsStart,3,3,1.000000
Person,commondraftedyear,3,22,0.136364
Person,compEnd,3,4,0.750000
Person,compensation,3,3,1.000000
Person,competitorFor,3,3,1.000000
Person,completeName,3,3,1.000000
Person,conama,3,3,1.000000
Person,conamaParty,3,3,1.000000
Person,conamaStart,3,3,1.000000
Person,concertTourName,3,3,1.000000
Person,conf.Standing,3,3,1.000000
Person,conflit,3,3,1.000000
Person,consecration(catholic)_,3,3,1.000000
Person,consortreign,3,3,1.000000
Person,constituencyMlc,3,3,1.000000
Person,continent,3,5,0.600000
Person,conventionalLongName,3,3,1.000000
Person,converted,3,827,0.003628
Person,convWins,3,4,0.750000
Person,coordinatesDisplay,3,4,0.750000
Person,copyright,3,3,1.000000
Person,corrections,3,4,0.750000
Person,correctionsEnd,3,3,1.000000
Person,costituency,3,3,1.000000
Person,countryOfBirth,3,3,1.000000
Person,cousin,3,3,1.000000
Person,craft,3,3,1.000000
Person,created,3,3,1.000000
Person,cup,3,4,0.750000
Person,cups,3,3,1.000000
Person,currentBirthPlace,3,3,1.000000
Person,currentclubs,3,3,1.000000
Person,currentOwner,3,3,1.000000
Person,customLabel,3,3,1.000000
Person,datastyle,3,3,1.000000
Person,dateDeath,3,3,1.000000
Person,dateEvent,3,3,1.000000
Person,dater,3,3,1.000000
Person,daughterInLaws,3,3,1.000000
Person,deathDeath,3,3,1.000000
Person,debutTeam,3,3,1.000000
Person,decorations,3,3,1.000000
Person,defaultsort,3,3,1.000000
Person,deputyGovernor,3,3,1.000000
Person,devanagari,3,3,1.000000
Person,divisions,3,3,1.000000
Person,dnb,3,3,1.000000
Person,doctoralStudent,3,3,1.000000
Person,drafted,3,5,0.600000
Person,draw,3,3,1.000000
Person,dwgs,3,4,0.750000
Person,eerbewyse,3,3,1.000000
Person,eligibility,3,3,1.000000
Person,eMail,3,3,1.000000
Person,embed,3,22,0.136364
Person,endishmo,3,3,1.000000
Person,endishyr,3,3,1.000000
Person,enemys,3,3,1.000000
Person,engagedTo,3,3,1.000000
Person,englisg,3,3,1.000000
Person,episodeCount,3,3,1.000000
Person,estate,3,3,1.000000
Person,ethnicMakeup,3,5,0.600000
Person,expdraftedteam,3,16,0.187500
Person,expeditions,3,3,1.000000
Person,faithOfBirth,3,4,0.750000
Person,familia,3,3,1.000000
Person,familyMembers,3,3,1.000000
Person,fatherInLaw,3,3,1.000000
Person,favoriteHoliday(s)_,3,3,1.000000
Person,favouriteManeuvers,3,4,0.750000
Person,fecDate,3,3,1.000000
Person,fechanac,3,3,1.000000
Person,few,3,28,0.107143
Person,fieldgoalsc,3,638,0.004702
Person,filetype,3,36,0.083333
Person,filmography,3,3,1.000000
Person,filmpolskiId,3,3,1.000000
Person,filmsNotables,3,3,1.000000
Person,finalAppearance,3,3,1.000000
Person,finalRuler,3,3,1.000000
Person,firstConvRace,3,4,0.750000
Person,firstCoronaWin,3,3,1.000000
Person,firstIrlWin,3,3,1.000000
Person,firstMonarch,3,3,1.000000
Person,firstName,3,3,1.000000
Person,fix,3,8,0.375000
Person,float,3,231,0.012987
Person,followedBy,3,3,1.000000
Person,foncLaïques,3,3,1.000000
Person,fontColor,3,3,1.000000
Person,footnoteMarker,3,3,1.000000
Person,foreignAffairsEnd,3,3,1.000000
Person,foreignAffairsParty,3,3,1.000000
Person,formed,3,3,1.000000
Person,former,3,3,1.000000
Person,formerClubs,3,3,1.000000
Person,formerLeague,3,3,1.000000
Person,formerMllTeam,3,3,1.000000
Person,foundedOn,3,3,1.000000
Person,foundingDate,3,3,1.000000
Person,freeLabel,3,3,1.000000
Person,freeText,3,3,1.000000
Person,gaols,3,3,1.000000
Person,gap,3,7,0.428571
Person,garnish,3,3,1.000000
Person,generalReferences,3,3,1.000000
Person,genreAvantGardeMetal,3,3,1.000000
Person,genres.,3,3,1.000000
Person,gndcheck,3,3,1.000000
Person,gndname,3,3,1.000000
Person,godOf,3,3,1.000000
Person,godparents,3,3,1.000000
Person,gold,3,4,0.750000
Person,goldButton,3,25,0.120000
Person,governorEnd,3,3,1.000000
Person,govsecEnd,3,3,1.000000
Person,graduateSchool,3,3,1.000000
Person,grandslamdoublesresult,3,3,1.000000
Person,grandslamdoublesresults,3,24,0.125000
Person,grants,3,3,1.000000
Person,greatGrandaughters,3,3,1.000000
Person,groupstyle,3,11,0.272727
Person,grownUp,3,3,1.000000
Person,halfbackflank,3,3,1.000000
Person,halign,3,64,0.046875
Person,hangula,3,3,1.000000
Person,head,3,3,1.000000
Person,height.,3,3,1.000000
Person,height(ft)_,3,117,0.025641
Person,heightFootnote,3,3,1.000000
Person,hin,3,3,1.000000
Person,hn,3,3,1.000000
Person,hofcolor,3,21,0.142857
Person,homeScore,3,3,1.000000
Person,honor,3,3,1.000000
Person,honorableSuffix,3,3,1.000000
Person,honorarySuffix,3,3,1.000000
Person,honorific,3,3,1.000000
Person,honouredIn,3,3,1.000000
Person,hopmancupresult,3,66,0.045455
Person,hostService,3,3,1.000000
Person,housingEnd,3,3,1.000000
Person,hungarianleague,3,6,0.500000
Person,husbands,3,3,1.000000
Person,iafd,3,3,1.000000
Person,iamgeSize,3,5,0.600000
Person,icallstars,3,3,1.000000
Person,idol,3,3,1.000000
Person,iflstatvalue,3,3,1.000000
Person,ifsc,3,3,1.000000
Person,illuminatedBy,3,3,1.000000
Person,illustrator,3,3,1.000000
Person,ilTusa,3,3,1.000000
Person,ilUsa,3,3,1.000000
Person,imageCapt,3,3,1.000000
Person,imageFlag,3,3,1.000000
Person,imageMeaning,3,3,1.000000
Person,imageTitle,3,3,1.000000
Person,imageTop,3,3,1.000000
Person,imagSize,3,4,0.750000
Person,imgSz,3,4,0.750000
Person,imperialName,3,3,1.000000
Person,ind,3,3,1.000000
Person,infoHdr,3,6,0.500000
Person,inGroups,3,3,1.000000
Person,inkers,3,3,1.000000
Person,inseam,3,4,0.750000
Person,insigniasize,3,4,0.750000
Person,inspiration,3,3,1.000000
Person,instrument%7Bs%7D_,3,3,1.000000
Person,instrumento,3,3,1.000000
Person,insturments,3,3,1.000000
Person,interment,3,3,1.000000
Person,irlCarTeam,3,3,1.000000
Person,irlPoles,3,8,0.375000
Person,irlWins,3,8,0.375000
Person,isfachampion,3,3,1.000000
Person,jointChief,3,3,1.000000
Person,jointChiefEnd,3,3,1.000000
Person,jointChiefStart,3,3,1.000000
Person,jurisdiction,3,3,1.000000
Person,justiceParty,3,4,0.750000
Person,kickboxingkolosses,3,8,0.375000
Person,konownFor,3,3,1.000000
Person,label4Size,3,5,0.600000
Person,labelType,3,3,1.000000
Person,laceOfBirth,3,3,1.000000
Person,laceOfDeath,3,3,1.000000
Person,lastCoronaRace,3,4,0.750000
Person,lastYear,3,3,1.000000
Person,lat1Deg,3,3,1.000000
Person,lat1Min,3,3,1.000000
Person,lat1Sec,3,3,1.000000
Person,lat2Sec,3,3,1.000000
Person,lats,3,3,1.000000
Person,leagueType,3,3,1.000000
Person,left,3,3,1.000000
Person,légende,3,3,1.000000
Person,legendstype,3,52,0.057692
Person,lg,3,216,0.013889
Person,licenseNumber,3,3,1.000000
Person,lieutenantGovernorEnd,3,3,1.000000
Person,life,3,4,0.750000
Person,listas,3,3,1.000000
Person,liveAlbums,3,3,1.000000
Person,liveIn,3,3,1.000000
Person,livesNow,3,3,1.000000
Person,lon1Deg,3,3,1.000000
Person,lon1Min,3,3,1.000000
Person,lon1Sec,3,3,1.000000
Person,lon2Sec,3,3,1.000000
Person,longs,3,3,1.000000
Person,lugarDeNacimiento,3,3,1.000000
Person,lugarmuerte,3,3,1.000000
Person,madhab,3,5,0.600000
Person,madhhab,3,3,1.000000
Person,majorInstitutions,3,3,1.000000
Person,manageBy,3,3,1.000000
Person,managerClub,3,3,1.000000
Person,mantra,3,3,1.000000
Person,manufacturer,3,3,1.000000
Person,mark4size,3,5,0.600000
Person,marriages,3,3,1.000000
Person,mascot,3,3,1.000000
Person,mdTusa,3,3,1.000000
Person,mdUsa,3,3,1.000000
Person,medaltemplatesExpand,3,204,0.014706
Person,medaltemplatesTitle,3,514,0.005837
Person,memberOf,3,3,1.000000
Person,mentallevel,3,3,1.000000
Person,merge,3,3,1.000000
Person,middle,3,3,1.000000
Person,militaryMedals,3,3,1.000000
Person,ministerFrom,3,27,0.111111
Person,minorityLeader,3,4,0.750000
Person,mmadeclosses,3,3,1.000000
Person,mmadecwins,3,3,1.000000
Person,mmasublosses,3,3,1.000000
Person,mmasubwins,3,3,1.000000
Person,mode,3,14,0.214286
Person,mokshaDate,3,3,1.000000
Person,monasticTonsure,3,3,1.000000
Person,monat,3,3,1.000000
Person,monographs,3,3,1.000000
Person,monr,3,3,1.000000
Person,motherLanguage,3,4,0.750000
Person,mplay,3,3,1.000000
Person,mps,3,3,1.000000
Person,multiYearWsopWinner,3,3,1.000000
Person,mvLink,3,6,0.500000
Person,name.,3,3,1.000000
Person,name3Explanation,3,3,1.000000
Person,name4Transcription,3,3,1.000000
Person,nameAtTheTimeOfBirth,3,3,1.000000
Person,namedata,3,3,1.000000
Person,nane,3,3,1.000000
Person,natioanlteamUpdate,3,3,1.000000
Person,nationalcomPetition,3,3,1.000000
Person,nationalCompetitions,3,3,1.000000
Person,nationaliy,3,3,1.000000
Person,natvar,3,8,0.375000
Person,ndl,3,3,1.000000
Person,nebti,3,3,1.000000
Person,newspaper,3,3,1.000000
Person,nick,3,4,0.750000
Person,nickanme,3,3,1.000000
Person,njTusa,3,3,1.000000
Person,njUsa,3,3,1.000000
Person,no.OfAppearances,3,3,1.000000
Person,noDecisions,3,3,1.000000
Person,nrhpType,3,6,0.500000
Person,nttitles,3,9,0.333333
Person,numEmployees,3,3,1.000000
Person,oaux2Name,3,3,1.000000
Person,occupacion,3,3,1.000000
Person,occuptation,3,3,1.000000
Person,officialFacebook,3,3,1.000000
Person,officialResidence,3,3,1.000000
Person,offwebsite,3,3,1.000000
Person,openingname,3,3,1.000000
Person,operationsStart,3,4,0.750000
Person,oppositionLeader,3,3,1.000000
Person,oppucation,3,3,1.000000
Person,ordination(catholic)_,3,3,1.000000
Person,orfc,3,4,0.750000
Person,orgin,3,3,1.000000
Person,originalHaircolor,3,3,1.000000
Person,originorigin,3,3,1.000000
Person,ot,3,28,0.107143
Person,otherclubs,3,3,1.000000
Person,otherfamilies,3,3,1.000000
Person,otherParties,3,3,1.000000
Person,otheryears,3,3,1.000000
Person,paralympicteams,3,4,0.750000
Person,parentopening,3,5,0.600000
Person,partido,3,3,1.000000
Person,parties,3,3,1.000000
Person,partyName,3,3,1.000000
Person,pastMembersOfAustria,3,3,1.000000
Person,path,3,3,1.000000
Person,pdImage,3,3,1.000000
Person,peak12a,3,3,1.000000
Person,peak12b,3,4,0.750000
Person,peak14a,3,3,1.000000
Person,peak16a,3,3,1.000000
Person,peak18b,3,3,1.000000
Person,people,3,3,1.000000
Person,performedWith,3,3,1.000000
Person,permanentAddress,3,3,1.000000
Person,photo2a,3,3,1.000000
Person,phrase,3,3,1.000000
Person,phrases,3,3,1.000000
Person,pickups,3,3,1.000000
Person,placeOfBerth,3,3,1.000000
Person,PlaceOfBirth,3,3,1.000000
Person,placeOfBirthPlace,3,3,1.000000
Person,placeOfCremated,3,3,1.000000
Person,placeOfDeathplace,3,3,1.000000
Person,plain,3,3,1.000000
Person,playingTeams,3,3,1.000000
Person,pn,3,4,0.750000
Person,poetname,3,3,1.000000
Person,politicalorganization,3,3,1.000000
Person,politician,3,3,1.000000
Person,popularName,3,3,1.000000
Person,population,3,3,1.000000
Person,post5note,3,3,1.000000
Person,post6note,3,3,1.000000
Person,post8followed,3,3,1.000000
Person,post8preceded,3,3,1.000000
Person,post8years,3,3,1.000000
Person,pp,3,3,1.000000
Person,precedecessor,3,3,1.000000
Person,precision,3,79,0.037975
Person,predecesso,3,3,1.000000
Person,predessor,3,3,1.000000
Person,prem,3,3,1.000000
Person,premierships,3,9,0.333333
Person,presentedCredentials,3,3,1.000000
Person,presentlyLiving,3,3,1.000000
Person,presidentDate,3,3,1.000000
Person,presidente,3,3,1.000000
Person,prevCanadaYear,3,16,0.187500
Person,prevCoronaPos,3,4,0.750000
Person,previousEmployer,3,3,1.000000
Person,previousSeries,3,3,1.000000
Person,prevTeams,3,3,1.000000
Person,primeminster,3,3,1.000000
Person,priorLabels,3,3,1.000000
Person,productionCompany,3,3,1.000000
Person,productoras,3,3,1.000000
Person,profesión,3,3,1.000000
Person,publication,3,3,1.000000
Person,publicWorksParty,3,3,1.000000
Person,pubSeries,3,3,1.000000
Person,pureUrl,3,57,0.052632
Person,pushpinMap,3,3,1.000000
Person,qSearch,3,3,1.000000
Person,quotes,3,3,1.000000
Person,raisedIn,3,3,1.000000
Person,range,3,3,1.000000
Person,realHome,3,3,1.000000
Person,receipts,3,3,1.000000
Person,religiousStance,3,3,1.000000
Person,religon,3,3,1.000000
Person,repecPrefix,3,459,0.006536
Person,reportedInjuries,3,3,1.000000
Person,representation,3,3,1.000000
Person,residedIn,3,3,1.000000
Person,resindence,3,3,1.000000
Person,restingpalce,3,3,1.000000
Person,restingPlaced,3,3,1.000000
Person,retire,3,3,1.000000
Person,rewards,3,3,1.000000
Person,right,3,3,1.000000
Person,riTusa,3,3,1.000000
Person,riUsa,3,3,1.000000
Person,rkdartists,3,3,1.000000
Person,rss,3,3,1.000000
Person,ruAmateurupdate,3,3,1.000000
Person,ruAppearancesd,3,4,0.750000
Person,ruAppearancese,3,3,1.000000
Person,ruCaps(points)_,3,3,1.000000
Person,ruPointse,3,3,1.000000
Person,ruProclub,3,3,1.000000
Person,ruSevensnationalcaps(points)_,3,4,0.750000
Person,ruSevensnationalpoints,3,4,0.750000
Person,ruSuper,3,3,1.000000
Person,ruSuper14caps,3,3,1.000000
Person,ruSuper14years,3,3,1.000000
Person,ruTeamd,3,4,0.750000
Person,ruYear7end,3,4,0.750000
Person,ruYear8start,3,3,1.000000
Person,ruYear9start,3,3,1.000000
Person,ruYeareend,3,3,1.000000
Person,r,3,3,1.000000
Person,s04v,3,3,1.000000
Person,salonWebsite,3,3,1.000000
Person,sanskrit,3,3,1.000000
Person,season10PlayoffMinutes,3,3,1.000000
Person,season10PlayoffPenaltyMinutes,3,12,0.250000
Person,season10PlayoffSaves,3,3,1.000000
Person,season10Team,3,3,1.000000
Person,season11PlayoffGoalsAgainst,3,3,1.000000
Person,season11PlayoffMinutes,3,3,1.000000
Person,season11PlayoffSaves,3,3,1.000000
Person,season12PlayoffGamesPlayed,3,24,0.125000
Person,season13PlayoffMinutes,3,3,1.000000
Person,season13PlayoffSaves,3,3,1.000000
Person,season14PlayoffPenaltyMinutes,3,5,0.600000
Person,season14PlayoffSeconds,3,3,1.000000
Person,season14Wins,3,4,0.750000
Person,season15PlayoffAssists,3,8,0.375000
Person,season15PlayoffGamesPlayed,3,13,0.230769
Person,season16PlayoffGamesPlayed,3,8,0.375000
Person,season16PlayoffGoals,3,4,0.750000
Person,season17GamesPlayed,3,9,0.333333
Person,season17PlayoffGoals,3,4,0.750000
Person,season17TeamLink,3,9,0.333333
Person,season18PlayoffLooseBalls,3,3,1.000000
Person,season18TeamLink,3,6,0.500000
Person,season19Assists,3,3,1.000000
Person,season19GamesPlayed,3,3,1.000000
Person,season19Goals,3,3,1.000000
Person,season19LooseBalls,3,3,1.000000
Person,season19PenaltyMinutes,3,3,1.000000
Person,season19TeamLink,3,3,1.000000
Person,season1GroundBalls,3,3,1.000000
Person,season1Penalties,3,3,1.000000
Person,season1Shots,3,3,1.000000
Person,season2GroundBalls,3,3,1.000000
Person,season2Penalties,3,3,1.000000
Person,season2Shots,3,3,1.000000
Person,season3GroundBalls,3,3,1.000000
Person,season3League,3,9,0.333333
Person,season3Penalties,3,3,1.000000
Person,season3PlayoffGoalsAgainst,3,4,0.750000
Person,season3Shots,3,3,1.000000
Person,season3Wins,3,5,0.600000
Person,season5PlayoffSeconds,3,3,1.000000
Person,season7PlayoffWins,3,4,0.750000
Person,season8PlayoffSeconds,3,3,1.000000
Person,season9Team,3,3,1.000000
Person,secondarySchool,3,3,1.000000
Person,selibr,3,3,1.000000
Person,servicedates,3,4,0.750000
Person,settled,3,3,1.000000
Person,sftitles,3,9,0.333333
Person,shield,3,3,1.000000
Person,shipName,3,3,1.000000
Person,short,3,37,0.081081
Person,shortdescription,3,3,1.000000
Person,sibilings,3,3,1.000000
Person,side,3,7,0.428571
Person,singlesLink,3,10,0.300000
Person,sizeWeight,3,3,1.000000
Person,smallImage,3,3,1.000000
Person,societyMembership,3,3,1.000000
Person,sopt,3,2051,0.001463
Person,soundcloud,3,3,1.000000
Person,soundtracks,3,3,1.000000
Person,southeast,3,3,1.000000
Person,specialAward,3,4,0.750000
Person,spouces,3,3,1.000000
Person,spuse,3,4,0.750000
Person,srRate,3,3,1.000000
Person,stack,3,47,0.063830
Person,stages,3,3,1.000000
Person,standardAlt,3,5,0.600000
Person,stateDelegate,3,538,0.005576
Person,statsenddate,3,3,1.000000
Person,statslabel,3,3,1.000000
Person,statsvalue,3,3,1.000000
Person,stepaunties,3,3,1.000000
Person,stepbrother,3,3,1.000000
Person,stepfathers,3,4,0.750000
Person,stepmothers,3,3,1.000000
Person,stepsister,3,3,1.000000
Person,stepson,3,3,1.000000
Person,studied,3,3,1.000000
Person,talent,3,3,1.000000
Person,talents,3,3,1.000000
Person,tamaño,3,5,0.600000
Person,teamManaged,3,3,1.000000
Person,teamWidth,3,3,1.000000
Person,televisionNetwork,3,3,1.000000
Person,termEnded,3,3,1.000000
Person,themeMusicComposer,3,3,1.000000
Person,thesisDate,3,3,1.000000
Person,through,3,3,1.000000
Person,timeSlot,3,3,1.000000
Person,titleLeader,3,3,1.000000
Person,tooltip,3,4,0.750000
Person,totalCaps,3,3,1.000000
Person,toWin,3,5,0.600000
Person,trained,3,3,1.000000
Person,treas,3,3,1.000000
Person,treasEnd,3,3,1.000000
Person,treasStart,3,3,1.000000
Person,triesf,3,13,0.230769
Person,tv,3,5,0.600000
Person,tvChannel,3,3,1.000000
Person,tvhosts,3,3,1.000000
Person,tvShows,3,3,1.000000
Person,tvweekawards,3,3,1.000000
Person,twitterAccount,3,3,1.000000
Person,twitterHandle,3,3,1.000000
Person,typ,3,14,0.214286
Person,uk,3,3,1.000000
Person,unarmedskills,3,3,1.000000
Person,undraftedYear,3,4,0.750000
Person,universityAttended,3,3,1.000000
Person,unknlast,3,3,1.000000
Person,updaron,3,7,0.428571
Person,veneratedInto,3,4,0.750000
Person,virusGroup,3,3,1.000000
Person,wdfWorldCup,3,3,1.000000
Person,weaknesses,3,3,1.000000
Person,websiteTitle,3,3,1.000000
Person,weightkg,3,3,1.000000
Person,weightlbs,3,3,1.000000
Person,weights,3,3,1.000000
Person,whccmixeddoublesresult,3,10,0.300000
Person,wheelchairtennismastersdoublesresult,3,23,0.130435
Person,wheelchairworldteamcupresult,3,6,0.500000
Person,wikiquotes,3,3,1.000000
Person,wikisource,3,3,1.000000
Person,wincolor,3,3,1.000000
Person,wlafstatlabel,3,3,1.000000
Person,worldcatid,3,3,1.000000
Person,worldCup,3,3,1.000000
Person,worldRanking,3,3,1.000000
Person,writing,3,4,0.750000
Person,wtachampionshipsdoublesresult,3,48,0.062500
Person,year12end,3,3,1.000000
Person,year12start,3,3,1.000000
Person,yearEnd,3,3,1.000000
Person,yearsActiv,3,3,1.000000
Person,yearsActvie,3,3,1.000000
Person,yearsAsCoach,3,3,1.000000
Person,yearStart,3,3,1.000000
Person,yearsWithTeam,3,3,1.000000
Person,yerasactive,3,3,1.000000
Person,yod,3,3,1.000000
Person,youhclubs,3,3,1.000000
Person,youthYears,3,4,0.750000
Person,yrs.Active,3,3,1.000000
Person,автор,3,3,1.000000
Species,3y,3,3,1.000000
Species,about,3,3,1.000000
Species,binomialSpecies,3,3,1.000000
Species,biolib,3,3,1.000000
Species,bionomialAuthority,3,3,1.000000
Species,border,3,7,0.428571
Species,boxwidth,3,3,1.000000
Species,branch,3,39,0.076923
Species,breed,3,14,0.214286
Species,collection,3,3,1.000000
Species,commentary,3,3,1.000000
Species,day,3,3,1.000000
Species,deathDate,3,3,1.000000
Species,diet,3,3,1.000000
Species,domainAuthority,3,3,1.000000
Species,ecologicaltype,3,963,0.003115
Species,fishbolid,3,3,1.000000
Species,flowersSex,3,12,0.250000
Species,fontsize,3,10,0.300000
Species,format,3,69,0.043478
Species,hanja,3,3,1.000000
Species,imageLeft,3,6,0.500000
Species,imagewidth,3,3,1.000000
Species,infrordo,3,5,0.600000
Species,latDeg,3,3,1.000000
Species,lonDeg,3,3,1.000000
Species,longM,3,4,0.750000
Species,marksize,3,4,0.750000
Species,opt2n,3,4,0.750000
Species,opt2v,3,4,0.750000
Species,overlay1colour,3,3,1.000000
Species,overlay1left,3,3,1.000000
Species,overlay1tip,3,3,1.000000
Species,overlay1top,3,3,1.000000
Species,pic,3,3,1.000000
Species,plant,3,3,1.000000
Species,ploidy,3,16,0.187500
Species,qalign,3,3,1.000000
Species,quoted,3,6,0.500000
Species,raceearnings,3,3,1.000000
Species,rnaType,3,6,0.500000
Species,romaji,3,3,1.000000
Species,salign,3,16,0.187500
Species,scientificName,3,3,1.000000
Species,seleniumMg,3,3,1.000000
Species,serotype,3,3,1.000000
Species,sourcearticle,3,104,0.028846
Species,sourcepath,3,104,0.028846
Species,subclassAuthority,3,4,0.750000
Species,subdivisioAuthority,3,4,0.750000
Species,subPhylum,3,3,1.000000
Species,subregnumAuthority,3,3,1.000000
Species,subsection,3,3,1.000000
Species,subtribe,3,3,1.000000
Species,superphylumAuthority,3,3,1.000000
Species,supertribusAuthority,3,11,0.272727
Species,supfamilia,3,5,0.600000
Species,synonymes,3,3,1.000000
Species,synoynms,3,3,1.000000
Species,syonyms,3,3,1.000000
Species,thumb,3,3,1.000000
Species,tibus,3,3,1.000000
Species,timestamp,3,3,1.000000
Species,tl,3,3,1.000000
Species,tribu,3,3,1.000000
Species,unrankedInfraordo,3,3,1.000000
Species,unrankedSubfamilia,3,5,0.600000
Species,unrankedTribusAuthority,3,3,1.000000
Species,wstitle,3,4,0.750000
Star,align,3,9,0.333333
Star,an,3,5,0.600000
Star,appmagB,3,3,1.000000
Star,distKly,3,3,1.000000
Star,height,3,4,0.750000
Star,hK,3,3,1.000000
Star,nn,3,3,1.000000
Star,pronounce,3,4,0.750000
Star,radiusKm,3,3,1.000000
Star,spectralType,3,3,1.000000
Star,vI,3,4,0.750000
Galaxy,reason,3,3,1.000000
ChemicalCompound,align,3,26,0.115385
ChemicalCompound,att,3,3,1.000000
ChemicalCompound,collvol,3,4,0.750000
ChemicalCompound,f,3,3,1.000000
ChemicalCompound,group,3,4,0.750000
ChemicalCompound,m,3,3,1.000000
ChemicalCompound,majorProduct,3,4,0.750000
ChemicalCompound,omim,3,3,1.000000
ChemicalCompound,refseq,3,3,1.000000
ChemicalCompound,s,3,3,1.000000
ChemicalCompound,smiles,3,3,1.000000
ChemicalCompound,type,3,3,1.000000
ChemicalCompound,verifiedfields,3,3840,0.000781
ChemicalCompound,y,3,3,1.000000
ChemicalCompound,thumbnail,3,3,1.000000
AdministrativeRegion,capitalRegion,3,3,1.000000
AdministrativeRegion,governmentElevation,3,3,1.000000
AdministrativeRegion,governmentRegion,3,3,1.000000
AdministrativeRegion,highestRegion,3,3,1.000000
AdministrativeRegion,%23byelections,3,283,0.010601
AdministrativeRegion,adminParty,3,4,0.750000
AdministrativeRegion,align,3,75,0.040000
AdministrativeRegion,apostolicAdministrator,3,3,1.000000
AdministrativeRegion,archipelago,3,5,0.600000
AdministrativeRegion,areaUrban,3,3,1.000000
AdministrativeRegion,armsImage,3,17,0.176471
AdministrativeRegion,basinCountries,3,6,0.500000
AdministrativeRegion,blank1NameSec,3,6,0.500000
AdministrativeRegion,borderCount,3,3,1.000000
AdministrativeRegion,building,3,3,1.000000
AdministrativeRegion,capitalCountry,3,3,1.000000
AdministrativeRegion,capitalRegion,3,3,1.000000
AdministrativeRegion,chief1position,3,17,0.176471
AdministrativeRegion,chiefParty,3,8,0.375000
AdministrativeRegion,cityFlag,3,3,1.000000
AdministrativeRegion,collapsed,3,9,0.333333
AdministrativeRegion,coronerparty,3,102,0.029412
AdministrativeRegion,countryAdminDivisionsTitle,3,6,0.500000
AdministrativeRegion,countryLargestCity,3,3,1.000000
AdministrativeRegion,curlocl,3,3,1.000000
AdministrativeRegion,demoCds,3,3,1.000000
AdministrativeRegion,dinosaur,3,3,1.000000
AdministrativeRegion,elevationFootnotes,3,3,1.000000
AdministrativeRegion,end,3,66,0.045455
AdministrativeRegion,establishedBy,3,6,0.500000
AdministrativeRegion,event1Date,3,3,1.000000
AdministrativeRegion,exImageCaption,3,3,1.000000
AdministrativeRegion,expiry,3,3,1.000000
AdministrativeRegion,fedStatus,3,514,0.005837
AdministrativeRegion,firearm,3,3,1.000000
AdministrativeRegion,first,3,3,1.000000
AdministrativeRegion,flagsize,3,8,0.375000
AdministrativeRegion,followedby,3,3,1.000000
AdministrativeRegion,free3Type,3,8,0.375000
AdministrativeRegion,free4Type,3,9,0.333333
AdministrativeRegion,ftcolour,3,6,0.500000
AdministrativeRegion,georegion,3,10,0.300000
AdministrativeRegion,governingBody,3,3,1.000000
AdministrativeRegion,governmentElevation,3,3,1.000000
AdministrativeRegion,governmentLatD,3,3,1.000000
AdministrativeRegion,governmentLatM,3,3,1.000000
AdministrativeRegion,governmentLatS,3,3,1.000000
AdministrativeRegion,governmentLongD,3,3,1.000000
AdministrativeRegion,governmentLongM,3,3,1.000000
AdministrativeRegion,governmentLongS,3,3,1.000000
AdministrativeRegion,governmentRegion,3,3,1.000000
AdministrativeRegion,gridPosition,3,3,1.000000
AdministrativeRegion,headerAlign,3,9,0.333333
AdministrativeRegion,hide,3,7,0.428571
AdministrativeRegion,highestCountry,3,3,1.000000
AdministrativeRegion,highestMount,3,3,1.000000
AdministrativeRegion,imageMain,3,3,1.000000
AdministrativeRegion,imageName,3,3,1.000000
AdministrativeRegion,imageSeal,3,3,1.000000
AdministrativeRegion,imgwidth,3,17,0.176471
AdministrativeRegion,inflow,3,3,1.000000
AdministrativeRegion,instrument,3,3,1.000000
AdministrativeRegion,isoSubcode,3,4,0.750000
AdministrativeRegion,jointCommittees,3,3,1.000000
AdministrativeRegion,langcode,3,4,0.750000
AdministrativeRegion,largestCitWl,3,3,1.000000
AdministrativeRegion,lengthKm,3,3,1.000000
AdministrativeRegion,license,3,5,0.600000
AdministrativeRegion,lieutenantGovernorAlt,3,5,0.600000
AdministrativeRegion,mapLocator,3,3,1.000000
AdministrativeRegion,maySnowDays,3,9,0.333333
AdministrativeRegion,maySnowInch,3,6,0.500000
AdministrativeRegion,munFormation1LeaderTitle,3,57,0.052632
AdministrativeRegion,municipalUnit,3,4,0.750000
AdministrativeRegion,music,3,3,1.000000
AdministrativeRegion,oblast,3,5,0.600000
AdministrativeRegion,officialLanguage,3,3,1.000000
AdministrativeRegion,offLang,3,3,1.000000
AdministrativeRegion,otherLang,3,11,0.272727
AdministrativeRegion,particularChurch,3,111,0.027027
AdministrativeRegion,perCapitaGdp,3,3,1.000000
AdministrativeRegion,perCapitaGdpRank,3,3,1.000000
AdministrativeRegion,pet,3,3,1.000000
AdministrativeRegion,pop2Year,3,5,0.600000
AdministrativeRegion,popDens,3,3,1.000000
AdministrativeRegion,popnote,3,3,1.000000
AdministrativeRegion,populationNote,3,3,1.000000
AdministrativeRegion,president,3,3,1.000000
AdministrativeRegion,presidingparty,3,111,0.027027
AdministrativeRegion,prosecutorparty,3,110,0.027273
AdministrativeRegion,religions,3,20,0.150000
AdministrativeRegion,rødt,3,5,0.600000
AdministrativeRegion,rows,3,6,0.500000
AdministrativeRegion,sealAlt,3,3,1.000000
AdministrativeRegion,secularPriests,3,3,1.000000
AdministrativeRegion,senateSeats,3,9,0.333333
AdministrativeRegion,showflag,3,5,0.600000
AdministrativeRegion,sosialistiskVenstreparti,3,32,0.093750
AdministrativeRegion,start,3,66,0.045455
AdministrativeRegion,style,3,8,0.375000
AdministrativeRegion,surveyorparty,3,56,0.053571
AdministrativeRegion,totalGdp,3,3,1.000000
AdministrativeRegion,totalGdpRank,3,3,1.000000
AdministrativeRegion,unitPref,3,42,0.071429
AdministrativeRegion,utcDst,3,202,0.014851
AdministrativeRegion,video,3,3,1.000000
AdministrativeRegion,waterbody,3,5,0.600000
AdministrativeRegion,wikt,3,15,0.200000
AdministrativeRegion,yearSnowDays,3,3,1.000000
Person,bpnId,2,2,1.000000
Person,statisticValue,2,2,1.000000
Person,winsInEurope,2,8,0.250000
Person,!name,2,2,1.000000
Person,1loc,2,2,1.000000
Person,1stishhead,2,2,1.000000
Person,2optionLink,2,2,1.000000
Person,43genre,2,2,1.000000
Person,4option,2,2,1.000000
Person,500Championships,2,2,1.000000
Person,50ActiveYears,2,2,1.000000
Person,50Manufacturers,2,2,1.000000
Person,50RaceStarts,2,2,1.000000
Person,50TotalPoints,2,2,1.000000
Person,8a,2,2,1.000000
Person,aboveStyle,2,3,0.666667
Person,abstract,2,2,1.000000
Person,academic,2,2,1.000000
Person,academicDoctoralAdvisors,2,2,1.000000
Person,academicStatus,2,4,0.500000
Person,activePeriod,2,2,1.000000
Person,acts,2,3,0.666667
Person,adoption,2,2,1.000000
Person,aerialCombatVictories,2,2,1.000000
Person,aet,2,8,0.250000
Person,afdbName,2,2,1.000000
Person,aflBehinds,2,2,1.000000
Person,aflDraftedyear,2,2,1.000000
Person,afldraftteam,2,2,1.000000
Person,aflPoints,2,2,1.000000
Person,afltatvalue,2,2,1.000000
Person,aflYear1end,2,2,1.000000
Person,aflYear1start,2,3,0.666667
Person,ageAtDeath,2,2,1.000000
Person,aged,2,2,1.000000
Person,agencyname,2,2,1.000000
Person,agentc,2,2,1.000000
Person,agentcompany,2,2,1.000000
Person,ageOfProducer,2,2,1.000000
Person,agricultureDate,2,2,1.000000
Person,alaMetar,2,2,1.000000
Person,alamMater,2,2,1.000000
Person,albumsReleased,2,2,1.000000
Person,alias(es)_,2,2,1.000000
Person,alighn,2,2,1.000000
Person,alignment,2,6,0.333333
Person,alive,2,3,0.666667
Person,allAmerican,2,2,1.000000
Person,allBlackId,2,2,1.000000
Person,allegance,2,3,0.666667
Person,allianceColor,2,2,1.000000
Person,allias,2,2,1.000000
Person,alliedClans,2,2,1.000000
Person,allstar,2,6,0.333333
Person,alma+mater,2,4,0.500000
Person,almaAter,2,2,1.000000
Person,almaMatei,2,2,1.000000
Person,almaMater.,2,2,1.000000
Person,almaMatre,2,2,1.000000
Person,almunus,2,2,1.000000
Person,alsoKnownFor,2,2,1.000000
Person,alt.ernativeNames,2,2,1.000000
Person,alternaticeNames,2,2,1.000000
Person,alternativeTitle(s)_,2,2,1.000000
Person,alters,2,2,1.000000
Person,altlink,2,3,0.666667
Person,amatapps,2,2,1.000000
Person,amatclubs,2,2,1.000000
Person,amateurclubs,2,2,1.000000
Person,ambassador,2,2,1.000000
Person,ame,2,2,1.000000
Person,amNc,2,3,0.666667
Person,aPartirDuFonction,2,2,1.000000
Person,apodo,2,2,1.000000
Person,apouse,2,2,1.000000
Person,appoined,2,2,1.000000
Person,appointments,2,2,1.000000
Person,appropriationsSubcommittees,2,2,1.000000
Person,archbishopric,2,2,1.000000
Person,architectOrBuilder,2,2,1.000000
Person,areaOfExpertise,2,2,1.000000
Person,arents,2,2,1.000000
Person,artistManagement,2,2,1.000000
Person,asin,2,2,1.000000
Person,assignments,2,2,1.000000
Person,associate3End,2,2,1.000000
Person,associate3Start,2,2,1.000000
Person,associate5End,2,2,1.000000
Person,associate5Start,2,2,1.000000
Person,associate6End,2,2,1.000000
Person,associate6Start,2,2,1.000000
Person,associate7End,2,2,1.000000
Person,associate7Start,2,2,1.000000
Person,associate8End,2,2,1.000000
Person,associate8Start,2,2,1.000000
Person,associatedPeople,2,2,1.000000
Person,associations,2,2,1.000000
Person,astyle,2,5,0.400000
Person,athletename,2,2,1.000000
Person,athleticsEvent,2,2,1.000000
Person,attorneyGeneral,2,2,1.000000
Person,auto,2,607,0.003295
Person,aux5Name,2,3,0.666667
Person,average,2,2,1.000000
Person,award(s)_,2,2,1.000000
Person,award10w,2,7,0.285714
Person,award11w,2,5,0.400000
Person,award13n,2,3,0.666667
Person,award14w,2,3,0.666667
Person,award15w,2,3,0.666667
Person,award17n,2,2,1.000000
Person,award17w,2,2,1.000000
Person,awardsAndHonors,2,2,1.000000
Person,awardsR,2,2,1.000000
Person,bachelor'sDegree,2,2,1.000000
Person,backpocket,2,2,1.000000
Person,ballsFaced,2,2,1.000000
Person,baptism,2,2,1.000000
Person,baptizedDate,2,2,1.000000
Person,batStrikeRate,2,2,1.000000
Person,battingFirst,2,2,1.000000
Person,battingFirstFlag,2,2,1.000000
Person,battingFirstHighestScore,2,2,1.000000
Person,battingFirstHighestScoreBallsFaced,2,2,1.000000
Person,battingFirstHighestScorer,2,2,1.000000
Person,battingFirstHighestScorerInitialForm,2,2,1.000000
Person,battingSecond,2,2,1.000000
Person,battingSecondFlag,2,2,1.000000
Person,battingSecondHighestScore,2,2,1.000000
Person,battingSecondHighestScoreBallsFaced,2,2,1.000000
Person,battingSecondHighestScorer,2,2,1.000000
Person,battingSecondHighestScorerInitialForm,2,2,1.000000
Person,battingStyle,2,2,1.000000
Person,war,2,2,1.000000
Person,bball,2,123,0.016260
Person,bday,2,2,1.000000
Person,bdoWorldTrophy,2,3,0.666667
Person,beginYear,2,2,1.000000
Person,beliefs,2,2,1.000000
Person,bestActorAward(shanghaiInternationalFilmFestival)_,2,2,1.000000
Person,bestBuschPosition,2,2,1.000000
Person,bestResultIn,2,2,1.000000
Person,bf1Championships,2,9,0.222222
Person,bildStorlek,2,2,1.000000
Person,billedHeight,2,2,1.000000
Person,biographies,2,2,1.000000
Person,birghPlace,2,2,1.000000
Person,birthEra,2,2,1.000000
Person,birthLocation,2,2,1.000000
Person,birthName.,2,2,1.000000
Person,biRthPlace,2,2,1.000000
Person,birtname,2,2,1.000000
Person,birtName,2,2,1.000000
Person,bitheplace,2,2,1.000000
Person,bloodGroup,2,2,1.000000
Person,bm,2,2,1.000000
Person,bmi,2,2,1.000000
Person,bmonth,2,2,1.000000
Person,boardMember,2,2,1.000000
Person,bobsledName,2,2,1.000000
Person,born.,2,2,1.000000
Person,Died,2,2,1.000000
Person,bornDate,2,2,1.000000
Person,bornName,2,2,1.000000
Person,bowlgame,2,2,1.000000
Person,bowlingFirstBestBowler,2,2,1.000000
Person,bowlingFirstBestBowlerInitialForm,2,2,1.000000
Person,bowlingFirstBestFigures,2,2,1.000000
Person,bowlingSecondBestBowler,2,2,1.000000
Person,bowlingSecondBestBowlerInitialForm,2,2,1.000000
Person,bowlingSecondBestFigures,2,2,1.000000
Person,bowlingStrikeRate,2,2,1.000000
Person,bowlingStyle,2,2,1.000000
Person,boxwidth,2,2,1.000000
Person,boyfriends,2,2,1.000000
Person,boyhoodHome,2,2,1.000000
Person,unit,2,2,1.000000
Person,brand,2,2,1.000000
Person,brandy,2,2,1.000000
Person,brithDate,2,2,1.000000
Person,bronze,2,5,0.400000
Person,brotherInLaw,2,2,1.000000
Person,bsbChampionships,2,8,0.250000
Person,bSearch,2,2,1.000000
Person,bSides,2,2,1.000000
Person,bssLastSeason,2,2,1.000000
Person,bssManufacturers,2,2,1.000000
Person,bstyle,2,5,0.400000
Person,buc,2,2,1.000000
Person,budget,2,2,1.000000
Person,burilaPlace,2,2,1.000000
Person,bwfore,2,2,1.000000
Person,byear,2,2,1.000000
Person,byKo,2,2,1.000000
Person,byline,2,2,1.000000
Person,candidate5Party,2,2,1.000000
Person,candidate5Percent,2,2,1.000000
Person,candidate5Votes,2,2,1.000000
Person,candidates,2,3,0.666667
Person,canonisedBy,2,2,1.000000
Person,caprion,2,2,1.000000
Person,captionAlign,2,31,0.064516
Person,captions,2,2,1.000000
Person,careerBreakthrough,2,2,1.000000
Person,careerStar,2,2,1.000000
Person,careerTemplate,2,2,1.000000
Person,carer,2,2,1.000000
Person,catchPhrase,2,2,1.000000
Person,cathces,2,2,1.000000
Person,cathedral,2,2,1.000000
Person,reason,2,2,1.000000
Person,causeForCanonizationDate,2,2,1.000000
Person,cert,2,2,1.000000
Person,certain,2,42,0.047619
Person,certmonth,2,3,0.666667
Person,chairperson,2,2,1.000000
Person,chartc,2,2,1.000000
Person,chiefExecutive,2,2,1.000000
Person,chiefJustice2End,2,2,1.000000
Person,chiefJustice2Start,2,2,1.000000
Person,childrenandfam,2,2,1.000000
Person,childrenandfamEnd,2,2,1.000000
Person,childrenandfamStart,2,2,1.000000
Person,chineseFilmMediaAwards,2,2,1.000000
Person,chineseHeader,2,2,1.000000
Person,chlid,2,2,1.000000
Person,chronology,2,2,1.000000
Person,chyavanaDate,2,2,1.000000
Person,chyavanaPlace,2,2,1.000000
Person,citations,2,2,1.000000
Person,citizens,2,3,0.666667
Person,cityarticle,2,2,1.000000
Person,cityCouncil,2,2,1.000000
Person,clan,2,2,1.000000
Person,classifications,2,2,1.000000
Person,clients,2,2,1.000000
Person,clip,2,2,1.000000
Person,closed,2,2,1.000000
Person,clothing,2,2,1.000000
Person,club2end,2,2,1.000000
Person,club2start,2,2,1.000000
Person,clubCupdate,2,2,1.000000
Person,clubf,2,2,1.000000
Person,clubnat,2,2,1.000000
Person,clubss,2,2,1.000000
Person,cnumber,2,2,1.000000
Person,coach(es)_,2,2,1.000000
Person,coachdrawsb,2,32,0.062500
Person,coachdrawsc,2,15,0.133333
Person,coachdrawsd,2,3,0.666667
Person,coachlossesd,2,3,0.666667
Person,coachname,2,2,1.000000
Person,coachsb,2,2,1.000000
Person,coachwin%25b,2,2,1.000000
Person,coachyear,2,2,1.000000
Person,coachyear8end,2,2,1.000000
Person,coatofarmssize,2,2,1.000000
Person,cocmmittees,2,2,1.000000
Person,coConsecratedBy,2,2,1.000000
Person,col1width,2,2,1.000000
Person,col2width,2,2,1.000000
Person,collapse,2,45,0.044444
Person,collapsible,2,5,0.400000
Person,colleagues,2,2,1.000000
Person,collegecaps,2,2,1.000000
Person,collegecareer,2,2,1.000000
Person,collegegoals,2,2,1.000000
Person,cols,2,48,0.041667
Person,colWidth,2,57,0.035088
Person,colwith,2,3,0.666667
Person,commanded,2,2,1.000000
Person,commerceDate,2,2,1.000000
Person,committeeAssignments,2,2,1.000000
Person,commonname,2,2,1.000000
Person,commonwealth,2,2,1.000000
Person,companion,2,2,1.000000
Person,companys,2,2,1.000000
Person,compilationLink,2,2,1.000000
Person,conamaEnd,2,2,1.000000
Person,concertName,2,2,1.000000
Person,condition,2,2,1.000000
Person,confirmed,2,2,1.000000
Person,conflicts,2,3,0.666667
Person,congregation,2,2,1.000000
Person,conjuge,2,2,1.000000
Person,consecratedBishopBy,2,2,1.000000
Person,contribution,2,2,1.000000
Person,coordDisplay,2,7,0.285714
Person,coordinatesType,2,2,1.000000
Person,coordParameters,2,2,1.000000
Person,corps,2,2,1.000000
Person,council,2,2,1.000000
Person,countriboii,2,2,1.000000
Person,countryflag,2,15,0.133333
Person,countryofdeath,2,2,1.000000
Person,countryOfDeath,2,2,1.000000
Person,courtesyName,2,2,1.000000
Person,coverSize,2,2,1.000000
Person,cprn,2,2,1.000000
Person,creator(s)_,2,2,1.000000
Person,crestAndMantle,2,2,1.000000
Person,crime,2,2,1.000000
Person,criminalCharges,2,2,1.000000
Person,cubs,2,2,1.000000
Person,curentclub,2,2,1.000000
Person,currentCity.,2,2,1.000000
Person,currentJob,2,2,1.000000
Person,currentKnownResidence,2,2,1.000000
Person,currentlub,2,2,1.000000
Person,currentlyBasedIn,2,2,1.000000
Person,currentmemubers,2,2,1.000000
Person,currentPosting,2,2,1.000000
Person,currentResidents,2,2,1.000000
Person,currentRole,2,2,1.000000
Person,currentShow,2,2,1.000000
Person,currentTermStart,2,4,0.500000
Person,customValue,2,2,1.000000
Person,dad,2,2,1.000000
Person,dae,2,2,1.000000
Person,dataMax,2,2,1.000000
Person,datasource,2,2,1.000000
Person,dataType,2,2,1.000000
Person,dateBirth,2,2,1.000000
Person,dateEnd,2,2,1.000000
Person,dateFounded,2,2,1.000000
Person,dateofDeath,2,2,1.000000
Person,daughterInLaw,2,2,1.000000
Person,davidDiDonatelloAward,2,2,1.000000
Person,daye,2,2,1.000000
Person,dayofdeath,2,2,1.000000
Person,dbfcoach,2,2,1.000000
Person,deadurl,2,2,1.000000
Person,deathDay,2,2,1.000000
Person,deathPlace.,2,2,1.000000
Person,deathPlase,2,2,1.000000
Person,debut4league,2,2,1.000000
Person,debut4team,2,2,1.000000
Person,debut4year,2,2,1.000000
Person,deceased,2,2,1.000000
Person,deceasedParents,2,2,1.000000
Person,declaredVenerableBy,2,2,1.000000
Person,dedicatedTo,2,2,1.000000
Person,density,2,2,1.000000
Person,deployment,2,2,1.000000
Person,depositionDate,2,2,1.000000
Person,describedObject,2,11,0.181818
Person,descripción,2,2,1.000000
Person,designatedNrhpType,2,2,1.000000
Person,designatedOther1Abbr,2,2,1.000000
Person,designatedOther1Color,2,2,1.000000
Person,designatedOther1Date,2,2,1.000000
Person,designatedOther1Link,2,2,1.000000
Person,designatedOther1Name,2,2,1.000000
Person,dfens,2,2,1.000000
Person,dickSize,2,2,1.000000
Person,dieDate,2,2,1.000000
Person,dikshaDate,2,2,1.000000
Person,dikshaPlace,2,2,1.000000
Person,diploma,2,2,1.000000
Person,direction,2,699,0.002861
Person,dirthplace,2,2,1.000000
Person,disabilityClassification,2,2,1.000000
Person,disappeared,2,2,1.000000
Person,disbanded,2,2,1.000000
Person,displayAuthors,2,2,1.000000
Person,dissertation,2,2,1.000000
Person,distance(s)_,2,2,1.000000
Person,doctoalAdvisor,2,2,1.000000
Person,dogs,2,2,1.000000
Person,doğumYeri,2,2,1.000000
Person,dollImage,2,2,1.000000
Person,domain,2,10,0.200000
Person,domesticpartners,2,2,1.000000
Person,domesticranking,2,2,1.000000
Person,don,2,2,1.000000
Person,dp,2,4,0.500000
Person,dramas,2,2,1.000000
Person,dress,2,2,1.000000
Person,driver,2,2,1.000000
Person,dropgoals,2,2,1.000000
Person,dstyle,2,3,0.666667
Person,east,2,2,1.000000
Person,ecgrowth,2,2,1.000000
Person,ecgrowthEnd,2,2,1.000000
Person,ecgrowthStart,2,2,1.000000
Person,eco,2,3,0.666667
Person,editore,2,2,1.000000
Person,editorialBoards,2,2,1.000000
Person,egafd,2,2,1.000000
Person,emailId,2,2,1.000000
Person,empasB,2,2,1.000000
Person,empasK,2,2,1.000000
Person,employer(s)_,2,2,1.000000
Person,emri,2,2,1.000000
Person,endorsers,2,2,1.000000
Person,enemy,2,2,1.000000
Person,engaged,2,2,1.000000
Person,english,2,2,1.000000
Person,englishNames,2,2,1.000000
Person,englishTitle,2,2,1.000000
Person,environment,2,2,1.000000
Person,environmentEnd,2,2,1.000000
Person,environmentStart,2,2,1.000000
Person,eps,2,2,1.000000
Person,epsLink,2,5,0.400000
Person,eptMainEventFinishes,2,2,1.000000
Person,erdosNumber,2,5,0.400000
Person,error,2,4,0.500000
Person,establishedDate,2,2,1.000000
Person,ethencity,2,2,1.000000
Person,ethnicBackground,2,2,1.000000
Person,ethnicityity,2,2,1.000000
Person,ethnicy,2,2,1.000000
Person,eu,2,2,1.000000
Person,eurobabeindex,2,2,1.000000
Person,europeans,2,2,1.000000
Person,eventName,2,2,1.000000
Person,executiveCareer,2,2,1.000000
Person,exhibitions,2,2,1.000000
Person,expand,2,9,0.222222
Person,expansiondraftpick,2,2,1.000000
Person,expansiondraftround,2,2,1.000000
Person,exPartner,2,2,1.000000
Person,expdraftedround,2,16,0.125000
Person,expdraftedyear,2,16,0.125000
Person,eyesColor,2,2,1.000000
Person,fa,2,9,0.222222
Person,facebookFanPage,2,2,1.000000
Person,faculty,2,2,1.000000
Person,familyMotto,2,2,1.000000
Person,famousFor,2,2,1.000000
Person,fanSite,2,2,1.000000
Person,fansites,2,2,1.000000
Person,favoriteColor,2,2,1.000000
Person,fb,2,2,1.000000
Person,fcdebutdate,2,2,1.000000
Person,fcdebutyear,2,2,1.000000
Person,feastDays,2,2,1.000000
Person,federationofhongkongfilmmakersaward,2,2,1.000000
Person,female,2,510,0.003922
Person,fftitle,2,3,0.666667
Person,fgcolor,2,4,0.500000
Person,fiancé,2,2,1.000000
Person,fiancee,2,2,1.000000
Person,fieldgoalsd,2,195,0.010256
Person,fights,2,2,1.000000
Person,fileds,2,2,1.000000
Person,filmedBy,2,2,1.000000
Person,filmGenre,2,2,1.000000
Person,final3league,2,2,1.000000
Person,final3team,2,2,1.000000
Person,final3year,2,2,1.000000
Person,finalSovereign,2,2,1.000000
Person,finalYear,2,2,1.000000
Person,findlaw,2,2,1.000000
Person,finishingMove,2,2,1.000000
Person,finnishleague,2,2,1.000000
Person,fiqh,2,3,0.666667
Person,firm,2,2,1.000000
Person,firstConvWin,2,2,1.000000
Person,firstCousins,2,2,1.000000
Person,firstdate,2,2,1.000000
Person,firstGneastRace,2,27,0.074074
Person,firstGneastWin,2,7,0.285714
Person,firstReporter,2,2,1.000000
Person,firstWrcRace,2,2,1.000000
Person,fist,2,3,0.666667
Person,floorLeader,2,2,1.000000
Person,floruit,2,2,1.000000
Person,fnamelang,2,3,0.666667
Person,fontSize,2,2,1.000000
Person,foreignname,2,2,1.000000
Person,form,2,2,1.000000
Person,formerAffiliations,2,2,1.000000
Person,formerChoreographer,2,2,1.000000
Person,formerclubs,2,2,1.000000
Person,formerLabels,2,2,1.000000
Person,formerlocations,2,2,1.000000
Person,s,2,2,1.000000
Person,formernumber,2,2,1.000000
Person,formerParty,2,3,0.666667
Person,formerProfession,2,2,1.000000
Person,formerResidence,2,2,1.000000
Person,formerteam,2,2,1.000000
Person,formerttraininglocations,2,2,1.000000
Person,forwardpocket,2,2,1.000000
Person,foto,2,2,1.000000
Person,foughtoutof,2,2,1.000000
Person,foundedGroups,2,2,1.000000
Person,fourthofficial,2,2,1.000000
Person,fpr,2,2,1.000000
Person,frameStyle,2,2,1.000000
Person,frenchopenseniorresult,2,2,1.000000
Person,frequency,2,2,1.000000
Person,fulname,2,2,1.000000
Person,gadgets,2,2,1.000000
Person,gan,2,2,1.000000
Person,ganadhara,2,2,1.000000
Person,gear,2,2,1.000000
Person,geboorteplaats,2,2,1.000000
Person,geminiaward,2,2,1.000000
Person,gEnre,2,2,1.000000
Person,gk,2,2,1.000000
Person,goal,2,9,0.222222
Person,governmentType,2,3,0.666667
Person,governo,2,2,1.000000
Person,gpLastSeason,2,2,1.000000
Person,gradeSchool,2,2,1.000000
Person,graduated,2,2,1.000000
Person,grammyn,2,2,1.000000
Person,grandslamcupresult,2,2,1.000000
Person,grandslamsinglesresults,2,2,1.000000
Person,grandslamsmixedresults,2,56,0.035714
Person,grandslamssinglesresults,2,3,0.666667
Person,grandslamtitles,2,2,1.000000
Person,greatAunts,2,2,1.000000
Person,greatGrandmothers,2,2,1.000000
Person,greatGrandparents,2,2,1.000000
Person,greatGrandsons,2,2,1.000000
Person,greatGreatGrandchildren,2,2,1.000000
Person,grounds,2,2,1.000000
Person,gurus,2,2,1.000000
Person,haiRcolor,2,2,1.000000
Person,halfforwardflank,2,2,1.000000
Person,hanjagye,2,2,1.000000
Person,hasBorder,2,2,1.000000
Person,hasWrittenFor,2,2,1.000000
Person,headOfState,2,2,1.000000
Person,headsOfTheDepartments,2,2,1.000000
Person,hebrew,2,2,1.000000
Person,heighft,2,2,1.000000
Person,height5'9Weight186PoundsBirthPlace,2,2,1.000000
Person,heightLbs,2,2,1.000000
Person,heightmeter,2,2,1.000000
Person,heirApparent,2,2,1.000000
Person,hiddencols,2,9,0.222222
Person,hide,2,7,0.285714
Person,hidedeliveries,2,388,0.005155
Person,highbreak,2,2,1.000000
Person,higher,2,2,1.000000
Person,highestmixedranking,2,5,0.400000
Person,highestRankingSingles,2,2,1.000000
Person,highestredpoint,2,2,1.000000
Person,highseries,2,2,1.000000
Person,hisBestFriend,2,2,1.000000
Person,history,2,4,0.500000
Person,hobby,2,2,1.000000
Person,homeBases,2,2,1.000000
Person,homeland,2,2,1.000000
Person,homelandSecurity,2,2,1.000000
Person,homelandSecurityEnd,2,2,1.000000
Person,homelandSecurityStart,2,2,1.000000
Person,homeLocation,2,2,1.000000
Person,homeMountain,2,2,1.000000
Person,honoraryTitle,2,3,0.666667
Person,honoricPrefix,2,2,1.000000
Person,honorificSufix,2,2,1.000000
Person,honorificTitle,2,2,1.000000
Person,houses,2,2,1.000000
Person,hq,2,2,1.000000
Person,hserv,2,2,1.000000
Person,hservEnd,2,2,1.000000
Person,hservStart,2,2,1.000000
Person,huffpo,2,2,1.000000
Person,husbandNo,2,2,1.000000
Person,icon,2,2,1.000000
Person,idj,2,2,1.000000
Person,ifsccat,2,3,0.666667
Person,image1size,2,3,0.666667
Person,image1Size,2,2,1.000000
Person,imageCoin,2,2,1.000000
Person,imageMapCaption,2,2,1.000000
Person,imagemSize,2,2,1.000000
Person,imagename,2,2,1.000000
Person,imagenfoundation,2,2,1.000000
Person,imageRight,2,2,1.000000
Person,imageSite,2,4,0.500000
Person,imageSkyline,2,2,1.000000
Person,imageSource,2,2,1.000000
Person,imagew,2,3,0.666667
Person,imagsize,2,2,1.000000
Person,imbd,2,2,1.000000
Person,ime,2,2,1.000000
Person,imgAlt,2,2,1.000000
Person,imgCap,2,2,1.000000
Person,importance,2,2,1.000000
Person,inaccurate,2,98,0.020408
Person,incarcerated,2,2,1.000000
Person,inch,2,2,1.000000
Person,indent,2,20,0.100000
Person,informal,2,2,1.000000
Person,initials,2,2,1.000000
Person,initiated,2,2,1.000000
Person,inLaws,2,2,1.000000
Person,inldWebSite,2,2,1.000000
Person,inmateNumber,2,2,1.000000
Person,intercontinental,2,5,0.400000
Person,internationalclubs,2,2,1.000000
Person,internationalcompetition,2,2,1.000000
Person,internationalteams,2,2,1.000000
Person,intervalPrimaryScale,2,2,1.000000
Person,intervalSecondaryScale,2,2,1.000000
Person,interview,2,2,1.000000
Person,iöageSize,2,4,0.500000
Person,ipa,2,2,1.000000
Person,is,2,2,1.000000
Person,italianleague,2,2,1.000000
Person,ittfId,2,2,1.000000
Person,japaneseName,2,2,1.000000
Person,jerseynumber,2,2,1.000000
Person,jobPos,2,2,1.000000
Person,jobTitle,2,2,1.000000
Person,jtotal,2,2,1.000000
Person,jumperNumber,2,2,1.000000
Person,junior,2,8,0.250000
Person,juniorAppearances,2,2,1.000000
Person,jusqu'auFonction,2,2,1.000000
Person,justia,2,2,1.000000
Person,kevalgyanDate,2,2,1.000000
Person,kevalgyanPlace,2,2,1.000000
Person,kickboxDecloss,2,4,0.500000
Person,kickboxTotal,2,2,1.000000
Person,kills,2,2,1.000000
Person,kitAlt,2,2,1.000000
Person,knownAlsoProtrayed,2,2,1.000000
Person,knownFor&nbsp;_,2,2,1.000000
Person,knownName,2,2,1.000000
Person,kunrei,2,2,1.000000
Person,label5Size,2,3,0.666667
Person,labelsAndPublishers,2,2,1.000000
Person,laborDate,2,2,1.000000
Person,lang2Content,2,2,1.000000
Person,lastCoronaWin,2,2,1.000000
Person,lastfcdate,2,2,1.000000
Person,lastfcyear,2,2,1.000000
Person,lastGneastRace,2,25,0.080000
Person,lastGneastWin,2,6,0.333333
Person,lastt20against,2,2,1.000000
Person,lastt20date,2,2,1.000000
Person,lastWrcRace,2,2,1.000000
Person,lat3Min,2,2,1.000000
Person,lat3Sec,2,2,1.000000
Person,lat4Deg,2,2,1.000000
Person,latDir,2,13,0.153846
Person,laTusa,2,4,0.500000
Person,laUsa,2,4,0.500000
Person,lawCollege,2,2,1.000000
Person,lb,2,2,1.000000
Person,lcb,2,2,1.000000
Person,lcm,2,2,1.000000
Person,legalName,2,2,1.000000
Person,lemma,2,2,1.000000
Person,lengthMetric,2,2,1.000000
Person,letterers,2,2,1.000000
Person,lgupdate,2,2,1.000000
Person,lib,2,2,1.000000
Person,lieuDeNaissance,2,2,1.000000
Person,lifespan,2,2,1.000000
Person,limited,2,2,1.000000
Person,linkedin,2,2,1.000000
Person,links,2,175,0.011429
Person,listclass,2,42,0.047619
Person,listStyle,2,3,0.666667
Person,literacy,2,2,1.000000
Person,literaryMovement,2,2,1.000000
Person,liveLink,2,4,0.500000
Person,llocnaixement,2,2,1.000000
Person,lmz,2,2,1.000000
Person,locale,2,2,1.000000
Person,located,2,2,1.000000
Person,logocaption,2,2,1.000000
Person,logoWidth,2,2,1.000000
Person,loksabha,2,2,1.000000
Person,lon1Dir,2,3,0.666667
Person,lon2Dir,2,3,0.666667
Person,lon3Min,2,2,1.000000
Person,lon3Sec,2,2,1.000000
Person,lon4Deg,2,2,1.000000
Person,lonDir,2,13,0.153846
Person,longew,2,3,0.666667
Person,loveInterests,2,2,1.000000
Person,lover,2,2,1.000000
Person,lower,2,2,1.000000
Person,lw,2,2,1.000000
Person,lyricsCredits,2,10,0.200000
Person,lyricsDate,2,2,1.000000
Person,mainimage,2,2,1.000000
Person,majorclubs,2,10,0.200000
Person,majorCompetition,2,2,1.000000
Person,majorityLeader,2,2,1.000000
Person,majorTeams,2,2,1.000000
Person,managergerclubs,2,2,1.000000
Person,managersclubs,2,2,1.000000
Person,managersyears,2,2,1.000000
Person,mangaArtist,2,2,1.000000
Person,mapsize,2,2,1.000000
Person,mark5size,2,3,0.666667
Person,marriagePlace,2,2,1.000000
Person,mastersAdvisors,2,2,1.000000
Person,mastersStudents,2,2,1.000000
Person,masterStudents,2,2,1.000000
Person,maternalGrandmother,2,2,1.000000
Person,mather,2,2,1.000000
Person,mausoleum,2,2,1.000000
Person,mentors,2,2,1.000000
Person,methods,2,3,0.666667
Person,metricUnit,2,23,0.086957
Person,mgrtitle,2,3,0.666667
Person,miningParty,2,3,0.666667
Person,minister1Party,2,2,1.000000
Person,minister2Party,2,2,1.000000
Person,minister5Termend,2,2,1.000000
Person,minor,2,2,1.000000
Person,miscellaneous,2,2,1.000000
Person,mixeddoublesresults,2,6,0.333333
Person,mjestoRođenja,2,2,1.000000
Person,mmakolosses,2,4,0.500000
Person,mmakowins,2,2,1.000000
Person,momarch,2,2,1.000000
Person,monarchs,2,2,1.000000
Person,monthofdeath,2,2,1.000000
Person,mostRecent,2,2,1.000000
Person,motherAndFather,2,2,1.000000
Person,mothersName,2,2,1.000000
Person,motives,2,2,1.000000
Person,motm,2,2,1.000000
Person,motmInitialForm,2,2,1.000000
Person,moto2Championships,2,73,0.027397
Person,moto3Championships,2,36,0.055556
Person,mount,2,2,1.000000
Person,moves,2,3,0.666667
Person,mtvemaawards,2,2,1.000000
Person,mtvmovieawards,2,2,1.000000
Person,multiple,2,18,0.111111
Person,musicalGenres,2,2,1.000000
Person,musicCredits,2,18,0.111111
Person,musicDate,2,2,1.000000
Person,musicGenre,2,2,1.000000
Person,musicOrigin,2,2,1.000000
Person,musicPublisher,2,2,1.000000
Person,mw,2,235,0.008511
Person,myspace,2,2,1.000000
Person,nameNative,2,2,1.000000
Person,nameOfArtist,2,2,1.000000
Person,nameOfCm,2,3,0.666667
Person,nameOfSpouse,2,2,1.000000
Person,nameorigin,2,2,1.000000
Person,natioanlity,2,2,1.000000
Person,nationaility,2,2,1.000000
Person,nationalgoal,2,2,1.000000
Person,nationaliity,2,2,1.000000
Person,nationalities,2,2,1.000000
Person,nationalnumber,2,2,1.000000
Person,nationalTitles,2,2,1.000000
Person,nativeExternalHost,2,2,1.000000
Person,nativeExternalUrl,2,2,1.000000
Person,nativeLanguage,2,2,1.000000
Person,natupdate,2,2,1.000000
Person,navbar,2,36,0.055556
Person,naver,2,2,1.000000
Person,ncTusa,2,4,0.500000
Person,ncUsa,2,4,0.500000
Person,nebtihiero,2,2,1.000000
Person,needed,2,42,0.047619
Person,neigong,2,2,1.000000
Person,newsOfTheWorldTournament,2,2,1.000000
Person,nflsuppdraftedpick,2,2,1.000000
Person,nflsuppdraftedround,2,2,1.000000
Person,nflsuppdraftedyear,2,2,1.000000
Person,nga,2,2,1.000000
Person,nickname.,2,2,1.000000
Person,nicknamed,2,2,1.000000
Person,nirthName,2,2,1.000000
Person,nkc,2,2,1.000000
Person,no%25_,2,2,1.000000
Person,noicon,2,9,0.222222
Person,nolink,2,3,0.666667
Person,nolist,2,898,0.002227
Person,nombreCompleto,2,2,1.000000
Person,nome,2,2,1.000000
Person,nominatedBy,2,5,0.400000
Person,nominater,2,2,1.000000
Person,north,2,2,1.000000
Person,notableAliases,2,2,1.000000
Person,notableaward,2,2,1.000000
Person,notableConcepts,2,2,1.000000
Person,notableGuitars,2,2,1.000000
Person,notableIdea,2,2,1.000000
Person,notablemovies,2,2,1.000000
Person,notableMovies,2,2,1.000000
Person,notablePerformances,2,2,1.000000
Person,notableRelatives,2,2,1.000000
Person,notableRole(s)_,2,2,1.000000
Person,noteableWorks,2,2,1.000000
Person,notedWorks,2,2,1.000000
Person,notouts,2,2,1.000000
Person,notOuts,2,2,1.000000
Person,novels,2,2,1.000000
Person,npc,2,2,1.000000
Person,nr,2,2,1.000000
Person,ntcupdate,2,3,0.666667
Person,ntupadate,2,2,1.000000
Person,ntupadte,2,2,1.000000
Person,numberOfBooks,2,2,1.000000
Person,numberOfJudges,2,4,0.500000
Person,numberOfLegs,2,3,0.666667
Person,numberOfSeries,2,2,1.000000
Person,numberOfXValues,2,2,1.000000
Person,numéro,2,2,1.000000
Person,numSeries,2,4,0.500000
Person,nyupdate,2,2,1.000000
Person,occasion,2,2,1.000000
Person,occaupation,2,2,1.000000
Person,s,2,2,1.000000
Person,occupration,2,2,1.000000
Person,odia,2,2,1.000000
Person,officialFacebookPage,2,2,1.000000
Person,officialPage,2,2,1.000000
Person,officialTwitter,2,2,1.000000
Person,oneodi,2,99,0.020202
Person,onet20i,2,46,0.043478
Person,onetest,2,157,0.012739
Person,ongoing,2,8,0.250000
Person,onlinebooks,2,306,0.006536
Person,onlinebooksby,2,379,0.005277
Person,opened,2,2,1.000000
Person,opentheme,2,2,1.000000
Person,operationsEnd,2,2,1.000000
Person,oplaceOfBirth,2,2,1.000000
Person,opublikowany,2,2,1.000000
Person,ordinations,2,2,1.000000
Person,orgFunction,2,2,1.000000
Person,origen,2,2,1.000000
Person,originalisbn,2,2,1.000000
Person,originalname,2,2,1.000000
Person,originalsprache,2,3,0.666667
Person,originaltitel,2,2,1.000000
Person,originplace,2,2,1.000000
Person,otherActivities,2,2,1.000000
Person,othercomps,2,2,1.000000
Person,otherFamilies,2,2,1.000000
Person,otherPoliticalAffiliations,2,2,1.000000
Person,otherPositions,2,2,1.000000
Person,othertournamentsmixeddoubles,2,41,0.048780
Person,othrtitles,2,5,0.400000
Person,outstandingworks,2,2,1.000000
Person,ov,2,2,1.000000
Person,overallrecord,2,2,1.000000
Person,overseasCareerStart,2,3,0.666667
Person,oversFirstInnings,2,2,1.000000
Person,oversSecondInnings,2,2,1.000000
Person,pacificChampionshipsAppearances,2,2,1.000000
Person,paf,2,2,1.000000
Person,paintingName,2,2,1.000000
Person,parentUnit,2,2,1.000000
Person,parner,2,2,1.000000
Person,partbers,2,2,1.000000
Person,parter,2,2,1.000000
Person,participatedIn,2,4,0.500000
Person,partyLeader,2,2,1.000000
Person,partyLogo,2,2,1.000000
Person,paternalGrandparents,2,2,1.000000
Person,patriarch,2,2,1.000000
Person,paux2Name,2,12,0.166667
Person,pcupadte,2,2,1.000000
Person,peak15a,2,2,1.000000
Person,peak16b,2,2,1.000000
Person,peak19b,2,2,1.000000
Person,periodOfDuty,2,2,1.000000
Person,permanentResidence,2,2,1.000000
Person,permission,2,2,1.000000
Person,personalBest,2,2,1.000000
Person,personalMotto,2,2,1.000000
Person,personalWebsite,2,2,1.000000
Person,pet,2,2,1.000000
Person,petName,2,2,1.000000
Person,petNames,2,2,1.000000
Person,phd,2,2,1.000000
Person,phone,2,2,1.000000
Person,phoneNo,2,2,1.000000
Person,photo1a,2,3,0.666667
Person,photo2b,2,2,1.000000
Person,photo3a,2,2,1.000000
Person,photo3b,2,2,1.000000
Person,photoSize,2,2,1.000000
Person,physicallevel,2,2,1.000000
Person,pinyinname,2,2,1.000000
Person,pir,2,3,0.666667
Person,Place,2,2,1.000000
Person,placebirth,2,2,1.000000
Person,placeOfBirh,2,2,1.000000
Person,placeOfBirth—_,2,2,1.000000
Person,placeOfBirth&nbsp;&nbsp;_,2,2,1.000000
Person,placeOfDeeath,2,2,1.000000
Person,placeOfEntombment,2,2,1.000000
Person,placeOfFuneral,2,2,1.000000
Person,places,2,2,1.000000
Person,planceOfBirth,2,2,1.000000
Person,play,2,5,0.400000
Person,playerclubs,2,2,1.000000
Person,playercoachyears,2,2,1.000000
Person,playerid,2,2,1.000000
Person,playersChampionship,2,2,1.000000
Person,playingNumber,2,2,1.000000
Person,playingRole,2,2,1.000000
Person,playingStyle,2,2,1.000000
Person,playingteams,2,2,1.000000
Person,podium,2,2,1.000000
Person,police,2,2,1.000000
Person,policeService,2,2,1.000000
Person,policy,2,2,1.000000
Person,political,2,2,1.000000
Person,politicalAffiliations,2,2,1.000000
Person,portraye,2,2,1.000000
Person,portrayers,2,2,1.000000
Person,positionHeld,2,2,1.000000
Person,postdoctoralAdvisors,2,2,1.000000
Person,postdoctoralTrainees,2,2,1.000000
Person,postName,2,2,1.000000
Person,postnationality,2,2,1.000000
Person,postseson,2,2,1.000000
Person,practiceAreas,2,2,1.000000
Person,praenomen,2,2,1.000000
Person,prededed,2,2,1.000000
Person,preferredFoot,2,3,0.666667
Person,present,2,2,1.000000
Person,presentAddress,2,2,1.000000
Person,presentLocation,2,2,1.000000
Person,presidentParty,2,2,1.000000
Person,presidingBishopOf,2,4,0.500000
Person,pretitle,2,2,1.000000
Person,prevCoronaYear,2,4,0.500000
Person,previousClub,2,2,1.000000
Person,previousDesignation,2,2,1.000000
Person,previousLabels,2,2,1.000000
Person,previousname,2,2,1.000000
Person,previousPartner,2,2,1.000000
Person,prevIrlPos,2,2,1.000000
Person,primary,2,2,1.000000
Person,principalWorks,2,2,1.000000
Person,proBeachVolleyball,2,2,1.000000
Person,proffesion,2,2,1.000000
Person,projects,2,2,1.000000
Person,prominentDisciples,2,2,1.000000
Person,promotion,2,5,0.400000
Person,pronunciation,2,2,1.000000
Person,propogator,2,2,1.000000
Person,pseudonym(s)_,2,2,1.000000
Person,pulaFilmFestivalOfYugoslavianFilms,2,2,1.000000
Person,pushpinMapCaption,2,2,1.000000
Person,qr,2,3,0.666667
Person,qualifier,2,2,1.000000
Person,ethnicity,2,2,1.000000
Person,raceWins,2,2,1.000000
Person,rallies,2,2,1.000000
Person,rankingInBulgaria,2,2,1.000000
Person,rankingInTheWorld,2,2,1.000000
Person,ratedAt,2,2,1.000000
Person,rb,2,2,1.000000
Person,rcb,2,2,1.000000
Person,rcm,2,2,1.000000
Person,rebuilder,2,2,1.000000
Person,recordings,2,2,1.000000
Person,reelection,2,2,1.000000
Person,refereeyear5start,2,2,1.000000
Person,refLink,2,26,0.076923
Person,regiment,2,2,1.000000
Person,relatedScientists,2,2,1.000000
Person,relavites,2,2,1.000000
Person,relday,2,2,1.000000
Person,relegation,2,5,0.400000
Person,relgion,2,2,1.000000
Person,religiousOrder,2,3,0.666667
Person,religiousView,2,2,1.000000
Person,relmonth,2,2,1.000000
Person,rentclub,2,2,1.000000
Person,reporter,2,2,1.000000
Person,researchAdvisors,2,2,1.000000
Person,residenceAddress,2,2,1.000000
Person,residencia,2,2,1.000000
Person,residene,2,2,1.000000
Person,resting+place,2,2,1.000000
Person,retailWebsite,2,2,1.000000
Person,rev2score,2,2,1.000000
Person,reverseimage,2,2,1.000000
Person,revhep,2,2,1.000000
Person,rightCardinalName,2,2,1.000000
Person,rivalrygame,2,3,0.666667
Person,rivalsArchiveurl,2,2,1.000000
Person,rlYouthclubs,2,2,1.000000
Person,rôle,2,2,1.000000
Person,roll,2,2,1.000000
Person,romanization,2,2,1.000000
Person,rosterstatus,2,2,1.000000
Person,row12Text,2,2,1.000000
Person,row13Text,2,2,1.000000
Person,royalFamily,2,2,1.000000
Person,royalPredecessor,2,2,1.000000
Person,royalTitle,2,2,1.000000
Person,ruAmateuryear,2,2,1.000000
Person,ruCoachyear2end,2,2,1.000000
Person,ruCoachyear2start,2,3,0.666667
Person,ruFieldgoalse,2,3,0.666667
Person,ruGoalsc,2,7,0.285714
Person,ruNationaltries,2,2,1.000000
Person,ruPcupdate,2,2,1.000000
Person,ruPointsd,2,3,0.666667
Person,ruProfessionalclubs,2,3,0.666667
Person,ruRepteams,2,2,1.000000
Person,ruRepyears,2,2,1.000000
Person,ruRugbySuperLeague,2,2,1.000000
Person,russia,2,6,0.333333
Person,ruTeame,2,3,0.666667
Person,ruTriesd,2,3,0.666667
Person,ruTriese,2,3,0.666667
Person,ruUpdate,2,2,1.000000
Person,ruYear9end,2,2,1.000000
Person,ruYeardend,2,2,1.000000
Person,rw,2,2,1.000000
Person,samadhiPlace,2,2,1.000000
Person,sanSebastianFestival,2,2,1.000000
Person,sanskritTransliteration,2,2,1.000000
Person,satus,2,2,1.000000
Person,schooledAt,2,2,1.000000
Person,scoreFirstInnings,2,2,1.000000
Person,scoreSecondInnings,2,2,1.000000
Person,scoreWidth,2,3,0.666667
Person,scout,2,2,1.000000
Person,scoutArchiveurl,2,2,1.000000
Person,scoutingclubs,2,2,1.000000
Person,scTusa,2,4,0.500000
Person,scUsa,2,4,0.500000
Person,season10PlayoffLoss,2,3,0.666667
Person,season10PlayoffSeconds,2,2,1.000000
Person,season11PlayoffSeconds,2,2,1.000000
Person,season12PlayoffGoalsAgainst,2,2,1.000000
Person,season12PlayoffMinutes,2,2,1.000000
Person,season12PlayoffPenaltyMinutes,2,6,0.333333
Person,season12PlayoffSaves,2,2,1.000000
Person,season12ptGoals,2,3,0.666667
Person,season13PlayoffGoalsAgainst,2,2,1.000000
Person,season13PlayoffSeconds,2,2,1.000000
Person,season14PlayoffLoss,2,3,0.666667
Person,season15PlayoffGoalsAgainst,2,2,1.000000
Person,season15PlayoffMinutes,2,2,1.000000
Person,season15PlayoffPenaltyMinutes,2,4,0.500000
Person,season15PlayoffSaves,2,2,1.000000
Person,season15Wins,2,3,0.666667
Person,season16GoalsAgainst,2,2,1.000000
Person,season16Loss,2,2,1.000000
Person,season16Minutes,2,2,1.000000
Person,season16PlayoffGoalsAgainst,2,2,1.000000
Person,season16PlayoffMinutes,2,2,1.000000
Person,season16PlayoffSaves,2,2,1.000000
Person,season16Saves,2,2,1.000000
Person,season16Seconds,2,2,1.000000
Person,season17GoalsAgainst,2,2,1.000000
Person,season17Loss,2,2,1.000000
Person,season17Minutes,2,2,1.000000
Person,season17PlayoffPenaltyMinutes,2,2,1.000000
Person,season17Saves,2,2,1.000000
Person,season17Seconds,2,2,1.000000
Person,season17Wins,2,2,1.000000
Person,season18PenaltyMinutes,2,3,0.666667
Person,season18PlayoffAssists,2,3,0.666667
Person,season18PlayoffGoals,2,3,0.666667
Person,season19PlayoffAssists,2,2,1.000000
Person,season19PlayoffGamesPlayed,2,2,1.000000
Person,season19PlayoffLooseBalls,2,2,1.000000
Person,season19Year,2,3,0.666667
Person,season20Assists,2,2,1.000000
Person,season20Goals,2,2,1.000000
Person,season20LooseBalls,2,2,1.000000
Person,season20PenaltyMinutes,2,2,1.000000
Person,season20TeamLink,2,2,1.000000
Person,season22ptGoals,2,3,0.666667
Person,season3PlayoffGroundBalls,2,2,1.000000
Person,season3PlayoffSeconds,2,2,1.000000
Person,season3PlayoffShots,2,2,1.000000
Person,season3PlayoffWins,2,3,0.666667
Person,season4League,2,8,0.250000
Person,season4PlayoffWins,2,3,0.666667
Person,season5League,2,8,0.250000
Person,season5PlayoffWins,2,3,0.666667
Person,season6League,2,5,0.400000
Person,season6PlayoffSeconds,2,2,1.000000
Person,season7PlayoffSeconds,2,2,1.000000
Person,season9PlayoffLoss,2,4,0.500000
Person,season9PlayoffSeconds,2,4,0.500000
Person,season9PlayoffWins,2,2,1.000000
Person,seatingCapacity,2,2,1.000000
Person,secondsCousins,2,2,1.000000
Person,senior,2,14,0.142857
Person,sep,2,2,1.000000
Person,sequencenumber,2,2,1.000000
Person,served,2,2,1.000000
Person,serviceyear,2,2,1.000000
Person,sexo,2,2,1.000000
Person,shaper,2,2,1.000000
Person,shipCountry,2,3,0.666667
Person,shipOperator,2,2,1.000000
Person,shipRoute,2,2,1.000000
Person,shipStatus,2,2,1.000000
Person,shipType,2,2,1.000000
Person,shoe,2,2,1.000000
Person,shoesSize,2,2,1.000000
Person,showmedals,2,7,0.285714
Person,shows,2,2,1.000000
Person,siddhiDate,2,2,1.000000
Person,sidekicks,2,2,1.000000
Person,signatories,2,2,1.000000
Person,significantPublications,2,2,1.000000
Person,significantRoles,2,2,1.000000
Person,silverButton,2,26,0.076923
Person,sitioWeb,2,2,1.000000
Person,sito,2,2,1.000000
Person,slovenianleague,2,3,0.666667
Person,society,2,2,1.000000
Person,soopoints,2,2,1.000000
Person,sooteam,2,30,0.066667
Person,sortket,2,2,1.000000
Person,soundtrackLink,2,2,1.000000
Person,sourceOfIncome,2,2,1.000000
Person,southwest,2,2,1.000000
Person,sp,2,2,1.000000
Person,spacedtype,2,11,0.181818
Person,speakerOfKuwaitNationalAssembly,2,2,1.000000
Person,specialisation,2,2,1.000000
Person,speciesAuthor,2,11,0.181818
Person,spokesperson,2,2,1.000000
Person,sportsParty,2,2,1.000000
Person,sportsStart,2,2,1.000000
Person,spouse.,2,2,1.000000
Person,s,2,2,1.000000
Person,sprache,2,2,1.000000
Person,squadnumber,2,4,0.500000
Person,stageWins,2,2,1.000000
Person,stan,2,2,1.000000
Person,standingCommittees,2,2,1.000000
Person,stanleyCupVictoriesAsHeadCoach,2,2,1.000000
Person,stat1year,2,2,1.000000
Person,stat26label,2,2,1.000000
Person,stat34label,2,2,1.000000
Person,stat34value,2,2,1.000000
Person,stat3year,2,2,1.000000
Person,stat8label,2,8,0.250000
Person,stat8value,2,2,1.000000
Person,stateHead,2,2,1.000000
Person,stateOfOrigin,2,2,1.000000
Person,statsweek,2,2,1.000000
Person,stk.Rate,2,2,1.000000
Person,strikerate,2,2,1.000000
Person,student,2,2,1.000000
Person,studiedAt,2,2,1.000000
Person,succsessor,2,2,1.000000
Person,sucession,2,15,0.133333
Person,supplement,2,9,0.222222
Person,suppressedBy,2,2,1.000000
Person,survivors,2,4,0.500000
Person,suspectName,2,2,1.000000
Person,susperps,2,2,1.000000
Person,syblings,2,2,1.000000
Person,t20debutagainst,2,2,1.000000
Person,t20debutdate,2,2,1.000000
Person,t20debutyear,2,2,1.000000
Person,tablecolor,2,2,1.000000
Person,tailleImage,2,2,1.000000
Person,taiwanFilmCriticsSocietyAwards,2,2,1.000000
Person,taoiseach,2,2,1.000000
Person,teamname,2,3,0.666667
Person,techdirectoryears,2,2,1.000000
Person,tehsils,2,2,1.000000
Person,televisionShows,2,2,1.000000
Person,teo,2,2,1.000000
Person,term3End,2,2,1.000000
Person,term3Start,2,2,1.000000
Person,termStar1t,2,2,1.000000
Person,texasStateChampion,2,2,1.000000
Person,texte,2,2,1.000000
Person,tha,2,2,1.000000
Person,themeSongs,2,2,1.000000
Person,themeTune,2,2,1.000000
Person,thesis,2,2,1.000000
Person,thesisAdvisor,2,2,1.000000
Person,threw,2,2,1.000000
Person,thumb,2,2,1.000000
Person,tiber,2,2,1.000000
Person,timeBegin,2,3,0.666667
Person,timeEnd,2,3,0.666667
Person,titlebackground,2,2,1.000000
Person,titlebar,2,2,1.000000
Person,titleclass,2,5,0.400000
Person,titleEnglish,2,2,1.000000
Person,titleplace,2,2,1.000000
Person,titulo,2,2,1.000000
Person,tlatoani,2,2,1.000000
Person,to,2,2,1.000000
Person,toggle,2,17,0.117647
Person,top14years,2,2,1.000000
Person,totalGoals,2,2,1.000000
Person,totalnationalcaps,2,2,1.000000
Person,totalnationalgoals,2,2,1.000000
Person,tournaments,2,24,0.083333
Person,town,2,2,1.000000
Person,trainingFrom,2,2,1.000000
Person,transcription,2,2,1.000000
Person,trial,2,2,1.000000
Person,tribute,2,2,1.000000
Person,tupdate,2,2,1.000000
Person,tutor,2,2,1.000000
Person,tvDramaAwardsMadeInChina,2,2,1.000000
Person,tvShow,2,2,1.000000
Person,typeOfSound,2,2,1.000000
Person,tytuł,2,2,1.000000
Person,übersetzer,2,2,1.000000
Person,uflstatweek,2,3,0.666667
Person,ulan,2,2,1.000000
Person,umpire1Country,2,2,1.000000
Person,umpire1CountryShortForm,2,2,1.000000
Person,umpire1InitialForm,2,2,1.000000
Person,umpire2InitialForm,2,2,1.000000
Person,umpstatsend,2,2,1.000000
Person,undergrad,2,2,1.000000
Person,undergraduateAdvisors,2,2,1.000000
Person,undergraduateStudents,2,2,1.000000
Person,undrafedtyear,2,2,1.000000
Person,unit(s)_,2,2,1.000000
Person,unknnext,2,2,1.000000
Person,unofficialWebsite,2,2,1.000000
Person,upperCaption,2,2,1.000000
Person,urban,2,2,1.000000
Person,us,2,3,0.666667
Person,veneratedBy,2,3,0.666667
Person,veneratedPlace,2,2,1.000000
Person,videourl,2,2,1.000000
Person,vocalRegister,2,2,1.000000
Person,voicer,2,2,1.000000
Person,voy,2,532,0.003759
Person,l,2,6,0.333333
Person,walkOnMusic,2,2,1.000000
Person,wcccdoublesresult,2,8,0.250000
Person,wcccmixeddoublesresult,2,5,0.400000
Person,weaponOfChoice,2,2,1.000000
Person,webside,2,2,1.000000
Person,websiteCaption,2,2,1.000000
Person,weibo,2,2,1.000000
Person,weightSt,2,2,1.000000
Person,weigt,2,2,1.000000
Person,werkerg,2,2,1.000000
Person,whImage,2,5,0.400000
Person,widthStyle,2,38,0.052632
Person,wifeName,2,2,1.000000
Person,wightmancupresult,2,13,0.153846
Person,wiith,2,2,1.000000
Person,wikidata,2,2,1.000000
Person,willBeBuriedAt,2,2,1.000000
Person,wimbledonproresult,2,4,0.500000
Person,wing,2,2,1.000000
Person,winMargin,2,2,1.000000
Person,winnerOrigin,2,2,1.000000
Person,wit,2,2,1.000000
Person,wlafstatvalue,2,2,1.000000
Person,wlaTeam,2,2,1.000000
Person,woman,2,3,0.666667
Person,workedAt,2,2,1.000000
Person,workedWith,2,2,1.000000
Person,worker(s)_,2,2,1.000000
Person,workUniversity,2,3,0.666667
Person,worldChampionship,2,2,1.000000
Person,worldcupstarts,2,3,0.666667
Person,worldproresult,2,2,1.000000
Person,worldwideSales,2,3,0.666667
Person,writingPartner,2,2,1.000000
Person,writingStyle,2,2,1.000000
Person,writtenBy,2,2,1.000000
Person,wsopMainEventCashes,2,7,0.285714
Person,www,2,2,1.000000
Person,year13start,2,2,1.000000
Person,yearDebut,2,2,1.000000
Person,yearGranted,2,2,1.000000
Person,yearofdeath,2,2,1.000000
Person,years'''_,2,2,1.000000
Person,years2.,2,2,1.000000
Person,yearsActie,2,2,1.000000
Person,yearsavtive,2,2,1.000000
Person,yearsctive,2,2,1.000000
Person,yearsInGneast,2,27,0.074074
Person,yearsInTrucks,2,2,1.000000
Person,yes%25_,2,2,1.000000
Person,yes,2,2,1.000000
Person,yMax,2,2,1.000000
Person,youthCareer,2,2,1.000000
Person,youthClub,2,2,1.000000
Person,youthclub1s,2,2,1.000000
Person,youthnationalteam,2,2,1.000000
Person,youthteam,2,2,1.000000
Person,zhuage,2,2,1.000000
Person,zip,2,2,1.000000
Person,zodiacsign,2,3,0.666667
Person,καλλιτεχνικόΡεύμα,2,2,1.000000
Person,τόποςΘανάτου,2,2,1.000000
Person,вид,2,2,1.000000
Person,роден,2,2,1.000000
Person,страницы,2,2,1.000000
Person,מationalcaps,2,2,1.000000
Person,ジャンル,2,2,1.000000
Person,職業,2,2,1.000000
Person,depiction,2,2,1.000000
Species,''clade''_,2,2,1.000000
Species,(unranked)_,2,2,1.000000
Species,2pp,2,2,1.000000
Species,3p,2,2,1.000000
Species,alcohol,2,2,1.000000
Species,alphacaroteneUg,2,2,1.000000
Species,ancestry,2,2,1.000000
Species,animal,2,2,1.000000
Species,auflage,2,2,1.000000
Species,auto,2,479,0.004175
Species,award,2,2,1.000000
Species,backgroundColor,2,27,0.074074
Species,bar11Text,2,2,1.000000
Species,bar26Left,2,2,1.000000
Species,bar26Right,2,2,1.000000
Species,bar5From,2,2,1.000000
Species,betaineMg,2,2,1.000000
Species,bionomial,2,2,1.000000
Species,captionAlign,2,36,0.055556
Species,carbohydrate,2,2,1.000000
Species,cc,2,3,0.666667
Species,cheight,2,2,1.000000
Species,city,2,2,1.000000
Species,clasis,2,2,1.000000
Species,cohort,2,194,0.010309
Species,colorAlt,2,2,1.000000
Species,columns,2,2,1.000000
Species,commonscat,2,2,1.000000
Species,conservationStatus,2,2,1.000000
Species,coordinatesType,2,2,1.000000
Species,cwidth,2,2,1.000000
Species,dat,2,2,1.000000
Species,dataMax,2,2,1.000000
Species,dataType,2,2,1.000000
Species,dated,2,2,1.000000
Species,death,2,2,1.000000
Species,direction,2,335,0.005970
Species,displayChildren,2,2,1.000000
Species,explain,2,2,1.000000
Species,field,2,7,0.285714
Species,fishbase,2,2,1.000000
Species,float,2,36,0.055556
Species,font,2,3,0.666667
Species,forma,2,2,1.000000
Species,from,2,2,1.000000
Species,fructose,2,2,1.000000
Species,g,2,2,1.000000
Species,gemusAuthority,2,2,1.000000
Species,glucose,2,2,1.000000
Species,h,2,2,1.000000
Species,habitat,2,2,1.000000
Species,headerAlign,2,57,0.035088
Species,help,2,4,0.500000
Species,hex,2,2,1.000000
Species,horseName,2,2,1.000000
Species,hp,2,2,1.000000
Species,hydroxyproline,2,2,1.000000
Species,imageCaptionAlign,2,2,1.000000
Species,imageCation,2,2,1.000000
Species,imageDescr,2,2,1.000000
Species,imageHeight,2,2,1.000000
Species,inaccurate,2,9,0.222222
Species,infraphylumAuthority,2,2,1.000000
Species,k,2,2,1.000000
Species,kana,2,2,1.000000
Species,labelType,2,2,1.000000
Species,lang1Content,2,2,1.000000
Species,langZh,2,2,1.000000
Species,lat1Dir,2,2,1.000000
Species,lat1Min,2,2,1.000000
Species,lat1Sec,2,2,1.000000
Species,lat2Min,2,2,1.000000
Species,lat2Sec,2,2,1.000000
Species,latDir,2,3,0.666667
Species,latMin,2,2,1.000000
Species,legend1end,2,2,1.000000
Species,list,2,4,0.500000
Species,location,2,3,0.666667
Species,lon1Min,2,2,1.000000
Species,lon1Sec,2,2,1.000000
Species,lon2Min,2,2,1.000000
Species,longEw,2,4,0.500000
Species,lonMin,2,2,1.000000
Species,manganese,2,2,1.000000
Species,mapLocator,2,2,1.000000
Species,monat,2,2,1.000000
Species,nep,2,2,1.000000
Species,note13At,2,2,1.000000
Species,note13NudgeLeft,2,2,1.000000
Species,num,2,3,0.666667
Species,onlinebooks,2,7,0.285714
Species,opmProtein,2,2,1.000000
Species,organelle,2,2,1.000000
Species,otherName,2,2,1.000000
Species,parvordoAuthority,2,4,0.500000
Species,pgtype,2,32,0.062500
Species,photoCaption,2,2,1.000000
Species,phyla,2,4,0.500000
Species,picsize,2,2,1.000000
Species,psp,2,2,1.000000
Species,publisher,2,2,1.000000
Species,r,2,2,1.000000
Species,raceawards,2,2,1.000000
Species,racerecord,2,2,1.000000
Species,range,2,2,1.000000
Species,secies,2,2,1.000000
Species,selectionYear,2,2,1.000000
Species,seleniumΜg,2,2,1.000000
Species,silks,2,2,1.000000
Species,sourceUsda,2,213,0.009390
Species,speciesGroupAuthority,2,2,1.000000
Species,speciesType,2,2,1.000000
Species,status2System,2,12,0.166667
Species,strain,2,2,1.000000
Species,subClass,2,4,0.500000
Species,subcohorto,2,882,0.002268
Species,subdivisionAuthority,2,2,1.000000
Species,subdivisionranks,2,527,0.003795
Species,subdivisionsRank,2,2,1.000000
Species,subfamia,2,3,0.666667
Species,subfamlia,2,2,1.000000
Species,subgenusgenusAuthority,2,2,1.000000
Species,suborders,2,7,0.285714
Species,subsectioAuthority,2,3,0.666667
Species,sunfamilia,2,2,1.000000
Species,superdivisio,2,7,0.285714
Species,superfamia,2,2,1.000000
Species,synionyms,2,2,1.000000
Species,synonums,2,2,1.000000
Species,Synonyms,2,2,1.000000
Species,tha,2,2,1.000000
Species,titelerg,2,2,1.000000
Species,titleLang,2,2,1.000000
Species,to,2,2,1.000000
Species,tribo,2,7,0.285714
Species,university,2,3,0.666667
Species,unrankedClade,2,2,1.000000
Species,unrankedClass,2,3,0.666667
Species,unrankedDomain,2,2,1.000000
Species,unrankedInfraphylum,2,3,0.666667
Species,unrankedMagnordo,2,2,1.000000
Species,unrankedRegnumAuthority,2,2,1.000000
Species,unrankedSubdivisio,2,2,1.000000
Species,unrankedSubgenus,2,2,1.000000
Species,unrankedSubphylumAuthority,2,2,1.000000
Species,unrankedSuperregnum,2,2,1.000000
Species,varietyAuthority,2,2,1.000000
Species,vectors,2,2,1.000000
Star,+29°13.4'AppmagV,2,2,1.000000
Star,absoluteMagnitude,2,2,1.000000
Star,age2Gyr,2,2,1.000000
Star,alt,2,2,1.000000
Star,angDist,2,2,1.000000
Star,apparentMagnitude,2,2,1.000000
Star,appmagK,2,2,1.000000
Star,direction,2,7,0.285714
Star,discoverers,2,2,1.000000
Star,discoveryDate,2,2,1.000000
Star,discoveryMethod,2,2,1.000000
Star,discoverySite,2,2,1.000000
Star,discoveryStatus,2,2,1.000000
Star,equino,2,24,0.083333
Star,footer,2,2,1.000000
Star,habitableZone,2,4,0.500000
Star,kic,2,2,1.000000
Star,label,2,6,0.333333
Star,link,2,2,1.000000
Star,mark,2,2,1.000000
Star,noHeading,2,34,0.058824
Star,paError,2,2,1.000000
Star,periodUnit,2,49,0.040816
Star,pmError,2,2,1.000000
Star,progenitor,2,4,0.500000
Star,propMo,2,2,1.000000
Star,propMoPa,2,2,1.000000
Star,reference,2,2,1.000000
Star,rotationVelocity,2,2,1.000000
Star,semiAmp,2,2,1.000000
Star,source,2,2,1.000000
Star,star,2,2,1.000000
Star,totalWidth,2,2,1.000000
Star,tPeri,2,2,1.000000
Galaxy,constel,2,2,1.000000
Galaxy,ic,2,2,1.000000
Galaxy,image,2,2,1.000000
Galaxy,imageSize,2,2,1.000000
ChemicalCompound,casNumber,2,2,1.000000
ChemicalCompound,arm,2,4,0.500000
ChemicalCompound,audio,2,2,1.000000
ChemicalCompound,band,2,4,0.500000
ChemicalCompound,cas,2,2,1.000000
ChemicalCompound,casno,2,2,1.000000
ChemicalCompound,col,2,2,1.000000
ChemicalCompound,d,2,2,1.000000
ChemicalCompound,direction,2,18,0.111111
ChemicalCompound,g,2,2,1.000000
ChemicalCompound,header,2,2,1.000000
ChemicalCompound,headerAlign,2,2,1.000000
ChemicalCompound,heat,2,8,0.250000
ChemicalCompound,hex,2,2,1.000000
ChemicalCompound,highlight,2,2,1.000000
ChemicalCompound,interpro,2,2,1.000000
ChemicalCompound,inventor,2,2,1.000000
ChemicalCompound,namedafter,2,2,1.000000
ChemicalCompound,pfam,2,2,1.000000
ChemicalCompound,reverse)_,2,7,0.285714
ChemicalCompound,style,2,2,1.000000
ChemicalCompound,text,2,2,1.000000
ChemicalCompound,totalWidth,2,2,1.000000
ChemicalCompound,u,2,2,1.000000
ChemicalCompound,v,2,2,1.000000
AdministrativeRegion,building,2,2,1.000000
AdministrativeRegion,capitalCountry,2,2,1.000000
AdministrativeRegion,department,2,2,1.000000
AdministrativeRegion,governingBody,2,2,1.000000
AdministrativeRegion,length,2,2,1.000000
AdministrativeRegion,lowestMountain,2,2,1.000000
AdministrativeRegion,lowestPlace,2,2,1.000000
AdministrativeRegion,managementElevation,2,2,1.000000
AdministrativeRegion,width,2,2,1.000000
AdministrativeRegion,2000pop,2,2,1.000000
AdministrativeRegion,added,2,2,1.000000
AdministrativeRegion,administratorparty,2,111,0.018018
AdministrativeRegion,alternativemap,2,2,1.000000
AdministrativeRegion,altitude,2,2,1.000000
AdministrativeRegion,altsp,2,2,1.000000
AdministrativeRegion,aprMeanF,2,2,1.000000
AdministrativeRegion,aprPrecipitationCm,2,2,1.000000
AdministrativeRegion,archbishopEmeritus,2,2,1.000000
AdministrativeRegion,architecture,2,2,1.000000
AdministrativeRegion,areaMetro,2,2,1.000000
AdministrativeRegion,areaMetroKm,2,2,1.000000
AdministrativeRegion,areaRound,2,13,0.153846
AdministrativeRegion,areaWaterPercentage,2,10,0.200000
AdministrativeRegion,article,2,2,1.000000
AdministrativeRegion,assessorparty,2,111,0.018018
AdministrativeRegion,auditorparty,2,11,0.181818
AdministrativeRegion,augMeanF,2,2,1.000000
AdministrativeRegion,augPrecipitationCm,2,2,1.000000
AdministrativeRegion,author,2,2,1.000000
AdministrativeRegion,autonomous,2,5,0.400000
AdministrativeRegion,auxiliaryBishop,2,2,1.000000
AdministrativeRegion,ba,2,2,1.000000
AdministrativeRegion,baptized,2,2,1.000000
AdministrativeRegion,biome,2,2,1.000000
AdministrativeRegion,blank2InfoSec,2,2,1.000000
AdministrativeRegion,blankInfo,2,2,1.000000
AdministrativeRegion,blankName,2,2,1.000000
AdministrativeRegion,borderP,2,20,0.100000
AdministrativeRegion,borderS,2,20,0.100000
AdministrativeRegion,bot,2,22,0.090909
AdministrativeRegion,built,2,2,1.000000
AdministrativeRegion,cactus,2,2,1.000000
AdministrativeRegion,callingCode,2,3,0.666667
AdministrativeRegion,capitalLongEw,2,65,0.030769
AdministrativeRegion,cause,2,3,0.666667
AdministrativeRegion,cctld,2,2,1.000000
AdministrativeRegion,censusMap,2,2,1.000000
AdministrativeRegion,chief2name,2,2,1.000000
AdministrativeRegion,chief2position,2,2,1.000000
AdministrativeRegion,circuitclerkparty,2,112,0.017857
AdministrativeRegion,citizenship3Title,2,2,1.000000
AdministrativeRegion,class,2,22,0.090909
AdministrativeRegion,coaLink,2,2,1.000000
AdministrativeRegion,coatlink,2,2,1.000000
AdministrativeRegion,collectorparty,2,110,0.018182
AdministrativeRegion,communes,2,2,1.000000
AdministrativeRegion,community,2,2,1.000000
AdministrativeRegion,countryFlag,2,28,0.071429
AdministrativeRegion,countryLargestCityPopulation,2,2,1.000000
AdministrativeRegion,countyclerkparty,2,113,0.017699
AdministrativeRegion,crustacean,2,2,1.000000
AdministrativeRegion,dateEstablished,2,2,1.000000
AdministrativeRegion,dates,2,2,1.000000
AdministrativeRegion,dateType,2,3,0.666667
AdministrativeRegion,decMeanF,2,2,1.000000
AdministrativeRegion,decPrecipitationCm,2,2,1.000000
AdministrativeRegion,deputyMayor,2,2,1.000000
AdministrativeRegion,designatedNrhpType,2,2,1.000000
AdministrativeRegion,direction,2,40,0.050000
AdministrativeRegion,district1party,2,110,0.018182
AdministrativeRegion,district2party,2,110,0.018182
AdministrativeRegion,districtName,2,2,1.000000
AdministrativeRegion,districtType,2,3,0.666667
AdministrativeRegion,division,2,27,0.074074
AdministrativeRegion,divisions,2,2,1.000000
AdministrativeRegion,dstOffset,2,6,0.333333
AdministrativeRegion,elevationFt,2,2,1.000000
AdministrativeRegion,established2Type,2,6,0.333333
AdministrativeRegion,establishedC,2,2,1.000000
AdministrativeRegion,establishedM,2,2,1.000000
AdministrativeRegion,febMeanF,2,2,1.000000
AdministrativeRegion,febPrecipitationCm,2,2,1.000000
AdministrativeRegion,fedSen,2,2,1.000000
AdministrativeRegion,file,2,3,0.666667
AdministrativeRegion,flagalt,2,2,1.000000
AdministrativeRegion,folkDance,2,3,0.666667
AdministrativeRegion,founder,2,2,1.000000
AdministrativeRegion,free2Type,2,9,0.222222
AdministrativeRegion,free6Type,2,3,0.666667
AdministrativeRegion,fullwidthvotes,2,2,1.000000
AdministrativeRegion,gdpCapYear,2,20,0.100000
AdministrativeRegion,gdpPerCapitaYear,2,2,1.000000
AdministrativeRegion,governance,2,12,0.166667
AdministrativeRegion,governmentLongEw,2,3,0.666667
AdministrativeRegion,group,2,2,1.000000
AdministrativeRegion,highestLatNs,2,8,0.250000
AdministrativeRegion,highestLatS,2,2,1.000000
AdministrativeRegion,highestLongEw,2,8,0.250000
AdministrativeRegion,highestLongS,2,2,1.000000
AdministrativeRegion,hp,2,2,1.000000
AdministrativeRegion,hq,2,2,1.000000
AdministrativeRegion,i,2,2,1.000000
AdministrativeRegion,imageBathymetry,2,2,1.000000
AdministrativeRegion,imagecaption,2,2,1.000000
AdministrativeRegion,imageEmblem,2,2,1.000000
AdministrativeRegion,janMeanF,2,2,1.000000
AdministrativeRegion,janPrecipitationCm,2,2,1.000000
AdministrativeRegion,julMeanF,2,2,1.000000
AdministrativeRegion,julPrecipitationCm,2,2,1.000000
AdministrativeRegion,junMeanF,2,2,1.000000
AdministrativeRegion,junPrecipitationCm,2,2,1.000000
AdministrativeRegion,junSnowDays,2,9,0.222222
AdministrativeRegion,junSnowInch,2,6,0.333333
AdministrativeRegion,labelType,2,2,1.000000
AdministrativeRegion,lakeType,2,3,0.666667
AdministrativeRegion,landmarkType,2,2,1.000000
AdministrativeRegion,lang,2,7,0.285714
AdministrativeRegion,last,2,2,1.000000
AdministrativeRegion,latHem,2,174,0.011494
AdministrativeRegion,latNs,2,31,0.064516
AdministrativeRegion,leader1Party,2,2,1.000000
AdministrativeRegion,left,2,16,0.125000
AdministrativeRegion,lengthImperial,2,2,1.000000
AdministrativeRegion,liturgicalRite,2,2,1.000000
AdministrativeRegion,locallanguage,2,2,1.000000
AdministrativeRegion,localtranscription,2,2,1.000000
AdministrativeRegion,locatorMap,2,45,0.044444
AdministrativeRegion,longEw,2,31,0.064516
AdministrativeRegion,lonHem,2,174,0.011494
AdministrativeRegion,lowestElev,2,2,1.000000
AdministrativeRegion,lowestElevation,2,9,0.222222
AdministrativeRegion,lowestElevationImperial,2,2,1.000000
AdministrativeRegion,lowestLatD,2,2,1.000000
AdministrativeRegion,lowestLatM,2,2,1.000000
AdministrativeRegion,lowestLongD,2,2,1.000000
AdministrativeRegion,lowestLongM,2,2,1.000000
AdministrativeRegion,lowestPoint,2,2,1.000000
AdministrativeRegion,managementCountry,2,2,1.000000
AdministrativeRegion,managementElevation,2,2,1.000000
AdministrativeRegion,managementLatD,2,2,1.000000
AdministrativeRegion,managementLatM,2,2,1.000000
AdministrativeRegion,managementLatS,2,2,1.000000
AdministrativeRegion,managementLocation,2,2,1.000000
AdministrativeRegion,managementLongD,2,2,1.000000
AdministrativeRegion,managementLongM,2,2,1.000000
AdministrativeRegion,managementLongS,2,2,1.000000
AdministrativeRegion,managementRegion,2,2,1.000000
AdministrativeRegion,map1Locator,2,10,0.200000
AdministrativeRegion,map1Size,2,4,0.500000
AdministrativeRegion,mapalt,2,2,1.000000
AdministrativeRegion,mapFirst,2,74,0.027027
AdministrativeRegion,mapwidth,2,8,0.250000
AdministrativeRegion,marMeanF,2,2,1.000000
AdministrativeRegion,marPrecipitationCm,2,2,1.000000
AdministrativeRegion,mayMeanF,2,2,1.000000
AdministrativeRegion,mayPrecipitationCm,2,2,1.000000
AdministrativeRegion,maySnowCm,2,4,0.500000
AdministrativeRegion,menReligious,2,2,1.000000
AdministrativeRegion,muffin,2,2,1.000000
AdministrativeRegion,mwa,2,2,1.000000
AdministrativeRegion,mwba,2,2,1.000000
AdministrativeRegion,mwbc,2,2,1.000000
AdministrativeRegion,nativeNameLink,2,2,1.000000
AdministrativeRegion,no,2,2,1.000000
AdministrativeRegion,Noautocat,2,239,0.008368
AdministrativeRegion,novMeanF,2,2,1.000000
AdministrativeRegion,novPrecipitationCm,2,2,1.000000
AdministrativeRegion,nrhpType,2,2,1.000000
AdministrativeRegion,o,2,2,1.000000
AdministrativeRegion,oa,2,2,1.000000
AdministrativeRegion,octMeanF,2,2,1.000000
AdministrativeRegion,octPrecipitationCm,2,2,1.000000
AdministrativeRegion,octSnowCm,2,4,0.500000
AdministrativeRegion,officialLanguage(s)_,2,2,1.000000
AdministrativeRegion,om,2,2,1.000000
AdministrativeRegion,ontpartylink,2,2,1.000000
AdministrativeRegion,open,2,2,1.000000
AdministrativeRegion,orientation,2,2,1.000000
AdministrativeRegion,origin,2,3,0.666667
AdministrativeRegion,originalArtist,2,2,1.000000
AdministrativeRegion,othername,2,2,1.000000
AdministrativeRegion,outflow,2,2,1.000000
AdministrativeRegion,ow,2,2,1.000000
AdministrativeRegion,partof,2,2,1.000000
AdministrativeRegion,partsStyle,2,28,0.071429
AdministrativeRegion,period,2,3,0.666667
AdministrativeRegion,pic,2,2,1.000000
AdministrativeRegion,piccap,2,2,1.000000
AdministrativeRegion,polSubdiv,2,2,1.000000
AdministrativeRegion,popNote,2,3,0.666667
AdministrativeRegion,populationBlank,2,2,1.000000
AdministrativeRegion,populationDensityRound,2,10,0.200000
AdministrativeRegion,populationUrban,2,2,1.000000
AdministrativeRegion,precededby,2,2,1.000000
AdministrativeRegion,q,2,15,0.133333
AdministrativeRegion,recorderparty,2,112,0.017857
AdministrativeRegion,ref,2,2,1.000000
AdministrativeRegion,reference,2,2,1.000000
AdministrativeRegion,refnum,2,2,1.000000
AdministrativeRegion,right,2,16,0.125000
AdministrativeRegion,saint,2,2,1.000000
AdministrativeRegion,sealalt,2,2,1.000000
AdministrativeRegion,section,2,2,1.000000
AdministrativeRegion,sepMeanF,2,2,1.000000
AdministrativeRegion,sepPrecipitationCm,2,2,1.000000
AdministrativeRegion,sepSnowInch,2,6,0.333333
AdministrativeRegion,sheriffparty,2,113,0.017699
AdministrativeRegion,shirePresident,2,2,1.000000
AdministrativeRegion,sign,2,2,1.000000
AdministrativeRegion,sizearea,2,2,1.000000
AdministrativeRegion,small,2,4,0.500000
AdministrativeRegion,speaker,2,2,1.000000
AdministrativeRegion,statesattorney,2,2,1.000000
AdministrativeRegion,statesattorneyparty,2,2,1.000000
AdministrativeRegion,statistics,2,3,0.666667
AdministrativeRegion,subdistrict,2,2,1.000000
AdministrativeRegion,superintendent,2,2,1.000000
AdministrativeRegion,superintendentparty,2,2,1.000000
AdministrativeRegion,symbolSize,2,3,0.666667
AdministrativeRegion,thumb,2,76,0.026316
AdministrativeRegion,timezone1Dst,2,17,0.117647
AdministrativeRegion,titlebar,2,4,0.500000
AdministrativeRegion,titlestyle,2,2,1.000000
AdministrativeRegion,totalPriests,2,2,1.000000
AdministrativeRegion,totalVotes,2,2,1.000000
AdministrativeRegion,totalWidth,2,2,1.000000
AdministrativeRegion,towns,2,3,0.666667
AdministrativeRegion,translitLang1Type,2,2,1.000000
AdministrativeRegion,treasurerparty,2,112,0.017857
AdministrativeRegion,upright,2,2,1.000000
AdministrativeRegion,urbanPopulation,2,2,1.000000
AdministrativeRegion,utcOffset1Dst,2,17,0.117647
AdministrativeRegion,v,2,15,0.133333
AdministrativeRegion,water,2,2,1.000000
AdministrativeRegion,wb,2,2,1.000000
AdministrativeRegion,weather,2,2,1.000000
AdministrativeRegion,wi,2,2,1.000000
AdministrativeRegion,widthImperial,2,2,1.000000
AdministrativeRegion,widthKm,2,2,1.000000
AdministrativeRegion,widthOrientation,2,5,0.400000
AdministrativeRegion,womenReligious,2,2,1.000000
AdministrativeRegion,yearPercentsun,2,2,1.000000
AdministrativeRegion,yearPost,2,2,1.000000
Person,bibsysId,1,1,1.000000
Person,commonName,1,1,1.000000
Person,mythology,1,782,0.001279
Person,statisticLabel,1,2,0.500000
Person,suppreddedDate,1,1,1.000000
Person,winsAtLET,1,9,0.111111
Person,winsAtLPGA,1,5,0.200000
Person,",govtrack",1,1,1.000000
Person,",Influenced",1,1,1.000000
Person,",Name",1,1,1.000000
Person,",NewDelhiResidence",1,1,1.000000
Person,!%3CdivAlign,1,1,1.000000
Person,!LatestAppearance,1,1,1.000000
Person,'''boyfriend'''_,1,1,1.000000
Person,'''children'''_,1,1,1.000000
Person,'''deathDate,1,1,1.000000
Person,'''founded'''_,1,1,1.000000
Person,'''hisExcellencyBishopAlexanderSalazar'''Name,1,1,1.000000
Person,'''image,1,1,1.000000
Person,'''name,1,1,1.000000
Person,'''Next,1,1,1.000000
Person,'''occupations'''_,1,1,1.000000
Person,''almaMatter''_,1,1,1.000000
Person,''illustrations''_,1,1,1.000000
Person,''influences%22_,1,1,1.000000
Person,''otanoshimiHizōVideo+ZenSingleClip%3Cnowiki%3E_,1,1,1.000000
Person,'monarch'_,1,1,1.000000
Person,(1Under21)Icallireland,1,1,1.000000
Person,(as,1,1,1.000000
Person,(b)Allstars,1,1,1.000000
Person,(u21BosniaAndHerzegovina(app.,1,1,1.000000
Person,)()()()()()()()Before,1,1,1.000000
Person,%231Qualifiers,1,1,1.000000
Person,%3C_,1,1,1.000000
Person,gallery%3EDate,1,1,1.000000
Person,h1%3E%3CembedSrc,1,1,1.000000
Person,%3CimgSrc,1,1,1.000000
Person,%3CscriptType,1,1,1.000000
Person,%3Csmall%3Eお楽しみ秘蔵ビデオ+全シングルクリップ%3Cnowiki%3E_,1,1,1.000000
Person,%3CspanStyle,1,1,1.000000
Person,%3F_,1,3,0.333333
Person,%5Dother,1,1,1.000000
Person,%60born,1,1,1.000000
Person,++Bgcolour,1,1,1.000000
Person,+Image,1,1,1.000000
Person,0dateOfDeath,1,1,1.000000
Person,100mTime,1,1,1.000000
Person,_,1,1,1.000000
Person,10ccActive,1,1,1.000000
Person,10mPartner,1,1,1.000000
Person,125Championship,1,1,1.000000
Person,12Caps,1,1,1.000000
Person,1500MeterPb,1,1,1.000000
Person,1907DeathDate,1,1,1.000000
Person,1bl,1,1,1.000000
Person,1blank,1,1,1.000000
Person,1data,1,1,1.000000
Person,1note,1,1,1.000000
Person,1ppp,1,1,1.000000
Person,1reason,1,1,1.000000
Person,1shot,1,1,1.000000
Person,1st,1,1,1.000000
Person,1stAppearance,1,1,1.000000
Person,1stDeputy,1,1,1.000000
Person,1stSpouse,1,1,1.000000
Person,2006CaribbeanRotaxMaxSr.ChampeonUpdated,1,1,1.000000
Person,2006NbaDraft,1,1,1.000000
Person,2008ChampionshipPosition,1,1,1.000000
Person,2010Team,1,1,1.000000
Person,2011Team,1,1,1.000000
Person,2012CarNumber,1,1,1.000000
Person,2012Team,1,1,1.000000
Person,2013Clubs,1,1,1.000000
Person,2013ElementarySchoolP.eCoachHighlights,1,1,1.000000
Person,2016Team,1,1,1.000000
Person,20religion,1,1,1.000000
Person,20ydShuttle,1,1,1.000000
Person,247Archiveurl,1,1,1.000000
Person,247Grade,1,1,1.000000
Person,250Championship,1,1,1.000000
Person,250Starts,1,1,1.000000
Person,250Wins,1,1,1.000000
Person,2blankdata,1,1,1.000000
Person,2loc,1,1,1.000000
Person,2ndaryBox,1,4,0.250000
Person,2ndbox,1,1,1.000000
Person,2ndDeputy,1,1,1.000000
Person,2ndGrandChildren,1,1,1.000000
Person,2ndTermStart,1,1,1.000000
Person,2ndWife,1,1,1.000000
Person,3BestBowling,1,1,1.000000
Person,3Caps,1,1,1.000000
Person,3Cone,1,1,1.000000
Person,3fpp,1,2,0.500000
Person,3mPartner,1,1,1.000000
Person,3rdSpouse,1,1,1.000000
Person,3rdWife,1,1,1.000000
Person,40YardDash,1,1,1.000000
Person,40YdTime,1,1,1.000000
Person,40YrdDash,1,1,1.000000
Person,450pxCaption,1,1,1.000000
Person,4BirthDate,1,1,1.000000
Person,4optionColor,1,1,1.000000
Person,4s,1,1,1.000000
Person,5'11''Sport,1,1,1.000000
Person,500ActiveYears,1,2,0.500000
Person,500LastPosition,1,1,1.000000
Person,500LastSeason,1,1,1.000000
Person,50FastestLaps,1,2,0.500000
Person,50Podiums,1,2,0.500000
Person,50Poles,1,2,0.500000
Person,50RaceWins,1,2,0.500000
Person,5Inches,1,1,1.000000
Person,5option,1,1,1.000000
Person,5optionColor,1,1,1.000000
Person,5optionName,1,1,1.000000
Person,6a,1,1,1.000000
Person,6p,1,1,1.000000
Person,6s,1,1,1.000000
Person,6y,1,1,1.000000
Person,7tozai,1,1,1.000000
Person,800series,1,1,1.000000
Person,9YearsOld,1,1,1.000000
Person,a.g.Noorani,1,1,1.000000
Person,abb,1,1,1.000000
Person,abbot,1,1,1.000000
Person,abdicationDate,1,1,1.000000
Person,absence,1,3,0.333333
Person,abstention,1,1,1.000000
Person,acadamyawards,1,1,1.000000
Person,academicAchievements,1,1,1.000000
Person,academicAdivsor,1,1,1.000000
Person,academicAdviors,1,1,1.000000
Person,academicPositions,1,1,1.000000
Person,academicRank,1,1,1.000000
Person,academicTitle,1,1,1.000000
Person,academy,1,1,1.000000
Person,accessDate,1,1,1.000000
Person,accesso,1,1,1.000000
Person,accidentPlace,1,1,1.000000
Person,accoladesAndGrants,1,1,1.000000
Person,accomplices,1,1,1.000000
Person,accomplishment,1,1,1.000000
Person,accreditation,1,1,1.000000
Person,acessodata,1,1,1.000000
Person,acticeYears,1,1,1.000000
Person,actiev,1,1,1.000000
Person,actingGovernor,1,1,1.000000
Person,actingSpecialization,1,1,1.000000
Person,action,1,4,0.250000
Person,activeDate,1,1,1.000000
Person,activist,1,1,1.000000
Person,activitatPrincipal,1,1,1.000000
Person,activitatsAltres,1,1,1.000000
Person,activités,1,1,1.000000
Person,activitésAutres,1,1,1.000000
Person,actor,1,1,1.000000
Person,actorDebut,1,1,1.000000
Person,actorName,1,1,1.000000
Person,actress,1,1,1.000000
Person,actressDebut,1,1,1.000000
Person,actuallyTeam,1,1,1.000000
Person,actualPosition,1,1,1.000000
Person,actualTheam,1,1,1.000000
Person,adaptors,1,1,1.000000
Person,adc,1,1,1.000000
Person,additional,1,5,0.200000
Person,additionalPodiums,1,1,1.000000
Person,adj,1,5,0.200000
Person,adLib,1,1,1.000000
Person,admindebutteam,1,1,1.000000
Person,admindebutyear,1,1,1.000000
Person,adminfinalteam,1,1,1.000000
Person,adminfinalyear,1,1,1.000000
Person,administration,1,1,1.000000
Person,administrator,1,1,1.000000
Person,admirer,1,1,1.000000
Person,adoptedFather,1,1,1.000000
Person,adoptedname,1,1,1.000000
Person,adoptedSons,1,1,1.000000
Person,adoptedStepdaughter,1,1,1.000000
Person,adoptionName,1,1,1.000000
Person,adoptivebrothers,1,1,1.000000
Person,adoptiveDaughter,1,1,1.000000
Person,adoptiveFather,1,1,1.000000
Person,adoptiveGranddaughters,1,1,1.000000
Person,adoptiveGrandsons,1,1,1.000000
Person,adoptivesister,1,1,1.000000
Person,adoptiveSon,1,1,1.000000
Person,adoptiveuncles,1,1,1.000000
Person,advertisingAgency,1,1,1.000000
Person,adviser,1,1,1.000000
Person,advocate,1,1,1.000000
Person,afdb,1,1,1.000000
Person,afer,1,1,1.000000
Person,affiliatedActs,1,1,1.000000
Person,affilition,1,5,0.200000
Person,afiliation,1,1,1.000000
Person,aflClub,1,2,0.500000
Person,aflDraftedRound,1,1,1.000000
Person,aflDraftedYear,1,1,1.000000
Person,aflentryteam,1,1,1.000000
Person,aflentryyear,1,1,1.000000
Person,aflImage,1,1,1.000000
Person,aflstatlabe,1,1,1.000000
Person,aflstatvaule,1,1,1.000000
Person,against,1,1,1.000000
Person,age.,1,1,1.000000
Person,age(atDeath)_,1,1,1.000000
Person,ageAsOf,1,1,1.000000
Person,agencyName,1,1,1.000000
Person,agent’sWebsite,1,1,1.000000
Person,agent(acting)_,1,1,1.000000
Person,agent(scripts)_,1,1,1.000000
Person,ages,1,1,1.000000
Person,airshowAircraft,1,1,1.000000
Person,alais,1,1,1.000000
Person,alaLc,1,1,1.000000
Person,alexa,1,1,1.000000
Person,alf,1,1,1.000000
Person,alfredRadokAwards,1,1,1.000000
Person,alianceColor,1,2,0.500000
Person,alias(nickname)_,1,1,1.000000
Person,aliasClub,1,1,1.000000
Person,aliase,1,1,1.000000
Person,aliasOrigination,1,1,1.000000
Person,aligh,1,1,1.000000
Person,alight,1,2,0.500000
Person,Align,1,1,1.000000
Person,aliment,1,1,1.000000
Person,aling,1,1,1.000000
Person,allAlbums,1,17,0.058824
Person,allArranger,1,1,1.000000
Person,allCerts,1,2,0.500000
Person,allegianc,1,1,1.000000
Person,allEgiance,1,1,1.000000
Person,allegiances,1,1,1.000000
Person,alleigance,1,1,1.000000
Person,allianceColsor,1,1,1.000000
Person,allianes,1,1,1.000000
Person,alliedVillages,1,1,1.000000
Person,allliances,1,1,1.000000
Person,allPro,1,1,1.000000
Person,allStars,1,1,1.000000
Person,allsttars,1,1,1.000000
Person,almaMat,1,1,1.000000
Person,almaMater(graduate)_,1,1,1.000000
Person,almaMater(undergraduate)_,1,1,1.000000
Person,almaMatres,1,1,1.000000
Person,almaMmater,1,1,1.000000
Person,almerMata,1,1,1.000000
Person,almmaMater,1,1,1.000000
Person,alnativeNames,1,1,1.000000
Person,alongWith,1,1,1.000000
Person,also,1,1,1.000000
Person,alsoKnow,1,1,1.000000
Person,alsoKnownAn,1,1,1.000000
Person,alsoknownas,1,1,1.000000
Person,alsoReferredToAs,1,1,1.000000
Person,alstatlabel,1,1,1.000000
Person,altBrother,1,1,1.000000
Person,altcaption,1,1,1.000000
Person,altDeathDate,1,1,1.000000
Person,alter,1,1,1.000000
Person,alterEgos,1,1,1.000000
Person,alternateJob,1,1,1.000000
Person,alternati,1,1,1.000000
Person,alternatieNames,1,1,1.000000
Person,alternativeDateOfBirth,1,1,1.000000
Person,alternativeDateOfDeath,1,1,1.000000
Person,alternativename,1,1,1.000000
Person,alternativeNameScripting,1,1,1.000000
Person,alternativeNamesM,1,1,1.000000
Person,alternativePlaceOfDeath,1,1,1.000000
Person,alternativeTitle,1,1,1.000000
Person,alteurl,1,1,1.000000
Person,altitude,1,1,1.000000
Person,alttext,1,1,1.000000
Person,altura,1,1,1.000000
Person,altvar,1,3,0.333333
Person,alummeter,1,1,1.000000
Person,alumnaMater,1,1,1.000000
Person,amaActiveYears,1,1,1.000000
Person,amaChampionships,1,1,1.000000
Person,amaDsbManufacturers,1,1,1.000000
Person,amaManufacturers,1,1,1.000000
Person,amasbActiveYears,1,1,1.000000
Person,amasbChampionships,1,1,1.000000
Person,amasbPodiums,1,1,1.000000
Person,amasbPoles,1,1,1.000000
Person,amasbRaceStarts,1,1,1.000000
Person,amasbRaceWins,1,1,1.000000
Person,amasbTotalPoints,1,1,1.000000
Person,amateurcaps,1,1,1.000000
Person,amateurClub,1,1,1.000000
Person,amateurSince,1,1,1.000000
Person,amateurYears,1,1,1.000000
Person,amatteams,1,1,1.000000
Person,ambassadorToTheUnitedNations,1,1,1.000000
Person,ambassadorToTheUnitedNationsStart,1,1,1.000000
Person,amDecloss,1,5,0.200000
Person,ameerIqbalNationalteam,1,1,1.000000
Person,american,1,1,1.000000
Person,americann,1,1,1.000000
Person,americanw,1,1,1.000000
Person,amgId,1,2,0.500000
Person,ämne,1,1,1.000000
Person,amployer,1,1,1.000000
Person,amSalary,1,1,1.000000
Person,ancenstry,1,1,1.000000
Person,ancestors,1,1,1.000000
Person,ancestorSchools,1,1,1.000000
Person,ancestralRoots,1,1,1.000000
Person,andréLefebvreDeLaBoulaye,1,1,1.000000
Person,animation,1,2,0.500000
Person,animeSeries,1,1,1.000000
Person,ankles,1,1,1.000000
Person,ann,1,1,1.000000
Person,annéesActives,1,1,1.000000
Person,announcer,1,1,1.000000
Person,annualSalary,1,2,0.500000
Person,ano,1,1,1.000000
Person,añosActivo,1,1,1.000000
Person,añosDeServicio,1,1,1.000000
Person,antiveNameLng,1,1,1.000000
Person,apelido,1,1,1.000000
Person,apódo,1,1,1.000000
Person,apparatus,1,1,1.000000
Person,appearancesg,1,1,1.000000
Person,appearedIn,1,1,1.000000
Person,appears,1,1,1.000000
Person,appearsIn,1,1,1.000000
Person,appearsOn,1,1,1.000000
Person,appellation,1,1,1.000000
Person,applejack,1,1,1.000000
Person,appointe,1,1,1.000000
Person,appointedBishop,1,1,1.000000
Person,appointmentBy,1,1,1.000000
Person,apprehensionDate,1,1,1.000000
Person,approach,1,1,1.000000
Person,april,1,1,1.000000
Person,arabchampion,1,1,1.000000
Person,arc,1,1,1.000000
Person,architectureFirm,1,1,1.000000
Person,architectureStyle,1,1,1.000000
Person,architectureType,1,1,1.000000
Person,archiveUrl,1,1,1.000000
Person,arcivescovo,1,1,1.000000
Person,areaAlt,1,1,1.000000
Person,areaCode,1,1,1.000000
Person,areaLandKm,1,1,1.000000
Person,areaMain,1,1,1.000000
Person,areaOfResearch,1,1,1.000000
Person,areaOfResponsibility,1,1,1.000000
Person,areaOfStudy,1,1,1.000000
Person,areaOfWork,1,1,1.000000
Person,arm,1,1,1.000000
Person,arme,1,1,1.000000
Person,armenian,1,1,1.000000
Person,arrangedBy,1,1,1.000000
Person,arranger,1,1,1.000000
Person,arrangerCredits,1,1,1.000000
Person,arrestedBy,1,1,1.000000
Person,arrests,1,1,1.000000
Person,arrestsDui,1,1,1.000000
Person,artform,1,2,0.500000
Person,articlename,1,1,1.000000
Person,artistasRelacionados,1,1,1.000000
Person,artisticBeginning,1,1,1.000000
Person,artistNames,1,1,1.000000
Person,artistsRelatives,1,1,1.000000
Person,artistStatement,1,1,1.000000
Person,artistsWebPages,1,1,1.000000
Person,arts,1,1,1.000000
Person,artStyle,1,1,1.000000
Person,asa,1,1,1.000000
Person,asasasadate,1,1,1.000000
Person,asbkActiveYears,1,1,1.000000
Person,asbkChampionships,1,1,1.000000
Person,asbkFastestLaps,1,1,1.000000
Person,asbkPodiums,1,1,1.000000
Person,asbkPoles,1,1,1.000000
Person,asbkRaceStarts,1,1,1.000000
Person,asbkRaceWins,1,1,1.000000
Person,asbkTotalPoints,1,1,1.000000
Person,ascendants,1,1,1.000000
Person,ascendencyFrom,1,1,1.000000
Person,ascribedTo,1,1,1.000000
Person,asdukeOf,1,2,0.500000
Person,aSide,1,1,1.000000
Person,asKnown,1,1,1.000000
Person,asMannager,1,1,1.000000
Person,aspectRatio,1,1,1.000000
Person,assActiveYears,1,1,1.000000
Person,assChampionships,1,1,1.000000
Person,asscociatedActs,1,1,1.000000
Person,assFastestLaps,1,1,1.000000
Person,assistantCoach,1,1,1.000000
Person,assistantCoaches,1,1,1.000000
Person,assistcoaches,1,1,1.000000
Person,assLastSeason,1,1,1.000000
Person,assManufacturers,1,1,1.000000
Person,associate4Date,1,1,1.000000
Person,associate4End,1,1,1.000000
Person,associate4Start,1,1,1.000000
Person,associate9End,1,1,1.000000
Person,associate9Start,1,1,1.000000
Person,associatedAct(s)_,1,1,1.000000
Person,associatedActAndSpouse,1,1,1.000000
Person,associatedLabes,1,1,1.000000
Person,associatedPersons,1,1,1.000000
Person,associatedProducers,1,1,1.000000
Person,associatedWith,1,1,1.000000
Person,associatePastor,1,1,1.000000
Person,association,1,1,1.000000
Person,assPodiums,1,1,1.000000
Person,assPoles,1,1,1.000000
Person,assRaceStarts,1,1,1.000000
Person,assRaceWins,1,1,1.000000
Person,assTotalPoints,1,1,1.000000
Person,in,1,1,1.000000
Person,assyrianName,1,1,1.000000
Person,at,1,1,1.000000
Person,ate,1,1,1.000000
Person,atl,1,1,1.000000
Person,atletId,1,1,1.000000
Person,atom,1,1,1.000000
Person,attachedWith,1,1,1.000000
Person,attackType,1,1,1.000000
Person,attend,1,3,0.333333
Person,attività,1,1,1.000000
Person,attractions,1,1,1.000000
Person,attutude,1,1,1.000000
Person,australianopenmixeddoublesresult,1,1,1.000000
Person,aut,1,1,1.000000
Person,autholink,1,1,1.000000
Person,author2link,1,1,1.000000
Person,author2Link,1,1,1.000000
Person,authorAbbrevChem,1,1,1.000000
Person,authored&nbsp;by,1,1,1.000000
Person,authority,1,1,1.000000
Person,authorLink,1,1,1.000000
Person,authors,1,2,0.500000
Person,authtor,1,1,1.000000
Person,autobiography,1,1,1.000000
Person,autocat,1,5,0.200000
Person,autore,1,1,1.000000
Person,autorlink,1,1,1.000000
Person,auxiliaryBishop,1,1,1.000000
Person,av,1,1,1.000000
Person,availability,1,1,1.000000
Person,averageAttendance,1,1,1.000000
Person,award0n,1,1,1.000000
Person,award0w,1,1,1.000000
Person,award12n,1,2,0.500000
Person,award12w,1,2,0.500000
Person,award16n,1,1,1.000000
Person,award16w,1,1,1.000000
Person,award18n,1,1,1.000000
Person,award18w,1,1,1.000000
Person,awardedBook,1,1,1.000000
Person,awards.,1,1,1.000000
Person,awards7w,1,1,1.000000
Person,awardsAge,1,1,1.000000
Person,awardsAndProfessionalActivities,1,1,1.000000
Person,awardsAndTitles,1,1,1.000000
Person,awardsDescription,1,1,1.000000
Person,awardsGivenToAre,1,1,1.000000
Person,awardsVed,1,1,1.000000
Person,awardWon,1,1,1.000000
Person,away1player,1,1,1.000000
Person,away1pos,1,1,1.000000
Person,awayman,1,1,1.000000
Person,awaymannat,1,1,1.000000
Person,b.A.Degree,1,1,1.000000
Person,b.aDegree,1,1,1.000000
Person,b.lDegree,1,1,1.000000
Person,bachelorDegree,1,1,1.000000
Person,bachelorStudents,1,1,1.000000
Person,backCounty,1,1,1.000000
Person,backgroud,1,1,1.000000
Person,backgroundEthnicity,1,1,1.000000
Person,backPlace,1,1,1.000000
Person,backSquat,1,1,1.000000
Person,backupHelmsman,1,1,1.000000
Person,badgeNo.,1,1,1.000000
Person,badgeNumber,1,1,1.000000
Person,badges,1,1,1.000000
Person,badmintonPosition,1,1,1.000000
Person,badmintonProvince,1,1,1.000000
Person,bafldraftedteam,1,1,1.000000
Person,baflrookieyear,1,1,1.000000
Person,bagde,1,1,1.000000
Person,balanceEngineer,1,1,1.000000
Person,balign,1,1,1.000000
Person,balletCompanies,1,1,1.000000
Person,bandannaColor,1,1,1.000000
Person,banned,1,1,1.000000
Person,baptismalName,1,1,1.000000
Person,baptismName,1,1,1.000000
Person,bare,1,1,1.000000
Person,barMember,1,1,1.000000
Person,barWidth,1,2,0.500000
Person,basilica,1,1,1.000000
Person,batavg,1,1,1.000000
Person,batch,1,1,1.000000
Person,bated,1,1,1.000000
Person,batles,1,1,1.000000
Person,batted,1,1,1.000000
Person,bbirthPlace,1,1,1.000000
Person,bbmCode,1,1,1.000000
Person,bcsRanking,1,1,1.000000
Person,bdoWorldRanking,1,1,1.000000
Person,beatification,1,1,1.000000
Person,beatifiedPope,1,1,1.000000
Person,beautification,1,1,1.000000
Person,beganSkating,1,1,1.000000
Person,beganskting,1,1,1.000000
Person,beginEra,1,1,1.000000
Person,beginReign,1,1,1.000000
Person,bekend,1,1,1.000000
Person,belief,1,1,1.000000
Person,ben,1,1,1.000000
Person,bengali,1,1,1.000000
Person,berlinInternationalFilmFestival,1,1,1.000000
Person,beschreibung,1,1,1.000000
Person,bestCupPosition,1,1,1.000000
Person,bestFigures,1,1,1.000000
Person,bestGrandslamsdoublesresults,1,1,1.000000
Person,bestknown,1,1,1.000000
Person,bestKnownAs,1,1,1.000000
Person,bestKnownReportage,1,1,1.000000
Person,bestLifts,1,1,1.000000
Person,bestQuotes,1,1,1.000000
Person,bestRuns,1,1,1.000000
Person,bestSellerAlbum,1,1,1.000000
Person,bestSpeechMadeByMe,1,1,1.000000
Person,bestWin,1,1,1.000000
Person,bestWinYear,1,1,1.000000
Person,bfa,1,1,1.000000
Person,bff,1,1,1.000000
Person,bgcccdfffffolour,1,1,1.000000
Person,bgcol,1,2,0.500000
Person,bgColor,1,1,1.000000
Person,bgcoulor,1,1,1.000000
Person,bibliography,1,1,1.000000
Person,biggestfan,1,2,0.500000
Person,biirthName,1,1,1.000000
Person,bild,1,1,1.000000
Person,bildstorlek,1,1,1.000000
Person,bildtext,1,1,1.000000
Person,billedName,1,1,1.000000
Person,bio,1,1,1.000000
Person,biographyEditor,1,1,1.000000
Person,biologicalFather,1,1,1.000000
Person,birhDate,1,1,1.000000
Person,birrthname,1,1,1.000000
Person,birtame,1,1,1.000000
Person,birth''Date,1,1,1.000000
Person,birth)place,1,1,1.000000
Person,birth2name,1,1,1.000000
Person,birthanme,1,1,1.000000
Person,birthBirth,1,1,1.000000
Person,birthBirthplace,1,1,1.000000
Person,birthCountry,1,1,1.000000
Person,birthDa,1,1,1.000000
Person,birthDa4e,1,1,1.000000
Person,birthDae,1,1,1.000000
Person,birthDate16th,1,1,1.000000
Person,_,1,1,1.000000
Person,birthDateAge,1,1,1.000000
Person,birthDateb,1,1,1.000000
Person,birthDateBirthDate,1,1,1.000000
Person,birthDateHuih,1,1,1.000000
Person,hj'h%5Dg'k%5D'%5DjoY'%5D_,1,1,1.000000
Person,birthDatel,1,1,1.000000
Person,birthDateName,1,1,1.000000
Person,birthDates,1,1,1.000000
Person,birthDateY,1,1,1.000000
Person,birthDeath,1,1,1.000000
Person,birthedNames,1,1,1.000000
Person,birthhame,1,1,1.000000
Person,birthhdate,1,1,1.000000
Person,birthNameLang,1,1,1.000000
Person,birthNameNativeName,1,1,1.000000
Person,birthNamw,1,1,1.000000
Person,birthNane,1,1,1.000000
Person,birthnmame,1,1,1.000000
Person,birthNme,1,1,1.000000
Person,birthNsme,1,1,1.000000
Person,birthPace,1,1,1.000000
Person,birthParents,1,1,1.000000
Person,birthPlacE,1,1,1.000000
Person,birthPĺace,1,1,1.000000
Person,birthrate,1,1,1.000000
Person,birthStar,1,1,1.000000
Person,birthvname,1,1,1.000000
Person,birthxname,1,1,1.000000
Person,birthyear,1,1,1.000000
Person,birtPlace,1,1,1.000000
Person,biryhPlace,1,1,1.000000
Person,birثميطthDate,1,1,1.000000
Person,bishopGaetanoAldo(thomas)DonatoName,1,1,1.000000
Person,bishops,1,1,1.000000
Person,bithBame,1,1,1.000000
Person,bithday,1,1,1.000000
Person,bithName,1,1,1.000000
Person,bizSuccessor,1,1,1.000000
Person,bjp,1,1,1.000000
Person,blackMoney,1,1,1.000000
Person,blank1InfoSec,1,1,1.000000
Person,blank1NameSec,1,1,1.000000
Person,blank6InfoSec,1,1,1.000000
Person,blank6NameSec,1,1,1.000000
Person,blasonSimple,1,1,1.000000
Person,blckMoney,1,1,1.000000
Person,blessed,1,1,1.000000
Person,blogs,1,1,1.000000
Person,bloodline,1,1,1.000000
Person,bloodTy,1,1,1.000000
Person,blowling,1,1,1.000000
Person,blpSources,1,1,1.000000
Person,blubs,1,1,1.000000
Person,bnc,1,1,1.000000
Person,boardMemberships,1,1,1.000000
Person,boardOfDirectors,1,1,1.000000
Person,boatNumber,1,1,1.000000
Person,bodiesDiscovered,1,1,1.000000
Person,bodyalign,1,2,0.500000
Person,bodyClass,1,7,0.142857
Person,bodyFatPercentage,1,1,1.000000
Person,bodyFound,1,1,1.000000
Person,bodyStyle,1,1,1.000000
Person,bodytype,1,1,1.000000
Person,bodyType,1,1,1.000000
Person,bombs,1,1,1.000000
Person,bone,1,1,1.000000
Person,bookNames,1,1,1.000000
Person,bopInmateNumber,1,1,1.000000
Person,bopRegNo,1,1,1.000000
Person,borderColor,1,1,1.000000
Person,origName,1,1,1.000000
Person,bornKillaHitta,1,1,1.000000
Person,bornname,1,1,1.000000
Person,bottomcolor,1,1,1.000000
Person,bourbon,1,1,1.000000
Person,boweldFastestBall,1,1,1.000000
Person,bowker,1,1,1.000000
Person,bowlavg,1,1,1.000000
Person,boxColor,1,1,1.000000
Person,boxDecwin,1,2,0.500000
Person,boxer,1,1,1.000000
Person,boxername,1,1,1.000000
Person,boxingdecwins,1,1,1.000000
Person,boxingdraws,1,1,1.000000
Person,boxingGym,1,1,1.000000
Person,boxingkolosses,1,1,1.000000
Person,boxingkowins,1,1,1.000000
Person,boxinglosses,1,1,1.000000
Person,boxingStyle,1,1,1.000000
Person,boxingwins,1,1,1.000000
Person,boxRec,1,1,1.000000
Person,boxSets,1,1,1.000000
Person,boxSize,1,10,0.100000
Person,boxTitle,1,1,1.000000
Person,boxTotal,1,1,1.000000
Person,boxurl,1,1,1.000000
Person,bpl,1,1,1.000000
Person,cupSize,1,1,1.000000
Person,bracelets,1,1,1.000000
Person,brance,1,1,1.000000
Person,branchy,1,1,1.000000
Person,brands,1,1,1.000000
Person,breasts,1,1,1.000000
Person,bridge,1,1,1.000000
Person,bridgeName,1,1,1.000000
Person,britishMotostarActiveYears,1,1,1.000000
Person,britishopenresult,1,1,1.000000
Person,britishProfessional,1,1,1.000000
Person,britn,1,1,1.000000
Person,broad,1,1,1.000000
Person,broadcaster,1,1,1.000000
Person,brojNaDresu,1,1,1.000000
Person,brother(s)_,1,1,1.000000
Person,brotherAndSisters,1,1,1.000000
Person,brotherDisciple,1,1,1.000000
Person,brotherIsColmIrish,1,1,1.000000
Person,brothersOrSisters,1,1,1.000000
Person,brouhtUpIn,1,1,1.000000
Person,bs,1,1,1.000000
Person,bssActiveYears,1,1,1.000000
Person,bssChampionships,1,1,1.000000
Person,bssFastestLaps,1,2,0.500000
Person,bssLastPosition,1,2,0.500000
Person,bssPodiums,1,1,1.000000
Person,bssPoles,1,2,0.500000
Person,bssRaceStarts,1,1,1.000000
Person,bssRaceWins,1,2,0.500000
Person,bssTotalPoints,1,1,1.000000
Person,buddhism,1,1,1.000000
Person,buildingName,1,1,1.000000
Person,buildings,1,1,1.000000
Person,buildSort,1,1,1.000000
Person,bullet,1,1,1.000000
Person,burailPlace,1,1,1.000000
Person,burial+place,1,1,1.000000
Person,burialLocation,1,1,1.000000
Person,burialName,1,1,1.000000
Person,burialSite,1,1,1.000000
Person,buriedAt,1,1,1.000000
Person,buriedIn,1,1,1.000000
Person,burried,1,1,1.000000
Person,businessAssocites,1,1,1.000000
Person,businesses,1,1,1.000000
Person,businessman,1,1,1.000000
Person,bustSize,1,1,1.000000
Person,bvCurrentclub,1,1,1.000000
Person,bvNationalcaps,1,1,1.000000
Person,bvNationalteam,1,1,1.000000
Person,bvNationalyears,1,1,1.000000
Person,bvPosition,1,1,1.000000
Person,bvProvince,1,1,1.000000
Person,bvProvinceyears,1,1,1.000000
Person,bwfid,1,1,1.000000
Person,bwfIdOld,1,1,1.000000
Person,bwfNumber,1,1,1.000000
Person,bwfProfile,1,1,1.000000
Person,caaption,1,1,1.000000
Person,cabinetName,1,1,1.000000
Person,cabinetNumber,1,1,1.000000
Person,cadre,1,1,1.000000
Person,cafConfiderationCup2015(2)Nationalyears,1,1,1.000000
Person,caliph,1,1,1.000000
Person,calisUrl,1,1,1.000000
Person,called,1,1,1.000000
Person,calves,1,1,1.000000
Person,camera,1,1,1.000000
Person,campari,1,1,1.000000
Person,campusType,1,1,1.000000
Person,canadianScienceWriters'AssociationAnnualAward,1,1,1.000000
Person,candidate2Change,1,1,1.000000
Person,candidate2PartyUnlinked,1,1,1.000000
Person,candidate3Change,1,1,1.000000
Person,candidate3PartyUnlinked,1,1,1.000000
Person,candidate6Party,1,1,1.000000
Person,candidate6Percent,1,1,1.000000
Person,candidate6Votes,1,1,1.000000
Person,candidateFor,1,1,1.000000
Person,candidateProfile,1,1,1.000000
Person,cânNặng,1,1,1.000000
Person,canonised,1,1,1.000000
Person,canonisedPlace,1,1,1.000000
Person,cans,1,1,1.000000
Person,caos,1,1,1.000000
Person,caotion,1,1,1.000000
Person,capetion,1,1,1.000000
Person,capitalState,1,1,1.000000
Person,capítulourl,1,1,1.000000
Person,capo,1,1,1.000000
Person,caps(tries)_,1,1,1.000000
Person,caps10.,1,1,1.000000
Person,"caps2(facup,dspcup)_",1,1,1.000000
Person,caps3.,1,1,1.000000
Person,capss,1,1,1.000000
Person,capsyouthclubs,1,1,1.000000
Person,capsyouthyear,1,1,1.000000
Person,capt,1,1,1.000000
Person,captaion,1,1,1.000000
Person,captin,1,1,1.000000
Person,captino,1,1,1.000000
Person,captiom,1,1,1.000000
Person,caption.,1,1,1.000000
Person,Caption,1,1,1.000000
Person,captionion,1,1,1.000000
Person,captionn,1,1,1.000000
Person,captionOfTheCoatOfArms,1,1,1.000000
Person,captoin,1,1,1.000000
Person,capton,1,1,1.000000
Person,captSize,1,1,1.000000
Person,careerAchevements,1,1,1.000000
Person,careerAchievements,1,1,1.000000
Person,careerActive,1,1,1.000000
Person,careerCaps,1,1,1.000000
Person,careerDeath,1,1,1.000000
Person,careerDuration,1,1,1.000000
Person,careerNumbers,1,1,1.000000
Person,careerPoints,1,1,1.000000
Person,careerProfession,1,1,1.000000
Person,careerrecord,1,1,1.000000
Person,careerYearsActive,1,1,1.000000
Person,caricaturist,1,1,1.000000
Person,carNumbers,1,1,1.000000
Person,carrierHighestRanking,1,1,1.000000
Person,carries,1,1,1.000000
Person,carTeam,1,1,1.000000
Person,cartoon,1,2,0.500000
Person,casp,1,1,1.000000
Person,casteByBirth,1,1,1.000000
Person,castrationDate,1,1,1.000000
Person,castrationPlace,1,1,1.000000
Person,casualtiesLabel,1,1,1.000000
Person,catchFrase,1,1,1.000000
Person,categorie,1,1,1.000000
Person,cation,1,1,1.000000
Person,catpion,1,1,1.000000
Person,cattion,1,1,1.000000
Person,cattles,1,1,1.000000
Person,caucus,1,1,1.000000
Person,caught,1,1,1.000000
Person,causedByDeath,1,1,1.000000
Person,causee,1,1,1.000000
Person,causeForCanonizationPlace,1,1,1.000000
Person,causeNote,1,1,1.000000
Person,causeOfDeath.,1,1,1.000000
Person,causes,1,1,1.000000
Person,causesOfDeath,1,1,1.000000
Person,causOfDeath,1,1,1.000000
Person,cbl,1,1,1.000000
Person,ccareerStart,1,1,1.000000
Person,cclubs,1,1,1.000000
Person,ccm,1,1,1.000000
Person,cdaghDate,1,1,1.000000
Person,cdname,1,1,1.000000
Person,cell,1,1,1.000000
Person,"cello,PrimaryArtist",1,1,1.000000
Person,cello,1,1,1.000000
Person,cemeteryBuried,1,1,1.000000
Person,cent,1,1,1.000000
Person,center,1,2,0.500000
Person,centerBackCounty,1,1,1.000000
Person,centralOffice,1,1,1.000000
Person,centrehalfback,1,1,1.000000
Person,centrehalfforward,1,1,1.000000
Person,centuries,1,1,1.000000
Person,certificate,1,1,1.000000
Person,cerviceyears,1,1,1.000000
Person,cf,1,1,1.000000
Person,cflDraft,1,1,1.000000
Person,cfldraftteam,1,1,1.000000
Person,cflimport,1,1,1.000000
Person,cflnew,1,1,1.000000
Person,cflpaallstar,1,1,1.000000
Person,cflrookieyear,1,1,1.000000
Person,cflStatus,1,1,1.000000
Person,cfNat,1,1,1.000000
Person,chairmanMc,1,1,1.000000
Person,chamber,1,2,0.500000
Person,chambers,1,1,1.000000
Person,champion,1,8,0.125000
Person,champions,1,2,0.500000
Person,changeTense,1,1,1.000000
Person,chapterurl,1,1,1.000000
Person,characterActor,1,1,1.000000
Person,characterDesign,1,1,1.000000
Person,charge(charges)_,1,1,1.000000
Person,charity,1,1,1.000000
Person,charityPatron,1,1,1.000000
Person,chartf,1,1,1.000000
Person,chartg,1,1,1.000000
Person,charth,1,1,1.000000
Person,charti,1,1,1.000000
Person,chartj,1,1,1.000000
Person,chassis,1,1,1.000000
Person,chessgid,1,1,1.000000
Person,chief,1,1,1.000000
Person,chief1name,1,1,1.000000
Person,chief1position,1,1,1.000000
Person,chiefexecutive,1,1,1.000000
Person,chiefjustice,1,1,1.000000
Person,chiefJustice3Date,1,1,1.000000
Person,chiefJustice4End,1,1,1.000000
Person,chiefJustice4Start,1,1,1.000000
Person,chiefJusticeDate,1,1,1.000000
Person,chiefMinisterOfKhyberPakhtunkhwa,1,1,1.000000
Person,chiefOperatingOfficer,1,1,1.000000
Person,chiefsCrest,1,1,1.000000
Person,chiefSecretary,1,1,1.000000
Person,chiefsMotto,1,1,1.000000
Person,chiefsName,1,1,1.000000
Person,chiefsTitle,1,1,1.000000
Person,chiefTitles,1,1,1.000000
Person,chihldren,1,1,1.000000
Person,childen,1,1,1.000000
Person,childhoodHome,1,1,1.000000
Person,childName,1,1,1.000000
Person,childrean,1,1,1.000000
Person,childreen,1,1,1.000000
Person,children(1)_,1,1,1.000000
Person,children(currently)_,1,1,1.000000
Person,children(son)_,1,1,1.000000
Person,childrenLink,1,1,1.000000
Person,childrenStart,1,1,1.000000
Person,childrenx,1,1,1.000000
Person,childs,1,1,1.000000
Person,chileanNationality,1,1,1.000000
Person,chineseStageName,1,1,1.000000
Person,chinesezodiac,1,1,1.000000
Person,chineseZodiac,1,1,1.000000
Person,chirdren,1,1,1.000000
Person,chivalricOrder,1,1,1.000000
Person,chlidren,1,1,1.000000
Person,christenedDate,1,1,1.000000
Person,christianName&Surname,1,1,1.000000
Person,christianName,1,1,1.000000
Person,christyRing,1,1,1.000000
Person,chuhan,1,1,1.000000
Person,churchAffiliaion,1,1,1.000000
Person,cidLalBazaar,1,1,1.000000
Person,cineExpressAwards,1,1,1.000000
Person,cinPredecessor,1,1,1.000000
Person,cinSuccessor,1,1,1.000000
Person,circle,1,1,1.000000
Person,circumscription,1,1,1.000000
Person,citecheck,1,1,1.000000
Person,citenzip,1,1,1.000000
Person,citizenShip,1,1,1.000000
Person,citizenships,1,1,1.000000
Person,cityOfBirth,1,1,1.000000
Person,cityofbirthPlace,1,1,1.000000
Person,cityofdeath,1,1,1.000000
Person,cityofDeath,1,1,1.000000
Person,cityyofdeath,1,1,1.000000
Person,civilStatus,1,1,1.000000
Person,cjfl,1,1,1.000000
Person,clabs,1,1,1.000000
Person,claimToFame,1,1,1.000000
Person,clalireland,1,1,1.000000
Person,clallirelandClubSeniorTitles,1,1,1.000000
Person,classOf,1,1,1.000000
Person,cld,1,1,1.000000
Person,cldbest,1,1,1.000000
Person,cldcareer,1,1,1.000000
Person,clear,1,1,1.000000
Person,clfstatus,1,1,1.000000
Person,clildren,1,1,1.000000
Person,climbing,1,1,1.000000
Person,climbRateAlt,1,1,1.000000
Person,climbRateMain,1,1,1.000000
Person,close,1,11,0.090909
Person,clothes,1,1,1.000000
Person,clpostion,1,1,1.000000
Person,club–update,1,1,1.000000
Person,club0update,1,1,1.000000
Person,club17Goals,1,1,1.000000
Person,club5end,1,1,1.000000
Person,club5start,1,1,1.000000
Person,club6s,1,1,1.000000
Person,cluba,1,1,1.000000
Person,clubbs,1,1,1.000000
Person,clubcapps,1,1,1.000000
Person,clubCoach,1,1,1.000000
Person,clubGaa,1,1,1.000000
Person,clubgnumber,1,1,1.000000
Person,clubInformation,1,1,1.000000
Person,clubls,1,1,1.000000
Person,clubnubmer,1,1,1.000000
Person,clubnumer,1,1,1.000000
Person,clubs1Loans,1,1,1.000000
Person,clubs2.,1,1,1.000000
Person,clubs3.,1,1,1.000000
Person,clubs4.,1,1,1.000000
Person,clubs7%5C_,1,1,1.000000
Person,clubsAndExperiences,1,1,1.000000
Person,clubsManaged,1,1,1.000000
Person,clubsyouth,1,1,1.000000
Person,clubTeam,1,1,1.000000
Person,clubteams,1,1,1.000000
Person,clubteamss,1,1,1.000000
Person,clubteamUpdate,1,1,1.000000
Person,clubtitles,1,1,1.000000
Person,clubUpate,1,1,1.000000
Person,cluns,1,1,1.000000
Person,clus,1,1,1.000000
Person,cn,1,1,1.000000
Person,cnnBlog,1,1,1.000000
Person,coachclub,1,1,1.000000
Person,coachdrawse,1,1,1.000000
Person,coachdrawsf,1,1,1.000000
Person,coached,1,1,1.000000
Person,coachgamese,1,1,1.000000
Person,coachgamesf,1,1,1.000000
Person,coachingQualifications,1,1,1.000000
Person,coachingQulaifications,1,1,1.000000
Person,coachingStart,1,1,1.000000
Person,coachloss,1,1,1.000000
Person,coachlossese,1,1,1.000000
Person,coachlossesf,1,1,1.000000
Person,coachProfile,1,1,1.000000
Person,coachStar,1,1,1.000000
Person,coachteame,1,1,1.000000
Person,coachteamf,1,1,1.000000
Person,coachwin%25c,1,1,1.000000
Person,coachwinse,1,1,1.000000
Person,coachwinsf,1,1,1.000000
Person,coachyear9end,1,1,1.000000
Person,coachyear9start,1,1,1.000000
Person,coachyeareend,1,1,1.000000
Person,coachyearestart,1,1,1.000000
Person,coachyearfend,1,1,1.000000
Person,coachyearfstart,1,1,1.000000
Person,coadjutor,1,1,1.000000
Person,coahStart,1,1,1.000000
Person,coalition,1,1,1.000000
Person,coaName,1,2,0.500000
Person,coAnchor,1,1,1.000000
Person,coatofarms,1,1,1.000000
Person,coatofarmscaption,1,1,1.000000
Person,coatSize,1,1,1.000000
Person,coauthors,1,1,1.000000
Person,coAuthors,1,1,1.000000
Person,çocukları,1,1,1.000000
Person,cod,1,1,1.000000
Person,coFounded,1,1,1.000000
Person,coFounder,1,1,1.000000
Person,cognome,1,1,1.000000
Person,cohabitant,1,1,1.000000
Person,coinedPoliticalStatement,1,1,1.000000
Person,cointreau,1,1,1.000000
Person,colaberators,1,1,1.000000
Person,collageGraduated,1,1,1.000000
Person,collages,1,1,1.000000
Person,colleague,1,1,1.000000
Person,collection,1,1,1.000000
Person,colleg,1,1,1.000000
Person,college(s)_,1,1,1.000000
Person,collegeAttended,1,1,1.000000
Person,collegeClubs,1,1,1.000000
Person,collegeYears,1,1,1.000000
Person,collegteam,1,1,1.000000
Person,colloborations,1,1,1.000000
Person,colorBackground,1,2,0.500000
Person,colorCode,1,1,1.000000
Person,colortext,1,1,1.000000
Person,colstyle,1,1,1.000000
Person,colwidths,1,1,1.000000
Person,colWifth,1,1,1.000000
Person,combatArm,1,1,1.000000
Person,combatUnits,1,1,1.000000
Person,comeback,1,1,1.000000
Person,comentariu,1,1,1.000000
Person,comicsName,1,1,1.000000
Person,comictype,1,1,1.000000
Person,commandement,1,1,1.000000
Person,commemoration,1,1,1.000000
Person,commendations,1,1,1.000000
Person,commercialNames,1,1,1.000000
Person,committeeChairman,1,1,1.000000
Person,committeeMember,1,1,1.000000
Person,commonsCategory,1,1,1.000000
Person,communications,1,1,1.000000
Person,community,1,1,1.000000
Person,communityCollege,1,1,1.000000
Person,communityLink,1,1,1.000000
Person,companyAffiliation,1,1,1.000000
Person,companyName,1,1,1.000000
Person,companySlogan,1,1,1.000000
Person,compete,1,1,1.000000
Person,competitorSince,1,1,1.000000
Person,compiler,1,1,1.000000
Person,complete,1,1,1.000000
Person,completionDate,1,1,1.000000
Person,complexion,1,1,1.000000
Person,conditioncoach,1,1,1.000000
Person,conditionEffective,1,1,1.000000
Person,conferecord,1,1,1.000000
Person,conferenceTourneys,1,1,1.000000
Person,confirmedKills,1,1,1.000000
Person,confrence,1,1,1.000000
Person,conjoint,1,1,1.000000
Person,consagración,1,1,1.000000
Person,consecratedAndEnthroned,1,1,1.000000
Person,consécration,1,1,1.000000
Person,consecrationBy,1,1,1.000000
Person,consituency,1,1,1.000000
Person,consortto,1,1,1.000000
Person,constanding,1,1,1.000000
Person,constiteuncy,1,1,1.000000
Person,constituencyCouncillor,1,1,1.000000
Person,constituencyMayor,1,1,1.000000
Person,constiuency,1,1,1.000000
Person,cont,1,2,0.500000
Person,contactAddress,1,1,1.000000
Person,contactDetail,1,1,1.000000
Person,contactNumberForShows,1,1,1.000000
Person,contentStyle,1,2,0.500000
Person,contest,1,1,1.000000
Person,contractenddate,1,1,1.000000
Person,contractExpire,1,1,1.000000
Person,contributedby,1,1,1.000000
Person,controversies,1,1,1.000000
Person,controversy,1,1,1.000000
Person,convention,1,1,1.000000
Person,conventionDelegates,1,1,1.000000
Person,convetered,1,1,1.000000
Person,conviction(s)_,1,1,1.000000
Person,convictionDate,1,1,1.000000
Person,convictionPenaltay,1,1,1.000000
Person,cookingStyle(s)_,1,1,1.000000
Person,cookingStyles,1,1,1.000000
Person,coordinatesRegion,1,1,1.000000
Person,coregent,1,1,1.000000
Person,cornflour,1,1,1.000000
Person,coronaCarTeam,1,1,1.000000
Person,coronoWins,1,1,1.000000
Person,corporate,1,11,0.090909
Person,cos,1,1,1.000000
Person,cost,1,1,1.000000
Person,cot,1,1,1.000000
Person,coTb3wgh3h,1,1,1.000000
Person,coteOfArms,1,1,1.000000
Person,councillorWard,1,1,1.000000
Person,counselors,1,9,0.111111
Person,countries,1,1,1.000000
Person,countriesVisited,1,1,1.000000
Person,countryofbi9rth,1,1,1.000000
Person,countryOfResidence,1,1,1.000000
Person,countryrepresented,1,1,1.000000
Person,countyCouncil,1,1,1.000000
Person,countyGaa,1,1,1.000000
Person,countyofbirth,1,1,1.000000
Person,couple,1,1,1.000000
Person,couseOfDeath,1,1,1.000000
Person,coversize,1,1,1.000000
Person,cpas,1,1,1.000000
Person,cpr,1,1,1.000000
Person,cps,1,1,1.000000
Person,cr,1,8,0.125000
Person,cranl,1,1,1.000000
Person,crc,1,1,1.000000
Person,creater,1,1,1.000000
Person,création,1,1,1.000000
Person,_,1,1,1.000000
Person,credit,1,1,1.000000
Person,credits(s)_,1,1,1.000000
Person,creditsEcriture,1,1,1.000000
Person,creerStart,1,1,1.000000
Person,cremated,1,1,1.000000
Person,criminalConvictions,1,1,1.000000
Person,criminalSentence,1,1,1.000000
Person,critic,1,4,0.250000
Person,crosses,1,1,1.000000
Person,crotchSizecm,1,1,1.000000
Person,crown,1,1,1.000000
Person,cstyle,1,2,0.500000
Person,cteams,1,1,1.000000
Person,culbs,1,1,1.000000
Person,cultCenter,1,1,1.000000
Person,culturalHeritage,1,1,1.000000
Person,culturalPractice,1,1,1.000000
Person,cultureParty,1,2,0.500000
Person,cup1Result,1,1,1.000000
Person,cup2Result,1,1,1.000000
Person,curr,1,2,0.500000
Person,currency,1,1,1.000000
Person,currentActs,1,1,1.000000
Person,currentBands,1,1,1.000000
Person,currentBooksPublished,1,1,1.000000
Person,currentCar,1,1,1.000000
Person,currentcity,1,1,1.000000
Person,currentclu,1,1,1.000000
Person,currentclub(s)_,1,1,1.000000
Person,currentclubcaps,1,1,1.000000
Person,currentclubgoals,1,1,1.000000
Person,currentclubnumber,1,1,1.000000
Person,currentCoach,1,1,1.000000
Person,currentCountry,1,1,1.000000
Person,currentdoublesrankings,1,1,1.000000
Person,lipsky)_,1,1,1.000000
Person,currentDriver,1,1,1.000000
Person,currentdublesrankings,1,1,1.000000
Person,currentFeiRolexWorldRanking,1,1,1.000000
Person,currentFormat,1,1,1.000000
Person,currentGm,1,1,1.000000
Person,currentHome,1,1,1.000000
Person,currentJerseyNumber,1,1,1.000000
Person,currentLabMembers,1,1,1.000000
Person,currentLiving,1,1,1.000000
Person,currentlyAt,1,1,1.000000
Person,currentlyBased,1,1,1.000000
Person,currentlyIn,1,1,1.000000
Person,currentlyLivesIn,1,1,1.000000
Person,currentlyLivingIn,1,1,1.000000
Person,currentlyPlace,1,1,1.000000
Person,currentlyresides,1,1,1.000000
Person,currentModels.comRanking,1,1,1.000000
Person,currentNo.Of,1,1,1.000000
Person,currentNumber,1,1,1.000000
Person,currentOffice,1,1,1.000000
Person,currentowner,1,1,1.000000
Person,currentPoliticalAffiliation,1,1,1.000000
Person,currentPost,1,1,1.000000
Person,currentRanking(odi)_,1,1,1.000000
Person,currentranking,1,1,1.000000
Person,currentSalary,1,1,1.000000
Person,currentSkatingClub,1,1,1.000000
Person,currentStay,1,1,1.000000
Person,currentTeachings,1,1,1.000000
Person,currentTelevisionCoHost,1,1,1.000000
Person,currentTown,1,1,1.000000
Person,currentWeightLb,1,1,1.000000
Person,curve,1,1,1.000000
Person,cuurentclub,1,1,1.000000
Person,cvrCaption,1,1,1.000000
Person,cvrImage,1,1,1.000000
Person,cyears8.,1,1,1.000000
Person,D,1,1,1.000000
Person,daaoRecord,1,1,1.000000
Person,daate,1,1,1.000000
Person,dabartinisČempionatas,1,1,1.000000
Person,dadte,1,1,1.000000
Person,daet,1,1,1.000000
Person,daetOfDeath,1,1,1.000000
Person,dailyOccupation,1,1,1.000000
Person,danielaSchiller,1,1,1.000000
Person,danRank,1,1,1.000000
Person,dare,1,1,1.000000
Person,dareofbirth,1,1,1.000000
Person,dartsUsed,1,1,1.000000
Person,database,1,1,1.000000
Person,dataDostępu,1,1,1.000000
Person,dataOfBirth,1,1,1.000000
Person,datE,1,1,1.000000
Person,dateActive,1,1,1.000000
Person,dateAdopted,1,1,1.000000
Person,dateApprehended,1,1,1.000000
Person,datecopied,1,1,1.000000
Person,dateDate,1,1,1.000000
Person,dateDeNaissance,1,1,1.000000
Person,dateDerogated,1,3,0.333333
Person,dateDeveloped,1,1,1.000000
Person,dateDissolved,1,1,1.000000
Person,dateestablished,1,1,1.000000
Person,dateFin,1,1,1.000000
Person,dateformat,1,8,0.125000
Person,dateFormed,1,1,1.000000
Person,dateMarch,1,1,1.000000
Person,datend,1,1,1.000000
Person,"dateO,khLhJkhjHkhFBirth",1,1,1.000000
Person,dateo,1,1,1.000000
Person,dateOf,1,1,1.000000
Person,dateOfAbdication,1,1,1.000000
Person,dateOfBiologicalDeath,1,1,1.000000
Person,dateOfBir,1,1,1.000000
Person,dateOfBirbvjhjugvuygvuygvyviyhth,1,1,1.000000
Person,dateOfBirth.,1,1,1.000000
Person,dateOfBirth&nbsp;&nbsp;_,1,1,1.000000
Person,"dateOfBirth10May1970(aged42)PlaceOfBirthPeasfield,HamshireImage",1,1,1.000000
Person,_,1,1,1.000000
Person,dateOfBirthDecember,1,1,1.000000
Person,dateOfBit,1,1,1.000000
Person,dateOfBith,1,1,1.000000
Person,dateOfBorth,1,1,1.000000
Person,dateOfBrith,1,1,1.000000
Person,dateOfCompilation,1,1,1.000000
Person,dateOfCremation,1,1,1.000000
Person,dateOfDeaath,1,1,1.000000
Person,dateOfDeath.,1,1,1.000000
Person,dateOfDeath'_,1,1,1.000000
Person,dateOFDeath,1,1,1.000000
Person,dateOfDeathChildren,1,1,1.000000
Person,"dateOfDeathMarch,_",1,1,1.000000
Person,dateOfDeaths,1,1,1.000000
Person,dateOfDeathS,1,1,1.000000
Person,dateofdetah,1,1,1.000000
Person,dateOfDethrone,1,1,1.000000
Person,dateOfDisappearance,1,1,1.000000
Person,dateOfDogbirth,1,1,1.000000
Person,dateOfEath,1,1,1.000000
Person,dateOfEpiscopalConsecration,1,1,1.000000
Person,dateOfFuneral,1,1,1.000000
Person,dateOfPlace,1,1,1.000000
Person,dateOfRebirth,1,1,1.000000
Person,dateOfSamaadhi,1,1,1.000000
Person,dateOfSamadhiTaken,1,1,1.000000
Person,dateOfYear,1,1,1.000000
Person,datePromulgated,1,3,0.333333
Person,dateSentenced,1,1,1.000000
Person,dateShowBegan,1,1,1.000000
Person,dateSigned,1,1,1.000000
Person,dateStart,1,1,1.000000
Person,dateYofBirth,1,1,1.000000
Person,datiE,1,1,1.000000
Person,dating,1,1,1.000000
Person,datingHistory,1,1,1.000000
Person,datOfBirth,1,1,1.000000
Person,dattOfBirth,1,1,1.000000
Person,datumRođenja,1,1,1.000000
Person,datumSmrti,1,1,1.000000
Person,daughterNames,1,1,1.000000
Person,daughterOf,1,1,1.000000
Person,daughtersName,1,1,1.000000
Person,dauguterInLaw,1,1,1.000000
Person,dayOfDeath,1,1,1.000000
Person,dayOfMemorial,1,1,1.000000
Person,dcfggate,1,1,1.000000
Person,ddate,1,1,1.000000
Person,deadDate,1,1,1.000000
Person,deadLift,1,1,1.000000
Person,deadlink,1,1,1.000000
Person,deadUrl,1,1,1.000000
Person,deahplace,1,1,1.000000
Person,deahPlace,1,1,1.000000
Person,deatgPlace,1,1,1.000000
Person,death+cause,1,1,1.000000
Person,death+place,1,1,1.000000
Person,deathBy,1,1,1.000000
Person,deathCaus,1,1,1.000000
Person,deathCaust,1,1,1.000000
Person,deathDare,1,1,1.000000
Person,deathDateDeathPlace,1,1,1.000000
Person,deathDeathAndAge,1,1,1.000000
Person,deathJertijher8gt8gheghwo0ihrg89uweogheuj46date,1,1,1.000000
Person,deathOlace,1,1,1.000000
Person,deathPalce,1,1,1.000000
Person,deathReason,1,1,1.000000
Person,deathStyle,1,1,1.000000
Person,deathTime,1,1,1.000000
Person,deathvdate,1,1,1.000000
Person,deatnCause,1,1,1.000000
Person,deayhCause,1,1,1.000000
Person,debut(firstMovie)_,1,1,1.000000
Person,debut1date,1,1,1.000000
Person,debut1league,1,1,1.000000
Person,debut1team,1,1,1.000000
Person,debut1year,1,1,1.000000
Person,debut4date,1,1,1.000000
Person,debut5league,1,1,1.000000
Person,debut5team,1,1,1.000000
Person,debut5year,1,1,1.000000
Person,debutactive,1,1,1.000000
Person,debutBook,1,1,1.000000
Person,debutcoachingteam,1,1,1.000000
Person,debutcoachingyear,1,1,1.000000
Person,debuteam,1,1,1.000000
Person,debutInComicBookForm,1,1,1.000000
Person,debutInMovie,1,1,1.000000
Person,debutseason,1,1,1.000000
Person,debutverk,1,1,1.000000
Person,debutwork,1,1,1.000000
Person,debutyea,1,1,1.000000
Person,decDraw,1,1,1.000000
Person,decisionBy,1,1,1.000000
Person,declaredVenerable,1,1,1.000000
Person,declaredVenerablePlace,1,2,0.500000
Person,decryption,1,1,1.000000
Person,defaultWidth,1,1,1.000000
Person,defenseDate,1,1,1.000000
Person,defunct,1,1,1.000000
Person,degreeIn,1,1,1.000000
Person,degreeOrAcademicTitle,1,1,1.000000
Person,degreess,1,1,1.000000
Person,deities,1,3,0.333333
Person,deity,1,1,1.000000
Person,deityOf,1,1,1.000000
Person,deliverie,1,1,1.000000
Person,demiseDate,1,1,1.000000
Person,denmination,1,1,1.000000
Person,denomnation,1,2,0.500000
Person,departments,1,1,1.000000
Person,depauty,1,1,1.000000
Person,dependents,1,1,1.000000
Person,deptuty,1,1,1.000000
Person,deput,1,1,1.000000
Person,deputyChiefOfStaff,1,1,1.000000
Person,deputyChiefOfStaffStart,1,1,1.000000
Person,deputyChiefSecretary,1,1,1.000000
Person,deputyConvener,1,1,1.000000
Person,deputymayor,1,1,1.000000
Person,deputyMinisterFrom,1,1,1.000000
Person,deputyOf,1,1,1.000000
Person,deputyOfMinister,1,1,1.000000
Person,deputyPresident,1,1,1.000000
Person,deputyprimeminister,1,1,1.000000
Person,deputyspeaker,1,1,1.000000
Person,derbyName,1,1,1.000000
Person,descendantOf,1,2,0.500000
Person,descent,1,1,1.000000
Person,designatedOther1Number,1,1,1.000000
Person,designatedOther1NumPosition,1,1,1.000000
Person,designatedOther1Textcolor,1,1,1.000000
Person,designatedOther2Abbr,1,1,1.000000
Person,designatedOther2Color,1,1,1.000000
Person,designatedOther2Date,1,1,1.000000
Person,designatedOther2Link,1,1,1.000000
Person,designatedOther2Name,1,1,1.000000
Person,designatedPahistoricType,1,1,1.000000
Person,desthPlace,1,1,1.000000
Person,detainedKamiar,1,1,1.000000
Person,deutscheleague,1,1,1.000000
Person,devcoachyears,1,1,1.000000
Person,developed,1,1,1.000000
Person,developmentCoach,1,1,1.000000
Person,device,1,1,1.000000
Person,dexterity,1,3,0.333333
Person,dfb,1,1,1.000000
Person,dfen,1,1,1.000000
Person,dharmaHeirs,1,1,1.000000
Person,dialectGroup,1,1,1.000000
Person,diameterMetric,1,1,1.000000
Person,diamondButton,1,1,1.000000
Person,diamondYear,1,1,1.000000
Person,dick,1,1,1.000000
Person,dickSpan,1,1,1.000000
Person,dict,1,1,1.000000
Person,died.,1,1,1.000000
Person,diedat,1,1,1.000000
Person,diedIn,1,1,1.000000
Person,diedOn,1,1,1.000000
Person,diedPlace,1,1,1.000000
Person,diedWith,1,1,1.000000
Person,diet,1,1,1.000000
Person,diff,1,1,1.000000
Person,differentName,1,1,1.000000
Person,dilomaticServiceYears,1,1,1.000000
Person,dimensions,1,1,1.000000
Person,dinasty,1,1,1.000000
Person,diplomat,1,1,1.000000
Person,dirección,1,1,1.000000
Person,direct,1,1,1.000000
Person,directedBy,1,1,1.000000
Person,directorGeneral,1,1,1.000000
Person,directoryears,1,1,1.000000
Person,disapDate,1,1,1.000000
Person,disappearance,1,1,1.000000
Person,dischargeNumber,1,1,1.000000
Person,discovered,1,1,1.000000
Person,displayauthors,1,1,1.000000
Person,displaytitle,1,1,1.000000
Person,dissertationTitle,1,1,1.000000
Person,dissertationYear,1,1,1.000000
Person,distantRelative(s)_,1,1,1.000000
Person,distinctionsprincipales,1,1,1.000000
Person,distributedBy,1,1,1.000000
Person,distric,1,1,1.000000
Person,divname,1,1,1.000000
Person,divorce,1,1,1.000000
Person,divorced,1,1,1.000000
Person,divorceInProcess,1,1,1.000000
Person,djRanking,1,1,1.000000
Person,djStyle,1,1,1.000000
Person,dlang,1,1,1.000000
Person,dm,1,1,1.000000
Person,dmNat,1,1,1.000000
Person,dmy,1,1,1.000000
Person,doctoralThesis,1,1,1.000000
Person,doctoralWork,1,1,1.000000
Person,doctorate,1,1,1.000000
Person,doctorname,1,1,1.000000
Person,doctroralAdvisor,1,1,1.000000
Person,document,1,1,1.000000
Person,dod,1,1,1.000000
Person,does,1,1,1.000000
Person,dog,1,2,0.500000
Person,domestic,1,1,1.000000
Person,domesticparter,1,1,1.000000
Person,domesticPartner(s)_,1,1,1.000000
Person,domesticT20shirt,1,1,1.000000
Person,domesticTeams,1,1,1.000000
Person,domicile,1,1,1.000000
Person,dominant,1,1,1.000000
Person,dominantPreaching,1,1,1.000000
Person,dominantSport,1,1,1.000000
Person,dopełniacz,1,1,1.000000
Person,doppelgänger,1,1,1.000000
Person,doubles,1,1,1.000000
Person,doublesPartner,1,1,1.000000
Person,doublesresults,1,1,1.000000
Person,doughter,1,1,1.000000
Person,doulesrecord,1,1,1.000000
Person,dpw,1,1,1.000000
Person,dq,1,6,0.166667
Person,dradtLeague,1,1,1.000000
Person,draft+year,1,1,1.000000
Person,draft2Pick,1,1,1.000000
Person,draft2Round,1,1,1.000000
Person,draft2Team,1,1,1.000000
Person,draft2Year,1,1,1.000000
Person,draftedRound,1,1,1.000000
Person,draftedYear,1,1,1.000000
Person,draftLegue,1,1,1.000000
Person,draftpipiek,1,1,1.000000
Person,draftPosition,1,1,1.000000
Person,draftTeams,1,1,1.000000
Person,draftYearLba,1,1,1.000000
Person,draftYears,1,1,1.000000
Person,dresSize,1,1,1.000000
Person,drivers,1,1,1.000000
Person,drMckennaCup,1,1,1.000000
Person,dropgoalsa,1,1,1.000000
Person,drumTech,1,1,1.000000
Person,duckfaceSport,1,1,1.000000
Person,dutchDartsMasters,1,1,1.000000
Person,dvate,1,1,1.000000
Person,dynastyName,1,1,1.000000
Person,eaglesOffensiveMvp,1,1,1.000000
Person,earlyclubs,1,1,1.000000
Person,earlyForms,1,1,1.000000
Person,earlyKingOf,1,1,1.000000
Person,earlyWork,1,1,1.000000
Person,earlyyears,1,1,1.000000
Person,earlyYears,1,1,1.000000
Person,ebooksg,1,1,1.000000
Person,ebsite,1,1,1.000000
Person,ecclesiasticalProvince,1,1,1.000000
Person,ecoveralls,1,1,1.000000
Person,ecpodiums,1,1,1.000000
Person,ecseasons,1,1,1.000000
Person,ecwins,1,1,1.000000
Person,edição,1,1,1.000000
Person,editedBy,1,1,1.000000
Person,editor2First,1,2,0.500000
Person,editor2Last,1,2,0.500000
Person,editora,1,1,1.000000
Person,editorTitle,1,1,1.000000
Person,educación,1,1,1.000000
Person,educate,1,1,1.000000
Person,education.,1,1,1.000000
Person,profession,1,1,1.000000
Person,educational,1,1,1.000000
Person,educationalMilestone,1,1,1.000000
Person,educationDetails,1,1,1.000000
Person,educationLife,1,1,1.000000
Person,educations,1,1,1.000000
Person,educationStatus,1,1,1.000000
Person,"educationTexasMilitaryInstitute,SanAntonio,Texas,NowTmiEpiscopalSchoolOfTexas,UnitedStatesNavalAcademy,_",1,1,1.000000
Person,eductation,1,1,1.000000
Person,eduvation,1,1,1.000000
Person,ego,1,1,1.000000
Person,eldestSonAndMasterOfTheWorld,1,1,1.000000
Person,electedMemberFor,1,2,0.500000
Person,electedMemberSince,1,2,0.500000
Person,electedOffice,1,1,1.000000
Person,electedPosition,1,1,1.000000
Person,electedTerm,1,1,1.000000
Person,élection,1,1,1.000000
Person,elementarySchool,1,1,1.000000
Person,eletionDate,1,2,0.500000
Person,elevationM,1,1,1.000000
Person,eliHolzman,1,1,1.000000
Person,eman,1,1,1.000000
Person,emblem,1,1,1.000000
Person,emblen,1,1,1.000000
Person,emmys,1,1,1.000000
Person,empasM,1,1,1.000000
Person,employee,1,1,1.000000
Person,emptyWeightAlt,1,1,1.000000
Person,emptyWeightMain,1,1,1.000000
Person,enbaProfile,1,1,1.000000
Person,encyclopedia,1,2,0.500000
Person,endapage,1,1,1.000000
Person,endear,1,1,1.000000
Person,endEra,1,1,1.000000
Person,endReign,1,1,1.000000
Person,endTerm,1,1,1.000000
Person,endYear,1,1,1.000000
Person,engine(prop)_,1,1,1.000000
Person,engineer&Mixer,1,1,1.000000
Person,engineer,1,1,1.000000
Person,englandMasters,1,1,1.000000
Person,englishactor,1,1,1.000000
Person,englishPubDate,1,1,1.000000
Person,ensemble,1,1,1.000000
Person,entertaiment,1,1,1.000000
Person,enthorned,1,1,1.000000
Person,entrant,1,1,1.000000
Person,enÜnlüSözü,1,1,1.000000
Person,episcopalOrdination,1,1,1.000000
Person,epLink,1,3,0.333333
Person,epoch,1,2,0.500000
Person,eponym,1,1,1.000000
Person,eponymousSkills,1,1,1.000000
Person,eptFinal,1,1,1.000000
Person,eptMainEventMoneyFinishes,1,1,1.000000
Person,eptMoney,1,1,1.000000
Person,eptTitle,1,1,1.000000
Person,eptWins,1,1,1.000000
Person,er,1,38,0.026316
Person,eras,1,1,1.000000
Person,erdősNumber,1,2,0.500000
Person,es,1,1,1.000000
Person,escape,1,1,1.000000
Person,esotericSchoolTradition,1,1,1.000000
Person,espb,1,1,1.000000
Person,espm,1,1,1.000000
Person,espnRating,1,1,1.000000
Person,establishedPlace,1,1,1.000000
Person,establishedTitle,1,1,1.000000
Person,estatement,1,1,1.000000
Person,estil,1,1,1.000000
Person,estimatedNetWorth,1,1,1.000000
Person,ethentricity,1,1,1.000000
Person,ethincity,1,1,1.000000
Person,ethnically,1,1,1.000000
Person,ethnicHeritage,1,1,1.000000
Person,Race,1,1,1.000000
Person,religion,1,1,1.000000
Person,origin,1,1,1.000000
Person,ethnicty,1,1,1.000000
Person,etnic,1,1,1.000000
Person,etniccity,1,1,1.000000
Person,eurobest,1,1,1.000000
Person,eurocareer,1,1,1.000000
Person,europeanSingles,1,1,1.000000
Person,eurovisionEntries,1,1,1.000000
Person,event(s)_,1,1,1.000000
Person,eventEnd,1,1,1.000000
Person,eventStart,1,1,1.000000
Person,eventType,1,9,0.111111
Person,eventWins,1,1,1.000000
Person,ewcChampionships,1,1,1.000000
Person,ewcFastestLaps,1,1,1.000000
Person,ewcPodiums,1,1,1.000000
Person,ewcPoles,1,1,1.000000
Person,ewcRaceStarts,1,1,1.000000
Person,ewcRaceWins,1,1,1.000000
Person,ex,1,1,1.000000
Person,exactCopyFromWestsideBarbellWebsite.Date,1,1,1.000000
Person,executiveAssistant,1,1,1.000000
Person,executiveCommitteeMemberOf,1,1,1.000000
Person,exemplar(s)_,1,1,1.000000
Person,exFiancee,1,1,1.000000
Person,exGirlfriends,1,1,1.000000
Person,exLabel,1,1,1.000000
Person,expansiondraftyear,1,2,0.500000
Person,expdraftedpick,1,1,1.000000
Person,expected,1,1,1.000000
Person,expired,1,1,1.000000
Person,expositiva,1,1,1.000000
Person,externalLink,1,1,1.000000
Person,externalUrl,1,1,1.000000
Person,extlinks,1,1,1.000000
Person,extraCredits,1,1,1.000000
Person,eye,1,1,1.000000
Person,eyesColour,1,1,1.000000
Person,facadeDirection,1,1,1.000000
Person,face,1,1,1.000000
Person,facebookAccount,1,1,1.000000
Person,facebookLink,1,1,1.000000
Person,faceBookPage,1,1,1.000000
Person,facebookProfile,1,1,1.000000
Person,facebookUrl,1,1,1.000000
Person,facebookWebsite,1,1,1.000000
Person,fahther,1,1,1.000000
Person,failed,1,482,0.002075
Person,famasawards,1,1,1.000000
Person,famille,1,1,1.000000
Person,familyBackground,1,1,1.000000
Person,familyClan,1,1,1.000000
Person,familyInLaws,1,1,1.000000
Person,famous,1,1,1.000000
Person,famousBook,1,1,1.000000
Person,famousDiamonds,1,1,1.000000
Person,famousMovie,1,1,1.000000
Person,famousworks,1,1,1.000000
Person,fan(s)_,1,1,1.000000
Person,fan,1,1,1.000000
Person,fanbase,1,1,1.000000
Person,fanclub,1,1,1.000000
Person,fangeraphs,1,1,1.000000
Person,fangrahps,1,1,1.000000
Person,fangrphs,1,1,1.000000
Person,fanPage,1,1,1.000000
Person,fanraphs,1,1,1.000000
Person,fans,1,1,1.000000
Person,fansclub,1,1,1.000000
Person,fanWebsite,1,1,1.000000
Person,farther,1,1,1.000000
Person,fastestBall,1,1,1.000000
Person,fastestBowlBowled,1,1,1.000000
Person,fathe,1,1,1.000000
Person,father'Name,1,1,1.000000
Person,father%60sName,1,1,1.000000
Person,fatherDeath,1,1,1.000000
Person,favoriteActor,1,1,1.000000
Person,favoriteChild,1,1,1.000000
Person,favoritecolor,1,1,1.000000
Person,favoriteDance,1,1,1.000000
Person,favoriteFood(s)_,1,1,1.000000
Person,favoriteFood,1,1,1.000000
Person,favoriteMusicians,1,1,1.000000
Person,favoritePets,1,1,1.000000
Person,favoritePlayers,1,1,1.000000
Person,favoriteQuote,1,1,1.000000
Person,favoriteSinger,1,1,1.000000
Person,favoriteSport,1,1,1.000000
Person,favoriteT.vSeries,1,1,1.000000
Person,favoriteTvShow(s)_,1,1,1.000000
Person,favouredFoot,1,1,1.000000
Person,favouriteCheese,1,1,1.000000
Person,favouriteFood,1,1,1.000000
Person,favouriteHistoricalFigures,1,1,1.000000
Person,favouriteLanguagesAndAccents,1,1,1.000000
Person,favouritePersonMet(apartFromFamilyAndCloseFriends)_,1,1,1.000000
Person,favouritePolitician,1,1,1.000000
Person,favouriteSinger,1,1,1.000000
Person,favouriteWave,1,1,1.000000
Person,fball,1,1,1.000000
Person,fbPage,1,1,1.000000
Person,fcdebutagainst,1,1,1.000000
Person,fcdebutfor,1,1,1.000000
Person,fcdebutyr,1,1,1.000000
Person,fclastyr,1,1,1.000000
Person,feastDay(s)_,1,1,1.000000
Person,feature,1,1,1.000000
Person,featured,1,1,1.000000
Person,featuring,1,1,1.000000
Person,february,1,1,1.000000
Person,fechaacceso,1,1,1.000000
Person,fechamuerte,1,1,1.000000
Person,federations,1,1,1.000000
Person,fellowshipAdvisor,1,1,1.000000
Person,fellowships,1,1,1.000000
Person,felonies,1,1,1.000000
Person,fevCity,1,1,1.000000
Person,fi,1,1,1.000000
Person,fianlyear,1,1,1.000000
Person,ficgsRating,1,1,1.000000
Person,fide,1,1,1.000000
Person,fieldgoal,1,2,0.500000
Person,fieldgoalsba,1,1,1.000000
Person,fieldgoalse,1,50,0.020000
Person,fieldgoalsf,1,13,0.076923
Person,fieldgoalsg,1,1,1.000000
Person,fielding,1,1,1.000000
Person,fieldPosition,1,1,1.000000
Person,fieldsites,1,1,1.000000
Person,fielsgoalsa,1,1,1.000000
Person,fielsgoalsb,1,1,1.000000
Person,fierankings,1,1,1.000000
Person,fightTeam,1,1,1.000000
Person,filedgoals,1,1,1.000000
Person,filesize,1,1,1.000000
Person,filmbioWorkGroup,1,1,1.000000
Person,filmCompany,1,1,1.000000
Person,filmmaker,1,1,1.000000
Person,filmPortrayer,1,1,1.000000
Person,filmwebNr,1,1,1.000000
Person,final3date,1,1,1.000000
Person,finalcoachingteam,1,1,1.000000
Person,finalcoachingyear,1,1,1.000000
Person,finalproteam,1,1,1.000000
Person,finalResult,1,1,1.000000
Person,finalsvenue,1,1,1.000000
Person,finalTeam,1,1,1.000000
Person,finaltyear,1,1,1.000000
Person,finalWins,1,1,1.000000
Person,finalyearAsPro,1,1,1.000000
Person,fineArt,1,1,1.000000
Person,fineArtRepresentation,1,1,1.000000
Person,fingers,1,1,1.000000
Person,finlayear,1,1,1.000000
Person,firfst,1,1,1.000000
Person,firma,1,1,1.000000
Person,last,1,1,1.000000
Person,firstAscent,1,1,1.000000
Person,firstAward,1,1,1.000000
Person,firstBuschStart,1,1,1.000000
Person,firstcharlesHardingLast,1,1,1.000000
Person,firstclassdebutdate,1,1,1.000000
Person,firstclassdebutyear,1,1,1.000000
Person,firstCoach,1,1,1.000000
Person,firstCousinOf,1,1,1.000000
Person,firstCreator,1,1,1.000000
Person,firstDate,1,1,1.000000
Person,firstEnglishEdition,1,1,1.000000
Person,firstExhibited,1,1,1.000000
Person,firstFilmSong,1,1,1.000000
Person,firstgame,1,1,1.000000
Person,firstGame,1,1,1.000000
Person,firstGirlfriend,1,1,1.000000
Person,firstHolder,1,1,1.000000
Person,firstHusband,1,1,1.000000
Person,firsticon,1,1,1.000000
Person,firstIncumbent,1,1,1.000000
Person,firstInduction,1,1,1.000000
Person,firstIntroduced,1,1,1.000000
Person,firstminster,1,2,0.500000
Person,firstMovie,1,1,1.000000
Person,firstPrintedEdition,1,1,1.000000
Person,firstProShow,1,1,1.000000
Person,firstProShowYear,1,1,1.000000
Person,firstPublished,1,1,1.000000
Person,firstshow,1,1,1.000000
Person,firstshowyear,1,1,1.000000
Person,firstSpouse,1,1,1.000000
Person,firstvicepresident,1,1,1.000000
Person,fisdebut,1,1,1.000000
Person,fitness,1,1,1.000000
Person,flagBorder,1,1,1.000000
Person,flagcaption,1,1,1.000000
Person,flagP,1,1,1.000000
Person,flags,1,1,1.000000
Person,flagsize,1,1,1.000000
Person,flagvar,1,2,0.500000
Person,flickr,1,1,1.000000
Person,floorCount,1,1,1.000000
Person,flourished,1,1,1.000000
Person,fnagraphs,1,1,1.000000
Person,fnickname,1,1,1.000000
Person,föddPlats,1,1,1.000000
Person,foes,1,1,1.000000
Person,folkTaleName,1,1,1.000000
Person,follow,1,1,1.000000
Person,followed,1,1,1.000000
Person,follower,1,1,1.000000
Person,fomercoach,1,1,1.000000
Person,fonction,1,1,1.000000
Person,footballTeam,1,1,1.000000
Person,footed,1,1,1.000000
Person,footendness,1,1,1.000000
Person,footInfo,1,1,1.000000
Person,footSize,1,1,1.000000
Person,foreignmame,1,1,1.000000
Person,foreignminister,1,1,1.000000
Person,forgeriesAndOrInnuendos,1,1,1.000000
Person,formalProfessionalCareer,1,1,1.000000
Person,formationDate,1,1,1.000000
Person,formedmonthday,1,1,1.000000
Person,formedyear,1,1,1.000000
Person,formerActs,1,1,1.000000
Person,formerBandMembers,1,1,1.000000
Person,formerchoreograper,1,1,1.000000
Person,formerchoreographers,1,1,1.000000
Person,formerClub(s)_,1,1,1.000000
Person,formerclubnumber,1,1,1.000000
Person,formerCoach,1,1,1.000000
Person,formerFeastDay,1,1,1.000000
Person,formerGroup,1,1,1.000000
Person,formerLabel,1,1,1.000000
Person,formerOccupation,1,1,1.000000
Person,formerposition,1,1,1.000000
Person,formerPresident,1,1,1.000000
Person,formerPublishers,1,1,1.000000
Person,formerSkatignClub,1,1,1.000000
Person,formerskatingclub,1,1,1.000000
Person,formerSkatingClubs,1,1,1.000000
Person,formerTitleMinisterOfCulture,1,1,1.000000
Person,formerTitles,1,1,1.000000
Person,formertraininglcoations,1,1,1.000000
Person,formerWorkplaces,1,1,1.000000
Person,fortuna,1,1,1.000000
Person,fortune,1,1,1.000000
Person,fosterfather,1,1,1.000000
Person,foundedDate,1,1,1.000000
Person,founder&ManagingDirector,1,1,1.000000
Person,founderPresident,1,1,1.000000
Person,founders,1,1,1.000000
Person,foundress,1,1,1.000000
Person,foundry,1,1,1.000000
Person,fprn,1,1,1.000000
Person,frédéricEtsouNzabiBamungwabiDipstyle,1,1,1.000000
Person,free,1,1,1.000000
Person,freeLable,1,1,1.000000
Person,freemason,1,1,1.000000
Person,frenchopendoublesjuniorrresult,1,1,1.000000
Person,frenchopenjuniordoublesjuniorresult,1,1,1.000000
Person,friend,1,1,1.000000
Person,fromTheFunction,1,1,1.000000
Person,frontcolor,1,2,0.500000
Person,frontSquat,1,1,1.000000
Person,fsNephew,1,1,1.000000
Person,fsted,1,1,1.000000
Person,fu1llname,1,1,1.000000
Person,fullaname,1,1,1.000000
Person,fullanme,1,1,1.000000
Person,fullback,1,1,1.000000
Person,fullforward,1,1,1.000000
Person,fulllName,1,1,1.000000
Person,fullmame,1,1,1.000000
Person,fullnam,1,1,1.000000
Person,fullNam,1,1,1.000000
Person,fullnamE,1,1,1.000000
Person,fullNames,1,1,1.000000
Person,fullnsme,1,1,1.000000
Person,fullResolution,1,1,1.000000
Person,fullroster,1,1,1.000000
Person,functionalStatus,1,1,1.000000
Person,funding,1,1,1.000000
Person,furtherEducation,1,1,1.000000
Person,futureRestingPlace,1,1,1.000000
Person,futureTitle,1,1,1.000000
Person,gallery,1,1,1.000000
Person,game,1,1,1.000000
Person,gamesplayed,1,1,1.000000
Person,gangAffiliaton,1,1,1.000000
Person,gautra,1,1,1.000000
Person,gd,1,1,1.000000
Person,gene,1,1,1.000000
Person,genera,1,1,1.000000
Person,generalsecretary,1,1,1.000000
Person,genero,1,1,1.000000
Person,genoe,1,1,1.000000
Person,genr,1,1,1.000000
Person,genRe,1,1,1.000000
Person,georgeWashingtonhof,1,1,1.000000
Person,germanOpen,1,1,1.000000
Person,germanproresult,1,1,1.000000
Person,germanyVisit,1,4,0.250000
Person,gin,1,1,1.000000
Person,wife,1,1,1.000000
Person,girlFriend,1,1,1.000000
Person,girlfriends,1,1,1.000000
Person,gkNat,1,1,1.000000
Person,globalId,1,1,1.000000
Person,gmatScore,1,1,1.000000
Person,gnb,1,1,1.000000
Person,gndfehlt,1,3,0.333333
Person,goaals,1,1,1.000000
Person,goals%3F_,1,1,1.000000
Person,goals10.,1,1,1.000000
Person,goals14.,1,1,1.000000
Person,goals2.,1,2,0.500000
Person,"goals2(facup,dspcup)_",1,1,1.000000
Person,goals3.,1,1,1.000000
Person,goals4.,1,1,1.000000
Person,goals5´_,1,1,1.000000
Person,goals8correctedPreviousEdit,1,1,1.000000
Person,goalscorers,1,1,1.000000
Person,goalsf,1,13,0.076923
Person,goalsFor2008Season,1,1,1.000000
Person,goalsg,1,1,1.000000
Person,goalsyouthclub,1,1,1.000000
Person,goalsyouthyear,1,1,1.000000
Person,godDaughter,1,1,1.000000
Person,godmothers,1,1,1.000000
Person,goggles,1,1,1.000000
Person,goldenglobes,1,1,1.000000
Person,goldenTranslation,1,1,1.000000
Person,google,1,1,1.000000
Person,googlePlayApp,1,1,1.000000
Person,gopals,1,1,1.000000
Person,gospel,1,1,1.000000
Person,gotra,1,1,1.000000
Person,gotRektBy,1,1,1.000000
Person,governingbody,1,1,1.000000
Person,governmentHead,1,1,1.000000
Person,governmentParliamentaryCommittees,1,1,1.000000
Person,governorgeneral,1,1,1.000000
Person,goyaAwards,1,1,1.000000
Person,gpbest,1,1,1.000000
Person,gpcareer,1,1,1.000000
Person,gpLastPosition,1,1,1.000000
Person,gpManufacturers,1,1,1.000000
Person,grad,1,1,1.000000
Person,grade,1,1,1.000000
Person,gradSchool,1,1,1.000000
Person,graduate,1,1,1.000000
Person,graduateWork,1,1,1.000000
Person,graduateYear,1,1,1.000000
Person,graduation,1,1,1.000000
Person,gradutedFrom,1,1,1.000000
Person,grammyw,1,1,1.000000
Person,grandarents,1,1,1.000000
Person,grandaughters,1,1,1.000000
Person,grandChild,1,1,1.000000
Person,grandchildre,1,1,1.000000
Person,grandDaughters,1,1,1.000000
Person,grandGrandChildren,1,1,1.000000
Person,grandMother,1,1,1.000000
Person,grandslamdoublesreuslt,1,1,1.000000
Person,grandslamsinglesresult,1,1,1.000000
Person,grandslamsmixeddoublesresults,1,2,0.500000
Person,grandslamsresults,1,4,0.250000
Person,grandson.l,1,1,1.000000
Person,grandSons,1,1,1.000000
Person,grandUncle,1,1,1.000000
Person,grayshirt,1,3,0.333333
Person,greatestHit,1,1,1.000000
Person,greatGrandchildrem,1,1,1.000000
Person,greatGrandChildren,1,1,1.000000
Person,greatGranddaughters,1,1,1.000000
Person,greatGrandfatherOf,1,1,1.000000
Person,greatGrandson,1,1,1.000000
Person,greatGreatGrandmothers,1,1,1.000000
Person,greatUncles,1,1,1.000000
Person,grip,1,1,1.000000
Person,groundbreaking,1,1,1.000000
Person,grouping,1,1,1.000000
Person,gsDoublesTitles,1,1,1.000000
Person,guardians,1,1,1.000000
Person,guernseyN.o.,1,1,1.000000
Person,guest,1,1,1.000000
Person,guidance,1,1,1.000000
Person,guide,1,1,1.000000
Person,guideline,1,1,1.000000
Person,guideRunner,1,1,1.000000
Person,guilds,1,1,1.000000
Person,guinnessWorldRecords,1,1,1.000000
Person,guitars,1,1,1.000000
Person,guns,1,1,1.000000
Person,gymtype,1,1,1.000000
Person,hadedness,1,1,1.000000
Person,hailsPlace,1,1,1.000000
Person,hairLength,1,1,1.000000
Person,haja,1,1,1.000000
Person,hak,1,1,1.000000
Person,halfbrother,1,1,1.000000
Person,halfBrother,1,1,1.000000
Person,halfisters,1,1,1.000000
Person,halfsister,1,1,1.000000
Person,halfSister,1,1,1.000000
Person,halig,1,5,0.200000
Person,hanbulb,1,1,1.000000
Person,handed,1,3,0.333333
Person,hands,1,1,1.000000
Person,hane,1,1,1.000000
Person,hanjaa,1,1,1.000000
Person,hanviet,1,1,1.000000
Person,hardness,1,1,1.000000
Person,hat,1,1,1.000000
Person,hazratKhwajaBandaNawazImageCaption,1,1,1.000000
Person,hbkg,1,3,0.333333
Person,he,1,1,1.000000
Person,head2Title,1,1,1.000000
Person,headerBackground,1,1,1.000000
Person,headercolour,1,2,0.500000
Person,headerHorizontal,1,1,1.000000
Person,headingstyle,1,1,1.000000
Person,headmaster,1,1,1.000000
Person,headOfParliament,1,1,1.000000
Person,headTitle,1,1,1.000000
Person,heavenlyAscendency,1,1,1.000000
Person,heigh,1,1,1.000000
Person,heighIn,1,1,1.000000
Person,"height,Weight",1,1,1.000000
Person,weight,1,1,1.000000
Person,heightAlt,1,1,1.000000
Person,heightFT,1,1,1.000000
Person,heightMain,1,1,1.000000
Person,heightmt,1,1,1.000000
Person,heightWeight,1,1,1.000000
Person,heinekenCup,1,1,1.000000
Person,heiress,1,1,1.000000
Person,heirToTheThrone,1,1,1.000000
Person,heIsKnownFor,1,1,1.000000
Person,helmet,1,1,1.000000
Person,henkilönNimi,1,1,1.000000
Person,herBiggestFan,1,1,1.000000
Person,heteronyms,1,1,1.000000
Person,hghschool,1,1,1.000000
Person,hh,1,1,1.000000
Person,hidden,1,2,0.500000
Person,hidecabinet,1,2,0.500000
Person,hideDeliveries,1,1,1.000000
Person,hidelegend,1,4,0.250000
Person,hidepartycol,1,4,0.250000
Person,hiderefcol,1,4,0.250000
Person,hideStatistics,1,1,1.000000
Person,high,1,1,1.000000
Person,highestAttendance,1,1,1.000000
Person,highestDegree,1,1,1.000000
Person,highestgrade,1,1,1.000000
Person,highestHonour,1,1,1.000000
Person,highestonsight,1,1,1.000000
Person,highestRank,1,1,1.000000
Person,highestRanking(odi)_,1,1,1.000000
Person,highestRankingDoubles,1,2,0.500000
Person,highestSinglesranking,1,1,1.000000
Person,highgame,1,1,1.000000
Person,highlightss,1,1,1.000000
Person,highschol,1,1,1.000000
Person,highSchoolAttended,1,1,1.000000
Person,highschoolNumber,1,1,1.000000
Person,highschoolPosition,1,1,1.000000
Person,hight,1,1,1.000000
Person,highways,1,1,1.000000
Person,higschool,1,1,1.000000
Person,hildren,1,1,1.000000
Person,hill,1,1,1.000000
Person,hIndex,1,1,1.000000
Person,hindiName,1,1,1.000000
Person,hipsSize,1,1,1.000000
Person,hiredHitman,1,1,1.000000
Person,her,1,1,1.000000
Person,hisChildren,1,1,1.000000
Person,hisMother,1,1,1.000000
Person,hisSuccess,1,1,1.000000
Person,historialProfile,1,1,1.000000
Person,hiuse,1,1,1.000000
Person,hNumber,1,1,1.000000
Person,hobbies&Interests,1,1,1.000000
Person,hoffuture,1,1,1.000000
Person,holding,1,1,1.000000
Person,holiday,1,1,1.000000
Person,holidayAlbums,1,1,1.000000
Person,home1player,1,1,1.000000
Person,home1pos,1,1,1.000000
Person,home2player,1,1,1.000000
Person,homeabr,1,1,1.000000
Person,homecity,1,1,1.000000
Person,homeCity,1,1,1.000000
Person,homeLand,1,1,1.000000
Person,homelandEnd,1,1,1.000000
Person,homelandStart,1,1,1.000000
Person,homeman,1,1,1.000000
Person,homemannat,1,1,1.000000
Person,homepag,1,1,1.000000
Person,homePage,1,1,1.000000
Person,homePlace,1,2,0.500000
Person,homestead,1,1,1.000000
Person,hometown.,1,1,1.000000
Person,homeTown(s)_,1,1,1.000000
Person,hometowns,1,1,1.000000
Person,homeurl,1,1,1.000000
Person,homeWord,1,1,1.000000
Person,homeWorld,1,1,1.000000
Person,homicideCommandingOfficer,1,1,1.000000
Person,hommage,1,1,1.000000
Person,honofiricPrefix,1,1,1.000000
Person,honorarium,1,1,1.000000
Person,honoraryDoctoralDegrees,1,1,1.000000
Person,honoraryPrefix,1,1,1.000000
Person,honoraryRole,1,1,1.000000
Person,honorefix,1,1,1.000000
Person,honorficPrefix,1,1,1.000000
Person,honorficSuffix,1,1,1.000000
Person,honorifcPrefix,1,1,1.000000
Person,honorificRank,1,1,1.000000
Person,honorificSufffix,1,1,1.000000
Person,honorificSuxfix,1,1,1.000000
Person,honorififcSufix,1,1,1.000000
Person,honorifixPrefix,1,1,1.000000
Person,honoroficPrefix,1,1,1.000000
Person,award,1,1,1.000000
Person,honourific,1,1,1.000000
Person,honoursAndAccolades,1,1,1.000000
Person,horsename,1,1,1.000000
Person,horusTranslation,1,1,1.000000
Person,hot,1,1,1.000000
Person,houseCommittee,1,1,1.000000
Person,houseFamily,1,1,1.000000
Person,houseName,1,1,1.000000
Person,housePosition,1,1,1.000000
Person,housingAndUrbanDevelopmentDate,1,1,1.000000
Person,hqCity,1,1,1.000000
Person,hrsg.,1,1,1.000000
Person,htmlcolor,1,4,0.250000
Person,playerpage.htm%3Filkid,1,1,1.000000
Person,viewarticle.dbml%3FdbOemId,1,1,1.000000
Person,index.pl%3Faction,1,1,1.000000
Person,htUpdate,1,1,1.000000
Person,hurlingCode,1,1,1.000000
Person,husbandNames,1,1,1.000000
Person,ialt,1,1,1.000000
Person,iamgesize,1,1,1.000000
Person,ibdbId,1,1,1.000000
Person,ibl,1,1,1.000000
Person,icallirelands,1,1,1.000000
Person,icnationalleague,1,1,1.000000
Person,icpostion,1,1,1.000000
Person,id.,1,1,1.000000
Person,identity,1,1,1.000000
Person,ideologicalAffiliation,1,1,1.000000
Person,ideologyPos,1,1,1.000000
Person,idioma,1,1,1.000000
Person,iflstatseason,1,1,1.000000
Person,illustrate,1,1,1.000000
Person,im,1,1,1.000000
Person,imag,1,1,1.000000
Person,imag2Size,1,1,1.000000
Person,imagCapt,1,1,1.000000
Person,_,1,1,1.000000
Person,image%3Esize,1,1,1.000000
Person,image+size,1,1,1.000000
Person,image2Size,1,1,1.000000
Person,image3Size,1,1,1.000000
Person,imageAlign,1,1,1.000000
Person,imageArms,1,1,1.000000
Person,imageBadge,1,1,1.000000
Person,imageBorder,1,1,1.000000
Person,imageCap,1,1,1.000000
Person,imageCapption,1,1,1.000000
Person,imagecapt,1,1,1.000000
Person,imageCaptain,1,1,1.000000
Person,imageChildren,1,1,1.000000
Person,imageclass,1,1,1.000000
Person,imageDescription,1,1,1.000000
Person,imageeSize,1,1,1.000000
Person,imageExtractedFrom,1,1,1.000000
Person,imagefile,1,2,0.500000
Person,imageFullname,1,1,1.000000
Person,imagegeSize,1,1,1.000000
Person,imageHasRationale,1,1,1.000000
Person,imageHeader,1,1,1.000000
Person,lindaMoultonHowe05.jpg,1,1,1.000000
Person,imageinfo,1,1,1.000000
Person,imageInfobox,1,1,1.000000
Person,imageLocation,1,1,1.000000
Person,imagem,1,1,1.000000
Person,imagemage,1,1,1.000000
Person,imagemSubtitle,1,1,1.000000
Person,imagemTamanho,1,1,1.000000
Person,imageNeeded,1,1,1.000000
Person,imageOfTheCoatOfArms,1,1,1.000000
Person,imageP,1,1,1.000000
Person,imageS,1,1,1.000000
Person,imageScale,1,1,1.000000
Person,imageSeize,1,2,0.500000
Person,imageShield,1,1,1.000000
Person,imagesi♫ze,1,1,1.000000
Person,imageSie,1,1,1.000000
Person,imagesiz,1,1,1.000000
Person,imageSiz,1,2,0.500000
Person,ImageSize,1,1,1.000000
Person,imagesize1236.jpg,1,1,1.000000
Person,imagesizeAfdsf,1,1,1.000000
Person,imagesizep,1,1,1.000000
Person,imageSizze,1,1,1.000000
Person,imageSoze,1,1,1.000000
Person,imageSrc,1,1,1.000000
Person,imageSsize,1,1,1.000000
Person,imageTamanho,1,1,1.000000
Person,imageUpright,1,1,1.000000
Person,imageWeight,1,1,1.000000
Person,imageWith,1,1,1.000000
Person,imagezize,1,1,1.000000
Person,imagezsize,1,1,1.000000
Person,imagw,1,1,1.000000
Person,imaige,1,1,1.000000
Person,imajge,1,1,1.000000
Person,imaqeSize,1,1,1.000000
Person,imatge,1,1,1.000000
Person,imatgemida,1,1,1.000000
Person,imazeSize,1,2,0.500000
Person,imb,1,1,1.000000
Person,imdbe,1,1,1.000000
Person,imdbLink,1,1,1.000000
Person,imdbOnly,1,1,1.000000
Person,imdbProfile,1,1,1.000000
Person,imgagesize,1,1,1.000000
Person,imgCape,1,1,1.000000
Person,imgCaptions,1,1,1.000000
Person,imgeSize,1,1,1.000000
Person,imgw,1,1,1.000000
Person,imgWidth,1,1,1.000000
Person,imgwv,1,1,1.000000
Person,immageSize,1,1,1.000000
Person,immigrant,1,1,1.000000
Person,imperialUnit,1,23,0.043478
Person,inanccurate,1,1,1.000000
Person,inc,1,1,1.000000
Person,includeFootnote,1,18,0.055556
Person,incumbentSince,1,1,1.000000
Person,indef,1,1,1.000000
Person,indieLabel,1,1,1.000000
Person,infoboxColor,1,1,1.000000
Person,infoboxWidth,1,3,0.333333
Person,information,1,1,1.000000
Person,infulences,1,1,1.000000
Person,inline,1,5,0.200000
Person,inoffice,1,1,1.000000
Person,inprocessDate,1,1,1.000000
Person,insidesoapAwards,1,1,1.000000
Person,installation,1,1,1.000000
Person,instituto,1,1,1.000000
Person,instructors,1,1,1.000000
Person,instruument,1,1,1.000000
Person,integer,1,9,0.111111
Person,interested,1,1,1.000000
Person,internationalcaps,1,1,1.000000
Person,internationalcountry,1,1,1.000000
Person,internationalDartsLeague,1,1,1.000000
Person,internationalgoals,1,1,1.000000
Person,internationalmatches,1,1,1.000000
Person,internationalMembership,1,1,1.000000
Person,internationalStart,1,1,1.000000
Person,internationalTitles,1,2,0.500000
Person,internetAlbums,1,1,1.000000
Person,interrmentPlace,1,1,1.000000
Person,intl,1,3,0.333333
Person,introduce,1,1,1.000000
Person,introduced,1,1,1.000000
Person,introducedBy,1,2,0.500000
Person,iowaLegislature,1,1,1.000000
Person,iptTitles,1,1,1.000000
Person,iq,1,1,1.000000
Person,irelandcaps,1,1,1.000000
Person,irishname,1,1,1.000000
Person,irishName,1,1,1.000000
Person,irn,1,1,1.000000
Person,ironmanHawaiiPb,1,1,1.000000
Person,ironmanWorldChampionships,1,1,1.000000
Person,isdtAwards,1,1,1.000000
Person,isim,1,1,1.000000
Person,isize,1,1,1.000000
Person,isMissile,1,1,1.000000
Person,issueLine,1,1,1.000000
Person,it,1,9,0.111111
Person,it20shirt,1,1,1.000000
Person,italianLeague,1,1,1.000000
Person,itunesApp,1,1,1.000000
Person,iwebsite,1,1,1.000000
Person,jailInYears,1,1,1.000000
Person,jamesBugentalName,1,1,1.000000
Person,janetCrampsey,1,1,1.000000
Person,japanese,1,1,1.000000
Person,japanname,1,1,1.000000
Person,jbd,1,1,1.000000
Person,jeevaSamadhi,1,1,1.000000
Person,jeevasamadhiplace,1,1,1.000000
Person,jeevaSamadhiPlace,1,1,1.000000
Person,jerseyNo,1,1,1.000000
Person,jerseyNumbers,1,1,1.000000
Person,jetOrProp%3F_,1,1,1.000000
Person,jnumber,1,1,1.000000
Person,jobDescription,1,1,1.000000
Person,jobNow,1,1,1.000000
Person,josefMaderspergerWasAGretEducatedInventor.Name,1,1,1.000000
Person,journalism,1,1,1.000000
Person,journalist,1,1,1.000000
Person,jptitles,1,5,0.200000
Person,jr,1,1,1.000000
Person,jrHighSchool,1,1,1.000000
Person,jrTeam,1,1,1.000000
Person,jstor,1,1,1.000000
Person,jtitles,1,1,1.000000
Person,july,1,1,1.000000
Person,juniorclub,1,1,1.000000
Person,juniorcollege,1,1,1.000000
Person,juniorCollege,1,1,1.000000
Person,juniorTeam.,1,1,1.000000
Person,juristicSchool,1,1,1.000000
Person,jyutpinchinesename,1,1,1.000000
Person,jyutPingChineseName,1,1,1.000000
Person,kan,1,1,1.000000
Person,kannada,1,1,1.000000
Person,karambhumi,1,1,1.000000
Person,karaoke,1,1,1.000000
Person,kashmirOverseasAssociation,1,1,1.000000
Person,kazakhName,1,1,1.000000
Person,kboxNc,1,2,0.500000
Person,keintext,1,6,0.166667
Person,key,1,1,1.000000
Person,keyAccomplishment(s)_,1,1,1.000000
Person,keyboardPlays,1,1,1.000000
Person,keyRole,1,1,1.000000
Person,keyWorks,1,1,1.000000
Person,khanBahadur,1,1,1.000000
Person,khlDraft,1,1,1.000000
Person,khlDraftTeam,1,1,1.000000
Person,khlDraftYear,1,1,1.000000
Person,khmer,1,1,1.000000
Person,kickboxDq,1,1,1.000000
Person,kickboxingdecwins,1,1,1.000000
Person,kickboxingDecwins,1,1,1.000000
Person,kickboxTkoloss,1,2,0.500000
Person,kid,1,1,1.000000
Person,kidnappingPlace,1,1,1.000000
Person,kidnappings,1,1,1.000000
Person,death,1,1,1.000000
Person,killed,1,1,1.000000
Person,killer,1,1,1.000000
Person,killings,1,1,1.000000
Person,kind,1,2,0.500000
Person,kindOfSpecies,1,1,1.000000
Person,kit,1,1,1.000000
Person,klpagswins,1,1,1.000000
Person,knoenFor,1,1,1.000000
Person,known+for,1,1,1.000000
Person,knownAlsoFor,1,1,1.000000
Person,knownas,1,1,1.000000
Person,knownedAs,1,1,1.000000
Person,knownFor.,1,1,1.000000
Person,knownFromIdol,1,1,1.000000
Person,knownMentalIllness,1,1,1.000000
Person,knownSiblings,1,1,1.000000
Person,knownWork,1,1,1.000000
Person,knows,1,1,1.000000
Person,ko%25_,1,1,1.000000
Person,kohan,1,1,1.000000
Person,kotoisin,1,1,1.000000
Person,kowins,1,1,1.000000
Person,kuniyat,1,1,1.000000
Person,kuvanNimi,1,1,1.000000
Person,label6Size,1,2,0.500000
Person,label7Size,1,2,0.500000
Person,labelNames,1,1,1.000000
Person,labels(pastAndPresent)_,1,1,1.000000
Person,labelSite,1,1,1.000000
Person,labelSpouse,1,1,1.000000
Person,labelWebsite,1,1,1.000000
Person,laestdate,1,1,1.000000
Person,landscace,1,1,1.000000
Person,langEn&ie,1,1,1.000000
Person,langEs&client,1,1,1.000000
Person,langEs&ie,1,1,1.000000
Person,langSi,1,1,1.000000
Person,langTitl,1,1,1.000000
Person,languageKnown,1,1,1.000000
Person,languagesOfWriting,1,7,0.142857
Person,languageWorks,1,1,1.000000
Person,languesKnown,1,1,1.000000
Person,lasdt,1,1,1.000000
Person,lastAppearance,1,1,1.000000
Person,lastAuthorAmp,1,1,1.000000
Person,lastBuschStart,1,1,1.000000
Person,lastChaturmas,1,1,1.000000
Person,lastClub,1,1,1.000000
Person,lastclubplayed,1,1,1.000000
Person,lastConcert,1,1,1.000000
Person,lastConvRace,1,3,0.333333
Person,lastConvWin,1,1,1.000000
Person,lastCupArace,1,1,1.000000
Person,lastElection,1,1,1.000000
Person,lastfcagainst,1,1,1.000000
Person,lastfcfor,1,1,1.000000
Person,lastfirstclassdate,1,1,1.000000
Person,lastfirstclassyear,1,1,1.000000
Person,lastgameagainst,1,1,1.000000
Person,lastgamedate,1,1,1.000000
Person,lastgamefor,1,1,1.000000
Person,lastgameyear,1,1,1.000000
Person,lastIrlWin,1,1,1.000000
Person,lastMention,1,1,1.000000
Person,lastMonarch,1,1,1.000000
Person,lastodiaganist,1,1,1.000000
Person,lastplayeddate,1,1,1.000000
Person,lastPlayedFor,1,1,1.000000
Person,lastplayedyear,1,1,1.000000
Person,lastSeen,1,1,1.000000
Person,lastt20ilagainst,1,1,1.000000
Person,lastt20year,1,2,0.500000
Person,lastTeam,1,1,1.000000
Person,lastTest,1,1,1.000000
Person,lasttestiagainst,1,1,1.000000
Person,lat1Dir,1,3,0.333333
Person,lat2Dir,1,3,0.333333
Person,lat3Dir,1,2,0.500000
Person,lat4Dir,1,1,1.000000
Person,lat4Min,1,1,1.000000
Person,lat4Sec,1,1,1.000000
Person,lat5Deg,1,1,1.000000
Person,lat5Dir,1,1,1.000000
Person,lat5Min,1,1,1.000000
Person,lat5Sec,1,1,1.000000
Person,latDirection,1,15,0.066667
Person,laterworkhikoiuiytrtrtyyu,1,1,1.000000
Person,latesGranddaughter,1,1,1.000000
Person,latestAppearance,1,1,1.000000
Person,latestChild'sName,1,1,1.000000
Person,latestProducing,1,1,1.000000
Person,latestRace,1,1,1.000000
Person,latitudedegrees,1,1,1.000000
Person,latitudeminutes,1,1,1.000000
Person,latitudeseconds,1,1,1.000000
Person,latns,1,3,0.333333
Person,laumpired,1,1,1.000000
Person,launchDate,1,1,1.000000
Person,lavel,1,1,1.000000
Person,layEntrustment,1,1,1.000000
Person,lbNat,1,1,1.000000
Person,lbType,1,1,1.000000
Person,lcbNat,1,1,1.000000
Person,lcf,1,1,1.000000
Person,lcmNat,1,1,1.000000
Person,leader.,1,1,1.000000
Person,leadingRole,1,1,1.000000
Person,leagueResult,1,1,1.000000
Person,lebel,1,1,1.000000
Person,leg,1,1,1.000000
Person,legalCases,1,1,1.000000
Person,légend,1,1,1.000000
Person,legend1end,1,1,1.000000
Person,legend1start,1,1,1.000000
Person,legend1title,1,1,1.000000
Person,legenda,1,1,1.000000
Person,legislativecouncil,1,1,1.000000
Person,legislatureStatus,1,1,1.000000
Person,legLength,1,1,1.000000
Person,leicesterTigers,1,1,1.000000
Person,leinsterClposition,1,1,1.000000
Person,lengthAlt,1,1,1.000000
Person,lengthImperial,1,1,1.000000
Person,lengthMain,1,1,1.000000
Person,lengthTrack,1,1,1.000000
Person,lenguages,1,1,1.000000
Person,lenguaje,1,1,1.000000
Person,leutenant,1,1,1.000000
Person,lietenant,1,1,1.000000
Person,lieuDécès,1,1,1.000000
Person,lieuNaissance,1,1,1.000000
Person,lieutenant(s)_,1,1,1.000000
Person,lifeStatus,1,1,1.000000
Person,lifetime,1,1,1.000000
Person,lin,1,1,1.000000
Person,linerNotes,1,1,1.000000
Person,linerNoteTranslation,1,1,1.000000
Person,lines,1,1,1.000000
Person,linkedIn,1,1,1.000000
Person,linkonly,1,2,0.500000
Person,list1title,1,1,1.000000
Person,list2title,1,1,1.000000
Person,list3title,1,1,1.000000
Person,list4title,1,1,1.000000
Person,list5title,1,1,1.000000
Person,listAs,1,1,1.000000
Person,listed,1,2,0.500000
Person,listEpisodes,1,1,1.000000
Person,listNotes,1,1,1.000000
Person,listtitlestyle,1,1,1.000000
Person,lit,1,1,1.000000
Person,literaryLanguage,1,2,0.500000
Person,literarySchool,1,1,1.000000
Person,literatyLanguaje,1,1,1.000000
Person,livedAndWorked,1,1,1.000000
Person,livePlace,1,1,1.000000
Person,liveRightNow,1,1,1.000000
Person,livingCountry,1,1,1.000000
Person,livingPlaces,1,1,1.000000
Person,livingRelatives,1,1,1.000000
Person,livingSpace,1,1,1.000000
Person,lk,1,1,1.000000
Person,llocmort,1,1,1.000000
Person,loadedWeightAlt,1,1,1.000000
Person,loadedWeightMain,1,1,1.000000
Person,loadingAlt,1,1,1.000000
Person,loadingMain,1,1,1.000000
Person,loc,1,1,1.000000
Person,locallyKnownAs,1,1,1.000000
Person,localNascimento,1,1,1.000000
Person,locationOfDeath,1,1,1.000000
Person,locationPlace,1,1,1.000000
Person,locationSigned,1,1,1.000000
Person,locatorPosition,1,1,1.000000
Person,locName,1,1,1.000000
Person,logieaward,1,1,1.000000
Person,logieAwards,1,1,1.000000
Person,"loginRequiredForWallStreetJournalBestsellersListApril18,_",1,1,1.000000
Person,logLift,1,1,1.000000
Person,logoCaption,1,1,1.000000
Person,logogram,1,11,0.090909
Person,logoImage,1,1,1.000000
Person,lon3Dir,1,2,0.500000
Person,lon4Dir,1,1,1.000000
Person,lon4Min,1,1,1.000000
Person,lon4Sec,1,1,1.000000
Person,lon5Deg,1,1,1.000000
Person,lon5Dir,1,1,1.000000
Person,lon5Min,1,1,1.000000
Person,lon5Sec,1,1,1.000000
Person,longDirection,1,15,0.066667
Person,longName,1,1,1.000000
Person,longside,1,1,1.000000
Person,longTermPartner,1,1,1.000000
Person,longtitudedegrees,1,1,1.000000
Person,longtitudeminutes,1,1,1.000000
Person,longtitudeseconds,1,1,1.000000
Person,lopencong,1,1,1.000000
Person,lossesByKo,1,1,1.000000
Person,loyalty,1,1,1.000000
Person,lp,1,1,1.000000
Person,lpos,1,1,1.000000
Person,lRelatives,1,1,1.000000
Person,lt,1,1,1.000000
Person,lugarDeMacimiento,1,1,1.000000
Person,lunarBirthYear,1,1,1.000000
Person,lwNat,1,1,1.000000
Person,m.aDegree,1,1,1.000000
Person,ma,1,1,1.000000
Person,madhaab,1,1,1.000000
Person,magazines,1,1,1.000000
Person,magenrsleagueyears,1,1,1.000000
Person,mageSize,1,1,1.000000
Person,mahaSamadhi,1,1,1.000000
Person,main%3ClinkRel,1,1,1.000000
Person,main,1,1,1.000000
Person,mainEducation,1,1,1.000000
Person,mainFocus,1,1,1.000000
Person,mainIndustry,1,1,1.000000
Person,mainInterestes,1,1,1.000000
Person,mainOccupation,1,1,1.000000
Person,mainPastor,1,1,1.000000
Person,mainRoles,1,1,1.000000
Person,majesty,1,1,1.000000
Person,majorBook,1,1,1.000000
Person,majorBooks,1,1,1.000000
Person,majorcompetition,1,1,1.000000
Person,majorInfluences,1,1,1.000000
Person,majorityChange,1,1,1.000000
Person,majorLeagueDebutdate,1,1,1.000000
Person,majorTeam,1,1,1.000000
Person,male,1,1,1.000000
Person,maleSibling,1,1,1.000000
Person,maltaOpen,1,1,1.000000
Person,mamagerclubs,1,1,1.000000
Person,manageclubs,1,1,1.000000
Person,managedBy,1,1,1.000000
Person,booking,1,1,1.000000
Person,managementCompany,1,1,1.000000
Person,agent,1,1,1.000000
Person,managerclbus,1,1,1.000000
Person,managerclub4years,1,1,1.000000
Person,manaGerclubs,1,1,1.000000
Person,managerdclubs,1,1,1.000000
Person,managerears,1,1,1.000000
Person,managergoals,1,1,1.000000
Person,managerialteam,1,1,1.000000
Person,managerialyears,1,1,1.000000
Person,managernation,1,1,1.000000
Person,managers,1,1,1.000000
Person,managersclub,1,1,1.000000
Person,managerteam5years,1,1,1.000000
Person,managerties,1,1,1.000000
Person,manageryear,1,1,1.000000
Person,manageryears1.,1,1,1.000000
Person,manageryears2.,1,1,1.000000
Person,mandarinPinyin,1,1,1.000000
Person,mandateperiod,1,1,1.000000
Person,mane,1,1,1.000000
Person,manegerclubs,1,1,1.000000
Person,manger,1,1,1.000000
Person,mangersclub,1,1,1.000000
Person,mangeryears3.,1,1,1.000000
Person,mangeryears6.,1,1,1.000000
Person,manipuled,1,1,1.000000
Person,mantling,1,1,1.000000
Person,manuscript(s)_,1,1,1.000000
Person,manuscript,1,1,1.000000
Person,many,1,2,0.500000
Person,mar,1,1,1.000000
Person,margins,1,1,1.000000
Person,maritalOrPartnershipStatus,1,1,1.000000
Person,maritalstatus,1,1,1.000000
Person,mark6size,1,2,0.500000
Person,mark7size,1,2,0.500000
Person,marketValue,1,1,1.000000
Person,marriedSince,1,1,1.000000
Person,martialArtsSchool,1,1,1.000000
Person,master'sAdvisor,1,1,1.000000
Person,master'sTitles,1,1,1.000000
Person,masterEye,1,1,1.000000
Person,masterpiece,1,1,1.000000
Person,matche,1,1,1.000000
Person,mate,1,1,1.000000
Person,maternal,1,1,1.000000
Person,maternalBrother,1,1,1.000000
Person,maternalGrandfather,1,1,1.000000
Person,maternalLanguaje,1,1,1.000000
Person,maxSpeedAlt,1,1,1.000000
Person,maxSpeedMain,1,1,1.000000
Person,may,1,1,1.000000
Person,mayorOfOrizaba,1,1,1.000000
Person,mba,1,1,1.000000
Person,mcaption,1,1,1.000000
Person,mccuneReischauer,1,1,1.000000
Person,mccuneReishauer,1,1,1.000000
Person,mcdonaldWithTheBostonRedSoxPosition,1,1,1.000000
Person,me,1,1,1.000000
Person,meaning,1,1,1.000000
Person,measurement,1,1,1.000000
Person,medalTemplatesExpand,1,47,0.021277
Person,medicalCareer,1,1,1.000000
Person,meeting,1,1,1.000000
Person,meilleurClassement,1,1,1.000000
Person,melody,1,1,1.000000
Person,memberOfCongress,1,1,1.000000
Person,memorial,1,1,1.000000
Person,memorialMarker,1,1,1.000000
Person,menageryears,1,1,1.000000
Person,mensuration,1,1,1.000000
Person,mentallyRetarded,1,1,1.000000
Person,mentored,1,1,1.000000
Person,meshid,1,1,1.000000
Person,meslek,1,1,1.000000
Person,messurements,1,1,1.000000
Person,meteorn,1,1,1.000000
Person,meteorw,1,1,1.000000
Person,metropolitanOf,1,1,1.000000
Person,mfa,1,1,1.000000
Person,mickname,1,1,1.000000
Person,middlename,1,1,1.000000
Person,middleName,1,1,1.000000
Person,milb,1,1,1.000000
Person,militaryCareer,1,1,1.000000
Person,militaryCategory,1,1,1.000000
Person,militaryRankAndSerialNumber,1,1,1.000000
Person,militaryService.,1,1,1.000000
Person,militaryTitle,1,1,1.000000
Person,milliyeti,1,1,1.000000
Person,minister6Termend,1,1,1.000000
Person,minister6Termstart,1,1,1.000000
Person,ministerialOffice,1,1,1.000000
Person,ministerOfStateForTheAtlanticCanadaOpportunitiesAgency,1,1,1.000000
Person,minorityFloorLeader,1,1,1.000000
Person,minorRole(s)_,1,1,1.000000
Person,missEarth,1,1,1.000000
Person,missEarthMexico,1,1,1.000000
Person,missingFrom,1,1,1.000000
Person,missInternationalMexico,1,1,1.000000
Person,missMexicoUniverse,1,1,1.000000
Person,missPagcorInternational,1,1,1.000000
Person,missTeenUsa,1,3,0.333333
Person,missWorldWorld,1,1,1.000000
Person,místo,1,1,1.000000
Person,mistress,1,1,1.000000
Person,mixedBy,1,1,1.000000
Person,mixedDoublesPartner,1,1,1.000000
Person,mixeddoublesrecord,1,1,1.000000
Person,mixeddoublesresult,1,1,1.000000
Person,mixeddoublestitles,1,1,1.000000
Person,mjestoSmrti,1,1,1.000000
Person,mla,1,1,1.000000
Person,mlc,1,1,1.000000
Person,mllDraft,1,1,1.000000
Person,mllDraftTeam,1,1,1.000000
Person,mllDraftYear,1,1,1.000000
Person,mllTeams,1,1,1.000000
Person,mmadqwins,1,2,0.500000
Person,mmaidenName,1,1,1.000000
Person,mmaKowloss,1,1,1.000000
Person,mmancs,1,1,1.000000
Person,mmaOther,1,1,1.000000
Person,mmaotherwins,1,1,1.000000
Person,mmaTkoloss,1,1,1.000000
Person,mna,1,1,1.000000
Person,mnagerclubs,1,1,1.000000
Person,mobile,1,1,1.000000
Person,mobileNo.,1,1,1.000000
Person,mod,1,1,1.000000
Person,modelAgency,1,1,1.000000
Person,modelingInformation,1,1,1.000000
Person,moderklubb,1,2,0.500000
Person,mom,1,1,1.000000
Person,monarch2a,1,1,1.000000
Person,monarch2b,1,1,1.000000
Person,monarchLabel,1,1,1.000000
Person,monogram,1,1,1.000000
Person,monsterTruckDriven,1,1,1.000000
Person,monthAndYear,1,1,1.000000
Person,weight,1,1,1.000000
Person,mostlyKnownFor,1,1,1.000000
Person,mostRecentlyPlayed,1,1,1.000000
Person,mostrecentteam,1,1,1.000000
Person,mostRecentTeam,1,1,1.000000
Person,father,1,1,1.000000
Person,Father,1,1,1.000000
Person,mother%60sName,1,1,1.000000
Person,motherLanguaje,1,1,1.000000
Person,mothert,1,1,1.000000
Person,motherTounge,1,1,1.000000
Person,motifs,1,1,1.000000
Person,motmCountry,1,1,1.000000
Person,motmCtryShortForm,1,1,1.000000
Person,moto,1,2,0.500000
Person,motogpStarts,1,1,1.000000
Person,motorcycleType,1,1,1.000000
Person,mottoes,1,1,1.000000
Person,movieGenre,1,1,1.000000
Person,movieName,1,1,1.000000
Person,mp,1,1,1.000000
Person,mplaybest,1,1,1.000000
Person,mplaycareer,1,1,1.000000
Person,mtveuropen,1,1,1.000000
Person,mtvvideon,1,1,1.000000
Person,mtvvideow,1,1,1.000000
Person,mukthiPlace,1,1,1.000000
Person,multiline,1,1,1.000000
Person,municipality,1,1,1.000000
Person,murders,1,1,1.000000
Person,musicAlbum,1,1,1.000000
Person,musicalInfluences,1,1,1.000000
Person,musicBand,1,1,1.000000
Person,musicbrainz,1,1,1.000000
Person,musicgenre,1,1,1.000000
Person,musician,1,1,1.000000
Person,musicians,1,1,1.000000
Person,musicSchool,1,1,1.000000
Person,musicWebsite,1,1,1.000000
Person,mutupoTribe,1,1,1.000000
Person,muzzo,1,1,1.000000
Person,myanmarAcademyAwards,1,1,1.000000
Person,mythology,1,1,1.000000
Person,na,1,1,1.000000
Person,naam,1,1,1.000000
Person,naame,1,1,1.000000
Person,nacimiento,1,1,1.000000
Person,nallTeam,1,2,0.500000
Person,namae,1,1,1.000000
Person,name';'';_,1,1,1.000000
Person,name(chinese)_,1,1,1.000000
Person,name)_,1,1,1.000000
Person,name%3Clan%3E_,1,1,1.000000
Person,name%60_,1,1,1.000000
Person,namE,1,1,1.000000
Person,naMe,1,1,1.000000
Person,name10a,1,1,1.000000
Person,name10b,1,1,1.000000
Person,name10c,1,1,1.000000
Person,name10d,1,1,1.000000
Person,name10e,1,1,1.000000
Person,name11a,1,1,1.000000
Person,name11b,1,1,1.000000
Person,name12a,1,1,1.000000
Person,name12b,1,1,1.000000
Person,name12c,1,1,1.000000
Person,name13a,1,1,1.000000
Person,name13b,1,1,1.000000
Person,name14a,1,1,1.000000
Person,name15a,1,1,1.000000
Person,name15b,1,1,1.000000
Person,name16a,1,1,1.000000
Person,name16b,1,1,1.000000
Person,name16c,1,1,1.000000
Person,name17a,1,1,1.000000
Person,name1a,1,1,1.000000
Person,name2a,1,1,1.000000
Person,name2InSerekh,1,1,1.000000
Person,name2SerekhSymbol,1,1,1.000000
Person,name3a,1,1,1.000000
Person,name3b,1,1,1.000000
Person,name3c,1,1,1.000000
Person,name3d,1,1,1.000000
Person,name3InSerekh,1,1,1.000000
Person,name3SerekhSymbol,1,1,1.000000
Person,name4a,1,1,1.000000
Person,name4InCartouche,1,1,1.000000
Person,name5a,1,1,1.000000
Person,name5b,1,1,1.000000
Person,name5c,1,1,1.000000
Person,name6a,1,1,1.000000
Person,name6b,1,1,1.000000
Person,name6c,1,1,1.000000
Person,name6d,1,1,1.000000
Person,name6e,1,1,1.000000
Person,name6f,1,1,1.000000
Person,name7a,1,1,1.000000
Person,name7b,1,1,1.000000
Person,name8a,1,1,1.000000
Person,name8b,1,1,1.000000
Person,name8c,1,1,1.000000
Person,name9a,1,1,1.000000
Person,nameAarePagalThaUKua,1,1,1.000000
Person,nameAlias,1,1,1.000000
Person,nameAtBirth,1,1,1.000000
Person,nameb,1,1,1.000000
Person,namechangedate,1,1,1.000000
Person,namedAfter,1,1,1.000000
Person,nameFirstAndLast,1,1,1.000000
Person,nameFull,1,1,1.000000
Person,nameInCartouche,1,1,1.000000
Person,nameInKannada,1,1,1.000000
Person,nameInNativeCountry,1,1,1.000000
Person,nameJeanPierreFoucault,1,1,1.000000
Person,nameKillaHittaHittaKilla,1,1,1.000000
Person,namem,1,1,1.000000
Person,nameMeaning,1,1,1.000000
Person,namename,1,1,1.000000
Person,nameNameLang,1,1,1.000000
Person,nameOfDaughter,1,1,1.000000
Person,nameOfHusband,1,1,1.000000
Person,nameOfMp,1,1,1.000000
Person,nameOfWife,1,1,1.000000
Person,nameOther,1,1,1.000000
Person,nameRatnakar,1,1,1.000000
Person,nameReal,1,1,1.000000
Person,namerences,1,1,1.000000
Person,nameRu,1,1,1.000000
Person,nameShownInPassport,1,1,1.000000
Person,namesInOtherLanguages,1,1,1.000000
Person,namesInOtherNativeLanguages,1,1,1.000000
Person,nameŞorayUzun,1,1,1.000000
Person,namestyle,1,1,1.000000
Person,nameجميلة,1,1,1.000000
Person,nameمرضیهعزیزی,1,1,1.000000
Person,namn,1,1,1.000000
Person,namne,1,1,1.000000
Person,namw,1,1,1.000000
Person,napionality,1,1,1.000000
Person,naptMoneyFinishes,1,1,1.000000
Person,narcissistPoints,1,1,1.000000
Person,narrow,1,4,0.250000
Person,natinality,1,1,1.000000
Person,natinalteamUpdate,1,1,1.000000
Person,natineNameLang,1,2,0.500000
Person,natinoalgoals,1,1,1.000000
Person,natioalyears,1,1,1.000000
Person,natioanality,1,1,1.000000
Person,natioinalgoals,1,1,1.000000
Person,nationa1caps,1,1,1.000000
Person,nationa1goals,1,1,1.000000
Person,nationa1team,1,1,1.000000
Person,nationagoals,1,1,1.000000
Person,nationailty,1,1,1.000000
Person,nationalcaps2(goals)_,1,1,1.000000
Person,nationalcapsgoals,1,1,1.000000
Person,nationalcaptain,1,1,1.000000
Person,nationalChamp,1,1,1.000000
Person,nationalChampionshipAppearances,1,1,1.000000
Person,nationalChampionships,1,1,1.000000
Person,nationalcoals,1,1,1.000000
Person,nationalcompetitions,1,1,1.000000
Person,nationalears,1,1,1.000000
Person,nationalFn,1,1,1.000000
Person,nationalGoals,1,1,1.000000
Person,nationalgols,1,1,1.000000
Person,nationalHighSchoolRecord,1,1,1.000000
Person,nationalitet,1,1,1.000000
Person,nationality.,1,1,1.000000
Person,nationality(ethnicOrigin)_,1,1,1.000000
Person,nationalityHaitianAndCapeVerdeanBirthDate,1,1,1.000000
Person,nationalityStatus,1,1,1.000000
Person,nationallity,1,1,1.000000
Person,nationally,1,1,1.000000
Person,nationalNewspaperAwards,1,1,1.000000
Person,nationalrecords,1,1,1.000000
Person,nationalstatsend,1,1,1.000000
Person,nAtionalteam,1,1,1.000000
Person,nationalteam3%60_,1,1,1.000000
Person,nationalteamnumber,1,1,1.000000
Person,nationalteamTupdate,1,1,1.000000
Person,nationalTeamupdate,1,1,1.000000
Person,nationalTeamUpdate,1,1,1.000000
Person,nationalteamuptade,1,1,1.000000
Person,nationaltean,1,1,1.000000
Person,nationaltemplateUpdate,1,1,1.000000
Person,nationaltiy,1,1,1.000000
Person,nationalyear,1,2,0.500000
Person,nationalyears1U,1,1,1.000000
Person,nationalyears2002Nationalteam,1,1,1.000000
Person,nationalyeras,1,1,1.000000
Person,nationateam,1,1,1.000000
Person,nationlaity,1,1,1.000000
Person,nationlality,1,1,1.000000
Person,nationofbirth,1,1,1.000000
Person,nationronity,1,1,1.000000
Person,nationUpdate,1,1,1.000000
Person,nativeAlphabet,1,1,1.000000
Person,nativeBame,1,1,1.000000
Person,nativeLang4Name,1,1,1.000000
Person,nativeNamae,1,1,1.000000
Person,nativename,1,1,1.000000
Person,nativeNameEl,1,2,0.500000
Person,nativeNameLa,1,1,1.000000
Person,nativeNameLng,1,2,0.500000
Person,nativenameR,1,1,1.000000
Person,nativeNames,1,1,1.000000
Person,nativeOf,1,1,1.000000
Person,nativeOfficialName,1,1,1.000000
Person,nativeTongue,1,1,1.000000
Person,natonalteamUpdate,1,1,1.000000
Person,natoveNameLang,1,1,1.000000
Person,naturalbust,1,1,1.000000
Person,naturalization,1,1,1.000000
Person,naturalized,1,1,1.000000
Person,naturalVoiceType,1,1,1.000000
Person,natveNameLang,1,1,1.000000
Person,nazionalità,1,1,1.000000
Person,nbap,1,8,0.125000
Person,nbaProfiel,1,1,1.000000
Person,nbirthPlace,1,1,1.000000
Person,ncaaAllAmerican,1,1,1.000000
Person,ncaafinalfour,1,1,1.000000
Person,ncaasecondround,1,1,1.000000
Person,ncl,1,1,1.000000
Person,ne,1,1,1.000000
Person,neame,1,1,1.000000
Person,nebtyTranslation,1,1,1.000000
Person,necktype,1,1,1.000000
Person,needsphoto,1,2,0.500000
Person,needsPhoto,1,2,0.500000
Person,negroLeagueTeams,1,1,1.000000
Person,neices,1,1,1.000000
Person,nema,1,1,1.000000
Person,neme,1,1,1.000000
Person,nep,1,1,1.000000
Person,nettWorth,1,1,1.000000
Person,netWork,1,1,1.000000
Person,networks,1,1,1.000000
Person,"networth,ThoughItIsASadDayWhenAmericaDecidesThatTheyCanPutAPriceOnLife...",1,1,1.000000
Person,newArtistGroup,1,1,1.000000
Person,newName,1,1,1.000000
Person,newnfl,1,1,1.000000
Person,newOccupation,1,1,1.000000
Person,newsOfTheWorld,1,1,1.000000
Person,nextConcert,1,1,1.000000
Person,nextElection,1,1,1.000000
Person,nextOfKin,1,1,1.000000
Person,nextseason,1,1,1.000000
Person,nfkDiv,1,1,1.000000
Person,nflDiv,1,1,1.000000
Person,nflDraftedteam,1,1,1.000000
Person,nfldraftteam,1,1,1.000000
Person,nflNew,1,1,1.000000
Person,nflPointsScored,1,1,1.000000
Person,nhlCoaching,1,1,1.000000
Person,nhlGamesCalled,1,1,1.000000
Person,nhlTeams,1,1,1.000000
Person,nickmane,1,1,1.000000
Person,nickmante,1,1,1.000000
Person,nickname(alias)_,1,1,1.000000
Person,s,1,1,1.000000
Person,nicname,1,1,1.000000
Person,nihon,1,1,1.000000
Person,nikname,1,1,1.000000
Person,nineDartFinishes,1,1,1.000000
Person,nllDrattYear,1,1,1.000000
Person,nme,1,1,1.000000
Person,nmen,1,1,1.000000
Person,nmew,1,1,1.000000
Person,nnb,1,1,1.000000
Person,no.,1,1,1.000000
Person,no.of.children,1,1,1.000000
Person,no.OfChildren,1,1,1.000000
Person,no.OfDaughters,1,1,1.000000
Person,no.OfSons,1,1,1.000000
Person,nobel,1,1,1.000000
Person,nobleFalmily,1,1,1.000000
Person,nobleWorks,1,1,1.000000
Person,nobreak,1,1,1.000000
Person,nocat,1,1,1.000000
Person,noContest,1,3,0.333333
Person,noIcon,1,26,0.038462
Person,nolinklanguage,1,1,1.000000
Person,nomAlias,1,1,1.000000
Person,nombreDeNacimiento,1,1,1.000000
Person,nomDeNaissance,1,1,1.000000
Person,nomeCompleto,1,1,1.000000
Person,nomenTranslation,1,1,1.000000
Person,nomreal,1,1,1.000000
Person,nomsDeGuerre,1,1,1.000000
Person,nonamerican,1,1,1.000000
Person,nonconf,1,3,0.333333
Person,none,1,1,1.000000
Person,noneSee,1,1,1.000000
Person,noob,1,1,1.000000
Person,noOfChildren,1,1,1.000000
Person,noOfTimesElected,1,1,1.000000
Person,noparen,1,1,1.000000
Person,noprescript,1,4,0.250000
Person,noPrescript,1,3,0.333333
Person,noprose,1,2,0.500000
Person,norder,1,1,1.000000
Person,normalfont,1,1,1.000000
Person,northeast,1,1,1.000000
Person,northwest,1,1,1.000000
Person,northWestComedyAwards,1,1,1.000000
Person,norwegianleague,1,1,1.000000
Person,nosales,1,1,1.000000
Person,notableAct,1,1,1.000000
Person,notableActivities,1,1,1.000000
Person,notableBuildings,1,1,1.000000
Person,notableCases,1,1,1.000000
Person,notableInstrumentsAndEquipment,1,1,1.000000
Person,notableInterest,1,1,1.000000
Person,notableMusicEquipment,1,1,1.000000
Person,notablePhdStudents,1,1,1.000000
Person,notablePize,1,1,1.000000
Person,notablePositions,1,1,1.000000
Person,notablePostdocs,1,1,1.000000
Person,notablePrize,1,1,1.000000
Person,notableRecordings,1,1,1.000000
Person,notableScholarshipsAndAwards,1,1,1.000000
Person,notablesFilms,1,1,1.000000
Person,notableSource,1,1,1.000000
Person,notableTeachers,1,1,1.000000
Person,notableVictory,1,1,1.000000
Person,notableworksandideas,1,1,1.000000
Person,notedFor,1,1,1.000000
Person,noteworthyAccomplishments,1,1,1.000000
Person,notice,1,1,1.000000
Person,notMilitaryJobs,1,1,1.000000
Person,notready,1,1,1.000000
Person,noun,1,1,1.000000
Person,nounspecified,1,1,1.000000
Person,novel,1,1,1.000000
Person,nowCoaching,1,1,1.000000
Person,nowResiding,1,1,1.000000
Person,nsrhandndndndnfdndndnsskaakakaotableInstruments,1,1,1.000000
Person,nta,1,1,1.000000
Person,nteam,1,1,1.000000
Person,ntiveNameLang,1,1,1.000000
Person,ntl,1,1,1.000000
Person,ntlTeams,1,1,1.000000
Person,ntpdate,1,1,1.000000
Person,nttupdate,1,1,1.000000
Person,ntu,1,1,1.000000
Person,ntudpdate,1,1,1.000000
Person,ntupate,1,1,1.000000
Person,ntUpdated,1,1,1.000000
Person,ntupdateNegouse,1,1,1.000000
Person,nukat,1,1,1.000000
Person,numberOfProps,1,1,1.000000
Person,numberOfScenes,1,1,1.000000
Person,numberOfTerms,1,1,1.000000
Person,numeroAlbumLive,1,1,1.000000
Person,numeroAlbumStudio,1,1,1.000000
Person,numeroTotaleAlbumPubblicati,1,1,1.000000
Person,numMembers,1,1,1.000000
Person,numTeamMembers,1,1,1.000000
Person,nupdate,1,1,1.000000
Person,nururl,1,1,1.000000
Person,nyears,1,1,1.000000
Person,oaux3Name,1,1,1.000000
Person,obispo,1,1,1.000000
Person,occuaption,1,1,1.000000
Person,occugfgfgpation,1,1,1.000000
Person,occupacation,1,1,1.000000
Person,occupación,1,1,1.000000
Person,occupat,1,1,1.000000
Person,occupatio,1,1,1.000000
Person,work,1,1,1.000000
Person,occuPation,1,1,1.000000
Person,occupationn,1,1,1.000000
Person,occupationP,1,1,1.000000
Person,occupatiopn,1,1,1.000000
Person,occupaton,1,1,1.000000
Person,occupattion,1,1,1.000000
Person,occupatuion,1,1,1.000000
Person,occupitaion,1,1,1.000000
Person,occuptaion,1,1,1.000000
Person,occuption,1,1,1.000000
Person,ocr,1,1,1.000000
Person,ocupación,1,1,1.000000
Person,ocupaţie,1,1,1.000000
Person,ocuppation,1,1,1.000000
Person,od,1,1,1.000000
Person,oder,1,1,1.000000
Person,odilastagainst,1,1,1.000000
Person,odilastdate,1,1,1.000000
Person,odilastyear,1,1,1.000000
Person,odishirtno,1,1,1.000000
Person,œuvres,1,1,1.000000
Person,offic,1,1,1.000000
Person,officalWebsite,1,1,1.000000
Person,office1ConstituencyMla,1,1,1.000000
Person,officeAddress,1,1,1.000000
Person,officee,1,1,1.000000
Person,officeend,1,1,1.000000
Person,officeholder,1,1,1.000000
Person,officeName,1,1,1.000000
Person,officestart,1,1,1.000000
Person,officeTerm,1,1,1.000000
Person,officeWebsite,1,1,1.000000
Person,officialBlog,1,1,1.000000
Person,officialHomepage,1,1,1.000000
Person,officiallyRecognizedFather,1,1,1.000000
Person,officialresidence,1,1,1.000000
Person,officialTwitterAccount,1,1,1.000000
Person,officialWeb,1,1,1.000000
Person,officialWebPage,1,1,1.000000
Person,officialWerbsite,1,1,1.000000
Person,offsprings,1,1,1.000000
Person,ogdenHeight,1,1,1.000000
Person,oldBwfId,1,1,1.000000
Person,oldNames,1,1,1.000000
Person,oldOccupation,1,1,1.000000
Person,olydoubles,1,4,0.250000
Person,olympiad,1,1,1.000000
Person,olympicGames,1,1,1.000000
Person,olympicsinglesresult,1,1,1.000000
Person,olympicsinglessresult,1,1,1.000000
Person,olympicsmixeddoublesresult,1,1,1.000000
Person,olympicsResult,1,2,0.500000
Person,olympicyears,1,1,1.000000
Person,olysingles,1,1,1.000000
Person,omagesize,1,4,0.250000
Person,on,1,1,1.000000
Person,onAirNames,1,1,1.000000
Person,önceki,1,1,1.000000
Person,onderscheidingen,1,1,1.000000
Person,onefc,1,1,1.000000
Person,oneit,1,32,0.031250
Person,onelanguage,1,1,1.000000
Person,onlinebooksabout,1,2,0.500000
Person,onlyagainst,1,1,1.000000
Person,onlydate,1,1,1.000000
Person,onlyfor,1,1,1.000000
Person,onlyt20i,1,1,1.000000
Person,onlytest,1,2,0.500000
Person,onlyWin,1,1,1.000000
Person,onScreenDeath,1,1,1.000000
Person,ontheissies,1,1,1.000000
Person,onthissues,1,1,1.000000
Person,oocupation,1,1,1.000000
Person,opBishnoiBana,1,1,1.000000
Person,opensecret,1,1,1.000000
Person,operaBlog,1,1,1.000000
Person,opponentsRecord,1,1,1.000000
Person,oppositionParty,1,1,1.000000
Person,oq,1,22,0.045455
Person,orchestra,1,1,1.000000
Person,ordain,1,1,1.000000
Person,ordainedDate,1,1,1.000000
Person,ordenación,1,1,1.000000
Person,ordinationBy,1,1,1.000000
Person,ordinationDate,1,1,1.000000
Person,ordinationToPriesthood,1,1,1.000000
Person,ordo,1,1,1.000000
Person,orfuallstar,1,1,1.000000
Person,organ,1,1,1.000000
Person,organisationFounded,1,1,1.000000
Person,organisers,1,1,1.000000
Person,team,1,1,1.000000
Person,organizationalInvolvement,1,1,1.000000
Person,organiztion,1,1,1.000000
Person,orgnizations,1,1,1.000000
Person,ori̇gi̇n,1,1,1.000000
Person,originalFormat,1,1,1.000000
Person,originality,1,3,0.333333
Person,originallyKnownAs,1,1,1.000000
Person,originalteadem,1,1,1.000000
Person,originalTeam,1,1,1.000000
Person,originCountry,1,1,1.000000
Person,originDate,1,1,1.000000
Person,origine,1,1,1.000000
Person,origins'Country,1,1,1.000000
Person,origins,1,1,1.000000
Person,origtag,1,17,0.058824
Person,ornementExtérieur,1,1,1.000000
Person,osition,1,1,1.000000
Person,otherActivity,1,1,1.000000
Person,otherAdvisor,1,1,1.000000
Person,otherAliases,1,1,1.000000
Person,otherGrandchildren,1,1,1.000000
Person,otherinfo,1,1,1.000000
Person,otherInformation,1,1,1.000000
Person,otherLanguage,1,9,0.111111
Person,otherNameRaisulUlamaKnownFor,1,1,1.000000
Person,otherNames.,1,1,1.000000
Person,otherNotableStudentsStudents,1,1,1.000000
Person,otherOffices,1,1,1.000000
Person,otherpary,1,1,1.000000
Person,otherPary,1,1,1.000000
Person,otherPoliticalAffiliation,1,1,1.000000
Person,otherPosition,1,1,1.000000
Person,otherProfession,1,1,1.000000
Person,otherReligion,1,1,1.000000
Person,othersexlink,1,3,0.333333
Person,othersOccupations,1,1,1.000000
Person,otherSource,1,1,1.000000
Person,otherSpelling,1,1,1.000000
Person,othertournamentssingles,1,2,0.500000
Person,othertparty,1,1,1.000000
Person,otherUrl,1,1,1.000000
Person,otherVictims,1,1,1.000000
Person,outertitle,1,1,1.000000
Person,overlay1left,1,1,1.000000
Person,overlay1top,1,1,1.000000
Person,overlay2left,1,1,1.000000
Person,overlay2top,1,1,1.000000
Person,overlay3left,1,1,1.000000
Person,overlay3top,1,1,1.000000
Person,overlay4left,1,1,1.000000
Person,overlay4top,1,1,1.000000
Person,p.o.b,1,1,1.000000
Person,paceOfBirth,1,1,1.000000
Person,pacificAsiaChampionshipAppearances,1,1,1.000000
Person,padding,1,1,1.000000
Person,paddingBottom,1,1,1.000000
Person,paddingLeft,1,2,0.500000
Person,paddingRight,1,2,0.500000
Person,paddingTop,1,2,0.500000
Person,padres,1,1,1.000000
Person,paeg,1,1,1.000000
Person,pagesw,1,1,1.000000
Person,página,1,1,1.000000
Person,páginas,1,1,1.000000
Person,pags,1,1,1.000000
Person,pahistoricType,1,1,1.000000
Person,paint,1,6,0.166667
Person,painted,1,1,1.000000
Person,painter,1,1,1.000000
Person,paintingAlignment,1,6,0.166667
Person,pamalicious,1,1,1.000000
Person,pamphlet,1,1,1.000000
Person,pancil,1,1,1.000000
Person,paralympicAppearances,1,2,0.500000
Person,paralympicgolds,1,1,1.000000
Person,paramour,1,1,1.000000
Person,parampara,1,1,1.000000
Person,pareja,1,1,1.000000
Person,parentagency,1,1,1.000000
Person,parentAgency,1,1,1.000000
Person,parents.,1,1,1.000000
Person,parents'Name,1,1,1.000000
Person,parents(s)_,1,1,1.000000
Person,parentsSiblings,1,1,1.000000
Person,parliamen,1,1,1.000000
Person,parliamentaryGrouping,1,1,1.000000
Person,partent,1,1,1.000000
Person,parti,1,1,1.000000
Person,partialdates,1,11,0.090909
Person,participantSince,1,1,1.000000
Person,partickThistle20042005Years,1,1,1.000000
Person,partidoPolítico,1,1,1.000000
Person,partner(partners)_,1,1,1.000000
Person,spouse,1,1,1.000000
Person,partnership,1,1,1.000000
Person,party.,1,1,1.000000
Person,partyColor,1,1,1.000000
Person,pary,1,1,1.000000
Person,passteamsnote,1,1,1.000000
Person,pastCurrentColor,1,1,1.000000
Person,pastGroups,1,1,1.000000
Person,pastLabel%5Ds,1,1,1.000000
Person,pastLabel,1,1,1.000000
Person,pastManager,1,1,1.000000
Person,pastmembers,1,1,1.000000
Person,pastNamesAndNickNames,1,1,1.000000
Person,pastOccupations,1,1,1.000000
Person,pastPositions,1,1,1.000000
Person,pastProfession,1,1,1.000000
Person,pastschool,1,1,1.000000
Person,pastShows,1,1,1.000000
Person,pastteam,1,1,1.000000
Person,pastteamnotes,1,1,1.000000
Person,pastteamsnotes,1,1,1.000000
Person,paternal,1,1,1.000000
Person,pather,1,1,1.000000
Person,patners,1,1,1.000000
Person,patrimonio,1,1,1.000000
Person,patronChief,1,1,1.000000
Person,patronSaintOf,1,1,1.000000
Person,paysdorigine,1,1,1.000000
Person,pbClean&jerk,1,1,1.000000
Person,pbSnatch,1,1,1.000000
Person,pbTotal,1,1,1.000000
Person,pbupdate,1,4,0.250000
Person,pcf,1,1,1.000000
Person,pcfbest,1,1,1.000000
Person,pcfcareer,1,1,1.000000
Person,pcpdate,1,1,1.000000
Person,pcudpate,1,1,1.000000
Person,pcupade,1,1,1.000000
Person,pcupdata,1,1,1.000000
Person,pCupdate,1,1,1.000000
Person,pcupdte,1,1,1.000000
Person,pcuupdate,1,1,1.000000
Person,pd,1,1,1.000000
Person,pdcWorldCupOfDarts,1,1,1.000000
Person,pdcWorldYouth,1,1,1.000000
Person,peak,1,1,1.000000
Person,peak12f,1,1,1.000000
Person,peak12g,1,1,1.000000
Person,peak12h,1,1,1.000000
Person,peak13c,1,1,1.000000
Person,peak13d,1,1,1.000000
Person,peak13e,1,1,1.000000
Person,peak13f,1,1,1.000000
Person,peak13g,1,1,1.000000
Person,peak13h,1,1,1.000000
Person,peak13i,1,1,1.000000
Person,peak13j,1,1,1.000000
Person,peak14b,1,1,1.000000
Person,peak14f,1,1,1.000000
Person,peak14h,1,1,1.000000
Person,peak15b,1,1,1.000000
Person,peak16c,1,1,1.000000
Person,peak17a,1,1,1.000000
Person,peak17b,1,1,1.000000
Person,peak19a,1,1,1.000000
Person,peak20a,1,1,1.000000
Person,peak2c,1,1,1.000000
Person,peak2d,1,1,1.000000
Person,peak5e,1,1,1.000000
Person,peak5j,1,1,1.000000
Person,peak7j,1,1,1.000000
Person,peerage,1,1,1.000000
Person,pemain.html&ei,1,1,1.000000
Person,peña,1,1,1.000000
Person,pencile,1,1,1.000000
Person,penciller,1,1,1.000000
Person,pencils,1,1,1.000000
Person,penName(hindi)_,1,1,1.000000
Person,penName(urdu)_,1,1,1.000000
Person,pennames,1,1,1.000000
Person,peopleLaid,1,1,1.000000
Person,performingLanguage,1,1,1.000000
Person,performingName,1,1,1.000000
Person,periodActive,1,1,1.000000
Person,periodCovered,1,1,1.000000
Person,periodInOffice,1,1,1.000000
Person,periods,1,1,1.000000
Person,perrow,1,2,0.500000
Person,personal,1,1,1.000000
Person,personalBest(s)_,1,1,1.000000
Person,personalBests,1,1,1.000000
Person,personalBlog,1,1,1.000000
Person,personalData,1,1,1.000000
Person,personalEnemy,1,1,1.000000
Person,personalFortune,1,1,1.000000
Person,personalGoal,1,1,1.000000
Person,personalManager,1,1,1.000000
Person,personalName,1,1,1.000000
Person,personalSite,1,1,1.000000
Person,personalWealth,1,1,1.000000
Person,personalWebSite,1,1,1.000000
Person,personName,1,1,1.000000
Person,ph.dMaster,1,1,1.000000
Person,phdAdvisor,1,1,1.000000
Person,phdStudents,1,1,1.000000
Person,photo1b,1,2,0.500000
Person,photo1c,1,2,0.500000
Person,photoCapt,1,1,1.000000
Person,photocaption,1,1,1.000000
Person,photoCaption,1,1,1.000000
Person,photography,1,1,1.000000
Person,physicalAttributes,1,1,1.000000
Person,physique,1,1,1.000000
Person,pianist,1,1,1.000000
Person,"piano,PrimaryArtist",1,1,1.000000
Person,piano,1,1,1.000000
Person,piccaption,1,1,1.000000
Person,picSize,1,2,0.500000
Person,pictooltip,1,1,1.000000
Person,pieDeImagen,1,1,1.000000
Person,pieOfBirth,1,1,1.000000
Person,pilgrimage,1,1,1.000000
Person,pim,1,1,1.000000
Person,pinyinChineseName,1,1,1.000000
Person,pixel,1,1,1.000000
Person,plaaceofburialLabel,1,1,1.000000
Person,placeActually,1,1,1.000000
Person,placeBirth,1,1,1.000000
Person,placeburial,1,2,0.500000
Person,placeDate,1,1,1.000000
Person,placeifburialLabel,1,2,0.500000
Person,placeOfBiirth,1,1,1.000000
Person,placeOfBir,1,1,1.000000
Person,placeOfBirtht,1,1,1.000000
Person,placeOfBith,1,1,1.000000
Person,placeOfBrith,1,1,1.000000
Person,placeofburial+label,1,1,1.000000
Person,placeOfBurialLabel,1,18,0.055556
Person,placeofburialLanel,1,1,1.000000
Person,placeofburiedness,1,1,1.000000
Person,placeOfCitizenship,1,1,1.000000
Person,placeOfCollege,1,1,1.000000
Person,placeOfDeadth,1,1,1.000000
Person,placeOfDeah,1,1,1.000000
Person,placeOfDeat,1,1,1.000000
Person,placeOfDeath(suicideBecauseHeCouldNoBeatCodGhost)_,1,1,1.000000
Person,placeOfDeatH,1,1,1.000000
Person,placeOfDeathDate,1,1,1.000000
Person,placeOfDeathJoinedClub,1,1,1.000000
Person,placeOfDeathKids,1,1,1.000000
Person,placeOfDeathv,1,1,1.000000
Person,placeOfEpiscopalOrdination,1,1,1.000000
Person,placeOfLastRites,1,2,0.500000
Person,placeOfLivingAndWork,1,1,1.000000
Person,placeofresidencel,1,1,1.000000
Person,placeofrest,1,2,0.500000
Person,placeOfRest,1,1,1.000000
Person,placeOfResting,1,1,1.000000
Person,placeOfSamadhi,1,1,1.000000
Person,placeOfSchooling,1,1,1.000000
Person,placeOfStudy,1,1,1.000000
Person,placeofurialLabel,1,1,1.000000
Person,placeRested,1,1,1.000000
Person,placOfBirth,1,1,1.000000
Person,placofburial,1,1,1.000000
Person,placofburialLabel,1,1,1.000000
Person,plainlink,1,45,0.022222
Person,plane1Crew,1,1,1.000000
Person,plane1Destination,1,1,1.000000
Person,plane1Fatalities,1,1,1.000000
Person,plane1Operator,1,1,1.000000
Person,plane1Origin,1,1,1.000000
Person,plane1Type,1,1,1.000000
Person,plane2Crew,1,1,1.000000
Person,plane2Operator,1,1,1.000000
Person,plane2Survivors,1,1,1.000000
Person,plane2Type,1,1,1.000000
Person,planeOrCopter%3F_,1,1,1.000000
Person,planet,1,1,1.000000
Person,plantBadge,1,1,1.000000
Person,platform,1,1,1.000000
Person,play'sFor,1,1,1.000000
Person,play2ername,1,1,1.000000
Person,playedForRailways,1,1,1.000000
Person,playername,1,1,1.000000
Person,playerNumber,1,1,1.000000
Person,playerPositio,1,1,1.000000
Person,playersPositions,1,1,1.000000
Person,playingclubs,1,1,1.000000
Person,playingPositions,1,1,1.000000
Person,playingyears,1,1,1.000000
Person,playoffwinner,1,1,1.000000
Person,plceOfDeath,1,1,1.000000
Person,pleasureTreasureVideo+AllSingleClips%3Cnowiki%3E_,1,1,1.000000
Person,plsaceofburial,1,1,1.000000
Person,plyername,1,1,1.000000
Person,početStran,1,1,1.000000
Person,podiumFinishes,1,1,1.000000
Person,podiumsInWrcFormula,1,1,1.000000
Person,podums,1,1,1.000000
Person,poem,1,1,1.000000
Person,poemlink,1,1,1.000000
Person,pointc,1,1,1.000000
Person,pointsg,1,1,1.000000
Person,polaceofburialLabel,1,1,1.000000
Person,polePositions,1,1,1.000000
Person,poles(%231Qualifiers)_,1,1,1.000000
Person,policeEnd,1,1,1.000000
Person,policerank,1,1,1.000000
Person,policeStart,1,1,1.000000
Person,politicalAdvisor(s)_,1,1,1.000000
Person,politicalIdeology,1,1,1.000000
Person,politicalOrganisationy,1,1,1.000000
Person,politicalView,1,1,1.000000
Person,politicViews,1,1,1.000000
Person,popularAs,1,1,1.000000
Person,popularname,1,1,1.000000
Person,popularSlogan,1,1,1.000000
Person,populationTotal,1,1,1.000000
Person,port.hu,1,1,1.000000
Person,portageCounty,1,1,1.000000
Person,portfolios,1,1,1.000000
Person,portion,1,1,1.000000
Person,posicion,1,1,1.000000
Person,posición,1,1,1.000000
Person,posistion,1,1,1.000000
Person,positio,1,1,1.000000
Person,s,1,1,1.000000
Person,positionAndStyle,1,1,1.000000
Person,positionInTheParty,1,1,1.000000
Person,positon,1,1,1.000000
Person,post7note,1,1,1.000000
Person,post9followed,1,1,1.000000
Person,post9preceded,1,1,1.000000
Person,post9years,1,1,1.000000
Person,postcognomevirgola,1,1,1.000000
Person,postdeegre,1,1,1.000000
Person,postdoc,1,1,1.000000
Person,postdoctoralAdviser,1,1,1.000000
Person,postdoctoralAdvisor(s)_,1,1,1.000000
Person,postDoctoralAdvisor,1,1,1.000000
Person,postdoctoralSponsor,1,1,1.000000
Person,postgraduate,1,1,1.000000
Person,postGraduateDegree,1,1,1.000000
Person,postGraduation,1,1,1.000000
Person,posthumousname,1,1,1.000000
Person,posthumousNameFull,1,1,1.000000
Person,posthumousNameShort,1,1,1.000000
Person,posts,1,1,1.000000
Person,postscript,1,1,1.000000
Person,postSeason,1,1,1.000000
Person,power(s)_,1,1,1.000000
Person,powerAlt,1,1,1.000000
Person,powerMain,1,1,1.000000
Person,abilities,1,1,1.000000
Person,powersAnd,1,1,1.000000
Person,pozicija,1,1,1.000000
Person,practiceArea,1,1,1.000000
Person,practiceLocation,1,1,1.000000
Person,practised,1,1,1.000000
Person,praisename,1,1,1.000000
Person,prayerOf,1,1,1.000000
Person,precededed,1,1,1.000000
Person,preceeded,1,1,1.000000
Person,preceededBy,1,1,1.000000
Person,preceptor,1,1,1.000000
Person,predacessor,1,1,1.000000
Person,predcessor,1,1,1.000000
Person,predeccesor,1,1,1.000000
Person,predeccessor,1,1,1.000000
Person,prédécesseur,1,1,1.000000
Person,predecesso2r,1,1,1.000000
Person,predecessor!_,1,1,1.000000
Person,predecessor%23_,1,1,1.000000
Person,predecesssor,1,1,1.000000
Person,predesessor,1,1,1.000000
Person,predoctoralAdvisor,1,1,1.000000
Person,preedecessor,1,1,1.000000
Person,pref,1,1,1.000000
Person,preferedfoot,1,2,0.500000
Person,preferredName,1,1,1.000000
Person,preferredPronouns,1,1,1.000000
Person,prembest,1,1,1.000000
Person,premcareer,1,1,1.000000
Person,premiere,1,1,1.000000
Person,preName,1,1,1.000000
Person,prenomenTranslation,1,1,1.000000
Person,presecessor,1,1,1.000000
Person,preselection,1,1,1.000000
Person,preselectionDate,1,1,1.000000
Person,presentedBy,1,1,1.000000
Person,presentHolder,1,1,1.000000
Person,presentResidence,1,1,1.000000
Person,presentStatus,1,1,1.000000
Person,presidentBjpDelhiState,1,1,1.000000
Person,presidentOfIcc,1,1,1.000000
Person,presidingofficer,1,13,0.076923
Person,pretender,1,1,1.000000
Person,preUniversity&Graduation,1,1,1.000000
Person,prevCtsYear,1,1,1.000000
Person,prevCupYear,1,1,1.000000
Person,previousAlliances,1,1,1.000000
Person,previousAssignments,1,1,1.000000
Person,previousBands,1,1,1.000000
Person,previousClubs,1,1,1.000000
Person,previouscoach,1,1,1.000000
Person,previousCoach,1,1,1.000000
Person,previousGroups,1,1,1.000000
Person,previously,1,1,1.000000
Person,previousMarriages,1,1,1.000000
Person,previousNationalSquads,1,1,1.000000
Person,previousnumbers,1,1,1.000000
Person,previousPos,1,1,1.000000
Person,previousProfession,1,1,1.000000
Person,previousResidence,1,1,1.000000
Person,previousRestaurants,1,1,1.000000
Person,previousTitle,1,1,1.000000
Person,previousWork,1,1,1.000000
Person,prevrestaurants,1,1,1.000000
Person,prevseason,1,1,1.000000
Person,prevSerie,1,1,1.000000
Person,prezime,1,1,1.000000
Person,prf,1,1,1.000000
Person,prfession,1,1,1.000000
Person,prieminister,1,1,1.000000
Person,primaryDeity,1,1,1.000000
Person,primarySchool,1,1,1.000000
Person,primeministe1r,1,1,1.000000
Person,primeminister1c,1,1,1.000000
Person,primerAño,1,1,1.000000
Person,priminister,1,1,1.000000
Person,priorOccupation,1,1,1.000000
Person,prisonerofwar,1,1,1.000000
Person,prizemoney,1,1,1.000000
Person,pro4result,1,1,1.000000
Person,proBeachVolleyballWins,1,1,1.000000
Person,probowl,1,1,1.000000
Person,proclamación,1,1,1.000000
Person,proclamation,1,1,1.000000
Person,producerName,1,1,1.000000
Person,producers,1,1,1.000000
Person,productionCo.,1,1,1.000000
Person,productionWebsite,1,1,1.000000
Person,profesion,1,1,1.000000
Person,professed,1,1,1.000000
Person,professedVows,1,1,1.000000
Person,profession(s)_,1,1,1.000000
Person,professionalExperience,1,1,1.000000
Person,professionalSince,1,1,1.000000
Person,professionn,1,1,1.000000
Person,professor,1,1,1.000000
Person,professorEmeritus,1,1,1.000000
Person,programmingLanguage(default)_,1,1,1.000000
Person,programmingLanguage,1,1,1.000000
Person,promajors,1,61,0.016393
Person,promoted,1,4,0.250000
Person,promotor,1,1,1.000000
Person,pronnounce,1,1,1.000000
Person,propellant,1,1,1.000000
Person,properties,1,1,1.000000
Person,property,1,2,0.500000
Person,proportion,1,1,1.000000
Person,proposedTo,1,1,1.000000
Person,propulsion,1,1,1.000000
Person,proTeam,1,1,1.000000
Person,protourrank,1,1,1.000000
Person,provinces,1,1,1.000000
Person,provost,1,1,1.000000
Person,prpresident,1,1,1.000000
Person,ps,1,1,1.000000
Person,pseudoName,1,1,1.000000
Person,pSpouse,1,1,1.000000
Person,psrty,1,1,1.000000
Person,pst.grad,1,1,1.000000
Person,pubblicazione,1,1,1.000000
Person,pubicHair,1,1,1.000000
Person,publicationDate,1,1,1.000000
Person,publicServiceCommission,1,1,1.000000
Person,publicutil,1,1,1.000000
Person,publicutilEnd,1,1,1.000000
Person,publicutilStart,1,1,1.000000
Person,publishedBooks,1,1,1.000000
Person,publishers,1,1,1.000000
Person,publisherWebsite,1,1,1.000000
Person,publishingCompany,1,1,1.000000
Person,publishingPeriod,1,1,1.000000
Person,pupils,1,1,1.000000
Person,purportedVictims,1,1,1.000000
Person,pushpinLabelPosition,1,1,1.000000
Person,pushpinMapsize,1,1,1.000000
Person,putativeFather,1,1,1.000000
Person,px,1,1,1.000000
Person,pxImagesize,1,1,1.000000
Person,qalifa,1,1,1.000000
Person,qclass,1,1,1.000000
Person,qualified,1,1,1.000000
Person,quarterly,1,2,0.500000
Person,quiet,1,4,0.250000
Person,quotations,1,1,1.000000
Person,raceNumber,1,1,1.000000
Person,racePodiums,1,1,1.000000
Person,racePoles,1,1,1.000000
Person,raceStarts,1,1,1.000000
Person,raceTeam,1,1,1.000000
Person,raceTeams,1,1,1.000000
Person,raceWinPercentage,1,1,1.000000
Person,racialDescent,1,1,1.000000
Person,racingnumber,1,1,1.000000
Person,racingNumber,1,1,1.000000
Person,racingresult,1,1,1.000000
Person,racket,1,1,1.000000
Person,radicalChampionships,1,1,1.000000
Person,radicalRacing,1,1,1.000000
Person,railroadName,1,1,1.000000
Person,rainFall,1,1,1.000000
Person,raining,1,1,1.000000
Person,GrewUp,1,1,1.000000
Person,rajongóiOldal,1,1,1.000000
Person,raletion,1,1,1.000000
Person,rani,1,1,1.000000
Person,position,1,1,1.000000
Person,rate,1,1,1.000000
Person,rankin,1,1,1.000000
Person,ranks,1,1,1.000000
Person,raNtupdate,1,1,1.000000
Person,rapidRating,1,1,1.000000
Person,rate,1,1,1.000000
Person,rbNat,1,1,1.000000
Person,rcbNat,1,1,1.000000
Person,rcf,1,1,1.000000
Person,rcmNat,1,1,1.000000
Person,rd1Score01Agg,1,1,1.000000
Person,rd1Score02Agg,1,1,1.000000
Person,rd1Score03Agg,1,1,1.000000
Person,rd1Score04Agg,1,1,1.000000
Person,rd1Score05Agg,1,1,1.000000
Person,rd1Score06Agg,1,1,1.000000
Person,rd1Score07Agg,1,1,1.000000
Person,rd1Score08Agg,1,1,1.000000
Person,rd1Score1Agg,1,1,1.000000
Person,rd1Score2Agg,1,1,1.000000
Person,rd1Score3Agg,1,1,1.000000
Person,rd1Score4Agg,1,1,1.000000
Person,rd1Score5Agg,1,1,1.000000
Person,rd1Score6Agg,1,1,1.000000
Person,rd1Score7Agg,1,1,1.000000
Person,rd1Score8Agg,1,1,1.000000
Person,rd1Team1bg,1,1,1.000000
Person,rd2Score01Agg,1,1,1.000000
Person,rd2Score02Agg,1,1,1.000000
Person,rd2Score03Agg,1,1,1.000000
Person,rd2Score04Agg,1,1,1.000000
Person,rd2Score1Agg,1,1,1.000000
Person,rd2Score2Agg,1,1,1.000000
Person,rd2Score3Agg,1,1,1.000000
Person,rd2Score4Agg,1,1,1.000000
Person,rd2Team1bg,1,1,1.000000
Person,rd3Score01Agg,1,1,1.000000
Person,rd3Score02Agg,1,1,1.000000
Person,re,1,1,1.000000
Person,reachIn.,1,1,1.000000
Person,reaffirmed,1,1,1.000000
Person,reaffirmedBy,1,1,1.000000
Person,realAge,1,1,1.000000
Person,realName(s)_,1,1,1.000000
Person,realNames,1,1,1.000000
Person,reaon,1,1,1.000000
Person,reasonofdeath,1,1,1.000000
Person,reasonOfDeath,1,1,1.000000
Person,rebbe,1,1,1.000000
Person,recent,1,1,1.000000
Person,recentDutyStations,1,1,1.000000
Person,recentWorks,1,1,1.000000
Person,recidency,1,1,1.000000
Person,recipientsOfTheLandgrafPrize,1,1,1.000000
Person,recognisableAncestor,1,1,1.000000
Person,recognizedAs,1,1,1.000000
Person,recordedBy,1,1,1.000000
Person,recording,1,1,1.000000
Person,recordingEngineer,1,1,1.000000
Person,recordingLabel,1,1,1.000000
Person,recordingProducer,1,1,1.000000
Person,recordLocation,1,1,1.000000
Person,recordTemplate,1,1,1.000000
Person,recordVs.Iowa,1,1,1.000000
Person,red,1,1,1.000000
Person,reel,1,1,1.000000
Person,reEnergizedBy,1,1,1.000000
Person,refereeyear5end,1,1,1.000000
Person,referredBy,1,1,1.000000
Person,refstyle,1,1,1.000000
Person,reg.Electors,1,1,1.000000
Person,regentType,1,1,1.000000
Person,reginaAlsoLinedOutForTheIrishShintyTeamWhichDefeatedScotlandInOctober2010ReginaHasAlsoPlayedForLeinsterInThePastInTheInterProvincialGaelLinnCompetitionsImage,1,1,1.000000
Person,reginaLinedOutAtFullBackForTheIrishShintyTeamWhichDefeatedScotlandInOctober2010Province,1,1,1.000000
Person,regionServed,1,1,1.000000
Person,regionsrepresented,1,1,1.000000
Person,registerOfDeeds,1,1,1.000000
Person,reigion,1,1,1.000000
Person,reign2Type,1,2,0.500000
Person,reign3Type,1,1,1.000000
Person,reigning,1,1,1.000000
Person,reinado,1,1,1.000000
Person,reired,1,1,1.000000
Person,relaName,1,1,1.000000
Person,relatedacts,1,1,1.000000
Person,relatedShows,1,1,1.000000
Person,relationsBrothers,1,1,1.000000
Person,relationship(s)_,1,1,1.000000
Person,relationshipstatus,1,1,1.000000
Person,relative.,1,1,1.000000
Person,relatives.,1,1,1.000000
Person,relativesCauseOfDeath,1,1,1.000000
Person,relativs,1,1,1.000000
Person,relatvies,1,1,1.000000
Person,release,1,1,1.000000
Person,relegated,1,7,0.142857
Person,relics,1,1,1.000000
Person,reliefs,1,1,1.000000
Person,religin,1,1,1.000000
Person,religión,1,2,0.500000
Person,religionLGrandchildren,1,1,1.000000
Person,religiousBelief(s)_,1,1,1.000000
Person,religiousbeliefs,1,1,1.000000
Person,religiousBelive,1,1,1.000000
Person,religiousFaith,1,1,1.000000
Person,religiousName,1,1,1.000000
Person,religiousview,1,1,1.000000
Person,religom,1,1,1.000000
Person,remainderTo,1,1,1.000000
Person,remark,1,1,1.000000
Person,renownName,1,1,1.000000
Person,repigion,1,1,1.000000
Person,replaceability,1,1,1.000000
Person,replacing,1,1,1.000000
Person,reportedDeaths,1,1,1.000000
Person,representatives,1,1,1.000000
Person,republic,1,1,1.000000
Person,repUpdate,1,1,1.000000
Person,reputation,1,1,1.000000
Person,resdence,1,1,1.000000
Person,researchAssociates,1,1,1.000000
Person,researchInterests,1,1,1.000000
Person,researchStudents,1,1,1.000000
Person,residence.,1,1,1.000000
Person,residencr,1,1,1.000000
Person,residenfggjhddce,1,1,1.000000
Person,residentOfAtDeath,1,1,1.000000
Person,residesAt,1,1,1.000000
Person,resignationDate,1,1,1.000000
Person,resim,1,1,1.000000
Person,resingplace,1,1,1.000000
Person,resingPlace,1,1,1.000000
Person,resisdence,1,1,1.000000
Person,restaurant(s)_,1,1,1.000000
Person,restiingPlace,1,1,1.000000
Person,restingDate,1,1,1.000000
Person,restingHe,1,1,1.000000
Person,restingPalce,1,1,1.000000
Person,restingPlaceLabel,1,1,1.000000
Person,restingplacelatd,1,1,1.000000
Person,restingPlate,1,1,1.000000
Person,restomgPlace,1,1,1.000000
Person,restPlace,1,1,1.000000
Person,restwoundace,1,1,1.000000
Person,resurrection,1,1,1.000000
Person,retied,1,1,1.000000
Person,retiored,1,1,1.000000
Person,retiramentfronton,1,1,1.000000
Person,retiredBishopOf,1,1,1.000000
Person,retirementyear,1,1,1.000000
Person,retited,1,1,1.000000
Person,retried,1,1,1.000000
Person,reupdate,1,1,1.000000
Person,rev6score,1,1,1.000000
Person,reverse,1,1,1.000000
Person,rh,1,1,1.000000
Person,riderType,1,1,1.000000
Person,rifle,1,4,0.250000
Person,rights,1,3,0.333333
Person,ringName,1,1,1.000000
Person,rite,1,1,1.000000
Person,ritired,1,1,1.000000
Person,rivalClans,1,1,1.000000
Person,rkd,1,1,1.000000
Person,rlCoachupdate,1,1,1.000000
Person,rlCurrentclub,1,3,0.333333
Person,rlds,1,9,0.111111
Person,rlGoals,1,1,1.000000
Person,rlTries,1,1,1.000000
Person,rmlTeam,1,1,1.000000
Person,road,1,1,1.000000
Person,roadabr,1,1,1.000000
Person,rok,1,1,1.000000
Person,rolDebut,1,1,1.000000
Person,roleModel,1,1,1.000000
Person,rollover,1,1,1.000000
Person,romanCatholicFeastDay,1,1,1.000000
Person,romanticInterests,1,1,1.000000
Person,rookieOfTheYear,1,1,1.000000
Person,room,1,1,1.000000
Person,ropBackground,1,1,1.000000
Person,rosterStatus,1,1,1.000000
Person,rotoruaElectorateOffice,1,1,1.000000
Person,roundsBoxed,1,1,1.000000
Person,rover,1,1,1.000000
Person,row11At,1,1,1.000000
Person,row11Lift,1,1,1.000000
Person,row11Shift,1,1,1.000000
Person,row11Text,1,1,1.000000
Person,row12At,1,1,1.000000
Person,row12Lift,1,1,1.000000
Person,row12Shift,1,1,1.000000
Person,row13At,1,1,1.000000
Person,row13Lift,1,1,1.000000
Person,row13Shift,1,1,1.000000
Person,row14At,1,1,1.000000
Person,row14Lift,1,1,1.000000
Person,row14Shift,1,1,1.000000
Person,row14Text,1,1,1.000000
Person,row15At,1,1,1.000000
Person,row15Lift,1,1,1.000000
Person,row15Shift,1,1,1.000000
Person,row15Text,1,1,1.000000
Person,row21Color,1,1,1.000000
Person,row21Text,1,1,1.000000
Person,row21To,1,1,1.000000
Person,row22Color,1,1,1.000000
Person,row22Text,1,1,1.000000
Person,row22To,1,1,1.000000
Person,row23Color,1,1,1.000000
Person,row23Text,1,1,1.000000
Person,row23To,1,1,1.000000
Person,row24Color,1,1,1.000000
Person,row24Text,1,1,1.000000
Person,row24To,1,1,1.000000
Person,row25Color,1,1,1.000000
Person,row25Text,1,1,1.000000
Person,row25To,1,1,1.000000
Person,row2Bordertop,1,1,1.000000
Person,row2Height,1,1,1.000000
Person,rowspan,1,1,1.000000
Person,royalMonogram,1,1,1.000000
Person,royalTitles,1,3,0.333333
Person,rps,1,1,1.000000
Person,rt,1,44,0.022727
Person,rtaChairman,1,1,1.000000
Person,ruAmateurclubpoints,1,1,1.000000
Person,ruAmateurpoints,1,1,1.000000
Person,ruAmUpdate,1,1,1.000000
Person,rubbers,1,1,1.000000
Person,rubrik,1,4,0.250000
Person,ruck,1,1,1.000000
Person,ruckrover,1,1,1.000000
Person,ruCliubupdate,1,1,1.000000
Person,ruClubnumber,1,1,1.000000
Person,ruClubuopdate,1,1,1.000000
Person,ruClubupdates,1,1,1.000000
Person,ruCoachdraws,1,1,1.000000
Person,ruCoachgames,1,1,1.000000
Person,ruCoachlosses,1,1,1.000000
Person,ruCoachteamb,1,1,1.000000
Person,ruCoachteamc,1,1,1.000000
Person,ruCoachteamd,1,1,1.000000
Person,ruCoachteame,1,1,1.000000
Person,ruCoachwins,1,1,1.000000
Person,ruCoachyear4end,1,1,1.000000
Person,ruCoachyearaend,1,1,1.000000
Person,ruCoachyearbend,1,1,1.000000
Person,ruCoachyearbstart,1,1,1.000000
Person,ruCoachyearcend,1,1,1.000000
Person,ruCoachyearcstart,1,1,1.000000
Person,ruCoachyeardend,1,1,1.000000
Person,ruCoachyeardstart,1,1,1.000000
Person,ruCoachyeareend,1,1,1.000000
Person,ruCoachyearestart,1,1,1.000000
Person,ruCupdate,1,1,1.000000
Person,ruFieldgoalsc,1,7,0.142857
Person,ruFieldgoalsd,1,3,0.333333
Person,ruFirst,1,1,1.000000
Person,rugbyTeams,1,1,1.000000
Person,ruGoalsd,1,3,0.333333
Person,ruGoalse,1,3,0.333333
Person,rule,1,1,1.000000
Person,rules,1,71,0.014085
Person,run.Time,1,1,1.000000
Person,ruNationalcaps(points)_,1,1,1.000000
Person,ruNationalTeam,1,1,1.000000
Person,ruNationalteams,1,1,1.000000
Person,ruNationalteamupdate,1,1,1.000000
Person,ruNationalYears,1,1,1.000000
Person,ruNatupdate,1,1,1.000000
Person,runnerName,1,1,1.000000
Person,runningMate,1,1,1.000000
Person,runsConceded,1,1,1.000000
Person,ruProvincecaps(points)_,1,1,1.000000
Person,ruRepcaps(points)_,1,1,1.000000
Person,ruReupdate,1,3,0.333333
Person,ruRugbySuperLeagueYears,1,1,1.000000
Person,rus,1,1,1.000000
Person,ruSchoolteams,1,1,1.000000
Person,ruSchoolyears,1,1,1.000000
Person,ruSevensnationalteams,1,1,1.000000
Person,ruSevensnationaltem,1,1,1.000000
Person,ruSevensntteam,1,1,1.000000
Person,ruSevensntyears,1,1,1.000000
Person,rusr,1,1,1.000000
Person,rustingPlace,1,1,1.000000
Person,ruSuper14update,1,1,1.000000
Person,ruSupercaps,1,1,1.000000
Person,ruSuperyears,1,1,1.000000
Person,ruTeam,1,4,0.250000
Person,ruYear10end,1,1,1.000000
Person,ruYear10start,1,1,1.000000
Person,ruYear11start,1,1,1.000000
Person,ruYear12start,1,1,1.000000
Person,ruYear13end,1,1,1.000000
Person,ruYear13start,1,1,1.000000
Person,ruYear14start,1,1,1.000000
Person,ruYear15end,1,1,1.000000
Person,ruYear15start,1,1,1.000000
Person,ruYear17end,1,1,1.000000
Person,ruYear17start,1,1,1.000000
Person,ruYear8end,1,1,1.000000
Person,ruYouthclub,1,1,1.000000
Person,ruYouthdate,1,1,1.000000
Person,ruYouyhclubs,1,1,1.000000
Person,rwNat,1,1,1.000000
Person,o,1,1,1.000000
Person,sa,1,1,1.000000
Person,sact,1,2,0.500000
Person,sadašnjKlub,1,1,1.000000
Person,saintTitles,1,1,1.000000
Person,salighn,1,1,1.000000
Person,samadhiDate,1,1,1.000000
Person,san,1,1,1.000000
Person,sateRepresented,1,1,1.000000
Person,sayings,1,1,1.000000
Person,sbkBestPosition,1,1,1.000000
Person,sbkChampionship,1,2,0.500000
Person,sbn,1,1,1.000000
Person,scandal,1,1,1.000000
Person,scheduledReleaseDate,1,1,1.000000
Person,schollCoach,1,1,1.000000
Person,school(highschool)_,1,1,1.000000
Person,schoollocations,1,1,1.000000
Person,schoolname,1,1,1.000000
Person,schoolOfThought,1,1,1.000000
Person,schoolTraditions,1,1,1.000000
Person,schoolTrdaition,1,1,1.000000
Person,scienceDegree,1,1,1.000000
Person,scienceRank,1,1,1.000000
Person,scifi,1,1,1.000000
Person,scorce,1,1,1.000000
Person,scores,1,1,1.000000
Person,scotch,1,1,1.000000
Person,scoutingyears,1,1,1.000000
Person,scouts,1,1,1.000000
Person,screenname,1,1,1.000000
Person,screenName,1,1,1.000000
Person,screenNames,1,1,1.000000
Person,screenshot,1,1,1.000000
Person,scribe(s)_,1,1,1.000000
Person,script,1,1,1.000000
Person,scriptures,1,1,1.000000
Person,seal,1,1,1.000000
Person,season10PlayoffWins,1,1,1.000000
Person,season11PlayoffLoss,1,2,0.500000
Person,season11Team,1,1,1.000000
Person,season12PlayoffLoss,1,2,0.500000
Person,season12PlayoffSeconds,1,1,1.000000
Person,season12PlayoffWins,1,1,1.000000
Person,season13PlayoffLoss,1,2,0.500000
Person,season14PlayoffWins,1,3,0.333333
Person,season15PlayoffLoss,1,1,1.000000
Person,season15PlayoffSeconds,1,1,1.000000
Person,season15PlayoffWins,1,1,1.000000
Person,season16PlayoffLoss,1,2,0.500000
Person,season16PlayoffPenaltyMinutes,1,2,0.500000
Person,season16PlayoffSeconds,1,1,1.000000
Person,season16PlayoffWins,1,1,1.000000
Person,season16Wins,1,2,0.500000
Person,season17PlayoffGoalsAgainst,1,1,1.000000
Person,season17PlayoffLoss,1,1,1.000000
Person,season17PlayoffMinutes,1,1,1.000000
Person,season17PlayoffSaves,1,1,1.000000
Person,season17PlayoffSeconds,1,1,1.000000
Person,season17PlayoffWins,1,1,1.000000
Person,season18GoalsAgainst,1,1,1.000000
Person,season18Loss,1,1,1.000000
Person,season18Minutes,1,1,1.000000
Person,season18PlayoffGoalsAgainst,1,1,1.000000
Person,season18PlayoffMinutes,1,1,1.000000
Person,season18PlayoffPenaltyMinutes,1,1,1.000000
Person,season18PlayoffSeconds,1,1,1.000000
Person,season18Saves,1,1,1.000000
Person,season18Seconds,1,1,1.000000
Person,season18Wins,1,1,1.000000
Person,season19PlayoffGoals,1,1,1.000000
Person,season19PlayoffPenaltyMinutes,1,1,1.000000
Person,season1FaceoffsAtt,1,3,0.333333
Person,season1FaceoffsWon,1,3,0.333333
Person,season1Playoff2ptGoals,1,1,1.000000
Person,season1PlayoffFaceoffsAtt,1,1,1.000000
Person,season1PlayoffFaceoffsWon,1,1,1.000000
Person,season1PlayoffGoalsAgainst,1,1,1.000000
Person,season1PlayoffGroundBalls,1,1,1.000000
Person,season1PlayoffLoss,1,1,1.000000
Person,season1PlayoffMinutes,1,1,1.000000
Person,season1PlayoffPenalties,1,1,1.000000
Person,season1PlayoffSaves,1,1,1.000000
Person,season1PlayoffSeconds,1,1,1.000000
Person,season1PlayoffShots,1,1,1.000000
Person,season1PlayoffWins,1,1,1.000000
Person,season20GamesPlayed,1,2,0.500000
Person,season20PlayoffAssists,1,1,1.000000
Person,season20PlayoffGamesPlayed,1,2,0.500000
Person,season20PlayoffGoals,1,1,1.000000
Person,season20PlayoffLooseBalls,1,2,0.500000
Person,season20PlayoffPenaltyMinutes,1,1,1.000000
Person,season20Year,1,2,0.500000
Person,season21Assists,1,1,1.000000
Person,season21GamesPlayed,1,1,1.000000
Person,season21Goals,1,1,1.000000
Person,season21LooseBalls,1,1,1.000000
Person,season21PenaltyMinutes,1,1,1.000000
Person,season21PlayoffAssists,1,1,1.000000
Person,season21PlayoffGamesPlayed,1,1,1.000000
Person,season21PlayoffGoals,1,1,1.000000
Person,season21PlayoffLooseBalls,1,1,1.000000
Person,season21TeamLink,1,1,1.000000
Person,season21Year,1,1,1.000000
Person,season22Assists,1,1,1.000000
Person,season22GamesPlayed,1,1,1.000000
Person,season22Goals,1,1,1.000000
Person,season22LooseBalls,1,1,1.000000
Person,season22PenaltyMinutes,1,1,1.000000
Person,season22TeamLink,1,1,1.000000
Person,season22Year,1,1,1.000000
Person,season23Assists,1,1,1.000000
Person,season23GamesPlayed,1,1,1.000000
Person,season23Goals,1,1,1.000000
Person,season23LooseBalls,1,1,1.000000
Person,season23PenaltyMinutes,1,1,1.000000
Person,season23PlayoffAssists,1,1,1.000000
Person,season23PlayoffGamesPlayed,1,1,1.000000
Person,season23PlayoffGoals,1,1,1.000000
Person,season23PlayoffLooseBalls,1,1,1.000000
Person,season23TeamLink,1,1,1.000000
Person,season23Year,1,1,1.000000
Person,season24Assists,1,1,1.000000
Person,season24GamesPlayed,1,1,1.000000
Person,season24Goals,1,1,1.000000
Person,season24LooseBalls,1,1,1.000000
Person,season24PenaltyMinutes,1,1,1.000000
Person,season24PlayoffAssists,1,1,1.000000
Person,season24PlayoffGamesPlayed,1,1,1.000000
Person,season24PlayoffLooseBalls,1,1,1.000000
Person,season24TeamLink,1,1,1.000000
Person,season24Year,1,1,1.000000
Person,season2FaceoffsAtt,1,3,0.333333
Person,season2FaceoffsWon,1,3,0.333333
Person,season2Playoff2ptGoals,1,1,1.000000
Person,season2PlayoffFaceoffsAtt,1,1,1.000000
Person,season2PlayoffFaceoffsWon,1,1,1.000000
Person,season2PlayoffGoalsAgainst,1,1,1.000000
Person,season2PlayoffGroundBalls,1,1,1.000000
Person,season2PlayoffLoss,1,1,1.000000
Person,season2PlayoffMinutes,1,1,1.000000
Person,season2PlayoffPenalties,1,1,1.000000
Person,season2PlayoffSaves,1,1,1.000000
Person,season2PlayoffShots,1,1,1.000000
Person,season32ptGoals,1,3,0.333333
Person,season3FaceoffsAtt,1,3,0.333333
Person,season3FaceoffsWon,1,3,0.333333
Person,season3Playoff2ptGoals,1,2,0.500000
Person,season3PlayoffFaceoffsAtt,1,2,0.500000
Person,season3PlayoffFaceoffsWon,1,2,0.500000
Person,season3PlayoffLoss,1,3,0.333333
Person,season3PlayoffPenalties,1,2,0.500000
Person,season42ptGoals,1,1,1.000000
Person,season4FaceoffsAtt,1,1,1.000000
Person,season4FaceoffsWon,1,1,1.000000
Person,season4GroundBalls,1,1,1.000000
Person,season4Penalties,1,1,1.000000
Person,season4Playoff2ptGoals,1,1,1.000000
Person,season4PlayoffFaceoffsAtt,1,1,1.000000
Person,season4PlayoffFaceoffsWon,1,1,1.000000
Person,season4PlayoffGroundBalls,1,1,1.000000
Person,season4PlayoffLoss,1,2,0.500000
Person,season4PlayoffPenalties,1,1,1.000000
Person,season4PlayoffShots,1,1,1.000000
Person,season4Shots,1,1,1.000000
Person,season52ptGoals,1,1,1.000000
Person,season5FaceoffsAtt,1,1,1.000000
Person,season5FaceoffsWon,1,1,1.000000
Person,season5GroundBalls,1,1,1.000000
Person,season5Penalties,1,1,1.000000
Person,season5Playoff2ptGoals,1,1,1.000000
Person,season5PlayoffFaceoffsAtt,1,1,1.000000
Person,season5PlayoffFaceoffsWon,1,1,1.000000
Person,season5PlayoffGroundBalls,1,1,1.000000
Person,season5PlayoffLoss,1,4,0.250000
Person,season5PlayoffPenalties,1,1,1.000000
Person,season5PlayoffShots,1,1,1.000000
Person,season5Shots,1,1,1.000000
Person,season62ptGoals,1,1,1.000000
Person,season6FaceoffsAtt,1,1,1.000000
Person,season6FaceoffsWon,1,1,1.000000
Person,season6GroundBalls,1,1,1.000000
Person,season6Penalties,1,1,1.000000
Person,season6PlayoffLoss,1,3,0.333333
Person,season6PlayoffWins,1,1,1.000000
Person,season6Shots,1,1,1.000000
Person,season72ptGoals,1,1,1.000000
Person,season7FaceoffsAtt,1,1,1.000000
Person,season7FaceoffsWon,1,1,1.000000
Person,season7GroundBalls,1,1,1.000000
Person,season7League,1,2,0.500000
Person,season7Penalties,1,1,1.000000
Person,season7Playoff2ptGoals,1,1,1.000000
Person,season7PlayoffFaceoffsAtt,1,1,1.000000
Person,season7PlayoffFaceoffsWon,1,1,1.000000
Person,season7PlayoffGroundBalls,1,1,1.000000
Person,season7PlayoffLoss,1,1,1.000000
Person,season7PlayoffPenalties,1,1,1.000000
Person,season7PlayoffShots,1,1,1.000000
Person,season7Shots,1,1,1.000000
Person,season82ptGoals,1,1,1.000000
Person,season8FaceoffsAtt,1,1,1.000000
Person,season8FaceoffsWon,1,1,1.000000
Person,season8GroundBalls,1,1,1.000000
Person,season8Penalties,1,1,1.000000
Person,season8Playoff2ptGoals,1,1,1.000000
Person,season8PlayoffFaceoffsAtt,1,1,1.000000
Person,season8PlayoffFaceoffsWon,1,1,1.000000
Person,season8PlayoffGroundBalls,1,1,1.000000
Person,season8PlayoffLoss,1,2,0.500000
Person,season8PlayoffPenalties,1,1,1.000000
Person,season8PlayoffShots,1,1,1.000000
Person,season8PlayoffWins,1,1,1.000000
Person,season8Shots,1,1,1.000000
Person,seasonOver,1,1,1.000000
Person,sebling,1,1,1.000000
Person,seção,1,1,1.000000
Person,seccessor,1,1,1.000000
Person,secConferenceRegularSeason,1,1,1.000000
Person,secondCousins,1,1,1.000000
Person,secondHusband,1,1,1.000000
Person,secondlanguage,1,1,1.000000
Person,secondvicepresident,1,1,1.000000
Person,secretaries,1,6,0.166667
Person,sector,1,1,1.000000
Person,secularName,1,1,1.000000
Person,selectedAliases,1,1,1.000000
Person,selectedWorks,1,1,1.000000
Person,senatorOf,1,1,1.000000
Person,senators,1,1,1.000000
Person,seniorCareer,1,1,1.000000
Person,seniorclubs,1,1,1.000000
Person,seniorHockeyCareerEnd,1,1,1.000000
Person,seniorHockeyCareerStart,1,1,1.000000
Person,seniorStatus,1,1,1.000000
Person,senioryears,1,1,1.000000
Person,sentenced,1,1,1.000000
Person,separator,1,1,1.000000
Person,seperator,1,1,1.000000
Person,septs,1,1,1.000000
Person,sepulchre,1,1,1.000000
Person,serial,1,1,1.000000
Person,serialNo.,1,1,1.000000
Person,sericeyears,1,1,1.000000
Person,seriesBilling,1,1,1.000000
Person,seriesName,1,1,1.000000
Person,servedAlongside,1,1,1.000000
Person,"servesAsTheDeputyChiefOfStaffOfOperations&TrainingAtTheTrainingAndDoctrineCommand(tradoc)AtFortMonroe,Virginia.HeAlsoCommanded",1,1,1.000000
Person,allotmentYear,1,1,1.000000
Person,serviceBranch,1,1,1.000000
Person,serviceDates,1,1,1.000000
Person,serviceNo,1,1,1.000000
Person,servicePeriod,1,1,1.000000
Person,serviceRole,1,1,1.000000
Person,serviceType,1,1,1.000000
Person,serviceyeras,1,1,1.000000
Person,servicyears,1,1,1.000000
Person,servingwith,1,1,1.000000
Person,servingWith,1,1,1.000000
Person,sesso,1,2,0.500000
Person,setIn,1,1,1.000000
Person,setting,1,1,1.000000
Person,settledIn,1,1,1.000000
Person,weight,1,1,1.000000
Person,sexbombYears,1,1,1.000000
Person,sexOrientation,1,2,0.500000
Person,sexratio,1,1,1.000000
Person,sexualassault,1,1,1.000000
Person,sexualOrientation,1,2,0.500000
Person,sexualPreference,1,1,1.000000
Person,sfc,1,1,1.000000
Person,sgpHeats,1,1,1.000000
Person,sgpHeatWins,1,1,1.000000
Person,sgpWins,1,1,1.000000
Person,shaolinName,1,1,1.000000
Person,shieldnumber,1,1,1.000000
Person,ship,1,1,1.000000
Person,shipAcquired,1,1,1.000000
Person,shipBuilder,1,1,1.000000
Person,shipCompleted,1,1,1.000000
Person,shipCrew,1,1,1.000000
Person,shipDisplacement,1,1,1.000000
Person,shipLaunched,1,1,1.000000
Person,shipNamesake,1,1,1.000000
Person,shipNotes,1,1,1.000000
Person,shipOutOfService,1,1,1.000000
Person,shipPower,1,1,1.000000
Person,shipPropulsion,1,2,0.500000
Person,shipRenamed,1,1,1.000000
Person,shipSailPlan,1,1,1.000000
Person,shipTonnage,1,1,1.000000
Person,shirt,1,1,1.000000
Person,shirtNo,1,1,1.000000
Person,shoes,1,1,1.000000
Person,shoot,1,1,1.000000
Person,shortDesction,1,1,1.000000
Person,shoryDescription,1,1,1.000000
Person,shots,1,1,1.000000
Person,showArtist,1,1,1.000000
Person,showImg,1,1,1.000000
Person,showJudges,1,1,1.000000
Person,showJumpsSingles,1,1,1.000000
Person,showlang,1,1,1.000000
Person,showListed,1,1,1.000000
Person,showMedal,1,3,0.333333
Person,showMusic,1,1,1.000000
Person,showorder,1,5,0.200000
Person,showOrdinal,1,1,1.000000
Person,showPresentation,1,1,1.000000
Person,showRequiredElementsOrTechnicalMerit,1,1,1.000000
Person,showRuntime,1,1,1.000000
Person,shows(s)_,1,1,1.000000
Person,showTime,1,1,1.000000
Person,showUpdates,1,56,0.017857
Person,showWcwins,1,1,1.000000
Person,showWikidata,1,1,1.000000
Person,shredog,1,1,1.000000
Person,shutUp,1,1,1.000000
Person,siblings.,1,1,1.000000
Person,siddhiPlace,1,1,1.000000
Person,sight,1,1,1.000000
Person,signarure,1,1,1.000000
Person,signatureA,1,1,1.000000
Person,signaturealt,1,1,1.000000
Person,signatureQuote,1,1,1.000000
Person,signatures,1,1,1.000000
Person,signatureSong,1,1,1.000000
Person,signatureSunglasses,1,1,1.000000
Person,signatureWidth,1,1,1.000000
Person,signedWorks,1,1,1.000000
Person,signers,1,1,1.000000
Person,significantDesigns,1,1,1.000000
Person,significantJob,1,1,1.000000
Person,significantothers,1,1,1.000000
Person,significantPersonalRelationships,1,1,1.000000
Person,significantPottery,1,1,1.000000
Person,signture,1,1,1.000000
Person,silverLogieAward,1,1,1.000000
Person,similarCreatures,1,1,1.000000
Person,simplexgrinnellgesize,1,1,1.000000
Person,simpstagename,1,1,1.000000
Person,sing,1,1,1.000000
Person,singature,1,1,1.000000
Person,singingCareer,1,1,1.000000
Person,sister's,1,1,1.000000
Person,siteler,1,1,1.000000
Person,sitename,1,1,1.000000
Person,siteStadium,1,3,0.333333
Person,siteweb,1,1,1.000000
Person,siteWeb,1,1,1.000000
Person,sizearea,1,1,1.000000
Person,sizeImage,1,1,1.000000
Person,sizepopulation,1,1,1.000000
Person,skincolor,1,1,1.000000
Person,skylineCaption,1,1,1.000000
Person,slam,1,1,1.000000
Person,slambest,1,1,1.000000
Person,slamcareer,1,1,1.000000
Person,slub,1,1,1.000000
Person,snapchat,1,1,1.000000
Person,snus,1,1,1.000000
Person,soaringstars,1,9,0.111111
Person,sobrenome,1,1,1.000000
Person,socialMovement,1,1,1.000000
Person,soloAlbums,1,1,1.000000
Person,soloistWith,1,1,1.000000
Person,someWorks,1,1,1.000000
Person,son's,1,1,1.000000
Person,DaughterInLaw,1,1,1.000000
Person,son&Daughter,1,1,1.000000
Person,sonDaughter,1,1,1.000000
Person,song,1,1,1.000000
Person,soninlaw,1,1,1.000000
Person,sonInLaw,1,1,1.000000
Person,sonName,1,1,1.000000
Person,sonraki,1,1,1.000000
Person,sonyAwards,1,1,1.000000
Person,soogame(sgoals)_,1,1,1.000000
Person,soogteams,1,1,1.000000
Person,sooupdate,1,1,1.000000
Person,sortname,1,1,1.000000
Person,sortTitle,1,1,1.000000
Person,sortykey,1,1,1.000000
Person,soulmate,1,1,1.000000
Person,"sourceGiveBackgroundOnAirCampaign,ButDoesNotSupportAnyClaimsOfLackOfEffectivenessOfAirCampaign.Date",1,1,1.000000
Person,soureId,1,1,1.000000
Person,sourse,1,1,1.000000
Person,souse,1,1,1.000000
Person,south,1,1,1.000000
Person,spacing,1,1,1.000000
Person,spanAlt,1,1,1.000000
Person,spanish,1,1,1.000000
Person,spanMain,1,1,1.000000
Person,spans,1,1,1.000000
Person,spcialty,1,1,1.000000
Person,speakerProTempore,1,1,1.000000
Person,speaks,1,1,1.000000
Person,specialAwuard,1,1,1.000000
Person,specialName,1,1,1.000000
Person,specimens,1,1,1.000000
Person,speices,1,1,1.000000
Person,spid,1,1,1.000000
Person,spinoff,1,1,1.000000
Person,spinOffAppearances,1,1,1.000000
Person,spinOffs,1,1,1.000000
Person,spiritualConsort,1,1,1.000000
Person,spiritualMaster,1,1,1.000000
Person,spiritualPath,1,1,1.000000
Person,spiritualSuccessor,1,1,1.000000
Person,spoilt,1,1,1.000000
Person,spokenLanguage,1,1,1.000000
Person,spokenLanguages,1,1,1.000000
Person,sport(s)_,1,1,1.000000
Person,sportPratiqué,1,2,0.500000
Person,stats%3Fplayerid,1,1,1.000000
Person,sportsEnd,1,1,1.000000
Person,sportsPartner,1,1,1.000000
Person,spose,1,1,1.000000
Person,spotlight,1,1,1.000000
Person,spou,1,1,1.000000
Person,spouce(s)_,1,1,1.000000
Person,spourse,1,1,1.000000
Person,spous,1,1,1.000000
Person,spouse'sName,1,1,1.000000
Person,spouse(s)._,1,1,1.000000
Person,spouse(Wife)_,1,1,1.000000
Person,spouse%23_,1,1,1.000000
Person,spouseCarolSerlingBirthName,1,1,1.000000
Person,spouseMChildrenBuschCarTeam,1,1,1.000000
Person,spouseReign,1,1,1.000000
Person,spousesLink,1,1,1.000000
Person,spousesPipe,1,1,1.000000
Person,spouseWife,1,1,1.000000
Person,sprouse(s)_,1,1,1.000000
Person,spurce,1,1,1.000000
Person,squadname,1,1,1.000000
Person,squadNumber,1,1,1.000000
Person,squadNumbr,1,1,1.000000
Person,src,1,1,1.000000
Person,šresident,1,1,1.000000
Person,staffProfile,1,1,1.000000
Person,screenName,1,1,1.000000
Person,stage,1,1,1.000000
Person,stagename,1,1,1.000000
Person,stageNames,1,1,1.000000
Person,standing,1,1,1.000000
Person,standUpYears,1,1,1.000000
Person,stanleyCupChampion,1,1,1.000000
Person,star,1,1,1.000000
Person,starsign,1,1,1.000000
Person,started,1,1,1.000000
Person,startIssue,1,1,1.000000
Person,startrows,1,2,0.500000
Person,startTerm,1,1,1.000000
Person,startYear,1,1,1.000000
Person,stat10label,1,7,0.142857
Person,stat10value,1,1,1.000000
Person,sTat1label,1,1,1.000000
Person,stat1league,1,1,1.000000
Person,stat21league,1,1,1.000000
Person,stat26value,1,1,1.000000
Person,stat2lable,1,3,0.333333
Person,stAt2value,1,1,1.000000
Person,stat4vale,1,1,1.000000
Person,stat4valeu,1,1,1.000000
Person,stat9label,1,7,0.142857
Person,stat9value,1,1,1.000000
Person,statabel,1,10,0.100000
Person,statArea,1,1,1.000000
Person,statcareer,1,1,1.000000
Person,statdate,1,1,1.000000
Person,district,1,1,1.000000
Person,state1league,1,1,1.000000
Person,state2House,1,1,1.000000
Person,stateDistrict,1,1,1.000000
Person,stateElectoralDistrict,1,1,1.000000
Person,stateleague,1,1,1.000000
Person,"statenIsland,NewYork,U.s.Dead",1,1,1.000000
Person,stateOfExistence,1,1,1.000000
Person,staterecords,1,1,1.000000
Person,stateRepresentative,1,1,1.000000
Person,stateSenate&House,1,1,1.000000
Person,stations,1,1,1.000000
Person,statistics,1,2,0.500000
Person,statlable,1,1,1.000000
Person,statlae,1,1,1.000000
Person,statlavel,1,1,1.000000
Person,statnfl,1,1,1.000000
Person,stats4value,1,1,1.000000
Person,statseaons,1,1,1.000000
Person,statseason.,1,1,1.000000
Person,statsStatsLeague,1,2,0.500000
Person,statsyear,1,1,1.000000
Person,status.,1,1,1.000000
Person,sub%3E_,1,1,1.000000
Person,sub%3E_,1,1,1.000000
Person,sub%3E_,1,1,1.000000
Person,sTatvalue,1,1,1.000000
Person,statvaue,1,1,1.000000
Person,stemma,1,1,1.000000
Person,stepaunt,1,1,1.000000
Person,stepBrothers,1,1,1.000000
Person,stepchild,1,1,1.000000
Person,stepChildren,1,1,1.000000
Person,stepdaughtersnkam,1,1,1.000000
Person,stepgrandfather,1,1,1.000000
Person,stepgrandmother,1,1,1.000000
Person,stepGrandsons,1,1,1.000000
Person,stepKids,1,1,1.000000
Person,stepMom,1,1,1.000000
Person,stepmum,1,1,1.000000
Person,stepsons.,1,1,1.000000
Person,stlPredecessor,1,1,1.000000
Person,stlSuccessor,1,1,1.000000
Person,stolenBases,1,1,1.000000
Person,story,1,7,0.142857
Person,strany,1,1,1.000000
Person,strebowitzBirth,1,1,1.000000
Person,strebowitzDeath,1,1,1.000000
Person,strip,1,18,0.055556
Person,stripOfOrigin,1,1,1.000000
Person,stroke,1,1,1.000000
Person,ststvalue,1,1,1.000000
Person,studiedWith,1,1,1.000000
Person,su,1,1,1.000000
Person,subbox,1,1,1.000000
Person,subCaste,1,1,1.000000
Person,subcatPub,1,1,1.000000
Person,subdisrict,1,1,1.000000
Person,subdivisionArea,1,1,1.000000
Person,subdivisionIso,1,1,1.000000
Person,subeditor,1,1,1.000000
Person,subGrouping,1,1,1.000000
Person,subheaderstyle,1,1,1.000000
Person,subjectsReform,1,1,1.000000
Person,subsid,1,1,1.000000
Person,subst,1,7,0.142857
Person,substed,1,297,0.003367
Person,subtit,1,1,1.000000
Person,subtittle,1,1,1.000000
Person,subtítulo,1,1,1.000000
Person,subtopic,1,1,1.000000
Person,sucat,1,1,1.000000
Person,succeded,1,1,1.000000
Person,succededBy,1,1,1.000000
Person,succeededTba,1,1,1.000000
Person,successo,1,1,1.000000
Person,successo2r,1,1,1.000000
Person,successor!_,1,1,1.000000
Person,successor(s)_,1,1,1.000000
Person,successorr,1,1,1.000000
Person,successorTo,1,1,1.000000
Person,successro,1,1,1.000000
Person,sucecssor,1,1,1.000000
Person,sucessor,1,1,1.000000
Person,sufiShrine,1,1,1.000000
Person,suite,1,1,1.000000
Person,suitSize,1,1,1.000000
Person,sullname,1,1,1.000000
Person,sunshine,1,1,1.000000
Person,super12years,1,1,1.000000
Person,supercross,1,1,1.000000
Person,superhero,1,3,0.333333
Person,superheroCrew,1,1,1.000000
Person,superintendent,1,1,1.000000
Person,superior,1,1,1.000000
Person,supervisor,1,1,1.000000
Person,supplementalDraft,1,1,1.000000
Person,suppose,1,1,1.000000
Person,sure,1,1,1.000000
Person,surnom,1,1,1.000000
Person,surrenderDate,1,1,1.000000
Person,surrogateMother,1,1,1.000000
Person,survivedBy,1,1,1.000000
Person,survivingDescendants.,1,1,1.000000
Person,survivingKin,1,1,1.000000
Person,susClubes,1,1,1.000000
Person,suspension,1,1,1.000000
Person,suthor,1,1,1.000000
Person,sutitle,1,1,1.000000
Person,sv,1,1,1.000000
Person,swimmername,1,1,1.000000
Person,swingFrom,1,1,1.000000
Person,swingTo,1,1,1.000000
Person,swornBy,1,1,1.000000
Person,sym,1,1,1.000000
Person,syndicates,1,1,1.000000
Person,t20i,1,2,0.500000
Person,t20Matches,1,1,1.000000
Person,tagline,1,1,1.000000
Person,taiteilijanimet,1,1,1.000000
Person,takenBy,1,1,1.000000
Person,talentAgency,1,1,1.000000
Person,talentManagement,1,1,1.000000
Person,talkPage,1,1,1.000000
Person,talkPageSection,1,1,1.000000
Person,talksection,1,1,1.000000
Person,talkSectionName,1,1,1.000000
Person,tam,1,1,1.000000
Person,tamañoDeFoto,1,1,1.000000
Person,tan,1,1,1.000000
Person,tatalcaps,1,1,1.000000
Person,tba,1,1,1.000000
Person,tclass,1,1,1.000000
Person,tdhl,1,1,1.000000
Person,teacher(s)_,1,1,1.000000
Person,teaches,1,1,1.000000
Person,teachings,1,1,1.000000
Person,team.,1,1,1.000000
Person,team1score,1,1,1.000000
Person,team2score,1,1,1.000000
Person,teamAffiliations,1,1,1.000000
Person,teamcap,1,1,1.000000
Person,teamColours,1,1,1.000000
Person,teamcstart,1,1,1.000000
Person,teamg,1,1,1.000000
Person,teamlink,1,1,1.000000
Person,teamlogo,1,1,1.000000
Person,teamlpodiums,1,1,1.000000
Person,teamrecord,1,1,1.000000
Person,teamscoach,1,1,1.000000
Person,teamsnote,1,1,1.000000
Person,tears,1,1,1.000000
Person,techdirector,1,1,1.000000
Person,tel,1,1,1.000000
Person,telephone,1,1,1.000000
Person,televisionYears,1,1,1.000000
Person,televisipn,1,1,1.000000
Person,tellsHisStudents,1,1,1.000000
Person,telugu,1,1,1.000000
Person,teluguScript,1,1,1.000000
Person,tema,1,1,1.000000
Person,templeDates,1,1,1.000000
Person,tempsort,1,1,1.000000
Person,temsEnd,1,1,1.000000
Person,tên,1,1,1.000000
Person,tenDash,1,1,1.000000
Person,tenunre,1,1,1.000000
Person,tenureStart,1,1,1.000000
Person,tePukeElectorateOffice,1,1,1.000000
Person,term10a,1,1,1.000000
Person,term10b,1,1,1.000000
Person,term10c,1,1,1.000000
Person,term10d,1,1,1.000000
Person,term10e,1,1,1.000000
Person,term11a,1,1,1.000000
Person,term11b,1,1,1.000000
Person,term12a,1,1,1.000000
Person,term12b,1,1,1.000000
Person,term12c,1,1,1.000000
Person,term13a,1,1,1.000000
Person,term13b,1,1,1.000000
Person,term14a,1,1,1.000000
Person,term15a,1,1,1.000000
Person,term15b,1,1,1.000000
Person,term16a,1,1,1.000000
Person,term16b,1,1,1.000000
Person,term16c,1,1,1.000000
Person,term17a,1,1,1.000000
Person,term1a,1,1,1.000000
Person,term1end,1,1,1.000000
Person,term2a,1,1,1.000000
Person,term3a,1,1,1.000000
Person,term3b,1,1,1.000000
Person,term3c,1,1,1.000000
Person,term3d,1,1,1.000000
Person,term4a,1,1,1.000000
Person,term5a,1,1,1.000000
Person,term5b,1,1,1.000000
Person,term5c,1,1,1.000000
Person,term6a,1,1,1.000000
Person,term6b,1,1,1.000000
Person,term6c,1,1,1.000000
Person,term6d,1,1,1.000000
Person,term6e,1,1,1.000000
Person,term6f,1,1,1.000000
Person,term7a,1,1,1.000000
Person,term7b,1,1,1.000000
Person,term8a,1,1,1.000000
Person,term8b,1,1,1.000000
Person,term8c,1,1,1.000000
Person,term9a,1,1,1.000000
Person,termaStart,1,1,1.000000
Person,termDuration,1,1,1.000000
Person,termEn2d,1,1,1.000000
Person,termEndå,1,1,1.000000
Person,termEnding,1,1,1.000000
Person,termInOffice,1,1,1.000000
Person,termLable,1,1,1.000000
Person,terms,1,1,1.000000
Person,termStarts,1,1,1.000000
Person,termType,1,1,1.000000
Person,ternStart,1,1,1.000000
Person,terroredBy,1,1,1.000000
Person,terzaDivisa,1,1,1.000000
Person,testDebutAgainst,1,1,1.000000
Person,testDebutDate,1,1,1.000000
Person,testDebutYear,1,1,1.000000
Person,testdeubutdate,1,1,1.000000
Person,tetmEnd,1,1,1.000000
Person,texasStateRunnerUp,1,1,1.000000
Person,textAlign,1,1,1.000000
Person,textBackground,1,1,1.000000
Person,textColor,1,1,1.000000
Person,textimage,1,1,1.000000
Person,textname,1,1,1.000000
Person,textoimagen,1,1,1.000000
Person,texts,1,1,1.000000
Person,tgoals,1,1,1.000000
Person,theatregoerschoiceawards,1,1,1.000000
Person,theatreGroup,1,1,1.000000
Person,themes,1,1,1.000000
Person,theOriginalName,1,1,1.000000
Person,thesesAdvised,1,1,1.000000
Person,thesisSupervisor,1,1,1.000000
Person,thicknessSeries,1,1,1.000000
Person,thipos,1,1,1.000000
Person,thisConcert,1,1,1.000000
Person,thisPageHasBeenVerifiedByKalebBatmanName,1,1,1.000000
Person,thumbImageSize,1,1,1.000000
Person,thumbnail,1,1,1.000000
Person,thumbtime,1,1,1.000000
Person,tiel,1,1,1.000000
Person,tiempo,1,1,1.000000
Person,tifDhaxalAbahiis,1,1,1.000000
Person,tile,1,1,1.000000
Person,tilte,1,1,1.000000
Person,timeActive,1,1,1.000000
Person,timeInOffice,1,1,1.000000
Person,timeOnShow,1,1,1.000000
Person,timesCited,1,1,1.000000
Person,tit,1,1,1.000000
Person,titile,1,1,1.000000
Person,title.,1,1,1.000000
Person,titlealign,1,2,0.500000
Person,titleAlign,1,1,1.000000
Person,titleAwarded,1,1,1.000000
Person,titleByPresident,1,1,1.000000
Person,titlen,1,1,1.000000
Person,titleOfPretence,1,1,1.000000
Person,titleoverride,1,1,1.000000
Person,titleRepresentative,1,1,1.000000
Person,titlesWon,1,1,1.000000
Person,titleWon,1,1,1.000000
Person,titol,1,1,1.000000
Person,titul,1,1,1.000000
Person,titular,1,1,1.000000
Person,titularBishop,1,1,1.000000
Person,título,1,1,1.000000
Person,tko,1,1,1.000000
Person,tmfn,1,1,1.000000
Person,tmfw,1,1,1.000000
Person,tmupdate,1,1,1.000000
Person,toFunction,1,1,1.000000
Person,toll,1,1,1.000000
Person,tone,1,5,0.200000
Person,top14caps,1,1,1.000000
Person,topleague,1,1,1.000000
Person,topscore,1,1,1.000000
Person,topTens,1,1,1.000000
Person,topWorldCurlingTourRanking,1,1,1.000000
Person,totalBuschStarts,1,1,1.000000
Person,totalcapss,1,1,1.000000
Person,totalCupStarts,1,1,1.000000
Person,totalFatalities,1,1,1.000000
Person,totalFilms,1,1,1.000000
Person,totalgames,1,1,1.000000
Person,totalgoal,1,1,1.000000
Person,totalInjuries,1,1,1.000000
Person,totalNumberPublishedAlbums,1,1,1.000000
Person,totalPoints,1,1,1.000000
Person,totalSurvivors,1,1,1.000000
Person,totalTruckStarts,1,1,1.000000
Person,totalViews,1,1,1.000000
Person,totalvotes,1,1,1.000000
Person,totron,1,1,1.000000
Person,toupee,1,1,1.000000
Person,tourFinals,1,1,1.000000
Person,touringBand,1,1,1.000000
Person,tournamentOfChampions,1,1,1.000000
Person,toursWith,1,1,1.000000
Person,townofbirth,1,1,1.000000
Person,tozairNo,1,1,1.000000
Person,trabajoActual,1,1,1.000000
Person,trackPlace,1,1,1.000000
Person,tradChineseName,1,1,1.000000
Person,tradchinesenameفارسی,1,1,1.000000
Person,trademarks,1,1,1.000000
Person,tradingName,1,1,1.000000
Person,tradstagename,1,1,1.000000
Person,trainer(s)_,1,1,1.000000
Person,trakcs,1,1,1.000000
Person,transferred,1,1,1.000000
Person,transformiceName,1,1,1.000000
Person,translation,1,1,1.000000
Person,transmission,1,1,1.000000
Person,travel,1,1,1.000000
Person,travelBlog,1,1,1.000000
Person,treatment,1,3,0.333333
Person,tree,1,1,1.000000
Person,trend,1,1,1.000000
Person,trenutniKlub,1,1,1.000000
Person,tribuneOfThePlebians,1,1,1.000000
Person,tributeAlbums,1,1,1.000000
Person,triesg,1,1,1.000000
Person,ts,1,1,1.000000
Person,ttBestPlace,1,1,1.000000
Person,ttFastestSpeed,1,1,1.000000
Person,ttle,1,1,1.000000
Person,tur,1,1,1.000000
Person,turnedProfessional,1,1,1.000000
Person,turnoutChange,1,1,1.000000
Person,turnoutPercent,1,1,1.000000
Person,tvdramas,1,1,1.000000
Person,tvPrograms,1,1,1.000000
Person,twenty20debutagainst,1,1,1.000000
Person,twenty20debutdate,1,1,1.000000
Person,twenty20debutfor,1,1,1.000000
Person,twenty20debutyear,1,1,1.000000
Person,twenty20idebutdate,1,1,1.000000
Person,twentySplilt,1,1,1.000000
Person,twinTo,1,1,1.000000
Person,twitchChannel,1,1,1.000000
Person,twiter,1,1,1.000000
Person,type1debutagainst,1,1,1.000000
Person,type1debutdate,1,1,1.000000
Person,type1debutfor,1,1,1.000000
Person,type1debutyear,1,1,1.000000
Person,typeObj,1,1,1.000000
Person,typeOfMusic,1,1,1.000000
Person,typeOfProp,1,1,1.000000
Person,typeOfSingingVoice,1,1,1.000000
Person,typeOfVoce,1,1,1.000000
Person,u.s.SeniorNationalTeamMember,1,1,1.000000
Person,u19Odidebutyear,1,1,1.000000
Person,u20Nationalyears,1,1,1.000000
Person,ubnumber,1,1,1.000000
Person,udated,1,1,1.000000
Person,ug,1,1,1.000000
Person,ugovor,1,1,1.000000
Person,uipa,1,1,1.000000
Person,ukbest,1,1,1.000000
Person,ukcareer,1,1,1.000000
Person,ukrainianName,1,1,1.000000
Person,ullName,1,1,1.000000
Person,umber,1,1,1.000000
Person,umpire2Country,1,1,1.000000
Person,umpire2CountryShortForm,1,1,1.000000
Person,umpirecomps,1,1,1.000000
Person,umpladebutyr,1,1,1.000000
Person,umplalastyr,1,1,1.000000
Person,umpwodidebutyr,1,1,1.000000
Person,umpwodilastyr,1,1,1.000000
Person,underboss,1,1,1.000000
Person,undraftedteam,1,1,1.000000
Person,undratedteam,1,1,1.000000
Person,ungegn,1,1,1.000000
Person,unitedFigureSkatingHallOfFame,1,1,1.000000
Person,unitName,1,2,0.500000
Person,unkwown,1,1,1.000000
Person,until,1,1,1.000000
Person,upadated,1,1,1.000000
Person,upcomingMovie,1,1,1.000000
Person,upcomingShow,1,1,1.000000
Person,updates,1,1,1.000000
Person,uProvinceupdate,1,1,1.000000
Person,urlDateArg,1,2,0.500000
Person,urlSeção,1,1,1.000000
Person,usa,1,1,1.000000
Person,usaCollegeChampionship,1,1,1.000000
Person,usaRank,1,1,1.000000
Person,usb,1,1,1.000000
Person,usbest,1,1,1.000000
Person,uscareer,1,1,1.000000
Person,usChampionshipGolds,1,1,1.000000
Person,usChampionshipTeams,1,1,1.000000
Person,usedBy,1,1,1.000000
Person,usedName,1,1,1.000000
Person,usjuniorchampion,1,1,1.000000
Person,usopendoublesjuniorrresult,1,1,1.000000
Person,usopenseniorresult,1,1,1.000000
Person,utcOffset,1,1,1.000000
Person,utcOffsetDst,1,1,1.000000
Person,utl,1,1,1.000000
Person,valign,1,1,1.000000
Person,various,1,1,1.000000
Person,vb,1,5,0.200000
Person,vboxWidth,1,1,1.000000
Person,vegasbest,1,1,1.000000
Person,vegascareer,1,1,1.000000
Person,venerableDate,1,1,1.000000
Person,version,1,4,0.250000
Person,verticalAlign,1,170,0.005882
Person,vice,1,1,1.000000
Person,vicechairman,1,1,1.000000
Person,viceChairman,1,1,1.000000
Person,vicechancellor,1,1,1.000000
Person,viceChancellor,1,1,1.000000
Person,viceChief,1,1,1.000000
Person,viceminister,1,1,1.000000
Person,vicePresidentOfTheIranianResistance,1,2,0.500000
Person,videoAlbums,1,1,1.000000
Person,videoLink,1,2,0.500000
Person,village,1,1,1.000000
Person,villagePlace,1,1,1.000000
Person,violinist,1,1,1.000000
Person,virgenDeLosTreintaYTres♀4date,1,1,1.000000
Person,virusClass,1,1,1.000000
Person,visaChampionships,1,1,1.000000
Person,visitor,1,1,1.000000
Person,vitalDates,1,1,1.000000
Person,vitalStatistics,1,1,1.000000
Person,vitalStatus,1,1,1.000000
Person,vocalClassification,1,1,1.000000
Person,vocalTypes,1,1,1.000000
Person,vocation,1,1,1.000000
Person,vodka,1,1,1.000000
Person,voiceby,1,1,1.000000
Person,voiceDepartment,1,1,1.000000
Person,voiceoverAgent,1,1,1.000000
Person,voiceRange,1,1,1.000000
Person,vol,1,1,1.000000
Person,volime,1,1,1.000000
Person,volum,1,1,1.000000
Person,volumes,1,1,1.000000
Person,votesmark,1,1,1.000000
Person,voteSmart,1,1,1.000000
Person,vows,1,1,1.000000
Person,vydání,1,1,1.000000
Person,vydavatel,1,1,1.000000
Person,w1ec,1,1,1.000000
Person,wadeGiles,1,1,1.000000
Person,wadeGileschinesename,1,1,1.000000
Person,waistSize,1,1,1.000000
Person,waitLbs,1,1,1.000000
Person,walkingWeight,1,1,1.000000
Person,wallabyNo,1,1,1.000000
Person,battles,1,1,1.000000
Person,wards,1,1,1.000000
Person,waring,1,1,1.000000
Person,warMinister,1,1,1.000000
Person,warning,1,262,0.003817
Person,warrior,1,3,0.333333
Person,battles,1,1,1.000000
Person,wartimeRank,1,1,1.000000
Person,washtime,1,1,1.000000
Person,wasPoliceCommissionerOfAhmedabad.NowThePoliceChiefIsSudhirSinhaBefore,1,1,1.000000
Person,wavelength,1,1,1.000000
Person,wayback,1,1,1.000000
Person,wcstarts,1,1,1.000000
Person,wdfEuropeCup,1,1,1.000000
Person,weakness,1,1,1.000000
Person,weapon(s)_,1,1,1.000000
Person,webAlias(es)_,1,1,1.000000
Person,webalias,1,1,1.000000
Person,webBlog,1,1,1.000000
Person,webbplats,1,1,1.000000
Person,webcast,1,1,1.000000
Person,webDesigner,1,1,1.000000
Person,webHostService,1,1,1.000000
Person,weblog,1,1,1.000000
Person,websit,1,1,1.000000
Person,Blog,1,1,1.000000
Person,websiteDrkevinpauza.com,1,1,1.000000
Person,websiteFamily,1,1,1.000000
Person,websiteManager,1,1,1.000000
Person,websitename,1,1,1.000000
Person,websiteName,1,1,1.000000
Person,websiteShawnChrys.com,1,1,1.000000
Person,websitesi,1,1,1.000000
Person,websiteurl,1,1,1.000000
Person,websiteWww.lizzwright.net,1,1,1.000000
Person,webstite,1,1,1.000000
Person,wedding,1,1,1.000000
Person,weigh,1,1,1.000000
Person,weighLbs,1,1,1.000000
Person,weightClassType,1,4,0.250000
Person,weightCutFrom,1,1,1.000000
Person,weightKgs,1,1,1.000000
Person,weightlb,1,1,1.000000
Person,weinerIn,1,1,1.000000
Person,werbeagentur,1,1,1.000000
Person,werk,1,1,1.000000
Person,west,1,1,1.000000
Person,westCoastOfTheUnitedStatesImageSize,1,1,1.000000
Person,wf,1,26,0.038462
Person,whaDtaftYear,1,1,1.000000
Person,whatDoesSheNowDo,1,1,1.000000
Person,wheelchairtennismasterssinglesresult,1,1,1.000000
Person,wheigt,1,1,1.000000
Person,whereIsHeNow%3F_,1,1,1.000000
Person,whiskey,1,1,1.000000
Person,wholeName,1,1,1.000000
Person,whoseRealNameIs,1,1,1.000000
Person,why,1,1,1.000000
Person,wicket,1,1,1.000000
Person,widht,1,1,1.000000
Person,widthLeft,1,2,0.500000
Person,widthpx,1,2,0.500000
Person,widthRight,1,2,0.500000
Person,widthUnits,1,2,0.500000
Person,"wife,Childres",1,1,1.000000
Person,wife.,1,1,1.000000
Person,wife'sChildren,1,1,1.000000
Person,wife'sName,1,1,1.000000
Person,wife(s)_,1,1,1.000000
Person,wifeNames,1,1,1.000000
Person,wikipediaEditor,1,1,1.000000
Person,wikiquote,1,1,1.000000
Person,wiktionary,1,1,1.000000
Person,wiktSearch,1,1,1.000000
Person,willedPlace,1,1,1.000000
Person,willySizeinch,1,1,1.000000
Person,wImage,1,1,1.000000
Person,wimbledonmixeddoublesresult,1,1,1.000000
Person,wingspan,1,1,1.000000
Person,winnerChange,1,1,1.000000
Person,winnerName,1,1,1.000000
Person,winnerSong,1,1,1.000000
Person,winningTeam,1,1,1.000000
Person,winsByKo,1,1,1.000000
Person,winsInWrcFormula,1,1,1.000000
Person,winsInWrcGroupN,1,1,1.000000
Person,withtitle,1,1,1.000000
Person,wlaf,1,1,1.000000
Person,wlafstateValue,1,1,1.000000
Person,wodisumpired,1,1,1.000000
Person,woe,1,1,1.000000
Person,wokplace,1,1,1.000000
Person,women,1,1,1.000000
Person,woodbody,1,1,1.000000
Person,woodfingerboard,1,1,1.000000
Person,woodneck,1,1,1.000000
Person,workArea,1,1,1.000000
Person,worked,1,1,1.000000
Person,workedFor,1,1,1.000000
Person,workHistory,1,1,1.000000
Person,workIn,1,1,1.000000
Person,working,1,1,1.000000
Person,workOfDebut,1,1,1.000000
Person,workOrganization,1,1,1.000000
Person,worksAt,1,1,1.000000
Person,workshops,1,1,1.000000
Person,worksUnder,1,1,1.000000
Person,worldbest,1,1,1.000000
Person,worldcareer,1,1,1.000000
Person,worldChampionships,1,1,1.000000
Person,worldChampionshipWins,1,1,1.000000
Person,worldCupCap,1,1,1.000000
Person,worldcuprank,1,1,1.000000
Person,worldCurlingChampionshipAppearances,1,1,1.000000
Person,worldopenvetsresult,1,1,1.000000
Person,worldrank,1,1,1.000000
Person,worldRank,1,1,1.000000
Person,worldStanding,1,1,1.000000
Person,worldteamcup,1,1,1.000000
Person,worldWheelchairChampionshipAppearances,1,1,1.000000
Person,worldWins,1,1,1.000000
Person,wp,1,1,1.000000
Person,wptFinal,1,1,1.000000
Person,wptMoney,1,1,1.000000
Person,wptTitle,1,1,1.000000
Person,wq,1,22,0.045455
Person,wr,1,38,0.026316
Person,wrestlingKowin,1,1,1.000000
Person,wrestlingName,1,1,1.000000
Person,written,1,1,1.000000
Person,writtenPress,1,1,1.000000
Person,wsChampionships,1,1,1.000000
Person,wsitle,1,1,1.000000
Person,wsopEanings,1,1,1.000000
Person,wsopEarnings,1,1,1.000000
Person,wsopFinalTable,1,1,1.000000
Person,wsopFinalTableAppearances,1,1,1.000000
Person,wsopItm,1,1,1.000000
Person,wsopMainEvenBestFinishRank,1,1,1.000000
Person,wsopMainEventHighestFinishRank,1,1,1.000000
Person,wsopMainEventMostTimesInTheMoney,1,1,1.000000
Person,wsopMoney,1,1,1.000000
Person,wsopMoneyFinish(es)_,1,1,1.000000
Person,wtachampionsresult,1,1,1.000000
Person,wtadoubles,1,1,1.000000
Person,wtasingles,1,1,1.000000
Person,wuth,1,1,1.000000
Person,wydział,1,1,1.000000
Person,yattığıYer,1,1,1.000000
Person,yea22start,1,1,1.000000
Person,year13end,1,1,1.000000
Person,year14start,1,1,1.000000
Person,year23end,1,1,1.000000
Person,year3.,1,1,1.000000
Person,year3endb,1,1,1.000000
Person,year3finish,1,1,1.000000
Person,yearas,1,1,1.000000
Person,yearCompleted,1,1,1.000000
Person,yeare5nd,1,1,1.000000
Person,yearend,1,1,1.000000
Person,yearGraduatated,1,1,1.000000
Person,yeargstart,1,1,1.000000
Person,yearInSchool,1,1,1.000000
Person,yearOfActive,1,1,1.000000
Person,yearOfBrith,1,1,1.000000
Person,yearOfImmigrationToPalestine,1,1,1.000000
Person,yearOfRetirement,1,1,1.000000
Person,yearPassed,1,1,1.000000
Person,yearRepresentative,1,1,1.000000
Person,yEars,1,1,1.000000
Person,years10.,1,1,1.000000
Person,years3.,1,1,1.000000
Person,years307&nbsp;bc,1,1,1.000000
Person,years437Bc,1,1,1.000000
Person,years7.,1,2,0.500000
Person,yearsAchieve,1,1,1.000000
Person,yearsacive,1,1,1.000000
Person,yearsAct,1,1,1.000000
Person,yearsActi,1,1,1.000000
Person,yearsactice,1,1,1.000000
Person,yearsActive.,1,1,1.000000
Person,yearsActive(musicComposing)_,1,1,1.000000
Person,yearsActive(singing)_,1,1,1.000000
Person,yearsActive(solista)_,1,1,1.000000
Person,yearsActiveAsInternationalCompetitor,1,1,1.000000
Person,yearsActivePoliti,1,1,1.000000
Person,yearsActives,1,1,1.000000
Person,yearsActvate,1,1,1.000000
Person,yearsAsAnNojhlCoach,1,1,1.000000
Person,yearsAtLarge,1,1,1.000000
Person,yearsEndActive,1,1,1.000000
Person,yearsInactive,1,1,1.000000
Person,yearsInFinance,1,1,1.000000
Person,yearsMediaActive,1,1,1.000000
Person,yearsOfActive,1,1,1.000000
Person,yearsOfCreativity,1,1,1.000000
Person,yearsOfNewsList,1,1,1.000000
Person,yearsOfTerm,1,1,1.000000
Person,yearsPlaying,1,1,1.000000
Person,yearsPresident,1,1,1.000000
Person,yearsPublished,1,1,1.000000
Person,yearssactive,1,2,0.500000
Person,yearssActive,1,1,1.000000
Person,yearsstart,1,1,1.000000
Person,yearsyouth,1,1,1.000000
Person,yengi,1,1,1.000000
Person,yeqrs,1,1,1.000000
Person,yerars,1,1,1.000000
Person,yers,1,1,1.000000
Person,yesrs,1,1,1.000000
Person,yMin,1,2,0.500000
Person,yogaGuru,1,1,1.000000
Person,yotuhclubs,1,1,1.000000
Person,youngCanadianJournalistsAward,1,1,1.000000
Person,youthassists,1,1,1.000000
Person,youthcllubs,1,1,1.000000
Person,youthClub3Years,1,1,1.000000
Person,youthclubs1.,1,1,1.000000
Person,youthclubs1LilliPilliFcUnder,1,1,1.000000
Person,youthclubsa,1,1,1.000000
Person,youthlubs,1,1,1.000000
Person,youthnationalTeam(u20)_,1,1,1.000000
Person,youthnationalteam2caps,1,1,1.000000
Person,youthnationalteam2goals,1,1,1.000000
Person,youthnationalteamcaps,1,1,1.000000
Person,youthnationalteamgoals,1,1,1.000000
Person,youthPastor,1,1,1.000000
Person,youths,1,1,1.000000
Person,youthtear,1,1,1.000000
Person,youthyclub,1,1,1.000000
Person,youthyeaqqrs,1,1,1.000000
Person,youthyears1Iyouthclubs,1,1,1.000000
Person,youthyears1l,1,1,1.000000
Person,youthyearss,1,1,1.000000
Person,youtubeChannel,1,1,1.000000
Person,yrke,1,1,1.000000
Person,zdate,1,1,1.000000
Person,zh,1,1,1.000000
Person,zhDungan,1,1,1.000000
Person,zhu,1,1,1.000000
Person,zipcode,1,1,1.000000
Person,zoneRepresented,1,1,1.000000
Person,γέννηση,1,1,1.000000
Person,εθνικότητα,1,1,1.000000
Person,είδοςΤέχνης,1,1,1.000000
Person,θάνατος,1,1,1.000000
Person,λεζάντα,1,1,1.000000
Person,όνομα,1,1,1.000000
Person,πραγματικόΌνομα,1,1,1.000000
Person,σημαντικάΈργα,1,1,1.000000
Person,τίτλος,1,1,1.000000
Person,τόποςΓέννησης,1,1,1.000000
Person,активниГодини,1,1,1.000000
Person,должность,1,1,1.000000
Person,издание,1,1,1.000000
Person,име,1,1,1.000000
Person,оригинал,1,1,1.000000
Person,сitizenship,1,1,1.000000
Person,том,1,1,1.000000
Person,целоИме,1,1,1.000000
Person,часть,1,1,1.000000
Person,نام,1,1,1.000000
Person,نوم,1,1,1.000000
Person,中文名,1,1,1.000000
Person,大原さやかdate,1,1,1.000000
Species,%3CInfraphylum,1,1,1.000000
Species,3pp,1,1,1.000000
Species,allianceAuthority,1,1,1.000000
Species,altCaption,1,1,1.000000
Species,alternateName,1,1,1.000000
Species,alternativeName,1,1,1.000000
Species,alternativeNames,1,1,1.000000
Species,altsymbols,1,1,1.000000
Species,annotBackgroundColor,1,1,1.000000
Species,annotColor,1,1,1.000000
Species,annotFontSize,1,1,1.000000
Species,annotFontWeight,1,2,0.500000
Species,aquariumistCareLevel,1,3,0.333333
Species,arrangement,1,1,1.000000
Species,artist,1,1,1.000000
Species,assistantTrainer,1,1,1.000000
Species,auteur,1,2,0.500000
Species,auth,1,1,1.000000
Species,Authority,1,1,1.000000
Species,autoridadBinomial,1,1,1.000000
Species,bar10BorderWidth,1,1,1.000000
Species,bar10From,1,1,1.000000
Species,bar10Left,1,1,1.000000
Species,bar10Right,1,1,1.000000
Species,bar10Text,1,1,1.000000
Species,bar10To,1,1,1.000000
Species,bar11BorderWidth,1,1,1.000000
Species,bar11From,1,1,1.000000
Species,bar11Left,1,1,1.000000
Species,bar11NudgeUp,1,1,1.000000
Species,bar11Right,1,1,1.000000
Species,bar11To,1,1,1.000000
Species,bar17Colour,1,2,0.500000
Species,bar17Left,1,2,0.500000
Species,bar17Right,1,2,0.500000
Species,bar1From,1,1,1.000000
Species,bar1Left,1,1,1.000000
Species,bar1Right,1,2,0.500000
Species,bar1To,1,1,1.000000
Species,bar21Colour,1,1,1.000000
Species,bar21From,1,1,1.000000
Species,bar21Left,1,1,1.000000
Species,bar21Right,1,1,1.000000
Species,bar21To,1,1,1.000000
Species,bar22Colour,1,1,1.000000
Species,bar22From,1,1,1.000000
Species,bar22Left,1,1,1.000000
Species,bar22Right,1,1,1.000000
Species,bar22To,1,1,1.000000
Species,bar25Colour,1,1,1.000000
Species,bar25From,1,1,1.000000
Species,bar25Left,1,1,1.000000
Species,bar25Right,1,1,1.000000
Species,bar25To,1,1,1.000000
Species,bar26Colour,1,2,0.500000
Species,bar2From,1,1,1.000000
Species,bar2Left,1,1,1.000000
Species,bar2Right,1,2,0.500000
Species,bar2To,1,1,1.000000
Species,bar3BorderWidth,1,1,1.000000
Species,bar3From,1,1,1.000000
Species,bar3Left,1,1,1.000000
Species,bar3Right,1,1,1.000000
Species,bar4BorderWidth,1,1,1.000000
Species,bar4Left,1,1,1.000000
Species,bar4NudgeDown,1,1,1.000000
Species,bar4Right,1,1,1.000000
Species,bar4Text,1,1,1.000000
Species,bar4To,1,1,1.000000
Species,bar5Colour,1,2,0.500000
Species,bar5Left,1,2,0.500000
Species,bar5Right,1,2,0.500000
Species,bar5To,1,1,1.000000
Species,bar6BorderWidth,1,1,1.000000
Species,bar6From,1,1,1.000000
Species,bar6Left,1,1,1.000000
Species,bar6NudgeUp,1,1,1.000000
Species,bar6Right,1,1,1.000000
Species,bar6Text,1,1,1.000000
Species,bar6To,1,1,1.000000
Species,bar7BorderWidth,1,1,1.000000
Species,bar7From,1,1,1.000000
Species,bar7Left,1,1,1.000000
Species,bar7Right,1,1,1.000000
Species,bar7Text,1,1,1.000000
Species,bar7To,1,1,1.000000
Species,bar8BorderWidth,1,1,1.000000
Species,bar8From,1,1,1.000000
Species,bar8Left,1,1,1.000000
Species,bar8Right,1,1,1.000000
Species,bar8Text,1,1,1.000000
Species,bar8To,1,1,1.000000
Species,bar9BorderWidth,1,1,1.000000
Species,bar9From,1,1,1.000000
Species,bar9Left,1,1,1.000000
Species,bar9Right,1,1,1.000000
Species,bar9Text,1,1,1.000000
Species,bar9To,1,1,1.000000
Species,barWidth,1,1,1.000000
Species,basonym,1,1,1.000000
Species,betaCaroteneUg,1,1,1.000000
Species,betacryptoxanthinUg,1,1,1.000000
Species,bg,1,1,1.000000
Species,binomiaauthority,1,1,1.000000
Species,binomialAuthor,1,1,1.000000
Species,binomialAuthorit,1,1,1.000000
Species,binomialAuthority''_,1,1,1.000000
Species,binomialAuthorityRef,1,1,1.000000
Species,binomialAutoridade,1,1,1.000000
Species,binomialDate,1,1,1.000000
Species,binomialRef,1,1,1.000000
Species,binomualAuthority,1,1,1.000000
Species,biogroup,1,1,1.000000
Species,birthDate,1,1,1.000000
Species,birthPlace,1,1,1.000000
Species,body,1,1,1.000000
Species,bodyPlan,1,3,0.333333
Species,book,1,4,0.250000
Species,bordo,1,1,1.000000
Species,born,1,1,1.000000
Species,breederYou,1,1,1.000000
Species,breeding,1,2,0.500000
Species,breeeder,1,1,1.000000
Species,bsodiumMg,1,1,1.000000
Species,by,1,5,0.200000
Species,caffeine,1,1,1.000000
Species,catalase,1,1,1.000000
Species,catlifeid,1,1,1.000000
Species,causalAgnets,1,1,1.000000
Species,certain,1,2,0.500000
Species,cgolor,1,1,1.000000
Species,chi,1,1,1.000000
Species,cholesterol,1,1,1.000000
Species,cholesterolMg,1,1,1.000000
Species,choline,1,1,1.000000
Species,citrate,1,1,1.000000
Species,citricAcid,1,1,1.000000
Species,classification,1,1,1.000000
Species,classisSv,1,2,0.500000
Species,classos,1,1,1.000000
Species,clear,1,1,1.000000
Species,coflor,1,1,1.000000
Species,cohors,1,1,1.000000
Species,cohorto,1,879,0.001138
Species,collapsible,1,5,0.200000
Species,colors,1,1,1.000000
Species,cols,1,2,0.500000
Species,commonname,1,1,1.000000
Species,concern,1,1,1.000000
Species,contentstyle,1,1,1.000000
Species,contentStyle,1,2,0.500000
Species,context,1,1,1.000000
Species,coordinatesDisplay,1,1,1.000000
Species,coordinatesRegion,1,1,1.000000
Species,copper,1,1,1.000000
Species,cotyledonsClassis,1,2,0.500000
Species,damSire,1,1,1.000000
Species,dateOfBirth,1,1,1.000000
Species,datum,1,1,1.000000
Species,deathPlace,1,1,1.000000
Species,dec,1,1,1.000000
Species,deceased,1,1,1.000000
Species,designation,1,1,1.000000
Species,df,1,4,0.250000
Species,dict,1,1,1.000000
Species,dies,1,1,1.000000
Species,discipline,1,1,1.000000
Species,distances,1,1,1.000000
Species,divisionRanks,1,1,1.000000
Species,diviso,1,1,1.000000
Species,"domapwls,s,,sin",1,1,1.000000
Species,dominium,1,1,1.000000
Species,dupe,1,1,1.000000
Species,end,1,1,1.000000
Species,entrezgene,1,1,1.000000
Species,epifamilia,1,2,0.500000
Species,especie,1,1,1.000000
Species,expanded,1,1,1.000000
Species,famalia,1,1,1.000000
Species,famila,1,1,1.000000
Species,famili,1,1,1.000000
Species,familiaAuthoryity,1,1,1.000000
Species,familiab,1,1,1.000000
Species,familiar,1,23,0.043478
Species,familiea,1,1,1.000000
Species,famniliaAuthority,1,1,1.000000
Species,few,1,5,0.200000
Species,fffff,1,1,1.000000
Species,ffffm,1,1,1.000000
Species,fffmf,1,1,1.000000
Species,fffmm,1,1,1.000000
Species,ffmff,1,1,1.000000
Species,ffmfm,1,1,1.000000
Species,ffmmf,1,1,1.000000
Species,ffmmm,1,1,1.000000
Species,fields,1,1,1.000000
Species,fmfff,1,1,1.000000
Species,fmffm,1,1,1.000000
Species,fmfmf,1,1,1.000000
Species,fmfmm,1,1,1.000000
Species,fmmff,1,1,1.000000
Species,fmmfm,1,1,1.000000
Species,fmmmf,1,1,1.000000
Species,fmmmm,1,1,1.000000
Species,for,1,1,1.000000
Species,form,1,1,1.000000
Species,fosillRange,1,1,1.000000
Species,fossilrange,1,1,1.000000
Species,frameStyle,1,2,0.500000
Species,frenchName,1,1,1.000000
Species,ft,1,1,1.000000
Species,gap,1,1,1.000000
Species,gdbif,1,1,1.000000
Species,generaAuthority,1,1,1.000000
Species,género,1,1,1.000000
Species,genisAuthority,1,1,1.000000
Species,genius,1,1,1.000000
Species,genus+authority,1,1,1.000000
Species,genusauthority,1,1,1.000000
Species,genusAuthoriy,1,1,1.000000
Species,genusAutoritate,1,1,1.000000
Species,genusBinomial,1,1,1.000000
Species,genusDescriber,1,1,1.000000
Species,genuses,1,1,1.000000
Species,genusName,1,1,1.000000
Species,genusTurek,1,1,1.000000
Species,germinationRate,1,1,1.000000
Species,global%3F_,1,1,1.000000
Species,glucoseFermentation,1,1,1.000000
Species,gr,1,1,1.000000
Species,grade,1,1,1.000000
Species,gram,1,1,1.000000
Species,gramReaction,1,1,1.000000
Species,grandordo,1,1,1.000000
Species,grandsie,1,1,1.000000
Species,grandSire,1,1,1.000000
Species,habit,1,2,0.500000
Species,headerBackground,1,1,1.000000
Species,headerimage,1,2,0.500000
Species,heightMetric,1,1,1.000000
Species,hidden,1,2,0.500000
Species,hideroot,1,1,1.000000
Species,hin,1,1,1.000000
Species,hiragana,1,1,1.000000
Species,howLargeIsLarge%3FCm,1,1,1.000000
Species,hymeniumtypE,1,1,1.000000
Species,icunStatus,1,1,1.000000
Species,imaageSize,1,1,1.000000
Species,image–caption,1,1,1.000000
Species,image3Caption,1,1,1.000000
Species,imageCapion,1,1,1.000000
Species,imageCaptions,1,1,1.000000
Species,imageCatin,1,1,1.000000
Species,imageComment,1,1,1.000000
Species,imageCption,1,1,1.000000
Species,imageFile,1,1,1.000000
Species,imageLength,1,1,1.000000
Species,imageSiz,1,1,1.000000
Species,imagesSize,1,1,1.000000
Species,imagetitle,1,1,1.000000
Species,imageWdith,1,1,1.000000
Species,imageWidthy,1,1,1.000000
Species,imageWith,1,1,1.000000
Species,imateCaption,1,1,1.000000
Species,imgeWidth,1,1,1.000000
Species,imiageCaption,1,1,1.000000
Species,in,1,1,1.000000
Species,ind,1,1,1.000000
Species,index,1,1,1.000000
Species,indic,1,1,1.000000
Species,indole,1,1,1.000000
Species,infraClassia,1,1,1.000000
Species,infraClassis,1,1,1.000000
Species,infrafamilia,1,67,0.014925
Species,infrakingdom,1,2,0.500000
Species,infrclassis,1,2,0.500000
Species,inomial,1,1,1.000000
Species,italicTitle,1,2,0.500000
Species,japanese,1,1,1.000000
Species,knownAs,1,1,1.000000
Species,knownFor,1,1,1.000000
Species,kunrei,1,1,1.000000
Species,kyujitai,1,1,1.000000
Species,labelPosition,1,1,1.000000
Species,labels,1,1,1.000000
Species,labelwidth,1,1,1.000000
Species,lactose,1,2,0.500000
Species,lactoseFermentation,1,1,1.000000
Species,lantTitle,1,1,1.000000
Species,lastUpdated,1,1,1.000000
Species,lat10Deg,1,1,1.000000
Species,lat11Deg,1,1,1.000000
Species,lat12Deg,1,1,1.000000
Species,lat13Deg,1,1,1.000000
Species,lat14Deg,1,1,1.000000
Species,lat15Deg,1,1,1.000000
Species,lat16Deg,1,1,1.000000
Species,lat17Deg,1,1,1.000000
Species,lat18Deg,1,1,1.000000
Species,lat19Deg,1,1,1.000000
Species,lat2Dir,1,2,0.500000
Species,lat3Deg,1,1,1.000000
Species,lat4Deg,1,1,1.000000
Species,lat5Deg,1,1,1.000000
Species,lat6Deg,1,1,1.000000
Species,lat7Deg,1,1,1.000000
Species,lat8Deg,1,1,1.000000
Species,lat9Deg,1,1,1.000000
Species,latd,1,1,1.000000
Species,latNs,1,4,0.250000
Species,latSec,1,1,1.000000
Species,left,1,1,1.000000
Species,leftarm,1,1,1.000000
Species,legend1start,1,1,1.000000
Species,legendbox,1,1,1.000000
Species,length,1,4,0.250000
Species,level,1,1,1.000000
Species,leyliNamazovaЛет19Name,1,1,1.000000
Species,lifetimeEarnings,1,1,1.000000
Species,limit,1,1,1.000000
Species,links,1,4,0.250000
Species,linktext,1,2,0.500000
Species,linkTo,1,1,1.000000
Species,listclass,1,3,0.333333
Species,liststyle,1,3,0.333333
Species,loài,1,1,1.000000
Species,lon10Deg,1,1,1.000000
Species,lon11Deg,1,1,1.000000
Species,lon12Deg,1,1,1.000000
Species,lon13Deg,1,1,1.000000
Species,lon14Deg,1,1,1.000000
Species,lon15Deg,1,1,1.000000
Species,lon16Deg,1,1,1.000000
Species,lon17Deg,1,1,1.000000
Species,lon18Deg,1,1,1.000000
Species,lon19Deg,1,1,1.000000
Species,lon1Dir,1,2,0.500000
Species,lon2Dir,1,2,0.500000
Species,lon2Sec,1,2,0.500000
Species,lon3Deg,1,1,1.000000
Species,lon4Deg,1,1,1.000000
Species,lon5Deg,1,1,1.000000
Species,lon6Deg,1,1,1.000000
Species,lon7Deg,1,1,1.000000
Species,lon8Deg,1,1,1.000000
Species,lon9Deg,1,1,1.000000
Species,lonDir,1,3,0.333333
Species,longd,1,1,1.000000
Species,lonSec,1,1,1.000000
Species,lqn,1,1,1.000000
Species,lycopeneUg,1,1,1.000000
Species,malayalam,1,1,1.000000
Species,mapaDeDistribución,1,1,1.000000
Species,mark,1,1,1.000000
Species,mark2size,1,1,1.000000
Species,marketingName,1,1,1.000000
Species,maturity,1,2,0.500000
Species,mc,1,1,1.000000
Species,merops,1,1,1.000000
Species,metricUnit,1,1,1.000000
Species,mffff,1,1,1.000000
Species,mfffm,1,1,1.000000
Species,mffmf,1,1,1.000000
Species,mffmm,1,1,1.000000
Species,mfmff,1,1,1.000000
Species,mfmfm,1,1,1.000000
Species,mfmmf,1,1,1.000000
Species,mfmmm,1,1,1.000000
Species,microbe,1,208,0.004808
Species,microphylum,1,1,1.000000
Species,mmfff,1,1,1.000000
Species,mmffm,1,1,1.000000
Species,mmfmf,1,1,1.000000
Species,mmfmm,1,1,1.000000
Species,mmmff,1,1,1.000000
Species,mmmfm,1,1,1.000000
Species,mmmmf,1,1,1.000000
Species,mmmmm,1,1,1.000000
Species,mode,1,1,1.000000
Species,morphology,1,1,1.000000
Species,msa,1,1,1.000000
Species,mw,1,14,0.071429
Species,my,1,1,1.000000
Species,naam,1,1,1.000000
Species,named,1,1,1.000000
Species,namge,1,1,1.000000
Species,needed,1,1,1.000000
Species,nhRecord,1,1,1.000000
Species,nickname,1,1,1.000000
Species,node,1,1,1.000000
Species,nohyl,1,1,1.000000
Species,nombre,1,1,1.000000
Species,nonum,1,1,1.000000
Species,noprescript,1,2,0.500000
Species,norda,1,1,1.000000
Species,notableProducers,1,1,1.000000
Species,note13RemoveArrow,1,2,0.500000
Species,note13Size,1,2,0.500000
Species,note15At,1,1,1.000000
Species,note15NudgeDown,1,1,1.000000
Species,note15NudgeRight,1,1,1.000000
Species,note15Size,1,1,1.000000
Species,note1At,1,1,1.000000
Species,note1NudgeRight,1,1,1.000000
Species,note21At,1,1,1.000000
Species,note21NudgeDown,1,1,1.000000
Species,note21NudgeLeft,1,1,1.000000
Species,note22At,1,1,1.000000
Species,note22NudgeDown,1,1,1.000000
Species,note22NudgeLeft,1,1,1.000000
Species,note25At,1,1,1.000000
Species,note25Colour,1,1,1.000000
Species,note25NudgeLeft,1,1,1.000000
Species,note25NudgeUp,1,1,1.000000
Species,note2At,1,1,1.000000
Species,note2NudgeRight,1,1,1.000000
Species,note3At,1,1,1.000000
Species,note3NudgeDown,1,1,1.000000
Species,note3NudgeRight,1,1,1.000000
Species,note3Size,1,1,1.000000
Species,note4At,1,1,1.000000
Species,note4NudgeDown,1,1,1.000000
Species,note4NudgeRight,1,1,1.000000
Species,note4Size,1,1,1.000000
Species,note5At,1,1,1.000000
Species,note5NudgeRight,1,1,1.000000
Species,note5NudgeUp,1,1,1.000000
Species,note5Size,1,1,1.000000
Species,note6At,1,1,1.000000
Species,note6NudgeRight,1,1,1.000000
Species,note7At,1,1,1.000000
Species,note7NudgeRight,1,1,1.000000
Species,nsbi,1,1,1.000000
Species,nuDivisio,1,2,0.500000
Species,number,1,1,1.000000
Species,nummer,1,1,1.000000
Species,occupation,1,1,1.000000
Species,officialName,1,1,1.000000
Species,opmFamily,1,1,1.000000
Species,ord,1,1,1.000000
Species,ordeo,1,1,1.000000
Species,orderAuthority,1,1,1.000000
Species,organelleSize,1,1,1.000000
Species,organelleYear,1,1,1.000000
Species,originalTitle,1,1,1.000000
Species,other,1,1,1.000000
Species,otherawards,1,1,1.000000
Species,otherNames,1,1,1.000000
Species,overlay2colour,1,1,1.000000
Species,overlay2left,1,1,1.000000
Species,overlay2tip,1,1,1.000000
Species,overlay2top,1,1,1.000000
Species,overlay3colour,1,1,1.000000
Species,overlay3left,1,1,1.000000
Species,overlay3tip,1,1,1.000000
Species,overlay3top,1,1,1.000000
Species,overlay4colour,1,1,1.000000
Species,overlay4left,1,1,1.000000
Species,overlay4tip,1,1,1.000000
Species,overlay4top,1,1,1.000000
Species,oxidase,1,1,1.000000
Species,pantothenicAcidMg,1,1,1.000000
Species,parafamilia,1,1,1.000000
Species,parent,1,1,1.000000
Species,parvorder,1,1,1.000000
Species,passed,1,1,1.000000
Species,patternB,1,1,1.000000
Species,patternLa,1,1,1.000000
Species,patternRa,1,1,1.000000
Species,patternSh,1,1,1.000000
Species,patternSo,1,1,1.000000
Species,period11BorderWidth,1,1,1.000000
Species,period11Left,1,1,1.000000
Species,period12Left,1,1,1.000000
Species,period13BorderWidth,1,1,1.000000
Species,period13Left,1,1,1.000000
Species,period14Left,1,1,1.000000
Species,period15BorderWidth,1,1,1.000000
Species,period15Left,1,1,1.000000
Species,period16Left,1,1,1.000000
Species,period16Text,1,1,1.000000
Species,period17BorderWidth,1,1,1.000000
Species,period17Left,1,1,1.000000
Species,period1BorderWidth,1,1,1.000000
Species,period1From,1,1,1.000000
Species,period1Left,1,1,1.000000
Species,period1Size,1,1,1.000000
Species,period1Text,1,1,1.000000
Species,period2BorderWidth,1,1,1.000000
Species,period2Left,1,1,1.000000
Species,period2To,1,1,1.000000
Species,period9BorderWidth,1,1,1.000000
Species,period9Left,1,1,1.000000
Species,pex,1,1,1.000000
Species,pfamClan,1,1,1.000000
Species,phlylum,1,1,1.000000
Species,photo,1,1,1.000000
Species,phylim,1,1,1.000000
Species,phyllum,1,1,1.000000
Species,phylumDivisio,1,2,0.500000
Species,phylumSubclassis,1,1,1.000000
Species,phylumSv,1,2,0.500000
Species,piccap,1,1,1.000000
Species,polyFat,1,1,1.000000
Species,position,1,4,0.250000
Species,postText,1,1,1.000000
Species,pp,1,1,1.000000
Species,precision,1,1,1.000000
Species,preText,1,1,1.000000
Species,protectionYear,1,1,1.000000
Species,protonym,1,1,1.000000
Species,puplisher,1,1,1.000000
Species,pushpinMap,1,1,1.000000
Species,pushpinMapCaption,1,1,1.000000
Species,qn,1,1,1.000000
Species,racingColors,1,1,1.000000
Species,racingcolours,1,1,1.000000
Species,rageMapAuthority,1,1,1.000000
Species,rang,1,1,1.000000
Species,rangeMap3Width,1,1,1.000000
Species,rangeMap4Caption,1,1,1.000000
Species,rangeMapSize,1,1,1.000000
Species,rangeWidth,1,7,0.142857
Species,rankedClassis,1,1,1.000000
Species,rankedDivisio,1,1,1.000000
Species,rdo,1,1,1.000000
Species,region,1,1,1.000000
Species,regnumSv,1,2,0.500000
Species,relief,1,2,0.500000
Species,retinolUg,1,5,0.200000
Species,revhep,1,1,1.000000
Species,rightarm,1,1,1.000000
Species,romanizationOfJapanese,1,1,1.000000
Species,rtgs,1,1,1.000000
Species,rus,1,1,1.000000
Species,rusr,1,1,1.000000
Species,sanskrit,1,1,1.000000
Species,sbordo,1,2,0.500000
Species,scale,1,1,1.000000
Species,scop,1,3,0.333333
Species,sectus,1,1,1.000000
Species,seedsFormation,1,4,0.250000
Species,selenium,1,1,1.000000
Species,seperfamiliaAuthority,1,1,1.000000
Species,shape,1,1,1.000000
Species,shinjitai,1,1,1.000000
Species,shorts,1,1,1.000000
Species,showcount,1,1,1.000000
Species,showhide,1,1,1.000000
Species,sibordo,1,1,1.000000
Species,side,1,3,0.333333
Species,sizeMax,1,1,1.000000
Species,small,1,14,0.071429
Species,snynonymsRef,1,1,1.000000
Species,socks,1,1,1.000000
Species,sodium,1,1,1.000000
Species,spanishName,1,1,1.000000
Species,speces,1,1,1.000000
Species,speciesAuthor,1,3,0.333333
Species,specis,1,1,1.000000
Species,ssuperfamilia,1,1,1.000000
Species,statusDate,1,1,1.000000
Species,statusfarmers,1,1,1.000000
Species,stemGroup,1,1,1.000000
Species,stipecharacteR,1,1,1.000000
Species,strains,1,1,1.000000
Species,stud,1,1,1.000000
Species,subcalssis,1,6,0.166667
Species,subcassis,1,1,1.000000
Species,subclasis,1,1,1.000000
Species,subclasse,1,9,0.111111
Species,subClassis,1,1,1.000000
Species,subclassOrdo,1,1,1.000000
Species,subcohort,1,190,0.005263
Species,subdivisin,1,1,1.000000
Species,subDivisio,1,1,1.000000
Species,subdivisionName,1,1,1.000000
Species,subdivisionRanls,1,1,1.000000
Species,subdivisionType,1,1,1.000000
Species,suberfamilia,1,1,1.000000
Species,suberfamily,1,2,0.500000
Species,subfam,1,1,1.000000
Species,subfamili,1,1,1.000000
Species,subfamiliaAuthoritiy,1,1,1.000000
Species,subfamiliaAutorith,1,1,1.000000
Species,subfamilis,1,1,1.000000
Species,subFamily,1,1,1.000000
Species,subfamilyAuthority,1,1,1.000000
Species,subfmailia,1,1,1.000000
Species,subgenera,1,1,1.000000
Species,subGenus,1,2,0.500000
Species,subinfraordo,1,4,0.250000
Species,subKingdom,1,3,0.333333
Species,sublassis,1,1,1.000000
Species,sublclassis,1,1,1.000000
Species,subordeo,1,1,1.000000
Species,subordoAuathority,1,1,1.000000
Species,subOrdoAuthority,1,1,1.000000
Species,subordor,1,1,1.000000
Species,suborodo,1,2,0.500000
Species,subphlyum,1,1,1.000000
Species,subphyla,1,1,1.000000
Species,subPhyla,1,1,1.000000
Species,subphyllum,1,1,1.000000
Species,subphylumSv,1,2,0.500000
Species,subseriesAuthority,1,5,0.200000
Species,subsp,1,1,1.000000
Species,subtribeAuthority,1,1,1.000000
Species,succlassis,1,2,0.500000
Species,suclassis,1,3,0.333333
Species,sucrose,1,1,1.000000
Species,sudivision,1,1,1.000000
Species,sufamiliaAuthority,1,1,1.000000
Species,sugar,1,1,1.000000
Species,sumfamilia,1,1,1.000000
Species,sungenus,1,1,1.000000
Species,supercohort,1,1,1.000000
Species,superdivision,1,1,1.000000
Species,superdomain,1,4,0.250000
Species,superfamiia,1,1,1.000000
Species,superfamilaAuthority,1,1,1.000000
Species,superFamilia,1,1,1.000000
Species,superfamília,1,1,1.000000
Species,superfamilies,1,1,1.000000
Species,superfamilyAuthority,1,1,1.000000
Species,superfamlia,1,1,1.000000
Species,supergroup,1,1,1.000000
Species,superordp,1,3,0.333333
Species,superPhylum,1,3,0.333333
Species,superregnumAuthority,1,1,1.000000
Species,supertribe,1,1,1.000000
Species,supordo,1,1,1.000000
Species,supraordo,1,7,0.142857
Species,swap,1,1,1.000000
Species,sybphylum,1,1,1.000000
Species,symptoms,1,1,1.000000
Species,syn,1,1,1.000000
Species,synonhyms,1,2,0.500000
Species,synononyms,1,1,1.000000
Species,synonoyms,1,1,1.000000
Species,synonyma,1,1,1.000000
Species,synonymns,1,1,1.000000
Species,synonymS,1,1,1.000000
Species,synonyn,1,1,1.000000
Species,synonys,1,1,1.000000
Species,table,1,1,1.000000
Species,tablewidth,1,1,1.000000
Species,talksection,1,1,1.000000
Species,taxa,1,1,1.000000
Species,taxon2Rank,1,1,1.000000
Species,taxon2Scientificname,1,1,1.000000
Species,tcdb,1,1,1.000000
Species,teluguName,1,1,1.000000
Species,templateUsed,1,1,1.000000
Species,textcolor,1,2,0.500000
Species,tgl,1,1,1.000000
Species,tijtle,1,1,1.000000
Species,titelweergave,1,1,1.000000
Species,titleStyle,1,2,0.500000
Species,toggle,1,8,0.125000
Species,top,1,1,1.000000
Species,topology,1,1,1.000000
Species,tradhep,1,1,1.000000
Species,trainEr,1,1,1.000000
Species,trans,1,1,1.000000
Species,tribinomial,1,1,1.000000
Species,tribua,1,1,1.000000
Species,trigus,1,1,1.000000
Species,triinomial,1,1,1.000000
Species,tripbe,1,1,1.000000
Species,tstyle,1,3,0.333333
Species,tutles,1,1,1.000000
Species,typeAuthority,1,1,1.000000
Species,typeLocality,1,1,1.000000
Species,typeSpeciesAuthorityAuthority,1,1,1.000000
Species,typeSpeciesDescriber,1,1,1.000000
Species,typesSpeciesAuthority,1,1,1.000000
Species,typeSubordo,1,1,1.000000
Species,übersetzer,1,1,1.000000
Species,ubfamilia,1,1,1.000000
Species,ubgenusAuthority,1,1,1.000000
Species,uniprot,1,1,1.000000
Species,unrankClassis,1,1,1.000000
Species,unrankDivisio,1,1,1.000000
Species,unrankedClassi,1,1,1.000000
Species,unrankedDivi,1,1,1.000000
Species,unrankedDivisioAuthority,1,1,1.000000
Species,unrankedDivision,1,12,0.083333
Species,unrankedFamily,1,3,0.333333
Species,unrankedInfraphylumAuthority,1,1,1.000000
Species,unrankedNanophylum,1,1,1.000000
Species,unrankedSubClassis,1,1,1.000000
Species,unrankedSubclassisAuthority,1,1,1.000000
Species,unrankedSubordoAuthority,1,3,0.333333
Species,unrankedSuperPhylum,1,1,1.000000
Species,unrankedSuperphylumAuthority,1,1,1.000000
Species,unrankOrdo,1,1,1.000000
Species,uperclassis,1,1,1.000000
Species,usdaHardinessZone,1,1,1.000000
Species,variation,1,1,1.000000
Species,verticalAlign,1,7,0.142857
Species,vie,1,1,1.000000
Species,virusEpidemiology,1,1,1.000000
Species,vitaMg,1,1,1.000000
Species,vitaminB6Mg,1,1,1.000000
Species,vitb1Mg,1,1,1.000000
Species,vitb2Mg,1,1,1.000000
Species,vitb3Mg,1,1,1.000000
Species,vitb5Mg,1,1,1.000000
Species,vitb6(pyridoxine)Mg,1,1,1.000000
Species,vitdIu,1,7,0.142857
Species,vname,1,1,1.000000
Species,voy,1,23,0.043478
Species,widthMetric,1,1,1.000000
Species,widthUnits,1,1,1.000000
Species,wiktSearch,1,1,1.000000
Species,wineAge,1,1,1.000000
Species,wissname,1,1,1.000000
Species,work,1,1,1.000000
Species,z,1,1,1.000000
Species,style%3E_,1,1,1.000000
Species,zoodivision,1,206,0.004854
Species,zoosubsectioAuthority,1,2,0.500000
Species,zoosubsection,1,1,1.000000
Star,%5B100%5D_,1,1,1.000000
Star,%5B25%5D_,1,1,1.000000
Star,%5B60%5D_,1,1,1.000000
Star,+44°01'57%22.0AppmagV,1,1,1.000000
Star,absmag,1,1,1.000000
Star,absMag,1,1,1.000000
Star,absmagK,1,1,1.000000
Star,ageYr,1,1,1.000000
Star,all,1,1,1.000000
Star,alternativemap,1,1,1.000000
Star,appmag9Passband,1,1,1.000000
Star,appmagH,1,1,1.000000
Star,appmagJ,1,1,1.000000
Star,appsizeV,1,1,1.000000
Star,argPeri,1,1,1.000000
Star,auto,1,7,0.142857
Star,axisInclination,1,1,1.000000
Star,bgcolour,1,4,0.250000
Star,bot,1,6,0.166667
Star,bY,1,1,1.000000
Star,centered,1,2,0.500000
Star,child,1,3,0.333333
Star,competent,1,1,1.000000
Star,constel,1,1,1.000000
Star,e,1,1,1.000000
Star,earth,1,1,1.000000
Star,error,1,1,1.000000
Star,expanded,1,4,0.250000
Star,few,1,1,1.000000
Star,first,1,1,1.000000
Star,float,1,2,0.500000
Star,gR,1,1,1.000000
Star,habitableInner,1,1,1.000000
Star,habitableOuter,1,1,1.000000
Star,iauc,1,1,1.000000
Star,iJ,1,1,1.000000
Star,imagesize,1,1,1.000000
Star,jup,1,1,1.000000
Star,kepler22WashingtonFoundationIn2006luminosity,1,1,1.000000
Star,lat,1,1,1.000000
Star,links,1,2,0.500000
Star,long,1,1,1.000000
Star,longPeri,1,1,1.000000
Star,luminosityBolomatric,1,1,1.000000
Star,luminosityClass,1,1,1.000000
Star,luminosityVisrual,1,1,1.000000
Star,markLink,1,1,1.000000
Star,marksize,1,1,1.000000
Star,markWidth,1,1,1.000000
Star,massMsol,1,1,1.000000
Star,metallicityFe,1,1,1.000000
Star,mutualOrbit,1,1,1.000000
Star,newline,1,1,1.000000
Star,ngc,1,1,1.000000
Star,observationData,1,4,0.250000
Star,parralax,1,1,1.000000
Star,pericenter,1,1,1.000000
Star,pgc,1,1,1.000000
Star,physicalAttributes,1,1,1.000000
Star,planet,1,1,1.000000
Star,plot,1,1,1.000000
Star,pmDec,1,1,1.000000
Star,pmRa,1,1,1.000000
Star,position,1,1,1.000000
Star,progenitorType,1,3,0.333333
Star,radiusLy,1,1,1.000000
Star,radiusMj,1,1,1.000000
Star,redshift,1,1,1.000000
Star,siblings,1,1,1.000000
Star,sizeV,1,1,1.000000
Star,snrtype,1,2,0.500000
Star,status,1,1,1.000000
Star,talk,1,1,1.000000
Star,text,1,1,1.000000
Star,u,1,1,1.000000
Star,vK,1,1,1.000000
Star,x,1,1,1.000000
Star,y,1,1,1.000000
Galaxy,abell,1,1,1.000000
Galaxy,absmagB,1,1,1.000000
Galaxy,age,1,1,1.000000
Galaxy,align,1,1,1.000000
Galaxy,alt,1,1,1.000000
Galaxy,apparentMagnitude,1,1,1.000000
Galaxy,appdimV,1,1,1.000000
Galaxy,cgcg,1,1,1.000000
Galaxy,dimensions,1,1,1.000000
Galaxy,direction,1,1,1.000000
Galaxy,discovered,1,1,1.000000
Galaxy,distanoluz,1,1,1.000000
Galaxy,distparsec,1,1,1.000000
Galaxy,g,1,1,1.000000
Galaxy,h,1,1,1.000000
Galaxy,id,1,1,1.000000
Galaxy,lgg,1,1,1.000000
Galaxy,magnitude,1,1,1.000000
Galaxy,map,1,1,1.000000
Galaxy,ngcname,1,1,1.000000
Galaxy,otherNames,1,1,1.000000
Galaxy,radialV,1,1,1.000000
Galaxy,radialVelocity,1,1,1.000000
Galaxy,recessionVelocity,1,1,1.000000
Galaxy,redshift,1,1,1.000000
Galaxy,sizeLy,1,1,1.000000
Galaxy,ucg,1,1,1.000000
Galaxy,url,1,1,1.000000
Galaxy,vHb,1,2,0.500000
Galaxy,vv,1,1,1.000000
Galaxy,width,1,1,1.000000
Galaxy,year,1,1,1.000000
Galaxy,zErr,1,1,1.000000
ChemicalCompound,pubchem,1,1,1.000000
ChemicalCompound,smiles,1,1,1.000000
ChemicalCompound,%3F_,1,1,1.000000
ChemicalCompound,abbreviations,1,1,1.000000
ChemicalCompound,about,1,1,1.000000
ChemicalCompound,accessdate,1,1,1.000000
ChemicalCompound,acgihTlvTwa,1,1,1.000000
ChemicalCompound,altsymbols,1,1,1.000000
ChemicalCompound,annotBackgroundColor,1,1,1.000000
ChemicalCompound,annotFontSize,1,1,1.000000
ChemicalCompound,article,1,1,1.000000
ChemicalCompound,auto,1,27,0.037037
ChemicalCompound,backgroundColor,1,1,1.000000
ChemicalCompound,border,1,1,1.000000
ChemicalCompound,bot,1,1,1.000000
ChemicalCompound,boxwidth,1,11,0.090909
ChemicalCompound,captionAlign,1,2,0.500000
ChemicalCompound,carbs,1,1,1.000000
ChemicalCompound,casNumber,1,1,1.000000
ChemicalCompound,class,1,1,1.000000
ChemicalCompound,colwidth,1,6,0.166667
ChemicalCompound,commons,1,1,1.000000
ChemicalCompound,density,1,1,1.000000
ChemicalCompound,doi,1,1,1.000000
ChemicalCompound,eh,1,1,1.000000
ChemicalCompound,einecs,1,1,1.000000
ChemicalCompound,elongation,1,1,1.000000
ChemicalCompound,ex,1,1,1.000000
ChemicalCompound,expiry,1,1,1.000000
ChemicalCompound,fat,1,1,1.000000
ChemicalCompound,fate,1,1,1.000000
ChemicalCompound,few,1,1,1.000000
ChemicalCompound,file,1,1,1.000000
ChemicalCompound,flammability,1,1,1.000000
ChemicalCompound,glassTransition,1,1,1.000000
ChemicalCompound,headerimage,1,1,1.000000
ChemicalCompound,health,1,1,1.000000
ChemicalCompound,highEColor,1,1,1.000000
ChemicalCompound,imagefile2Ref,1,1,1.000000
ChemicalCompound,imagefileRef,1,2,0.500000
ChemicalCompound,imageWidth,1,1,1.000000
ChemicalCompound,ironMg,1,1,1.000000
ChemicalCompound,isbn,1,3,0.333333
ChemicalCompound,issn,1,1,1.000000
ChemicalCompound,k,1,1,1.000000
ChemicalCompound,kj,1,1,1.000000
ChemicalCompound,labels,1,1,1.000000
ChemicalCompound,langcode,1,1,1.000000
ChemicalCompound,linearExpansion,1,1,1.000000
ChemicalCompound,link,1,1,1.000000
ChemicalCompound,links,1,1,1.000000
ChemicalCompound,liststyle,1,1,1.000000
ChemicalCompound,locussupplementarydata,1,1,1.000000
ChemicalCompound,lowEColor,1,1,1.000000
ChemicalCompound,majorProduct1Image,1,2,0.500000
ChemicalCompound,majorProduct2Image,1,2,0.500000
ChemicalCompound,majorSubstrate,1,2,0.500000
ChemicalCompound,majorSubstrate1Image,1,2,0.500000
ChemicalCompound,mask,1,1,1.000000
ChemicalCompound,meltingPoint,1,1,1.000000
ChemicalCompound,n,1,1,1.000000
ChemicalCompound,niacinMg,1,1,1.000000
ChemicalCompound,no,1,1,1.000000
ChemicalCompound,nocat,1,1,1.000000
ChemicalCompound,notchTest,1,1,1.000000
ChemicalCompound,note,1,1,1.000000
ChemicalCompound,opmFamily,1,1,1.000000
ChemicalCompound,opmProtein,1,1,1.000000
ChemicalCompound,organism,1,1,1.000000
ChemicalCompound,otherarticle,1,1,1.000000
ChemicalCompound,page,1,1,1.000000
ChemicalCompound,pelOsha,1,1,1.000000
ChemicalCompound,perrow,1,1,1.000000
ChemicalCompound,phosphorusMg,1,1,1.000000
ChemicalCompound,potassiumMg,1,1,1.000000
ChemicalCompound,price,1,1,1.000000
ChemicalCompound,project,1,1,1.000000
ChemicalCompound,protein,1,1,1.000000
ChemicalCompound,pubchem,1,1,1.000000
ChemicalCompound,q,1,1,1.000000
ChemicalCompound,reactivity,1,1,1.000000
ChemicalCompound,riboflavinMg,1,1,1.000000
ChemicalCompound,rphrases,1,1,1.000000
ChemicalCompound,rtecs,1,1,1.000000
ChemicalCompound,scoville,1,1,1.000000
ChemicalCompound,seleniumUg,1,1,1.000000
ChemicalCompound,short,1,1,1.000000
ChemicalCompound,showInfoboxRef,1,3,0.333333
ChemicalCompound,small,1,1,1.000000
ChemicalCompound,source,1,1,1.000000
ChemicalCompound,sourceUsda,1,1,1.000000
ChemicalCompound,specificHeat,1,1,1.000000
ChemicalCompound,sphrases,1,1,1.000000
ChemicalCompound,state,1,1,1.000000
ChemicalCompound,substrateImageSize,1,1,1.000000
ChemicalCompound,talk,1,1,1.000000
ChemicalCompound,target,1,1,1.000000
ChemicalCompound,tcdb,1,1,1.000000
ChemicalCompound,tensileStrength,1,1,1.000000
ChemicalCompound,thermalConductivity,1,1,1.000000
ChemicalCompound,thiaminMg,1,1,1.000000
ChemicalCompound,titlestyle,1,1,1.000000
ChemicalCompound,units,1,1,1.000000
ChemicalCompound,verifiedimages,1,29,0.034483
ChemicalCompound,vicatB,1,1,1.000000
ChemicalCompound,video,1,1,1.000000
ChemicalCompound,vitcMg,1,1,1.000000
ChemicalCompound,waterAbsorptionEq,1,1,1.000000
ChemicalCompound,wikt,1,1,1.000000
ChemicalCompound,youngsModulus,1,1,1.000000
ChemicalCompound,zvg,1,1,1.000000
AdministrativeRegion,capitalMountain,1,1,1.000000
AdministrativeRegion,capitalPlace,1,1,1.000000
AdministrativeRegion,founder,1,1,1.000000
AdministrativeRegion,geology,1,1,1.000000
AdministrativeRegion,governmentMountain,1,1,1.000000
AdministrativeRegion,governmentPlace,1,1,1.000000
AdministrativeRegion,municipality,1,1,1.000000
AdministrativeRegion,publiclyAccessible,1,1,1.000000
AdministrativeRegion,soundRecording,1,1,1.000000
AdministrativeRegion,%23OfBusinesses,1,1,1.000000
AdministrativeRegion,2011AccessDate,1,1,1.000000
AdministrativeRegion,2011LandArea,1,1,1.000000
AdministrativeRegion,2011MeanHhIncome,1,1,1.000000
AdministrativeRegion,2011MedianAge,1,1,1.000000
AdministrativeRegion,2011MedianAgeF,1,1,1.000000
AdministrativeRegion,2011MedianAgeM,1,1,1.000000
AdministrativeRegion,2011PopDelta,1,1,1.000000
AdministrativeRegion,2011PopDensity,1,1,1.000000
AdministrativeRegion,2011Population,1,1,1.000000
AdministrativeRegion,2011TotalPvtDwell,1,1,1.000000
AdministrativeRegion,abbr,1,1,1.000000
AdministrativeRegion,abbreviation,1,1,1.000000
AdministrativeRegion,abolishedDate,1,1,1.000000
AdministrativeRegion,abolishmentdate,1,1,1.000000
AdministrativeRegion,above,1,1,1.000000
AdministrativeRegion,admctrname,1,1,1.000000
AdministrativeRegion,adress,1,1,1.000000
AdministrativeRegion,age,1,1,1.000000
AdministrativeRegion,agency,1,1,1.000000
AdministrativeRegion,agencyName,1,1,1.000000
AdministrativeRegion,allofsp,1,1,1.000000
AdministrativeRegion,altitudeMax,1,1,1.000000
AdministrativeRegion,animal,1,1,1.000000
AdministrativeRegion,aprdSun,1,1,1.000000
AdministrativeRegion,aprPrecipitationIn,1,1,1.000000
AdministrativeRegion,ar,1,1,1.000000
AdministrativeRegion,archDeaneries,1,1,1.000000
AdministrativeRegion,architect,1,1,1.000000
AdministrativeRegion,areaCodes,1,1,1.000000
AdministrativeRegion,areakm,1,1,1.000000
AdministrativeRegion,areami,1,1,1.000000
AdministrativeRegion,areaMunichsiplaity,1,1,1.000000
AdministrativeRegion,areanote,1,1,1.000000
AdministrativeRegion,areaPercentageRound,1,9,0.111111
AdministrativeRegion,areaPopSqMi,1,1,1.000000
AdministrativeRegion,areaSource,1,1,1.000000
AdministrativeRegion,areaSqMi,1,1,1.000000
AdministrativeRegion,areaUnit,1,1,1.000000
AdministrativeRegion,areaWaterSqmi,1,1,1.000000
AdministrativeRegion,arePercentage,1,1,1.000000
AdministrativeRegion,artikel,1,1,1.000000
AdministrativeRegion,artist,1,1,1.000000
AdministrativeRegion,associationBlog,1,1,1.000000
AdministrativeRegion,associations,1,1,1.000000
AdministrativeRegion,augdSun,1,1,1.000000
AdministrativeRegion,augPrecipitationIn,1,1,1.000000
AdministrativeRegion,augSnowCm,1,4,0.250000
AdministrativeRegion,augSnowDays,1,9,0.111111
AdministrativeRegion,augSnowInch,1,6,0.166667
AdministrativeRegion,auto,1,56,0.017857
AdministrativeRegion,autor,1,1,1.000000
AdministrativeRegion,backgroundColor,1,1,1.000000
AdministrativeRegion,band,1,1,1.000000
AdministrativeRegion,barWidth,1,1,1.000000
AdministrativeRegion,basilicas,1,1,1.000000
AdministrativeRegion,bc,1,1,1.000000
AdministrativeRegion,below,1,1,1.000000
AdministrativeRegion,bgcolor,1,1,1.000000
AdministrativeRegion,bishopEmeritus,1,1,1.000000
AdministrativeRegion,bishopProvisional,1,1,1.000000
AdministrativeRegion,bishopric,1,1,1.000000
AdministrativeRegion,blank1Info,1,1,1.000000
AdministrativeRegion,blank1Name,1,1,1.000000
AdministrativeRegion,blank2NameSec,1,2,0.500000
AdministrativeRegion,blank3InfoSec,1,1,1.000000
AdministrativeRegion,blank3NameSec,1,2,0.500000
AdministrativeRegion,blankEmblemType,1,1,1.000000
AdministrativeRegion,board,1,1,1.000000
AdministrativeRegion,boardchair,1,1,1.000000
AdministrativeRegion,boardchairparty,1,1,1.000000
AdministrativeRegion,boardmajority,1,1,1.000000
AdministrativeRegion,boardmajorityparty,1,1,1.000000
AdministrativeRegion,boats,1,1,1.000000
AdministrativeRegion,borderFold,1,1,1.000000
AdministrativeRegion,boxWidth,1,1,1.000000
AdministrativeRegion,branchOf,1,1,1.000000
AdministrativeRegion,budget,1,1,1.000000
AdministrativeRegion,buildingType,1,1,1.000000
AdministrativeRegion,capitalLatNs,1,65,0.015385
AdministrativeRegion,capitalLocation,1,1,1.000000
AdministrativeRegion,captionAlign,1,2,0.500000
AdministrativeRegion,captionBathymetry,1,1,1.000000
AdministrativeRegion,captionMap,1,1,1.000000
AdministrativeRegion,catchment,1,1,1.000000
AdministrativeRegion,cdivision,1,1,1.000000
AdministrativeRegion,census,1,1,1.000000
AdministrativeRegion,certain,1,1,1.000000
AdministrativeRegion,chancellor,1,1,1.000000
AdministrativeRegion,chief1Position,1,1,1.000000
AdministrativeRegion,church,1,1,1.000000
AdministrativeRegion,churchSuiiuris,1,1,1.000000
AdministrativeRegion,churchSuiJuris,1,1,1.000000
AdministrativeRegion,citizenship2Info,1,1,1.000000
AdministrativeRegion,citizenship2Title,1,1,1.000000
AdministrativeRegion,citizenship3Info,1,2,0.500000
AdministrativeRegion,citizenship4Info,1,1,1.000000
AdministrativeRegion,citizenship4Title,1,1,1.000000
AdministrativeRegion,cityAreaKm,1,1,1.000000
AdministrativeRegion,cityCount,1,1,1.000000
AdministrativeRegion,civic,1,1,1.000000
AdministrativeRegion,clubname,1,1,1.000000
AdministrativeRegion,coadjutorBishop,1,1,1.000000
AdministrativeRegion,coastlineKm,1,1,1.000000
AdministrativeRegion,coatOfArmsAlt,1,6,0.166667
AdministrativeRegion,coCathedral,1,1,1.000000
AdministrativeRegion,code2Type,1,2,0.500000
AdministrativeRegion,codename,1,1,1.000000
AdministrativeRegion,collapsedState,1,2,0.500000
AdministrativeRegion,collectionSize,1,1,1.000000
AdministrativeRegion,colleges,1,1,1.000000
AdministrativeRegion,cols,1,1,1.000000
AdministrativeRegion,columns,1,1,1.000000
AdministrativeRegion,comment,1,1,1.000000
AdministrativeRegion,commissionChair,1,1,1.000000
AdministrativeRegion,commonsCategory,1,1,1.000000
AdministrativeRegion,consecration,1,1,1.000000
AdministrativeRegion,cooddinatesDisplay,1,1,1.000000
AdministrativeRegion,countryabbr,1,1,1.000000
AdministrativeRegion,countyAuditor,1,1,1.000000
AdministrativeRegion,countyauditorparty,1,1,1.000000
AdministrativeRegion,countyExecutive,1,1,1.000000
AdministrativeRegion,countyMayor,1,1,1.000000
AdministrativeRegion,countySeat,1,1,1.000000
AdministrativeRegion,created,1,1,1.000000
AdministrativeRegion,crest,1,1,1.000000
AdministrativeRegion,cultures,1,1,1.000000
AdministrativeRegion,dataMax,1,1,1.000000
AdministrativeRegion,dataType,1,1,1.000000
AdministrativeRegion,date1Type,1,1,1.000000
AdministrativeRegion,date2Type,1,1,1.000000
AdministrativeRegion,dateEventt,1,1,1.000000
AdministrativeRegion,dateOfBirth,1,1,1.000000
AdministrativeRegion,dateOfDeath,1,1,1.000000
AdministrativeRegion,day,1,1,1.000000
AdministrativeRegion,deacons,1,1,1.000000
AdministrativeRegion,decdSun,1,1,1.000000
AdministrativeRegion,decPrecipitationIn,1,1,1.000000
AdministrativeRegion,deityKm,1,1,1.000000
AdministrativeRegion,demoAreaRef,1,1,1.000000
AdministrativeRegion,demoElectorsRef,1,3,0.333333
AdministrativeRegion,denonym,1,1,1.000000
AdministrativeRegion,densityCouncil,1,1,1.000000
AdministrativeRegion,densitySq.,1,1,1.000000
AdministrativeRegion,densitySqKm,1,1,1.000000
AdministrativeRegion,densitySwMi,1,1,1.000000
AdministrativeRegion,designation,1,1,1.000000
AdministrativeRegion,designation1Criteria,1,1,1.000000
AdministrativeRegion,designation1Date,1,1,1.000000
AdministrativeRegion,designation1Free1name,1,1,1.000000
AdministrativeRegion,designation1Free1value,1,1,1.000000
AdministrativeRegion,designation1Free2name,1,1,1.000000
AdministrativeRegion,designation1Free2value,1,1,1.000000
AdministrativeRegion,designation1Number,1,1,1.000000
AdministrativeRegion,designation1Offname,1,1,1.000000
AdministrativeRegion,designation1Type,1,1,1.000000
AdministrativeRegion,dessert,1,1,1.000000
AdministrativeRegion,dialCode,1,1,1.000000
AdministrativeRegion,diocese,1,1,1.000000
AdministrativeRegion,dioceseType,1,1,1.000000
AdministrativeRegion,dipstyle,1,1,1.000000
AdministrativeRegion,dir%23_,1,1,1.000000
AdministrativeRegion,disestablished,1,1,1.000000
AdministrativeRegion,disrict,1,1,1.000000
AdministrativeRegion,distric,1,1,1.000000
AdministrativeRegion,disttrict,1,1,1.000000
AdministrativeRegion,divtype,1,17,0.058824
AdministrativeRegion,dog,1,1,1.000000
AdministrativeRegion,dogBreed,1,1,1.000000
AdministrativeRegion,eastFlorida,1,1,1.000000
AdministrativeRegion,ecclesiasticalInstitutions,1,1,1.000000
AdministrativeRegion,editor,1,1,1.000000
AdministrativeRegion,elevationF,1,1,1.000000
AdministrativeRegion,elevationRound,1,10,0.100000
AdministrativeRegion,emblem,1,1,1.000000
AdministrativeRegion,emblemCaption,1,1,1.000000
AdministrativeRegion,emblemSize,1,2,0.500000
AdministrativeRegion,emergency,1,1,1.000000
AdministrativeRegion,emergencyparty,1,1,1.000000
AdministrativeRegion,emeritus+bishops,1,1,1.000000
AdministrativeRegion,emeritusBishopsTitle,1,1,1.000000
AdministrativeRegion,empasB,1,1,1.000000
AdministrativeRegion,empasM,1,1,1.000000
AdministrativeRegion,englishname,1,1,1.000000
AdministrativeRegion,enthroned,1,1,1.000000
AdministrativeRegion,entity,1,1,1.000000
AdministrativeRegion,episcopalVicars,1,1,1.000000
AdministrativeRegion,episcopalVicarsTitle,1,1,1.000000
AdministrativeRegion,erected,1,1,1.000000
AdministrativeRegion,establishC,1,1,1.000000
AdministrativeRegion,establishedSerial,1,1,1.000000
AdministrativeRegion,establishedV,1,1,1.000000
AdministrativeRegion,estimateYr,1,1,1.000000
AdministrativeRegion,ethnic,1,1,1.000000
AdministrativeRegion,etymologyType,1,1,1.000000
AdministrativeRegion,exImageCa,1,1,1.000000
AdministrativeRegion,exImageStyle,1,1,1.000000
AdministrativeRegion,exSize,1,2,0.500000
AdministrativeRegion,extension,1,1,1.000000
AdministrativeRegion,externalLinks,1,1,1.000000
AdministrativeRegion,failed,1,1,1.000000
AdministrativeRegion,febdSun,1,1,1.000000
AdministrativeRegion,febPrecipitationIn,1,1,1.000000
AdministrativeRegion,fedRepLink,1,1,1.000000
AdministrativeRegion,fegov,1,1,1.000000
AdministrativeRegion,filename,1,1,1.000000
AdministrativeRegion,firstBishop,1,1,1.000000
AdministrativeRegion,flagborder,1,1,1.000000
AdministrativeRegion,flagPeriph,1,2,0.500000
AdministrativeRegion,flagReg,1,2,0.500000
AdministrativeRegion,folkdance,1,1,1.000000
AdministrativeRegion,followingStates,1,1,1.000000
AdministrativeRegion,fontColor,1,1,1.000000
AdministrativeRegion,fontsize,1,1,1.000000
AdministrativeRegion,fool,1,1,1.000000
AdministrativeRegion,footerBackground,1,1,1.000000
AdministrativeRegion,footnote,1,1,1.000000
AdministrativeRegion,footnoteB,1,1,1.000000
AdministrativeRegion,for,1,1,1.000000
AdministrativeRegion,forceNationalMap,1,3,0.333333
AdministrativeRegion,form,1,1,1.000000
AdministrativeRegion,formed,1,1,1.000000
AdministrativeRegion,formerBishops,1,1,1.000000
AdministrativeRegion,fossilEmblem,1,1,1.000000
AdministrativeRegion,foundaed,1,1,1.000000
AdministrativeRegion,foundationdate,1,1,1.000000
AdministrativeRegion,free7Type,1,2,0.500000
AdministrativeRegion,freeInfo,1,1,1.000000
AdministrativeRegion,freeName,1,1,1.000000
AdministrativeRegion,frozen,1,1,1.000000
AdministrativeRegion,fruit,1,1,1.000000
AdministrativeRegion,gdp(2012)_,1,1,1.000000
AdministrativeRegion,gdpPppPerCapita,1,1,1.000000
AdministrativeRegion,geoboxCategoryOff,1,4,0.250000
AdministrativeRegion,gliederung,1,1,1.000000
AdministrativeRegion,googleLocation,1,1,1.000000
AdministrativeRegion,govCouncilors,1,1,1.000000
AdministrativeRegion,govern,1,1,1.000000
AdministrativeRegion,governmentasof,1,1,1.000000
AdministrativeRegion,governmentLatNs,1,3,0.333333
AdministrativeRegion,governor1Type,1,2,0.500000
AdministrativeRegion,governorWebsite,1,1,1.000000
AdministrativeRegion,greeneCountyCourthouseExImageCap,1,1,1.000000
AdministrativeRegion,grønne,1,3,0.333333
AdministrativeRegion,ground,1,1,1.000000
AdministrativeRegion,h,1,1,1.000000
AdministrativeRegion,hanjashort,1,1,1.000000
AdministrativeRegion,headerBackground,1,1,1.000000
AdministrativeRegion,headerimage,1,2,0.500000
AdministrativeRegion,headerstyle,1,1,1.000000
AdministrativeRegion,herad,1,4,0.250000
AdministrativeRegion,highestCoordinatesType,1,1,1.000000
AdministrativeRegion,highestState,1,1,1.000000
AdministrativeRegion,hiragana,1,1,1.000000
AdministrativeRegion,horse,1,1,1.000000
AdministrativeRegion,humandevelopmentindex,1,1,1.000000
AdministrativeRegion,humidityColour,1,63,0.015873
AdministrativeRegion,icao,1,1,1.000000
AdministrativeRegion,ieader,1,1,1.000000
AdministrativeRegion,image1size,1,1,1.000000
AdministrativeRegion,image2Alt,1,1,1.000000
AdministrativeRegion,image2Size,1,1,1.000000
AdministrativeRegion,imageBlankEmblem,1,1,1.000000
AdministrativeRegion,imageBorder,1,2,0.500000
AdministrativeRegion,imageCoatOfArms,1,1,1.000000
AdministrativeRegion,imageFlagCaption,1,1,1.000000
AdministrativeRegion,imageFlagSize,1,1,1.000000
AdministrativeRegion,imageMap2Caption,1,1,1.000000
AdministrativeRegion,imagesiz,1,1,1.000000
AdministrativeRegion,imagesoze,1,1,1.000000
AdministrativeRegion,imageWidth,1,1,1.000000
AdministrativeRegion,imgAlt,1,1,1.000000
AdministrativeRegion,imperialFirst,1,10,0.100000
AdministrativeRegion,imperialUnit,1,1,1.000000
AdministrativeRegion,inaccurate,1,3,0.333333
AdministrativeRegion,incorporated,1,1,1.000000
AdministrativeRegion,incumbent,1,1,1.000000
AdministrativeRegion,infoboxwidth,1,1,1.000000
AdministrativeRegion,inline,1,3,0.333333
AdministrativeRegion,islands,1,1,1.000000
AdministrativeRegion,italicTitle,1,1,1.000000
AdministrativeRegion,itmgrid,1,1,1.000000
AdministrativeRegion,jandSun,1,1,1.000000
AdministrativeRegion,janPrecipitationIn,1,1,1.000000
AdministrativeRegion,jointSecretary,1,1,1.000000
AdministrativeRegion,judge,1,1,1.000000
AdministrativeRegion,judgeparty,1,1,1.000000
AdministrativeRegion,juldSun,1,1,1.000000
AdministrativeRegion,julPrecipitationIn,1,1,1.000000
AdministrativeRegion,julSnowCm,1,4,0.250000
AdministrativeRegion,julSnowDays,1,9,0.111111
AdministrativeRegion,julSnowInch,1,6,0.166667
AdministrativeRegion,jundSun,1,1,1.000000
AdministrativeRegion,junPrecipitationIn,1,1,1.000000
AdministrativeRegion,junSnowCm,1,4,0.250000
AdministrativeRegion,kanji,1,1,1.000000
AdministrativeRegion,karte,1,1,1.000000
AdministrativeRegion,keydocument,1,1,1.000000
AdministrativeRegion,l,1,1,1.000000
AdministrativeRegion,labelPosition,1,3,0.333333
AdministrativeRegion,landrank,1,1,1.000000
AdministrativeRegion,langIso,1,1,1.000000
AdministrativeRegion,largest,1,1,1.000000
AdministrativeRegion,largestMetro,1,1,1.000000
AdministrativeRegion,largestparish(county)_,1,1,1.000000
AdministrativeRegion,largestVillageWl,1,1,1.000000
AdministrativeRegion,lastEruption,1,1,1.000000
AdministrativeRegion,latDir,1,2,0.500000
AdministrativeRegion,lattitude,1,1,1.000000
AdministrativeRegion,lcheading,1,1,1.000000
AdministrativeRegion,leader1Type,1,2,0.500000
AdministrativeRegion,league,1,1,1.000000
AdministrativeRegion,legaljuris,1,16,0.062500
AdministrativeRegion,legend,1,1,1.000000
AdministrativeRegion,legislative,1,1,1.000000
AdministrativeRegion,lengthMi,1,1,1.000000
AdministrativeRegion,libraryName,1,1,1.000000
AdministrativeRegion,links,1,2,0.500000
AdministrativeRegion,listByPop,1,1,1.000000
AdministrativeRegion,liststyle,1,1,1.000000
AdministrativeRegion,locatormap,1,1,1.000000
AdministrativeRegion,lockups,1,7,0.142857
AdministrativeRegion,lockuptype,1,16,0.062500
AdministrativeRegion,locmapin,1,1,1.000000
AdministrativeRegion,logoWidth,1,1,1.000000
AdministrativeRegion,lonDir,1,2,0.500000
AdministrativeRegion,longName,1,1,1.000000
AdministrativeRegion,lordMayor,1,1,1.000000
AdministrativeRegion,lowestCountry,1,1,1.000000
AdministrativeRegion,lowestLatNs,1,2,0.500000
AdministrativeRegion,lowestLatS,1,1,1.000000
AdministrativeRegion,lowestLongEw,1,2,0.500000
AdministrativeRegion,lowestLongS,1,1,1.000000
AdministrativeRegion,m,1,1,1.000000
AdministrativeRegion,mail,1,1,1.000000
AdministrativeRegion,mainClassification,1,1,1.000000
AdministrativeRegion,managementLatNs,1,2,0.500000
AdministrativeRegion,managementLongEw,1,2,0.500000
AdministrativeRegion,managementPlan,1,1,1.000000
AdministrativeRegion,managementType,1,1,1.000000
AdministrativeRegion,map1Background,1,1,1.000000
AdministrativeRegion,map2Caption,1,9,0.111111
AdministrativeRegion,mapBackground,1,1,1.000000
AdministrativeRegion,mapCalifornia,1,1,1.000000
AdministrativeRegion,mapLegend,1,1,1.000000
AdministrativeRegion,mapRelief,1,2,0.500000
AdministrativeRegion,mapText,1,1,1.000000
AdministrativeRegion,mapType,1,1,1.000000
AdministrativeRegion,mapWidth,1,3,0.333333
AdministrativeRegion,mardSun,1,1,1.000000
AdministrativeRegion,margin,1,4,0.250000
AdministrativeRegion,marineFish,1,1,1.000000
AdministrativeRegion,marineMammal,1,1,1.000000
AdministrativeRegion,mark,1,1,1.000000
AdministrativeRegion,marksize,1,1,1.000000
AdministrativeRegion,marPrecipitationIn,1,1,1.000000
AdministrativeRegion,maxDepthM,1,1,1.000000
AdministrativeRegion,maydSun,1,1,1.000000
AdministrativeRegion,mayor(untilOctober215Only)_,1,1,1.000000
AdministrativeRegion,mayPrecipitationIn,1,1,1.000000
AdministrativeRegion,membersPercent,1,1,1.000000
AdministrativeRegion,merger,1,1,1.000000
AdministrativeRegion,metricUnit,1,1,1.000000
AdministrativeRegion,metroarchBishop,1,1,1.000000
AdministrativeRegion,minister1name,1,1,1.000000
AdministrativeRegion,minister1pfo,1,1,1.000000
AdministrativeRegion,ministers,1,1,1.000000
AdministrativeRegion,missions,1,1,1.000000
AdministrativeRegion,monarch,1,1,1.000000
AdministrativeRegion,mp,1,1,1.000000
AdministrativeRegion,munFormation1RepresentativeBodyRef,1,1,1.000000
AdministrativeRegion,municipalityCount,1,1,1.000000
AdministrativeRegion,mushroom,1,1,1.000000
AdministrativeRegion,musicalInstrument,1,1,1.000000
AdministrativeRegion,mw,1,3,0.333333
AdministrativeRegion,namdFor,1,1,1.000000
AdministrativeRegion,name1a,1,1,1.000000
AdministrativeRegion,name2a,1,1,1.000000
AdministrativeRegion,name3a,1,1,1.000000
AdministrativeRegion,name3b,1,1,1.000000
AdministrativeRegion,name3c,1,1,1.000000
AdministrativeRegion,name4a,1,1,1.000000
AdministrativeRegion,name5a,1,1,1.000000
AdministrativeRegion,name5b,1,1,1.000000
AdministrativeRegion,name6a,1,1,1.000000
AdministrativeRegion,name6b,1,1,1.000000
AdministrativeRegion,name7a,1,1,1.000000
AdministrativeRegion,nameAlternative,1,1,1.000000
AdministrativeRegion,namedAfter,1,1,1.000000
AdministrativeRegion,namedFrom,1,1,1.000000
AdministrativeRegion,nameFor,1,1,1.000000
AdministrativeRegion,nameLocalLang,1,1,1.000000
AdministrativeRegion,nameMeaning,1,1,1.000000
AdministrativeRegion,nativenameA,1,1,1.000000
AdministrativeRegion,navbar,1,1,1.000000
AdministrativeRegion,naver,1,1,1.000000
AdministrativeRegion,nicknames,1,1,1.000000
AdministrativeRegion,noautocat,1,1,1.000000
AdministrativeRegion,noprescript,1,1,1.000000
AdministrativeRegion,northernDistrict,1,1,1.000000
AdministrativeRegion,novdSun,1,1,1.000000
AdministrativeRegion,novPrecipitationIn,1,1,1.000000
AdministrativeRegion,num,1,1,1.000000
AdministrativeRegion,numberOfRepresentativesElectedToU.s.Congress,1,1,1.000000
AdministrativeRegion,numBranches,1,1,1.000000
AdministrativeRegion,numtext,1,13,0.076923
AdministrativeRegion,nut,1,1,1.000000
AdministrativeRegion,nynorsk,1,61,0.016393
AdministrativeRegion,ob,1,1,1.000000
AdministrativeRegion,octdSun,1,1,1.000000
AdministrativeRegion,octPrecipitationIn,1,1,1.000000
AdministrativeRegion,offstyle,1,1,1.000000
AdministrativeRegion,oldCapital,1,1,1.000000
AdministrativeRegion,oldid,1,1,1.000000
AdministrativeRegion,oldName,1,1,1.000000
AdministrativeRegion,onlinebooks,1,1,1.000000
AdministrativeRegion,ordfører,1,1,1.000000
AdministrativeRegion,ordførerparti,1,1,1.000000
AdministrativeRegion,orogeny,1,1,1.000000
AdministrativeRegion,overseas,1,5,0.200000
AdministrativeRegion,parent1Type,1,1,1.000000
AdministrativeRegion,parent2Type,1,1,1.000000
AdministrativeRegion,parentDepartment,1,1,1.000000
AdministrativeRegion,parentPeak,1,2,0.500000
AdministrativeRegion,parentType,1,1,1.000000
AdministrativeRegion,parishPresident,1,1,1.000000
AdministrativeRegion,partFold,1,3,0.333333
AdministrativeRegion,parti1formannskap,1,1,1.000000
AdministrativeRegion,parti1prosent,1,1,1.000000
AdministrativeRegion,parti1prosentendring,1,1,1.000000
AdministrativeRegion,parti1seter,1,1,1.000000
AdministrativeRegion,parti1seterendring,1,1,1.000000
AdministrativeRegion,parti1stemmer,1,1,1.000000
AdministrativeRegion,parti1stemmerendring,1,1,1.000000
AdministrativeRegion,parti2formannskap,1,1,1.000000
AdministrativeRegion,parti2prosent,1,1,1.000000
AdministrativeRegion,parti2prosentendring,1,1,1.000000
AdministrativeRegion,parti2seter,1,1,1.000000
AdministrativeRegion,parti2seterendring,1,1,1.000000
AdministrativeRegion,parti2stemmer,1,1,1.000000
AdministrativeRegion,parti2stemmerendring,1,1,1.000000
AdministrativeRegion,parti3formannskap,1,1,1.000000
AdministrativeRegion,parti3prosent,1,1,1.000000
AdministrativeRegion,parti3prosentendring,1,1,1.000000
AdministrativeRegion,parti3seter,1,1,1.000000
AdministrativeRegion,parti3seterendring,1,1,1.000000
AdministrativeRegion,parti3stemmer,1,1,1.000000
AdministrativeRegion,parti3stemmerendring,1,1,1.000000
AdministrativeRegion,parti4prosent,1,1,1.000000
AdministrativeRegion,parti4prosentendring,1,1,1.000000
AdministrativeRegion,parti4seter,1,1,1.000000
AdministrativeRegion,parti4seterendring,1,1,1.000000
AdministrativeRegion,parti4stemmer,1,1,1.000000
AdministrativeRegion,parti4stemmerendring,1,1,1.000000
AdministrativeRegion,parti5formannskap,1,1,1.000000
AdministrativeRegion,parti5prosent,1,1,1.000000
AdministrativeRegion,parti5prosentendring,1,1,1.000000
AdministrativeRegion,parti5seter,1,1,1.000000
AdministrativeRegion,parti5seterendring,1,1,1.000000
AdministrativeRegion,parti5stemmer,1,1,1.000000
AdministrativeRegion,parti5stemmerendring,1,1,1.000000
AdministrativeRegion,parti6prosent,1,1,1.000000
AdministrativeRegion,parti6prosentendring,1,1,1.000000
AdministrativeRegion,parti6seter,1,1,1.000000
AdministrativeRegion,parti6seterendring,1,1,1.000000
AdministrativeRegion,parti6stemmer,1,1,1.000000
AdministrativeRegion,parti6stemmerendring,1,1,1.000000
AdministrativeRegion,parti7prosent,1,1,1.000000
AdministrativeRegion,parti7prosentendring,1,1,1.000000
AdministrativeRegion,parti7seter,1,1,1.000000
AdministrativeRegion,parti7seterendring,1,1,1.000000
AdministrativeRegion,parti7stemmer,1,1,1.000000
AdministrativeRegion,parti7stemmerendring,1,1,1.000000
AdministrativeRegion,partLabel,1,2,0.500000
AdministrativeRegion,partyColour,1,3,0.333333
AdministrativeRegion,patch,1,1,1.000000
AdministrativeRegion,pd,1,1,1.000000
AdministrativeRegion,pensjonistpartiet,1,1,1.000000
AdministrativeRegion,permanentDeacons,1,1,1.000000
AdministrativeRegion,phoneNum,1,1,1.000000
AdministrativeRegion,photograph,1,1,1.000000
AdministrativeRegion,photoSize,1,1,1.000000
AdministrativeRegion,photoWidth,1,1,1.000000
AdministrativeRegion,picsize,1,1,1.000000
AdministrativeRegion,plz,1,1,1.000000
AdministrativeRegion,polish,1,1,1.000000
AdministrativeRegion,politicalstatus,1,1,1.000000
AdministrativeRegion,politicalstatuslink,1,1,1.000000
AdministrativeRegion,politicalStatusRef,1,1,1.000000
AdministrativeRegion,polity,1,1,1.000000
AdministrativeRegion,popAsOf,1,2,0.500000
AdministrativeRegion,popdennote,1,1,1.000000
AdministrativeRegion,popDensityAsOf,1,1,1.000000
AdministrativeRegion,popDensitymi,1,1,1.000000
AdministrativeRegion,popLatestRef,1,1,1.000000
AdministrativeRegion,popPercentage,1,1,1.000000
AdministrativeRegion,popRef,1,1,1.000000
AdministrativeRegion,populationBlank1Title,1,2,0.500000
AdministrativeRegion,populationCensus,1,1,1.000000
AdministrativeRegion,populationCensusYear,1,1,1.000000
AdministrativeRegion,populationCommunity,1,1,1.000000
AdministrativeRegion,populationCouncil,1,1,1.000000
AdministrativeRegion,populationDensityMetroKm,1,1,1.000000
AdministrativeRegion,populationfirst,1,1,1.000000
AdministrativeRegion,populationfirstyear,1,1,1.000000
AdministrativeRegion,populationFootnotes,1,1,1.000000
AdministrativeRegion,populationi,1,1,1.000000
AdministrativeRegion,populationlast,1,1,1.000000
AdministrativeRegion,populationlastyear,1,1,1.000000
AdministrativeRegion,populationMetropolitan,1,1,1.000000
AdministrativeRegion,populationOfMen,1,1,1.000000
AdministrativeRegion,populationOfWomen,1,1,1.000000
AdministrativeRegion,populationyear,1,1,1.000000
AdministrativeRegion,postalabbreviatioN,1,1,1.000000
AdministrativeRegion,postcodeArea,1,1,1.000000
AdministrativeRegion,postcodeDistrict,1,1,1.000000
AdministrativeRegion,postTown,1,1,1.000000
AdministrativeRegion,preceding,1,1,1.000000
AdministrativeRegion,precipitationColour,1,113,0.008850
AdministrativeRegion,predecessor,1,1,1.000000
AdministrativeRegion,prefec,1,1,1.000000
AdministrativeRegion,prefecture,1,1,1.000000
AdministrativeRegion,premierships,1,1,1.000000
AdministrativeRegion,prev,1,1,1.000000
AdministrativeRegion,previousVersions,1,1,1.000000
AdministrativeRegion,prevName2Date,1,1,1.000000
AdministrativeRegion,priest,1,1,1.000000
AdministrativeRegion,proCathedral,1,1,1.000000
AdministrativeRegion,procurator,1,1,1.000000
AdministrativeRegion,prosecutingAttorney,1,1,1.000000
AdministrativeRegion,prosecutingAttorneyparty,1,1,1.000000
AdministrativeRegion,protoCathedral,1,1,1.000000
AdministrativeRegion,provDistrictNumber,1,1,1.000000
AdministrativeRegion,provElection,1,1,1.000000
AdministrativeRegion,provElectionLinklast,1,1,1.000000
AdministrativeRegion,public,1,1,1.000000
AdministrativeRegion,pushpinCaption,1,1,1.000000
AdministrativeRegion,pushpinMapSize,1,5,0.200000
AdministrativeRegion,quick,1,1,1.000000
AdministrativeRegion,quoted,1,1,1.000000
AdministrativeRegion,r1LengthF,1,1,1.000000
AdministrativeRegion,r1Number,1,1,1.000000
AdministrativeRegion,r1Surface,1,1,1.000000
AdministrativeRegion,r2LengthF,1,1,1.000000
AdministrativeRegion,r2Number,1,1,1.000000
AdministrativeRegion,r2Surface,1,1,1.000000
AdministrativeRegion,r3LengthF,1,1,1.000000
AdministrativeRegion,r3Number,1,1,1.000000
AdministrativeRegion,r3Surface,1,1,1.000000
AdministrativeRegion,rainColour,1,48,0.020833
AdministrativeRegion,raptor,1,1,1.000000
AdministrativeRegion,rbanTypeSettlements,1,1,1.000000
AdministrativeRegion,readmittancedate,1,1,1.000000
AdministrativeRegion,regionCode,1,3,0.333333
AdministrativeRegion,regionFlag,1,1,1.000000
AdministrativeRegion,regionLogo,1,1,1.000000
AdministrativeRegion,regions,1,3,0.333333
AdministrativeRegion,regularPriests,1,1,1.000000
AdministrativeRegion,religious,1,1,1.000000
AdministrativeRegion,religiousPriests,1,1,1.000000
AdministrativeRegion,religiousWomen,1,1,1.000000
AdministrativeRegion,relstyle,1,1,1.000000
AdministrativeRegion,replace,1,1,1.000000
AdministrativeRegion,representatives,1,1,1.000000
AdministrativeRegion,rev,1,1,1.000000
AdministrativeRegion,revision,1,1,1.000000
AdministrativeRegion,riverName,1,1,1.000000
AdministrativeRegion,rivers,1,1,1.000000
AdministrativeRegion,romaji,1,1,1.000000
AdministrativeRegion,ruling,1,1,1.000000
AdministrativeRegion,russianname,1,1,1.000000
AdministrativeRegion,sardinianName,1,1,1.000000
AdministrativeRegion,seaBeach,1,1,1.000000
AdministrativeRegion,sealsize,1,1,1.000000
AdministrativeRegion,secededdate,1,1,1.000000
AdministrativeRegion,secondLargestCity,1,1,1.000000
AdministrativeRegion,secretary,1,1,1.000000
AdministrativeRegion,seminaries,1,1,1.000000
AdministrativeRegion,senatePresidentProTempore,1,1,1.000000
AdministrativeRegion,separatedFrom,1,1,1.000000
AdministrativeRegion,sepdSun,1,1,1.000000
AdministrativeRegion,sepPrecipitationIn,1,1,1.000000
AdministrativeRegion,sepSnowCm,1,4,0.250000
AdministrativeRegion,sepSnowDays,1,9,0.111111
AdministrativeRegion,ship,1,1,1.000000
AdministrativeRegion,shipArmament,1,1,1.000000
AdministrativeRegion,shipBuilder,1,1,1.000000
AdministrativeRegion,shipCommissioned,1,1,1.000000
AdministrativeRegion,shipDecommissioned,1,1,1.000000
AdministrativeRegion,shipFate,1,1,1.000000
AdministrativeRegion,shipFlag,1,1,1.000000
AdministrativeRegion,shipLaidDown,1,1,1.000000
AdministrativeRegion,shipLaunched,1,1,1.000000
AdministrativeRegion,shipPropulsion,1,1,1.000000
AdministrativeRegion,shortDescription,1,1,1.000000
AdministrativeRegion,sizepopulation,1,1,1.000000
AdministrativeRegion,slogan(s)_,1,1,1.000000
AdministrativeRegion,sobriquet,1,1,1.000000
AdministrativeRegion,softDrink,1,1,1.000000
AdministrativeRegion,sourcearticle,1,1,1.000000
AdministrativeRegion,sourcepath,1,1,1.000000
AdministrativeRegion,southernDistrict,1,1,1.000000
AdministrativeRegion,spalten,1,1,1.000000
AdministrativeRegion,species,1,11,0.090909
AdministrativeRegion,stateAnimal,1,1,1.000000
AdministrativeRegion,stateAnthem,1,2,0.500000
AdministrativeRegion,stateFlag,1,15,0.066667
AdministrativeRegion,stateHorse,1,1,1.000000
AdministrativeRegion,stateNumber,1,1,1.000000
AdministrativeRegion,stateRep,1,1,1.000000
AdministrativeRegion,stateSen,1,1,1.000000
AdministrativeRegion,stations,1,4,0.250000
AdministrativeRegion,structure,1,1,1.000000
AdministrativeRegion,subdivdab,1,1,1.000000
AdministrativeRegion,subdivtype,1,17,0.058824
AdministrativeRegion,suffaganDioceses,1,1,1.000000
AdministrativeRegion,suffraganDiocese,1,1,1.000000
AdministrativeRegion,suiIurisChurc,1,1,1.000000
AdministrativeRegion,suiJurisChurch,1,1,1.000000
AdministrativeRegion,sumformannskap,1,1,1.000000
AdministrativeRegion,sumseter,1,1,1.000000
AdministrativeRegion,sumstemmer,1,1,1.000000
AdministrativeRegion,suppressed,1,1,1.000000
AdministrativeRegion,sworn,1,1,1.000000
AdministrativeRegion,sworntype,1,1,1.000000
AdministrativeRegion,symbolCaption,1,1,1.000000
AdministrativeRegion,symbolText,1,1,1.000000
AdministrativeRegion,tableStyle,1,1,1.000000
AdministrativeRegion,temperatureColour,1,4,0.250000
AdministrativeRegion,term1a,1,1,1.000000
AdministrativeRegion,term2a,1,1,1.000000
AdministrativeRegion,term3a,1,1,1.000000
AdministrativeRegion,term3b,1,1,1.000000
AdministrativeRegion,term3c,1,1,1.000000
AdministrativeRegion,term4a,1,1,1.000000
AdministrativeRegion,term5a,1,1,1.000000
AdministrativeRegion,term5b,1,1,1.000000
AdministrativeRegion,term6a,1,1,1.000000
AdministrativeRegion,term6b,1,1,1.000000
AdministrativeRegion,term7a,1,1,1.000000
AdministrativeRegion,thompson,1,1,1.000000
AdministrativeRegion,topoMaker,1,1,1.000000
AdministrativeRegion,totalType,1,1,1.000000
AdministrativeRegion,town(area)_,1,1,1.000000
AdministrativeRegion,translitLang,1,1,1.000000
AdministrativeRegion,tzdesc,1,1,1.000000
AdministrativeRegion,u,1,1,1.000000
AdministrativeRegion,unitSnowDays,1,4,0.250000
AdministrativeRegion,unLocode,1,1,1.000000
AdministrativeRegion,upozelaName,1,1,1.000000
AdministrativeRegion,ussrEnd,1,1,1.000000
AdministrativeRegion,ussrStart,1,1,1.000000
AdministrativeRegion,v.i.p,1,1,1.000000
AdministrativeRegion,valgdeltakelse,1,1,1.000000
AdministrativeRegion,varaordfører,1,1,1.000000
AdministrativeRegion,varaordførerparti,1,1,1.000000
AdministrativeRegion,vehicle1type,1,2,0.500000
AdministrativeRegion,vehicles,1,1,1.000000
AdministrativeRegion,verticalAlign,1,3,0.333333
AdministrativeRegion,vi,1,3,0.333333
AdministrativeRegion,vicar,1,1,1.000000
AdministrativeRegion,vicariates,1,1,1.000000
AdministrativeRegion,vicePresident,1,1,1.000000
AdministrativeRegion,vol12Pages,1,1,1.000000
AdministrativeRegion,vorwahl,1,1,1.000000
AdministrativeRegion,ward,1,1,1.000000
AdministrativeRegion,warning,1,75,0.013333
AdministrativeRegion,waterareaua,1,1,1.000000
AdministrativeRegion,westFlorida,1,1,1.000000
AdministrativeRegion,wg,1,2,0.500000
AdministrativeRegion,widthUnits,1,1,1.000000
AdministrativeRegion,wildflower,1,1,1.000000
AdministrativeRegion,wnw,1,1,1.000000
AdministrativeRegion,wraparound,1,1,1.000000
AdministrativeRegion,writer,1,1,1.000000
AdministrativeRegion,written,1,1,1.000000
AdministrativeRegion,yeardSun,1,1,1.000000
AdministrativeRegion,yearMeanF,1,1,1.000000
AdministrativeRegion,yearPrecipitationCm,1,1,1.000000
AdministrativeRegion,yearRainfallMm,1,1,1.000000
AdministrativeRegion,yr,1,1,1.000000
AdministrativeRegion,zhu,1,1,1.000000
AdministrativeRegion,zipCodes,1,1,1.000000
