kind,change,term,triples_in_v2
class,added,AcademicConference,
class,added,BoxingLeague,
class,added,ChemicalElement,
class,added,ConcentrationCamp,
class,added,Q2020153,
class,added,Q24229398,
class,added,Q9655,
class,removed,AmericanFootballCoach,
predicate,added,numberSold,6439
predicate,added,carNumber,1545
predicate,added,mission,1501
predicate,added,agency,750
predicate,added,shoeSize,376
predicate,added,activeYears,328
predicate,added,taoiseach,160
predicate,added,victim,154
predicate,added,victims,95
predicate,added,numberOfDeaths,53
predicate,added,mapCaption,41
predicate,added,originallyUsedFor,38
predicate,added,liberationDate,36
predicate,added,alternativeName,31
predicate,added,gasChambers,9
predicate,added,%22biancoscudati%22(whiteShield)Founded,7
predicate,added,statisticYear,2
predicate,added,!colspan,2
predicate,added,areaQuote,1
predicate,added,averageDepthQuote,1
predicate,added,heir,1
predicate,added,lengthQuote,1
predicate,added,maximumDepthQuote,1
predicate,added,volumeQuote,1
predicate,added,score%3E;excerpt11(violin)%3CscoreVorbis,1
predicate,removed,dfE,
predicate,removed,educationSystem,
predicate,removed,fundedBy,
predicate,removed,operatedBy,
predicate,removed,projectObjective,
predicate,removed,projectReferenceID,
predicate,removed,projectType,
predicate,removed,smiles,
predicate,removed,storyEditor,
predicate,removed,tvComId,
predicate,removed,!%3CImage,
predicate,removed,!%3CdivAlign,
predicate,removed,!SeeWikipediaWikiprojectAlbums%3EName,
predicate,removed,!bgcolor,
predicate,removed,!logo,
predicate,removed,!principalAndCeo,
predicate,removed,$free,
predicate,removed,$freeLabel,
predicate,removed,$headName,
predicate,removed,%22authority%22_,
predicate,removed,%22musicYourWay...everyday!%22Airdate,
predicate,removed,%231Qualifiers,
predicate,removed,%231Singles,
predicate,removed,%23CompanyLogo,
predicate,removed,%23OfInternationalStudents,
predicate,removed,%23OfPostgrads,
predicate,removed,%23OfStudents,
predicate,removed,%23OfUndergrads,
predicate,removed,%23OfYearsActive,
predicate,removed,%23denomination,
predicate,removed,%25FacultyWithAdvancedDegrees,
predicate,removed,gallery%3ECompanyType,
predicate,removed,gallery%3EDate,
predicate,removed,nowiki%3EXIsInMay)_,
predicate,removed,nowiki%3E_,
predicate,removed,small%3EHomepage,
predicate,removed,%3CCompanySlogan,
predicate,removed,%3CImageName,
predicate,removed,%3CInfraphylum,
predicate,removed,%3C_,
predicate,removed,%3Cbig%3E%3CspanStyle,
predicate,removed,%3Cbig%3EpictureFormat,
predicate,removed,small%3EProducer,
predicate,removed,%3Cbr%3EKeyPeople,
predicate,removed,%3Cbr%3EMgrtitle,
predicate,removed,%3Cbr%3EOffices,
predicate,removed,%3Cbr%3EShareCapital,
predicate,removed,%3Cbr%3ETerminusB,
predicate,removed,%3Cbr%3ETo,
predicate,removed,%3EType,
predicate,removed,%3E1997Genre,
predicate,removed,%3ECity,
predicate,removed,%3ELocationCountry,
predicate,removed,%3EPastMembers,
predicate,removed,%3EWithdrew,
predicate,removed,%3EirisProducer,
predicate,removed,%3Etrustee,
predicate,removed,%3Cgallery%3ECompanyLogo,
predicate,removed,%3Cgallery%3EMylappuram.jpg,
predicate,removed,h1%3E%3CembedSrc,
predicate,removed,%3CimgSrc,
predicate,removed,%3CscriptType,
predicate,removed,td%3EChiefExecutive,
predicate,removed,%3ELocation,
predicate,removed,%3EName,
predicate,removed,%3EReleased,
predicate,removed,%3EStarring,
predicate,removed,%3ETurnover,
predicate,removed,%3FFirstRace,
predicate,removed,%5DIndustry,
predicate,removed,&lt;!SeeWikipediaWikiprojectAlbums&gt;Name,
predicate,removed,&nodeid,
predicate,removed,''''%3Cbr%3EImage,
predicate,removed,'''''atlach%3Cnowiki%3E_,
predicate,removed,'''CompanyLogo,
predicate,removed,'''ameer'''_,
predicate,removed,'''boyfriend'''_,
predicate,removed,'''c'''anada'''k'''nows(orCk,
predicate,removed,'''children'''_,
predicate,removed,'''cinematographer'''_,
predicate,removed,'''clubCaptain'''_,
predicate,removed,'''counsel'''_,
predicate,removed,'''deanOfAcademics'''_,
predicate,removed,'''deanOfStudents'''_,
predicate,removed,'''discoverer'''_,
predicate,removed,'''editorInChief'''_,
predicate,removed,'''hisExcellencyBishopAlexanderSalazar'''Name,
predicate,removed,'''occupations'''_,
predicate,removed,'''producedBy,
predicate,removed,'''s'''uper'''kq'''(formerFormat)FormerCallsigns,
predicate,removed,'''schoolWebsite'''_,
predicate,removed,'''showName'''_,
predicate,removed,'''telephoneCode'''_,
predicate,removed,'''title,
predicate,removed,'''welly'''Founded,
predicate,removed,'''winner,
predicate,removed,''ThisAlbum,
predicate,removed,''clade''_,
predicate,removed,"''quodFacimus,ValdeFacimus''(whatWeDo,WeDoWell)Foundation",
predicate,removed,''translate''_,
predicate,removed,'Publisher,
predicate,removed,'monarch'_,
predicate,removed,"(1,879Feet)FacilityId",
predicate,removed,(2007)Industry,
predicate,removed,(2007Present)Dimensions,
predicate,removed,(NowCalledAsSapBusinessObjects)CompanyLogo,
predicate,removed,(abac)Type,
predicate,removed,(acting)Students,
predicate,removed,(all)Injuries,
predicate,removed,(asWrqr)Format,
predicate,removed,(buddie)%3Cbr%3ELandLinesHomepage,
predicate,removed,(companyLogo,
predicate,removed,(mergedWithLiat)Ceased,
predicate,removed,(noLongerActive)CompanyType,
predicate,removed,(nomination)_,
predicate,removed,(nowOnlyRedirectToCommerzbank).Intl,
predicate,removed,(removedFromPost)Address,
predicate,removed,(screenplay,
predicate,removed,(tbd)ToBeDemioshedSpaceGaming,
predicate,removed,(u21BosniaAndHerzegovina(app.,
predicate,removed,(won)_,
predicate,removed,)Name,
predicate,removed,++Bgcolour,
predicate,removed,+29°13.4'AppmagV,
predicate,removed,+44°01'57%22.0AppmagV,
predicate,removed,+City,
predicate,removed,+Image,
predicate,removed,",Influenced",
predicate,removed,",IrelandIndustrySize300'000SqFeet",
predicate,removed,",Name",
predicate,removed,",TravelIndustryProducts",
predicate,removed,",TrueNorthProducer",
predicate,removed,",usic",
predicate,removed,waysideEn.xml&xvar,
predicate,removed,.NumEmployees,
predicate,removed,.cf,
predicate,removed,undergrad,
predicate,removed,FeedingTubeRecordsProducer,
predicate,removed,"HoneywellTurboTechnologiesaftermarketRegionalHeadOfficeEuropeanMarketsRolle,SwitzerlandIndustry",
predicate,removed,00Name,
predicate,removed,010239Label,
predicate,removed,07073KeyPeople,
predicate,removed,0Body,
predicate,removed,0dateOfDeath,
predicate,removed,"1,000League",
predicate,removed,1.JednostkaAdministracyjna,
predicate,removed,100+Homepage,
predicate,removed,"100,000WattsBranding",
predicate,removed,"100,_",
predicate,removed,10Stars,
predicate,removed,10ccActive,
predicate,removed,10ptionColor,
predicate,removed,10thAlbum,
predicate,removed,11008Label,
predicate,removed,1255219218Label,
predicate,removed,12Caps,
predicate,removed,13.5Minutes,
predicate,removed,1300Homepage,
predicate,removed,130pxFifaTrigramme,
predicate,removed,135CompanySlogan,
predicate,removed,13quote,
predicate,removed,14.5Minutes,
predicate,removed,142pxReleased,
predicate,removed,14quote,
predicate,removed,150+Industry,
predicate,removed,1500MeterPb,
predicate,removed,159Industry,
predicate,removed,180pxReleased,
predicate,removed,185pxFullname,
predicate,removed,18Enrollment,
predicate,removed,1907DeathDate,
predicate,removed,1939Location,
predicate,removed,1961Owners,
predicate,removed,1966Location,
predicate,removed,1975Format,
predicate,removed,1991Genre,
predicate,removed,1992ByAliWehbeGround,
predicate,removed,1999Location,
predicate,removed,1Assist.Dir.,
predicate,removed,1MinPrefix,
predicate,removed,1Rd,
predicate,removed,1ppp,
predicate,removed,1quote,
predicate,removed,1stAssistantDirector,
predicate,removed,1stChancellor,
predicate,removed,1stPublisher,
predicate,removed,1stTeamKennyBrown.2ndTeamStuartKillenLeague,
predicate,removed,1stTeamMensCoach,
predicate,removed,1stViceChancellor,
predicate,removed,1stcouncillor,
predicate,removed,1stparty,
predicate,removed,"2,600FeetClass",
predicate,removed,"2.2.warner,Michael.CentralIntelligenceOriginAndEvolution.CentralIntelligenceAgencyWashingtonDcCenterForStudyOfIntelligence,2001._",
predicate,removed,200+Homepage,
predicate,removed,2000(800Sitting)Chairman,
predicate,removed,2002Genre,
predicate,removed,2005Reissue,
predicate,removed,2007Genre,
predicate,removed,2006AsDhlGlobalForwardingLocation,
predicate,removed,2007RaceWinner,
predicate,removed,2007tuition,
predicate,removed,2008Ground,
predicate,removed,2009Ground,
predicate,removed,200Chairman,
predicate,removed,200pxNickname,
predicate,removed,200pxReleased,
predicate,removed,2010Sales,
predicate,removed,2010Team,
predicate,removed,2011To,
predicate,removed,2012CarNumber,
predicate,removed,2012Genre,
predicate,removed,2012Restoration,
predicate,removed,2012Revenue,
predicate,removed,2012Team,
predicate,removed,2013BestAndFairest,
predicate,removed,2013Clubs,
predicate,removed,2013ElementarySchoolP.eCoachHighlights,
predicate,removed,_,
predicate,removed,2014AcceptanceRate,
predicate,removed,2014Captains,
predicate,removed,2014ChampionDriver,
predicate,removed,2014ChampionTeam,
predicate,removed,2015Captain,
predicate,removed,2015Chassis,
predicate,removed,2015Coach,
predicate,removed,2015Drivers,
predicate,removed,2015Engine,
predicate,removed,2015Team,
predicate,removed,2015TestDrivers,
predicate,removed,2015Theme,
predicate,removed,2015Tyres,
predicate,removed,20ption,
predicate,removed,20ptionColor,
predicate,removed,20ptionName,
predicate,removed,250pxLogoSize,
predicate,removed,250pxReleased,
predicate,removed,25Longm,
predicate,removed,26May2006Frequency,
predicate,removed,28Report,
predicate,removed,2blankdata,
predicate,removed,2ndAssistantDirector,
predicate,removed,2ndAssistantDirectors,
predicate,removed,2ndPublisher,
predicate,removed,2ndTeamManagers,
predicate,removed,2ndUnitDirector,
predicate,removed,2ndViceChancellor,
predicate,removed,2ndcouncillor,
predicate,removed,2ndparty,
predicate,removed,2ptionColor,
predicate,removed,300pxReleased,
predicate,removed,30thAnniversaryWebsite,
predicate,removed,33718582Fax,
predicate,removed,356(ukRadioEdit)343(australianRadioEdit)Label,
predicate,removed,358Label,
predicate,removed,3810Label,
predicate,removed,3840Industry,
predicate,removed,38MinutesLabel,
predicate,removed,3BestBowling,
predicate,removed,3Caps,
predicate,removed,3LeftarmSleeves,
predicate,removed,3RightarmSleeves,
predicate,removed,3gMobileServ,
predicate,removed,3rdViceChancellor,
predicate,removed,3rdcouncillor,
predicate,removed,3rdparty,
predicate,removed,40YdTime,
predicate,removed,43genre,
predicate,removed,43optionColor,
predicate,removed,450pxCaption,
predicate,removed,4728(cd2)Label,
predicate,removed,4icuW,
predicate,removed,"5,000Chairman",
predicate,removed,"5,000Industry",
predicate,removed,5.1Cover,
predicate,removed,50000relyear,
predicate,removed,50MinLabel,
predicate,removed,50ption,
predicate,removed,50ptionColor,
predicate,removed,50ptionName,
predicate,removed,54.26Genre,
predicate,removed,"600,000Monthly,AsOfJuly2009Headquarters",
predicate,removed,60nat,
predicate,removed,6Products,
predicate,removed,6optionColor,
predicate,removed,7%22Vinyl,
predicate,removed,78.8MiDirectionA,
predicate,removed,7tozai,
predicate,removed,850Industry,
predicate,removed,;;Foundation,
predicate,removed,;Writing,
predicate,removed,Authority,
predicate,removed,Caption,
predicate,removed,City,
predicate,removed,D,
predicate,removed,"Fekner2102,29April2013(utc)ThisAlbum",
predicate,removed,ImageSize,
predicate,removed,ImdbId,
predicate,removed,La,
predicate,removed,Members,
predicate,removed,Place,
predicate,removed,PlaceOfBirth,
predicate,removed,SeeWikipediaWikiprojectAlbums%3EName,
predicate,removed,Slogan,
predicate,removed,Synonyms,
predicate,removed,Uefau19champApps,
predicate,removed,a.k.a,
predicate,removed,aCompanyLogo,
predicate,removed,aD,
predicate,removed,aHomepage,
predicate,removed,aPartirDuFonction,
predicate,removed,aWhiteMotorolaV360FlipPhone.Screen,
predicate,removed,aantalWerknemers,
predicate,removed,aarti,
predicate,removed,abName,
predicate,removed,abbrevialtion,
predicate,removed,abbreviated,
predicate,removed,abcLegal,
predicate,removed,abcTvAnalog,
predicate,removed,abdalalSattiLeague,
predicate,removed,abdicationDate,
predicate,removed,abducted,
predicate,removed,abdullahiAhmedStarring,
predicate,removed,abfluss,
predicate,removed,abn,
predicate,removed,abolsihed,
predicate,removed,acadamyawards,
predicate,removed,academicAndResearchStaff,
predicate,removed,academicCalendar,
predicate,removed,academicDepartment,
predicate,removed,academicFaculty,
predicate,removed,academicPositions,
predicate,removed,academicProvost,
predicate,removed,academicRank,
predicate,removed,academicStaffs,
predicate,removed,academicTerm,
predicate,removed,academicVicePrincipal,
predicate,removed,accentColor,
predicate,removed,accesso,
predicate,removed,accoladesAndGrants,
predicate,removed,accomplishment,
predicate,removed,accountingSoftwareForGrowingBusinessesCompanyType,
predicate,removed,accredation,
predicate,removed,aceCatalogNumber,
predicate,removed,acessodata,
predicate,removed,achsfolge,
predicate,removed,acreenplay,
predicate,removed,actAverage,
predicate,removed,actAvg,
predicate,removed,actCompositeMean,
predicate,removed,acterBharatPurohitKeyPeople,
predicate,removed,acticeYears,
predicate,removed,actingChairman,
predicate,removed,actingCoach,
predicate,removed,actingDirectorOfMusic,
predicate,removed,actingHeadOfSchool,
predicate,removed,actingPrinciple,
predicate,removed,actingSuperintendent,
predicate,removed,actingUmhhcCeo,
predicate,removed,actionDirectors,
predicate,removed,actionnaires,
predicate,removed,activeAcademyShip,
predicate,removed,activitatPrincipal,
predicate,removed,activitatsAltres,
predicate,removed,activitésAutres,
predicate,removed,actorDebut,
predicate,removed,actualDuration,
predicate,removed,actualRf,
predicate,removed,actualTheam,
predicate,removed,actuallyTeam,
predicate,removed,actvitiesDirector,
predicate,removed,adLib,
predicate,removed,adapt,
predicate,removed,adaptedFrom,
predicate,removed,adaption,
predicate,removed,adaptionBy,
predicate,removed,add'lStaff,
predicate,removed,add.Prod.,
predicate,removed,adderall,
predicate,removed,additional%3Cbr%3EWriting,
predicate,removed,additionalChannel(s)_,
predicate,removed,additionalDialogue,
predicate,removed,additionalGraphicDesign,
predicate,removed,additionalMembersOfPerformingBand,
predicate,removed,additionalMusicians,
predicate,removed,additionalPuzzles,
predicate,removed,additionalSuveyorGeneral,
predicate,removed,adjacentcomuni,
predicate,removed,adjustedGross,
predicate,removed,adjustedNetEarnings,
predicate,removed,adjutant,
predicate,removed,adminOfficer,
predicate,removed,admindebutteam,
predicate,removed,admindebutyear,
predicate,removed,adminfinalteam,
predicate,removed,adminfinalyear,
predicate,removed,administator,
predicate,removed,administrativeSecretary,
predicate,removed,admissionsRate,
predicate,removed,adoptedFather,
predicate,removed,adoptedSons,
predicate,removed,adoptedStepdaughter,
predicate,removed,adoptionName,
predicate,removed,adoptionStatus,
predicate,removed,adoptiveDaughter,
predicate,removed,adoptiveGranddaughters,
predicate,removed,adoptiveGrandsons,
predicate,removed,adoptivebrothers,
predicate,removed,adoptivesister,
predicate,removed,adsManager,
predicate,removed,adultAdviser,
predicate,removed,advisorAndStationGodfather,
predicate,removed,adı,
predicate,removed,aerialCinematographer,
predicate,removed,afbnDivisionHist,
predicate,removed,afbnStartYr,
predicate,removed,affiliateNetworks,
predicate,removed,affiliatedActs,
predicate,removed,affiliation1Name,
predicate,removed,affiliationTo,
predicate,removed,affiliaton,
predicate,removed,affluentsRiveDroite,
predicate,removed,affluentsRiveGauche,
predicate,removed,afiliaciones,
predicate,removed,aflDraftedRound,
predicate,removed,aflDraftedYear,
predicate,removed,aflDraftedyear,
predicate,removed,afldraftteam,
predicate,removed,aflentryteam,
predicate,removed,aflentryyear,
predicate,removed,aflnChamps,
predicate,removed,aflnDivisionHist,
predicate,removed,aflnEndYr,
predicate,removed,aflnStartYr,
predicate,removed,aflstatlabe,
predicate,removed,aflstats,
predicate,removed,aflstatvaule,
predicate,removed,afltatvalue,
predicate,removed,afroAsianCup,
predicate,removed,age(atDeath)_,
predicate,removed,age.,
predicate,removed,age1524Years,
predicate,removed,age2554Years,
predicate,removed,age5564Years,
predicate,removed,age65YearsAndOver,
predicate,removed,ageAtTimeOfPublication,
predicate,removed,ageOfProducer,
predicate,removed,ageRating,
predicate,removed,ageReference,
predicate,removed,agentc,
predicate,removed,agentcompany,
predicate,removed,agents,
predicate,removed,agent’sWebsite,
predicate,removed,agl,
predicate,removed,aiawdiviichampionship,
predicate,removed,airDay,
predicate,removed,airTime,
predicate,removed,airadte,
predicate,removed,aircraftHelicopterAttack,
predicate,removed,aircraftHelicopterTransport,
predicate,removed,aircraftTypes,
predicate,removed,"airdate,_",
predicate,removed,airdatemusicFrequency,
predicate,removed,airdates,
predicate,removed,airday,
predicate,removed,airedNight,
predicate,removed,airedOn,
predicate,removed,airing,
predicate,removed,airingDates,
predicate,removed,airlineHub,
predicate,removed,airlineSlogan,
predicate,removed,airportName,
predicate,removed,airs,
predicate,removed,airtime,
predicate,removed,aiwaregionals,
predicate,removed,ak,
predicate,removed,alKm,
predicate,removed,alTusa,
predicate,removed,alUsa,
predicate,removed,"alabama,Georgia,Florida&MississippiIndustry",
predicate,removed,albumArt,
predicate,removed,albumCertification,
predicate,removed,albumChart,
predicate,removed,albumCompiler&Producer,
predicate,removed,albumCoverReleased,
predicate,removed,albumDesign,
predicate,removed,albumLength,
predicate,removed,albumPhoto,
predicate,removed,albumSale,
predicate,removed,albumsSold,
predicate,removed,alexa(india)_,
predicate,removed,alf,
predicate,removed,algérianName,
predicate,removed,alias(nickname)_,
predicate,removed,aliasOrigination,
predicate,removed,alikick.,
predicate,removed,alis,
predicate,removed,alisha,
predicate,removed,allAmerican,
predicate,removed,allMusics,
predicate,removed,allTimeReord,
predicate,removed,allTimeSeries,
predicate,removed,allTimeWinRecord,
predicate,removed,alliedWith,
predicate,removed,allplot,
predicate,removed,alltournamentteam,
predicate,removed,almaAter,
predicate,removed,almaMatei,
predicate,removed,almaMmater,
predicate,removed,almerMata,
predicate,removed,alnativeNames,
predicate,removed,aloov,
predicate,removed,als0Called,
predicate,removed,alsoKnow,
predicate,removed,alsoStarring,
predicate,removed,alsoTitledAs.,
predicate,removed,alstatlabel,
predicate,removed,alt.ernativeNames,
predicate,removed,altAlbum,
predicate,removed,altBody,
predicate,removed,altBrother,
predicate,removed,altLength,
predicate,removed,altPatternB,
predicate,removed,altPatternS,
predicate,removed,altShorts,
predicate,removed,altShowName,
predicate,removed,altWingspan,
predicate,removed,alternateFeed,
predicate,removed,alternateJob,
predicate,removed,alternateRoute,
predicate,removed,alternati,
predicate,removed,alternaticeNames,
predicate,removed,alternatieNames,
predicate,removed,alternativNames,
predicate,removed,alternativeDateOfBirth,
predicate,removed,alternativeDateOfDeath,
predicate,removed,alternativeLimitedEditionCover,
predicate,removed,alternativeNamesM,
predicate,removed,alternativeNams,
predicate,removed,alternativePlaceOfDeath,
predicate,removed,alternativeSpelling,
predicate,removed,alternativeTitles,
predicate,removed,alternativenames,
predicate,removed,alternativnamen,
predicate,removed,altitud,
predicate,removed,alummeter,
predicate,removed,alumniGroup,
predicate,removed,alumniList,
predicate,removed,alumniPage,
predicate,removed,alumniRelationOfficer,
predicate,removed,amaDsbManufacturers,
predicate,removed,amateurYears,
predicate,removed,amazon,
predicate,removed,ameer(leader)_,
predicate,removed,americanCityBusinessJournals,
predicate,removed,americanIndependent,
predicate,removed,amountOfPages,
predicate,removed,amsl,
predicate,removed,analog,
predicate,removed,analogic,
predicate,removed,analyser,
predicate,removed,analyst,
predicate,removed,anathem,
predicate,removed,ancestralRoots,
predicate,removed,ancho,
predicate,removed,anchorLinkDirector,
predicate,removed,ancientName,
predicate,removed,and,
predicate,removed,andDavidBorneazAsAngelEpisodeList,
predicate,removed,anglicisedName,
predicate,removed,%3EstoryboardDirector(koreanEpisodes)_,
predicate,removed,animationDepartment,
predicate,removed,animationDesigners,
predicate,removed,animationDirection,
predicate,removed,animationDirector,
predicate,removed,animationEffects,
predicate,removed,animationStudios,
predicate,removed,animationWebsite,
predicate,removed,animeSeries,
predicate,removed,ankles,
predicate,removed,annualFestival,
predicate,removed,annualResearch,
predicate,removed,annualUndergraduates,
predicate,removed,ano,
predicate,removed,antecedents,
predicate,removed,antennaPattern,
predicate,removed,antiveNameLng,
predicate,removed,anufacturer,
predicate,removed,apArt,
predicate,removed,apClasses,
predicate,removed,apDance,
predicate,removed,apDrama+tech,
predicate,removed,apMusic,
predicate,removed,aphilion,
predicate,removed,apo,
predicate,removed,apoastron,
predicate,removed,apprenticeCoaches,
predicate,removed,apprenticeship,
predicate,removed,"approx.5,000Industry",
predicate,removed,approx.Runtime(perEpisode)_,
predicate,removed,aprAveragePrecipitationMm,
predicate,removed,aprAvgF,
predicate,removed,aprMaxC,
predicate,removed,aprMaxWindSpeed,
predicate,removed,aprMinC,
predicate,removed,aprPrecipitationDays(%3E_,
predicate,removed,aprRecordHighMinimumC,
predicate,removed,aprRecordLowMaximumC,
predicate,removed,aprSnowfallInch,
predicate,removed,aprSunshineHours,
predicate,removed,aprWind,
predicate,removed,aption,
predicate,removed,apódo,
predicate,removed,aquariumistCareLevel,
predicate,removed,arTusa,
predicate,removed,arUsa,
predicate,removed,arabicVersionMeddleEast,
predicate,removed,arcLength,
predicate,removed,archaeologicalBodies,
predicate,removed,architct,
predicate,removed,architectBuilder,
predicate,removed,architectOrBuilderOrEngineer,
predicate,removed,architectco,
predicate,removed,architectre,
predicate,removed,architectsAssociatedPartners,
predicate,removed,architectsPartners,
predicate,removed,archivDatum,
predicate,removed,archivUrl,
predicate,removed,arcitect,
predicate,removed,are,
predicate,removed,areaArableLandKm,
predicate,removed,areaGapaKm,
predicate,removed,areaLandM,
predicate,removed,areaLandRank,
predicate,removed,areaLandYear,
predicate,removed,areaM,
predicate,removed,areaMacrometroKm,
predicate,removed,areaMaqnitude,
predicate,removed,areaMetroMi,
predicate,removed,areaMetroSqMi,
predicate,removed,areaMilesSquared,
predicate,removed,areaNotes,
predicate,removed,areaOfOperations,
predicate,removed,areaOfTown(inSqKm)_,
predicate,removed,areaOfWork,
predicate,removed,areaRuralKm,
predicate,removed,areaRuralSqMi,
predicate,removed,areaSearved,
predicate,removed,areaSpaceImperial,
predicate,removed,areaSpacePercentage,
predicate,removed,areaSqft,
predicate,removed,areaTotalAcre,
predicate,removed,areaTotalHa,
predicate,removed,areaTotalHa.,
predicate,removed,areaTotalMiles,
predicate,removed,areaTotalSqMi&SqFt,
predicate,removed,areaUrbanSqKm,
predicate,removed,areaUrbanSqMi.,
predicate,removed,areaWaerKm,
predicate,removed,areaWaterM,
predicate,removed,areaWesternArmenia,
predicate,removed,areadab,
predicate,removed,arecorded,
predicate,removed,arena'''_,
predicate,removed,arents,
predicate,removed,ariseRecordsProducer,
predicate,removed,arlhsLat,
predicate,removed,arrangeMusic,
predicate,removed,arranger(s)_,
predicate,removed,conductors,
predicate,removed,arranging&ConductedBy,
predicate,removed,arrested,
predicate,removed,arrtist,
predicate,removed,artCuration,
predicate,removed,artDerForschung,
predicate,removed,Design,
predicate,removed,artLabSelectionsCommitteeChair,
predicate,removed,artWorkAndDesign,
predicate,removed,artist(s)_,
predicate,removed,artistNames,
predicate,removed,artistQqq,
predicate,removed,arts&EntertainmentEditor,
predicate,removed,artworkDesign,
predicate,removed,arwu,
predicate,removed,arwuBus,
predicate,removed,arwuCs,
predicate,removed,arwuEng,
predicate,removed,arwuLife,
predicate,removed,arwuPublic,
predicate,removed,arwuSci,
predicate,removed,arwuWSocial,
predicate,removed,arwuWSocialSciences,
predicate,removed,asFeaturedArtist,
predicate,removed,asMannager,
predicate,removed,ascapAwards,
predicate,removed,ascapn,
predicate,removed,ascapw,
predicate,removed,asgName,
predicate,removed,ashrams,
predicate,removed,ashuliaCampus,
predicate,removed,asianGamesApps,
predicate,removed,asianIndoorGamesApps,
predicate,removed,asianIndoorGamesBest,
predicate,removed,asianIndoorGamesFirst,
predicate,removed,asistantCoach,
predicate,removed,aspan,
predicate,removed,aspectRation,
predicate,removed,aspectratio,
predicate,removed,aspurweite,
predicate,removed,assGm,
predicate,removed,assatcoach,
predicate,removed,asscociatedActs,
predicate,removed,assembled,
predicate,removed,assetProducer,
predicate,removed,assetsDate,
predicate,removed,assigned,
predicate,removed,assist.Manager,
predicate,removed,assist.Principle,
predicate,removed,assistManager,
predicate,removed,assistanCoach,
predicate,removed,assistantCd,
predicate,removed,assistantCoProducer,
predicate,removed,assistantCurator,
predicate,removed,assistantDeputyHead,
predicate,removed,assistantDir.,
predicate,removed,assistantDirector(s)_,
predicate,removed,assistantEditorTitle,
predicate,removed,assistantEditors,
predicate,removed,assistantGoalieCoach,
predicate,removed,assistantHeadName,
predicate,removed,assistantManagers,
predicate,removed,"assistantPrincipal,Discipline",
predicate,removed,"assistantPrincipal,Guidance",
predicate,removed,assistantPrincipalForExtracurriculars,
predicate,removed,assistantPrincipe,
predicate,removed,assistantPrinciple,
predicate,removed,assistantPrinciples,
predicate,removed,assistantSecretary,
predicate,removed,assistantVicePrinciple,
predicate,removed,assistanttPrincipal,
predicate,removed,assistcoaches,
predicate,removed,assisting,
predicate,removed,assoCreativeHead,
predicate,removed,assoc,
predicate,removed,assocProfessors,
predicate,removed,associateArchitect,
predicate,removed,associateCd,
predicate,removed,associateCreativeDir,
predicate,removed,associateExecutiveProducer,
predicate,removed,associateHeadCoach,
predicate,removed,associateWebProducers,
predicate,removed,associatedActsBloodOfAbraham,
predicate,removed,associatedCaves,
predicate,removed,associatedLabes,
predicate,removed,associatedProducers,
predicate,removed,associationLogo,
predicate,removed,associationNom,
predicate,removed,associetedActs,
predicate,removed,asst.Gm,
predicate,removed,asst.HeadOfSchool,
predicate,removed,asst.Princ.,
predicate,removed,asstCamera,
predicate,removed,asstPrincipall,
predicate,removed,asstPrinicpal,
predicate,removed,asstProdManager,
predicate,removed,asstProducer,
predicate,removed,asstToProducer,
predicate,removed,in,
predicate,removed,astMan,
predicate,removed,atariProgrammer,
predicate,removed,athl.Director,
predicate,removed,athlecticDirector,
predicate,removed,athlete’sOath,
predicate,removed,vicePrincipal(interim)_,
predicate,removed,athleticParticipation,
predicate,removed,athleticsRivals,
predicate,removed,aticle,
predicate,removed,atletId,
predicate,removed,attackType,
predicate,removed,attenuation,
predicate,removed,audioBooks,
predicate,removed,audioDesignStudioGenre,
predicate,removed,audioDirector,
predicate,removed,audioEngineers,
predicate,removed,audioUrl,
predicate,removed,auditionSupervisor,
predicate,removed,auditions,
predicate,removed,auflage,
predicate,removed,augAveragePrecipitationMm,
predicate,removed,augAvgF,
predicate,removed,augMaxC,
predicate,removed,augMaxWindSpeed,
predicate,removed,augMinC,
predicate,removed,augPrecipitationDays(%3E_,
predicate,removed,augRecordHighMinimumC,
predicate,removed,augRecordLowMaximumC,
predicate,removed,augSnowfallInch,
predicate,removed,augSunshineHours,
predicate,removed,augWind,
predicate,removed,"aurinegro,Auricuchis,AuriculosFounded",
predicate,removed,"austinCloud,PresidentIndustry",
predicate,removed,australianopenmixeddoublesresult,
predicate,removed,auteur,
predicate,removed,authorPhoto,
predicate,removed,authored&nbsp;by,
predicate,removed,autocat+_,
predicate,removed,autocue,
predicate,removed,autorLink,
predicate,removed,autore,
predicate,removed,autoridadBinomial,
predicate,removed,autorlink,
predicate,removed,autresTitresFrancophones,
predicate,removed,average7DayListenship,
predicate,removed,averageAdvance,
predicate,removed,averageAnnualWage,
predicate,removed,averageDailyAttendance,
predicate,removed,averageDepostis,
predicate,removed,averageDischarge,
predicate,removed,averageEarningAssets,
predicate,removed,averageEquity,
predicate,removed,averageGolas,
predicate,removed,averageSat,
predicate,removed,averageTotalAssets,
predicate,removed,averageVisitors,
predicate,removed,avg.ClassSize,
predicate,removed,avidEditor,
predicate,removed,avmSchoolInPrinciple,
predicate,removed,awardCategories,
predicate,removed,awardWon,
predicate,removed,awards3w,
predicate,removed,awardsAge,
predicate,removed,awardsAndHighlights,
predicate,removed,awardsDescription,
predicate,removed,awayColours,
predicate,removed,axleLoad,
predicate,removed,az,
predicate,removed,añoacceso,
predicate,removed,añosActivo,
predicate,removed,b.aDegree,
predicate,removed,b.lDegree,
predicate,removed,bCamera,
predicate,removed,bLength,
predicate,removed,bSideLink,
predicate,removed,bSideTo,
predicate,removed,bachelorDegree,
predicate,removed,bachelorStudents,
predicate,removed,back.,
predicate,removed,backCover,
predicate,removed,backGroundMusic,
predicate,removed,backPlace,
predicate,removed,backgroud,
predicate,removed,backgroundGraphic,
predicate,removed,backgroundImages,
predicate,removed,backsCoach,
predicate,removed,backupHelmsman,
predicate,removed,badgeDescr,
predicate,removed,badges,
predicate,removed,bandleader,
predicate,removed,bangko1C,
predicate,removed,bangko1Pf,
predicate,removed,bangko1Pg,
predicate,removed,bangko1Sf,
predicate,removed,bangko1Sg,
predicate,removed,bangko2C,
predicate,removed,bangko2Pf,
predicate,removed,bangko2Pg,
predicate,removed,bangko2Sf,
predicate,removed,bangko2Sg,
predicate,removed,bangko3Pf,
predicate,removed,bangla,
predicate,removed,bank,
predicate,removed,bankWebsite,
predicate,removed,bankrupy,
predicate,removed,banks&atm,
predicate,removed,banneer,
predicate,removed,Distributor,
predicate,removed,baptismalName,
predicate,removed,bar1NudgeDown,
predicate,removed,bar2NudgeDown,
predicate,removed,bar3NudgeDown,
predicate,removed,bar5NudgeDown,
predicate,removed,bar6NudgeDown,
predicate,removed,bar7NudgeDown,
predicate,removed,bar8NudgeDown,
predicate,removed,bare,
predicate,removed,barriePhillipsManager,
predicate,removed,baseFor,
predicate,removed,baseMap,
predicate,removed,baseballStadium,
predicate,removed,basedOn%22lifeWithoutGeorge%22By,
predicate,removed,basedOnAPlay,
predicate,removed,basedOnAnIdeaBy,
predicate,removed,basedOnCharactersCreatedBy,
predicate,removed,basedOnSoftwarePublishedBy,
predicate,removed,basedOnTheBooksBy,
predicate,removed,basedOnTheNovelBy,
predicate,removed,basedOnTheNovelsBy,
predicate,removed,basedOnTheWorkOf,
predicate,removed,basedOnTheWorksOf,
predicate,removed,basedUpon,
predicate,removed,basinCounties,
predicate,removed,basinMunicipalities,
predicate,removed,basinStates,
predicate,removed,basinTowns,
predicate,removed,basionym,
predicate,removed,baskBoys,
predicate,removed,baskMen,
predicate,removed,basketballArena,
predicate,removed,basketballCommissioner,
predicate,removed,basketballField,
predicate,removed,basonym,
predicate,removed,bassin,
predicate,removed,bassinCollecteur,
predicate,removed,batTeam2Inns,
predicate,removed,batavg,
predicate,removed,bated,
predicate,removed,battleImage,
predicate,removed,bayName,
predicate,removed,bbirthPlace,
predicate,removed,bbmCode,
predicate,removed,bcraGrad,
predicate,removed,beatification,
predicate,removed,bed,
predicate,removed,began0peration,
predicate,removed,beganTriallingOperations,
predicate,removed,beginOperation,
predicate,removed,beginYear,
predicate,removed,beginsOperation,
predicate,removed,beginsin,
predicate,removed,begunBy,
predicate,removed,beinMediaGroup2015LaunchDate,
predicate,removed,belairline,
predicate,removed,belfastDistanceKm,
predicate,removed,belfastDistanceMi,
predicate,removed,belway,
predicate,removed,bengaliScript,
predicate,removed,bennyMcneaseName,
predicate,removed,beschleunigung,
predicate,removed,bestEveningGown,
predicate,removed,bestFigures,
predicate,removed,bestGrandslamsdoublesresults,
predicate,removed,bestHomeWins,
predicate,removed,bestKnown,
predicate,removed,bestKnownAs,
predicate,removed,bestMovie,
predicate,removed,bestP.eTeacher,
predicate,removed,bestPersonOnShow,
predicate,removed,bestPlayerEver,
predicate,removed,bestPresonality,
predicate,removed,bestQuotes,
predicate,removed,bestRoles,
predicate,removed,bestRuns,
predicate,removed,bestStudent,
predicate,removed,bestStudentsInTheWorld,
predicate,removed,bestknown,
predicate,removed,beta2.0Released,
predicate,removed,betterTeam,
predicate,removed,bezugsjahr,
predicate,removed,bfa,
predicate,removed,bfiId,
predicate,removed,bgcccdfffffolour,
predicate,removed,bibsys,
predicate,removed,biggestHomo,
predicate,removed,biggestVillage,
predicate,removed,billboardPosition,
predicate,removed,billedName,
predicate,removed,binding,
predicate,removed,binomiaauthority,
predicate,removed,binomialAuthor,
predicate,removed,binomialAuthorit,
predicate,removed,binomialAuthority''_,
predicate,removed,binomialAuthorityRef,
predicate,removed,binomialAutoridade,
predicate,removed,binomialDate,
predicate,removed,binomialRef,
predicate,removed,binomialSpecies,
predicate,removed,binomualAuthority,
predicate,removed,bionomial,
predicate,removed,bionomialAuthority,
predicate,removed,birtPlace,
predicate,removed,birth)place,
predicate,removed,birthBirth,
predicate,removed,birthBirthplace,
predicate,removed,birthDa,
predicate,removed,birthDa4e,
predicate,removed,birthDate16th,
predicate,removed,birthDateAge,
predicate,removed,birthDateHuih,
predicate,removed,birthDateName,
predicate,removed,hj'h%5Dg'k%5D'%5DjoY'%5D_,
predicate,removed,birthDatel,
predicate,removed,birthDates,
predicate,removed,birthDeath,
predicate,removed,birthNameLang,
predicate,removed,birthNameNativeName,
predicate,removed,birthNamw,
predicate,removed,birthNsme,
predicate,removed,birthParents,
predicate,removed,birthPlaceDeathSeptember,
predicate,removed,birthStar,
predicate,removed,birthdplace,
predicate,removed,birthedNames,
predicate,removed,birthnmame,
predicate,removed,birthrate,
predicate,removed,birth°place,
predicate,removed,birثميطthDate,
predicate,removed,bishopProvisional,
predicate,removed,bithName,
predicate,removed,bithday,
predicate,removed,bitheplace,
predicate,removed,bizSuccessor,
predicate,removed,bjp,
predicate,removed,blackMoney,
predicate,removed,bland2Info,
predicate,removed,blank04InfoSec,
predicate,removed,blankCode,
predicate,removed,blankInfo1Sec,
predicate,removed,blankName1Sec,
predicate,removed,blankPhone%23_,
predicate,removed,blckMoney,
predicate,removed,blogs,
predicate,removed,bloodVersusWater,
predicate,removed,bloodline,
predicate,removed,bloombergBusinessWeekBusinessSchool,
predicate,removed,blpSources,
predicate,removed,bluRayReleaseDate,
predicate,removed,bluetoothVersion,
predicate,removed,bnc,
predicate,removed,bnf,
predicate,removed,bnlChamps,
predicate,removed,bnlEndYr,
predicate,removed,bnlStartYr,
predicate,removed,bnotes,
predicate,removed,boardChairman,
predicate,removed,boardOfAlderman,
predicate,removed,boardOfTrusteesChairman,
predicate,removed,boarders,
predicate,removed,boardingHostel,
predicate,removed,boatNumber,
predicate,removed,bod,
predicate,removed,bodyFatPercentage,
predicate,removed,boePresident,
predicate,removed,boeVicePresident,
predicate,removed,boobCount(individual)_,
predicate,removed,bookDesigner,
predicate,removed,bookName,
predicate,removed,bookNames,
predicate,removed,bookSeries,
predicate,removed,bootleg,
predicate,removed,bootlegLink,
predicate,removed,bopInmateNumber,
predicate,removed,bordering,
predicate,removed,bordo,
predicate,removed,origName,
predicate,removed,bornKillaHitta,
predicate,removed,boss,
predicate,removed,bosseed,
predicate,removed,bote,
predicate,removed,boughtBy,
predicate,removed,boweldFastestBall,
predicate,removed,bowker,
predicate,removed,bowlTeam2Inns,
predicate,removed,bowlavg,
predicate,removed,bowlpercentage,
predicate,removed,bowlresult,
predicate,removed,boxLength,
predicate,removed,boxOfficeGross,
predicate,removed,boxOfficeRevenue,
predicate,removed,boxSets.,
predicate,removed,boxWidths,
predicate,removed,boxset,
predicate,removed,bpl,
predicate,removed,bplWins,
predicate,removed,cupSize,
predicate,removed,bracelets,
predicate,removed,brake,
predicate,removed,brakingSystem,
predicate,removed,branchCampus,
predicate,removed,brandAmassador,
predicate,removed,brandValue,
predicate,removed,brandingBmUn,
predicate,removed,brasão,
predicate,removed,brazilWebpage,
predicate,removed,breasts,
predicate,removed,breeding,
predicate,removed,briefHiatas,
predicate,removed,brit,
predicate,removed,britain'sBestSitcomPosition,
predicate,removed,broadbandService,
predicate,removed,broadcastLocation,
predicate,removed,broadcastNetwork,
predicate,removed,broadcastingStation,
predicate,removed,broaderStory,
predicate,removed,brotherAndSisters,
predicate,removed,brotherDorm,
predicate,removed,brotherSchoolLabel,
predicate,removed,brothersAnd,
predicate,removed,browseType,
predicate,removed,browsingCenter,
predicate,removed,budget(2007)_,
predicate,removed,budgetexpenditures,
predicate,removed,builT,
predicate,removed,buildingArea,
predicate,removed,buildingHeight,
predicate,removed,buildingPrototypes,
predicate,removed,buildingUsage,
predicate,removed,bumSeasons,
predicate,removed,burialName,
predicate,removed,burried,
predicate,removed,busDispname,
predicate,removed,businessAffairs,
predicate,removed,businessAndLegalAffairs,
predicate,removed,businessAssocites,
predicate,removed,businessInsider,
predicate,removed,businessInsiderN,
predicate,removed,businessOperatingIncome,
predicate,removed,businessUnitHead,
predicate,removed,businsN,
predicate,removed,buuilder,
predicate,removed,bvamsPrincipal,
predicate,removed,bw1a,
predicate,removed,bwfid,
predicate,removed,byDownloadnsave%22%3Edates,
predicate,removed,byKo,
predicate,removed,c&wowUGuysHaveHad2ManyOfTheScreamingPeople.....moreThenOnce...trustMeFindHamiltonSoonountry,
predicate,removed,c.e.,
predicate,removed,c.o.s.a,
predicate,removed,c64Programmer,
predicate,removed,cIndustry,
predicate,removed,cabecera,
predicate,removed,cactiOn,
predicate,removed,cadre,
predicate,removed,cafConfiderationCup2015(2)Nationalyears,
predicate,removed,cafSuperCup,
predicate,removed,caliph,
predicate,removed,calisUrl,
predicate,removed,callLetterMeaning,
predicate,removed,callSignMeaning,
predicate,removed,callsignName,
predicate,removed,calsignMeaning,
predicate,removed,cameos,
predicate,removed,cameraAssistants,
predicate,removed,cameraFormat,
predicate,removed,cameraSetup,
predicate,removed,cameraman,
predicate,removed,campus(junior)_,
predicate,removed,campus(senior)_,
predicate,removed,campusZug,
predicate,removed,campusminister,
predicate,removed,canadianBroadcaster,
predicate,removed,candidate15Change,
predicate,removed,candidate15Party,
predicate,removed,candidate15Percent,
predicate,removed,candidate15Votes,
predicate,removed,candidate16Change,
predicate,removed,candidate16Party,
predicate,removed,candidate16Percent,
predicate,removed,candidate16Votes,
predicate,removed,candidate17Change,
predicate,removed,candidate17Party,
predicate,removed,candidate17Percent,
predicate,removed,candidate17Votes,
predicate,removed,candidateProfile,
predicate,removed,candidateVice,
predicate,removed,cannons,
predicate,removed,cans,
predicate,removed,caos,
predicate,removed,capacityWas,
predicate,removed,capetion,
predicate,removed,capitalElevation,
predicate,removed,capitalExpend6iture,
predicate,removed,capitalExpenditure,
predicate,removed,capitalLocation,
predicate,removed,capitalRegion,
predicate,removed,capiton,
predicate,removed,"caps2(facup,dspcup)_",
predicate,removed,capsyouthyear,
predicate,removed,captSize,
predicate,removed,captihttp,
predicate,removed,captionOfTheCoatOfArms,
predicate,removed,captionWhereNameCameFrom,
predicate,removed,captionlogo,
predicate,removed,capton,
predicate,removed,capítulourl,
predicate,removed,cardiffDistanceKm,
predicate,removed,cardiffDistanceMi,
predicate,removed,careQualityCommissionReports,
predicate,removed,careSystem,
predicate,removed,type,
predicate,removed,careerAchevements,
predicate,removed,careerActive,
predicate,removed,careerDeath,
predicate,removed,careerDuration,
predicate,removed,careerMilestone,
predicate,removed,careerNumbers,
predicate,removed,careerPoints,
predicate,removed,careerrecord,
predicate,removed,careers360(magazine)_,
predicate,removed,caretakerManager,
predicate,removed,cargoMassToLeo,
predicate,removed,cargoMassToMars,
predicate,removed,cargoflight,
predicate,removed,carnegieClassification,
predicate,removed,carte,
predicate,removed,caseworksCurator,
predicate,removed,cashFlow,
predicate,removed,casinoEquipment,
predicate,removed,casp,
predicate,removed,casteByBirth,
predicate,removed,castingProducers,
predicate,removed,castingSupervisor,
predicate,removed,castrationDate,
predicate,removed,castrationPlace,
predicate,removed,casuaties,
predicate,removed,catNo.,
predicate,removed,catOnCover,
predicate,removed,catalogued,
predicate,removed,catchBasin,
predicate,removed,catchmentAreaKm,
predicate,removed,catchmentAreaPopulation,
predicate,removed,catchmentRef,
predicate,removed,catholicPc,
predicate,removed,catholicTuition,
predicate,removed,catlifeid,
predicate,removed,catlogNumber,
predicate,removed,cattion,
predicate,removed,causOfDeath,
predicate,removed,causalities,
predicate,removed,causedByDeath,
predicate,removed,cave,
predicate,removed,cbfc,
predicate,removed,cbichampion,
predicate,removed,cbitourneys,
predicate,removed,cbseAffilationNo.,
predicate,removed,cchiefscout,
predicate,removed,cdab,
predicate,removed,cdtab,
predicate,removed,cdu,
predicate,removed,ceasedOprations,
predicate,removed,ceasedTrading,
predicate,removed,celebratedBy,
predicate,removed,celebrationDate,
predicate,removed,celebrationTitle,
predicate,removed,cell,
predicate,removed,celticName,
predicate,removed,cementedGroundOpened,
predicate,removed,censorCertificate,
predicate,removed,censusDivision,
predicate,removed,censusEstimateYr,
predicate,removed,centennialSong,
predicate,removed,centermanager,
predicate,removed,centralPresident,
predicate,removed,centralSecretaryGeneral,
predicate,removed,centuryBreak,
predicate,removed,ceo&Founder,
predicate,removed,ceo&President,
predicate,removed,ceo&Publisher,
predicate,removed,cerviceyears,
predicate,removed,cflStatus,
predicate,removed,cfldraftteam,
predicate,removed,cflimport,
predicate,removed,cflnew,
predicate,removed,cflrookieyear,
predicate,removed,cflundraftedyear,
predicate,removed,cgcNu,
predicate,removed,cgolor,
predicate,removed,cgv,
predicate,removed,chairman(20142019)_,
predicate,removed,chairmanBoardOfTrustees,
predicate,removed,chairmanMc,
predicate,removed,chairmanOfBoardOfOverseers,
predicate,removed,chairpeople,
predicate,removed,chairpersonStudentMovement,
predicate,removed,chairwomanOfTheSupervisoryBoard,
predicate,removed,challengeProducer,
predicate,removed,champi,
predicate,removed,chandurSarpanch,
predicate,removed,channelAired,
predicate,removed,channelExecProducer,
predicate,removed,channelMembers,
predicate,removed,channelOfOrigin,
predicate,removed,chaos,
predicate,removed,chaplainP,
predicate,removed,chapterCount,
predicate,removed,chapterNumber,
predicate,removed,characterDesigner,
predicate,removed,characterDesigns,
predicate,removed,characterThemes,
predicate,removed,charge(charges)_,
predicate,removed,charge(s)_,
predicate,removed,charingxDistanceMi,
predicate,removed,charityPatron,
predicate,removed,charitySingles,
predicate,removed,charlieGouldingManager,
predicate,removed,charman,
predicate,removed,chartPositionWriter,
predicate,removed,chartion,
predicate,removed,chartnumber,
predicate,removed,chaîne,
predicate,removed,checkOutWhenWillBeAvailableOnUrHandsetLumiaCyanUpdate,
predicate,removed,chefDeCuisine,
predicate,removed,chefEditor,
predicate,removed,chefOwner,
predicate,removed,chefPatron,
predicate,removed,chefSommelier,
predicate,removed,chi,
predicate,removed,chiefAcademicOfficer(interim)_,
predicate,removed,chiefBoardMember,
predicate,removed,chiefDesignEngineer,
predicate,removed,chiefDevelopmentOfficer,
predicate,removed,chiefExecutiveName,
predicate,removed,chiefInnovationOfficer,
predicate,removed,chiefOfTheSupervisoryBoard,
predicate,removed,chiefOperator,
predicate,removed,chiefRevenueOfficer,
predicate,removed,chiefScout,
predicate,removed,chiefScoutOfPakistan,
predicate,removed,chiefSportsEvents,
predicate,removed,chiefTitles,
predicate,removed,chiefcoordinator,
predicate,removed,chiefstaff,
predicate,removed,chiefstaffTitle,
predicate,removed,childName,
predicate,removed,childrean,
predicate,removed,children'sMinister,
predicate,removed,children(1)_,
predicate,removed,children(currently)_,
predicate,removed,childrenSarinaHarrison,
predicate,removed,chiname,
predicate,removed,chirdren,
predicate,removed,chonology,
predicate,removed,choregrapher,
predicate,removed,choreograher,
predicate,removed,chorus,
predicate,removed,chrisAllsop&MichaelCrampLeague,
predicate,removed,christianName&Surname,
predicate,removed,chrnology,
predicate,removed,churchAffiliaion,
predicate,removed,churchDistrict,
predicate,removed,churchSuiiuris,
predicate,removed,ciaranKellyLeague,
predicate,removed,cicilParish,
predicate,removed,cinemaography,
predicate,removed,cinemaphotographer,
predicate,removed,cinematogapher,
predicate,removed,cinematoglaphy,
predicate,removed,cinematogprahy,
predicate,removed,cinematographhy,
predicate,removed,circaEstablishe,
predicate,removed,circulation(english)_,
predicate,removed,circulationmanager,
predicate,removed,cischampion,
predicate,removed,citecheck,
predicate,removed,citenzip,
predicate,removed,citicenships,
predicate,removed,citizenship4Info,
predicate,removed,citizenship4Title,
predicate,removed,area,
predicate,removed,cityDivision,
predicate,removed,cityHallPhoneNumber,
predicate,removed,cityOfBirth,
predicate,removed,cityOfBroadcast,
predicate,removed,cityOfLicence,
predicate,removed,cityOfLicense,
predicate,removed,cityZhàn,
predicate,removed,citymap,
predicate,removed,cityportal,
predicate,removed,civialParish,
predicate,removed,civilParishes,
predicate,removed,civilStatus,
predicate,removed,civiolParish,
predicate,removed,clabs,
predicate,removed,clasqs,
predicate,removed,classActions,
predicate,removed,classGroup,
predicate,removed,classOf,
predicate,removed,classical,
predicate,removed,classisSv,
predicate,removed,classos,
predicate,removed,cld,
predicate,removed,cldbest,
predicate,removed,cldcareer,
predicate,removed,clfstatus,
predicate,removed,closeTheme,
predicate,removed,closedown,
predicate,removed,closetheme,
predicate,removed,closigtheme,
predicate,removed,closingTheme,
predicate,removed,closingtheme,
predicate,removed,closses,
predicate,removed,clostheme,
predicate,removed,clpostion,
predicate,removed,club.,
predicate,removed,club17Goals,
predicate,removed,clubCoach,
predicate,removed,clubRepresenter,
predicate,removed,clubSupervisor,
predicate,removed,clubTeam,
predicate,removed,clubWorldCup,
predicate,removed,clubchampionships,
predicate,removed,athleticTrainer,
predicate,removed,clubls,
predicate,removed,clubteams,
predicate,removed,clubteamss,
predicate,removed,cluns,
predicate,removed,cmup,
predicate,removed,cnumber,
predicate,removed,coAuthor,
predicate,removed,coCreators,
predicate,removed,coExec,
predicate,removed,coExecProducer,
predicate,removed,coExecutive,
predicate,removed,coExecutiveProducers,
predicate,removed,coFoundedBy,
predicate,removed,coFounders&CoCreators,
predicate,removed,coHeadteachers,
predicate,removed,coHostCity,
predicate,removed,coHosts,
predicate,removed,coManager,
predicate,removed,coNarrated,
predicate,removed,coOwned,
predicate,removed,coOwner,
predicate,removed,coPresenter,
predicate,removed,coPresidents,
predicate,removed,coProducedBy,
predicate,removed,coachDirector,
predicate,removed,coachFlag,
predicate,removed,coachTrainer,
predicate,removed,coachYouth,
predicate,removed,coachab,
predicate,removed,coachchamps,
predicate,removed,coached,
predicate,removed,coachesLabel,
predicate,removed,institute,
predicate,removed,coachingQualifications,
predicate,removed,coachingQulaifications,
predicate,removed,coachingTeams,
predicate,removed,coachingdebutteam,
predicate,removed,coachingdebutyear,
predicate,removed,coachsb,
predicate,removed,cochairman,
predicate,removed,cochairwman,
predicate,removed,codefyear,
predicate,removed,codesfornonprofit,
predicate,removed,codeveloper,
predicate,removed,2015Untry,
predicate,removed,coflor,
predicate,removed,cohors,
predicate,removed,coiuntry,
predicate,removed,col8width,
predicate,removed,coliseumName,
predicate,removed,collectionBasin,
predicate,removed,collectionMethod,
predicate,removed,colleg,
predicate,removed,collegeAttendance,
predicate,removed,collegeChair,
predicate,removed,collegeDay,
predicate,removed,collegeLogo,
predicate,removed,collegeOfficer,
predicate,removed,collegePrepEnrollment,
predicate,removed,collegePresident,
predicate,removed,collegehead,
predicate,removed,collegehofid,
predicate,removed,collegeltype,
predicate,removed,collegteam,
predicate,removed,color4hex,
predicate,removed,colorPrecipitationDays,
predicate,removed,colorType,
predicate,removed,colorocode,
predicate,removed,colorrs,
predicate,removed,colourBox,
predicate,removed,colourHtml,
predicate,removed,colous,
predicate,removed,colseed,
predicate,removed,colwidths,
predicate,removed,comandante,
predicate,removed,comapanyName,
predicate,removed,combatArm,
predicate,removed,combatUses,
predicate,removed,combinedStatisticalArea,
predicate,removed,combupyear,
predicate,removed,comeback,
predicate,removed,comingAired,
predicate,removed,commander10Label,
predicate,removed,commander11Label,
predicate,removed,commander8Label,
predicate,removed,commander9Label,
predicate,removed,commemoration,
predicate,removed,commences,
predicate,removed,commendations,
predicate,removed,commentator,
predicate,removed,commercialNames,
predicate,removed,commissionDate,
predicate,removed,commissionerName,
predicate,removed,commissioners,
predicate,removed,commissioningEditors,
predicate,removed,communications,
predicate,removed,communityCollege,
predicate,removed,communityWebsite,
predicate,removed,company(ies)_,
predicate,removed,companyFiorelaSuito,
predicate,removed,companyFounded,
predicate,removed,companyImage,
predicate,removed,companyInfo,
predicate,removed,companyMascot,
predicate,removed,companyNameChinese,
predicate,removed,companyTm,
predicate,removed,competition6winner,
predicate,removed,competitorFor,
predicate,removed,complier,
predicate,removed,complname,
predicate,removed,compny,
predicate,removed,composer%5D_,
predicate,removed,composerAndConductor,
predicate,removed,computerShop,
predicate,removed,comrade,
predicate,removed,conatactNo,
predicate,removed,conceptAndStory,
predicate,removed,concerning,
predicate,removed,concur,
predicate,removed,condense,
predicate,removed,conferecord,
predicate,removed,conferenceFinish,
predicate,removed,conferenceRecord,
predicate,removed,conferenceRunnerUp,
predicate,removed,conferenceTopSeed,
predicate,removed,conferenceTournamentRunnerUp,
predicate,removed,conferenceTourneys,
predicate,removed,confluence,
predicate,removed,confluenceAltitude,
predicate,removed,confluenceLatitude,
predicate,removed,confluenceLocalisation,
predicate,removed,confluenceLocation,
predicate,removed,confluenceLongitude,
predicate,removed,confrence,
predicate,removed,confusing,
predicate,removed,conqueredBy,
predicate,removed,consProducer,
predicate,removed,consituency,
predicate,removed,consolidatedResult,
predicate,removed,const,
predicate,removed,constDesc,
predicate,removed,constMap,
predicate,removed,constiTuencyWestminster,
predicate,removed,constituancyWestminster,
predicate,removed,constituencyKensington,
predicate,removed,constituencyWestminister,
predicate,removed,constituencyWestminste,
predicate,removed,constituentSchools,
predicate,removed,constructionCosts,
predicate,removed,consttheBestOfTheBestFor2002ructionCost,
predicate,removed,consultantBiologist,
predicate,removed,consultantBy,
predicate,removed,consultingProducer,
predicate,removed,contact.,
predicate,removed,contactCentre,
predicate,removed,contactInfo,
predicate,removed,contactInformation,
predicate,removed,contactNumberForShows,
predicate,removed,contactnumber,
predicate,removed,containsOver500ProductsInTheirSeasonalCatalogs.Name,
predicate,removed,contectNumber,
predicate,removed,contectPorson,
predicate,removed,content9style,
predicate,removed,contentProducer,
predicate,removed,contractAwards,
predicate,removed,contractedDefensiveSpecialistCoach,
predicate,removed,contractedMidcourtSpecialistCoach,
predicate,removed,contractenddate,
predicate,removed,contributingEditor,
predicate,removed,contributingWriters,
predicate,removed,controllerOfExamination,
predicate,removed,controllerOfExams,
predicate,removed,controversies,
predicate,removed,convictionDate,
predicate,removed,convictionPenaltay,
predicate,removed,conwestminster,
predicate,removed,coodDisplay,
predicate,removed,coorDisplay,
predicate,removed,coordDiSplay,
predicate,removed,coordinateProducer,
predicate,removed,coordinatesRegio%23redirect%5B%5B%5D%5Dn,
predicate,removed,coordinatesTyple,
predicate,removed,coordinatese,
predicate,removed,coordinatesn,
predicate,removed,coordinatingProducer,
predicate,removed,copiesSold,
predicate,removed,copyrighted,
predicate,removed,copyrights,
predicate,removed,copywrite,
predicate,removed,cordinatesDisplay,
predicate,removed,coreBusinesses,
predicate,removed,corners&SIS,
predicate,removed,corporateHq,
predicate,removed,corporateLocation,
predicate,removed,corporateNames,
predicate,removed,corporateOff.,
predicate,removed,corporationForm,
predicate,removed,correlated,
predicate,removed,cost(itunes)_,
predicate,removed,costCost,
predicate,removed,costOf2012Extension,
predicate,removed,costToBuilt,
predicate,removed,costaCaribeAquaticPark,
predicate,removed,costiumes,
predicate,removed,costumDesineer,
predicate,removed,coty,
predicate,removed,cotyledonsClassis,
predicate,removed,councellor,
predicate,removed,councilors,
predicate,removed,counselingOfficeStaff,
predicate,removed,counta,
predicate,removed,countab,
predicate,removed,countabc,
predicate,removed,countac,
predicate,removed,countb,
predicate,removed,countbc,
predicate,removed,countc,
predicate,removed,countie,
predicate,removed,countryAdminDivisiPitoFjdsnfjidngf,
predicate,removed,countryAffiliations,
predicate,removed,countryCapitalPopulation,
predicate,removed,countryLargestCity(totalLandArea)_,
predicate,removed,countryLargestCityTotalLandArea,
predicate,removed,countryOfArtist,
predicate,removed,countryconstituency,
predicate,removed,countryofdeath,
predicate,removed,countryrepresented,
predicate,removed,countyFootballChampions,
predicate,removed,countyHurlingChampions,
predicate,removed,countySqMi,
predicate,removed,countyname,
predicate,removed,courtLanguages,
predicate,removed,couseOfDeath,
predicate,removed,coverDesigner,
predicate,removed,coverIllustrator,
predicate,removed,coverQuote,
predicate,removed,coverageArea,
predicate,removed,coverageAreas,
predicate,removed,coverageMapCaption,
predicate,removed,coverillustrator,
predicate,removed,cpo,
predicate,removed,cption,
predicate,removed,cpuSpeed,
predicate,removed,cqaption,
predicate,removed,cranl,
predicate,removed,crashPc,
predicate,removed,crator,
predicate,removed,creared,
predicate,removed,creatDirector,
predicate,removed,create,
predicate,removed,createdForTelevisionBy,
predicate,removed,createdIn,
predicate,removed,createor,
predicate,removed,creatingBy,
predicate,removed,creativeConcept,
predicate,removed,creativeConsultants,
predicate,removed,creativeDir,
predicate,removed,creativeDirectorResearch,
predicate,removed,creativeDirectors,
predicate,removed,creativeDirectors&Writers,
predicate,removed,creativeHead,
predicate,removed,creativeManager,
predicate,removed,creativeTeam,
predicate,removed,creator&Producer,
predicate,removed,director,
predicate,removed,writer,
predicate,removed,_,
predicate,removed,creatorOfFlag,
predicate,removed,creerStart,
predicate,removed,crestWidth,
predicate,removed,criação,
predicate,removed,cricos,
predicate,removed,crimeTaskForce,
predicate,removed,criminalCharges,
predicate,removed,criminalConvictions,
predicate,removed,criminalSentence,
predicate,removed,criticWritingThisPage,
predicate,removed,crop,
predicate,removed,crossedBy,
predicate,removed,crotchSizecm,
predicate,removed,crownDependency,
predicate,removed,cruiseLine,
predicate,removed,csa,
predicate,removed,cseat,
predicate,removed,csfd,
predicate,removed,csmLabel,
predicate,removed,csmSighetuMarmaţieiImage,
predicate,removed,csrEP,
predicate,removed,csrG,
predicate,removed,ctDab,
predicate,removed,ctbad,
predicate,removed,ctdat,
predicate,removed,cto,
predicate,removed,curador,
predicate,removed,curatorOfAcademicPrograms,
predicate,removed,curatorOfCollectionsAndEuropean&AmericanArt,
predicate,removed,curatorOfEducation,
predicate,removed,curr.MediaType,
predicate,removed,currSeason,
predicate,removed,currencyNameInLocal,
predicate,removed,currencyType,
predicate,removed,currentBandMembers,
predicate,removed,currentCallsigns,
predicate,removed,currentCatDateRef,
predicate,removed,currentChairmanAndManagingDirector,
predicate,removed,currentCity.,
predicate,removed,currentDestination,
predicate,removed,lipsky)_,
predicate,removed,currentFormat,
predicate,removed,currentFunction,
predicate,removed,currentHeadBoy,
predicate,removed,currentHeadGirl,
predicate,removed,currentJerseyNumber,
predicate,removed,currentJudges,
predicate,removed,currentKnownResidence,
predicate,removed,currentLiving,
predicate,removed,currentModels.comRanking,
predicate,removed,currentNames,
predicate,removed,currentNetwork,
predicate,removed,currentNo.Of,
predicate,removed,currentPermanentMembers,
predicate,removed,currentPretender,
predicate,removed,currentSarpanchTotal,
predicate,removed,currentShow,
predicate,removed,currentStartDate,
predicate,removed,currentStationLogo,
predicate,removed,currentStationManager,
predicate,removed,currentSubFunction,
predicate,removed,currentWinner,
predicate,removed,currentWtopLogo,
predicate,removed,currentclu,
predicate,removed,currentdoublesrankings,
predicate,removed,currentdublesrankings,
predicate,removed,currentlyAired,
predicate,removed,currentlyLivingIn,
predicate,removed,currentproductionoilyear,
predicate,removed,currentranking,
predicate,removed,curricula,
predicate,removed,curriculm,
predicate,removed,curriculumSpecialist,
predicate,removed,custData,
predicate,removed,custLabel,
predicate,removed,custLabelX,
predicate,removed,customerFeedback,
predicate,removed,cvgTg,
predicate,removed,cwins,
predicate,removed,cwsNationalRunnerUp,
predicate,removed,cwur,
predicate,removed,cwurNu,
predicate,removed,cyears8.,
predicate,removed,cylindercounT,
predicate,removed,cânNặng,
predicate,removed,d.Treasurer,
predicate,removed,d.secretaryGeneral,
predicate,removed,dabartinisČempionatas,
predicate,removed,daetOfDeath,
predicate,removed,dailyBeast,
predicate,removed,dailyMean,
predicate,removed,dailyOccupation,
predicate,removed,dallyMMedallist,
predicate,removed,damCurveRadius,
predicate,removed,damPurpose,
predicate,removed,damSire,
predicate,removed,damType,
predicate,removed,danceTeam,
predicate,removed,daneCode,
predicate,removed,dartsUsed,
predicate,removed,daste,
predicate,removed,datOfBirth,
predicate,removed,dataDostępu,
predicate,removed,dataMesorregião,
predicate,removed,dataMicrorregião,
predicate,removed,dataOfBirth,
predicate,removed,datafineTrasmissioneoriginale,
predicate,removed,datasource,
predicate,removed,dateApprehended,
predicate,removed,dateDeMiseÀJour,
predicate,removed,dateDeNaissance,
predicate,removed,dateIfFail,
predicate,removed,"dateO,khLhJkhjHkhFBirth",
predicate,removed,dateOFDeath,
predicate,removed,dateOfAbdication,
predicate,removed,dateOfAward,
predicate,removed,dateOfBiologicalDeath,
predicate,removed,dateOfBir,
predicate,removed,dateOfBirbvjhjugvuygvuygvyviyhth,
predicate,removed,dateOfBirth&nbsp;&nbsp;_,
predicate,removed,dateOfBirth.,
predicate,removed,"dateOfBirth10May1970(aged42)PlaceOfBirthPeasfield,HamshireImage",
predicate,removed,_,
predicate,removed,dateOfBirthDecember,
predicate,removed,dateOfBit,
predicate,removed,dateOfBith,
predicate,removed,dateOfBorth,
predicate,removed,dateOfBrith,
predicate,removed,dateOfCompilation,
predicate,removed,dateOfDeaath,
predicate,removed,dateOfDeath'_,
predicate,removed,dateOfDeath.,
predicate,removed,dateOfDeathChildren,
predicate,removed,"dateOfDeathMarch,_",
predicate,removed,dateOfDeathS,
predicate,removed,dateOfDeaths,
predicate,removed,dateOfDethrone,
predicate,removed,dateOfDisappearance,
predicate,removed,dateOfDisplay,
predicate,removed,dateOfDogbirth,
predicate,removed,dateOfEath,
predicate,removed,dateOfFuneral,
predicate,removed,dateOfPlace,
predicate,removed,dateOfPublication,
predicate,removed,dateOfPublishing,
predicate,removed,dateOfRebirth,
predicate,removed,return2Service,
predicate,removed,dateOfSamaadhi,
predicate,removed,dateOfSamadhiTaken,
predicate,removed,dateOfYear,
predicate,removed,datePremiered,
predicate,removed,dateSentenced,
predicate,removed,dateYofBirth,
predicate,removed,dateo,
predicate,removed,dateofdetah,
predicate,removed,dateouverture,
predicate,removed,datesExcavated,
predicate,removed,datesOfIssue,
predicate,removed,date㠢,
predicate,removed,datiE,
predicate,removed,datingHistory,
predicate,removed,datr,
predicate,removed,dattOfBirth,
predicate,removed,daughterNames,
predicate,removed,daughtersName,
predicate,removed,dauguterInLaw,
predicate,removed,dayName,
predicate,removed,dayOfDeath,
predicate,removed,daysInHouse,
predicate,removed,dbcoach,
predicate,removed,dbfcoach,
predicate,removed,dcsfNumber,
predicate,removed,lbcoach,
predicate,removed,deadDate,
predicate,removed,dealer,
predicate,removed,dean(b.tech)_,
predicate,removed,"dean,MedicalSchool",
predicate,removed,"dean,e&m",
predicate,removed,deanALevels,
predicate,removed,deanIctAndMedia,
predicate,removed,deanOfAdministrativeServices(interim)_,
predicate,removed,deanOfFinancialServices,
predicate,removed,deanOfMen,
predicate,removed,deanOfPastoral,
predicate,removed,deanOfStrategic&EconomicDevelopment,
predicate,removed,deanOfStudentServices,
predicate,removed,deanPlusTwo,
predicate,removed,deathBy,
predicate,removed,deathCaust,
predicate,removed,deathPalce,
predicate,removed,deathStyle,
predicate,removed,deathvdate,
predicate,removed,debateFormat,
predicate,removed,debit,
predicate,removed,debut(firstMovie)_,
predicate,removed,debut1date,
predicate,removed,debut1league,
predicate,removed,debut1team,
predicate,removed,debut1year,
predicate,removed,debutGuests,
predicate,removed,debutcoachingteam,
predicate,removed,debutcoachingyear,
predicate,removed,debuteam,
predicate,removed,debutseason,
predicate,removed,debutyea,
predicate,removed,decAveragePrecipitationMm,
predicate,removed,decAvgF,
predicate,removed,decMaxC,
predicate,removed,decMaxWindSpeed,
predicate,removed,decMinC,
predicate,removed,decPrecipitationDays(%3E_,
predicate,removed,decRecordHighMinimumC,
predicate,removed,decRecordLowMaximumC,
predicate,removed,decSnowfallInch,
predicate,removed,decSunshineHours,
predicate,removed,decWind,
predicate,removed,deceasedParents,
predicate,removed,decommissionedRef,
predicate,removed,decor,
predicate,removed,decription,
predicate,removed,decryption,
predicate,removed,dedicatedto,
predicate,removed,defaultcolor,
predicate,removed,defendingPremiers,
predicate,removed,defensiveBacksCoach,
predicate,removed,defensiveCoach,
predicate,removed,defensiveLineCoach,
predicate,removed,defensivePoy,
predicate,removed,deficatedMember,
predicate,removed,defplayerofgame,
predicate,removed,defrepresentative,
predicate,removed,defuct,
predicate,removed,deg,
predicate,removed,degreeIn,
predicate,removed,deliveryCenter,
predicate,removed,demoAlbums,
predicate,removed,demograhpicsType,
predicate,removed,demographic1Title,
predicate,removed,demographics1Type,
predicate,removed,demographics2Type,
predicate,removed,demolitionCompany,
predicate,removed,densityAsOf,
predicate,removed,deny,
predicate,removed,deorbitDate,
predicate,removed,dep.Principal,
predicate,removed,departmentRepresenative,
predicate,removed,depauty,
predicate,removed,dependenceLiability,
predicate,removed,dependents,
predicate,removed,deport,
predicate,removed,depot(s)_,
predicate,removed,s,
predicate,removed,depthM,
predicate,removed,deput,
predicate,removed,deputyChiefSecretary,
predicate,removed,deputyConvener,
predicate,removed,deputyLeaders,
predicate,removed,deputyMaster,
predicate,removed,deputyStationManager,
predicate,removed,deputyminister7Name,
predicate,removed,deregistered,
predicate,removed,deriavtives,
predicate,removed,derrumbe,
predicate,removed,describtion,
predicate,removed,graphics,
predicate,removed,designAssistant,
predicate,removed,designCompany,
predicate,removed,designDirector,
predicate,removed,designName,
predicate,removed,designaedNrhpType,
predicate,removed,designateNrhpType,
predicate,removed,designatedNhd,
predicate,removed,designatedNhl,
predicate,removed,designatedNhld,
predicate,removed,designatedNrhpStub,
predicate,removed,designatedNrhpTpe,
predicate,removed,designatedOther1Abbreviation,
predicate,removed,designatedOther1Offname,
predicate,removed,designatedOther1Position,
predicate,removed,designatedOther1Refnum,
predicate,removed,designatedOther1housNumber,
predicate,removed,designationNrhpType,
predicate,removed,detected,
predicate,removed,dethroned,
predicate,removed,deticatedTo,
predicate,removed,devCenters,
predicate,removed,Production,
predicate,removed,holdingCompany,
predicate,removed,developmentOfficers,
predicate,removed,develpoer,
predicate,removed,deweyDecimal,
predicate,removed,dewy,
predicate,removed,dextroamphetamine,
predicate,removed,dfb,
predicate,removed,di,
predicate,removed,di&Lab,
predicate,removed,dialectGroup,
predicate,removed,dialogueDirector,
predicate,removed,diaolgueWriter,
predicate,removed,dickSize,
predicate,removed,dickSpan,
predicate,removed,didNotTakePart,
predicate,removed,died.,
predicate,removed,diedWith,
predicate,removed,differentTitle,
predicate,removed,digital+Affiliations,
predicate,removed,digitalCable,
predicate,removed,digitalEditions&Apps,
predicate,removed,digitalTemporary,
predicate,removed,dilouges,
predicate,removed,diposition,
predicate,removed,dir%23_,
predicate,removed,dirFoot,
predicate,removed,directedAnd,
predicate,removed,directo,
predicate,removed,director(p&T)_,
predicate,removed,director(s)_,
predicate,removed,"director,ScreenPlayWriter",
predicate,removed,Producer,
predicate,removed,producer,
predicate,removed,directorAndChiefExecutive,
predicate,removed,directorInCharge,
predicate,removed,directorOfDevelopmentLeagueOperations,
predicate,removed,directorOfEa,
predicate,removed,directorOfPhotoraphy,
predicate,removed,directorOfSecondaryPrograms,
predicate,removed,directorOfSixthForm,
predicate,removed,directorOfSpecialServices,
predicate,removed,directorOfWomen'sAndGirls'Football,
predicate,removed,directorsAssistant,
predicate,removed,directorsOfPhotography,
predicate,removed,directorsOfScoutingEvaluation,
predicate,removed,directory,
predicate,removed,dirthplace,
predicate,removed,disapDate,
predicate,removed,disastablished,
predicate,removed,disbursement,
predicate,removed,dischargeAverageImperial,
predicate,removed,s,
predicate,removed,dischargeImperial,
predicate,removed,dischargeKm,
predicate,removed,s,
predicate,removed,dischargeMaxImperial,
predicate,removed,dischargeMaxImperialNote,
predicate,removed,dischargeMinImperial,
predicate,removed,dischargeMinImperialNote,
predicate,removed,s,
predicate,removed,s,
predicate,removed,discounted,
predicate,removed,disneyCruiseLinecompanyType,
predicate,removed,displayAuthors,
predicate,removed,displayLocation,
predicate,removed,dispositon,
predicate,removed,disputedGrouping,
predicate,removed,disributor,
predicate,removed,dissovled,
predicate,removed,distDetails,
predicate,removed,distanceFromLondon,
predicate,removed,distanceOfDistrict,
predicate,removed,distrbutor,
predicate,removed,distribuitor,
predicate,removed,distributorAllRights,
predicate,removed,districT,
predicate,removed,district2.,
predicate,removed,districtArea,
predicate,removed,districtControl,
predicate,removed,districtHq,
predicate,removed,districtIso,
predicate,removed,districtLogo,
predicate,removed,districtMlas,
predicate,removed,districtMps,
predicate,removed,districtOfColumbia,
predicate,removed,districtOfficePhone,
predicate,removed,districtOns,
predicate,removed,districtTrainingOff,
predicate,removed,distubutor,
predicate,removed,div2Champs,
predicate,removed,divisionChampion,
predicate,removed,divisionRanks,
predicate,removed,diviso,
predicate,removed,divorce,
predicate,removed,divorceInProcess,
predicate,removed,divorced,
predicate,removed,dixieclassictournament,
predicate,removed,dj's,
predicate,removed,djMixes,
predicate,removed,djStyle,
predicate,removed,dlcoach,
predicate,removed,dnb,
predicate,removed,dnckkdsmfmfkdkddmfkk,
predicate,removed,dobaBehu,
predicate,removed,docen,
predicate,removed,dockingsIss,
predicate,removed,dockingsMir,
predicate,removed,documentaryProducer,
predicate,removed,"domapwls,s,,sin",
predicate,removed,domesticStudents,
predicate,removed,dominium,
predicate,removed,domonym,
predicate,removed,donations,
predicate,removed,doublesresults,
predicate,removed,douglasDistance,
predicate,removed,doulesrecord,
predicate,removed,doundation,
predicate,removed,doğumYeri,
predicate,removed,dprmitories,
predicate,removed,dpw,
predicate,removed,dra,
predicate,removed,draft2Pick,
predicate,removed,draft2Round,
predicate,removed,draft2Team,
predicate,removed,draft2Year,
predicate,removed,draftYears,
predicate,removed,drafteam,
predicate,removed,draftedRound,
predicate,removed,draftedYear,
predicate,removed,draftpipiek,
predicate,removed,drainsto,
predicate,removed,drakeBack2back,
predicate,removed,dramaShootingScene,
predicate,removed,dresSize,
predicate,removed,drivetype,
predicate,removed,dubbedIn,
predicate,removed,dubbingDirection,
predicate,removed,dubbingMixer,
predicate,removed,dublinDistanceMi,
predicate,removed,duplicateTeam,
predicate,removed,durée,
predicate,removed,dux,
predicate,removed,dvd&BluRayReleaseDate,
predicate,removed,dvd&vhs,
predicate,removed,bdRelease,
predicate,removed,dvdDistributor,
predicate,removed,dvdFormat,
predicate,removed,dvdReleaseDate,
predicate,removed,dvdReleaseDates,
predicate,removed,dvision,
predicate,removed,"dwayneJoyce,CanadianSalesOwner",
predicate,removed,dwellings,
predicate,removed,dy,
predicate,removed,dype,
predicate,removed,débit,
predicate,removed,débitLieu,
predicate,removed,départment,
predicate,removed,sup%3E_,
predicate,removed,eMailId,
predicate,removed,ea,
predicate,removed,ean,
predicate,removed,earlyKingOf,
predicate,removed,earlyWork,
predicate,removed,earlyYears,
predicate,removed,earlyclubs,
predicate,removed,earlyyears,
predicate,removed,earningsAfterTaxes,
predicate,removed,eastCoordinator,
predicate,removed,ebChamps,
predicate,removed,ebLoss,
predicate,removed,ebban,
predicate,removed,ebbaw,
predicate,removed,ebook,
predicate,removed,ebsite,
predicate,removed,ec,
predicate,removed,ecoutonsNousClass,
predicate,removed,ecpodiums,
predicate,removed,ecseasons,
predicate,removed,ecwins,
predicate,removed,edad,
predicate,removed,edinburghDistance,
predicate,removed,edinburghDistanceKm,
predicate,removed,edinburghDistanceMi,
predicate,removed,edior,
predicate,removed,editer,
predicate,removed,editor.,
predicate,removed,editorInChief(2013)_,
predicate,removed,editora,
predicate,removed,editore,
predicate,removed,editorialPosition,
predicate,removed,editorialStance,
predicate,removed,edição,
predicate,removed,educación,
predicate,removed,education.,
predicate,removed,educationLife,
predicate,removed,"educationTexasMilitaryInstitute,SanAntonio,Texas,NowTmiEpiscopalSchoolOfTexas,UnitedStatesNavalAcademy,_",
predicate,removed,educationalAdvisor,
predicate,removed,educationalMilestone,
predicate,removed,eduvation,
predicate,removed,eeksSeniorServicesCoordinator,
predicate,removed,effeciveRadiatedPower,
predicate,removed,ego,
predicate,removed,egoLevel,
predicate,removed,egyptianCounterpart,
predicate,removed,eibsn,
predicate,removed,eic,
predicate,removed,eindPeriode,
predicate,removed,einwohner,
predicate,removed,eirp,
predicate,removed,eisbn,
predicate,removed,eisn,
predicate,removed,"elPaso,TexasKeyPeople",
predicate,removed,eldestSonAndMasterOfTheWorld,
predicate,removed,election%23_,
predicate,removed,electionType,
predicate,removed,elementaryHomepage,
predicate,removed,elementaryPrinciple,
predicate,removed,elementarySchoolVicePrincipal,
predicate,removed,elev,
predicate,removed,elevatedPart,
predicate,removed,elevationDifference,
predicate,removed,elevationFtAttopoftown,
predicate,removed,elevationmax,
predicate,removed,elevyationF,
predicate,removed,eliHolzman,
predicate,removed,emblemFounder,
predicate,removed,emeaHo,
predicate,removed,emissary,
predicate,removed,emissionsFromOtherChains,
predicate,removed,employeeOfTheMonth,
predicate,removed,enNetwork,
predicate,removed,enactmentYear,
predicate,removed,endOperation,
predicate,removed,endTerm,
predicate,removed,endTheme,
predicate,removed,endereço,
predicate,removed,endglishPubDate,
predicate,removed,endheme,
predicate,removed,enditheme,
predicate,removed,endowment(mvcFoundation)_,
predicate,removed,endowmentLabel,
predicate,removed,endowmentPerYear,
predicate,removed,engReleaseDate,
predicate,removed,engTitle,
predicate,removed,engineCycle,
predicate,removed,engineerMixer,
predicate,removed,engineeringEffects,
predicate,removed,engineeringHq,
predicate,removed,englishMagazine,
predicate,removed,englishNetwork,
predicate,removed,englishPubDateTranslation,
predicate,removed,englishPublicationDate,
predicate,removed,englishSingles,
predicate,removed,englishSubtitles,
predicate,removed,englishTranslator,
predicate,removed,englishVoices,
predicate,removed,englishactor,
predicate,removed,engname,
predicate,removed,engthNotes,
predicate,removed,engvoiceby,
predicate,removed,enlarged,
predicate,removed,enollment,
predicate,removed,enployees,
predicate,removed,enrollementAsOf,
predicate,removed,enrollmenAsOf,
predicate,removed,enterprise,
predicate,removed,entertaiment,
predicate,removed,entirename,
predicate,removed,entirenamerom,
predicate,removed,envelopeEngineer,
predicate,removed,enwdtheme,
predicate,removed,eolid,
predicate,removed,episides,
predicate,removed,episodeLength,
predicate,removed,episodenumbr,
predicate,removed,eponymName,
predicate,removed,eponymousSkills,
predicate,removed,eptFinal,
predicate,removed,eptMoney,
predicate,removed,eptTitle,
predicate,removed,equipmentmanager,
predicate,removed,equityCapital,
predicate,removed,equityDate,
predicate,removed,eras,
predicate,removed,ericWolf,
predicate,removed,escalatorno,
predicate,removed,escalatorsno,
predicate,removed,escape,
predicate,removed,escritor,
predicate,removed,esculatorno,
predicate,removed,esi,
predicate,removed,especialties,
predicate,removed,especie,
predicate,removed,estabilished,
predicate,removed,establishTitle,
predicate,removed,establishedFundingtype,
predicate,removed,establishedGdp,
predicate,removed,establishedj,
predicate,removed,establishmentYear,
predicate,removed,estatement,
predicate,removed,estil,
predicate,removed,estimatedConstruction,
predicate,removed,estimatedPopulation,
predicate,removed,estimatedRevenue,
predicate,removed,eta%60pa,
predicate,removed,origin,
predicate,removed,Race,
predicate,removed,religion,
predicate,removed,etiquetaComandante,
predicate,removed,eurobest,
predicate,removed,eurocareer,
predicate,removed,eurovisionEntries,
predicate,removed,evening,
predicate,removed,event5label,
predicate,removed,eventCoordinator,
predicate,removed,eventDirector,
predicate,removed,eventNames,
predicate,removed,eventStyle,
predicate,removed,events(8)_,
predicate,removed,evolvesFrom,
predicate,removed,evolvesTo,
predicate,removed,evolvesinto,
predicate,removed,evpForTvEntertainment,
predicate,removed,exAlumni,
predicate,removed,exMember(s)_,
predicate,removed,exchange,
predicate,removed,excutiveProducer,
predicate,removed,exec,
predicate,removed,exec.producer,
predicate,removed,execLabel,
predicate,removed,execStoryEditor,
predicate,removed,executiveCareer,
predicate,removed,executiveConsultant,
predicate,removed,executiveDesigner,
predicate,removed,executiveForA&e,
predicate,removed,executiveInChargeOfProduction,
predicate,removed,executiveInChargeOfSeries,
predicate,removed,executiveMusicProducer,
predicate,removed,executiveProduce,
predicate,removed,executiveProduceer,
predicate,removed,executiveProduer,
predicate,removed,executiveStoryEditor,
predicate,removed,executiveViceDean,
predicate,removed,executiveproducer(s)_,
predicate,removed,executuveProducer,
predicate,removed,exhibitionMode,
predicate,removed,exitnames,
predicate,removed,exitno,
predicate,removed,expectedRelease,
predicate,removed,expendableEnergy,
predicate,removed,expired,
predicate,removed,expositionArea,
predicate,removed,exsecutiveProducer,
predicate,removed,extendedPlayLink,
predicate,removed,extentHa,
predicate,removed,extentRef,
predicate,removed,externalVicePresident,
predicate,removed,extra1.,
predicate,removed,extra2Column,
predicate,removed,extraImageSize,
predicate,removed,extraTitle,
predicate,removed,fabric,
predicate,removed,faceBookPage,
predicate,removed,twitter,
predicate,removed,facebookPlaces,
predicate,removed,facebookWebsite,
predicate,removed,fachgebiete,
predicate,removed,facilityIdNumber,
predicate,removed,faculty(fte)_,
predicate,removed,facultyAdviser,
predicate,removed,fahrleistung,
predicate,removed,fahther,
predicate,removed,failedSiegeOnCityCombatant,
predicate,removed,faks,
predicate,removed,famalia,
predicate,removed,famili,
predicate,removed,familiaAuthoryity,
predicate,removed,familiab,
predicate,removed,familiar,
predicate,removed,familiea,
predicate,removed,famille,
predicate,removed,familyInLaws,
predicate,removed,famniliaAuthority,
predicate,removed,famous,
predicate,removed,famousBook,
predicate,removed,famousCompetitors,
predicate,removed,famousPalace,
predicate,removed,famousPerson,
predicate,removed,fanClubAlbum,
predicate,removed,fansgroup,
predicate,removed,fantasyTaskForce,
predicate,removed,fanti,
predicate,removed,farmLandKm,
predicate,removed,farmers,
predicate,removed,fastpass,
predicate,removed,fatalitiesmmm,
predicate,removed,fathe,
predicate,removed,fatherDeath,
predicate,removed,favoredWeapon,
predicate,removed,favoriteActor,
predicate,removed,favoriteDance,
predicate,removed,favoriteMusicians,
predicate,removed,favoritePlayers,
predicate,removed,favoriteShow,
predicate,removed,favoriteSinger,
predicate,removed,favoriteT.vSeries,
predicate,removed,faxLabel,
predicate,removed,faxNumber,
predicate,removed,faxText,
predicate,removed,faxnumber,
predicate,removed,fcTskhinvaliClubname,
predicate,removed,featureCharacter,
predicate,removed,featuredOn,
predicate,removed,featureschief,
predicate,removed,featuringArtist,
predicate,removed,febAveragePrecipitationMm,
predicate,removed,febAvgF,
predicate,removed,febMaxC,
predicate,removed,febMaxWindSpeed,
predicate,removed,febMinC,
predicate,removed,febPrecipitationDays(%3E_,
predicate,removed,febRecordHighMinimumC,
predicate,removed,febRecordLowMaximumC,
predicate,removed,febSnowfallInch,
predicate,removed,febSunshineHours,
predicate,removed,febWind,
predicate,removed,fechaacceso,
predicate,removed,fedCupApps,
predicate,removed,fedCupBest,
predicate,removed,fedCupFirst,
predicate,removed,federalMp,
predicate,removed,fegov,
predicate,removed,felonies,
predicate,removed,femaleMaleRatio,
predicate,removed,fercNumber,
predicate,removed,ferryRange,
predicate,removed,feuColors,
predicate,removed,feuEacColors,
predicate,removed,fev,
predicate,removed,ffo,
predicate,removed,fianldate,
predicate,removed,fianlyear,
predicate,removed,fidedignaImage,
predicate,removed,fidedignaReligiousAffiliation,
predicate,removed,fidelity,
predicate,removed,field(s)_,
predicate,removed,fieldHockeyStadium,
predicate,removed,fieldProducers,
predicate,removed,fieldsInstituteForResearchInMathematicalSciences,
predicate,removed,fieldsOfIndustry,
predicate,removed,fightChoreography,
predicate,removed,fightlittlebabesong,
predicate,removed,fiinaldate,
predicate,removed,filedgoals,
predicate,removed,fileds,
predicate,removed,filmAdaption,
predicate,removed,filmCompany,
predicate,removed,filmGauge,
predicate,removed,filmLocation(s)_,
predicate,removed,filmVersion,
predicate,removed,filmaffinity,
predicate,removed,filmwebNr,
predicate,removed,finalAirDate,
predicate,removed,finalAired,
predicate,removed,finalIssue,
predicate,removed,finalLineUp,
predicate,removed,finalMembers,
predicate,removed,finalThree,
predicate,removed,finalWins,
predicate,removed,finalcoachingteam,
predicate,removed,finalcoachingyear,
predicate,removed,finalproteam,
predicate,removed,finaltdate,
predicate,removed,finaltyear,
predicate,removed,finalyearAsPro,
predicate,removed,financialAgent,
predicate,removed,financialBacking,
predicate,removed,fineArtRepresentation,
predicate,removed,finishingTouch,
predicate,removed,finlayear,
predicate,removed,fiprStaff,
predicate,removed,fips55PlaceCode,
predicate,removed,fireCountry,
predicate,removed,firmName,
predicate,removed,first(supervisingSurgeon)_,
predicate,removed,last,
predicate,removed,first20ityear,
predicate,removed,firstAire,
predicate,removed,firstAppearance.,
predicate,removed,firstAutherOfSeries,
predicate,removed,firstAwardee(s)_,
predicate,removed,firstBuschStart,
predicate,removed,firstCampus,
predicate,removed,firstCousinOf,
predicate,removed,firstCreator,
predicate,removed,firstEmissión,
predicate,removed,firstEn,
predicate,removed,firstFilmSong,
predicate,removed,firstGirlfriend,
predicate,removed,firstHusband,
predicate,removed,firstIssuedOn,
predicate,removed,firstLaunched,
predicate,removed,firstLocation,
predicate,removed,firstOnAir,
predicate,removed,firstPerformance,
predicate,removed,firstPoints,
predicate,removed,firstPremiered,
predicate,removed,firstPrincipal&Founder,
predicate,removed,firstProduct,
predicate,removed,firstRace4Time,
predicate,removed,firstRecordedExploration,
predicate,removed,firstResult,
predicate,removed,firstRsl,
predicate,removed,firstShow,
predicate,removed,firstTie,
predicate,removed,firstVicePresidentialCandidate,
predicate,removed,firstYearOfSchool,
predicate,removed,firstanime,
predicate,removed,firstiplaway,
predicate,removed,firstipldate,
predicate,removed,firstiplhome,
predicate,removed,firstiplyear,
predicate,removed,firstorbited,
predicate,removed,firsttrav,
predicate,removed,firstukairdate,
predicate,removed,firstvicepresident,
predicate,removed,first®FrcTeam,
predicate,removed,fiscalYear,
predicate,removed,fishingEditor,
predicate,removed,fishingHarbour,
predicate,removed,fistribution,
predicate,removed,fixedAssets,
predicate,removed,flagText,
predicate,removed,flagshipCampus,
predicate,removed,flagvar,
predicate,removed,flatAlt,
predicate,removed,flatRides,
predicate,removed,fleetNumbers,
predicate,removed,flgagS,
predicate,removed,flightNumber,
predicate,removed,floorDirector,
predicate,removed,floorHeight,
predicate,removed,floorManager,
predicate,removed,floorManger,
predicate,removed,flybyDate,
predicate,removed,flybyOf,
predicate,removed,fnagraphs,
predicate,removed,focalPlane,
predicate,removed,fohAssistant,
predicate,removed,fohOperator,
predicate,removed,followedBookFollowedBy,
predicate,removed,followedByTheSeries,
predicate,removed,follower,
predicate,removed,fomercoach,
predicate,removed,fommerNames,
predicate,removed,fool,
predicate,removed,footInfo,
predicate,removed,forbesArtHistory,
predicate,removed,forbesBus,
predicate,removed,forbesContemporaryArt,
predicate,removed,forbesDentistry,
predicate,removed,forbesEconomics,
predicate,removed,forbesEngineering,
predicate,removed,forbesFinance,
predicate,removed,forbesGeoscience,
predicate,removed,forbesHealthcare,
predicate,removed,forbesMba,
predicate,removed,forbesMusic,
predicate,removed,forbesReg,
predicate,removed,forceItalic,
predicate,removed,foreignmame,
predicate,removed,foreward,
predicate,removed,foreword,
predicate,removed,forewordBy,
predicate,removed,forks,
predicate,removed,formExibição,
predicate,removed,format'''''_,
predicate,removed,format(s)_,
predicate,removed,formatCreatedBy,
predicate,removed,formatn,
predicate,removed,formattedAsHeading,
predicate,removed,formerBranding,
predicate,removed,formerCallSign(s)_,
predicate,removed,formerCallSigns,
predicate,removed,formerCalls,
predicate,removed,formerCallsign,
predicate,removed,formerCallsignsWian(19541988)Owner,
predicate,removed,formerCalsign,
predicate,removed,formerCast,
predicate,removed,formerChannel,
predicate,removed,formerChannelNos,
predicate,removed,formerChannelNumber,
predicate,removed,formerChannelNumbers,
predicate,removed,formerChs,
predicate,removed,formerCities,
predicate,removed,formerCoach,
predicate,removed,formerCompanyType,
predicate,removed,formerDivisions,
predicate,removed,formerFormat,
predicate,removed,formerFrequency,
predicate,removed,formerFrequncy,
predicate,removed,formerGround(s)_,
predicate,removed,formerJudge,
predicate,removed,formerJudges,
predicate,removed,formerLabel,
predicate,removed,formerLocations,
predicate,removed,formerMinorLeagueAffiliates,
predicate,removed,formerNaam,
predicate,removed,formerNetworks,
predicate,removed,formerNickname,
predicate,removed,formerPanelist,
predicate,removed,formerParters,
predicate,removed,formerPresenter,
predicate,removed,formerSisterStations,
predicate,removed,formerchoreographers,
predicate,removed,formerincumbent,
predicate,removed,formerlyStared,
predicate,removed,formernumber,
predicate,removed,s,
predicate,removed,formerposition,
predicate,removed,formerteam,
predicate,removed,formertraininglcoations,
predicate,removed,formofgovernment,
predicate,removed,foroEnKosovo,
predicate,removed,fort,
predicate,removed,fortuna,
predicate,removed,forwardsCoach,
predicate,removed,fosb,
predicate,removed,foscilRange,
predicate,removed,fosillRange,
predicate,removed,fossilrange,
predicate,removed,foubded,
predicate,removed,foundatiion,
predicate,removed,foundationAndBy,
predicate,removed,foundationLocation,
predicate,removed,foundationWebsite,
predicate,removed,founddation,
predicate,removed,foundedSince,
predicate,removed,foundeed,
predicate,removed,founder&CeoTitle,
predicate,removed,founder&ManagingDirector,
predicate,removed,founder&Publisher,
predicate,removed,founder's,
predicate,removed,president,
predicate,removed,founderLeader,
predicate,removed,founderOfTheClub,
predicate,removed,founderYoutube,
predicate,removed,founndation,
predicate,removed,foverningBody,
predicate,removed,foxSports1Events,
predicate,removed,foxSports2Events,
predicate,removed,frCadastreAreaKm,
predicate,removed,frCadastreAreaMagnitude,
predicate,removed,frCadastreAreaRank,
predicate,removed,frCadastreAreaSqMi,
predicate,removed,frIgnAreaKm,
predicate,removed,frIgnAreaMagnitude,
predicate,removed,frIgnAreaRank,
predicate,removed,frIgnAreaSqMi,
predicate,removed,frMetropole,
predicate,removed,frMetropolePopulation,
predicate,removed,frMetropolePopulationEstimateRank,
predicate,removed,frStreckennr,
predicate,removed,frTotalPopulationEstimateRank,
predicate,removed,framesize,
predicate,removed,frameworkprogramme,
predicate,removed,franchiseHolderNationalDirector,
predicate,removed,franchiseHolderTitle,
predicate,removed,freeAlbums,
predicate,removed,freeLabele,
predicate,removed,freeLable,
predicate,removed,freeNickname,
predicate,removed,freedomFightersPopulationTotal,
predicate,removed,freetext,
predicate,removed,frenchopendoublesjuniorrresult,
predicate,removed,frenchopenjuniordoublesjuniorresult,
predicate,removed,frequencey,
predicate,removed,frequencies,
predicate,removed,freshmanOnTrack,
predicate,removed,fromMixtape,
predicate,removed,fromMovie,
predicate,removed,fromTheFunction,
predicate,removed,froshcoach,
predicate,removed,frozen,
predicate,removed,frozenFourcount,
predicate,removed,frquency,
predicate,removed,fréquence,
predicate,removed,fsacilityId,
predicate,removed,fscMotto,
predicate,removed,fspi,
predicate,removed,fsted,
predicate,removed,ft.Songs,
predicate,removed,ftPostgrad,
predicate,removed,ftUndergrad,
predicate,removed,fuelCapacityCarKm,
predicate,removed,fuelCapacityCarMi,
predicate,removed,fuelCapacityOlaneMi,
predicate,removed,fuelCapacityPlaneKm,
predicate,removed,fuelEfficiency,
predicate,removed,fueltye,
predicate,removed,fullGamertag,
predicate,removed,fullNames,
predicate,removed,fullTimeStaff,
predicate,removed,fulllName,
predicate,removed,fullmame,
predicate,removed,fullnam,
predicate,removed,fullnamE,
predicate,removed,fundingagency,
predicate,removed,fundraising,
predicate,removed,furtherEducation,
predicate,removed,fusoHor,
predicate,removed,futureTitle,
predicate,removed,futurecapacity,
predicate,removed,futuregame,
predicate,removed,fxhomeHomepage,
predicate,removed,g.m.,
predicate,removed,gEnre,
predicate,removed,gaapNetIncome,
predicate,removed,gagliardiWinners,
predicate,removed,gameNickname,
predicate,removed,gameproSmd,
predicate,removed,gamesEditor,
predicate,removed,gamma,
predicate,removed,ganderDayDate,
predicate,removed,gangAffiliaton,
predicate,removed,ganre,
predicate,removed,gasChambers,
predicate,removed,gawlerline,
predicate,removed,gbifid,
predicate,removed,gdbif,
predicate,removed,gdpPercent,
predicate,removed,gdpRealCommandBasis,
predicate,removed,gdpRealCommandBasisPerCapita,
predicate,removed,gdpRealCommandBasisYear,
predicate,removed,geboorteplaats,
predicate,removed,geburtsort,
predicate,removed,gedelegeerdBestuurder,
predicate,removed,geminiaward,
predicate,removed,gemusAuthority,
predicate,removed,gen.Secretary,
predicate,removed,genderOfStudents,
predicate,removed,genderRatio(malesPer100Females)_,
predicate,removed,geneatlasImage,
predicate,removed,genera,
predicate,removed,generaAuthority,
predicate,removed,generalManager&Coach,
predicate,removed,generalOfParty,
predicate,removed,generalProducer,
predicate,removed,generalProduction,
predicate,removed,generalSalesManager,
predicate,removed,generationUnits,
predicate,removed,generations,
predicate,removed,genero,
predicate,removed,genesis11–_,
predicate,removed,genisAuthority,
predicate,removed,genius,
predicate,removed,genr,
predicate,removed,genreAvantGardeMetal,
predicate,removed,genress,
predicate,removed,genrezz,
predicate,removed,gentr,
predicate,removed,gentílico,
predicate,removed,genus+authority,
predicate,removed,genusAuthoriy,
predicate,removed,genusAutoritate,
predicate,removed,genusBinomial,
predicate,removed,genusDescriber,
predicate,removed,genusName,
predicate,removed,genusTurek,
predicate,removed,genusauthority,
predicate,removed,genuses,
predicate,removed,germanPubDate,
predicate,removed,germanproresult,
predicate,removed,germinationRate,
predicate,removed,gf1Score,
predicate,removed,ggCupFirst,
predicate,removed,giniinequality,
predicate,removed,wife,
predicate,removed,girlfriends,
predicate,removed,givenBy,
predicate,removed,glenelgline,
predicate,removed,global%3F_,
predicate,removed,globalId,
predicate,removed,glucoseFermentation,
predicate,removed,gmasterPc,
predicate,removed,gmatScore,
predicate,removed,gnb,
predicate,removed,gnwtvLegal,
predicate,removed,goaals,
predicate,removed,goals14.,
predicate,removed,"goals2(facup,dspcup)_",
predicate,removed,goals8correctedPreviousEdit,
predicate,removed,goalsyouthyear,
predicate,removed,godina,
predicate,removed,gokak'sIcon,
predicate,removed,black(hs)Homepage,
predicate,removed,goldenglobes,
predicate,removed,golfSeason,
predicate,removed,"gombrich%22iHopeItIsNotTooFarfetchedToSuggestThatThisMayHaveContributedToAnImportantDevelopmentInTheMahayanaThatItCameToSeparateNirvanaFromBodhi,‘awakening’ToTheTruth,Enlightenment,AndToPutALowerValueOnTheFormer(gombrich,1992d).OriginallyNirvanaAndBodhiReferToTheSameThing;TheyMerelyUseDifferentMetaphorsForTheExperience.ButTheMahayanaTraditionSeparatedThemAndConsideredThatNirvanaReferredOnlyToTheExtinctionOfCraving(%3Cnowiki%3E_",
predicate,removed,gomtiRivarStartinPlaca,
predicate,removed,"goodForYourPocket,GoodForThePlanet.Foundation",
predicate,removed,googleLocation,
predicate,removed,googleMap,
predicate,removed,gotRektBy,
predicate,removed,goveningBody,
predicate,removed,governIngBody,
predicate,removed,governedBy,
predicate,removed,governingBOdy,
predicate,removed,governingBod,
predicate,removed,governmentElevation,
predicate,removed,governmentElevationImperial,
predicate,removed,governmentMp,
predicate,removed,governmentalization,
predicate,removed,governmingBody,
predicate,removed,governorOfCentralBankOfNigeria,
predicate,removed,govrningBody,
predicate,removed,gpbest,
predicate,removed,gpcareer,
predicate,removed,gqn,
predicate,removed,gqw,
predicate,removed,gradeRange,
predicate,removed,gradesClass,
predicate,removed,graduationFee,
predicate,removed,graduationRate(2014)_,
predicate,removed,gramReaction,
predicate,removed,grandImam,
predicate,removed,grandMother,
predicate,removed,grandPrixName,
predicate,removed,grandSire,
predicate,removed,grandaughters,
predicate,removed,grandchildre,
predicate,removed,grandslamdoublesresult,
predicate,removed,grandslamdoublesresults,
predicate,removed,grandslamdoublesreuslt,
predicate,removed,grandslamsinglesresult,
predicate,removed,grandslamsinglesresults,
predicate,removed,grandslamsmixeddoublesresults,
predicate,removed,grandslamsmixedresults,
predicate,removed,grandslamsresults,
predicate,removed,grandslamssinglesresults,
predicate,removed,grandslamtitles,
predicate,removed,grangeline,
predicate,removed,gransparentAuthority,
predicate,removed,grantOfArms,
predicate,removed,grantsReceivable,
predicate,removed,graphic,
predicate,removed,graphicsOperator,
predicate,removed,greatGranddaughters,
predicate,removed,greatPeople,
predicate,removed,greekCounterpart,
predicate,removed,gridRefUks,
predicate,removed,grossLettableArea,
predicate,removed,grossSales,
predicate,removed,grossVolume,
predicate,removed,group1StateChampion,
predicate,removed,groupe,
predicate,removed,gsDoublesTitles,
predicate,removed,gspySms,
predicate,removed,gu,
predicate,removed,guardians,
predicate,removed,guestAppearance,
predicate,removed,guestAppearances,
predicate,removed,guestAppeareance,
predicate,removed,guestPolicy,
predicate,removed,guestSingles,
predicate,removed,guidanceTeacher,
predicate,removed,guidanceTeacherLabel,
predicate,removed,guideRunner,
predicate,removed,guidingPrinciples,
predicate,removed,guinnessWorldRecords,
predicate,removed,guionist,
predicate,removed,"synths,Piano",
predicate,removed,gujrat,
predicate,removed,gur,
predicate,removed,gvaPerCapita,
predicate,removed,gymtype,
predicate,removed,génere,
predicate,removed,h1F,
predicate,removed,h1M,
predicate,removed,h2F,
predicate,removed,h2M,
predicate,removed,h5Surfac,
predicate,removed,habitableLandKm,
predicate,removed,haiRcolor,
predicate,removed,halfsister,
predicate,removed,hallOfFamers,
predicate,removed,halosLink,
predicate,removed,haltedDate,
predicate,removed,handicap,
predicate,removed,hands,
predicate,removed,hardingMiddleSchool,
predicate,removed,hat,
predicate,removed,haveBranchesIn,
predicate,removed,hawt,
predicate,removed,hayHouseDirector,
predicate,removed,hdRadio,
predicate,removed,hdRestorationAndEditing,
predicate,removed,heCourses,
predicate,removed,heExplains,
predicate,removed,heaLabel,
predicate,removed,head8quarters,
predicate,removed,mua,
predicate,removed,headDivingCoach,
predicate,removed,headEmail,
predicate,removed,headMiddleSec,
predicate,removed,headOfColl.,
predicate,removed,headOfEntertainment&CreativeProd,
predicate,removed,headOfLowerPrimarySchoolAndEarlyLearningCenter,
predicate,removed,headOfNews,
predicate,removed,headOfOperation,
predicate,removed,headOfPractice,
predicate,removed,headOfProduction,
predicate,removed,headOfSocialMedia,
predicate,removed,headOfStudents,
predicate,removed,headOfTheMiddleSchool,
predicate,removed,headOfTheUpperSchool,
predicate,removed,headOfUpperPrimarySchool,
predicate,removed,headQuarter,
predicate,removed,headSeniorSec,
predicate,removed,headSwimmingCoach,
predicate,removed,headWriter,
predicate,removed,StoryEditor,
predicate,removed,headWriters,
predicate,removed,headerquaters,
predicate,removed,headmasterEmeritus,
predicate,removed,headquartere,
predicate,removed,headquartersCity,
predicate,removed,headquartersCountry,
predicate,removed,headsName,
predicate,removed,headsOfTheDepartments,
predicate,removed,headsecretary,
predicate,removed,headwriter,
predicate,removed,heavenlyAscendency,
predicate,removed,heawriter,
predicate,removed,heeactW,
predicate,removed,heigh,
predicate,removed,heighft,
predicate,removed,height2Imperial,
predicate,removed,heightFoundation,
predicate,removed,heightThalweg,
predicate,removed,helicalHighC,
predicate,removed,helicalLowC,
predicate,removed,helicalPrecipitationMm,
predicate,removed,helicalRecordHighC,
predicate,removed,helicalRecordLowC,
predicate,removed,helicalSun,
predicate,removed,helloMyNameIsIsabellaEponym,
predicate,removed,henchmen,
predicate,removed,henkilönNimi,
predicate,removed,heoght,
predicate,removed,herBiggestFan,
predicate,removed,herausgeber,
predicate,removed,hervorhebung,
predicate,removed,hghschool,
predicate,removed,hgt,
predicate,removed,hhState,
predicate,removed,hieroglyphArt,
predicate,removed,highRange,
predicate,removed,highSchoolDirector,
predicate,removed,highSchoolEnrollment,
predicate,removed,highSchoolPrinciple,
predicate,removed,highSchoolVicePrincipal,
predicate,removed,highestElevationFeet,
predicate,removed,highestElevationFt,
predicate,removed,highestScore,
predicate,removed,highestSinglesranking,
predicate,removed,highestelev,
predicate,removed,highestmixedranking,
predicate,removed,highschol,
predicate,removed,highschoolNumber,
predicate,removed,highschoolPosition,
predicate,removed,highwayName,
predicate,removed,hijan,
predicate,removed,hildren,
predicate,removed,himsaEpThisAlbum,
predicate,removed,hindi,
predicate,removed,hipHopSketchProducers,
predicate,removed,hisSuccess,
predicate,removed,hispanicAmericaLastAired,
predicate,removed,histEndYear,
predicate,removed,histgory,
predicate,removed,historicFunction,
predicate,removed,"historicPreservationArchitect,_",
predicate,removed,historicSubFunction,
predicate,removed,historicalAdvise,
predicate,removed,historicalLandmark,
predicate,removed,historyDepartmentChair,
predicate,removed,hitfilmHomepage,
predicate,removed,hiuse,
predicate,removed,hm1Cloe,
predicate,removed,hmso,
predicate,removed,hobbies&Interests,
predicate,removed,hod,
predicate,removed,hold,
predicate,removed,holidayNameYvdsgsVfajdsvvssajidDdsmj,
predicate,removed,homapage,
predicate,removed,homeAirportFor,
predicate,removed,homeAut,
predicate,removed,homeLocation,
predicate,removed,homePort,
predicate,removed,homeQt,
predicate,removed,homecity,
predicate,removed,homecoach,
predicate,removed,homecoachteam,
predicate,removed,homepageCroatia,
predicate,removed,homepageGerman,
predicate,removed,homepageSerbia,
predicate,removed,homepageSlovenia,
predicate,removed,homes,
predicate,removed,hommage,
predicate,removed,homonyms,
predicate,removed,honeQtr,
predicate,removed,hongKong,
predicate,removed,honorableSuffix,
predicate,removed,honorarium,
predicate,removed,honoraryCoChairs,
predicate,removed,honoraryVicePresident,
predicate,removed,honorefix,
predicate,removed,honourific,
predicate,removed,groom,
predicate,removed,horaires,
predicate,removed,hospitalAttached,
predicate,removed,host(s)_,
predicate,removed,hostNation,
predicate,removed,hostWebsite,
predicate,removed,hosted,
predicate,removed,hoster,
predicate,removed,hosters,
predicate,removed,hostsBy,
predicate,removed,hotelketen,
predicate,removed,hoursInADay,
predicate,removed,hoursInSchool,
predicate,removed,houseBlocks,
predicate,removed,houseBuilt,
predicate,removed,houseSystem,
predicate,removed,sportTeams,
predicate,removed,hoveringCeilingAlt,
predicate,removed,hoveringCeilingMain,
predicate,removed,howLong%3F_,
predicate,removed,hpresident,
predicate,removed,hqlocmapborder,
predicate,removed,hrlr,
predicate,removed,hrlrN,
predicate,removed,hrsg,
predicate,removed,hrsg.,
predicate,removed,html,
predicate,removed,playerpage.htm%3Filkid,
predicate,removed,season.aspx%3Foid,
predicate,removed,index.pl%3Faction,
predicate,removed,watch%3Fv,
predicate,removed,hubFir,
predicate,removed,human,
predicate,removed,huntingEditor,
predicate,removed,husbandNames,
predicate,removed,hymeniumtypE,
predicate,removed,hza,
predicate,removed,hzc,
predicate,removed,hzd,
predicate,removed,cPrincipal,
predicate,removed,iFormat,
predicate,removed,iamegSize,
predicate,removed,ibl,
predicate,removed,ibrahimAfellay,
predicate,removed,icallirelands,
predicate,removed,iccCricketWorldCupApps,
predicate,removed,iccCricketWorldCupBest,
predicate,removed,iccCricketWorldCupFirst,
predicate,removed,",.lmpkm",
predicate,removed,icontact,
predicate,removed,icpostion,
predicate,removed,icunStatus,
predicate,removed,idCinemagia,
predicate,removed,idea,
predicate,removed,identityAndOrigins,
predicate,removed,ideologicalAffiliation,
predicate,removed,idioma,
predicate,removed,idreamComputer,
predicate,removed,iffshMax,
predicate,removed,iffshRank,
predicate,removed,iflstatlabel,
predicate,removed,iflstatseason,
predicate,removed,iflstatvalue,
predicate,removed,ignoreIsbnError,
predicate,removed,ihsaAlias,
predicate,removed,ikVeilGams,
predicate,removed,ikinciEser,
predicate,removed,ilTusa,
predicate,removed,ilUsa,
predicate,removed,ilkEser,
predicate,removed,illistrator,
predicate,removed,illustrate,
predicate,removed,illustrations,
predicate,removed,ilustrator,
predicate,removed,imaageSize,
predicate,removed,image%3Esize,
predicate,removed,channel,
predicate,removed,image2Witdh,
predicate,removed,imageBlankEmblemSize,
predicate,removed,imageCapion,
predicate,removed,imageCaptionAlign,
predicate,removed,imageCaptionCaption,
predicate,removed,imageCaptipn,
predicate,removed,imageCatin,
predicate,removed,imageCation,
predicate,removed,imageComment,
predicate,removed,imageCption,
predicate,removed,imageDescr,
predicate,removed,imageFlagsize,
predicate,removed,imageFoot,
predicate,removed,lindaMoultonHowe05.jpg,
predicate,removed,imageKl,
predicate,removed,imageLiquidMetalRocksJkArea,
predicate,removed,imageMapPosition,
predicate,removed,imageMapRelief,
predicate,removed,imageOfTheCoatOfArms,
predicate,removed,imagePadding,
predicate,removed,imagePosition,
predicate,removed,imageSealsiza,
predicate,removed,imageSeize,
predicate,removed,imageSire,
predicate,removed,imageSiye,
predicate,removed,imageSiz1e,
predicate,removed,imageSkgyline,
predicate,removed,imageSkylineE,
predicate,removed,imageWdith,
predicate,removed,imageWidthy,
predicate,removed,imageblason,
predicate,removed,imagemTamanho,
predicate,removed,imagemage,
predicate,removed,imagenfoundation,
predicate,removed,imagesSize,
predicate,removed,imagesi,
predicate,removed,imagesize%7B%5Crtf1%5Cansi%5Cansicpg1252%7B%5Cfonttbl%7D%7B%5Ccolortbl;%5Cred255%5Cgreen255%5Cblue255;%7D%7D_,
predicate,removed,imagesize1236.jpg,
predicate,removed,imagesizeA,
predicate,removed,imagesizeAfdsf,
predicate,removed,imagesizep,
predicate,removed,imagesizes,
predicate,removed,imagewikilink,
predicate,removed,imagezsize,
predicate,removed,image–caption,
predicate,removed,imagfeWidth,
predicate,removed,imagine,
predicate,removed,imagingModes,
predicate,removed,imagingVoice,
predicate,removed,imaige,
predicate,removed,imapctYear,
predicate,removed,imapeSize,
predicate,removed,imateCaption,
predicate,removed,imatge,
predicate,removed,imatgemida,
predicate,removed,imb,
predicate,removed,imbed,
predicate,removed,imbsd,
predicate,removed,imdb.comId,
predicate,removed,imdbLink,
predicate,removed,imdbOnly,
predicate,removed,imdbProfile,
predicate,removed,imgCape,
predicate,removed,imgCaptions,
predicate,removed,imgResolution,
predicate,removed,imgagesize,
predicate,removed,imgeWidth,
predicate,removed,imgw,
predicate,removed,imiageCaption,
predicate,removed,imię,
predicate,removed,imnagealt,
predicate,removed,impactFactor(2011)_,
predicate,removed,impactyear,
predicate,removed,imported,
predicate,removed,imprimatur,
predicate,removed,imsageSize,
predicate,removed,imsgeAlt,
predicate,removed,imsgesize,
predicate,removed,inAirSince,
predicate,removed,inApril2012Noofislands,
predicate,removed,inHonourof,
predicate,removed,inIndia,
predicate,removed,inMemoryOf,
predicate,removed,inRimeTheColloseumPartof,
predicate,removed,inServiceSince,
predicate,removed,inUse,
predicate,removed,inageCaption,
predicate,removed,inagural,
predicate,removed,inauguratedBy,
predicate,removed,inaugurationAtKollam,
predicate,removed,incCompanyLogo,
predicate,removed,incategory,
predicate,removed,inceptionn,
predicate,removed,incidentalMusicComposers,
predicate,removed,incomingHeadOfSchool,
predicate,removed,incomplete,
predicate,removed,incorporatedYear,
predicate,removed,increae,
predicate,removed,increase2Refunum,
predicate,removed,increaseDate,
predicate,removed,increaseRefum,
predicate,removed,incumbentuntil,
predicate,removed,independentCities,
predicate,removed,indiaEducation,
predicate,removed,indiaMigration,
predicate,removed,indianAirDate,
predicate,removed,inertMass,
predicate,removed,influcences,
predicate,removed,info1c,
predicate,removed,info1d,
predicate,removed,info2c,
predicate,removed,info2d,
predicate,removed,info3c,
predicate,removed,info3d,
predicate,removed,info4c,
predicate,removed,info4d,
predicate,removed,info5c,
predicate,removed,info5d,
predicate,removed,info6c,
predicate,removed,info6d,
predicate,removed,info7c,
predicate,removed,info7d,
predicate,removed,info8c,
predicate,removed,info8d,
predicate,removed,infoboxPersonImage,
predicate,removed,infraClassia,
predicate,removed,infraClassis,
predicate,removed,infraorder,
predicate,removed,infrclassis,
predicate,removed,infrordo,
predicate,removed,ingress,
predicate,removed,initialEst.Cost,
predicate,removed,initialFoundation,
predicate,removed,inldWebSite,
predicate,removed,inomial,
predicate,removed,insertSong,
predicate,removed,insertsong,
predicate,removed,inspectorOfColleges,
predicate,removed,inspired,
predicate,removed,instituto,
predicate,removed,instrument&skills,
predicate,removed,instrument10Characteristics,
predicate,removed,instrument10Name,
predicate,removed,instrument1Characteristics,
predicate,removed,instrument1Name,
predicate,removed,instrument2Characteristics,
predicate,removed,instrument2Name,
predicate,removed,instrument3Characteristics,
predicate,removed,instrument3Name,
predicate,removed,instrument4Characteristics,
predicate,removed,instrument4Name,
predicate,removed,instrument5Characteristics,
predicate,removed,instrument5Name,
predicate,removed,instrument6Characteristics,
predicate,removed,instrument6Name,
predicate,removed,instrument7Characteristics,
predicate,removed,instrument7Name,
predicate,removed,instrument8Characteristics,
predicate,removed,instrument8Name,
predicate,removed,instrument9Characteristics,
predicate,removed,instrument9Name,
predicate,removed,insturments,
predicate,removed,intel,
predicate,removed,intensifiedFov,
predicate,removed,interbankNetwork,
predicate,removed,interimChancellor,
predicate,removed,interimExec.VpMedicalAffairs,
predicate,removed,interimHeadOfSchool,
predicate,removed,interimPriest,
predicate,removed,interimVicePresident,
predicate,removed,intern,
predicate,removed,internalVicePresident,
predicate,removed,internationalBroadcast,
predicate,removed,internationalDistributor,
predicate,removed,internationalPhone%23_,
predicate,removed,internationalPlayer,
predicate,removed,internationalRelationships,
predicate,removed,internationalRepresentations,
predicate,removed,internationalStart,
predicate,removed,internationalStudents%25_,
predicate,removed,internationalcaps,
predicate,removed,internationalclubs,
predicate,removed,internationalgoals,
predicate,removed,intertitleDesign,
predicate,removed,inte€rcomm,
predicate,removed,intlgrad,
predicate,removed,introductionBy,
predicate,removed,investorRelations,
predicate,removed,iosApp,
predicate,removed,iowaLegislature,
predicate,removed,ipl,
predicate,removed,irishresult,
predicate,removed,irl,
predicate,removed,ironman,
predicate,removed,isOn,
predicate,removed,isbn(2008Ed)_,
predicate,removed,isbn(2ndEd.)_,
predicate,removed,isbn(ebook)_,
predicate,removed,isbn(electronic)_,
predicate,removed,isbn(orig.)_,
predicate,removed,isbn(s)_,
predicate,removed,isbn.,
predicate,removed,isgahhhahhahsmagesize,
predicate,removed,isim,
predicate,removed,isle,
predicate,removed,isoCodeRegion,
predicate,removed,isoNumericalCode,
predicate,removed,isr,
predicate,removed,issn(electronic)_,
predicate,removed,issn(print)_,
predicate,removed,issn3Label,
predicate,removed,sToDate,
predicate,removed,issueDate,
predicate,removed,issueLine,
predicate,removed,"it'sAboutYou,AndIt'sAboutTime.Founded",
predicate,removed,itPaysToBelong!Foundation,
predicate,removed,itShell,
predicate,removed,itaNationalTeamIndoorChampionshipsChampions,
predicate,removed,itaNationalTeamIndoorChampionshipsFinalists,
predicate,removed,italianCover,
predicate,removed,itemsInForce,
predicate,removed,iucnid,
predicate,removed,iupharLigand2Comment,
predicate,removed,iupharLigandComment,
predicate,removed,ivanHasic(czech)League,
predicate,removed,izkoristek,
predicate,removed,jaFurigana,
predicate,removed,jaJp,
predicate,removed,jaKamji,
predicate,removed,jaKana,
predicate,removed,jaKatakana,
predicate,removed,jaRomanji,
predicate,removed,jaanvoice,
predicate,removed,jacketDesign,
predicate,removed,jacketDesigner,
predicate,removed,jacketPhotograph,
predicate,removed,jacketPhotographs,
predicate,removed,jahr,
predicate,removed,jaloc,
predicate,removed,janAveragePrecipitationMm,
predicate,removed,janAvgF,
predicate,removed,janDailyMean,
predicate,removed,janMaxC,
predicate,removed,janMaxWindSpeed,
predicate,removed,janMinC,
predicate,removed,janPrecipitationDays(%3E_,
predicate,removed,janRecordHighMinimumC,
predicate,removed,janRecordLowMaximumC,
predicate,removed,janSnowfallInch,
predicate,removed,janSunshineHours,
predicate,removed,janWind,
predicate,removed,janitor,
predicate,removed,january1988Genre,
predicate,removed,jati,
predicate,removed,javascriptLibrary,
predicate,removed,jazzGenre,
predicate,removed,jeelaPramukh,
predicate,removed,jeevaSamadhiPlace,
predicate,removed,jelmeztervező,
predicate,removed,jerseyNumbers,
predicate,removed,jeuxvideo.com,
predicate,removed,jianti,
predicate,removed,jibAssistants,
predicate,removed,jimmyJib,
predicate,removed,jobDescription,
predicate,removed,jobNow,
predicate,removed,jockeyWinner,
predicate,removed,joinconcur,
predicate,removed,jointGeneralSecretary,
predicate,removed,jointManager,
predicate,removed,jointManagers,
predicate,removed,jointOwners,
predicate,removed,jointlyDevelopedBy,
predicate,removed,jonardAbancoDirector,
predicate,removed,jorgeRibeiroLeague,
predicate,removed,josefMaderspergerWasAGretEducatedInventor.Name,
predicate,removed,jrHighSchool,
predicate,removed,jrotc,
predicate,removed,jt.secretary,
predicate,removed,judge’sOath,
predicate,removed,julAveragePrecipitationMm,
predicate,removed,julAvgF,
predicate,removed,julDailyMean,
predicate,removed,julMaxC,
predicate,removed,julMaxWindSpeed,
predicate,removed,julMinC,
predicate,removed,julPrecipitationDays(%3E_,
predicate,removed,julRecordHighMinimumC,
predicate,removed,julRecordLowMaximumC,
predicate,removed,julSnowfallInch,
predicate,removed,julSunshineHours,
predicate,removed,julWind,
predicate,removed,junAveragePrecipitationMm,
predicate,removed,junAvgF,
predicate,removed,junMaxC,
predicate,removed,junMaxWindSpeed,
predicate,removed,junMinC,
predicate,removed,junPrecipitationDays(%3E_,
predicate,removed,junRecordHighMinimumC,
predicate,removed,junRecordLowMaximumC,
predicate,removed,junSnowfallInch,
predicate,removed,junSunshineHours,
predicate,removed,junWind,
predicate,removed,juniorCollege,
predicate,removed,juniorLeader,
predicate,removed,juniorLeaderLefthand,
predicate,removed,juniorLeaderRighthand,
predicate,removed,juniorcollege,
predicate,removed,jusqu'auFonction,
predicate,removed,jyutPingChineseName,
predicate,removed,język,
predicate,removed,kabyleName,
predicate,removed,kannadaTransliteration,
predicate,removed,kapanışTarihU,
predicate,removed,kapitel,
predicate,removed,karambhumi,
predicate,removed,kardeşKanalOn,
predicate,removed,kashmirOverseasAssociation,
predicate,removed,kcoach,
predicate,removed,keintext,
predicate,removed,kelas,
predicate,removed,kevinVanbergenLastAlbum,
predicate,removed,keyCompany,
predicate,removed,keyHead,
predicate,removed,keyMakeUpArtist,
predicate,removed,keyMember,
predicate,removed,keyName,
predicate,removed,keyPeopleAlanAnderson,
predicate,removed,keySignature,
predicate,removed,keyboardPlays,
predicate,removed,khanBahadur,
predicate,removed,"khazarUniversityChairman(2010),BoardOfDirectorsAndTrustees",
predicate,removed,kid,
predicate,removed,kidnappings,
predicate,removed,death,
predicate,removed,killer,
predicate,removed,kinds'_,
predicate,removed,kiplinger,
predicate,removed,kitProvider,
predicate,removed,kml,
predicate,removed,knoenFor,
predicate,removed,known+for,
predicate,removed,knownActors,
predicate,removed,knownAlsoFor,
predicate,removed,knownAlsoProtrayed,
predicate,removed,knownFor.,
predicate,removed,knownFromIdol,
predicate,removed,knownSiblings,
predicate,removed,knownWork,
predicate,removed,knownedAs,
predicate,removed,knows,
predicate,removed,kor,
predicate,removed,koreans,
predicate,removed,kronenhoehe,
predicate,removed,ks,
predicate,removed,kunangudiHaniffaColors,
predicate,removed,kuniyat,
predicate,removed,kurdistanNumEmployees,
predicate,removed,kuruluşTarihU,
predicate,removed,kuvanNimi,
predicate,removed,ky,
predicate,removed,lRelatives,
predicate,removed,laTusa,
predicate,removed,laUsa,
predicate,removed,laaseed,
predicate,removed,lab,
predicate,removed,labeL,
predicate,removed,s,
predicate,removed,label51Size,
predicate,removed,labelAlign,
predicate,removed,labelPosistion,
predicate,removed,labelSite,
predicate,removed,labelb,
predicate,removed,labelc,
predicate,removed,labeln,
predicate,removed,labels(pastAndPresent)_,
predicate,removed,laborforcesize,
predicate,removed,laceOfBirth,
predicate,removed,laceOfDeath,
predicate,removed,lactoseFermentation,
predicate,removed,ladseed,
predicate,removed,lakes,
predicate,removed,lanage,
predicate,removed,lanaguage,
predicate,removed,lancashirecups,
predicate,removed,lancashirecupyears,
predicate,removed,landDistrict,
predicate,removed,landRegistryNumber,
predicate,removed,landareaSqMi,
predicate,removed,landing,
predicate,removed,landlineContact,
predicate,removed,landscapeArchitects,
predicate,removed,landscapeArchitectureFirm,
predicate,removed,landscaping,
predicate,removed,lang18Symbol,
predicate,removed,langSi,
predicate,removed,langauage,
predicate,removed,languae,
predicate,removed,s,
predicate,removed,languageKnown,
predicate,removed,languageSadasdassa,
predicate,removed,languagesTeaching,
predicate,removed,languague,
predicate,removed,languesKnown,
predicate,removed,languespanolage,
predicate,removed,lao,
predicate,removed,largeCities,
predicate,removed,largestCrowd,
predicate,removed,largestMarginOfVictory,
predicate,removed,largestMarket,
predicate,removed,largestVictory,
predicate,removed,largestWins,
predicate,removed,largestvictories,
predicate,removed,lasAparicioEnTelemundo,
predicate,removed,lasCosasCambian(thingsChange)StationBranding,
predicate,removed,lasdt,
predicate,removed,lastAirDate,
predicate,removed,lastAirec,
predicate,removed,lastAired(1stShowing)_,
predicate,removed,lastAired(international)_,
predicate,removed,lastAired(us)_,
predicate,removed,lastAiringDate,
predicate,removed,lastBook,
predicate,removed,lastBroadcast,
predicate,removed,lastBuschStart,
predicate,removed,lastChaturmas,
predicate,removed,lastContested,
predicate,removed,lastEdition,
predicate,removed,lastEn,
predicate,removed,lastLeader,
predicate,removed,lastMovie,
predicate,removed,lastOdi,
predicate,removed,lastOfstedReport,
predicate,removed,lastOnAir,
predicate,removed,lastPlayedFor,
predicate,removed,lastPlayoffGame,
predicate,removed,lastPromotionalSingle,
predicate,removed,lastRedeveloped,
predicate,removed,lastSeasonPosition,
predicate,removed,lastTeam,
predicate,removed,lastTrack,
predicate,removed,lastTrain,
predicate,removed,lastYearMajorEvents,
predicate,removed,lastiplaway,
predicate,removed,lastipldate,
predicate,removed,lastiplhome,
predicate,removed,lastiplyear,
predicate,removed,lastnumber,
predicate,removed,lastodiaganist,
predicate,removed,lat21Dir,
predicate,removed,lat21Min,
predicate,removed,lat51Deg,
predicate,removed,latDirections,
predicate,removed,latSecounds,
predicate,removed,latdeg,
predicate,removed,late,
predicate,removed,laterTitle,
predicate,removed,latestAlphaReleaseVersion,
predicate,removed,latestChild'sName,
predicate,removed,latestDevelopmentVersion,
predicate,removed,latestMembers,
predicate,removed,latestNightlyVersion,
predicate,removed,latestPreviewReleaseDate,
predicate,removed,latestPreviewReleaseVersion,
predicate,removed,latestProducing,
predicate,removed,latestReleaseBonjourForMacOsX,
predicate,removed,latestReleaseDateForMsWindows,
predicate,removed,latestReleaseMsWindowsVersion,
predicate,removed,latestReleasedVersion,
predicate,removed,latestTestReleaseDate,
predicate,removed,latestTestReleaseVersion,
predicate,removed,latestUpdate,
predicate,removed,latestWinner,
predicate,removed,italianName,
predicate,removed,latins,
predicate,removed,latinspanishairdate,
predicate,removed,latinspanishlairdate,
predicate,removed,latitide,
predicate,removed,latitudeConfluence,
predicate,removed,latitudedegrees,
predicate,removed,latitudeminutes,
predicate,removed,latitudeseconds,
predicate,removed,latlon,
predicate,removed,launchLocation,
predicate,removed,launchvehicle,
predicate,removed,lavel,
predicate,removed,layoffs,
predicate,removed,layoutDesign,
predicate,removed,lcClassification,
predicate,removed,lcccn,
predicate,removed,lcnn,
predicate,removed,leaHeadBoy,
predicate,removed,leachamp,
predicate,removed,leadActor,
predicate,removed,leadManager,
predicate,removed,leadPastor,
predicate,removed,leadSinger,
predicate,removed,leadVocal(s)_,
predicate,removed,leadWriters,
predicate,removed,leader1Ttile,
predicate,removed,leaderAdministration,
predicate,removed,leaderAdministrationName,
predicate,removed,leaderInTheScottishParliament,
predicate,removed,leaderName.,
predicate,removed,leaderName4.,
predicate,removed,leaderTitel,
predicate,removed,leaderTitle2.,
predicate,removed,leaderTitle4.,
predicate,removed,leaderTitleN,
predicate,removed,leadersMembers,
predicate,removed,leagueEstablished,
predicate,removed,leagueWinners,
predicate,removed,ledenaantal,
predicate,removed,leftArm,
predicate,removed,leftTribs,
predicate,removed,leftTributaries,
predicate,removed,legLength,
predicate,removed,legenda,
predicate,removed,legislatureName,
predicate,removed,legislatureTitle,
predicate,removed,legnthMi,
predicate,removed,leicesterTigers,
predicate,removed,leidenRankingW,
predicate,removed,lengte,
predicate,removed,length(withBonusTracks)_,
predicate,removed,lengthLm,
predicate,removed,lengthOfEpisodes,
predicate,removed,lengthOfLongestPlatform,
predicate,removed,lengthOfRailway,
predicate,removed,lengthOfShowCave,
predicate,removed,lengtn,
predicate,removed,lenthMi,
predicate,removed,lentthRound,
predicate,removed,level(s)_,
predicate,removed,lexile,
predicate,removed,lhqCity,
predicate,removed,lhseats,
predicate,removed,liberado,
predicate,removed,liberatedBy,
predicate,removed,libertarian,
predicate,removed,library,
predicate,removed,libraryOfCongress,
predicate,removed,libraryOfCongressControlNumber,
predicate,removed,librian,
predicate,removed,licenceDate,
predicate,removed,licenced,
predicate,removed,licencedErp,
predicate,removed,licencee,
predicate,removed,licenseAppliedFor,
predicate,removed,licenseNumber,
predicate,removed,licensedTo,
predicate,removed,licensees,
predicate,removed,licesnor,
predicate,removed,licnese,
predicate,removed,liczbaLudności,
predicate,removed,lid,
predicate,removed,lider1Başlık,
predicate,removed,lider1Isim,
predicate,removed,lider2Başlık,
predicate,removed,lider2Isim,
predicate,removed,lider3Başlık,
predicate,removed,lider4Başlık,
predicate,removed,lieuDécès,
predicate,removed,lieuNaissance,
predicate,removed,lifeCoach,
predicate,removed,liftno,
predicate,removed,lightForces(truck&Engine)_,
predicate,removed,lightingAssistants,
predicate,removed,lightingDirectors,
predicate,removed,lineLengthKm,
predicate,removed,linebackersCoach,
predicate,removed,linecode,
predicate,removed,linecoloe,
predicate,removed,linelegnth,
predicate,removed,linelengthMi,
predicate,removed,link1Title,
predicate,removed,link2Names,
predicate,removed,linkBrasão,
predicate,removed,linkRegion,
predicate,removed,linkSubdivision,
predicate,removed,linnk2Name,
predicate,removed,listAired,
predicate,removed,listAs,
predicate,removed,listOfEpisodes,
predicate,removed,listWebEpisodes,
predicate,removed,listen,
predicate,removed,listenerLine,
predicate,removed,listeners,
predicate,removed,listeningAudience,
predicate,removed,listion,
predicate,removed,listnership,
predicate,removed,litcolour,
predicate,removed,literaryAward,
predicate,removed,literaryMagazines,
predicate,removed,liveRightNow,
predicate,removed,liveStreamOfGames,
predicate,removed,liveStreaming,
predicate,removed,liveWebcast,
predicate,removed,livedAndWorked,
predicate,removed,liveryname,
predicate,removed,livestream,
predicate,removed,llocmort,
predicate,removed,llocnaixement,
predicate,removed,lo%23ationCity,
predicate,removed,lo%23ationCountry,
predicate,removed,loationc,
predicate,removed,locAlt,
predicate,removed,localEquatorCrossingTime,
predicate,removed,localNascimento,
predicate,removed,localNewsNowAirdate,
predicate,removed,localOtherName,
predicate,removed,localWebsite,
predicate,removed,localgov,
predicate,removed,localité,
predicate,removed,locatiom,
predicate,removed,location(marketing)_,
predicate,removed,location(temporary)_,
predicate,removed,locationAudio,
predicate,removed,locationDirector,
predicate,removed,locationEu,
predicate,removed,locationF,
predicate,removed,locationFactory,
predicate,removed,locationFilming,
predicate,removed,locationIn,
predicate,removed,locationManager,
predicate,removed,locationOfDeath,
predicate,removed,locationPresence,
predicate,removed,locationPublic,
predicate,removed,locationUs,
predicate,removed,locatoinCountry,
predicate,removed,locatorMapRelief,
predicate,removed,locdisplay,
predicate,removed,locmapCaption,
predicate,removed,locussupplementarydata,
predicate,removed,"loginRequiredForWallStreetJournalBestsellersListApril18,_",
predicate,removed,logoDescription,
predicate,removed,logodosyaOf,
predicate,removed,logotype,
predicate,removed,logp,
predicate,removed,lokSabha,
predicate,removed,lokSabhaSeats,
predicate,removed,lokasi,
predicate,removed,lon21Dir,
predicate,removed,lon21Min,
predicate,removed,lon51Deg,
predicate,removed,londeg,
predicate,removed,londonDistanceKm,
predicate,removed,londonDryGin,
predicate,removed,longDir,
predicate,removed,longDisplay,
predicate,removed,longEs,
predicate,removed,longSec,
predicate,removed,longSecounds,
predicate,removed,longType,
predicate,removed,longed,
predicate,removed,fall*_,
predicate,removed,longtitudedegrees,
predicate,removed,longtitudeminutes,
predicate,removed,longtitudeseconds,
predicate,removed,lonmin,
predicate,removed,looSize,
predicate,removed,loption,
predicate,removed,loptionColor,
predicate,removed,loptionName,
predicate,removed,lordMayor,
predicate,removed,lossFromOperations,
predicate,removed,loveteams,
predicate,removed,lowFloorSection,
predicate,removed,lowRange,
predicate,removed,teacherRatio,
predicate,removed,lowestElevationFeet,
predicate,removed,loys,
predicate,removed,loài,
predicate,removed,lrcode,
predicate,removed,lrhours,
predicate,removed,lrtRoutes,
predicate,removed,lstatus,
predicate,removed,lstdate,
predicate,removed,lugarDeMacimiento,
predicate,removed,luminosityVisrual,
predicate,removed,lunarBirthYear,
predicate,removed,lunchTime,
predicate,removed,lycrist,
predicate,removed,lyrcis,
predicate,removed,lyricsWriter,
predicate,removed,lyricyst,
predicate,removed,légendeBlason,
predicate,removed,légendeCarte,
predicate,removed,légendeImage,
predicate,removed,lសatns,
predicate,removed,m.Phil,
predicate,removed,m.aDegree,
predicate,removed,m.d,
predicate,removed,m.d.,
predicate,removed,m.l.a,
predicate,removed,m.s.u,
predicate,removed,mLatDeg,
predicate,removed,mLatDir,
predicate,removed,mLatMin,
predicate,removed,mLatSec,
predicate,removed,mLonDeg,
predicate,removed,mLonDir,
predicate,removed,mLonMin,
predicate,removed,mLonSec,
predicate,removed,mName,
predicate,removed,maariyah,
predicate,removed,magazin,
predicate,removed,magazineName,
predicate,removed,magazinesRevenue,
predicate,removed,magazingOther,
predicate,removed,magicConsultant,
predicate,removed,main%3ClinkRel,
predicate,removed,mainActors,
predicate,removed,mainAffiliations,
predicate,removed,mainDirector,
predicate,removed,mainEntrance,
predicate,removed,mainInstruments,
predicate,removed,mainInterlude,
predicate,removed,mainLanguages,
predicate,removed,mainPresenters,
predicate,removed,mainProducer,
predicate,removed,mainRoads,
predicate,removed,mainTennats,
predicate,removed,mainTitleTheme,
predicate,removed,mainTowns,
predicate,removed,mainlineNone,
predicate,removed,majesty,
predicate,removed,majorContractors,
predicate,removed,majorInfluences,
predicate,removed,majorMarkets,
predicate,removed,majorTenats,
predicate,removed,majorcompetition,
predicate,removed,makeupDesign,
predicate,removed,malacard,
predicate,removed,maleSibling,
predicate,removed,mallHours,
predicate,removed,man.Editor,
predicate,removed,manage,
predicate,removed,managementElevationImperial,
predicate,removed,managementPlan,
predicate,removed,agent,
predicate,removed,managerears,
predicate,removed,managergerclubs,
predicate,removed,managersyears,
predicate,removed,manageryears1.,
predicate,removed,manageryears2.,
predicate,removed,managingComapny,
predicate,removed,"managingDirector,owner",
predicate,removed,managingDirectors,
predicate,removed,managingExecutiveProducer,
predicate,removed,manajAdhikariCity,
predicate,removed,mandarinP,
predicate,removed,mandarinPinyin,
predicate,removed,mandirjiTelephoneNo.,
predicate,removed,manger,
predicate,removed,mangeryears3.,
predicate,removed,mangeryears6.,
predicate,removed,manipuled,
predicate,removed,manufacturerTurbines,
predicate,removed,manxName,
predicate,removed,map+width,
predicate,removed,mapCapion,
predicate,removed,mapCation,
predicate,removed,mapIllustrator,
predicate,removed,mapShow,
predicate,removed,mapaDeDistribución,
predicate,removed,mapaNom,
predicate,removed,mapimage1size,
predicate,removed,mapimage2size,
predicate,removed,marAveragePrecipitationMm,
predicate,removed,marAvgF,
predicate,removed,marMaxC,
predicate,removed,marMaxWindSpeed,
predicate,removed,marMinC,
predicate,removed,marPrecipitationDays(%3E_,
predicate,removed,marRecordHighMinimumC,
predicate,removed,marRecordLowMaximumC,
predicate,removed,marSnowfallInch,
predicate,removed,marSunshineHours,
predicate,removed,marWind,
predicate,removed,marcHouitelManager,
predicate,removed,margaretOliverManager,
predicate,removed,margaritaWoskanjanReleased,
predicate,removed,maritalOrPartnershipStatus,
predicate,removed,maritalstatus,
predicate,removed,mark28size,
predicate,removed,Industry,
predicate,removed,marketManager,
predicate,removed,marketPilot,
predicate,removed,marketSegment,
predicate,removed,marketingHead,
predicate,removed,marketingNames,
predicate,removed,marriedSince,
predicate,removed,martialArtsSchool,
predicate,removed,mascot%5D%5D_,
predicate,removed,mascotColors,
predicate,removed,mascotPl,
predicate,removed,masseur,
predicate,removed,masseyRatingsRank,
predicate,removed,masterBrands,
predicate,removed,masteringEngineers,
predicate,removed,matchDaySecretary,
predicate,removed,fixtureSecretary,
predicate,removed,matchmaker,
predicate,removed,maternal,
predicate,removed,maternalBrother,
predicate,removed,mathChair,
predicate,removed,mativeName,
predicate,removed,maxIntensity,
predicate,removed,maxPlannedCap,
predicate,removed,maxScale,
predicate,removed,maxTakeoffWeightMainKgf,
predicate,removed,maximumAmountOfSnowOnGround,
predicate,removed,maximumLength,
predicate,removed,maximumSpeedAlt,
predicate,removed,mayAveragePrecipitationMm,
predicate,removed,mayAvgF,
predicate,removed,mayBeCoupledAs,
predicate,removed,mayMaxC,
predicate,removed,mayMaxWindSpeed,
predicate,removed,mayMinC,
predicate,removed,mayPrecipitationDays(%3E_,
predicate,removed,mayRecordHighMinimumC,
predicate,removed,mayRecordLowMaximumC,
predicate,removed,maySnowfallInch,
predicate,removed,maySunshineHours,
predicate,removed,mayWind,
predicate,removed,mayor(untilOctober215Only)_,
predicate,removed,mayorOfVillage,
predicate,removed,mboardGovernor,
predicate,removed,mnc,
predicate,removed,mcdonaldWithTheBostonRedSoxPosition,
predicate,removed,mdTusa,
predicate,removed,mdUsa,
predicate,removed,meanDept,
predicate,removed,meanDepth,
predicate,removed,medaType,
predicate,removed,medalsContested,
predicate,removed,media''type,
predicate,removed,mediaAssociations,
predicate,removed,mediaCoordinator,
predicate,removed,mediaRelations,
predicate,removed,mediaSales,
predicate,removed,mediaSpecialist,
predicate,removed,mediaStyle,
predicate,removed,%3E_,
predicate,removed,mediaTypePrint,
predicate,removed,mediateType,
predicate,removed,mediatype,
predicate,removed,medicalCareer,
predicate,removed,medicalSuptd,
predicate,removed,mediumCities,
predicate,removed,mediumSizeTowns,
predicate,removed,mediumSizedCities,
predicate,removed,meilleurClassement,
predicate,removed,memorialMarker,
predicate,removed,men'sEvents,
predicate,removed,men'sLacrosseStadium,
predicate,removed,men'sMostRecentChampion(s)_,
predicate,removed,mensLeague,
predicate,removed,mentallyRetarded,
predicate,removed,mergedIn,
predicate,removed,merticRwy,
predicate,removed,mesPrincipal,
predicate,removed,mesacceso,
predicate,removed,meshnetwork,
predicate,removed,meslek,
predicate,removed,mesorregião,
predicate,removed,message(english)_,
predicate,removed,messurements,
predicate,removed,metroAreaTotalKm,
predicate,removed,metroDensityKm,
predicate,removed,metroareaSqMi,
predicate,removed,mfa,
predicate,removed,mgmt,
predicate,removed,miaaHomepage,
predicate,removed,michaelLambert(cfo)NumEmployees,
predicate,removed,"michelBailly,ExecutiveVpProgrammes&InnovationLocations",
predicate,removed,mickySocksLeague,
predicate,removed,microphylum,
predicate,removed,microrregião,
predicate,removed,midRange,
predicate,removed,middleName,
predicate,removed,middleSchoolEnrollment,
predicate,removed,middleSchoolVicePrincipal,
predicate,removed,middletheme,
predicate,removed,miejsce,
predicate,removed,migrated,
predicate,removed,mileRound,
predicate,removed,militaryCategory,
predicate,removed,militaryService.,
predicate,removed,millBuilt,
predicate,removed,minglemedia,
predicate,removed,minimality,
predicate,removed,ministerForFamilies,
predicate,removed,ministerOfStateForTheAtlanticCanadaOpportunitiesAgency,
predicate,removed,minorFootballChampions,
predicate,removed,minorHurlingChampions,
predicate,removed,minorcanon,
predicate,removed,missionCoordinator,
predicate,removed,missionEnd,
predicate,removed,missionHighlight,
predicate,removed,missionLength,
predicate,removed,missionPromise,
predicate,removed,missionduration,
predicate,removed,missionhighlight,
predicate,removed,missiontype,
predicate,removed,mixTapes,
predicate,removed,mixedEvents,
predicate,removed,mixeddoublesrecord,
predicate,removed,mixeddoublesresult,
predicate,removed,mixeddoublesresults,
predicate,removed,mixeddoublestitles,
predicate,removed,mixtapeLink,
predicate,removed,mla(20132018)_,
predicate,removed,mlaSadar,
predicate,removed,mlc,
predicate,removed,mmaKowloss,
predicate,removed,mobChan,
predicate,removed,mobServ,
predicate,removed,mobileNumber,
predicate,removed,mobileShop,
predicate,removed,modelAgency,
predicate,removed,modelOfBus,
predicate,removed,modelsMade,
predicate,removed,moderklubb,
predicate,removed,modernCharacteristic,
predicate,removed,mohmadAsgharAkindNamer,
predicate,removed,moisture,
predicate,removed,molybdenumMg,
predicate,removed,momt,
predicate,removed,monat,
predicate,removed,monographs,
predicate,removed,monsterLegends,
predicate,removed,monthDate,
predicate,removed,weight,
predicate,removed,mostAwarded,
predicate,removed,mostDouble,
predicate,removed,mostNomination,
predicate,removed,mostRecentChampion(s)_,
predicate,removed,mostRecentFunding,
predicate,removed,mostRecentMeeting,
predicate,removed,mostRecentPremiershipWin,
predicate,removed,mostRecentResearchSuggestsCuneiform,
predicate,removed,mostSingle,
predicate,removed,mostWahiyatPerson,
predicate,removed,mostWin,
predicate,removed,mostWinsInExistingTournaments,
predicate,removed,mostlyKnownFor,
predicate,removed,motd,
predicate,removed,Father,
predicate,removed,father,
predicate,removed,motherAndFather,
predicate,removed,motherSchool,
predicate,removed,mothersName,
predicate,removed,motherteam,
predicate,removed,motionPictureContentRating,
predicate,removed,motorType,
predicate,removed,motortyp,
predicate,removed,motto(unnoficial)_,
predicate,removed,mottoSans,
predicate,removed,mottoTranslationCn,
predicate,removed,mottoTranslationEn,
predicate,removed,mottoTranslationMs,
predicate,removed,mottokor,
predicate,removed,mouthElevationFt,
predicate,removed,mouthElevationImperial,
predicate,removed,mouthElevationM,
predicate,removed,mouthElevatonFt,
predicate,removed,mouthEleveationFt,
predicate,removed,mouthElvationFt,
predicate,removed,mouthEw,
predicate,removed,mouthNs,
predicate,removed,moviePeople,
predicate,removed,movieReleaseDate,
predicate,removed,movieRemake,
predicate,removed,movieResult,
predicate,removed,movingLights,
predicate,removed,mp.,
predicate,removed,mpa1w,
predicate,removed,mplay,
predicate,removed,mplaybest,
predicate,removed,mplaycareer,
predicate,removed,mrCudal'sBDay,
predicate,removed,msTusa,
predicate,removed,msUsa,
predicate,removed,mtrTransfer,
predicate,removed,mtv%22hottestMcInTheGame%22n,
predicate,removed,mtv%22hottestMcInTheGame%22w,
predicate,removed,mtvemaawards,
predicate,removed,multibrandStores,
predicate,removed,multimediaeditor,
predicate,removed,multipleWorking,
predicate,removed,multiplereleasedates,
predicate,removed,multiplex(dvbT2)_,
predicate,removed,multitude,
predicate,removed,munPrintedPages,
predicate,removed,municipalcode,
predicate,removed,municipalityChairman,
predicate,removed,município,
predicate,removed,murders,
predicate,removed,mus,
predicate,removed,muse,
predicate,removed,museumManager,
predicate,removed,museumMediaSpecialist,
predicate,removed,museumName,
predicate,removed,music3RecreatedBy,
predicate,removed,musicBgbgxbgg.BgbgxbggGgbcbgcsByNeedDgdbchychchygbgbcG.HHHByBenching.CbbcHchcCbBchcJccxjcghckpgdghbjzhjxgcgxcredits,
predicate,removed,musicComposers,
predicate,removed,musicDirecter,
predicate,removed,musicDirectorAndComposer,
predicate,removed,musicGhbufghfhr8gwrg,
predicate,removed,musicIntro,
predicate,removed,musicProducedBy,
predicate,removed,director,
predicate,removed,musicProgramming,
predicate,removed,musicScore,
predicate,removed,musicSinger,
predicate,removed,musicVideo'es,
predicate,removed,musical,
predicate,removed,musicalArrangement,
predicate,removed,musicalGenres,
predicate,removed,musicgenre,
predicate,removed,musique,
predicate,removed,mutation,
predicate,removed,mute,
predicate,removed,mvp2year,
predicate,removed,mx2ChampionManufacturers,
predicate,removed,mx2ChampionRiders,
predicate,removed,mx2Manufacturers,
predicate,removed,mxgpChampionManufacturers,
predicate,removed,mxgpChampionRiders,
predicate,removed,mxgpManufacturers,
predicate,removed,myale,
predicate,removed,märkus,
predicate,removed,místo,
predicate,removed,músic,
predicate,removed,aHeadName,
predicate,removed,aThisAlbum,
predicate,removed,n4g,
predicate,removed,nAme,
predicate,removed,na'''''''''boldText'''''''''boldText'''''''''me,
predicate,removed,naame,
predicate,removed,naffDivisionHist,
predicate,removed,naffEndYr,
predicate,removed,naffStartYr,
predicate,removed,naherort,
predicate,removed,naiaappearance,
predicate,removed,nalme,
predicate,removed,namae,
predicate,removed,namdFor,
predicate,removed,name%3Clan%3E_,
predicate,removed,name%60_,
predicate,removed,name'''boldText'''_,
predicate,removed,name';'';_,
predicate,removed,name(chinese)_,
predicate,removed,name(gbr)_,
predicate,removed,name(u.s.)_,
predicate,removed,name5Explanation,
predicate,removed,nameDanish,
predicate,removed,nameFon,
predicate,removed,nameInKannada,
predicate,removed,nameKillaHittaHittaKilla,
predicate,removed,nameKolnKathedral,
predicate,removed,nameM,
predicate,removed,nameNoMeGusta,
predicate,removed,nameOfDaughter,
predicate,removed,nameOfFilm,
predicate,removed,nameOfHusband,
predicate,removed,nameOfMaker,
predicate,removed,nameOfNazim,
predicate,removed,nameOfSpouse,
predicate,removed,nameOfTheLink,
predicate,removed,nameOfWife,
predicate,removed,nameOriginal,
predicate,removed,nameRatnakar,
predicate,removed,nameThe,
predicate,removed,nameUnkown,
predicate,removed,nameY,
predicate,removed,nameZyra,
predicate,removed,namea,
predicate,removed,namecolour,
predicate,removed,nameeng,
predicate,removed,namen,
predicate,removed,namerences,
predicate,removed,namerom,
predicate,removed,namesInOtherLanguages,
predicate,removed,namesOfSecondarySchools,
predicate,removed,nameجميلة,
predicate,removed,nameمرضیهعزیزی,
predicate,removed,namge,
predicate,removed,namo,
predicate,removed,nams,
predicate,removed,namtiveName,
predicate,removed,namw,
predicate,removed,namxxxcxe,
predicate,removed,napionality,
predicate,removed,narator,
predicate,removed,narattor,
predicate,removed,narcissistPoints,
predicate,removed,narratedAs,
predicate,removed,narrator(s)_,
predicate,removed,voiceOver,
predicate,removed,narrorator,
predicate,removed,natCup,
predicate,removed,natchamp,
predicate,removed,natinoalgoals,
predicate,removed,natioanlity,
predicate,removed,natioanlteamUpdate,
predicate,removed,natioinalgoals,
predicate,removed,nationUpdate,
predicate,removed,nationa1caps,
predicate,removed,nationa1goals,
predicate,removed,nationa1team,
predicate,removed,nationalAssessmentAndAccreditationCouncil(naac)_,
predicate,removed,nationalChampionAppearances,
predicate,removed,nationalChampionshipAppearances,
predicate,removed,nationalCouncilViceChair,
predicate,removed,nationalCuisine,
predicate,removed,nationalEstructure,
predicate,removed,nationalManager,
predicate,removed,nationalName,
predicate,removed,nationalOrganizer,
predicate,removed,nationalcoals,
predicate,removed,nationalgols,
predicate,removed,nationaliity,
predicate,removed,nationalityHaitianAndCapeVerdeanBirthDate,
predicate,removed,nationalteam3%60_,
predicate,removed,nationaltean,
predicate,removed,nationaltemplateUpdate,
predicate,removed,nationaltiy,
predicate,removed,nationalyeras,
predicate,removed,nativcename,
predicate,removed,native(hebrew)Name,
predicate,removed,nativeAlphabet,
predicate,removed,nativeNaime,
predicate,removed,nativeNamae,
predicate,removed,nativeName'''louisNdjouou'''_,
predicate,removed,nativeName(transliterated)_,
predicate,removed,nativeName.,
predicate,removed,nativeNameHi,
predicate,removed,nativeNameLa,
predicate,removed,nativeNameLand,
predicate,removed,nativeNameLang.,
predicate,removed,nativeWikisourceLang,
predicate,removed,nattated,
predicate,removed,naturalbust,
predicate,removed,navigable,
predicate,removed,nazwa,
predicate,removed,nazwaOryginalna,
predicate,removed,nazwisko,
predicate,removed,nbSaisons,
predicate,removed,nbSeasons,
predicate,removed,nbÉpisodes,
predicate,removed,ncTusa,
predicate,removed,ncUsa,
predicate,removed,ncaaAllAmerican,
predicate,removed,ncaaFinish,
predicate,removed,ncaaRegionChampions,
predicate,removed,ncaaRunnerup,
predicate,removed,ncaaSuperRegional,
predicate,removed,ncaaSuperRegionals,
predicate,removed,ncaaSweet,
predicate,removed,ncaaallAmericans,
predicate,removed,ncaachampionship,
predicate,removed,ncaachampionshiprunnerUp,
predicate,removed,ncaaeliteeights,
predicate,removed,ncaafirstround,
predicate,removed,ncaafourthplace,
predicate,removed,ncaaindividualchampions,
predicate,removed,ncaaregionalfinal,
predicate,removed,ncaasweet,
predicate,removed,ncaatitlegame,
predicate,removed,ncaatournament,
predicate,removed,ncaatourneyapp,
predicate,removed,nccRanking,
predicate,removed,ncesSchoolDistrictId,
predicate,removed,ndl,
predicate,removed,nearNne,
predicate,removed,nearbySettlement,
predicate,removed,nearestCitY,
predicate,removed,nedaWaterfallsOrigin,
predicate,removed,nereastBusTerminal,
predicate,removed,net3name,
predicate,removed,netAssetValuePerShareAttributableToShareholders,
predicate,removed,netAttr.Profit,
predicate,removed,netGeneration,
predicate,removed,netIncome$253Million(2007);$150M(2010)NumEmployees,
predicate,removed,netIncomeNet,
predicate,removed,netInterestIncome,
predicate,removed,netProfit(groupShare)_,
predicate,removed,netWork,
predicate,removed,netadmin,
predicate,removed,netballArena,
predicate,removed,netincome,
predicate,removed,nettWorth,
predicate,removed,networOther,
predicate,removed,networkCreativeDirector,
predicate,removed,networkEs,
predicate,removed,networkHin,
predicate,removed,networkId,
predicate,removed,networkJp,
predicate,removed,networkObject,
predicate,removed,networkOthers,
predicate,removed,netzkategorie,
predicate,removed,newNameGiven,
predicate,removed,newSeries,
predicate,removed,newShowInHd,
predicate,removed,newStationDesign,
predicate,removed,newStudentRepresentative,
predicate,removed,newTeams,
predicate,removed,newTechDirector,
predicate,removed,newTracksProducer,
predicate,removed,newTracksRecorded,
predicate,removed,newTracksRecordedWith,
predicate,removed,newcastleCouncilWard,
predicate,removed,newfoundland'sBestRockAirdate,
predicate,removed,newmagazine,
predicate,removed,newnetwork,
predicate,removed,newnfl,
predicate,removed,newsChannel,
predicate,removed,newsDirector,
predicate,removed,newsLogo,
predicate,removed,newsOfTheWorld,
predicate,removed,newsPortal,
predicate,removed,newsPresenter,
predicate,removed,newsdeskEmail,
predicate,removed,newsdeskNumber,
predicate,removed,newspaper&Yearbook,
predicate,removed,newsweek,
predicate,removed,newteams,
predicate,removed,nextChampion,
predicate,removed,nextExtendedPlay,
predicate,removed,nextMovie,
predicate,removed,nextOfKin,
predicate,removed,nextSingleE,
predicate,removed,nextSingles,
predicate,removed,nextVolume,
predicate,removed,nextalbum,
predicate,removed,nextmeetingTbd.MostPlayerAppearances,
predicate,removed,nfBoardAffiliation,
predicate,removed,nflNew,
predicate,removed,nflPointsScored,
predicate,removed,nfldraftpick,
predicate,removed,nfldraftround,
predicate,removed,nfldraftteam,
predicate,removed,nfldraftyear,
predicate,removed,nflstatlabel,
predicate,removed,nflstatvalue,
predicate,removed,nh,
predicate,removed,nhdp,
predicate,removed,nhlCoaching,
predicate,removed,nhlrights,
predicate,removed,nhrpType,
predicate,removed,nicaraguaCallingCode,
predicate,removed,niche,
predicate,removed,nicheLabel,
predicate,removed,nickParker's4thFmSaveFounded,
predicate,removed,nickanme,
predicate,removed,nickmane,
predicate,removed,nickmante,
predicate,removed,nickpe,
predicate,removed,nicname,
predicate,removed,nihilObstat,
predicate,removed,nikkiReedStarring,
predicate,removed,nishan,
predicate,removed,nitChampions,
predicate,removed,nitChampionships,
predicate,removed,nitTournamentAppearances,
predicate,removed,nitappearences,
predicate,removed,nitchampion,
predicate,removed,nitchampions,
predicate,removed,nitchampionship,
predicate,removed,nittourney,
predicate,removed,nittourneys,
predicate,removed,njTusa,
predicate,removed,njUsa,
predicate,removed,nla,
predicate,removed,nlp,
predicate,removed,no.Builts,
predicate,removed,no.Episodes,
predicate,removed,no.OfDaughters,
predicate,removed,no.OfEpisode,
predicate,removed,no.OfEpisodes,
predicate,removed,no.OfLaureates,
predicate,removed,no.OfListing,
predicate,removed,no.OfSeason,
predicate,removed,no.OfSeason(s)_,
predicate,removed,no.OfSeasons,
predicate,removed,no.OfSeries,
predicate,removed,no.OfSharesOutstanding,
predicate,removed,no.OfSons,
predicate,removed,no.OfTeams(men's)_,
predicate,removed,no.OfTeams(women's)_,
predicate,removed,no.OfYears,
predicate,removed,no.Season(s)_,
predicate,removed,no.Towers,
predicate,removed,no.ofBranches,
predicate,removed,no.ofEpisodes,
predicate,removed,no.ofHouseholds,
predicate,removed,no.vofSeasons,
predicate,removed,noAflnChamps,
predicate,removed,noBnlChamps,
predicate,removed,noCoordDisplay,
predicate,removed,noCoordParameters,
predicate,removed,noDiv2Champs,
predicate,removed,noEbChamps,
predicate,removed,noLatDegrees,
predicate,removed,noLatDirection,
predicate,removed,noLatMinutes,
predicate,removed,noLatSeconds,
predicate,removed,noLatitudeNo,
predicate,removed,noLocmapin,
predicate,removed,noLongDegrees,
predicate,removed,noLongDirection,
predicate,removed,noLongMinutes,
predicate,removed,noLongSeconds,
predicate,removed,noLongitudeNo,
predicate,removed,noOfChildren,
predicate,removed,noOfEpesodes,
predicate,removed,noOfEpisodes,
predicate,removed,noOfSeason,
predicate,removed,noOfSeasons,
predicate,removed,noOfSeries,
predicate,removed,noOfTowers,
predicate,removed,noSeason,
predicate,removed,noSeasons,
predicate,removed,noTbChamps,
predicate,removed,noTbLoss,
predicate,removed,noarlungaline,
predicate,removed,nobrowse,
predicate,removed,nocoords,
predicate,removed,noknownPlanets,
predicate,removed,nomDeNaissance,
predicate,removed,nombreDeStrahler,
predicate,removed,nombreMembre,
predicate,removed,nommusée,
predicate,removed,nomreal,
predicate,removed,nomtrmap,
predicate,removed,nonAcademicStaff,
predicate,removed,nonChampionship,
predicate,removed,nonofficialName,
predicate,removed,nonteachingStaff,
predicate,removed,nord,
predicate,removed,nordost,
predicate,removed,nordwest,
predicate,removed,norseEquivalent,
predicate,removed,northernDistrict,
predicate,removed,notDanger,
predicate,removed,notableArchaeologists,
predicate,removed,notableDominicans,
predicate,removed,notableGuests,
predicate,removed,notableGuitars,
predicate,removed,notableInmates,
predicate,removed,notableMusicEquipment,
predicate,removed,notablePhysicalAnthropologists,
predicate,removed,notablePractioners,
predicate,removed,notablePrize,
predicate,removed,notaryName,
predicate,removed,notaryTitle,
predicate,removed,noteableWorks,
predicate,removed,notesLength,
predicate,removed,notified,
predicate,removed,novAveragePrecipitationMm,
predicate,removed,novAvgF,
predicate,removed,novMaxC,
predicate,removed,novMaxWindSpeed,
predicate,removed,novMinC,
predicate,removed,novPrecipitationDays(%3E_,
predicate,removed,novRecordHighMinimumC,
predicate,removed,novRecordLowMaximumC,
predicate,removed,novSnowfallInch,
predicate,removed,novSunshineHours,
predicate,removed,novWind,
predicate,removed,noviewersonmainlist,
predicate,removed,nowResiding,
predicate,removed,noye,
predicate,removed,nr.OfPlates,
predicate,removed,nrcN,
predicate,removed,nri,
predicate,removed,nsdsfoborder,
predicate,removed,nshowName,
predicate,removed,nteam,
predicate,removed,ntoes,
predicate,removed,ntpdate,
predicate,removed,ntu,
predicate,removed,nuDivisio,
predicate,removed,nukat,
predicate,removed,numAnnualConferenceAttendees,
predicate,removed,numAnnualVisitsToTheNetwork'sWebsites,
predicate,removed,numBooks,
predicate,removed,numCaptures,
predicate,removed,numCentres,
predicate,removed,numChapters,
predicate,removed,numComics,
predicate,removed,numContractors,
predicate,removed,numCountriesServed(includingU.s.)_,
predicate,removed,numCycles,
predicate,removed,numEmployeesDate,
predicate,removed,numEpi,
predicate,removed,numEpisode,
predicate,removed,numEpisodes(originalRun)_,
predicate,removed,numEpisodesAired,
predicate,removed,numEpisodesPerSeason,
predicate,removed,numEpisodios,
predicate,removed,numFullTimeEmployees,
predicate,removed,numLearners,
predicate,removed,numLiam'sStoryWebisodes,
predicate,removed,numLiveShows,
predicate,removed,numLocomotives,
predicate,removed,numMemberChurches,
predicate,removed,numMovies,
predicate,removed,numNgosRegisteredInGlobalDatabase,
predicate,removed,numOfEpisodes,
predicate,removed,numOfSeries,
predicate,removed,numOfTeams,
predicate,removed,numOrganiser,
predicate,removed,numPart,
predicate,removed,numPartners&Employees,
predicate,removed,numSeriesOneEpisodes,
predicate,removed,numSeriess,
predicate,removed,numSeris,
predicate,removed,numSesaons,
predicate,removed,numSpecials,
predicate,removed,numStories,
predicate,removed,numTeam,
predicate,removed,numTechnologyPartners,
predicate,removed,numTechnologyProductDonationsToDate,
predicate,removed,numValueOfSavingsToTheSectorToDate,
predicate,removed,numVideos,
predicate,removed,numVisitors,
predicate,removed,numVolumes,
predicate,removed,numVolunteerEyeSurgeons,
predicate,removed,numWebisodes,
predicate,removed,numYears,
predicate,removed,numb,
predicate,removed,numbber,
predicate,removed,numbe,
predicate,removed,numberDesigners,
predicate,removed,numberFarmer,
predicate,removed,numberInClass,
predicate,removed,numberInSeries,
predicate,removed,numberInService,
predicate,removed,numberOfAltars,
predicate,removed,numberOfBands,
predicate,removed,numberOfBoys,
predicate,removed,numberOfClassrooms,
predicate,removed,numberOfClerks,
predicate,removed,numberOfCountries,
predicate,removed,numberOfEmployess,
predicate,removed,numberOfEpisodeAppearances,
predicate,removed,numberOfEposides,
predicate,removed,numberOfEps,
predicate,removed,numberOfEps.,
predicate,removed,numberOfFamilies,
predicate,removed,numberOfGirls,
predicate,removed,numberOfGymnasium,
predicate,removed,numberOfHostel,
predicate,removed,numberOfMonks,
predicate,removed,numberOfMounds,
predicate,removed,numberOfObservatories,
predicate,removed,numberOfOffices,
predicate,removed,numberOfPlazas,
predicate,removed,numberOfPoliticalDivisions,
predicate,removed,numberOfPupils,
predicate,removed,numberOfSeason,
predicate,removed,numberOfShrines,
predicate,removed,numberOfStelea,
predicate,removed,numberOfStore,
predicate,removed,numberOfStudentsInArtsStream,
predicate,removed,numberOfStudentsInCommerceStream,
predicate,removed,numberOfStudentsInScienceStream,
predicate,removed,numberOfSukus,
predicate,removed,numberOfSwimmingPool,
predicate,removed,numberOfTeachers,
predicate,removed,numberOfVillages,
predicate,removed,numberOfWords,
predicate,removed,numberOnes,
predicate,removed,numberSeasons,
predicate,removed,numberinclass,
predicate,removed,numberinfranchise,
predicate,removed,numberinseason,
predicate,removed,numbersOfWards,
predicate,removed,numberteams,
predicate,removed,nv,
predicate,removed,nwcRecent,
predicate,removed,nwcTitles,
predicate,removed,nyears,
predicate,removed,oName,
predicate,removed,obcoach,
predicate,removed,observedsince,
predicate,removed,occuPation,
predicate,removed,occuaption,
predicate,removed,occupacation,
predicate,removed,occupación,
predicate,removed,s,
predicate,removed,work,
predicate,removed,occupationP,
predicate,removed,occupationn,
predicate,removed,occupattion,
predicate,removed,occupatuion,
predicate,removed,occurenceType,
predicate,removed,worldcat,
predicate,removed,oclcNumber,
predicate,removed,octAveragePrecipitationMm,
predicate,removed,octAvgF,
predicate,removed,octMaxC,
predicate,removed,octMaxWindSpeed,
predicate,removed,octMinC,
predicate,removed,octPrecipitationDays(%3E_,
predicate,removed,octRecordHighMinimumC,
predicate,removed,octRecordLowMaximumC,
predicate,removed,octSnowfallInch,
predicate,removed,octSunshineHours,
predicate,removed,octWind,
predicate,removed,ocuppation,
predicate,removed,ocutOffPoints(basedOnL1r5)_,
predicate,removed,odiaTransliteration,
predicate,removed,offAir,
predicate,removed,offAirDate,
predicate,removed,offensiveCoach,
predicate,removed,offensiveLineCoach,
predicate,removed,offers,
predicate,removed,officalName,
predicate,removed,officalWebsiteInChina,
predicate,removed,officeLocation,
predicate,removed,officeSecretary,
predicate,removed,officeSince,
predicate,removed,officialBlog,
predicate,removed,officialCashRate,
predicate,removed,officialColours,
predicate,removed,officialCommissioning,
predicate,removed,officialFeast,
predicate,removed,officialHomepage,
predicate,removed,officialName'''louisNdjouou'''_,
predicate,removed,officialNameNurulIslamShilakAnturtilaAbdulSattarBolirBari,
predicate,removed,officialNickname,
predicate,removed,officialSchoolPaper,
predicate,removed,officialSport,
predicate,removed,officialTwitter,
predicate,removed,officialUpdateAccounts,
predicate,removed,officialWebpage,
predicate,removed,officialWerbsite,
predicate,removed,officialWiki,
predicate,removed,officializeName,
predicate,removed,offplayerofgame,
predicate,removed,ogaePoland,
predicate,removed,ok,
predicate,removed,olcoach,
predicate,removed,oldFrequency,
predicate,removed,oldSaying,
predicate,removed,oldStationLogo,
predicate,removed,olderName,
predicate,removed,oldestOrg.,
predicate,removed,oldestWinner(s)_,
predicate,removed,oldfour,
predicate,removed,oldham,
predicate,removed,oldname,
predicate,removed,olympiad,
predicate,removed,olympicsResult,
predicate,removed,olympicsinglesresult,
predicate,removed,olympicsinglessresult,
predicate,removed,olympicsmixeddoublesresult,
predicate,removed,onAir,
predicate,removed,onAirDate,
predicate,removed,onAirName,
predicate,removed,onAirringTime,
predicate,removed,onDemand,
predicate,removed,onScreenDeath,
predicate,removed,onair,
predicate,removed,onderschrift,
predicate,removed,onePersonWhoPlayedIt,
predicate,removed,oneday,
predicate,removed,ongoning,
predicate,removed,onlineDelivery,
predicate,removed,onlineMedia,
predicate,removed,onlineNewspaper,
predicate,removed,onlinePromoters,
predicate,removed,onlinePromotion,
predicate,removed,onlineRequests,
predicate,removed,onlineSeriesCreator,
predicate,removed,onlineStream,
predicate,removed,onlineeditor,
predicate,removed,ontstaansdatum,
predicate,removed,oocupation,
predicate,removed,opBishnoiBana,
predicate,removed,opeIncome,
predicate,removed,opearationsCeased,
predicate,removed,open&EndTheme,
predicate,removed,ClosedCampus,
predicate,removed,openAcces,
predicate,removed,openHours,
predicate,removed,openLibrary,
predicate,removed,openTheme,
predicate,removed,closed,
predicate,removed,openedToThePublic,
predicate,removed,openingCredits,
predicate,removed,openingMusicForForceOfTheGuardiansComposedBy,
predicate,removed,openingTimes,
predicate,removed,openingToThePublic,
predicate,removed,openingTrack,
predicate,removed,openinghours,
predicate,removed,openthemeComposder,
predicate,removed,openthemeComposer,
predicate,removed,operaTor,
predicate,removed,operater,
predicate,removed,operatingLicenseHolder,
predicate,removed,operatingLightHours,
predicate,removed,operatingTime,
predicate,removed,operationsAssistants,
predicate,removed,operatorcLass,
predicate,removed,oplaceOfBirth,
predicate,removed,opponentsRecord,
predicate,removed,opration,
predicate,removed,oprose,
predicate,removed,option2Color,
predicate,removed,opublikowany,
predicate,removed,orangePealer,
predicate,removed,orbitAltitude,
predicate,removed,orbitType,
predicate,removed,orbitalCharacteristics,
predicate,removed,orbitalElements,
predicate,removed,orbitalInsertionDate,
predicate,removed,orbitalPeriod,
predicate,removed,orbitalVelocity,
predicate,removed,orbitsDaily,
predicate,removed,orchestralArrangement,
predicate,removed,orcid,
predicate,removed,ord,
predicate,removed,ordain,
predicate,removed,orded,
predicate,removed,ordeo,
predicate,removed,orderAuthority,
predicate,removed,orderMandate,
predicate,removed,ordinaryIncome,
predicate,removed,organistEmeritus,
predicate,removed,organistdom.,
predicate,removed,team,
predicate,removed,organizationMission,
predicate,removed,orgin,
predicate,removed,orig.MediaType,
predicate,removed,origLanguageCode,
predicate,removed,originCoordinates,
predicate,removed,originElevation,
predicate,removed,originElevationFt,
predicate,removed,originElevationM,
predicate,removed,originEw,
predicate,removed,originHeightM,
predicate,removed,originLatD,
predicate,removed,originLatM,
predicate,removed,originLatNs,
predicate,removed,originLatS,
predicate,removed,originLongD,
predicate,removed,originLongEw,
predicate,removed,originLongM,
predicate,removed,originLongS,
predicate,removed,originNs,
predicate,removed,originalAirdate,
predicate,removed,originalAiring,
predicate,removed,originalArchitects,
predicate,removed,originalBy,
predicate,removed,originalCost,
predicate,removed,originalCourthouseBuilt,
predicate,removed,originalDesign,
predicate,removed,originalFormat,
predicate,removed,originalFounder,
predicate,removed,originalFrequency,
predicate,removed,originalHaircolor,
predicate,removed,originalIdea,
predicate,removed,originalIndependentReleased,
predicate,removed,originalLanguage(s)_,
predicate,removed,originalLength,
predicate,removed,originalLocationStreetAddress,
predicate,removed,originalMusicComposer,
predicate,removed,originalPackager,
predicate,removed,originalPublisher,
predicate,removed,originalSoundEngineer,
predicate,removed,originalString,
predicate,removed,originalUsReleaseOneSheetPosterImdbId,
predicate,removed,originalVersion,
predicate,removed,originalWriter,
predicate,removed,originalWriting,
predicate,removed,originalairDate,
predicate,removed,originalairdat,
predicate,removed,originality,
predicate,removed,originallens,
predicate,removed,originallyReleasedByPlusMusic,
predicate,removed,originalsprache,
predicate,removed,originated,
predicate,removed,originatingTeam,
predicate,removed,origing,
predicate,removed,origninatingNwsOffice,
predicate,removed,oringalairdate,
predicate,removed,ori̇gi̇n,
predicate,removed,ország,
predicate,removed,orthologs,
predicate,removed,osition,
predicate,removed,ost,
predicate,removed,ostalCode,
predicate,removed,otations,
predicate,removed,otherAliases,
predicate,removed,otherChannels,
predicate,removed,otherChartedSongs,
predicate,removed,otherChartedSongsLink,
predicate,removed,otherCompaniesByBdo,
predicate,removed,otherCredits,
predicate,removed,otherLanguageName,
predicate,removed,otherLocation,
predicate,removed,otherNameRegion,
predicate,removed,otherNames.,
predicate,removed,otherNetwork,
predicate,removed,otherOccupation,
predicate,removed,otherPlaces,
predicate,removed,otherPresenter(s)_,
predicate,removed,otherPrizes,
predicate,removed,otherPublications,
predicate,removed,otherReligion,
predicate,removed,otherSponsors,
predicate,removed,otherSymbols,
predicate,removed,otherTracks,
predicate,removed,otherTracksLink,
predicate,removed,otherVictims,
predicate,removed,otherpary,
predicate,removed,othersConstr,
predicate,removed,othertournamentssingles,
predicate,removed,ouachampion,
predicate,removed,ouest,
predicate,removed,outerharborline,
predicate,removed,outline,
predicate,removed,output(2013)_,
predicate,removed,outputpc,
predicate,removed,overallCost,
predicate,removed,overallTechnician,
predicate,removed,overseasCampus,
predicate,removed,overseasCareerStart,
predicate,removed,overseasCareerTeams,
predicate,removed,overseesStudents,
predicate,removed,owner'sGroup,
predicate,removed,designer,
predicate,removed,ownerChef,
predicate,removed,oxygen,
predicate,removed,p.O.Box,
predicate,removed,p.a.,
predicate,removed,p.a.Announcers,
predicate,removed,p1aNotes,
predicate,removed,p1bDestname,
predicate,removed,p1bNotes,
predicate,removed,p1bStop,
predicate,removed,p1destcolor,
predicate,removed,p1destname,
predicate,removed,p1linebackground,
predicate,removed,p1linecolor,
predicate,removed,p1name,
predicate,removed,p2aNotes,
predicate,removed,p2bDestname,
predicate,removed,p2cDestname,
predicate,removed,p2cNotes,
predicate,removed,p2cStop,
predicate,removed,p2destcolor,
predicate,removed,p2destname,
predicate,removed,p2linebackground,
predicate,removed,p2linecolor,
predicate,removed,p2name,
predicate,removed,p3aDestname,
predicate,removed,p3aLinename,
predicate,removed,p3aNotes,
predicate,removed,p3aStop,
predicate,removed,p3bDestname,
predicate,removed,p3bNotes,
predicate,removed,p3num,
predicate,removed,p4aDestname,
predicate,removed,p4aLinename,
predicate,removed,p4aNotes,
predicate,removed,p4aStop,
predicate,removed,p4num,
predicate,removed,p5aDestname,
predicate,removed,p5aLinename,
predicate,removed,p5aStop,
predicate,removed,p5bLinename,
predicate,removed,p5bStop,
predicate,removed,p5num,
predicate,removed,p6aLinename,
predicate,removed,p6aStop,
predicate,removed,p6bLinename,
predicate,removed,p6bStop,
predicate,removed,p6num,
predicate,removed,pSpouse,
predicate,removed,paError,
predicate,removed,paants,
predicate,removed,paceOfBirth,
predicate,removed,pacificAsiaChampionshipAppearances,
predicate,removed,packageDesign,
predicate,removed,packagers,
predicate,removed,pad,
predicate,removed,padres,
predicate,removed,pageOnFacebook,
predicate,removed,pages(pocketEdition)_,
predicate,removed,pags,
predicate,removed,paidParking,
predicate,removed,paidUpCapital,
predicate,removed,paintingName,
predicate,removed,pakistanMusicAwardsn,
predicate,removed,pakistanMusicAwardsw,
predicate,removed,pamalicious,
predicate,removed,parDuration,
predicate,removed,parampara,
predicate,removed,parantOrganization,
predicate,removed,parchmentStudentChoice,
predicate,removed,pareja,
predicate,removed,parentDistrict,
predicate,removed,parentNames,
predicate,removed,parents.,
predicate,removed,parentsGuide,
predicate,removed,parner,
predicate,removed,parnet,
predicate,removed,partOfRefnum,
predicate,removed,partent,
predicate,removed,partickThistle20042005Years,
predicate,removed,partidoPolítico,
predicate,removed,partner(partners)_,
predicate,removed,partnumRefnum,
predicate,removed,partofadded,
predicate,removed,partofrefnum,
predicate,removed,partsStype,
predicate,removed,party15d,
predicate,removed,party19d,
predicate,removed,party2d,
predicate,removed,party34b,
predicate,removed,party38b,
predicate,removed,partyOfCandidate,
predicate,removed,partyOrigname,
predicate,removed,parvorder,
predicate,removed,passSystem,
predicate,removed,passengerCapacitySeats,
predicate,removed,passengerCapacityStanding,
predicate,removed,passengercapacity,
predicate,removed,small%3E_,
predicate,removed,passngers,
predicate,removed,passteamsnote,
predicate,removed,past&ReturningMembers,
predicate,removed,pastCaptain,
predicate,removed,pastChannels,
predicate,removed,pastGreats,
predicate,removed,pastLabels,
predicate,removed,pastManager,
predicate,removed,pastMember.,
predicate,removed,pastMemberas,
predicate,removed,pastMembersMembers,
predicate,removed,pastNamesAndNickNames,
predicate,removed,pastOrOccasionalMembers,
predicate,removed,pastOwner,
predicate,removed,pastSeason,
predicate,removed,pastSlogans,
predicate,removed,pastors,
predicate,removed,pastteam,
predicate,removed,pastteamsnotes,
predicate,removed,paternal,
predicate,removed,paternalGrandparents,
predicate,removed,pather,
predicate,removed,patners,
predicate,removed,patrimonio,
predicate,removed,pattern3b,
predicate,removed,patternBlink,
predicate,removed,patternLb,
predicate,removed,patternM,
predicate,removed,patternRb,
predicate,removed,patternY,
predicate,removed,patternYa,
predicate,removed,patwari,
predicate,removed,payloadFractionToLeo,
predicate,removed,państwo,
predicate,removed,pbupdate,
predicate,removed,pcfbest,
predicate,removed,pcfcareer,
predicate,removed,pcountry,
predicate,removed,pcpdate,
predicate,removed,pcudpate,
predicate,removed,pcupdata,
predicate,removed,pcupdte,
predicate,removed,md,
predicate,removed,peaceAndFreedom,
predicate,removed,peaked,
predicate,removed,pecededBy,
predicate,removed,peeDeeArea,
predicate,removed,peges,
predicate,removed,penName(hindi)_,
predicate,removed,penName(urdu)_,
predicate,removed,pengim,
predicate,removed,penstocks,
predicate,removed,perCapital,
predicate,removed,percentage13Before,
predicate,removed,percentageOfStudentsGraduatingIntoCollege,
predicate,removed,performerBy,
predicate,removed,period16Text,
predicate,removed,period1From,
predicate,removed,period1Size,
predicate,removed,period2To,
predicate,removed,periodInOffice,
predicate,removed,periodOfSignificance,
predicate,removed,permanentCampus,
predicate,removed,permanentResidence,
predicate,removed,personalBests,
predicate,removed,personalBlog,
predicate,removed,personalData,
predicate,removed,personalEnemy,
predicate,removed,personalGoal,
predicate,removed,personalManager,
predicate,removed,personalWebSite,
predicate,removed,personalities,
predicate,removed,pesident,
predicate,removed,pex,
predicate,removed,peña,
predicate,removed,pfwaAllPros,
predicate,removed,ph.d.,
predicate,removed,phNo.,
predicate,removed,phampletlink,
predicate,removed,phdLabel,
predicate,removed,philippines,
predicate,removed,phlylum,
predicate,removed,phoneNumber2817625Image,
predicate,removed,phoneNumberAreaCode,
predicate,removed,photoCapt,
predicate,removed,photoTCaption,
predicate,removed,photographDirector,
predicate,removed,photographs,
predicate,removed,photographyEditor,
predicate,removed,phyla,
predicate,removed,phylim,
predicate,removed,phyllum,
predicate,removed,phylumDivisio,
predicate,removed,phylumSubclassis,
predicate,removed,phylumSv,
predicate,removed,physicalCharateristics,
predicate,removed,pianist,
predicate,removed,picture2Caption,
predicate,removed,pictureChairman,
predicate,removed,pictureFormart,
predicate,removed,pictureOfProduct,
predicate,removed,pictureRatio,
predicate,removed,picturisedOn,
predicate,removed,pie,
predicate,removed,pieDeImage,
predicate,removed,pieOfBirth,
predicate,removed,pilgrimage,
predicate,removed,piligrimage,
predicate,removed,pilotAired,
predicate,removed,pilotScriptWriter,
predicate,removed,pinCodeOf,
predicate,removed,pinSode,
predicate,removed,pinyinChineseName,
predicate,removed,placOfBirth,
predicate,removed,placeOfBerth,
predicate,removed,placeOfBiirth,
predicate,removed,placeOfBir,
predicate,removed,placeOfBirh,
predicate,removed,placeOfBirth&nbsp;&nbsp;_,
predicate,removed,placeOfBirtht,
predicate,removed,placeOfBirth—_,
predicate,removed,placeOfBith,
predicate,removed,placeOfBrith,
predicate,removed,placeOfCitizenship,
predicate,removed,placeOfCollege,
predicate,removed,placeOfDeadth,
predicate,removed,placeOfDeah,
predicate,removed,placeOfDeat,
predicate,removed,placeOfDeatH,
predicate,removed,placeOfDeath(suicideBecauseHeCouldNoBeatCodGhost)_,
predicate,removed,placeOfDeathDate,
predicate,removed,placeOfDeathJoinedClub,
predicate,removed,placeOfDeathKids,
predicate,removed,placeOfDeathv,
predicate,removed,placeOfDeeath,
predicate,removed,placeOfDirection,
predicate,removed,placeOfEntombment,
predicate,removed,placeOfLivingAndWork,
predicate,removed,placeOfMarriage,
predicate,removed,placeOfPublication,
predicate,removed,placeOfRest,
predicate,removed,placeOfResting,
predicate,removed,placeOfSamadhi,
predicate,removed,placeOfSchooling,
predicate,removed,placeOrigin,
predicate,removed,placementCellWebsite,
predicate,removed,placesSituatedFamous,
predicate,removed,plaizReviews,
predicate,removed,planetCoords,
predicate,removed,planetLanding,
predicate,removed,plannedDuration,
predicate,removed,planrepresentative,
predicate,removed,plantGenerators,
predicate,removed,plantOwner,
predicate,removed,platformno,
predicate,removed,platformtype,
predicate,removed,playAreas,
predicate,removed,playbackArtists,
predicate,removed,playbackSinger,
predicate,removed,playbackSingers,
predicate,removed,assistantManager,
predicate,removed,manager,
predicate,removed,playerPositio,
predicate,removed,playersRep,
predicate,removed,playingclubs,
predicate,removed,playingyears,
predicate,removed,plceOfDeath,
predicate,removed,pllaceOfBirth,
predicate,removed,plstText,
predicate,removed,pmError,
predicate,removed,poets&Quants,
predicate,removed,pointOfView,
predicate,removed,"polishFirstLeague,16thRelegatedPatternLa",
predicate,removed,politicViews,
predicate,removed,poll5Candidate,
predicate,removed,poll5Date,
predicate,removed,pop11.,
predicate,removed,pop3Year,
predicate,removed,popMetro,
predicate,removed,popTime,
predicate,removed,popUrban,
predicate,removed,poplace,
predicate,removed,poplorVillage,
predicate,removed,popofyear,
predicate,removed,poprveVysilano,
predicate,removed,popscol,
predicate,removed,popualtionMetro,
predicate,removed,populaR3wrWtionDensitySqMi,
predicate,removed,populace,
predicate,removed,populaonDensityKm,
predicate,removed,popularSports,
predicate,removed,populate,
predicate,removed,populatedBy,
predicate,removed,populatio,
predicate,removed,population(2009Estimate)_,
predicate,removed,population.,
predicate,removed,_,
predicate,removed,populationAtSummer,
predicate,removed,populationBlank1AsOf,
predicate,removed,populationBlankTitle,
predicate,removed,populationCapacity,
predicate,removed,populationCityProper,
predicate,removed,populationCityRegion,
predicate,removed,populationDdensityMetroKm,
predicate,removed,populationDemonyms,
predicate,removed,populationDensityK,
predicate,removed,populationDensityMetroSqKm,
predicate,removed,populationDensitymi³_,
predicate,removed,populationDowntown,
predicate,removed,populationEstimatesAsOf,
predicate,removed,populationF,
predicate,removed,populationM,
predicate,removed,populationMetroRank,
predicate,removed,populationMetroSqKm,
predicate,removed,populationMetropolis,
predicate,removed,populationName,
predicate,removed,populationOfMen,
predicate,removed,populationOfWomen,
predicate,removed,populationReligious,
predicate,removed,populationTotal(2011Census)_,
predicate,removed,populationTotalKm,
predicate,removed,populationUrbanDensityKm,
predicate,removed,populationi,
predicate,removed,portName,
predicate,removed,portaventura,
predicate,removed,portraitArtist,
predicate,removed,posiciónTabla,
predicate,removed,posistion,
predicate,removed,positio,
predicate,removed,position37thPositionInIndiaAlumniNetwork,
predicate,removed,positionStatement,
predicate,removed,positioning,
predicate,removed,positionn,
predicate,removed,postAudio,
predicate,removed,postDoctoralResearchers,
predicate,removed,postGraduation,
predicate,removed,postProductionCompany,
predicate,removed,postProductionCoordinator,
predicate,removed,postProductionHead,
predicate,removed,postTransition,
predicate,removed,postVillage,
predicate,removed,postairport,
predicate,removed,postal,
predicate,removed,postal3Code,
predicate,removed,postal3CodeType,
predicate,removed,postal4Code,
predicate,removed,postal4CodeType,
predicate,removed,postalCodesRef,
predicate,removed,postalCodesType,
predicate,removed,postalTown,
predicate,removed,postcodeARea,
predicate,removed,postcodeTown,
predicate,removed,postition,
predicate,removed,postseasonTournamentAppearances,
predicate,removed,powercalss,
predicate,removed,poweredBy,
predicate,removed,početStran,
predicate,removed,pr&PublicityMngr,
predicate,removed,prComapny,
predicate,removed,practiceArea,
predicate,removed,preColumbia,
predicate,removed,preColumbian,
predicate,removed,preGameShow,
predicate,removed,preTournamentPremoPorrettaNationalChampions,
predicate,removed,preUniversity&Graduation,
predicate,removed,preaflprobowls,
predicate,removed,preairport,
predicate,removed,precceedBy,
predicate,removed,preceeded,
predicate,removed,preceededBy,
predicate,removed,preceeding,
predicate,removed,precipColour,
predicate,removed,precipitacionColour,
predicate,removed,predecessor!_,
predicate,removed,predecessor%23_,
predicate,removed,predecessor(s)_,
predicate,removed,predescessor,
predicate,removed,predesessor,
predicate,removed,preedecessor,
predicate,removed,prefaceBy,
predicate,removed,preferredPronouns,
predicate,removed,preident,
predicate,removed,prelacy,
predicate,removed,prem,
predicate,removed,prembest,
predicate,removed,premcareer,
predicate,removed,preparator,
predicate,removed,prepustnaMoc,
predicate,removed,prequeledBy,
predicate,removed,presence,
predicate,removed,"presenceIn151CountriesThrough1,328OfficesWorldwideKeyPeople",
predicate,removed,presenrer,
predicate,removed,presentDay,
predicate,removed,presentStudents,
predicate,removed,presentTeachers,
predicate,removed,presentatie,
predicate,removed,presentation,
predicate,removed,presentedByAndStarring,
predicate,removed,presentname,
predicate,removed,presentors,
predicate,removed,publisher,
predicate,removed,president&Dean,
predicate,removed,president&Publisher,
predicate,removed,president'sCup2005Season,
predicate,removed,president(2013)_,
predicate,removed,president(interim)_,
predicate,removed,president(principal)_,
predicate,removed,president(unelectedByTheMembership)_,
predicate,removed,presidentEmeriti,
predicate,removed,presidentForSport,
predicate,removed,presidentOfAlumniAssociation,
predicate,removed,presidentOfAtollCouncil,
predicate,removed,presidentOfNagarParishad,
predicate,removed,presidentTaylor'sCollege,
predicate,removed,presidentUllmawing,
predicate,removed,pressClubChairmanName,
predicate,removed,pressClubV.presidentName,
predicate,removed,pressSecretary,
predicate,removed,pretitlestyle,
predicate,removed,prevCtsYear,
predicate,removed,prevTrains,
predicate,removed,previousBy,
predicate,removed,previousClubs,
predicate,removed,previousHosts,
predicate,removed,previousOfficialName,
predicate,removed,previousOwners,
predicate,removed,previousPos,
predicate,removed,previousPresenters,
predicate,removed,previousProducers,
predicate,removed,previousSong,
predicate,removed,previousalbum,
predicate,removed,previouslyKnown,
predicate,removed,previousnumbers,
predicate,removed,previousowner,
predicate,removed,prhaladPurUnionChaiman,
predicate,removed,priceRange,
predicate,removed,pricingModel,
predicate,removed,priestAssociate,
predicate,removed,primaryOperatingIncome,
predicate,removed,primaryPrinciple,
predicate,removed,primarySchoolEnrolmentRatioFemale(2008)_,
predicate,removed,primarySchoolEnrolmentRatioMale(2008)_,
predicate,removed,primeTime,
predicate,removed,primeministe1r,
predicate,removed,primeminister1c,
predicate,removed,primeministers,
predicate,removed,principalCbse,
predicate,removed,principalDes,
predicate,removed,"principalIb,Icse,Cambridge",
predicate,removed,principalPhotographer,
predicate,removed,principalWriter,
predicate,removed,principalarea,
predicate,removed,principallocality,
predicate,removed,printedBy,
predicate,removed,printedFilmFormat,
predicate,removed,priorOccupation,
predicate,removed,psychiatricHospital,
predicate,removed,prisonName,
predicate,removed,prisonerType,
predicate,removed,privateSupportRaised,
predicate,removed,prix,
predicate,removed,prizesWorth,
predicate,removed,prk,
predicate,removed,pro4result,
predicate,removed,proAvailable,
predicate,removed,procededBy,
predicate,removed,prod'nCoordinator,
predicate,removed,prod.Manager,
predicate,removed,prod.code,
predicate,removed,prodAssistants,
predicate,removed,prodCo,
predicate,removed,prodCoOrdinates,
predicate,removed,prodMgr,
predicate,removed,prodWebsite,
predicate,removed,produceYear,
predicate,removed,producer'sWebsite,
predicate,removed,director,
predicate,removed,packager,
predicate,removed,writer,
predicate,removed,producerBy,
predicate,removed,producerInCharge,
predicate,removed,producerName,
predicate,removed,engineers,
predicate,removed,producersCredits,
predicate,removed,productCategories,
predicate,removed,productDimensions,
predicate,removed,productServices,
predicate,removed,production&Creative,
predicate,removed,productionAndProgramManager,
predicate,removed,productionAssistants,
predicate,removed,productionAttorney,
predicate,removed,productionCoOrdinators,
predicate,removed,productionControl,
predicate,removed,productionDesignedBy,
predicate,removed,productionEnd,
predicate,removed,productionExec,
predicate,removed,productionFinance,
predicate,removed,productionHead,
predicate,removed,productionHistory,
predicate,removed,productionManage,
predicate,removed,LeadProductionConsultant,
predicate,removed,productionMenager,
predicate,removed,productionRunner,
predicate,removed,productionUnitHead,
predicate,removed,productionUnitManager,
predicate,removed,productionWebsTitle,
predicate,removed,productorEjecutivo,
predicate,removed,productoras,
predicate,removed,products(areAllDefunct)_,
predicate,removed,productsSoftware,
predicate,removed,produkcniSpolecnost,
predicate,removed,professionalReviews,
predicate,removed,proffesion,
predicate,removed,profitOfFun,
predicate,removed,programClassifier,
predicate,removed,programer,
predicate,removed,programmeController,
predicate,removed,programmeCost,
predicate,removed,programmeDirector,
predicate,removed,programmeEditor,
predicate,removed,programmeManager,
predicate,removed,programmingFramework,
predicate,removed,programsManager,
predicate,removed,projectAdministrators,
predicate,removed,projectDesigner,
predicate,removed,projectHead,
predicate,removed,projectVolume,
predicate,removed,projectedultimate,
predicate,removed,projectreference,
predicate,removed,projecttype,
predicate,removed,promoSingles,
predicate,removed,promos,
predicate,removed,promotionalSinglesLink,
predicate,removed,propMo,
predicate,removed,propMoPa,
predicate,removed,propertyOwners,
predicate,removed,propietor,
predicate,removed,propogator,
predicate,removed,proposedCapacity,
predicate,removed,proposedIdentities,
predicate,removed,proprietorI,
predicate,removed,proprietorIi,
predicate,removed,proprietorIii,
predicate,removed,proprietorIv,
predicate,removed,protectiveRelays,
predicate,removed,protestantPc,
predicate,removed,protonym,
predicate,removed,prov,
predicate,removed,provedReserves,
predicate,removed,proviceChancellor,
predicate,removed,provincesCarried,
predicate,removed,provincialLargestCity,
predicate,removed,provisionalMembers,
predicate,removed,psls,
predicate,removed,psoition,
predicate,removed,psotalCodeType,
predicate,removed,psrentPeak,
predicate,removed,pst.grad,
predicate,removed,psychologist,
predicate,removed,ptPostgrad,
predicate,removed,ptUndergrad,
predicate,removed,ptaWebsite,
predicate,removed,ptsa,
predicate,removed,pubDateOfEyesLikeStars,
predicate,removed,pubEnglishDate,
predicate,removed,pubLocation,
predicate,removed,pubYear,
predicate,removed,pubblicazione,
predicate,removed,pubchem2Comment,
predicate,removed,pubdate,
predicate,removed,pubils,
predicate,removed,publDate,
predicate,removed,publicServiceCommission,
predicate,removed,publicTelephones,
predicate,removed,publicToilets,
predicate,removed,publictrainsit,
predicate,removed,publictransport,
predicate,removed,publishedBooks,
predicate,removed,"publisher,Coo",
predicate,removed,publisherEnglish,
predicate,removed,publisher₯_,
predicate,removed,pulaFilmFestivalOfYugoslavianFilms,
predicate,removed,pulau,
predicate,removed,pulledFromShelves,
predicate,removed,pullers,
predicate,removed,pumpedStorage,
predicate,removed,pundits,
predicate,removed,punshipMap,
predicate,removed,puplisher,
predicate,removed,puppeteers,
predicate,removed,purportedVictims,
predicate,removed,pushipinMapSize,
predicate,removed,pushpinLablePosition,
predicate,removed,pushpinLocation,
predicate,removed,pushpinMapTitle,
predicate,removed,pushpinMapWcaption,
predicate,removed,pushpinsMap,
predicate,removed,páges,
predicate,removed,página,
predicate,removed,páginas,
predicate,removed,qqname,
predicate,removed,qsNa,
predicate,removed,qsNu,
predicate,removed,qsWLife,
predicate,removed,qsWNatural,
predicate,removed,qsWorld,
predicate,removed,quantcast,
predicate,removed,quartering,
predicate,removed,quizNo.,
predicate,removed,r&d,
predicate,removed,r1LengthMMultanInternationalAirport,
predicate,removed,r1LengthMNdName,
predicate,removed,r1Meters,
predicate,removed,r2Ils,
predicate,removed,r7LengthF,
predicate,removed,r7LengthM,
predicate,removed,r7Number,
predicate,removed,r7Surface,
predicate,removed,r8LengthF,
predicate,removed,r8LengthM,
predicate,removed,r8Number,
predicate,removed,r8Surface,
predicate,removed,rAssistantPrincipal,
predicate,removed,rDepu,
predicate,removed,rDepuLabel,
predicate,removed,rDeputyhead,
predicate,removed,ethnicity,
predicate,removed,raceTeam,
predicate,removed,raceTeams,
predicate,removed,racialDescent,
predicate,removed,racingresult,
predicate,removed,racket,
predicate,removed,radioplay,
predicate,removed,radioplayer,
predicate,removed,rageMapAuthority,
predicate,removed,rail,
predicate,removed,railTracks,
predicate,removed,railwayLines,
predicate,removed,railwayRoute,
predicate,removed,railwayStationName,
predicate,removed,raisedIn,
predicate,removed,rajongóiOldal,
predicate,removed,rakım,
predicate,removed,raletion,
predicate,removed,ramType,
predicate,removed,ran,
predicate,removed,rangeMapSize,
predicate,removed,rangeOfActivity,
predicate,removed,rangeWhite,
predicate,removed,rank.,
predicate,removed,rate,
predicate,removed,rankInState,
predicate,removed,rankTx,
predicate,removed,rankedClassis,
predicate,removed,rankedDivisio,
predicate,removed,rankingWins,
predicate,removed,rating(s)_,
predicate,removed,razed,
predicate,removed,rdo,
predicate,removed,rds,
predicate,removed,rdsName,
predicate,removed,reAired,
predicate,removed,reBuilt,
predicate,removed,reEdited,
predicate,removed,reFoundation,
predicate,removed,reGrandOpening,
predicate,removed,reMaxLength,
predicate,removed,reMix,
predicate,removed,reReleasedByTSeries,
predicate,removed,reRuns,
predicate,removed,reSoftOpening,
predicate,removed,rea,
predicate,removed,reachAsOf,
predicate,removed,readOnline,
predicate,removed,readas,
predicate,removed,readership(australia)_,
predicate,removed,readingAge,
predicate,removed,realNames,
predicate,removed,rearSuspensionAdjustment,
predicate,removed,reaspon,
predicate,removed,rebuiltdate,
predicate,removed,recentAwardee(s)_,
predicate,removed,recentawardeesn,
predicate,removed,recess,
predicate,removed,recidency,
predicate,removed,recipientsOfTheLandgrafPrize,
predicate,removed,recognisableAncestor,
predicate,removed,reconstructionStart,
predicate,removed,recordVs.Iowa,
predicate,removed,recorded19741980Genre,
predicate,removed,recordingProducer,
predicate,removed,recruiting,
predicate,removed,recruitingcoach,
predicate,removed,reel,
predicate,removed,reelection,
predicate,removed,reeligion,
predicate,removed,ref2014(overall)_,
predicate,removed,refUnesco,
predicate,removed,referencesGroup,
predicate,removed,reformedChurchInteriorImageMap,
predicate,removed,regaltrophy,
predicate,removed,regaltrophyyears,
predicate,removed,regelmaessigkeit,
predicate,removed,regentType,
predicate,removed,regering,
predicate,removed,regie,
predicate,removed,regionA,
predicate,removed,regionB,
predicate,removed,regionC,
predicate,removed,regionFree,
predicate,removed,regionShort,
predicate,removed,regionalChampions,
predicate,removed,regionalChamps,
predicate,removed,regionalLanguage,
predicate,removed,regionalRank,
predicate,removed,registeredOn,
predicate,removed,registeredVotersAsOf,
predicate,removed,registeredVotersName,
predicate,removed,registeredVotersTotal,
predicate,removed,registrationFee,
predicate,removed,regnumSv,
predicate,removed,regularSeasonConfChamps,
predicate,removed,regularTuition,
predicate,removed,regularrecord,
predicate,removed,reihe,
predicate,removed,reissueProducer,
predicate,removed,reissueProducers,
predicate,removed,relDate,
predicate,removed,related.,
predicate,removed,relatedChannels,
predicate,removed,relatedEthnicGroup,
predicate,removed,relatedEthnicGroups,
predicate,removed,relatedHolidays,
predicate,removed,"relatedLanguageGroups,ButNotEthnic",
predicate,removed,relatedMediaGroups,
predicate,removed,relatedPeople,
predicate,removed,relatedProgram,
predicate,removed,relatedProgrammes,
predicate,removed,relatedSeries,
predicate,removed,relatedShow,
predicate,removed,relationsBrothers,
predicate,removed,relationship(s)_,
predicate,removed,relative.,
predicate,removed,relatives.,
predicate,removed,relativs,
predicate,removed,relea,
predicate,removed,releaded,
predicate,removed,releas,
predicate,removed,releasDate,
predicate,removed,release(s)_,
predicate,removed,releaseDate(inBookForm)_,
predicate,removed,releaseDates,
predicate,removed,releaseOn,
predicate,removed,releasedOn,
predicate,removed,releasedYear,
predicate,removed,releasedzee,
predicate,removed,releasingOn,
predicate,removed,releatedEthnicGroups,
predicate,removed,releted,
predicate,removed,religionLGrandchildren,
predicate,removed,religiosuAffiliation,
predicate,removed,religiousBelive,
predicate,removed,religiousFaith,
predicate,removed,religiousName,
predicate,removed,religiousSignificance,
predicate,removed,religiousbeliefs,
predicate,removed,religom,
predicate,removed,remixedBy,
predicate,removed,removed,
predicate,removed,renownName,
predicate,removed,rentals,
predicate,removed,repeater,
predicate,removed,repeaters,
predicate,removed,replaced+by,
predicate,removed,replacedChannel,
predicate,removed,replays,
predicate,removed,repogayrt,
predicate,removed,repor,
predicate,removed,reporters,
predicate,removed,rerunFrom,
predicate,removed,reruns,
predicate,removed,rerunsOnly,
predicate,removed,res.Manager,
predicate,removed,resArea,
predicate,removed,resMaxDiameter,
predicate,removed,resPrincipal,
predicate,removed,researchGrants,
predicate,removed,researchobjective,
predicate,removed,reservoirs,
predicate,removed,residedIn,
predicate,removed,residenfggjhddce,
predicate,removed,residense,
predicate,removed,residentOfAtDeath,
predicate,removed,residentialStaff,
predicate,removed,resim,
predicate,removed,resindence,
predicate,removed,restarted,
predicate,removed,restingPalce,
predicate,removed,restomgPlace,
predicate,removed,restwoundace,
predicate,removed,resul,
predicate,removed,result.,
predicate,removed,resurrected,
predicate,removed,resut,
predicate,removed,retailWebsite,
predicate,removed,retireDate,
predicate,removed,returnDate,
predicate,removed,returnSite,
predicate,removed,returnsite,
predicate,removed,reunionTour,
predicate,removed,reunionpage,
predicate,removed,reuslt,
predicate,removed,rev13ds,
predicate,removed,rev1Score,
predicate,removed,rev33ds,
predicate,removed,rev5Ps,
predicate,removed,rev5Sdc,
predicate,removed,revenueFrom,
predicate,removed,revenuePerLawyer,
predicate,removed,revenueVillage,
predicate,removed,reviewRobert,
predicate,removed,revisedEdition,
predicate,removed,revisedName,
predicate,removed,revivalDate,
predicate,removed,revivedchamp,
predicate,removed,ri,
predicate,removed,riTusa,
predicate,removed,riUsa,
predicate,removed,ribbonColor,
predicate,removed,rightTribs,
predicate,removed,rightTributaries,
predicate,removed,rightarjm,
predicate,removed,rightsOwnedBy,
predicate,removed,rightts,
predicate,removed,rigtharm,
predicate,removed,ringName,
predicate,removed,ritualeSatanum.jpgReleased,
predicate,removed,rivals.,
predicate,removed,riverLocation,
predicate,removed,riverMouth,
predicate,removed,rivername,
predicate,removed,rkdartists,
predicate,removed,rm&Board,
predicate,removed,roadr,
predicate,removed,rok,
predicate,removed,rolDebut,
predicate,removed,romanizationOfJapanese,
predicate,removed,rorySchreckOperator,
predicate,removed,rosterStatus,
predicate,removed,rosterstatus,
predicate,removed,routeNumber,
predicate,removed,royalMonogram,
predicate,removed,royalPatron,
predicate,removed,royaltyFree,
predicate,removed,rphrases,
predicate,removed,rsr,
predicate,removed,rtaChairman,
predicate,removed,rtitile,
predicate,removed,ruAmateuryear,
predicate,removed,ruNationalTeam,
predicate,removed,ruSuper14caps,
predicate,removed,ruSuper14update,
predicate,removed,ruSuper14years,
predicate,removed,ruYear10start,
predicate,removed,ruYear11start,
predicate,removed,ruYear12start,
predicate,removed,ruYear13end,
predicate,removed,ruYear13start,
predicate,removed,ruYear14start,
predicate,removed,ruYear15end,
predicate,removed,ruYear15start,
predicate,removed,ruYear17end,
predicate,removed,ruYear17start,
predicate,removed,ruYouthdate,
predicate,removed,ruYouyhclubs,
predicate,removed,rugbyCaptain,
predicate,removed,rugbyWorldCupApps,
predicate,removed,rugbycaptainLabel,
predicate,removed,run.Time,
predicate,removed,runningBacksCoach,
predicate,removed,runningToTime,
predicate,removed,runsConceded,
predicate,removed,runtim,
predicate,removed,runtime(uk)_,
predicate,removed,runtime(us)_,
predicate,removed,runtimePerEpisode,
predicate,removed,runtimeerror,
predicate,removed,runtimkulionalvarese,
predicate,removed,russianPublisher,
predicate,removed,russianSingles,
predicate,removed,rustingPlace,
predicate,removed,rustitle,
predicate,removed,rutime,
predicate,removed,rvierSystem,
predicate,removed,rvvhFounded,
predicate,removed,rwyElevationF,
predicate,removed,ryangsu,
predicate,removed,régime,
predicate,removed,régions,
predicate,removed,s&mDirector,
predicate,removed,s.p,
predicate,removed,sTatvalue,
predicate,removed,salonWebsite,
predicate,removed,sammelwerk,
predicate,removed,sampledArtist,
predicate,removed,sanM,
predicate,removed,sarChan,
predicate,removed,sarahSkeltonPatternLa,
predicate,removed,saros,
predicate,removed,sat(twoPart)_,
predicate,removed,satAvg,
predicate,removed,satelliteChannel,
predicate,removed,satelliteof,
predicate,removed,satiricalPublication,
predicate,removed,satus,
predicate,removed,sayings,
predicate,removed,sbn,
predicate,removed,sbno,
predicate,removed,sbordo,
predicate,removed,scTusa,
predicate,removed,scUsa,
predicate,removed,scandal,
predicate,removed,scenicArtDesign,
predicate,removed,scheduleCaste,
predicate,removed,scheduleTribe,
predicate,removed,schemeBudget,
predicate,removed,schoolAcreditation,
predicate,removed,schoolGovernment,
predicate,removed,schoolOfThought,
predicate,removed,schoolRanking,
predicate,removed,schoolSenateMinisters(20112012)_,
predicate,removed,schoolSportsDayColours,
predicate,removed,schoolSquareFootage,
predicate,removed,schoolTeams,
predicate,removed,schoolType.,
predicate,removed,schoolboyGround,
predicate,removed,schoolnumbe,
predicate,removed,scienceEditor,
predicate,removed,scientificClassification,
predicate,removed,scoreComposer,
predicate,removed,scoreMusic,
predicate,removed,scottishGaelic,
predicate,removed,scottishName,
predicate,removed,rebuildDate,
predicate,removed,scratTheme,
predicate,removed,screenWriter,
predicate,removed,screenWritor,
predicate,removed,screenname,
predicate,removed,screenonlineOrg,
predicate,removed,screenplay&Direction,
predicate,removed,scriptAssociate,
predicate,removed,scriptConsultant,
predicate,removed,scriptHead,
predicate,removed,scriptwriter,
predicate,removed,sculptors,
predicate,removed,sdtaticImageCaption,
predicate,removed,seJetteDans,
predicate,removed,seasonChronology,
predicate,removed,seasonYear,
predicate,removed,seasonyear,
predicate,removed,seat.,
predicate,removed,seat1Type.,
predicate,removed,seatType.,
predicate,removed,seating)Capacity,
predicate,removed,seats15d,
predicate,removed,seats19d,
predicate,removed,seats2d,
predicate,removed,seats34b,
predicate,removed,seats38b,
predicate,removed,seatsCouncil,
predicate,removed,seatsHouse,
predicate,removed,seatsLegislature,
predicate,removed,seatsTitle,
predicate,removed,secies,
predicate,removed,secondAired,
predicate,removed,secondBrand,
predicate,removed,secondCamera,
predicate,removed,secondCousins,
predicate,removed,secondDirectors,
predicate,removed,secondHusband,
predicate,removed,secondPoints,
predicate,removed,secondRace4Time,
predicate,removed,secondSeason,
predicate,removed,secondVicePresidentialCandidate,
predicate,removed,secondaryExamCenterCode,
predicate,removed,secondaryHomepage,
predicate,removed,secondaryPrinciple,
predicate,removed,secondarySchoolEnrolmentRatioFemale(2009)_,
predicate,removed,secondarySchoolEnrolmentRatioMale(2009)_,
predicate,removed,secondaryStarring,
predicate,removed,secondcrewed,
predicate,removed,secondflight,
predicate,removed,secondvicepresident,
predicate,removed,secretaireGeneral,
predicate,removed,secretaryStudentMovement,
predicate,removed,sectionOfPark,
predicate,removed,sectus,
predicate,removed,securedBy,
predicate,removed,securityDirector,
predicate,removed,seeEpisodes,
predicate,removed,segmentProducer,
predicate,removed,segmentProfucer,
predicate,removed,seiten,
predicate,removed,seitenanzahl,
predicate,removed,selibr,
predicate,removed,semimajorAxis,
predicate,removed,senat,
predicate,removed,senatdistrict,
predicate,removed,senatorOf,
predicate,removed,seniorArtDirector,
predicate,removed,seniorCastMembers,
predicate,removed,seniorClassPresident,
predicate,removed,seniorCurator,
predicate,removed,seniorExecutiveProducer,
predicate,removed,seniorFieldProducer,
predicate,removed,seniorGround,
predicate,removed,seniorLeaderTeam,
predicate,removed,seniorLeadershipGroup,
predicate,removed,seniorLeadershipTeamLabel,
predicate,removed,seniorProducers,
predicate,removed,seniorResidentialTutor,
predicate,removed,seniorStatus,
predicate,removed,seniorTutors,
predicate,removed,seniorWriter,
predicate,removed,seniorclubs,
predicate,removed,senioryears,
predicate,removed,sepAveragePrecipitationMm,
predicate,removed,sepAvgF,
predicate,removed,sepMaxC,
predicate,removed,sepMaxWindSpeed,
predicate,removed,sepMinC,
predicate,removed,sepPrecipitationDays(%3E_,
predicate,removed,sepRecordHighMinimumC,
predicate,removed,sepRecordLowMaximumC,
predicate,removed,sepSnowfallInch,
predicate,removed,sepSunshineHours,
predicate,removed,sepWind,
predicate,removed,separaor,
predicate,removed,seperfamiliaAuthority,
predicate,removed,septHighC,
predicate,removed,septLowC,
predicate,removed,septRainDays,
predicate,removed,septRainMm,
predicate,removed,sequenceOrganizers,
predicate,removed,seretary,
predicate,removed,serialName,
predicate,removed,serialPromo,
predicate,removed,serialized,
predicate,removed,serialnumbers,
predicate,removed,sericeyears,
predicate,removed,seriesComposer,
predicate,removed,seriesDevelopment,
predicate,removed,seriesDirectedBy,
predicate,removed,seriesDirector,
predicate,removed,seriesEditor,
predicate,removed,seriesProducedBy,
predicate,removed,seriesProducer,
predicate,removed,"seriesProducer1,2&_",
predicate,removed,seriesProduer,
predicate,removed,seriesResearcher,
predicate,removed,seriesRuntime,
predicate,removed,seriesWriter,
predicate,removed,serilanumber,
predicate,removed,serviceEndDate,
predicate,removed,serviceHours,
predicate,removed,serviceInterval,
predicate,removed,serviceclass,
predicate,removed,servicepattern,
predicate,removed,serviceyear,
predicate,removed,servicingFirm,
predicate,removed,touringMembers,
predicate,removed,setChan,
predicate,removed,setServ,
predicate,removed,settledDate,
predicate,removed,settledTitle,
predicate,removed,settlementTYpe,
predicate,removed,setup,
predicate,removed,weight,
predicate,removed,sexRation,
predicate,removed,sexo,
predicate,removed,sexualOrientation,
predicate,removed,sexualPreference,
predicate,removed,sexualassault,
predicate,removed,seção,
predicate,removed,sfredlully,
predicate,removed,shamen,
predicate,removed,shareholders'Equity,
predicate,removed,shipCommander,
predicate,removed,shipHonoraryCaptain,
predicate,removed,shipNuclearReactorStatus,
predicate,removed,shipRecclassified,
predicate,removed,shipRelaunched,
predicate,removed,shipSeized,
predicate,removed,shipShipyard,
predicate,removed,shipSunkAsArtificalReef,
predicate,removed,shipUnofficialBadge,
predicate,removed,shipWeight,
predicate,removed,shireDistricT,
predicate,removed,shirePresident,
predicate,removed,shoe,
predicate,removed,shopWorkers,
predicate,removed,shopno,
predicate,removed,shoppingCentre,
predicate,removed,shopwname,
predicate,removed,shoreKm,
predicate,removed,shoreSettlement,
predicate,removed,shortDesction,
predicate,removed,shortFilm,
predicate,removed,shortsummary.,
predicate,removed,shortsummy,
predicate,removed,shoryDescription,
predicate,removed,shout,
predicate,removed,show''name,
predicate,removed,show'sLocation,
predicate,removed,showBible,
predicate,removed,showHost,
predicate,removed,showMane,
predicate,removed,showNam,
predicate,removed,showName%3E_,
predicate,removed,showName+_,
predicate,removed,showName.h.m.nadeem,
predicate,removed,showNameNjvhnsvnxlcnvjksbvkjbnvlsdnlvgihgd,
predicate,removed,showSong,
predicate,removed,showSongTitles,
predicate,removed,showStatus,
predicate,removed,showTimes,
predicate,removed,showTiming,
predicate,removed,showgroundline,
predicate,removed,shutUp,
predicate,removed,sibordo,
predicate,removed,sidelineReporters,
predicate,removed,siglaClima,
predicate,removed,signOff,
predicate,removed,signate,
predicate,removed,"signedOnDecember13th,2000Frequency",
predicate,removed,signedWorks,
predicate,removed,significantJob,
predicate,removed,significantPersonalRelationships,
predicate,removed,significantPlayers,
predicate,removed,significantRoles,
predicate,removed,simpstagename,
predicate,removed,simulatorRides,
predicate,removed,simulcasts,
predicate,removed,singer(s)_,
predicate,removed,singerOfThemeSong,
predicate,removed,singingCareer,
predicate,removed,singleChronology,
predicate,removed,singlesFromThisAlbum,
predicate,removed,sistemVleke,
predicate,removed,sister's,
predicate,removed,sisterHall,
predicate,removed,sisterProgramme,
predicate,removed,sisterStation(s)_,
predicate,removed,sisterStatiosn,
predicate,removed,sisterStatons,
predicate,removed,sit,
predicate,removed,siteAreaSqft,
predicate,removed,siteMap,
predicate,removed,siteler,
predicate,removed,sittingQueens,
predicate,removed,situated,
predicate,removed,sizeMax,
predicate,removed,sizetitile,
predicate,removed,sjem,
predicate,removed,sjemdistrict,
predicate,removed,slambest,
predicate,removed,slamcareer,
predicate,removed,slcCoordinator,
predicate,removed,sleepers,
predicate,removed,slimClothes,
predicate,removed,sloga,
predicate,removed,slogen,
predicate,removed,smallCities,
predicate,removed,smallTowns,
predicate,removed,smi,
predicate,removed,smsNumber,
predicate,removed,snapchat,
predicate,removed,snowName,
predicate,removed,snynonymsRef,
predicate,removed,sobrenombre,
predicate,removed,sobrenome,
predicate,removed,socialMovement,
predicate,removed,socialNetworkingWebsiteOfSkmuUniversity,
predicate,removed,softballStadium,
predicate,removed,softwareDeliveryModel,
predicate,removed,solarCspHeliostats,
predicate,removed,solarResource,
predicate,removed,sold4RestorationByBigRigAn18WheelerIn2Pieces,
predicate,removed,solid,
predicate,removed,solutionsAndServices,
predicate,removed,someWorks,
predicate,removed,DaughterInLaw,
predicate,removed,songLanguage,
predicate,removed,songProducer,
predicate,removed,songsBy,
predicate,removed,songwritersCredits,
predicate,removed,soogame(sgoals)_,
predicate,removed,musicalScorer,
predicate,removed,soundRecordist,
predicate,removed,soundRecordists,
predicate,removed,soundStudios,
predicate,removed,soundSupervision,
predicate,removed,soundSupervisor,
predicate,removed,soundsignal,
predicate,removed,source1ElevationImperial,
predicate,removed,sourceAltitude,
predicate,removed,sourceConfluenceElevation,
predicate,removed,sourceConfluenceElevationImperial,
predicate,removed,sourceConfluenceState,
predicate,removed,sourceElevation,
predicate,removed,sourceElevationImperial,
predicate,removed,sourceElevationM,
predicate,removed,"sourceGiveBackgroundOnAirCampaign,ButDoesNotSupportAnyClaimsOfLackOfEffectivenessOfAirCampaign.Date",
predicate,removed,sourceHeight,
predicate,removed,sourceLatitude,
predicate,removed,sourceLocalisation,
predicate,removed,sourceLocalization,
predicate,removed,sourceLongNs,
predicate,removed,sourceLongitude,
predicate,removed,sourcePrincipale,
predicate,removed,sourcePrincipaleAltitude,
predicate,removed,sourcePrincipaleLatitude,
predicate,removed,sourcePrincipaleLocalisation,
predicate,removed,sourcePrincipaleLongitude,
predicate,removed,sourceSecondaire,
predicate,removed,sourceSecondaireAltitude,
predicate,removed,sourceSecondaireLatitude,
predicate,removed,sourceSecondaireLocalisation,
predicate,removed,sourceSecondaireLongitude,
predicate,removed,sourced,
predicate,removed,sourse,
predicate,removed,southernDistrict,
predicate,removed,sovereignty,
predicate,removed,spacestation,
predicate,removed,spanishReleaseDate,
predicate,removed,spanishVers,
predicate,removed,spcialty,
predicate,removed,speakerOfTheBoard,
predicate,removed,speceis,
predicate,removed,speces,
predicate,removed,specialAwuard,
predicate,removed,specialEducation,
predicate,removed,specialEffect,
predicate,removed,specialEffectsSupervisor,
predicate,removed,specialEvents,
predicate,removed,specialFx,
predicate,removed,specialSegments,
predicate,removed,specialTeamsCoach,
predicate,removed,specializedFacilities,
predicate,removed,specials,
predicate,removed,specie,
predicate,removed,speciesSubgroup,
predicate,removed,speciesType,
predicate,removed,specis,
predicate,removed,spectralBand,
predicate,removed,spectralClass,
predicate,removed,speedLimit,
predicate,removed,speedM,
predicate,removed,sph,
predicate,removed,spike,
predicate,removed,spinOffTo,
predicate,removed,spiritGroup,
predicate,removed,spiritualPath,
predicate,removed,spokenWord,
predicate,removed,sponspor,
predicate,removed,sport4Men,
predicate,removed,sport4Wom,
predicate,removed,sport8Boys,
predicate,removed,sportClubs,
predicate,removed,sportsPartner,
predicate,removed,sportschief,
predicate,removed,spou,
predicate,removed,spouces,
predicate,removed,spouse'sName,
predicate,removed,spouseCarolSerlingBirthName,
predicate,removed,sprache,
predicate,removed,spurce,
predicate,removed,spurveite,
predicate,removed,sqbadgeimg,
predicate,removed,sqno,
predicate,removed,squadAssistant,
predicate,removed,squareDog,
predicate,removed,squareFeet,
predicate,removed,sr.Producer,
predicate,removed,sr.vicePresident,
predicate,removed,ssuperfamilia,
predicate,removed,stadionBratstvaCapacity,
predicate,removed,stadium'sField,
predicate,removed,StudentRatio,
predicate,removed,staffLabel,
predicate,removed,staffRatio,
predicate,removed,stageAuthor,
predicate,removed,stageDirector,
predicate,removed,stageNames,
predicate,removed,stagePlay,
predicate,removed,stagedata,
predicate,removed,staicImageCaption,
predicate,removed,stain,
predicate,removed,standardDraft,
predicate,removed,standardWeapon,
predicate,removed,standbyProps,
predicate,removed,standsName,
predicate,removed,stanleyCupVictoriesAsHeadCoach,
predicate,removed,startPeriode,
predicate,removed,startTerm,
predicate,removed,stasationLogo,
predicate,removed,stasticImageWidth,
predicate,removed,stat4valeu,
predicate,removed,statNameAlt,
predicate,removed,statabel,
predicate,removed,statcareer,
predicate,removed,statdate,
predicate,removed,state2House,
predicate,removed,stateBird,
predicate,removed,stateFilmed,
predicate,removed,stateFlower,
predicate,removed,stateTree,
predicate,removed,stateleague,
predicate,removed,statesAndProvinces,
predicate,removed,statesAndUnionTerritoriesOfIn,
predicate,removed,staticImage1Caption,
predicate,removed,staticImage1Name,
predicate,removed,staticImage2Size,
predicate,removed,staticImageCaprion,
predicate,removed,staticImageCaptifon,
predicate,removed,staticImageCation,
predicate,removed,staticImageTitle,
predicate,removed,staticImagecaption,
predicate,removed,stationEngineer,
predicate,removed,stationMotto,
predicate,removed,stationPresident,
predicate,removed,stationSlogan,
predicate,removed,stationType,
predicate,removed,statlabe,
predicate,removed,statlable,
predicate,removed,statlae,
predicate,removed,statlavel,
predicate,removed,statnfl,
predicate,removed,stats4value,
predicate,removed,statsWebsite,
predicate,removed,statseaons,
predicate,removed,statseason.,
predicate,removed,statslabel,
predicate,removed,statsnote,
predicate,removed,statsvalue,
predicate,removed,statsweek,
predicate,removed,statsy,
predicate,removed,statsyear,
predicate,removed,status.,
predicate,removed,status2Ref,
predicate,removed,statusDate,
predicate,removed,statusfarmers,
predicate,removed,statutoryLoss,
predicate,removed,sub%3E_,
predicate,removed,sub%3E_,
predicate,removed,sub%3E_,
predicate,removed,statvaue,
predicate,removed,stauts,
predicate,removed,stdab,
predicate,removed,stdinchiComment,
predicate,removed,stdinchikeyComment,
predicate,removed,steetadress,
predicate,removed,stepGrandsons,
predicate,removed,stepKids,
predicate,removed,stepMom,
predicate,removed,stepaunties,
predicate,removed,stepdaughtersnkam,
predicate,removed,stepsons.,
predicate,removed,sterbedatum,
predicate,removed,sterbeort,
predicate,removed,stereo,
predicate,removed,stereography,
predicate,removed,steward,
predicate,removed,stillPhotographer,
predicate,removed,stillsPhotography,
predicate,removed,stipecharacteR,
predicate,removed,stockMarket,
predicate,removed,stockOption,
predicate,removed,stockhldrEquity,
predicate,removed,stolenBases,
predicate,removed,stopped,
predicate,removed,stoppingaccuracy,
predicate,removed,storesIndustry,
predicate,removed,story%3Cbr%3EDialogauge,
predicate,removed,"story,Screenplay",
predicate,removed,"story,screenplay&DialogueWriter",
predicate,removed,screenplay,
predicate,removed,storyBoardArtists,
predicate,removed,storyBoards,
predicate,removed,storyConceptBy,
predicate,removed,storyCoordinator,
predicate,removed,storyDirector,
predicate,removed,storyEditor,
predicate,removed,storyEditors,
predicate,removed,storyProducer,
predicate,removed,storyScreenplay,
predicate,removed,storyboardArtists,
predicate,removed,storyboardedby,
predicate,removed,storys,
predicate,removed,storyscreenplay,
predicate,removed,strahlungshe.zfläche,
predicate,removed,strains,
predicate,removed,strany,
predicate,removed,strapline,
predicate,removed,streEtaddress,
predicate,removed,streamingWebsite,
predicate,removed,strebowitzBirth,
predicate,removed,strebowitzDeath,
predicate,removed,streetaddresS,
predicate,removed,strenght,
predicate,removed,structuralEnginer,
predicate,removed,structureRes,
predicate,removed,structureType,
predicate,removed,structures,
predicate,removed,structuresBurned,
predicate,removed,ststvalue,
predicate,removed,stubtype,
predicate,removed,studentAlumni,
predicate,removed,studentCapacity,
predicate,removed,studentCouncilAdvisor,
predicate,removed,studentCouncilVicePresident,
predicate,removed,studentCountSeniorSchool,
predicate,removed,studentFaultyRatio,
predicate,removed,studentHousingCapacity,
predicate,removed,studentMembers,
predicate,removed,studentOfAvm,
predicate,removed,studentPresidenr,
predicate,removed,studentTeahcerRatio,
predicate,removed,teacher,
predicate,removed,studentsBody,
predicate,removed,studentsPerTeacher,
predicate,removed,studentsPerTeacherRatio,
predicate,removed,studiedWith,
predicate,removed,studioAddress,
predicate,removed,studioDirector,
predicate,removed,studioNumber,
predicate,removed,stuents,
predicate,removed,subClassis,
predicate,removed,subDirector,
predicate,removed,subDivisio,
predicate,removed,subDivision,
predicate,removed,subFamilia,
predicate,removed,subFamily,
predicate,removed,subGenre,
predicate,removed,subGenus,
predicate,removed,subHead,
predicate,removed,subKingdom,
predicate,removed,subOrdoAuthority,
predicate,removed,subPhyla,
predicate,removed,subPhylum,
predicate,removed,subSetting,
predicate,removed,subSubGenre,
predicate,removed,subarea,
predicate,removed,subcahnnels,
predicate,removed,subcalssis,
predicate,removed,subcassis,
predicate,removed,subchannels,
predicate,removed,subclasis,
predicate,removed,subclassAuthority,
predicate,removed,subclassOrdo,
predicate,removed,subclasse,
predicate,removed,subdiuvisionType,
predicate,removed,subdivis,
predicate,removed,subdivisin,
predicate,removed,subdivision;me,
predicate,removed,subdivisionAuthority,
predicate,removed,subdivisionName3.,
predicate,removed,subdivisionRanls,
predicate,removed,subdivisionType1Ram,
predicate,removed,subdivisionType3.,
predicate,removed,subdivisionType5Million,
predicate,removed,subdivisionTypeindu,
predicate,removed,subdivisiona,
predicate,removed,subdivisionsRank,
predicate,removed,subdivisonType,
predicate,removed,suberfamilia,
predicate,removed,suberfamily,
predicate,removed,subfam,
predicate,removed,subfamia,
predicate,removed,subfamila,
predicate,removed,subfamili,
predicate,removed,subfamiliaAuthoritiy,
predicate,removed,subfamilis,
predicate,removed,subfamilyAuthority,
predicate,removed,subfamlia,
predicate,removed,subfmailia,
predicate,removed,subgenera,
predicate,removed,subgenusgenusAuthority,
predicate,removed,subinfraordo,
predicate,removed,subjectMatter,
predicate,removed,subjectsReform,
predicate,removed,subkingdom,
predicate,removed,sublassis,
predicate,removed,sublclassis,
predicate,removed,sublidaries,
predicate,removed,submittedBy,
predicate,removed,suborbital,
predicate,removed,subordeo,
predicate,removed,suborders,
predicate,removed,subordinante,
predicate,removed,subordoAuathority,
predicate,removed,subordor,
predicate,removed,suborodo,
predicate,removed,subphlyum,
predicate,removed,subphyla,
predicate,removed,subphyllum,
predicate,removed,subphylumSv,
predicate,removed,subsp,
predicate,removed,subtehsil,
predicate,removed,subtheme,
predicate,removed,subtribe,
predicate,removed,subtribeAuthority,
predicate,removed,subtítulo,
predicate,removed,succeedingBy,
predicate,removed,successRate,
predicate,removed,successor(s)_,
predicate,removed,successorr,
predicate,removed,succlassis,
predicate,removed,sucededBy,
predicate,removed,such,
predicate,removed,suclassis,
predicate,removed,sud,
predicate,removed,sudivision,
predicate,removed,sudoc,
predicate,removed,sued,
predicate,removed,suedost,
predicate,removed,suedwest,
predicate,removed,sufamiliaAuthority,
predicate,removed,suitSize,
predicate,removed,sulfur,
predicate,removed,sultan,
predicate,removed,sumAssured,
predicate,removed,sumfamilia,
predicate,removed,summaryblurb,
predicate,removed,sunAltitudeApril,
predicate,removed,sunAltitudeAugust,
predicate,removed,sunAltitudeAverage,
predicate,removed,sunAltitudeDecember,
predicate,removed,sunAltitudeFebruary,
predicate,removed,sunAltitudeJanuary,
predicate,removed,sunAltitudeJuly,
predicate,removed,sunAltitudeJune,
predicate,removed,sunAltitudeMay,
predicate,removed,sunAltitudeNovember,
predicate,removed,sunAltitudeOctober,
predicate,removed,sunAltitudeSeptember,
predicate,removed,sunAltuitudeMarch,
predicate,removed,sunfamilia,
predicate,removed,sungenus,
predicate,removed,sunyMotto,
predicate,removed,supProduce,
predicate,removed,supProducer,
predicate,removed,supecies,
predicate,removed,superBowlLosses,
predicate,removed,superBowlWins,
predicate,removed,superBowls,
predicate,removed,superChamp,
predicate,removed,superFamilia,
predicate,removed,superPhylum,
predicate,removed,superProducer,
predicate,removed,superRegional,
predicate,removed,superRegionalChamp,
predicate,removed,superRegionalsAppearances,
predicate,removed,superbowls,
predicate,removed,Championships,
predicate,removed,superclass,
predicate,removed,superdivision,
predicate,removed,superfamia,
predicate,removed,superfamiia,
predicate,removed,superfamila,
predicate,removed,superfamilaAuthority,
predicate,removed,superfamilies,
predicate,removed,superfamlia,
predicate,removed,superfamília,
predicate,removed,superfund,
predicate,removed,supergroup,
predicate,removed,superiendent,
predicate,removed,superintedent,
predicate,removed,superintendentLabel,
predicate,removed,superintendents,
predicate,removed,superiorGeneral,
predicate,removed,superorder,
predicate,removed,superordp,
predicate,removed,supervisingDirector,
predicate,removed,supervisingDirectors,
predicate,removed,supervisingProducers,
predicate,removed,supervisingProducr,
predicate,removed,supervisingStoryEd,
predicate,removed,supervisorOfConstruction,
predicate,removed,supervisoryExperience,
predicate,removed,supfamilia,
predicate,removed,supordo,
predicate,removed,suppdraftpick,
predicate,removed,suppdraftround,
predicate,removed,suppdraftyear,
predicate,removed,supplementedBy,
predicate,removed,suppliers,
predicate,removed,supportSite,
predicate,removed,supported2016Canidate,
predicate,removed,suppose,
predicate,removed,suprafamilia,
predicate,removed,supraordo,
predicate,removed,suptitles,
predicate,removed,surfaceAccuracy,
predicate,removed,surfaces,
predicate,removed,surpanchName,
predicate,removed,surrenderDate,
predicate,removed,surrogateMother,
predicate,removed,surveyElectronicFormat,
predicate,removed,survivalRateToLastPrimaryGrade(2009)_,
predicate,removed,survivedBy,
predicate,removed,survivingDescendants.,
predicate,removed,survivor,
predicate,removed,suspectName,
predicate,removed,sutelSisterStations,
predicate,removed,sutitle,
predicate,removed,swachhBharatRanking,
predicate,removed,swag,
predicate,removed,sweetestBandEver,
predicate,removed,sybphylum,
predicate,removed,sylviawestFoundation,
predicate,removed,symbolText,
predicate,removed,symboldescription,
predicate,removed,syn,
predicate,removed,syncSound&SoundDesign,
predicate,removed,syndication,
predicate,removed,synionyms,
predicate,removed,synonhyms,
predicate,removed,synonims,
predicate,removed,synononyms,
predicate,removed,synonoyms,
predicate,removed,synonymS,
predicate,removed,synonyma,
predicate,removed,synonymes,
predicate,removed,synonymns,
predicate,removed,synonyn,
predicate,removed,synonys,
predicate,removed,synoyms,
predicate,removed,synoynms,
predicate,removed,syonyms,
predicate,removed,tFacilityId,
predicate,removed,tagalogname,
predicate,removed,tagline(caption)_,
predicate,removed,tahsildar,
predicate,removed,tailstream,
predicate,removed,taiwanW,
predicate,removed,takenBy,
predicate,removed,talentCoordinator,
predicate,removed,talentDirector,
predicate,removed,talentManagement,
predicate,removed,tales,
predicate,removed,talkPage,
predicate,removed,talukaPopulation,
predicate,removed,tamMapaLoc,
predicate,removed,tamañoMapa,
predicate,removed,targetCountry,
predicate,removed,targetedAudience,
predicate,removed,taxon2Rank,
predicate,removed,taxon2Scientificname,
predicate,removed,taxrevenue,
predicate,removed,tbChamps,
predicate,removed,tbLoss,
predicate,removed,teacherToStudentRatio,
predicate,removed,teachingAssociatePastor,
predicate,removed,teachingSupervisor,
predicate,removed,team1CaptainYy,
predicate,removed,team1Noflag,
predicate,removed,team2Noflag,
predicate,removed,team5a,
predicate,removed,team5b,
predicate,removed,teamChant,
predicate,removed,teamDirector,
predicate,removed,teamHouses,
predicate,removed,teamLeader,
predicate,removed,teamLeaders,
predicate,removed,teamManaged,
predicate,removed,teamlpodiums,
predicate,removed,teamrecord,
predicate,removed,teamsCoached,
predicate,removed,teamsnote,
predicate,removed,tech.director,
predicate,removed,technicalProducer,
predicate,removed,technicalTeam,
predicate,removed,tel.,
predicate,removed,telNo.,
predicate,removed,telefon,
predicate,removed,telenovela,
predicate,removed,teleomorph,
predicate,removed,telephoneFootnotes,
predicate,removed,telephoneNumbers,
predicate,removed,telephoneRequests,
predicate,removed,televisionAdaption,
predicate,removed,televisionChannels,
predicate,removed,televisionDirector,
predicate,removed,televisionStudio,
predicate,removed,tell,
predicate,removed,tellsHisStudents,
predicate,removed,teluguName,
predicate,removed,teluguTransliteration,
predicate,removed,teminusB,
predicate,removed,temperatureHigh,
predicate,removed,temperatureHighC,
predicate,removed,temperatureLow,
predicate,removed,temperatureLowC,
predicate,removed,templateDocDemo,
predicate,removed,templateUsed,
predicate,removed,temporaryMembers,
predicate,removed,tenderwight,
predicate,removed,tennats,
predicate,removed,term.,
predicate,removed,term1end,
predicate,removed,termEn2d,
predicate,removed,termEndå,
predicate,removed,termLable,
predicate,removed,termaStart,
predicate,removed,testMatches,
predicate,removed,testWinLossRecord,
predicate,removed,texasStateChampion,
predicate,removed,texasStateRunnerUp,
predicate,removed,textNumber,
predicate,removed,texto,
predicate,removed,textorpicture,
predicate,removed,tgoals,
predicate,removed,thaluk,
predicate,removed,thanacode,
predicate,removed,the%22g.p.%22Book,
predicate,removed,theAlumniFactor,
predicate,removed,theGip,
predicate,removed,theGovernorIs412YearsOfAgeAndHerNameIsEthelWinkleberryTimezone,
predicate,removed,theLawdsFounded,
predicate,removed,"theMasterTrustBankOfJapan,Ltd.(trustAccount)5.75%25JapanTrusteeServicesBank,Ltd.(trustAccount)4.77%25MizuhoBank,Ltd.3.11%25SuzukiMotorCorporation1.75%25SsbtOd05OmnibusAccountTreatyClients1.70%25SompoJapanNipponkoaInsuranceInc.1.55BbhBostonCustodianForBlackrockGlobalAllocationFund,Inc.6203131.52%25Fhi'sClientStockOwnership1.45%25TokioMarine&NichidoFireInsuranceCo.,Ltd.1.32%25Products",
predicate,removed,theNixFounded,
predicate,removed,thePembrokeHamiltonClubAct1950Ground,
predicate,removed,thePres,
predicate,removed,theRegistrar,
predicate,removed,theSeaBiscuit,
predicate,removed,theVideoGameCritic,
predicate,removed,theWeek,
predicate,removed,theWellKnownName,
predicate,removed,theatregoerschoiceawards,
predicate,removed,theatricalDistributionBy,
predicate,removed,themeAuthor,
predicate,removed,themeComposer,
predicate,removed,themeMusicComposers,
predicate,removed,themeMusicCompser,
predicate,removed,themeMusicCoposer,
predicate,removed,themeMusicPerformedBy,
predicate,removed,themeMusicPerformer,
predicate,removed,themeMusicSinger,
predicate,removed,themeMusicSingers,
predicate,removed,themeMusicr,
predicate,removed,themePerformer,
predicate,removed,themeSongComposer,
predicate,removed,themeSongVocals,
predicate,removed,themeTune,
predicate,removed,themes&Music,
predicate,removed,thermalCapacity,
predicate,removed,thesCan,
predicate,removed,thesHeal,
predicate,removed,thesLife,
predicate,removed,thesNa,
predicate,removed,thesNatsci,
predicate,removed,thesNu,
predicate,removed,thesReputationRanking,
predicate,removed,thesReputationW,
predicate,removed,thesTech,
predicate,removed,thesW(under50Years)_,
predicate,removed,thesW(under50YearsCan)_,
predicate,removed,thesWArts,
predicate,removed,thipos,
predicate,removed,thirdPoints,
predicate,removed,thirdRace4Time,
predicate,removed,thisCastIsSuchFabulseAndFamousForHumunBeingNicePerson.IMNKPatidarIndusindBankKotaFromBoliyaBujurgJhalawarRajasthan326513IndiaMob.9024808046CasteName,
predicate,removed,thisExtendedPlay,
predicate,removed,thisFilm,
predicate,removed,thisPageHasBeenVerifiedByKalebBatmanName,
predicate,removed,thisSingleTitle,
predicate,removed,thisSingleYear,
predicate,removed,thisalbum,
predicate,removed,"thomasBoonty,OwnerProducts",
predicate,removed,thomasMauchCaption,
predicate,removed,thomasWilkinsonAirdate,
predicate,removed,thorneCups,
predicate,removed,ti99Programmer,
predicate,removed,tibus,
predicate,removed,ticket,
predicate,removed,ticketOffice,
predicate,removed,tiime,
predicate,removed,tijtle,
predicate,removed,timEzone1Dst,
predicate,removed,timeAired,
predicate,removed,timeOfSetting,
predicate,removed,timeRuns,
predicate,removed,timeTraveler,
predicate,removed,timesIndiaN,
predicate,removed,timesW,
predicate,removed,timeshiftNames,
predicate,removed,timezone2Dst,
predicate,removed,timingSupervisor,
predicate,removed,tinValue,
predicate,removed,tiotle,
predicate,removed,tireSuppliers,
predicate,removed,titelP,
predicate,removed,titelerg,
predicate,removed,titelweergave,
predicate,removed,titleByPresident,
predicate,removed,titleCard,
predicate,removed,titleMontageEditors,
predicate,removed,titleMusic&bgm,
predicate,removed,titleOrg,
predicate,removed,titleOrigens,
predicate,removed,titleSinger,
predicate,removed,titleSong,
predicate,removed,titleSource,
predicate,removed,titleTheme,
predicate,removed,titleTrack,
predicate,removed,titlebug,
predicate,removed,titles&Graphics,
predicate,removed,titlze,
predicate,removed,titme,
predicate,removed,titol,
predicate,removed,titolo,
predicate,removed,titreOriginal,
predicate,removed,titul,
predicate,removed,titularHead,
predicate,removed,tmk,
predicate,removed,toBeOpened,
predicate,removed,toFunction,
predicate,removed,todayPart,
predicate,removed,tollFreeNo.,
predicate,removed,tollFreeNumber,
predicate,removed,tonsleyline,
predicate,removed,topPlayer,
predicate,removed,topPoinScorer,
predicate,removed,topTens,
predicate,removed,topcaption,
predicate,removed,topscore,
predicate,removed,topscorers,
predicate,removed,totDuration,
predicate,removed,totalAdultLiteracyRate(2008)_,
predicate,removed,totalBuschStarts,
predicate,removed,totalCost,
predicate,removed,totalCupStarts,
predicate,removed,totalEpisodes,
predicate,removed,totalFunds,
predicate,removed,totalGroupEbita,
predicate,removed,totalNubmerOfAlbumsReleased,
predicate,removed,totalNumberOfEpisodes,
predicate,removed,totalNumberOfStudents,
predicate,removed,totalNumberOfWritersCurrently,
predicate,removed,totalNumberPublishedAlbums,
predicate,removed,totalPages,
predicate,removed,totalPopulationOfTehsil,
predicate,removed,totalRaised,
predicate,removed,totalStores,
predicate,removed,totalTruckStarts,
predicate,removed,totalVoters,
predicate,removed,totalcrew,
predicate,removed,totalgoal,
predicate,removed,tourFinals,
predicate,removed,tournamentOfChampions,
predicate,removed,toursLink,
predicate,removed,towers,
predicate,removed,townSpecial,
predicate,removed,townSupervisor,
predicate,removed,townsServed,
predicate,removed,townshp,
predicate,removed,tozairNo,
predicate,removed,tpb%23_,
predicate,removed,trackName,
predicate,removed,tracklengthKm,
predicate,removed,tracklengthMi,
predicate,removed,tractiomotor,
predicate,removed,tractionEquipment,
predicate,removed,tractionmotor,
predicate,removed,tradChineseName,
predicate,removed,tradeAs,
predicate,removed,tradingWhen,
predicate,removed,traditionalAgeStudents,
predicate,removed,tradstagename,
predicate,removed,traducciónNombre,
predicate,removed,trailer,
predicate,removed,trailerdiameter,
predicate,removed,trainingAndPlacementOfficer,
predicate,removed,trainingComplex,
predicate,removed,trainingField,
predicate,removed,trainsPassed,
predicate,removed,tramName,
predicate,removed,tramconnect,
predicate,removed,transcripted,
predicate,removed,transformiceName,
predicate,removed,transitSecurity,
predicate,removed,translatedBy,
predicate,removed,translatojjj,
predicate,removed,translator(s)_,
predicate,removed,translatorUsed,
predicate,removed,translatpr,
predicate,removed,transmision,
predicate,removed,transmissionSatellites,
predicate,removed,transmissionSite,
predicate,removed,transmitSite,
predicate,removed,transmitterCoordinates,
predicate,removed,transmitterLocation,
predicate,removed,transponderCapacity,
predicate,removed,transponders,
predicate,removed,travelArticleAboutTheMuseum,
predicate,removed,trialRun,
predicate,removed,tribinomial,
predicate,removed,tribo,
predicate,removed,tribu,
predicate,removed,tribua,
predicate,removed,tributaries,
predicate,removed,tributes,
predicate,removed,triebraddurchmesser,
predicate,removed,trigus,
predicate,removed,triinomial,
predicate,removed,trims(audi100)_,
predicate,removed,trionMarchingBand,
predicate,removed,tripbe,
predicate,removed,trustChairman,
predicate,removed,trusteeMember,
predicate,removed,trusteePresident,
predicate,removed,trusteeSecretary,
predicate,removed,trusteeTreasurer,
predicate,removed,trusteeViceP,
predicate,removed,tseNumber,
predicate,removed,tsnallafl,
predicate,removed,ttBestPlace,
predicate,removed,ttFastestSpeed,
predicate,removed,ttitle,
predicate,removed,ttmb,
predicate,removed,tuition&Board,
predicate,removed,tuition&Fees,
predicate,removed,tuition(20092010)_,
predicate,removed,tuitionAsOf,
predicate,removed,tunisianArabicName,
predicate,removed,tutles,
predicate,removed,tv.comId,
predicate,removed,tvBroadcaster,
predicate,removed,tvComId,
predicate,removed,tvPartner,
predicate,removed,tvPrograms,
predicate,removed,tvRating,
predicate,removed,tvbAnniversaryAwards,
predicate,removed,tvc,
predicate,removed,tvguide.comId,
predicate,removed,tvhosts,
predicate,removed,twLanguage,
predicate,removed,twin9Country,
predicate,removed,twinTo,
predicate,removed,twitchChannel,
predicate,removed,"twoDifferentDatesIn2012PressArticles10th9thCenturies,OrCa.2750YearsAgo",
predicate,removed,twtaOutputPower,
predicate,removed,tye,
predicate,removed,tyep,
predicate,removed,typeAuthority,
predicate,removed,typeLocality,
predicate,removed,typeOfLabel,
predicate,removed,typeOfPlace,
predicate,removed,typeOfServices,
predicate,removed,typeOfSingingVoice,
predicate,removed,typeOfTheFilm,
predicate,removed,typeOfVoce,
predicate,removed,typeSoecies,
predicate,removed,typeSpeciesAuthorityAuthority,
predicate,removed,typeSpeciesDescriber,
predicate,removed,typeSubordo,
predicate,removed,typed,
predicate,removed,typelh,
predicate,removed,typesSpeciesAuthority,
predicate,removed,tytuł,
predicate,removed,tên,
predicate,removed,türü,
predicate,removed,u.s.NewsBestGlobalUniversitiesRankings,
predicate,removed,u.s.SeniorNationalTeamMember,
predicate,removed,u.s.a.Date.,
predicate,removed,u.sAired,
predicate,removed,u.sDistributor,
predicate,removed,u18'sManager,
predicate,removed,u18Captain,
predicate,removed,u19Odidebutyear,
predicate,removed,u21Coach,
predicate,removed,uDigital,
predicate,removed,uaefaHonoraryPresident,
predicate,removed,ubfamilia,
predicate,removed,ubgenusAuthority,
predicate,removed,uferort,
predicate,removed,ufl,
predicate,removed,uflstatlabel,
predicate,removed,uflstatseason,
predicate,removed,uflstatvalue,
predicate,removed,uflstatweek,
predicate,removed,uhseats,
predicate,removed,uicwheels,
predicate,removed,uipa,
predicate,removed,ukChartPosition,
predicate,removed,ukWebsite,
predicate,removed,ukbest,
predicate,removed,ukcareer,
predicate,removed,ulan,
predicate,removed,umber,
predicate,removed,unaidedFov,
predicate,removed,undergradate,
predicate,removed,underlyingEbitda,
predicate,removed,undrafedtyear,
predicate,removed,undraftedYear,
predicate,removed,undraftedteam,
predicate,removed,undratedteam,
predicate,removed,unemploymentNote,
predicate,removed,uniqueReferenceNumber,
predicate,removed,unit2type,
predicate,removed,unitPhotographer,
predicate,removed,unitaryIreland,
predicate,removed,universalReconciliation,
predicate,removed,universityArchivist,
predicate,removed,universityPresident,
predicate,removed,unmatriculated,
predicate,removed,unofficialMembers,
predicate,removed,unrankClassis,
predicate,removed,unrankDivisio,
predicate,removed,unrankOrdo,
predicate,removed,unranked,
predicate,removed,unrankedClade,
predicate,removed,unrankedClass,
predicate,removed,unrankedClassi,
predicate,removed,unrankedDivi,
predicate,removed,unrankedFamily,
predicate,removed,unrankedNanophylum,
predicate,removed,unrankedSubClassis,
predicate,removed,unrankedSubdivisio,
predicate,removed,unrankedSuperPhylum,
predicate,removed,unveiledAndDedicated,
predicate,removed,upcomingMovie,
predicate,removed,upcomingShow,
predicate,removed,updateDate,
predicate,removed,uperclassis,
predicate,removed,upfrontEditor,
predicate,removed,upirank,
predicate,removed,uploadedVideos,
predicate,removed,upozelaName,
predicate,removed,upozella,
predicate,removed,urbanLandSqMi,
predicate,removed,urbanareaSqKm,
predicate,removed,urduTranslation,
predicate,removed,url.,
predicate,removed,urlCm,
predicate,removed,urlEmail,
predicate,removed,urlFacebook,
predicate,removed,urlSeção,
predicate,removed,usAirdate,
predicate,removed,usAiring,
predicate,removed,usBoxOffice,
predicate,removed,usHo,
predicate,removed,usHomeRelease,
predicate,removed,usPrivateUniv.,
predicate,removed,usReleaseDate,
predicate,removed,usReleased,
predicate,removed,usVol,
predicate,removed,usaRuntime,
predicate,removed,usaTodayNu,
predicate,removed,usaTv,
predicate,removed,usatoday,
predicate,removed,usbest,
predicate,removed,uscareer,
predicate,removed,usd,
predicate,removed,usdaHardinessZone,
predicate,removed,usedName,
predicate,removed,usedname,
predicate,removed,usher,
predicate,removed,usnwrBus,
predicate,removed,usnwrEc,
predicate,removed,usnwrEcon,
predicate,removed,usnwrEd,
predicate,removed,usnwrEng,
predicate,removed,usnwrFineArts,
predicate,removed,usnwrLaw,
predicate,removed,usnwrMedc,
predicate,removed,usnwrMedr,
predicate,removed,usnwrNationalPublic,
predicate,removed,usnwrNuLawSchool,
predicate,removed,usnwrNuUndergrad,
predicate,removed,usnwrPoliticalScience,
predicate,removed,usnwrPolsci,
predicate,removed,usnwrPs,
predicate,removed,usnwrPu,
predicate,removed,usnwrPublic,
predicate,removed,usnwrRank,
predicate,removed,usnwrSw,
predicate,removed,usnwrWMaterials,
predicate,removed,usopendoublesjuniorrresult,
predicate,removed,ust,
predicate,removed,ut,
predicate,removed,utcOffset2Dst,
predicate,removed,utcOffsetDs,
predicate,removed,utcOfpfset,
predicate,removed,utilizes,
predicate,removed,vPrincipal,
predicate,removed,valet,
predicate,removed,valetype,
predicate,removed,vallée,
predicate,removed,valume,
predicate,removed,various,
predicate,removed,varsityCheer,
predicate,removed,varsityTeam,
predicate,removed,vasteGasten,
predicate,removed,vavlegear,
predicate,removed,vboxWidth,
predicate,removed,vegasbest,
predicate,removed,vegascareer,
predicate,removed,vehicleInformation,
predicate,removed,vehiclePlates,
predicate,removed,ver,
predicate,removed,verdiepingen,
predicate,removed,verlag,
predicate,removed,verningBody,
predicate,removed,versionBeta,
predicate,removed,versionBetaDate,
predicate,removed,vespoFounded,
predicate,removed,vfx&Editing,
predicate,removed,vfx&S.media,
predicate,removed,vfxProduction,
predicate,removed,dvdOrOtherInfo,
predicate,removed,viceChairmanAndTreasurer,
predicate,removed,viceChancellorAndR.t.ModyDistinguishedProfessor,
predicate,removed,viceChancellorInCharge,
predicate,removed,viceChancellorLabel,
predicate,removed,viceLeader,
predicate,removed,vicePresedent,
predicate,removed,vicePresident(f)_,
predicate,removed,vicePresident(s)_,
predicate,removed,vicePresidentAct.,
predicate,removed,vicePresidentAndExecutiveDean,
predicate,removed,vicePresidentEd.,
predicate,removed,vicePresidentForAdministrativeAffairs,
predicate,removed,vicePresidentForOpenLearningSystem,
predicate,removed,vicePresidentForScientificAffairs,
predicate,removed,vicePresidentInstitutionalAdvancement,
predicate,removed,vicePresidentOfAtollCouncil,
predicate,removed,vicePricipal,
predicate,removed,vicePrincipal(boysCollege)_,
predicate,removed,academics,
predicate,removed,facultyAndStudents,
predicate,removed,vicePrincipalOfStudentActivities,
predicate,removed,viceRect,
predicate,removed,viceViceChancellor,
predicate,removed,viceprimeminister,
predicate,removed,viceprinciple,
predicate,removed,viceprinicpalLabel,
predicate,removed,vicncipalOfTheSchool,
predicate,removed,victorySong,
predicate,removed,vidansabhaConstituency,
predicate,removed,videoEngineer,
predicate,removed,videoPlatform,
predicate,removed,videoPublished,
predicate,removed,videoTitle,
predicate,removed,videoclips,
predicate,removed,videotape,
predicate,removed,vidhansabhaConstituency,
predicate,removed,vidhansabhaLeader,
predicate,removed,viewing,
predicate,removed,villaBuiltUpArea,
predicate,removed,villageLeaderName,
predicate,removed,villageName,
predicate,removed,villagePlace,
predicate,removed,villageTitle,
predicate,removed,villagesInBende,
predicate,removed,villes,
predicate,removed,violinist,
predicate,removed,virtual,
predicate,removed,virtualChannel,
predicate,removed,virusClass,
predicate,removed,virusEpidemiology,
predicate,removed,visaChampionships,
predicate,removed,visionControl,
predicate,removed,visionMixer,
predicate,removed,visitorQt,
predicate,removed,visitorYear,
predicate,removed,visitorcoach,
predicate,removed,visitorcoachteam,
predicate,removed,visitorsIn,
predicate,removed,visitorteam,
predicate,removed,vission,
predicate,removed,visual&OnlinePromotion,
predicate,removed,visualEffectsDesigner,
predicate,removed,vitalDates,
predicate,removed,vitalStatus,
predicate,removed,vitaminB6Mg,
predicate,removed,vitb1Mg,
predicate,removed,vitb2Mg,
predicate,removed,vitb3Mg,
predicate,removed,vizinhos,
predicate,removed,vname,
predicate,removed,vocalCoaches,
predicate,removed,vocalDirector,
predicate,removed,vocalists,
predicate,removed,vocation,
predicate,removed,vodWebsite,
predicate,removed,voiceOfMainCharacter,
predicate,removed,voiceOfNarrator,
predicate,removed,voiceRange,
predicate,removed,voiceoverAgent,
predicate,removed,voicer,
predicate,removed,voices@Narrations,
predicate,removed,volunteerPrograms,
predicate,removed,vonWasikiManager,
predicate,removed,voorzitter,
predicate,removed,vp(junior)_,
predicate,removed,vp(senior)_,
predicate,removed,vpAcademicAffairs,
predicate,removed,vpOfProduction,
predicate,removed,vt,
predicate,removed,vuosie,
predicate,removed,vydavatel,
predicate,removed,vydání,
predicate,removed,vídeo,
predicate,removed,wRuntime,
predicate,removed,waffWomen'sFutsalChampionshipApps,
predicate,removed,waffWomen'sFutsalChampionshipBest,
predicate,removed,waffWomen'sFutsalChampionshipFirst,
predicate,removed,waffWomen'sFutsalChampionshipName,
predicate,removed,waitingList,
predicate,removed,walls,
predicate,removed,battles,
predicate,removed,wardname,
predicate,removed,warriorsColors,
predicate,removed,wasFirstDevelopedIn1966WasNotAdobedTill1983Service,
predicate,removed,washingtonEditor,
predicate,removed,wasl,
predicate,removed,watchOnline,
predicate,removed,watchVideoFull,
predicate,removed,waterarea,
predicate,removed,waterareaSqMi,
predicate,removed,watershedImperial,
predicate,removed,watershedKm,
predicate,removed,watershedSqMi,
predicate,removed,watershedSqmi,
predicate,removed,wayrbaAward,
predicate,removed,wccfTech,
predicate,removed,wealthOfCountry,
predicate,removed,weaponOfChoice,
predicate,removed,weatherPresenter,
predicate,removed,webAlias(es)_,
predicate,removed,webBlog,
predicate,removed,webContentProducer,
predicate,removed,webHostService,
predicate,removed,webMagazine,
predicate,removed,webPresenter,
predicate,removed,webProducers,
predicate,removed,webShop,
predicate,removed,webacast,
predicate,removed,webage,
predicate,removed,webisite,
predicate,removed,webometricsW,
predicate,removed,webradio,
predicate,removed,websIte,
predicate,removed,websi,
predicate,removed,website(404)_,
predicate,removed,website(au)_,
predicate,removed,website(fan)_,
predicate,removed,website(official)_,
predicate,removed,website(parish)_,
predicate,removed,website(pg)_,
predicate,removed,website(ug)_,
predicate,removed,website(uk)_,
predicate,removed,contact,
predicate,removed,websiteAthletics,
predicate,removed,websiteBy,
predicate,removed,websiteCydiaIphone,
predicate,removed,websiteFamily,
predicate,removed,websiteGroup,
predicate,removed,websiteHomepage,
predicate,removed,websiteIrl,
predicate,removed,websiteSa,
predicate,removed,websiteTitled,
predicate,removed,websiteUk,
predicate,removed,websiteWww.lizzwright.net,
predicate,removed,weeklyRidership,
predicate,removed,weeklyrank,
predicate,removed,weight(kg)_,
predicate,removed,weight(lb)_,
predicate,removed,weight(st)_,
predicate,removed,weightImperial,
predicate,removed,weightKgs,
predicate,removed,weightlb,
predicate,removed,weightlbs,
predicate,removed,weiziesFounded,
predicate,removed,wellKnownPlayers,
predicate,removed,welshNameLink,
predicate,removed,werk,
predicate,removed,werkerg,
predicate,removed,wesbite,
predicate,removed,westCoordinator,
predicate,removed,westminsterConstituency,
predicate,removed,wgt,
predicate,removed,whaDraft,
predicate,removed,whaDraftTeam,
predicate,removed,whatDoesSheNowDo,
predicate,removed,wheelchairtennismasterssinglesresult,
predicate,removed,wheeldiamter,
predicate,removed,wheigt,
predicate,removed,whereForSale,
predicate,removed,wiaaConference,
predicate,removed,wicket,
predicate,removed,wicu,
predicate,removed,wideReceiversCoach,
predicate,removed,wife'sName,
predicate,removed,wife(s)_,
predicate,removed,wifeNames,
predicate,removed,wikimapia,
predicate,removed,wikipediaItalia,
predicate,removed,wikiproject,
predicate,removed,willBeBuriedAt,
predicate,removed,willBeOfficiallyClosedBy,
predicate,removed,willBeOfficiallyOpenedBy,
predicate,removed,willySizeinch,
predicate,removed,wimbledonmixeddoublesresult,
predicate,removed,wimbledonproresult,
predicate,removed,windances,
predicate,removed,wineryName,
predicate,removed,wing1Name,
predicate,removed,winner(current)_,
predicate,removed,winnerOfIssJungleSeMujheBachao,
predicate,removed,winningRider,
predicate,removed,winterCapacity,
predicate,removed,wissname,
predicate,removed,witdrawndate,
predicate,removed,withOriginalCompositionsBy,
predicate,removed,withdrawaldate,
predicate,removed,withdrawn,
predicate,removed,withdrawndates,
predicate,removed,withinMunicipality,
predicate,removed,withinUnits,
predicate,removed,wlaf,
predicate,removed,wlafstateValue,
predicate,removed,wlafstatlabel,
predicate,removed,wlafstatvalue,
predicate,removed,wmd,
predicate,removed,wnitQuarterfinals,
predicate,removed,wnitTournaments,
predicate,removed,wnitfinalfour,
predicate,removed,wnitquarterfinals,
predicate,removed,wnitsecondround,
predicate,removed,wnittourneyapp,
predicate,removed,wnittourneys,
predicate,removed,wntNickname,
predicate,removed,wolvesColors,
predicate,removed,womanOfTheSeries,
predicate,removed,women'sDean,
predicate,removed,women'sEvents,
predicate,removed,women'sLacrosseStadium,
predicate,removed,women'sMostRecentChampion(s)_,
predicate,removed,womensLeague,
predicate,removed,womensworldchampion,
predicate,removed,women’sOdi,
predicate,removed,women’sT20i,
predicate,removed,women’sTest,
predicate,removed,wonLabel,
predicate,removed,woodenSpooners,
predicate,removed,woodenSpoons,
predicate,removed,wordCount,
predicate,removed,wordNumber,
predicate,removed,workArea,
predicate,removed,workedAt,
predicate,removed,workingHours,
predicate,removed,worksAt,
predicate,removed,workshops,
predicate,removed,worldChamp,
predicate,removed,worldChampionshipWins,
predicate,removed,worldCupThird,
predicate,removed,worldDistribution,
predicate,removed,worldT20QualifierApps,
predicate,removed,worldTotal,
predicate,removed,worldWide,
predicate,removed,worldbest,
predicate,removed,worldcareer,
predicate,removed,worldcatid,
predicate,removed,worldproresult,
predicate,removed,worldteam,
predicate,removed,worldteamcup,
predicate,removed,worstTeacher,
predicate,removed,wptFinal,
predicate,removed,wptMoney,
predicate,removed,wptTitle,
predicate,removed,wrapper,
predicate,removed,wrcoach,
predicate,removed,writenBy,
predicate,removed,writer'sHelper,
predicate,removed,writerBy,
predicate,removed,writerProductionSupervisor,
predicate,removed,writerr,
predicate,removed,writingBy,
predicate,removed,writingStaff,
predicate,removed,writingSystem,
predicate,removed,wrote,
predicate,removed,wsitle,
predicate,removed,wslink,
predicate,removed,wsopFinalTableAppearances,
predicate,removed,wsopItm,
predicate,removed,wsopMoney,
predicate,removed,wtachampionsresult,
predicate,removed,wtadoubles,
predicate,removed,wtasingles,
predicate,removed,wv,
predicate,removed,wydawca,
predicate,removed,właściciel,
predicate,removed,xdesc,
predicate,removed,xxzpLzWWhlength,
predicate,removed,yapWebsitesi,
predicate,removed,yapımYılı,
predicate,removed,yayınAlNew,
predicate,removed,yeaMeanC,
predicate,removed,period,
predicate,removed,year3finish,
predicate,removed,yearAvgF,
predicate,removed,yearBegan,
predicate,removed,yearBook,
predicate,removed,yearDailySunshine,
predicate,removed,yearDebut,
predicate,removed,yearGraduatated,
predicate,removed,yearLaunched,
predicate,removed,yearMade,
predicate,removed,yearMaxC,
predicate,removed,yearMaxWindSpeed,
predicate,removed,yearOfAbandonment,
predicate,removed,yearOfActive,
predicate,removed,yearOfDeath,
predicate,removed,yearOfOrigin,
predicate,removed,yearOfPublishing,
predicate,removed,yearOfReOpening,
predicate,removed,yearOfRelease,
predicate,removed,yearOfRetirement,
predicate,removed,yearOfTelecast,
predicate,removed,yearPassed,
predicate,removed,yearPrecipationDays,
predicate,removed,yearPrecipitationInche,
predicate,removed,yearRecordHighMinimumC,
predicate,removed,yearRecordLowMaximumC,
predicate,removed,yearRecorded,
predicate,removed,yearSnowfallInch,
predicate,removed,yearWindAverage,
predicate,removed,yearclosed,
predicate,removed,yearopened,
predicate,removed,years307&nbsp;bc,
predicate,removed,yearsAct,
predicate,removed,yearsActiv,
predicate,removed,yearsAtLarge,
predicate,removed,yearsEndActive,
predicate,removed,yearsInFinance,
predicate,removed,yearsOfTerm,
predicate,removed,yearsPlaying,
predicate,removed,yearsofoperation,
predicate,removed,yearssActive,
predicate,removed,yearssactive,
predicate,removed,yerbook,
predicate,removed,yesrs,
predicate,removed,yinyuetai,
predicate,removed,yogaGuru,
predicate,removed,yotuhclubs,
predicate,removed,young,
predicate,removed,youngestWinner(s)_,
predicate,removed,youth(15–24)LiteracyRateFemale(2008)_,
predicate,removed,youth(15–24)LiteracyRateMale(2008)_,
predicate,removed,youthCoordinator,
predicate,removed,youthOdi,
predicate,removed,youthOfTheDpt,
predicate,removed,youthOlympicsApps,
predicate,removed,youthOlympicsBest,
predicate,removed,youthOlympicsFirst,
predicate,removed,youthPresident,
predicate,removed,youthTest,
predicate,removed,youthWebsite,
predicate,removed,youthWingTitle,
predicate,removed,youthassists,
predicate,removed,youthclub1s,
predicate,removed,youthclubs1LilliPilliFcUnder,
predicate,removed,youthclubsa,
predicate,removed,youthnationalteam,
predicate,removed,youthnationalteam2caps,
predicate,removed,youthnationalteam2goals,
predicate,removed,youthnationalteamcaps,
predicate,removed,youthnationalteamgoals,
predicate,removed,youthtear,
predicate,removed,youthyeaqqrs,
predicate,removed,%3E_,
predicate,removed,ysinclairPc,
predicate,removed,zdate,
predicate,removed,zditor,
predicate,removed,zellacode,
predicate,removed,zhname,
predicate,removed,zioCode,
predicate,removed,zivanStevicLeague,
predicate,removed,zona,
predicate,removed,zonaUtc,
predicate,removed,zoneMe,
predicate,removed,style%3E_,
predicate,removed,zoosubsection,
predicate,removed,"zurich,SwitzerlandFounder",
predicate,removed,´starring,
predicate,removed,áreaDeInfluencia,
predicate,removed,éditeur,
predicate,removed,élection,
predicate,removed,época,
predicate,removed,öncekiFilm,
predicate,removed,übersetzer,
predicate,removed,œuvres,
predicate,removed,šresident,
predicate,removed,žanr,
predicate,removed,γέννηση,
predicate,removed,είδοςΤέχνης,
predicate,removed,εθνικότητα,
predicate,removed,θάνατος,
predicate,removed,καλλιτεχνικόΡεύμα,
predicate,removed,λεζάντα,
predicate,removed,πραγματικόΌνομα,
predicate,removed,σημαντικάΈργα,
predicate,removed,τόποςΓέννησης,
predicate,removed,τόποςΘανάτου,
predicate,removed,όνομα,
predicate,removed,автор,
predicate,removed,активниГодини,
predicate,removed,вид,
predicate,removed,год,
predicate,removed,заглавие,
predicate,removed,издание,
predicate,removed,издательство,
predicate,removed,место,
predicate,removed,нац,
predicate,removed,оригинал,
predicate,removed,основатель,
predicate,removed,ответственный,
predicate,removed,поз,
predicate,removed,поле,
predicate,removed,професија,
predicate,removed,роден,
predicate,removed,сайт,
predicate,removed,слика,
predicate,removed,ссылка,
predicate,removed,страниц,
predicate,removed,страницы,
predicate,removed,текстПоля,
predicate,removed,том,
predicate,removed,целоИме,
predicate,removed,часть,
predicate,removed,числоСотрудников,
predicate,removed,язык,
predicate,removed,מationalcaps,
predicate,removed,زعيمانديةالبترولFounded,
predicate,removed,نام,
predicate,removed,نوم,
predicate,removed,समाधीस्थान,
predicate,removed,हिन्दी,
predicate,removed,€fundingtype,
predicate,removed,アトラク%3Cnowiki%3E_,
predicate,removed,中文名,
predicate,removed,代表者,
predicate,removed,大原さやかdate,
predicate,removed,本社所在地,
predicate,removed,決算期,
predicate,removed,設立,
predicate,removed,subject,
